<?xml version='1.0' encoding='UTF-8'?>
<kml xmlns="http://www.opengis.net/kml/2.2">
	<Document>
		<name>AG ANDRONIKOS KARPAS</name>
		<Style id="PolyStyle70">
			<LabelStyle>
				<color>00000000</color>
				<scale>0.000000</scale>
			</LabelStyle>
			<LineStyle>
				<color>ff0055ff</color>
				<width>2.000000</width>
			</LineStyle>
			<PolyStyle>
				<color>00828282</color>
				<outline>1</outline>
			</PolyStyle>
		</Style>
		<Placemark id="ID_70282">
			<name>AG ANDRONIKOS KARPAS</name>
			<snippet />
			<description>&lt;html xmlns:fo="http://www.w3.org/1999/XSL/Format" xmlns:msxsl="urn:schemas-microsoft-com:xslt"&gt;

&lt;head&gt;

&lt;META http-equiv="Content-Type" content="text/html"&gt;

&lt;meta http-equiv="content-type" content="text/html; charset=UTF-8"&gt;

&lt;/head&gt;

&lt;body style="margin:0px 0px 0px 0px;overflow:auto;background:#FFFFFF;"&gt;

&lt;table style="font-family:Arial,Verdana,Times;font-size:12px;text-align:left;width:100%;border-collapse:collapse;padding:3px 3px 3px 3px"&gt;

&lt;tr style="text-align:center;font-weight:bold;background:#9CBCE2"&gt;

&lt;td&gt;3&lt;/td&gt;

&lt;/tr&gt;

&lt;tr&gt;

&lt;td&gt;

&lt;table style="font-family:Arial,Verdana,Times;font-size:12px;text-align:left;width:100%;border-spacing:0px; padding:3px 3px 3px 3px"&gt;

&lt;tr&gt;

&lt;td&gt;DIST_CODE&lt;/td&gt;

&lt;td&gt;3&lt;/td&gt;

&lt;/tr&gt;

&lt;tr bgcolor="#D4E4F3"&gt;

&lt;td&gt;VIL_CODE&lt;/td&gt;

&lt;td&gt;348&lt;/td&gt;

&lt;/tr&gt;

&lt;tr&gt;

&lt;td&gt;VIL_CCD&lt;/td&gt;

&lt;td&gt;3348&lt;/td&gt;

&lt;/tr&gt;

&lt;tr bgcolor="#D4E4F3"&gt;

&lt;td&gt;VIL_NM_E&lt;/td&gt;

&lt;td&gt;AG ANDRONIKOS KARPAS&lt;/td&gt;

&lt;/tr&gt;

&lt;tr&gt;

&lt;td&gt;VIL_NM_G&lt;/td&gt;

&lt;td&gt;ΑΓ ΑΝΔΡΟΝΙΚΟΣ ΚΑΡΠΑΣ&lt;/td&gt;

&lt;/tr&gt;

&lt;/table&gt;

&lt;/td&gt;

&lt;/tr&gt;

&lt;/table&gt;

&lt;/body&gt;&lt;script type="text/javascript"&gt;

				function changeImage(attElement, nameElement) {

				document.getElementById('imageAttachment').src = attElement;

				document.getElementById('imageName').innerHTML = nameElement;}

			&lt;/script&gt;&lt;/html&gt;

</description>
			<styleUrl>#PolyStyle70</styleUrl>
			<MultiGeometry>
				<Polygon>
					<extrude>0</extrude>
					<altitudeMode>clampToGround</altitudeMode>
					<outerBoundaryIs>
						<LinearRing>
							<coordinates> 34.14716249297499,35.52761129032899,0 34.14693253135543,35.52770598235023,0 34.14683871049102,35.52778468204905,0 34.14672113097365,35.52788330978942,0 34.14668566214088,35.52800395485163,0 34.14660888817509,35.52804312844011,0 34.14651015126739,35.52807461727987,0 34.14641384325424,35.52807425569161,0 34.14634184571831,35.52804238006877,0 34.14591604469515,35.52777730415958,0 34.14576091245755,35.52768072853231,0 34.14560828222672,35.5276163392459,0 34.14547843895922,35.52761404674073,0 34.14524543221104,35.52764014654917,0 34.14487921444944,35.52770979642038,0 34.14484126755414,35.5277094311133,0 34.14448848682829,35.52754352527922,0 34.14436852219212,35.52749416257176,0 34.14423976487559,35.52748773592318,0 34.14416173865383,35.5275081829168,0 34.14404707359619,35.52749893471701,0 34.14392467772259,35.52746196664231,0 34.14398219972443,35.52732211125032,0 34.14397167525046,35.52722574145252,0 34.14374398285587,35.5269486668059,0 34.14367574508614,35.52694921028486,0 34.14358806833184,35.52682549145386,0 34.14346900789088,35.52671416724235,0 34.14338576456536,35.52669028274364,0 34.14330034131358,35.52668946124969,0 34.14294800739501,35.52679708469743,0 34.1428333774161,35.52680469183898,0 34.14262082606332,35.52677393668879,0 34.14248728073316,35.52672971823534,0 34.14240330841056,35.52667087528821,0 34.14232788540519,35.52645460756295,0 34.14220977320596,35.52636039762415,0 34.14220154018201,35.526353750166,0 34.14191747839513,35.52626143506646,0 34.1417866965478,35.52630441027815,0 34.14165441218628,35.52634787815768,0 34.14142639829021,35.52638109938178,0 34.14126276538634,35.52644277307732,0 34.14119624169361,35.52643119549293,0 34.14117850514042,35.52636779437405,0 34.14122576978104,35.52627603914856,0 34.14132509620564,35.52608321436687,0 34.14127709510055,35.52593312508629,0 34.14113133924195,35.52570925545819,0 34.14082935753723,35.52547230678437,0 34.1406731003244,35.5253999645283,0 34.14085002083725,35.52479599245292,0 34.14086399476602,35.52461456824595,0 34.14086834596578,35.52460278145844,0 34.14091975778396,35.5244618946711,0 34.14090058445319,35.5244068404161,0 34.14093298410017,35.5243451208329,0 34.14087320612065,35.52430783749868,0 34.1407324023393,35.52431766132958,0 34.14066023803973,35.5243093643039,0 34.14066839775531,35.52428203118095,0 34.14063663245509,35.52424726687223,0 34.14063824896393,35.52420412479569,0 34.14059940178912,35.52420009118643,0 34.14059504903994,35.52413082214927,0 34.14056039404422,35.52410827871756,0 34.14055426925078,35.52406009682423,0 34.14052379907546,35.52404181927443,0 34.14049686169122,35.52396926228753,0 34.14049801454821,35.52390254140543,0 34.14047529370767,35.5238317381077,0 34.14044900139187,35.52379432266638,0 34.14045785356257,35.52375398187931,0 34.1404029295412,35.5237069689282,0 34.14044811217484,35.52366781500132,0 34.14046421041323,35.5235342437086,0 34.14041586488094,35.52352384210095,0 34.1404122696964,35.52349446605574,0 34.14034892313195,35.52344824744087,0 34.14032664991623,35.52333090259274,0 34.14034470685558,35.52331145684497,0 34.14031806654475,35.5232669605093,0 34.14033784351412,35.52322032996995,0 34.14031926802909,35.52319844468906,0 34.1403179682082,35.52312394360735,0 34.14026205742558,35.52298485045333,0 34.14022610459232,35.52295344236616,0 34.14019035061201,35.52289961456384,0 34.14020143040003,35.52281504528174,0 34.14018013703176,35.522793364127,0 34.14020024917063,35.5227378518154,0 34.14016547825826,35.52271423321239,0 34.14016433941867,35.52265040008953,0 34.14012491169338,35.52262171337149,0 34.14012747145483,35.52258779520257,0 34.1401033546383,35.52252713372486,0 34.14006888948497,35.52252036995974,0 34.14006408737819,35.52249754868357,0 34.14002951932115,35.52248639208317,0 34.14000678473031,35.52244589383286,0 34.13997201754074,35.52243016504289,0 34.13995783748148,35.52237909579245,0 34.13999074797753,35.52237376903711,0 34.13999209401516,35.52235770521175,0 34.13995883898698,35.52234061829851,0 34.13995772264475,35.52231632822497,0 34.13992988102754,35.52229793553894,0 34.13993696752321,35.52224039138981,0 34.13999033712522,35.52224446911665,0 34.13996386129802,35.52220696425734,0 34.13997187629516,35.52216573101757,0 34.13994885245714,35.52210523852895,0 34.1399302662205,35.52211375024532,0 34.13987830899026,35.52205782946349,0 34.13983372307273,35.52205680877412,0 34.13980367159001,35.52194831768659,0 34.13977033926914,35.52192029156998,0 34.13974842587402,35.52192623357273,0 34.13970575040293,35.5219060955088,0 34.1396803140735,35.5218857972346,0 34.13971354310907,35.52185544858924,0 34.13974918732819,35.52186991367061,0 34.1397666409832,35.52184024945434,0 34.13975276071895,35.521805765614,0 34.13972266751165,35.52178811068109,0 34.1397106039441,35.52176141124927,0 34.13966833199955,35.52176996378277,0 34.13962707801265,35.52174470103201,0 34.13958827061635,35.52176936203497,0 34.13954034744332,35.52173447608638,0 34.1395128643787,35.52176217107135,0 34.13948118959591,35.52174282757874,0 34.13942124652112,35.52175638601261,0 34.13934701411012,35.52176048244929,0 34.13932197929685,35.52174565024459,0 34.13926442089065,35.52172941640639,0 34.13920584863225,35.52174332140018,0 34.13909546525942,35.52171143617864,0 34.13904840078629,35.52163977732722,0 34.13901264254935,35.52162432709952,0 34.13893008638671,35.52150995587149,0 34.1388922267188,35.52149004152417,0 34.13888196493856,35.52145507456547,0 34.13880384795102,35.52137123945647,0 34.13878360555891,35.52128623867299,0 34.13876026302831,35.52119678322794,0 34.13875915034197,35.52112254440372,0 34.13877361553175,35.52103919334529,0 34.13883229141276,35.52093713762854,0 34.1388862112264,35.52087207165172,0 34.13893420229279,35.52067461047366,0 34.13895423578344,35.5205502241599,0 34.13895590758015,35.52045927792445,0 34.13888928554795,35.52035874331547,0 34.13883573878523,35.52029700570164,0 34.13878424875294,35.5202609859392,0 34.13871941672417,35.52022876668808,0 34.1386988935575,35.52022438369009,0 34.1385541937705,35.52025370780922,0 34.1385046793138,35.52025147764375,0 34.13845273165876,35.5202345631408,0 34.13842006957605,35.5202041076329,0 34.13840900296093,35.52014654832056,0 34.13842039759239,35.52007541895149,0 34.13841851568502,35.51999930096395,0 34.13839213147924,35.51991946388007,0 34.13834803622383,35.51986597828937,0 34.13820550968013,35.51977941856457,0 34.13782907884506,35.51958759902667,0 34.13776371808602,35.5195714362527,0 34.13768078461806,35.51953355582415,0 34.13763693310547,35.51949432520725,0 34.13754839108186,35.51944178939795,0 34.13743492203323,35.51941369821245,0 34.13721867863751,35.51935687841262,0 34.13715544270385,35.51937315982133,0 34.13709840040236,35.51937515410298,0 34.1370751010753,35.51937596861357,0 34.1370119951386,35.51936301350162,0 34.13695339691431,35.51932956914577,0 34.13690653444085,35.51929341571267,0 34.13688713883711,35.51925272132183,0 34.13687674637351,35.51923091787533,0 34.13687246123413,35.51912217678016,0 34.13677453847659,35.51897574383958,0 34.13663622939417,35.51890636075913,0 34.13661196971844,35.51891286417437,0 34.13660833964919,35.51893594533243,0 34.1365643279793,35.51897850360805,0 34.13650210896124,35.51901091723892,0 34.13645530495476,35.51901016494105,0 34.13645262986888,35.51901012164841,0 34.13643078749359,35.51899674227128,0 34.13640907523499,35.51898344278047,0 34.13636357553904,35.51893194169982,0 34.13629219059673,35.5187794314654,0 34.13626322281402,35.51868239812181,0 34.13625475633508,35.51864274800559,0 34.13619330608184,35.51857677635093,0 34.13615330303067,35.5185621709924,0 34.13613554933021,35.51852897508055,0 34.13610514328226,35.51851338432127,0 34.1360927267336,35.51846785170924,0 34.13606926532557,35.51841192937892,0 34.13599749759982,35.51837026622309,0 34.13594542581519,35.51838267804695,0 34.13591591012635,35.51830860659328,0 34.135884970937,35.51829475848998,0 34.13587665369341,35.51829103516544,0 34.13587834191109,35.51827181722716,0 34.13588137739332,35.51823727183644,0 34.13616188468487,35.5180712651333,0 34.13619600406993,35.51804027634684,0 34.13623745638728,35.51803163992837,0 34.13632508303491,35.51797208348315,0 34.13635002721049,35.51791373673364,0 34.13637825534761,35.51780603399608,0 34.13635074276883,35.51765517256315,0 34.13629913698434,35.51751789706181,0 34.13625138591132,35.51742094330595,0 34.13604470727188,35.51726161191753,0 34.13584600420813,35.5171248960044,0 34.13578925511951,35.51702739768469,0 34.13575116703965,35.51691304249159,0 34.13574646466405,35.51684052999239,0 34.13580979749464,35.51680917880277,0 34.13581191718814,35.51677974154472,0 34.13568453981014,35.51670442299941,0 34.13564057713195,35.51669891273315,0 34.13559147891963,35.51662573666655,0 34.13539237476904,35.51655673608229,0 34.13538869034628,35.51652744179147,0 34.13551688707934,35.51649503852503,0 34.1355562430171,35.51638973678345,0 34.13554638514525,35.51633727159454,0 34.13551552018738,35.5162945083065,0 34.13548236402037,35.51627777609169,0 34.13546991998587,35.51625035693643,0 34.13548930242757,35.516233315786,0 34.13553201266767,35.51625112432679,0 34.1355666832223,35.51623582383831,0 34.1356015434942,35.51612841121559,0 34.13558157404744,35.51608976160991,0 34.13551021518012,35.51607320520202,0 34.13550147537816,35.51602584071298,0 34.13543465339438,35.51600924245002,0 34.13543293245942,35.51598629821084,0 34.1354694934374,35.51595878185538,0 34.13546113787275,35.51588531320061,0 34.13545682288155,35.51584858106557,0 34.13543066705337,35.515801557171,0 34.13542268565647,35.51576710106353,0 34.13533584020518,35.51559399962949,0 34.13520317737924,35.51559864254104,0 34.13513579026313,35.51555424543555,0 34.13503410400294,35.5154330320831,0 34.13500772062223,35.51534170266073,0 34.13484200970939,35.51529947615447,0 34.13472012245676,35.51520679375021,0 34.13458982053243,35.51506127003852,0 34.13460283934229,35.51501684090326,0 34.13466874997712,35.51500627151751,0 34.13466798315989,35.51498914694937,0 34.13457507542162,35.51494776647524,0 34.1345602812392,35.51482834367516,0 34.13451367680765,35.51467997581164,0 34.13439749536503,35.51464455263398,0 34.13441780506973,35.51459368640725,0 34.13437488581508,35.51452466252815,0 34.13418754824428,35.5144119572592,0 34.13403341066217,35.51420619827073,0 34.13394672434008,35.51414385961188,0 34.13394812168045,35.51411074917829,0 34.13383279655126,35.51404230932339,0 34.13379620091114,35.51391815224518,0 34.13361289110699,35.51365292284846,0 34.13356155024671,35.51354235607015,0 34.13357911931666,35.51350227717421,0 34.13372677682703,35.51340618058725,0 34.13389282492856,35.51338184948916,0 34.13395389324133,35.51335069361122,0 34.13403001305642,35.51321498674621,0 34.13403235795167,35.51318357084345,0 34.13405244099068,35.51316158604678,0 34.13404955785831,35.51313936832706,0 34.1340327906365,35.51312490338047,0 34.13394073931205,35.51310450275444,0 34.13390214702686,35.51310737384848,0 34.13387058674643,35.51312758190541,0 34.13382616214018,35.51313328829119,0 34.13371668571187,35.51313206587766,0 34.13367905446263,35.5131411179521,0 34.13361377542238,35.51313221831739,0 34.1335662505164,35.5131411830796,0 34.13352055532377,35.51313147294965,0 34.13348385945178,35.51313782400923,0 34.13345928683037,35.51313105727353,0 34.13333726596041,35.51315973113465,0 34.13319960453929,35.51311777953168,0 34.13314892928846,35.51305851244863,0 34.13308056825422,35.5128380411535,0 34.13286591694654,35.5126138181803,0 34.13285429543988,35.51257508607303,0 34.13256506390923,35.51232464671997,0 34.13240046643612,35.51224876822589,0 34.13226062656626,35.5121682642046,0 34.13218560718466,35.51216187699368,0 34.13186070849704,35.51187283567665,0 34.13181101827745,35.51185150053283,0 34.13176907821073,35.51175474357277,0 34.13165464090506,35.51173544800357,0 34.13159655536521,35.51167364591941,0 34.13159384731573,35.51163195943693,0 34.13162747501156,35.51160715670604,0 34.13160269532298,35.51152997432568,0 34.13138904962246,35.51140987919849,0 34.13134000109188,35.51135803894586,0 34.13116671116457,35.51125595581382,0 34.13111096494445,35.51119718152652,0 34.13105383396451,35.51108737720474,0 34.13104326857202,35.51100880500881,0 34.13115072678478,35.51093998670068,0 34.13136437988869,35.51084496942912,0 34.13143438455943,35.51085032715476,0 34.13152158963187,35.5108308550711,0 34.13164605015667,35.51074411502987,0 34.13161441218998,35.51065703587703,0 34.13143214283178,35.51043599350272,0 34.13122435703767,35.51033351294328,0 34.13096367646774,35.51025852713555,0 34.13090122315993,35.51021049054832,0 34.13075026179635,35.51009437878761,0 34.13041515773432,35.51016891113215,0 34.13021924719105,35.51015808912819,0 34.13004496387497,35.5100215634594,0 34.13000874393332,35.50989801534409,0 34.13003210349945,35.50981885393477,0 34.13009442109632,35.50974462174896,0 34.13024977402844,35.50967885164444,0 34.13023325730727,35.50959037310634,0 34.13009254942075,35.50946537409377,0 34.12982101656449,35.50940331556454,0 34.12972178430417,35.50932457863421,0 34.12972823549246,35.50902883230938,0 34.12952215132441,35.50870232052772,0 34.12946987965699,35.50854078783498,0 34.12928553172112,35.50833930788514,0 34.12928021569547,35.50830248478315,0 34.12934059770631,35.50817703969753,0 34.12931412156961,35.50812803361231,0 34.12915730869684,35.50802426279673,0 34.12901754381765,35.50798914336868,0 34.12858996956299,35.50800587255741,0 34.12831087160183,35.50798827551689,0 34.12828133110581,35.50798641305023,0 34.12815230060327,35.50792158737841,0 34.12813328421365,35.50790346262751,0 34.12801564577668,35.50779134026563,0 34.1279999955651,35.50768966011071,0 34.12808425289016,35.50736867994326,0 34.12806569355482,35.50727832923453,0 34.12792218000258,35.50713818591863,0 34.12770356762923,35.5069843877755,0 34.12765941618083,35.50697851938928,0 34.12759889439874,35.50700949843823,0 34.1275439123111,35.50699843794339,0 34.1275002563945,35.50695587043923,0 34.12748260485665,35.5068271114639,0 34.12741260025866,35.50678703261546,0 34.12723221651714,35.5067417942184,0 34.12705649702188,35.50664815297721,0 34.12649385695273,35.50617116497929,0 34.12626748845035,35.50584642840764,0 34.12623952572521,35.50571910660393,0 34.12623969950495,35.5054883418043,0 34.12634670327821,35.50528537866596,0 34.12631474495543,35.50526934738531,0 34.12622401424247,35.50518549703872,0 34.12609375716324,35.50510327020508,0 34.1259906989415,35.50505838419522,0 34.12586229670519,35.50504702218204,0 34.12571320012694,35.50505074705676,0 34.12559944576987,35.50505243673059,0 34.12557684638952,35.50508400907942,0 34.12556588886422,35.50509931617562,0 34.12543982949783,35.50522924418427,0 34.12538296403147,35.50523058225685,0 34.12526392304008,35.5051928432872,0 34.12481284548142,35.50494037101316,0 34.12464410966847,35.50484592649482,0 34.12421574718856,35.50468240986564,0 34.1241362049037,35.50461882022719,0 34.12377954128639,35.50448253618599,0 34.12344207252438,35.5042446855426,0 34.12327213377266,35.50383497243227,0 34.12321450055816,35.50380374648918,0 34.12297290695405,35.50375988088224,0 34.12278642731287,35.50366372959001,0 34.12260534745863,35.5035042702878,0 34.12245698019647,35.5033467478555,0 34.122129375684,35.50312297361619,0 34.12205689163316,35.50309114528199,0 34.12181743659372,35.50298599723355,0 34.12157566168918,35.50291126468553,0 34.12132329275356,35.50279140847829,0 34.12123273667576,35.50282984864825,0 34.1212246930957,35.50283645149709,0 34.12103406725751,35.50299293960475,0 34.12066364349599,35.50305686546972,0 34.12058689222409,35.50305740088125,0 34.12043682033947,35.50305772136151,0 34.12040965133315,35.50304846321798,0 34.12003994894994,35.50285560652507,0 34.12002774069604,35.50284923774714,0 34.11945382994885,35.50269585365555,0 34.11913755054447,35.50255137571183,0 34.11908870600885,35.50250032693856,0 34.1190562375565,35.50238218964088,0 34.11905779922236,35.50227189970858,0 34.11918100145968,35.50210260277953,0 34.11917953379963,35.50206744239198,0 34.11915962337068,35.5020581166214,0 34.11905183723481,35.50210829125746,0 34.1188979820239,35.50222843353858,0 34.11885333009341,35.50228160957951,0 34.11871980129309,35.50232134500853,0 34.11865977281865,35.50231096352739,0 34.11841996400905,35.50226949035437,0 34.11831009894648,35.50218422862308,0 34.1181338814738,35.50204747332517,0 34.11808984980891,35.50198893211103,0 34.11799962472048,35.50183427206866,0 34.11790433100476,35.50177584802334,0 34.11780839365772,35.50178598250262,0 34.11770196335485,35.50186261356264,0 34.11735007942133,35.5017737345565,0 34.11716319074385,35.50168655153664,0 34.11700651814745,35.50125488584121,0 34.11695395462994,35.50118089925096,0 34.11684705452542,35.5009198801037,0 34.11677860872779,35.50083042639223,0 34.11673532007739,35.50071516546182,0 34.11608495920093,35.50045148070423,0 34.11606878542125,35.50045048658682,0 34.11605617579044,35.50044971185808,0 34.11604304348388,35.50027205066661,0 34.11607681783599,35.50019290444934,0 34.11626373431249,35.50006370011211,0 34.11633868701387,35.49999591399818,0 34.11646042445579,35.49975157869299,0 34.116556184946,35.49938957957858,0 34.11659459721428,35.49921899964083,0 34.11667243404283,35.49910596583464,0 34.11667977788098,35.49901639903271,0 34.11655005829424,35.49863678800038,0 34.11642437946263,35.498394021252,0 34.11640402393918,35.49831874938995,0 34.11631094371536,35.49810551378621,0 34.11621203414104,35.49793620449431,0 34.11617733955991,35.49791020219265,0 34.11639866703152,35.49777653781553,0 34.11642975921627,35.49769727930306,0 34.11645107929463,35.49753212201753,0 34.1166420030297,35.49737241525666,0 34.11665405075598,35.49731263694424,0 34.11665312794553,35.4972459602784,0 34.11662809284487,35.49714265272633,0 34.11663343675139,35.49706363336965,0 34.11669461706052,35.4969876068529,0 34.11672842120282,35.4967942558264,0 34.11671259980414,35.49673649119389,0 34.11669579230306,35.49645235403803,0 34.11675656534988,35.49630648879442,0 34.11678795980913,35.49610230300646,0 34.11679019233886,35.49591037982107,0 34.11688941101282,35.49566158822255,0 34.11690042392888,35.49539762141526,0 34.11692209648943,35.495197522826,0 34.11696909569624,35.49506115756875,0 34.11689500131706,35.49500587201957,0 34.11678207862318,35.49497093573293,0 34.11673214696342,35.4948954365281,0 34.11684108582448,35.49464255680935,0 34.11710110885465,35.49435629471311,0 34.11724403979396,35.49408710815398,0 34.11750223276938,35.49366893013783,0 34.11755262246952,35.49342458746779,0 34.11753897197376,35.49314485724629,0 34.11759563349737,35.49300040590465,0 34.11754520411358,35.49288892999448,0 34.11735324804366,35.4927947574641,0 34.11725987972424,35.49275964049071,0 34.11700655870703,35.4924701348618,0 34.11683777015981,35.49228379384345,0 34.11681711237028,35.49220402548401,0 34.11686411015017,35.49206766022976,0 34.11685839219787,35.49200774437401,0 34.11679885326618,35.49194432765517,0 34.11668549241083,35.49187741180359,0 34.11662595371168,35.49181399499385,0 34.11658013797692,35.49168248694499,0 34.11650532694459,35.49157523435409,0 34.11639762910968,35.49156423645023,0 34.11630442852062,35.49154111164165,0 34.11625483237879,35.49148959712941,0 34.1162045164078,35.49138611497625,0 34.1162572311348,35.4913096667448,0 34.11637282454699,35.49118466058612,0 34.11657719191747,35.49076298335811,0 34.1166711865822,35.49049025206882,0 34.11673778987002,35.49035770354068,0 34.11687411238697,35.4899646417932,0 34.11741231461393,35.4899996383805,0 34.1177072945901,35.49012084280125,0 34.11778018265207,35.48973636309871,0 34.11827244307807,35.48998367314108,0 34.11817273673074,35.49019648888365,0 34.11832991984451,35.49025100361212,0 34.11816777933588,35.4905443576139,0 34.11828997381966,35.49054322510737,0 34.11837278842051,35.49052246760855,0 34.11857407291605,35.49058456863158,0 34.11880079306798,35.49071839762347,0 34.11938754614662,35.49072894707228,0 34.11935511536991,35.49050536275126,0 34.11915700000704,35.49031929610313,0 34.11871110714478,35.49024347167414,0 34.11843040141355,35.49009415209443,0 34.11847789390951,35.48999376235156,0 34.11858875915929,35.48988079240121,0 34.11870139834722,35.48989573981201,0 34.11925131695703,35.49007054793414,0 34.11920472191661,35.48988307567088,0 34.11907514727866,35.48970436936516,0 34.11870307245673,35.48966384272398,0 34.11893908885935,35.48905796262528,0 34.11922701763927,35.48902330861109,0 34.11941746970425,35.48900954731387,0 34.1194505739101,35.4889292814787,0 34.11938659096018,35.48889789071551,0 34.119449520427,35.48885332981281,0 34.11956428179276,35.4883165385446,0 34.12009208786601,35.48830764177495,0 34.12033585842016,35.48826140148291,0 34.12109448112081,35.48836605479208,0 34.1216139693747,35.48842543710555,0 34.12195354836746,35.48859019361899,0 34.12220337369133,35.48862785009218,0 34.12223597470685,35.48851160656343,0 34.12286975291999,35.48838976888501,0 34.12396028101672,35.48835435358851,0 34.12424737826138,35.48841533121595,0 34.12454276248312,35.48842699661083,0 34.1248552179445,35.48905278899622,0 34.12490888049455,35.48920158689891,0 34.12490325164553,35.4893671654453,0 34.1249771620331,35.4895449855936,0 34.12530118752627,35.48973020904178,0 34.12561668923942,35.4898733186691,0 34.12607506760169,35.48973272560352,0 34.12618192943618,35.48971225477349,0 34.12618490104526,35.48964082352631,0 34.12626484815794,35.48968227063142,0 34.12634551999861,35.48977564008574,0 34.12651768072416,35.48988438317732,0 34.12676149030101,35.4900086856932,0 34.12686012318211,35.49025133030791,0 34.12686995789739,35.49038741009772,0 34.12682027826798,35.49052418902617,0 34.12675102968497,35.49068062592056,0 34.12673050703475,35.49091612382378,0 34.12659010587611,35.49109269849913,0 34.12654394030022,35.4911969887721,0 34.12648571977947,35.49143283950512,0 34.12639859189309,35.49158781988195,0 34.12643169448683,35.49168487889691,0 34.12652524647989,35.49184790907675,0 34.12657689915861,35.49185229469226,0 34.12661301865772,35.49188116847188,0 34.12676475537027,35.49194790940967,0 34.12686895675569,35.49187877832153,0 34.1270828708378,35.49163678906012,0 34.12732106303157,35.49157271310231,0 34.12734541477689,35.49161143242861,0 34.1275165688578,35.49163899185466,0 34.12742895846701,35.4917680642651,0 34.12728687744017,35.49228604970649,0 34.12745958261558,35.49230699630818,0 34.12758591083509,35.4924637410274,0 34.12775908933388,35.49251852377662,0 34.12811100260043,35.49253215477861,0 34.12851603071911,35.49239864330811,0 34.12877108921106,35.49239061701721,0 34.12886696450634,35.49283529331741,0 34.12900011210333,35.49298633238729,0 34.12878142309116,35.49312938290907,0 34.12863042767174,35.49318155745082,0 34.12859157761035,35.49336240649107,0 34.12868874856206,35.49340661821435,0 34.12878068039014,35.49356932371061,0 34.12877591446155,35.49372165322675,0 34.12886024086884,35.49383366696266,0 34.1288094137026,35.49414435267131,0 34.12862917842558,35.49407835686556,0 34.12839511114996,35.49408510051654,0 34.12826354536286,35.49407049606062,0 34.1280224299157,35.49408967159518,0 34.12790504475691,35.49407948841623,0 34.1277596030076,35.49403572638782,0 34.12757341851914,35.49403746659768,0 34.12714477814347,35.4939625101466,0 34.12698554624843,35.49391887510862,0 34.12687371852908,35.49381275632437,0 34.12667937763603,35.49372432895927,0 34.12648334157713,35.49370201462965,0 34.12637509974958,35.49366512837798,0 34.12627682771046,35.4935419615167,0 34.12539110869019,35.49333025955083,0 34.12509996972776,35.49330242720175,0 34.12495628670528,35.49330611398696,0 34.12473554576206,35.49330253168676,0 34.12485017805716,35.49311533697706,0 34.12470552674876,35.49312796704925,0 34.12451855716851,35.49307330755284,0 34.12432461341157,35.49301307243608,0 34.1242209433255,35.49299711842308,0 34.12420597314249,35.49291265492423,0 34.12436095850433,35.49265176319892,0 34.12435907268216,35.49251641580271,0 34.12432380904273,35.49246034302703,0 34.12384197909914,35.49252687386473,0 34.12377960381235,35.49250489448375,0 34.12228677456527,35.49227626240344,0 34.12237907784856,35.49197083362515,0 34.12142419526312,35.49174282463819,0 34.12122328283432,35.49167701072289,0 34.12131676493849,35.49145617478196,0 34.12101767147942,35.49127282796417,0 34.120529338861,35.49161577458433,0 34.12047530944805,35.49169805923901,0 34.12018436515854,35.49160487804333,0 34.12058156939287,35.49115561486767,0 34.12043468819597,35.49100751398736,0 34.1201984019556,35.49087716399951,0 34.11986909532109,35.49124965318227,0 34.11951452287169,35.49129242507796,0 34.11917287449916,35.49152120133877,0 34.11891111699348,35.49154337025198,0 34.11865136097394,35.49146117584342,0 34.1186085024773,35.49135440974471,0 34.11836191247193,35.49122697183975,0 34.11743448218367,35.4924820450881,0 34.11811757143801,35.49275490540256,0 34.11830348004255,35.49273344214145,0 34.11841862695294,35.49283107775296,0 34.11823995521105,35.49312602348862,0 34.11845892831017,35.49325089741154,0 34.11868472778448,35.49312190031947,0 34.11893900813249,35.49305750058346,0 34.11904217014366,35.49303680266153,0 34.11955835254219,35.49370601528816,0 34.11969994548176,35.49396979010775,0 34.11999536728074,35.49388808534666,0 34.12012955371312,35.49436343502089,0 34.11991116205548,35.49428085941237,0 34.11962341222895,35.49466706290477,0 34.11927497750838,35.49465619510193,0 34.11920998131916,35.4944452914274,0 34.11920414760761,35.49427332024733,0 34.11875592188554,35.494277477409,0 34.11886483186579,35.49467128004775,0 34.11939560374317,35.49514859142235,0 34.11954511725343,35.49523744743114,0 34.11940782548911,35.49528384211284,0 34.11932895337934,35.49531559565396,0 34.11893639646237,35.49535589822919,0 34.11888487261405,35.49537047597477,0 34.11904868541363,35.49549586116616,0 34.11947610913635,35.4957316031752,0 34.11968071214476,35.4958143074898,0 34.1202816340573,35.49612739895483,0 34.12017717346852,35.49630321428641,0 34.11976545440942,35.49620551329091,0 34.11941823675163,35.49578572229703,0 34.11901020386793,35.4957049045404,0 34.11884360734754,35.49562748694294,0 34.11849889017858,35.49563632358303,0 34.11869600358909,35.49716862426968,0 34.11889203184709,35.497130145232,0 34.11910749063885,35.49724941096529,0 34.11887279111288,35.49723466687404,0 34.11891042472676,35.49795908077542,0 34.11890171581329,35.49832577321703,0 34.12002911433683,35.49855501996138,0 34.12026048824711,35.49857825221773,0 34.1202906200925,35.49851311057316,0 34.12100695828455,35.49844441391989,0 34.12105049003287,35.49859911451514,0 34.12156511581138,35.49865637300906,0 34.12155955092794,35.49850414071432,0 34.12183645364224,35.49832954011762,0 34.12181999702991,35.49838609540429,0 34.12174225984261,35.4984996218535,0 34.12206018876567,35.49854742634802,0 34.12216782367154,35.49860000731677,0 34.12239120350704,35.49854434721988,0 34.12255224699887,35.49871769412361,0 34.12275270728208,35.49874967060281,0 34.12285215258043,35.49870926286988,0 34.12280297675777,35.49864485873105,0 34.12281931390482,35.4985798448585,0 34.12284968022374,35.49853162045585,0 34.12291123471687,35.49849438638805,0 34.12304539561118,35.49847057721538,0 34.12310706882774,35.49844180241629,0 34.12325145626202,35.4984094373395,0 34.12335771757714,35.4983633263184,0 34.12347467660395,35.49834249610025,0 34.12362443611332,35.49844826556606,0 34.12363067249552,35.49864843325184,0 34.12391889648686,35.49854422550244,0 34.12406622119027,35.49847517094421,0 34.12441193188723,35.49853681115771,0 34.12452596519276,35.49880083674643,0 34.12457695047239,35.49899494691542,0 34.12460760065221,35.49921462802966,0 34.12466313524657,35.49948765832159,0 34.12452936624306,35.4995396672152,0 34.1245334826157,35.49958757060752,0 34.12444830154922,35.49966168685008,0 34.12422722884961,35.49963554561901,0 34.12410239876153,35.49983411528703,0 34.12407352567662,35.49998948842744,0 34.12420874958481,35.50004181046742,0 34.12421922176657,35.50029834081325,0 34.12428874537216,35.50058534165485,0 34.12426324208996,35.50073504400535,0 34.12458141702173,35.50079976038666,0 34.12489754788091,35.50071785047548,0 34.12518385039735,35.50047547356116,0 34.12549026404871,35.50043877433396,0 34.12583543326638,35.50046093413202,0 34.12587318188593,35.50069464846982,0 34.1258491375407,35.50094868056681,0 34.1262900707748,35.50091354398748,0 34.12705414709733,35.50080488522631,0 34.12722056501094,35.50086819214172,0 34.12746609497452,35.50091665961043,0 34.12769056077399,35.50118528925975,0 34.12784259665469,35.50120642921861,0 34.12792375760314,35.50133821409347,0 34.12846729285632,35.50148823590668,0 34.12898050581126,35.50168929999646,0 34.12927114221925,35.50175708179454,0 34.12960299847384,35.50181319631088,0 34.13010040952637,35.50187058020227,0 34.13039374391629,35.50188475198402,0 34.13085215845716,35.50186635581799,0 34.13136277280959,35.50175863489814,0 34.1314064460149,35.5019217897089,0 34.13154326596543,35.50184154486234,0 34.13165327286888,35.50181654212617,0 34.13166801538786,35.50188408570993,0 34.13166175170726,35.50192926602029,0 34.13162304618294,35.50199731097678,0 34.13148323148599,35.50211001531471,0 34.13144415112079,35.50215127362519,0 34.13143485424632,35.50222609262887,0 34.13145803892195,35.50228086681779,0 34.13165584002807,35.50212249702035,0 34.13178602169344,35.50206064381566,0 34.13184979491999,35.50205863496729,0 34.13202618693556,35.50209505149704,0 34.13231514451684,35.50201209191663,0 34.13247939227043,35.50195120346244,0 34.1325299813898,35.50194718104892,0 34.13261086247107,35.50205906290161,0 34.13271433628393,35.50229361425959,0 34.13284463073992,35.50235724529469,0 34.13293203815747,35.50233935753231,0 34.13316154260032,35.50233378786724,0 34.13326885937649,35.50224744604542,0 34.13329275044842,35.5021653001835,0 34.13330368961146,35.50205255624497,0 34.13342645283026,35.50187732043482,0 34.13344530705058,35.50173378146675,0 34.13362722117365,35.50160919046812,0 34.13379622965057,35.50145741394758,0 34.13400222351214,35.50126432836797,0 34.13412719228955,35.50124608666555,0 34.13435290291017,35.50126785787035,0 34.13467950091203,35.5013398814608,0 34.13532987007714,35.50157952500397,0 34.13550170958862,35.50162910845699,0 34.13565196039161,35.50162769412667,0 34.13595754852361,35.50168967149382,0 34.13641953277007,35.50189012258225,0 34.13664342864806,35.50207916256811,0 34.13688718382843,35.5021963340896,0 34.13697982182416,35.50225348819174,0 34.13704218633708,35.50223583348182,0 34.13728113088112,35.5020117120698,0 34.13736848872282,35.50199040746573,0 34.13744812416952,35.50201355086114,0 34.13753999340219,35.50201609782316,0 34.13764826759463,35.50199800989023,0 34.13776829184936,35.50192519708467,0 34.1379499106734,35.50178012228958,0 34.13802330229936,35.50165654834615,0 34.13807165213903,35.50153321059959,0 34.13806536019625,35.50138308179164,0 34.13800490712816,35.50124029031272,0 34.13802686833937,35.50102162729334,0 34.13811546116266,35.50079209516065,0 34.1382191749687,35.5007467423176,0 34.13836107614579,35.50074540340507,0 34.13855127884313,35.50061731363277,0 34.13875059845743,35.50054375147025,0 34.13913374797262,35.50048210702435,0 34.13962133146862,35.50042630127938,0 34.13970031613954,35.50040336794816,0 34.13991233652046,35.50019485559476,0 34.14000323804954,35.50012914306993,0 34.14012551340986,35.50006825333214,0 34.14068602225062,35.49985644568103,0 34.14078206127607,35.49985895076899,0 34.1409369897274,35.49989332563823,0 34.14107287661145,35.49988011269335,0 34.14136571667755,35.4997130545063,0 34.14151035800874,35.49950381046074,0 34.14163635035374,35.49942550346571,0 34.14170795832327,35.49927059534942,0 34.14174601136656,35.49906235969193,0 34.14172224064419,35.4988312394019,0 34.14199192111018,35.49847664024615,0 34.14212115767451,35.49833795133777,0 34.14219136962664,35.49837416670319,0 34.14225271835384,35.49836352741148,0 34.14234634018205,35.4983157015179,0 34.14247228349788,35.49823404130672,0 34.14255275230001,35.49812598910932,0 34.14257549709918,35.49799501294247,0 34.14271193243948,35.49778584517208,0 34.14288545244565,35.49758973810869,0 34.14336866988668,35.49725993444927,0 34.14356053264698,35.49720111807911,0 34.14374448157059,35.49716249333321,0 34.14407948797565,35.49707884928814,0 34.14436172534199,35.49703258585116,0 34.14457889505207,35.49702382006975,0 34.14487362017121,35.49699084732858,0 34.14511977161001,35.49700192334355,0 34.14513984004274,35.49697155660844,0 34.14517430736574,35.49680023580289,0 34.14529266539687,35.49676223128986,0 34.14542780022447,35.49675088991112,0 34.14552165622269,35.49671982253243,0 34.14555392720582,35.49668263513331,0 34.14565631602845,35.49667495724486,0 34.14599751269562,35.49673877393608,0 34.14653137798938,35.49680075789922,0 34.14677309610995,35.49678840206203,0 34.14698607124824,35.49677296619331,0 34.14695961770084,35.49635411389093,0 34.1470538539014,35.49634986514267,0 34.1471285956948,35.49555118153144,0 34.14717373518691,35.49555410514302,0 34.14724709393161,35.49552323223428,0 34.14729075572978,35.49542223254486,0 34.14727197540784,35.49525476940965,0 34.1473003364321,35.49523102999483,0 34.1474356124756,35.49522974349637,0 34.14752517597212,35.49518530503452,0 34.14783281066868,35.49519578984945,0 34.14831733288461,35.49524817699609,0 34.14824278678033,35.49548358453524,0 34.14842587470703,35.49567295327456,0 34.14865986667659,35.49569419539012,0 34.14873035494992,35.49517383599025,0 34.14884684731832,35.4950050850539,0 34.14896195377889,35.49473911553533,0 34.14884617346219,35.49466980895329,0 34.14854525987153,35.49455532451158,0 34.14785968685551,35.49420309682281,0 34.14784981939889,35.4940858421107,0 34.14793070612318,35.49400795683348,0 34.14799962904063,35.49395365596186,0 34.14806454808619,35.49390609878525,0 34.14806130472977,35.4936781371896,0 34.14817011977621,35.49325799773763,0 34.14823865700865,35.4928885346684,0 34.14830476420196,35.49263644328769,0 34.14848392913742,35.49226257337286,0 34.14873864637136,35.4923003831404,0 34.14879998954569,35.49228974061131,0 34.14878611738757,35.49217922881593,0 34.14862134175244,35.49212379972778,0 34.14862262555136,35.49192597035723,0 34.14881860806268,35.49129377283835,0 34.148772993703,35.49125732615936,0 34.14898714128121,35.49103735291453,0 34.14916377489385,35.49077414996585,0 34.14910147822568,35.4907177444863,0 34.14929336207944,35.49037392845964,0 34.14925594602089,35.49033740386128,0 34.1493485517407,35.49021917218587,0 34.14940984551837,35.49020517791195,0 34.14964371938932,35.48993137048684,0 34.14970157432774,35.48967600319559,0 34.14966282127148,35.48954561253603,0 34.14959709483504,35.48953618033985,0 34.14962382956639,35.48939845913894,0 34.14918433364247,35.48933894238903,0 34.1491563570782,35.48938950113482,0 34.148762380388,35.48935972466688,0 34.14802552037287,35.48914545112424,0 34.14755676234644,35.48904597300356,0 34.14709639495119,35.4889598236561,0 34.14693977724713,35.4889009617909,0 34.14693367742012,35.48876020133059,0 34.14696046413511,35.48862583298932,0 34.14709596862396,35.48835296546169,0 34.14720849798879,35.488194313023,0 34.14735582060769,35.4881761480804,0 34.14757820848479,35.48795945173028,0 34.14773858995036,35.48799480724379,0 34.14791569920248,35.48776512969798,0 34.14799314841034,35.4877342174492,0 34.14804924494234,35.48764315755763,0 34.14809209105951,35.48748516641373,0 34.14784158356221,35.48745402160209,0 34.14787694749361,35.48734639491585,0 34.14814341847489,35.48705886800436,0 34.14803589536972,35.48699283469835,0 34.14805943924766,35.48691884862647,0 34.14814174940901,35.48694153516491,0 34.14835936637527,35.48667794329128,0 34.14851425871192,35.48632777475768,0 34.14825136403177,35.48629004212511,0 34.14824921795082,35.4861391856033,0 34.14795238841021,35.4860213075368,0 34.14797478781724,35.48586686464991,0 34.14786369101168,35.48583774619737,0 34.14784653317541,35.48578426337914,0 34.14811428675449,35.48558725228654,0 34.14877332878005,35.48552062874568,0 34.14902878830095,35.48561207530551,0 34.14903493912234,35.48575618893541,0 34.14935025808486,35.48573306884203,0 34.14939839291277,35.48565884736313,0 34.14999319164268,35.48568670809843,0 34.15001601692428,35.48556243618848,0 34.15030226137074,35.48551276815702,0 34.15038566049036,35.48532421419652,0 34.15055656486037,35.48523541042489,0 34.15074033965571,35.48518671931873,0 34.15030937819839,35.48457390687189,0 34.14999787623508,35.4845768761263,0 34.14943687103982,35.48433075911879,0 34.14875138660062,35.48426687789756,0 34.14887100824011,35.48403104056104,0 34.14872221465565,35.48394528381476,0 34.14887100362586,35.48374269701142,0 34.14893639124744,35.4837286631284,0 34.14906201791559,35.48362688129967,0 34.14922762956068,35.48345431015832,0 34.14914465456542,35.48338469023827,0 34.14901011422548,35.48343626470022,0 34.1489609305526,35.48343673303917,0 34.14891208087165,35.48346066793346,0 34.14881766790254,35.48345150839583,0 34.14863079628503,35.48328229258623,0 34.148428961752,35.48321380446524,0 34.1480855311754,35.48298907976643,0 34.14763127674719,35.48286723573348,0 34.14776664703943,35.48247242406756,0 34.14753569621858,35.48237403505745,0 34.14695422084272,35.4821281017768,0 34.14678946709774,35.4820726687857,0 34.14680929323463,35.48202554082583,0 34.14640105802648,35.48185507227138,0 34.14590270280335,35.48168881189763,0 34.14550252553587,35.48150820526338,0 34.14517235805712,35.48135040265292,0 34.14427622419908,35.48088280190441,0 34.14356014316272,35.48053754180997,0 34.1434464373033,35.48046820999622,0 34.14338000674532,35.48040848860599,0 34.14311657911326,35.48004217172752,0 34.14317772396074,35.48001812269039,0 34.14328111156004,35.48008252419403,0 34.14349085471865,35.47998665675107,0 34.14354199065168,35.47997946650828,0 34.14369630181662,35.48002159078371,0 34.14374548349986,35.48002112462913,0 34.14385952829429,35.47996975122069,0 34.14394347569238,35.479963926185,0 34.14410343590135,35.47997079171244,0 34.14416310127274,35.47998699011713,0 34.14421228292687,35.47998652377273,0 34.14423098736768,35.48000478695271,0 34.14420927724465,35.48006366816955,0 34.14423624992493,35.48008688218512,0 34.14429720549522,35.48004942307499,0 34.14430252056359,35.47999069731878,0 34.14432904293571,35.47998206373874,0 34.14451442461688,35.48004736299149,0 34.14464812518072,35.48008129946439,0 34.14481964315036,35.48003608560582,0 34.14488328832753,35.48004386383059,0 34.14500064267565,35.48008130782635,0 34.14518261612458,35.4801952534512,0 34.14527552260292,35.48024298766784,0 34.14542916813273,35.48023817647546,0 34.14554077851542,35.48030417437908,0 34.1456717134742,35.48043201506587,0 34.14575368251833,35.48047551480878,0 34.14593544787092,35.48072130387582,0 34.14594030232951,35.4807278669855,0 34.146006330514,35.4807590917535,0 34.14606966702132,35.48074507891559,0 34.14614177164045,35.48077121665901,0 34.14619779275584,35.48081930139607,0 34.14623608348061,35.48091784599924,0 34.1464217306105,35.48100157938853,0 34.14655745896355,35.4810338180401,0 34.14667076349912,35.48107465259079,0 34.14674746712712,35.48113595091787,0 34.14686398904726,35.48125889799957,0 34.14698870731149,35.48138176795462,0 34.14712920085445,35.48146090019321,0 34.14720278515176,35.48144678933615,0 34.14725003747426,35.4814547221476,0 34.14759114666095,35.4816610309098,0 34.14761202066681,35.48168765497548,0 34.14760055898522,35.48174643839698,0 34.14761611917184,35.48183178741171,0 34.1478457826278,35.48183966230243,0 34.14789737213963,35.48186431771626,0 34.14794774663614,35.48194765907633,0 34.14798289430968,35.48196911804673,0 34.14805259377413,35.48197013133388,0 34.14814776578613,35.48188875803724,0 34.14819494803164,35.48189166190645,0 34.14834959785058,35.48195724669974,0 34.14856146203764,35.4820105518255,0 34.14875249861344,35.48204058509877,0 34.14895826313573,35.4820973013162,0 34.1490321805685,35.48210665593037,0 34.14905765476431,35.48216844057315,0 34.14912059062348,35.4821856175076,0 34.14934843440297,35.48213858906078,0 34.14942466611242,35.48214284799221,0 34.14949115547758,35.48210483244308,0 34.14960400944826,35.48189940276608,0 34.14973560913187,35.48194051525829,0 34.14976713868633,35.48201497827056,0 34.14989483931426,35.48199631680781,0 34.14998520352174,35.48192318428455,0 34.15003681444094,35.48191023198019,0 34.15018917205356,35.48191127188079,0 34.15036526042912,35.4818672269322,0 34.15057571214228,35.48188266499741,0 34.15064553124841,35.48186455464388,0 34.15073380615292,35.48185872866872,0 34.15080667157321,35.48184058917101,0 34.15094064311184,35.48183432631877,0 34.15109204015052,35.48176808706532,0 34.15127719683421,35.48171897101707,0 34.15146263759834,35.481689787748,0 34.15157227234268,35.48168624941566,0 34.15163090087785,35.48173802454949,0 34.15167670303984,35.48174506365832,0 34.15174343984591,35.48172449000668,0 34.15185619319256,35.48172590581734,0 34.15193748620133,35.48165784260775,0 34.15198927550171,35.48165734818942,0 34.15218998321606,35.48163051013595,0 34.1525465199304,35.48163458143354,0 34.1526229291573,35.4816512970708,0 34.15283639140797,35.4816642103522,0 34.15292739196813,35.48163592707841,0 34.15304007400192,35.48163235829718,0 34.15310996348293,35.48161923001867,0 34.1533602312559,35.48164923613268,0 34.15380497117723,35.48164249226929,0 34.15389668478338,35.48166404402152,0 34.15394270078007,35.48168603272472,0 34.15402379522308,35.48181734030752,0 34.15409922464444,35.48197860611258,0 34.15414223123914,35.48200311650427,0 34.15458401637117,35.48221570493647,0 34.15462157197058,35.48228512480718,0 34.1546471191815,35.48236711998954,0 34.15472955098388,35.48237879158195,0 34.15486631986188,35.48235505391503,0 34.1551006454395,35.48233536640713,0 34.15498521855378,35.48214706939924,0 34.1548668516926,35.48196627755897,0 34.15478320840312,35.48186988592056,0 34.15488642958981,35.48184397630356,0 34.15488539582717,35.48177171488379,0 34.15499797096225,35.48176066904616,0 34.1554034650752,35.4817792157653,0 34.15554739547193,35.48183017215309,0 34.15580935067263,35.48182517118302,0 34.15578914602918,35.48169079043217,0 34.15583726062527,35.48143364050256,0 34.15578826817349,35.48141666520064,0 34.1557911501766,35.48119234650867,0 34.15603142317195,35.48116263192316,0 34.15616258233499,35.48138566637387,0 34.15622049977033,35.4813876035067,0 34.15624482205168,35.48159670811803,0 34.15685134273685,35.4816108323467,0 34.15695024475288,35.48192139894169,0 34.15727395123627,35.48197312149347,0 34.15724694715686,35.4815771330506,0 34.15731235951165,35.48146436017474,0 34.15747346218541,35.48143789409811,0 34.15746048030748,35.48082518348846,0 34.15762964197463,35.4808557315881,0 34.15801516470733,35.48096916210552,0 34.15817808926626,35.48106977562585,0 34.15861930724122,35.48124248048288,0 34.15859163205938,35.48143713133664,0 34.15887845828339,35.48146677496089,0 34.15908313943823,35.48150468233725,0 34.1592738414105,35.48162994924176,0 34.15936458630384,35.4814525929213,0 34.15954468512547,35.4816074092974,0 34.1596518813417,35.48164625335193,0 34.15977058403173,35.48163763626043,0 34.15981627338797,35.48163325304233,0 34.15988279906275,35.48160166761294,0 34.160004583814,35.48159551274779,0 34.16009629778635,35.48161705976765,0 34.16014496893985,35.48161160766296,0 34.160294710258,35.48143073528615,0 34.16033685881913,35.48139544084329,0 34.16049924865351,35.48145867420146,0 34.16061662303397,35.4815696907774,0 34.16069726343856,35.48166860018084,0 34.16139015817483,35.48175663313958,0 34.16140052077723,35.48311224622609,0 34.16134579295111,35.48312024921825,0 34.16117339879359,35.48320913296418,0 34.16105175508859,35.48322525599613,0 34.16110913635966,35.48340164428604,0 34.16113931383224,35.48338141724617,0 34.16121834372863,35.48336819631265,0 34.16148625263261,35.48335315645059,0 34.16157184140064,35.48337227010087,0 34.16160940241295,35.48344168766954,0 34.16166173054804,35.48347856510941,0 34.16178369726159,35.48348486797654,0 34.16195057124182,35.48343591071036,0 34.1621281985452,35.48349899507071,0 34.16235593457356,35.48365629732903,0 34.16243112756014,35.48358828499308,0 34.16244539085957,35.48352086051384,0 34.16241309556135,35.48339407373616,0 34.16244960945161,35.48334749185315,0 34.16249426594258,35.48333973770873,0 34.16258426549617,35.4833718264472,0 34.16273672116046,35.48338866634929,0 34.16284436106273,35.4834022760006,0 34.16287048072802,35.48335075952949,0 34.16294726183938,35.48339762232787,0 34.16299618383953,35.48337517994451,0 34.16303046411762,35.48326865987639,0 34.16313373399713,35.48328963531365,0 34.16325374069429,35.48337351200846,0 34.16327502982866,35.48346403560943,0 34.16331995011348,35.48347458751877,0 34.16337334859445,35.48345210272634,0 34.16342274541461,35.48346261143663,0 34.16347688152945,35.48349138333056,0 34.16357941294818,35.48346110075764,0 34.1637744151576,35.48332373662085,0 34.16387742022555,35.48332640416992,0 34.16390896483265,35.48334074683746,0 34.16392029341742,35.4835054149689,0 34.16395705371565,35.48357097115228,0 34.16406021860251,35.48358462288149,0 34.16415400804106,35.48356907109702,0 34.16423347127545,35.48349140865071,0 34.16477289125191,35.48364365713635,0 34.16479717471885,35.4837752442676,0 34.16495831932754,35.48377368857322,0 34.16497285745952,35.48385044395958,0 34.16596496531741,35.4840385944387,0 34.16616308538399,35.48411723752159,0 34.16608353671744,35.48449882481678,0 34.16630835555733,35.48456622464543,0 34.16635992242539,35.48472684155931,0 34.16610107637293,35.48540309961772,0 34.16601424763269,35.48559068599031,0 34.16572451845238,35.48598895084993,0 34.16479668647885,35.48734731816855,0 34.163934650261,35.48941046657526,0 34.16458759792449,35.48979682175919,0 34.16692216308252,35.4912031937985,0 34.16829863401433,35.4920171906145,0 34.16834788104119,35.49206870661987,0 34.16840910928713,35.49206737642751,0 34.18627238690538,35.49167809425735,0 34.19478510864454,35.49145294396431,0 34.20248649458399,35.49129457722353,0 34.20369980066577,35.49351398128753,0 34.2050027148723,35.49596045316806,0 34.20924795728261,35.49869541589881,0 34.21037973127892,35.49942213945325,0 34.21021992337636,35.49942190228898,0 34.21018554609007,35.49953084147531,0 34.21005241184151,35.49950824865858,0 34.2100799536242,35.49969387195392,0 34.21010245831024,35.499693646215,0 34.21014996637337,35.49970973442163,0 34.21018350145964,35.49969467368544,0 34.21021170781506,35.49962444811969,0 34.21026294333281,35.49958896327291,0 34.21039058326722,35.49954534922947,0 34.2105288808752,35.49961206285818,0 34.21065988889332,35.49949295174131,0 34.21071445147282,35.49952921545116,0 34.21085903157564,35.49956457565403,0 34.2109287670263,35.4995620352631,0 34.21097635804608,35.49958364449869,0 34.21104387088684,35.49958296678061,0 34.21113252222975,35.49964097593789,0 34.21117007557814,35.4997436710411,0 34.21138400499643,35.49975072610805,0 34.21157612180434,35.49980401418361,0 34.21151701775798,35.49991504248577,0 34.21172846499185,35.5000564839628,0 34.21195620202513,35.50008364583169,0 34.21211881446044,35.50012066467665,0 34.21226300904176,35.50013025925027,0 34.21228576271744,35.50014659535729,0 34.21232968248778,35.50022345829883,0 34.21254402813843,35.50025811623896,0 34.21258406590744,35.50022642382192,0 34.21264935664583,35.50022760796354,0 34.21257303731892,35.49979215753512,0 34.21262037883027,35.49979720296523,0 34.21318489796283,35.49991852761158,0 34.21327771955506,35.49995440629113,0 34.21353577210103,35.49990211466116,0 34.21387105935545,35.49989690099899,0 34.21431316436868,35.50010964020021,0 34.21452095251428,35.50015724362292,0 34.21473416267554,35.50011644524489,0 34.21563384070021,35.50007425235918,0 34.21619272676516,35.50012015488103,0 34.21638490181314,35.50017711642126,0 34.21714851338531,35.50027921465387,0 34.21753666349412,35.50027568720656,0 34.21783077590874,35.5003224190453,0 34.21807292446233,35.50033675987154,0 34.2182612527823,35.50035892161858,0 34.21853059291934,35.50043259170003,0 34.21872945237666,35.50046873975393,0 34.21899174043112,35.500456550496,0 34.21906208825737,35.50086603307302,0 34.21925598084243,35.50088711135741,0 34.21961669067424,35.50089858514207,0 34.21982131136877,35.50092990352429,0 34.21994010245141,35.50068544875477,0 34.219978689995,35.50053719801612,0 34.22120597297987,35.50069648897998,0 34.22129919336402,35.50030443126066,0 34.22186271223914,35.50015563413071,0 34.22195084005612,35.50019766885848,0 34.2219974936713,35.50019719628794,0 34.22228756687278,35.50009409410726,0 34.22234595716947,35.50009827209252,0 34.22237598387371,35.50015520401624,0 34.2226733325784,35.50014742110753,0 34.2227116257266,35.49998009409474,0 34.22281666943391,35.49998379899115,0 34.22288643498288,35.49996878298939,0 34.22293214862145,35.49990631291184,0 34.22295446431562,35.49983931130996,0 34.22292947377896,35.49972986191347,0 34.22295294613092,35.49973916317851,0 34.22302625297356,35.49995782547768,0 34.22321272548606,35.49994639565712,0 34.22324843869662,35.49999373048976,0 34.22299668411183,35.50031585195806,0 34.2234587976401,35.50078813573544,0 34.22343144706578,35.50090765503205,0 34.22377061292809,35.50104333376678,0 34.22379080776138,35.50114249475488,0 34.22424123652642,35.50122854790438,0 34.22428608238012,35.50110885088919,0 34.22442350329542,35.50112668691019,0 34.22509855719247,35.50130053032785,0 34.22539257807431,35.50137902839887,0 34.22558720374399,35.50152014205754,0 34.22578800929282,35.50161515223277,0 34.22599185173215,35.50166388985399,0 34.22604578867417,35.50175873554071,0 34.22646631170588,35.50199886425813,0 34.2269122251213,35.50206770174823,0 34.22700411731628,35.50210619564827,0 34.22710155234472,35.50214388502832,0 34.22783865113857,35.50190266997408,0 34.22810217616098,35.50197153329979,0 34.22824453819602,35.50212748345024,0 34.22825182230508,35.50222280310457,0 34.22810624204383,35.50223859406552,0 34.22801692459068,35.50250183587222,0 34.22833657057085,35.50280861097091,0 34.22866732230612,35.50269554006022,0 34.2288671347991,35.50279366817769,0 34.22906438687728,35.50310645763532,0 34.22990293316789,35.50337952303563,0 34.23072753497547,35.50350582982903,0 34.23105497988498,35.50359174650316,0 34.23109164552007,35.50370107487948,0 34.23121433673604,35.50371413150131,0 34.23131800339151,35.50362721883046,0 34.23147422994959,35.50354454002306,0 34.23160391906472,35.50363384017857,0 34.23266906546873,35.50386621379717,0 34.23273649897497,35.50369858611427,0 34.23295235662723,35.50370114966635,0 34.23298392301699,35.50385822642647,0 34.23369652610367,35.50392248649387,0 34.23366548379511,35.50397841770431,0 34.2342710585506,35.50411216551694,0 34.23467974128157,35.50413660174476,0 34.23480279867331,35.50417349983248,0 34.23480382076361,35.50424026460703,0 34.2349627463736,35.50433403141238,0 34.23505759360219,35.50443322367199,0 34.23505314904788,35.50452389328527,0 34.23547429483665,35.50457497183396,0 34.23561500381967,35.50419180622921,0 34.23572015957863,35.5039889063548,0 34.23616326126398,35.50332446797513,0 34.23621678305881,35.50340136954753,0 34.23624781191892,35.50347442599975,0 34.23629273335078,35.5034780421397,0 34.23628678064865,35.50341491952987,0 34.23626272706979,35.50330918134355,0 34.23635540390292,35.50333880399289,0 34.23657668603983,35.50344586072352,0 34.23674129833081,35.50321333453926,0 34.23696741223804,35.50346641210914,0 34.23719825316914,35.50363594671135,0 34.2373502772283,35.50368732166163,0 34.23875998143448,35.50403248212813,0 34.23875885017802,35.5039588219158,0 34.23843222099465,35.50380991995947,0 34.23814861078711,35.50372442521616,0 34.23809951269361,35.50365616840039,0 34.23798945544678,35.50352959952194,0 34.23797443088257,35.5033332954636,0 34.2381709489056,35.50322322634026,0 34.23842302272079,35.50321081569454,0 34.23859755508054,35.50323358108054,0 34.23865137738269,35.50321829425748,0 34.23875128138483,35.50307483581896,0 34.23869712960911,35.5026775633893,0 34.23873615046341,35.50248070444889,0 34.2386983847661,35.50236812802297,0 34.23873275695192,35.50225972284912,0 34.23885705825126,35.502140571972,0 34.23892221061354,35.50208096520741,0 34.23897924616173,35.5018839202631,0 34.23898200881012,35.50167269942416,0 34.23905241231017,35.5015639240876,0 34.23917014716135,35.50146404669651,0 34.23933691132707,35.50137842582902,0 34.23959001366277,35.50151065560318,0 34.23994277030687,35.50165791695012,0 34.24014094351684,35.50165587986045,0 34.2400959625591,35.50146479510508,0 34.2402913416646,35.50128106242914,0 34.24045858069816,35.50122040521136,0 34.24055519300892,35.50125379210782,0 34.24049986208585,35.50117086615451,0 34.24083626604953,35.50078431210009,0 34.24129265846197,35.50077961686654,0 34.241122557785,35.50118034915005,0 34.24103081223278,35.50132748305311,0 34.24121323485856,35.50147294991655,0 34.24138685727868,35.50143678391676,0 34.24157339711889,35.50145942146848,0 34.24162045593813,35.50139508838758,0 34.24184933363961,35.50143693502804,0 34.24208666840902,35.50124785557622,0 34.24215166751198,35.50117842647752,0 34.24237903224818,35.50112205859067,0 34.24229930142572,35.50101482748547,0 34.24217496350985,35.50074106579522,0 34.24219093708054,35.50060829182961,0 34.2420947796878,35.50060437083161,0 34.24207593167638,35.50055053833783,0 34.24206339303876,35.5005162879652,0 34.24189739871631,35.50026751211694,0 34.24195717964057,35.49985924508293,0 34.24226366641133,35.49987082360074,0 34.24230411416472,35.499767265957,0 34.24253109667804,35.49968634536749,0 34.24254805386425,35.49961740996233,0 34.24270486590735,35.49965999818345,0 34.24272767626536,35.49958117936685,0 34.24319788809203,35.49969420993455,0 34.24328796412195,35.49969328164322,0 34.24356306245459,35.49961677432591,0 34.24346980637507,35.49941145427268,0 34.24406834318011,35.49927758498829,0 34.24433173201049,35.49922084286967,0 34.24423178937572,35.49897138891381,0 34.24464522650726,35.49890818646905,0 34.24471766563828,35.49893199635818,0 34.24487745204404,35.49877809194923,0 34.24489304200132,35.49862076521426,0 34.24502272682327,35.49846226013924,0 34.24527091859921,35.49819939060931,0 34.24536745331656,35.49822786248676,0 34.24547422463255,35.49804330211836,0 34.2455668458608,35.49791638244635,0 34.24578614705664,35.49772748198831,0 34.24599084552982,35.49775974836845,0 34.24665435682513,35.49755643545731,0 34.24694585656592,35.49776461523751,0 34.24756025657413,35.49788104953468,0 34.24758002424955,35.49760580310434,0 34.24781999251999,35.4975885870863,0 34.24795225733345,35.49720903675519,0 34.24793302762347,35.49713065185271,0 34.2477948388493,35.4971271701336,0 34.24781635242988,35.49696486887429,0 34.24769831078773,35.49671069388808,0 34.24764951293751,35.49666208400097,0 34.24742748573572,35.49667420305096,0 34.24742817543765,35.49633039311152,0 34.24736645711761,35.49622297904623,0 34.24683985498349,35.49634629796312,0 34.24623214142736,35.49666199966867,0 34.24615894546691,35.49658908391746,0 34.24594308885803,35.49622295324143,0 34.24602186122189,35.4954903313053,0 34.24607295982493,35.49491025081566,0 34.24599421636876,35.49486686061135,0 34.24597917350706,35.49467055764926,0 34.24600699781435,35.49452783763746,0 34.24617232352528,35.49434440591931,0 34.24605048605441,35.49423270008686,0 34.24584778225827,35.49394010597289,0 34.24589415100079,35.49383157486213,0 34.24569957677202,35.49367641718641,0 34.24557577011218,35.49343703359749,0 34.24541540661679,35.4931636468439,0 34.24557540798848,35.49302447437876,0 34.24557048092638,35.49270527945986,0 34.24537681844315,35.49260904949084,0 34.24528675039213,35.49260997918152,0 34.24500059713699,35.49235753631349,0 34.24528807439443,35.49191744815513,0 34.2452740191464,35.49178498360725,0 34.24536683266199,35.49157283296078,0 34.24543464223333,35.49129709063904,0 34.24556065920066,35.49129087772564,0 34.24573242305361,35.49152485518277,0 34.2460033059301,35.49156626144239,0 34.24612674480669,35.49169737535649,0 34.24632459953663,35.49179812314382,0 34.24683862807652,35.49200628936389,0 34.24679785804948,35.49207375634673,0 34.24672002636679,35.49208929574841,0 34.24647185757984,35.49235216713969,0 34.24634508059397,35.49230927427448,0 34.24634912043025,35.49262127795515,0 34.24637708262546,35.49265909088759,0 34.24632359790728,35.49275176730168,0 34.24655073932163,35.49279338439352,0 34.24662241479037,35.49276808650946,0 34.24682611451576,35.49273651315239,0 34.24706067156509,35.49275864618991,0 34.24701005524533,35.49259217940424,0 34.24704486775408,35.49251323569037,0 34.24717719522379,35.49252660204045,0 34.24734327223173,35.49239227555125,0 34.24752340880453,35.49239041303104,0 34.24758223921785,35.49231122171378,0 34.24771965933523,35.49226559712266,0 34.24779027087303,35.49217154876831,0 34.24812650330213,35.49230585017389,0 34.24814490719047,35.49242788564584,0 34.24840054192168,35.49249279559216,0 34.24857602340288,35.49249739951362,0 34.24867749257132,35.49245705788373,0 34.24884980004027,35.492337399055,0 34.2487338901484,35.49222072435074,0 34.24858582916931,35.49235486628463,0 34.24836753897418,35.49221960362198,0 34.2484839832366,35.49198264795914,0 34.2485907720255,35.49189804876956,0 34.24865286840092,35.49203001567866,0 34.24870665421052,35.49209801068856,0 34.24882858491399,35.49212756174861,0 34.24895058481875,35.49225286079804,0 34.2490992531129,35.4921580045209,0 34.24925787938564,35.49231844004921,0 34.24932370043137,35.49230302428664,0 34.24948468461473,35.4926156908161,0 34.24971589962735,35.49280975430435,0 34.25004212318439,35.49293407311089,0 34.25042246418196,35.49306274123821,0 34.2507762007321,35.49302469409259,0 34.25073188627828,35.4928778098088,0 34.25019337180072,35.49261817229194,0 34.24997166049733,35.49264993793278,0 34.2497631709268,35.49237214456644,0 34.24981622320262,35.49230774622837,0 34.24974599007568,35.49203834269196,0 34.24987079187934,35.4919535548898,0 34.24970973157162,35.49163597853563,0 34.24979804912441,35.49152209942702,0 34.24959427556562,35.49116076185422,0 34.2493143483356,35.49131100456928,0 34.2487004522819,35.49083603614451,0 34.24856326309202,35.49089639364183,0 34.24820482891131,35.49024196553377,0 34.24839537319111,35.4901368537823,0 34.24866737722059,35.49037501003519,0 34.24898349603765,35.49049912640564,0 34.24916605959959,35.4906544041303,0 34.24935865619474,35.49068187829484,0 34.2494526741712,35.49054829510226,0 34.24924700465093,35.49045219565438,0 34.24895583012692,35.49026366292114,0 34.24917419190065,35.4900158283897,0 34.2495219108587,35.489977848239,0 34.2495012130148,35.4902694613772,0 34.24977910607069,35.4904897221796,0 34.25053931281349,35.49070051551788,0 34.25058477041712,35.49074775922892,0 34.2515467677558,35.49082127795082,0 34.25171025752938,35.49090798885215,0 34.251842278262,35.49090170709731,0 34.25192661170134,35.49093069428069,0 34.25240215253283,35.49137722011969,0 34.25275117150273,35.49142271206805,0 34.25286668680305,35.49112682427108,0 34.2529137307062,35.49106248698396,0 34.25328424985474,35.49094567444067,0 34.2537397452529,35.49088691631702,0 34.25391913439351,35.49095881942334,0 34.25400546059393,35.49105911924494,0 34.25462218997065,35.49125101425137,0 34.25479016062827,35.49123944432441,0 34.25503278214362,35.49139408747852,0 34.25517734705099,35.49142205284426,0 34.25548644499285,35.49121746653309,0 34.25562187193639,35.49104415626581,0 34.25553460216012,35.49083878227218,0 34.25551976637014,35.49065721263302,0 34.25560700490612,35.4904745807396,0 34.25585521418031,35.49021660150338,0 34.25602027816954,35.49001842501214,0 34.25604709079808,35.48981186366152,0 34.25570848041824,35.48966313354518,0 34.255506670817,35.48942948314222,0 34.25562530469414,35.4893349305424,0 34.25567249927872,35.48928041371851,0 34.25577052221912,35.48901908560349,0 34.25586020382311,35.48899359486413,0 34.25607368113822,35.48881947162954,0 34.25616137514225,35.48866630295182,0 34.25620218192811,35.48858729514546,0 34.25623950730949,35.48867040145896,0 34.25649321376674,35.48876598871534,0 34.25657907190447,35.48849496354728,0 34.25694425831075,35.48842239979201,0 34.25734455067389,35.48829053054259,0 34.2577529893477,35.48829609653951,0 34.25779421134112,35.4878585459689,0 34.25791184633839,35.48770015281018,0 34.2577958883446,35.48719548097174,0 34.25776494949633,35.48713686583736,0 34.25768743205611,35.48717205427046,0 34.25762964528885,35.48693199487087,0 34.2575436759352,35.48681010450256,0 34.25755415295659,35.48671176616126,0 34.25755477869912,35.48659307765622,0 34.25767509728666,35.48620098983263,0 34.25783473183184,35.48599426920492,0 34.25803855403446,35.48587296650378,0 34.25825569438862,35.48578131922505,0 34.25844623823446,35.48577056882235,0 34.25846594674871,35.48593510897214,0 34.25849419765862,35.4860978079171,0 34.25875309980731,35.48621077976951,0 34.25867121007609,35.48631854346513,0 34.25883093026381,35.48639223983125,0 34.2588100833973,35.48643590552417,0 34.25885421661041,35.48650879966733,0 34.25891285348889,35.48656138885396,0 34.25888585788562,35.48666957222883,0 34.25893269987473,35.48673469154104,0 34.25901441586699,35.48675311733975,0 34.25903836089162,35.48684575649258,0 34.25897951883151,35.48691998015021,0 34.25904972365726,35.48695605240086,0 34.2594466137832,35.48691685832101,0 34.25950568309619,35.48671994841601,0 34.25955749619722,35.48660724006061,0 34.25964806515556,35.4865063953516,0 34.25982633877253,35.4863958716566,0 34.25994140536142,35.48635436021605,0 34.26016696860427,35.4863905614932,0 34.26034105833621,35.48642379584631,0 34.26061760523871,35.48643142206158,0 34.26083611269433,35.48642738678869,0 34.2609752648886,35.48641892149992,0 34.26153359357885,35.48608359382689,0 34.2612752760062,35.4858407676117,0 34.2611927614068,35.48578157130029,0 34.26117756685705,35.48533129102311,0 34.26181617352186,35.48495091676793,0 34.26192781242757,35.48504651014196,0 34.2619805332162,35.48476568561809,0 34.26202766345328,35.48438815770373,0 34.26256375086157,35.48449599389709,0 34.26262848805431,35.48446195004622,0 34.26234300445292,35.48368417567143,0 34.26242071768821,35.48343645497682,0 34.2625286505254,35.48329518953327,0 34.26299555102327,35.48341375656987,0 34.26313401689349,35.48339896090126,0 34.26367286694518,35.4836836014979,0 34.263784980972,35.48354896426976,0 34.26422611317056,35.48306387410027,0 34.26455612304332,35.48251655247189,0 34.26459528879884,35.48241270706207,0 34.26457045611755,35.48186910378553,0 34.26445390406183,35.48172017943238,0 34.26428208370196,35.48142835956438,0 34.26408500597511,35.48134700960863,0 34.26392374852707,35.48120856180613,0 34.26389787178045,35.48085849110464,0 34.26382885917145,35.48035872544774,0 34.26396904770227,35.48019376408548,0 34.2641299947496,35.48005194187026,0 34.26414463698933,35.47994501783499,0 34.26413418162648,35.4797983171782,0 34.26406327984499,35.47969896241881,0 34.26378008931896,35.47958848407237,0 34.26360450531718,35.47957697669204,0 34.26352385302252,35.47833327360465,0 34.26341776190363,35.47833104789813,0 34.26309991353759,35.47809080417264,0 34.26299748359872,35.478061846422,0 34.26278756270668,35.47768033589198,0 34.2626199320588,35.47765539667346,0 34.26251728481819,35.47787334953614,0 34.26224658728891,35.47803967452315,0 34.26215440051219,35.4781440729492,0 34.26200109001361,35.47825244714018,0 34.26185997330828,35.47824104627324,0 34.26156357030602,35.47818827935906,0 34.26141839409066,35.47814666428424,0 34.26125982855143,35.47807614147457,0 34.26124024760571,35.47799036987465,0 34.26121701101917,35.47798495267632,0 34.26078462712645,35.4778535601077,0 34.26079991229064,35.47734767679488,0 34.26047281531891,35.47718673386235,0 34.26041477956903,35.47693447823577,0 34.26047777395176,35.47691079780427,0 34.26059121502485,35.47685045512877,0 34.26101145571513,35.47654263045105,0 34.26127952678907,35.47638811186545,0 34.26135639996891,35.47636202188577,0 34.26147459846914,35.4760131011668,0 34.26141693736524,35.47593074604724,0 34.26137029921704,35.4757676512128,0 34.2612330435736,35.47555742084165,0 34.26133324792802,35.47540331272476,0 34.26151490506965,35.47563347399696,0 34.26213514152614,35.47470124412809,0 34.26216072484836,35.47470607781914,0 34.2625330695633,35.47477092556738,0 34.26349151963477,35.47488029893576,0 34.2639225050249,35.47487354856752,0 34.26411363289206,35.47487055422474,0 34.26468128963493,35.4749655709813,0 34.26520854462807,35.47510468401883,0 34.26521634349569,35.47510674189988,0 34.26549667008631,35.47519313505619,0 34.26614633285672,35.47543719731884,0 34.26634144526089,35.47550321134955,0 34.26637088468745,35.4755456539387,0 34.26637045870505,35.47562281738432,0 34.26638348461963,35.47566112317633,0 34.26638629664133,35.47569675299034,0 34.26675136718609,35.47579572801254,0 34.26687771875151,35.47574130058004,0 34.26717192042077,35.47566532913764,0 34.26721231709571,35.47566314201073,0 34.26734319368977,35.4756560543115,0 34.26747345047113,35.47568170943521,0 34.2677978678128,35.47586806870009,0 34.2685228763878,35.4762418765058,0 34.26859127009399,35.47629204582118,0 34.26860061769588,35.47629890276099,0 34.26903508713382,35.47647889668376,0 34.26917145264923,35.47655407616448,0 34.2697010673436,35.4767888554829,0 34.27011789577178,35.47693850366976,0 34.27026213730009,35.47699887111195,0 34.27052087974042,35.47708497673697,0 34.27096378288501,35.47719949477185,0 34.27116818020784,35.47726700738143,0 34.27133326044965,35.47732153269344,0 34.27173294110337,35.47744235348154,0 34.27196099745507,35.47752205129729,0 34.27257185208123,35.47777836915866,0 34.27260816754372,35.47777906229991,0 34.27300441349303,35.47797025481687,0 34.27367646232596,35.47829451897879,0 34.27384590195312,35.47834241091407,0 34.27438887980841,35.47854655045339,0 34.27455724644545,35.47859481502557,0 34.27546433102268,35.47878584521008,0 34.27552011635438,35.47878839921112,0 34.2755822727782,35.47880930535912,0 34.27562792604407,35.47880931484261,0 34.27564871699987,35.47880931946771,0 34.27582815226826,35.47884345028368,0 34.27594562929514,35.47887500220162,0 34.27608352943674,35.47888899553653,0 34.27611229349878,35.47890594370298,0 34.27637259518696,35.47894793297291,0 34.27653176322945,35.47895424090581,0 34.27656766361235,35.47896509379765,0 34.27671929073031,35.47895782321883,0 34.27676157849631,35.47894407464732,0 34.27681632131111,35.47895301925985,0 34.27699063768632,35.47903734717885,0 34.27712196257917,35.47911898709607,0 34.2772997461359,35.4791920361616,0 34.277447093801,35.47925258012303,0 34.27791960861712,35.4794096842505,0 34.2781091189528,35.47936381884958,0 34.27820367305672,35.4793617366397,0 34.27853489687568,35.47931553468144,0 34.27883410206648,35.47931424409398,0 34.27891785028761,35.47932935154808,0 34.27900077657871,35.47932422124294,0 34.27903010140184,35.4793224070693,0 34.27926217584601,35.47915764032266,0 34.27928747800011,35.47912142351521,0 34.27935921356656,35.47906970534099,0 34.27938600943365,35.47907031891193,0 34.27941369811471,35.47908763909899,0 34.27946210266729,35.47919290038273,0 34.27957370724032,35.47936534993207,0 34.27964325096694,35.47947280781057,0 34.27971181844946,35.47953903331129,0 34.28004659232825,35.479596590256,0 34.28015893173691,35.47959359951605,0 34.28018350768368,35.47958345261497,0 34.28046421563793,35.47955701015527,0 34.28049106209562,35.47955448107152,0 34.28062244597261,35.47953717732265,0 34.28079145074078,35.47953439213826,0 34.280880501319,35.47959420052482,0 34.28092038358698,35.47966477748053,0 34.28092374686017,35.47970244151694,0 34.28092405628001,35.47970590095903,0 34.28096460949899,35.47976514706416,0 34.2809812162597,35.47978636090063,0 34.28106592773012,35.47983399381959,0 34.28118813079919,35.47987242037412,0 34.28192217286535,35.48001841273021,0 34.28191340247101,35.4800444655363,0 34.28174613784462,35.48054132751825,0 34.28147186275072,35.48116715011058,0 34.28108837324126,35.48236465668015,0 34.28069278859491,35.4822652861395,0 34.2802050901166,35.48208390068942,0 34.28007764524952,35.48202723997493,0 34.27972390862323,35.48196280388905,0 34.27961029551037,35.48224246533539,0 34.28000514007928,35.48230852328941,0 34.28025145064945,35.48238643424997,0 34.28019917163718,35.48252405320489,0 34.28048530324561,35.48260325540996,0 34.28059056299242,35.48263640415551,0 34.28072601095338,35.48285598160697,0 34.28089641202813,35.48290214442456,0 34.28082843992011,35.48310674856088,0 34.28081679077022,35.48328808935729,0 34.28072717625044,35.48341690635134,0 34.28070574728871,35.48342656031193,0 34.2806417440975,35.48361891434624,0 34.28043722774715,35.48353408411567,0 34.28004025640093,35.48346633778153,0 34.27998343446259,35.48358173144541,0 34.27998186159638,35.48366154943261,0 34.2797457513926,35.48366469743472,0 34.27973558001221,35.4835756207645,0 34.27926002506553,35.48372024520025,0 34.27921552815993,35.48360125924437,0 34.27876273685523,35.48370909881105,0 34.27855290689251,35.48362255156444,0 34.27817779364245,35.48343284661495,0 34.2779932041914,35.48337865019893,0 34.27807042027115,35.48360179822933,0 34.27788547096571,35.48363994812949,0 34.27753223296219,35.48377536513521,0 34.27748637993434,35.48382181420433,0 34.27764418434209,35.48385316360659,0 34.27767291122591,35.48404006742972,0 34.27738098296529,35.48405819444229,0 34.27738816078563,35.48411465768299,0 34.2772471536409,35.48420524125461,0 34.27732154431352,35.484316628231,0 34.27703730368215,35.48431368668368,0 34.27626859024374,35.48431668022949,0 34.27615106135994,35.48430250420387,0 34.27607700944449,35.4845208758558,0 34.27615384184652,35.48461086833593,0 34.27623845624803,35.48466308502805,0 34.27649029654822,35.48469297347121,0 34.27635608533375,35.48481603752604,0 34.27611616112501,35.48514238793934,0 34.27601427834223,35.48505814196945,0 34.27568295472586,35.48501817660054,0 34.27546108860987,35.48504651692171,0 34.27535054579939,35.48507681125029,0 34.27515410608643,35.48510630086669,0 34.27485581400998,35.48517459044471,0 34.27467870585596,35.48517376679661,0 34.27465011703745,35.48515959783075,0 34.27438837160607,35.48516578936454,0 34.27425511497398,35.48521688264987,0 34.27405686393383,35.48513159778778,0 34.27401916401556,35.48513199586743,0 34.27396750818821,35.485177087172,0 34.27394496932745,35.48520111990427,0 34.2738819616192,35.48519854954479,0 34.27378906276318,35.48519144762346,0 34.2737759182231,35.48511571824159,0 34.27371091059614,35.48511126449535,0 34.27354044584908,35.48504959016088,0 34.27345162549741,35.48500777709911,0 34.27332144940701,35.48498859088905,0 34.27328970969239,35.48496836668604,0 34.27327104891137,35.48498055607536,0 34.27324081032117,35.48507896534984,0 34.27271840551135,35.48505035616689,0 34.27261934333858,35.48496515913065,0 34.27258056428144,35.48489703641827,0 34.27248969560742,35.4848465955362,0 34.27246934648257,35.48488450268139,0 34.27236323458651,35.48493016759652,0 34.27222889698763,35.48491273832656,0 34.27211814845995,35.48506296284535,0 34.27162945439582,35.48502356837842,0 34.2715017778703,35.48503005393216,0 34.27143835215776,35.48499302976039,0 34.27139760759837,35.48491927091924,0 34.27137046890493,35.48493891913963,0 34.27131637545228,35.48509539930156,0 34.27118276616169,35.48512421952797,0 34.2709196458491,35.4850430395601,0 34.27079022538546,35.48507181613142,0 34.27064573922404,35.48507505114502,0 34.2706513843017,35.48516750927289,0 34.27072219773768,35.48527470112988,0 34.27093975435529,35.48538891400212,0 34.27092302429585,35.48543403178708,0 34.27087223929251,35.48548458339663,0 34.27056061501568,35.48538948039747,0 34.27042214200338,35.48537551934439,0 34.27028957494178,35.48533750921377,0 34.27020927379949,35.48534176235675,0 34.27014846847009,35.48528930879856,0 34.27011178575512,35.48522116320792,0 34.27002787426707,35.4852134797903,0 34.27011375350897,35.48534621350794,0 34.27002536554561,35.4854533681938,0 34.26989290633464,35.48542220984623,0 34.26981141248783,35.48543505999709,0 34.26974033809064,35.48544437466774,0 34.26968940608355,35.48553571578878,0 34.26978798551148,35.48567688187836,0 34.26965919866316,35.48577979460772,0 34.26945661088579,35.48565124205208,0 34.26932402760046,35.4856060351902,0 34.26921341216281,35.4853600805852,0 34.26903150401056,35.48525296848443,0 34.26865701696622,35.4854008622531,0 34.26767629013713,35.48586245072626,0 34.2668104571877,35.48637063179947,0 34.26683959682357,35.48616973269054,0 34.2668719156916,35.48581558747196,0 34.26682078691329,35.48569528927878,0 34.26664352546459,35.48541864387798,0 34.26599938337412,35.48504243460994,0 34.26555685968071,35.4850416728865,0 34.26544178891486,35.48512253341117,0 34.26541770799398,35.48518915467053,0 34.26515345035332,35.48512604202155,0 34.26517689846819,35.48500518641021,0 34.2649962620256,35.48500653419386,0 34.26486684643911,35.48513631571855,0 34.26472290089612,35.48501535463298,0 34.26452030946486,35.48498161053303,0 34.26425987695513,35.48510423288423,0 34.26399760259221,35.48535297164656,0 34.26390910440828,35.48529668163489,0 34.26381626814196,35.48529466181722,0 34.26363970512921,35.48536106281571,0 34.26342327681336,35.48556200190585,0 34.2632523317215,35.48568395451338,0 34.26315971824297,35.48584329135553,0 34.26321653787853,35.48588354626721,0 34.26324098546022,35.4858481096096,0 34.26347549412352,35.4859182290874,0 34.26351758825549,35.48597486566337,0 34.2636205589692,35.48599308107975,0 34.26369416839798,35.48590981928494,0 34.26379138058095,35.48600265534177,0 34.26365389887406,35.48629385430328,0 34.26370230966725,35.48646569969652,0 34.26382957367091,35.48657729571188,0 34.26383340898202,35.48662201416944,0 34.26387845645083,35.48664744067631,0 34.26397550554972,35.4865843445428,0 34.26410059854087,35.48693595941991,0 34.26392430062681,35.48702541109791,0 34.26398999239944,35.48711576965448,0 34.26406729967442,35.48706502325162,0 34.2641976413776,35.48715625726483,0 34.26440238629498,35.48723201962712,0 34.26468752826791,35.48723802774141,0 34.26470182690537,35.48718503923808,0 34.26515070775463,35.48716135040132,0 34.26515352962851,35.48711929398086,0 34.26524582937822,35.48707521503865,0 34.26526790738546,35.48697877695164,0 34.26535697131046,35.48694150139612,0 34.26536472802832,35.48675432178408,0 34.26554489256134,35.48671229804415,0 34.26619401168601,35.48666270291316,0 34.26621281111161,35.48671137679626,0 34.2663402286517,35.48669415263144,0 34.26657502718913,35.48678866972092,0 34.26657765165265,35.48687136372528,0 34.26662357285414,35.48697136118857,0 34.26668125213759,35.48736822413459,0 34.26668043070484,35.48741228926865,0 34.26667354105098,35.4877821011767,0 34.2667128096904,35.48808679837788,0 34.26708247005111,35.48824434016295,0 34.26705915080164,35.48809643490445,0 34.26711903923076,35.48810549655271,0 34.26714556095132,35.48817254563665,0 34.26728943443764,35.4881925265211,0 34.26733942109028,35.48806512970648,0 34.26748961770468,35.48805789189296,0 34.26760473326867,35.48796193427656,0 34.26764062434978,35.48790732340755,0 34.26771665417709,35.48787686696965,0 34.2679602240292,35.48797285736308,0 34.26834815220236,35.48805961571909,0 34.26845166022539,35.48796510150819,0 34.2687091221609,35.48797132348984,0 34.26870334518665,35.48790344014786,0 34.26896933013706,35.48792861695523,0 34.26918925510565,35.48799081930113,0 34.26934981830164,35.48808878768716,0 34.26913227117205,35.4880877027315,0 34.26912866060922,35.48820456224468,0 34.26925181804012,35.48822809253338,0 34.26921911911941,35.48841309847972,0 34.26928789598498,35.48847235800374,0 34.26927403508429,35.48856484201028,0 34.2695319608511,35.48875174372318,0 34.26947746743505,35.48891925172319,0 34.26966480829497,35.48903467964196,0 34.26995107734567,35.488948302674,0 34.27005935613889,35.48897737839726,0 34.27001610205801,35.4891121977732,0 34.26975435468449,35.4895896481779,0 34.26971625694063,35.48973937175615,0 34.26939353993782,35.48955024016011,0 34.269176341691,35.48943775135837,0 34.26856922960592,35.48921135216501,0 34.26799614469266,35.48891269245359,0 34.26781508214449,35.48876596740082,0 34.26766626951503,35.48867877723334,0 34.26741602527296,35.48858011829113,0 34.26725448641789,35.48854057150374,0 34.26707191811156,35.48854873032722,0 34.2664900672773,35.48877723905303,0 34.26638028750151,35.4887617572921,0 34.26620776061225,35.48877663212697,0 34.26591634837295,35.4888494529517,0 34.26582983040576,35.48883515605223,0 34.26576298472423,35.48879897505586,0 34.26571672292638,35.4886770526556,0 34.26564268044759,35.48859337647906,0 34.26551569268111,35.48852639848288,0 34.26529037469353,35.48842890758458,0 34.26517791934194,35.48832649880604,0 34.26496747862344,35.4885073963861,0 34.26496189948035,35.48859845921904,0 34.26476122403791,35.48862033444762,0 34.26486834951469,35.48869289582185,0 34.26461245593207,35.48882114857633,0 34.26451771101571,35.48867105774357,0 34.26445997630456,35.48870409369337,0 34.26447289988486,35.48881539738105,0 34.26439557674288,35.48901975346571,0 34.26429841853655,35.48908976392292,0 34.26425765349292,35.48915391900207,0 34.26411681588482,35.48918078113446,0 34.2639784167052,35.48927419262427,0 34.26391783433515,35.48934800515214,0 34.26374881802006,35.48937915293039,0 34.2639831717428,35.48968171645642,0 34.26405528773684,35.48988495908377,0 34.2640849582354,35.49000836461177,0 34.26423845578479,35.49021235871193,0 34.26448560010488,35.49033006475235,0 34.26469470021458,35.49046028231531,0 34.26476413325881,35.49071788641597,0 34.26414010816778,35.49074971192819,0 34.26388100480994,35.49060356341658,0 34.26379168424845,35.49049147100375,0 34.26401642671765,35.49025476960333,0 34.26385419785161,35.4898715140981,0 34.26365000449516,35.48973446599743,0 34.26342177174736,35.4893870232251,0 34.26329619184391,35.48929829641555,0 34.26302610546553,35.48920656868053,0 34.26293602738364,35.48902927207526,0 34.26269986293169,35.48885578010769,0 34.26277216190015,35.48879003190517,0 34.26273963169219,35.48870604561397,0 34.26261046495696,35.48859424850355,0 34.26252318888433,35.48865739090117,0 34.26233914831771,35.48853920978312,0 34.2623177370815,35.48855431308313,0 34.26214921017982,35.48848492255654,0 34.26205989443478,35.48837282962587,0 34.26182724350413,35.48821561146723,0 34.26170090788764,35.48806167848955,0 34.26140194943683,35.48800565948081,0 34.26132346679391,35.48799095356318,0 34.26124738157001,35.48794532833939,0 34.26118263409539,35.48794648914716,0 34.26115393281723,35.48804859182417,0 34.26094810028528,35.48805487644229,0 34.26062039515697,35.48800500795216,0 34.26050355959578,35.48802489510911,0 34.2602886737214,35.48796671424494,0 34.26006688440498,35.48802881558947,0 34.25990083756658,35.48802936893628,0 34.25961039333454,35.48818503838099,0 34.25949627331956,35.48829592585883,0 34.25936219553116,35.48847556776987,0 34.25919404103448,35.48858074242107,0 34.25905282222093,35.48871764304328,0 34.25885792267405,35.48873606928132,0 34.25884207566391,35.48880139652632,0 34.25889826669939,35.48884988692953,0 34.25896109465396,35.48904097492817,0 34.25892376451514,35.48911529133007,0 34.25882100446002,35.48920367896852,0 34.25851168495954,35.48923585869374,0 34.25831901293831,35.48923185222442,0 34.25837536284037,35.48943725197466,0 34.25838477325721,35.48960428153443,0 34.25829980961792,35.48972378289105,0 34.25822520397433,35.48987717168104,0 34.25804537542185,35.48997835484099,0 34.2577149162628,35.48983475933797,0 34.2573089064451,35.48990637103372,0 34.25714845398167,35.49003186315691,0 34.25707157480677,35.49006096179541,0 34.25700897875581,35.49003289547346,0 34.2569038783308,35.49020620679801,0 34.25678829291268,35.49026276141209,0 34.2567790140758,35.49032192639233,0 34.25692337393109,35.49052735545477,0 34.25687977678445,35.49063432242844,0 34.25683455471572,35.49067269610343,0 34.25663539944608,35.49075432237773,0 34.25658845407212,35.49078727466455,0 34.25678309541247,35.49096108589188,0 34.25664030531892,35.49139313618164,0 34.25703187769399,35.49193806930944,0 34.25731031275545,35.49224915073128,0 34.25769036202985,35.49244400446479,0 34.25798858082998,35.49252738333516,0 34.25857620676206,35.49257872953657,0 34.2589740862115,35.49244943689349,0 34.25911518745352,35.49244499466586,0 34.2593454208815,35.49275133424673,0 34.25939409272516,35.49258115696258,0 34.25943291710296,35.49256388687385,0 34.25944096886683,35.49247076788497,0 34.25961831945865,35.49251326491117,0 34.26021240309105,35.49276290176032,0 34.26047385674562,35.49289749262005,0 34.26053609376218,35.49289431337226,0 34.26118508575222,35.49308138322797,0 34.26120055997588,35.49305545649695,0 34.26146046217318,35.49303367984707,0 34.26175434878599,35.49300905517722,0 34.26176288043543,35.49295736751827,0 34.26171757137849,35.4929169492728,0 34.2617364936221,35.49275921888704,0 34.26210550790964,35.49214717176082,0 34.26241473540718,35.49224811937298,0 34.26231208535075,35.4924886642356,0 34.26233091377892,35.4926080746531,0 34.26240753636512,35.49269920555452,0 34.26244875043596,35.49288705583768,0 34.26240398231778,35.49310679101517,0 34.26253601129964,35.49317849082701,0 34.26335579740638,35.49341284530896,0 34.2633440043073,35.49368328051604,0 34.26357814977504,35.49368221459006,0 34.26340087432026,35.4940027907314,0 34.26293250382256,35.49399812932685,0 34.26280241194263,35.4940215130183,0 34.26256894543384,35.4939383427965,0 34.26233031649825,35.49391091096792,0 34.26148982920749,35.49395936676571,0 34.26147122678862,35.49395847613128,0 34.2613745884264,35.49395385083092,0 34.26142816684609,35.49384884641334,0 34.26135474148658,35.49381814582375,0 34.2613697763806,35.49375452211444,0 34.26114913591435,35.49363117733949,0 34.26071392853657,35.49347817991914,0 34.26024917368838,35.49328328609257,0 34.26004144813123,35.49312791785811,0 34.25966393518579,35.49300913056496,0 34.25947432735003,35.49298370569819,0 34.25755842823281,35.49302439559427,0 34.25715846838021,35.49304637507812,0 34.25699046027183,35.49316513022248,0 34.25695890266741,35.49316468480932,0 34.25675961802281,35.49330744670389,0 34.25678510824241,35.49335752324416,0 34.25660609538667,35.49353002154938,0 34.25641540440828,35.49369785269243,0 34.25633712909048,35.49360673064302,0 34.25603119536918,35.49378967611879,0 34.25598174014907,35.49396461271408,0 34.25602260335993,35.49419526187758,0 34.25627479944475,35.49439106430644,0 34.25648049138145,35.49451452866214,0 34.25650187664628,35.49456871188788,0 34.25665058313983,35.49464708609857,0 34.25675980494476,35.49454235130126,0 34.25716732937766,35.49467111402954,0 34.25764803547158,35.49466619671549,0 34.25761176563974,35.49473276501854,0 34.25737578299509,35.49516586487892,0 34.25683941370873,35.49501593209739,0 34.25616181148526,35.49476636250089,0 34.25614187935005,35.49474363778997,0 34.2559769541959,35.49455560955251,0 34.25566490624195,35.49428213318546,0 34.25567089259351,35.49401004288581,0 34.25563035391785,35.49366391689676,0 34.25527544130725,35.49356057195963,0 34.2547139786276,35.49354637694944,0 34.25477719726781,35.49362810126485,0 34.25456361913336,35.49368401816191,0 34.25441108080492,35.49392050936695,0 34.25406630824607,35.49462337597247,0 34.25414672808295,35.49468459605836,0 34.25415385486907,35.49475831453996,0 34.25417303007959,35.49495664086385,0 34.25408219083885,35.4950576510389,0 34.25397181743505,35.49511812708596,0 34.25380128520583,35.49513701124802,0 34.25364092396274,35.49510361689561,0 34.25351330238399,35.49503404803757,0 34.25314843418476,35.49480486761711,0 34.25309188732167,35.49478901285325,0 34.25300242983207,35.49479441776178,0 34.25308911223052,35.49497954504155,0 34.25310188837787,35.49508114740036,0 34.25303147013182,35.4951562436901,0 34.25282818433958,35.49520994525589,0 34.25243422097039,35.49526098180147,0 34.25237911173366,35.4952979981901,0 34.252282013241,35.49543159571872,0 34.25239291822697,35.49563281682843,0 34.25246532186028,35.49580177863548,0 34.25248599519237,35.49601315468379,0 34.25254197928071,35.49626766184952,0 34.25259876888308,35.49637639788243,0 34.25272660442152,35.49646427142116,0 34.25317558087233,35.49658300133741,0 34.2535329758547,35.49666680922015,0 34.25367183077275,35.49677561850715,0 34.25378785292911,35.4969171381521,0 34.25439129270054,35.4972754053463,0 34.25452151694153,35.49742631215528,0 34.25495748446067,35.49763801265527,0 34.25487246604019,35.49795593405478,0 34.25470195210652,35.49804871912742,0 34.25436361395255,35.49818003040732,0 34.25425625284124,35.49807099008143,0 34.25420686565015,35.49810118548427,0 34.25418023537812,35.49823562098437,0 34.25437339634639,35.49823758645418,0 34.25446666668395,35.49827486435122,0 34.25465566031484,35.49827482588891,0 34.2548205513671,35.49819767623491,0 34.25527576120611,35.49792244757501,0 34.25573357359534,35.49772923208518,0 34.25581561317255,35.49772727043328,0 34.25601831643444,35.49783763846162,0 34.25645112232546,35.49799037385454,0 34.25685695290264,35.49803279684728,0 34.25715140499334,35.49804892340315,0 34.25787459687435,35.49779543046301,0 34.25803413533079,35.49768577343274,0 34.25842933164057,35.49774047295369,0 34.25863196896996,35.49763049443815,0 34.25892237165451,35.49694087462366,0 34.25915725973678,35.49653912721359,0 34.25948351380325,35.49643907797734,0 34.25937244376995,35.49665346468421,0 34.2594781312599,35.49668929141101,0 34.25972455090856,35.49649559622997,0 34.25980815919938,35.49684277678458,0 34.2595076245754,35.49687348231069,0 34.25930424630116,35.49706211230738,0 34.25910305798944,35.49715377537593,0 34.25897074350895,35.49739476036158,0 34.25887882670866,35.49768832626673,0 34.2586301725189,35.49797559795965,0 34.25852464845418,35.49795400726335,0 34.2582869295578,35.49811238085,0 34.25808343168467,35.49821965310619,0 34.25789072629993,35.49825701267983,0 34.2578405982086,35.49829467269032,0 34.25792205976565,35.498385596376,0 34.25836758342925,35.49841958435484,0 34.25834867744407,35.49864752476967,0 34.25823719855246,35.4986842836711,0 34.25818955756569,35.49872192419397,0 34.25816286289938,35.49885026038746,0 34.25830203319643,35.49898550183018,0 34.25800843970414,35.49911513624719,0 34.25775406435228,35.49869531975428,0 34.25730687618502,35.49858947591149,0 34.25687594385775,35.49859876570056,0 34.25629586059998,35.49832644232794,0 34.256239871933,35.49828753296693,0 34.25595164096553,35.49823610288257,0 34.25578418908761,35.4983783596401,0 34.25571192710147,35.49850906505666,0 34.2559408181973,35.49859008702233,0 34.25622282384533,35.4986049520196,0 34.25638347504198,35.49866274835041,0 34.25650153146231,35.49862119632148,0 34.25684289123192,35.49875087700045,0 34.25664383648652,35.49931371412064,0 34.25649392803388,35.49925312675506,0 34.2563386678874,35.49930308854833,0 34.25621697145679,35.49924500460806,0 34.25597629542582,35.49922034231044,0 34.25590146660928,35.49927242143724,0 34.25563068013149,35.49929611747751,0 34.2554482506837,35.49921881952958,0 34.25513812201045,35.49913771897675,0 34.25501434060036,35.49911422509592,0 34.25501050978798,35.49914137282363,0 34.25533218740645,35.49921764252642,0 34.25546173423182,35.49927363671005,0 34.25545310582775,35.49931607326172,0 34.25558731639362,35.49934525158476,0 34.25564504297692,35.49946279356053,0 34.25578886005364,35.49949834107115,0 34.25590781377426,35.4996059389029,0 34.2560050260911,35.49962555987759,0 34.25611450118921,35.49970204027075,0 34.2566464385626,35.499753022482,0 34.25679570053488,35.49982920765923,0 34.2570388480237,35.49985249422706,0 34.25663261060841,35.50034838773013,0 34.25682911969398,35.50042422307925,0 34.25689938154557,35.50033556646289,0 34.25701349127453,35.50002488802237,0 34.25713130902609,35.50003418549255,0 34.25736585791167,35.50010228081484,0 34.2576092635282,35.50021912472484,0 34.25769138871507,35.50029580585296,0 34.25773309598235,35.50038973615912,0 34.2578845085913,35.50043675097655,0 34.25811668795416,35.5005862201369,0 34.25828396805136,35.50064328679426,0 34.25859148277405,35.50035557931565,0 34.25888954006455,35.50046727010225,0 34.2588530097465,35.50060516980329,0 34.25902107942915,35.5006588401754,0 34.25937197558016,35.50068064412343,0 34.25926905752586,35.50081225654888,0 34.25936670533974,35.50086916077532,0 34.25924558450223,35.50121786027243,0 34.25932084537499,35.50127425195097,0 34.25935936175958,35.50123599963786,0 34.25949517807125,35.50129600946867,0 34.25968571337518,35.50149934460189,0 34.25965583948493,35.50156804129487,0 34.26013924832141,35.50172174342575,0 34.26038518959695,35.50177076523191,0 34.26065589793658,35.50184672117846,0 34.26086139718969,35.50196162650667,0 34.26090588169381,35.50198649927169,0 34.26092883041088,35.50213882381924,0 34.26102916517291,35.50216219163381,0 34.26105050908586,35.50210531486515,0 34.26121248578846,35.50214486595634,0 34.26130972091606,35.50195829441206,0 34.26132053393053,35.50193754561397,0 34.26140489113488,35.50192064688844,0 34.26146479924088,35.50186867534209,0 34.26156395977125,35.50192353044402,0 34.26162259672566,35.50195596720275,0 34.26166979784445,35.50198207847392,0 34.26178193943844,35.50199983157137,0 34.26190639077635,35.50206292724283,0 34.26181789284169,35.50219644766943,0 34.26231647889382,35.50229909678246,0 34.26254666806244,35.50240821688054,0 34.26301599144931,35.50231075414612,0 34.26321040966867,35.50231137091522,0 34.26336837909753,35.50236182419777,0 34.26451877776912,35.50257112626485,0 34.26462826703877,35.50279404055126,0 34.26464073515901,35.50292474428778,0 34.264253815827,35.50388072829421,0 34.26468520007634,35.50399316114673,0 34.2645043759245,35.50443612283429,0 34.26502890975316,35.50452514235349,0 34.26454272718736,35.50555759257531,0 34.26464847062437,35.50560361468418,0 34.26486368219609,35.50565432739723,0 34.26490429279944,35.50581648715235,0 34.26508432698106,35.50588191851561,0 34.26500805644245,35.50612515019878,0 34.26514089903865,35.50618542622539,0 34.26555311335005,35.50631279999057,0 34.2657876882046,35.5064356482335,0 34.2656282430059,35.50676348827748,0 34.26535498691617,35.5067875585304,0 34.26514848990427,35.50683453523821,0 34.26506808291733,35.50686792646962,0 34.26503876474197,35.50688010109856,0 34.26438633464605,35.50686741620717,0 34.26437726987231,35.50738826199211,0 34.26549575307205,35.50759710332842,0 34.26507252433797,35.50854372296406,0 34.26546081059234,35.50871120242669,0 34.26569510159974,35.50880927121649,0 34.26583488499249,35.50888670424249,0 34.26589291090481,35.50895442313033,0 34.26595506595221,35.50917661587847,0 34.2661385506008,35.50983252966152,0 34.26605487569498,35.50983654530278,0 34.2656740516547,35.50973634039011,0 34.26524388533944,35.50952802508075,0 34.26521702545116,35.50942856307257,0 34.26486283877011,35.50933764775044,0 34.26477049795562,35.50938037141209,0 34.26464840279113,35.50935958732632,0 34.26448942240757,35.50980010166985,0 34.26452462290561,35.51004594430594,0 34.26443121768305,35.51049410430692,0 34.26436128058855,35.51060988128249,0 34.26429975416257,35.51059406882387,0 34.26420411858824,35.51078054828576,0 34.26366432118488,35.51090932124198,0 34.26331594789316,35.51089090078662,0 34.26304876834727,35.51093967218058,0 34.26289450455817,35.51100387320237,0 34.26288484579872,35.51117072644161,0 34.26307543093249,35.51144863235994,0 34.26327770245046,35.51152034693737,0 34.26335928403167,35.51162075668207,0 34.26344130948978,35.51183031751612,0 34.26366822046779,35.51216625746927,0 34.2632615440677,35.51240861383038,0 34.26312735547705,35.512275374258,0 34.26271846599563,35.51254147546668,0 34.26216838082458,35.51299777997119,0 34.26182548521603,35.51280982132761,0 34.26169238472558,35.51294827129024,0 34.26143648679704,35.51321445226148,0 34.26105044618277,35.51301354419505,0 34.26099075849914,35.5130943109212,0 34.26072646719702,35.51350638000125,0 34.26056688470198,35.51385262972126,0 34.2604292565036,35.514286199222,0 34.26060752007199,35.51432897122032,0 34.26055227092733,35.5144333382142,0 34.26050985446965,35.51453420749711,0 34.26057101869176,35.51482854720656,0 34.26060706583937,35.51492812328135,0 34.26070711031511,35.51496130461884,0 34.26073756068199,35.51500861806457,0 34.26074365712511,35.51531629536289,0 34.25966720436976,35.51526664112489,0 34.25964056528589,35.5154740388188,0 34.25954173738509,35.51597070441245,0 34.25960403044513,35.51604222384716,0 34.25976149823739,35.51615647389585,0 34.25960884468221,35.51631170123356,0 34.25947014407786,35.51631074775143,0 34.25903572723186,35.51637528325183,0 34.25893230134541,35.51648926703727,0 34.25879550617001,35.51664002422098,0 34.25857849560512,35.51668927260949,0 34.25818295566759,35.51659861901147,0 34.25814290570435,35.51649543558962,0 34.25813421118268,35.51647303484887,0 34.25747715908192,35.51639612015556,0 34.25752772900165,35.51603297559563,0 34.25753200383937,35.51590115669963,0 34.25723405234602,35.51577509318028,0 34.25725296657218,35.51568799461297,0 34.25734806658782,35.51543998497279,0 34.25751252745701,35.51508681991245,0 34.25758166813406,35.5149626471152,0 34.25765316105461,35.51475557975772,0 34.25766790690169,35.51466715463623,0 34.25801397498433,35.51414953843823,0 34.25815386352509,35.51396809009744,0 34.25843454507508,35.5135406518406,0 34.25799193063613,35.5133144258834,0 34.25714535531687,35.51300520588287,0 34.25728820677369,35.51276040277473,0 34.25750886856493,35.51259820991604,0 34.25751906069428,35.51257029645469,0 34.25781086953027,35.51233610515179,0 34.25784411473175,35.51228709563619,0 34.25715969343434,35.51201615807224,0 34.25692890928267,35.51234703668447,0 34.25678164397448,35.51258145846344,0 34.25637254722596,35.5131858433375,0 34.25629028594011,35.51318172869557,0 34.25590986281026,35.51310385683286,0 34.25620608324038,35.51237027438535,0 34.25646397632479,35.51183976319964,0 34.25612125107529,35.51178944884241,0 34.25545806923935,35.5116044093981,0 34.25521173008308,35.51155877625501,0 34.25431018870039,35.51115684970851,0 34.25305329844209,35.51068906727062,0 34.25284290682897,35.51059220191024,0 34.25261599581184,35.51050293698714,0 34.25221654419475,35.51050128206199,0 34.25158232933074,35.51059247491044,0 34.25153455286877,35.51069745888078,0 34.25156070312777,35.51073257996404,0 34.25155398806509,35.51094117998736,0 34.2514755955397,35.51105557101951,0 34.25095002312561,35.51070504736969,0 34.25065572437405,35.51053342541304,0 34.25045319132621,35.51039777424137,0 34.24997000778092,35.51004963497598,0 34.24968418656042,35.50982088242351,0 34.24956674553917,35.50993387693958,0 34.24951435537187,35.50992748970139,0 34.2491167341437,35.51022742392635,0 34.24905112164529,35.51022657209079,0 34.24887722751431,35.51019734873958,0 34.24871370560783,35.5102753748283,0 34.24857031472597,35.51051424143896,0 34.24841745506752,35.51058063658218,0 34.24838458575439,35.51056418409152,0 34.24820227950109,35.51047293140225,0 34.24835203477665,35.51020956109687,0 34.2483028718947,35.50990764930541,0 34.24831359354547,35.5098294458878,0 34.24835945629061,35.50976800224021,0 34.2482364258515,35.50976312961695,0 34.24811147974827,35.50973013056019,0 34.24801024616055,35.50966501941409,0 34.24776709739546,35.5096077979215,0 34.2478112922355,35.51041413487118,0 34.24757121539702,35.51047916444044,0 34.24757898303843,35.510720258985,0 34.24626331939209,35.51048348444768,0 34.24625945749566,35.51072466772783,0 34.24594044645511,35.51071422058497,0 34.24553712983722,35.51081039418457,0 34.24557996711663,35.51056432456382,0 34.24557452396462,35.5103802740966,0 34.245185031419,35.5099464796845,0 34.24554306074923,35.50959591578695,0 34.24565172052588,35.50944087546805,0 34.24552050177968,35.5094398492808,0 34.24552307398034,35.5093398993713,0 34.24553035829508,35.5090568810357,0 34.24559824079134,35.50880911338888,0 34.24549903847257,35.50875727212912,0 34.24564925424309,35.50849264931811,0 34.24561726628481,35.50841398765949,0 34.24563546485065,35.50831915788216,0 34.24559228552487,35.50819937541181,0 34.24527130365598,35.50806156760687,0 34.24524138170377,35.50779000466842,0 34.24517683724231,35.50776945927529,0 34.24510861848483,35.50705762124338,0 34.24495132396718,35.50698693844337,0 34.24490097848334,35.50689614368874,0 34.24475270507102,35.50677103189765,0 34.2447485004355,35.50668514249406,0 34.24478624216081,35.50661208081119,0 34.24477276870514,35.50646576682516,0 34.24456466524483,35.50635689770247,0 34.24408572532833,35.50618260187641,0 34.24362656419867,35.50595730030599,0 34.24323023118146,35.5056964436589,0 34.24273849772763,35.5055275007878,0 34.24275101873698,35.50540465850489,0 34.24068311270559,35.50461303330331,0 34.23969406610583,35.50423407966449,0 34.23940505071334,35.50418793401465,0 34.23938283956677,35.50430603749149,0 34.23930178239564,35.50450332934818,0 34.23915330623868,35.50461290681555,0 34.23888240214109,35.50469038680938,0 34.23798003555921,35.50478759267669,0 34.23772037486469,35.50476152066852,0 34.23728775063437,35.50460525542181,0 34.23703478164685,35.50460192568617,0 34.23664948657708,35.50483633084575,0 34.23640587036424,35.50490131586455,0 34.23591339176457,35.50494715647056,0 34.23564839187853,35.50482862241606,0 34.23555369805798,35.5048335661164,0 34.23546709231369,35.50489168918098,0 34.23535919003954,35.50503160458768,0 34.23531954800074,35.50516030200703,0 34.23527093672123,35.5052812762268,0 34.23536963836917,35.50538396357626,0 34.23539924122188,35.50544249802066,0 34.235411777533,35.5054693865163,0 34.23538998326246,35.50556977299631,0 34.23533791162885,35.50560954906266,0 34.2351053752092,35.50564900270969,0 34.23504282791334,35.50575457598188,0 34.23500353686816,35.5058551415305,0 34.23491277696376,35.50602300919763,0 34.23472954900429,35.50622139173753,0 34.23448704177373,35.50638628330282,0 34.23398095978617,35.50622029678582,0 34.23380573461009,35.50635556028168,0 34.23374677822476,35.50659572363976,0 34.23372673251264,35.50665997299049,0 34.23365076375714,35.50670709125571,0 34.23359357100808,35.50668520534059,0 34.233542954731,35.50661571392841,0 34.23347847692328,35.50637066524506,0 34.23339237219455,35.50631017815495,0 34.23327181590282,35.5062830500523,0 34.23309776724248,35.50627553892387,0 34.23287752098521,35.50620733677921,0 34.23262907453698,35.50605879622416,0 34.23261894456755,35.50600258300064,0 34.23285111001972,35.50586688889398,0 34.23289641415526,35.50578211074225,0 34.23285717581511,35.50566982963295,0 34.23267354033891,35.50569160574581,0 34.23258498786037,35.50562434288348,0 34.232556646604,35.50553139011974,0 34.23264351957022,35.50513767413295,0 34.23261183282989,35.50508306734867,0 34.23254060037895,35.50505887468257,0 34.23243045357577,35.5050467629014,0 34.23234380993421,35.5050710445145,0 34.2322516277596,35.50510183043038,0 34.23209207634471,35.50525929401781,0 34.23191983800957,35.50513540597397,0 34.23138020544865,35.50504342108623,0 34.23112063093261,35.50495901546596,0 34.2312728577153,35.50478316960192,0 34.23134839723262,35.5046447841347,0 34.23133149052642,35.50451389373264,0 34.23122510241136,35.50444288319117,0 34.23098086412243,35.50445541068002,0 34.2309148440382,35.50449182029656,0 34.23085491413549,35.50462403916848,0 34.23084514224845,35.50474815020979,0 34.23082866394767,35.50481509450904,0 34.23080781907292,35.50488762896172,0 34.23058482286618,35.50489029067298,0 34.23039342190656,35.50486319826845,0 34.23009255979747,35.50483067127237,0 34.22996349259185,35.50486833343192,0 34.2296309311536,35.50474638848519,0 34.22924408505376,35.50464176419148,0 34.22920317142986,35.50467065718954,0 34.22895586808421,35.50472479078396,0 34.22886955079809,35.50477372483105,0 34.2285858936813,35.50501332483861,0 34.22833776841573,35.5051564547918,0 34.2282793616187,35.50518018639615,0 34.22838953543353,35.50487855188246,0 34.22843765512343,35.50483456496384,0 34.22717064515124,35.50450107550028,0 34.22666511006101,35.50438720525133,0 34.22654237179285,35.50430446614079,0 34.22582611545556,35.5041554224162,0 34.22600812657118,35.50287191007242,0 34.2255320648006,35.50267076585444,0 34.22547559315117,35.50282239316392,0 34.22496044141263,35.50281160408441,0 34.22457275544034,35.50276108362171,0 34.22443581307086,35.50309843862934,0 34.22418498630336,35.50365091708346,0 34.22355269316778,35.5036006104994,0 34.22369265391745,35.50341724021887,0 34.22369479347215,35.50337373329555,0 34.22369019663378,35.50334746058833,0 34.22373029815817,35.50322346502667,0 34.22368762024036,35.50308543256735,0 34.22354431775004,35.50314067034022,0 34.22327752365544,35.50298888941412,0 34.22326634077938,35.50289745563522,0 34.22318217952915,35.50288457704648,0 34.22307516947254,35.50284491943268,0 34.2230213513026,35.50279923723267,0 34.22308070179136,35.50274485218613,0 34.22304505253069,35.5026997041073,0 34.2228099161882,35.50261078036851,0 34.22272484323468,35.50252318870874,0 34.22263150995116,35.50258120229098,0 34.22241403546141,35.50250636521663,0 34.22215029804573,35.5023720771681,0 34.22192623554641,35.50232298628073,0 34.22168405888117,35.50224485332686,0 34.22156864737918,35.50221247440395,0 34.22126106967392,35.50217849529125,0 34.22059129583543,35.50195985967695,0 34.21951087731689,35.50158273155852,0 34.21943726334023,35.50172994732389,0 34.21946163905904,35.5018199908632,0 34.21944749004084,35.5019517126511,0 34.21937504520275,35.50193801895995,0 34.21916636243257,35.50185752526987,0 34.21901414834866,35.50177524207226,0 34.2188406945163,35.50152080228635,0 34.2187499796483,35.50141330487072,0 34.21871859533742,35.50147983853502,0 34.21842052523251,35.50227332791927,0 34.21813047186846,35.50221415311875,0 34.21801920234728,35.50213846631864,0 34.21796010949129,35.50208609075388,0 34.21790125659158,35.50204960331459,0 34.21779418583289,35.50203744163218,0 34.21762849051761,35.50197747432551,0 34.21755757366797,35.5020265864766,0 34.21748656624451,35.50204319460978,0 34.21740528393658,35.50202282657218,0 34.217111063077,35.50192036201575,0 34.21680375545085,35.50212724838098,0 34.21653029875398,35.50211576331857,0 34.21627368436308,35.50212246793308,0 34.21612449002434,35.50221722546843,0 34.21600687915432,35.50224593724526,0 34.21548192961017,35.50225230739333,0 34.21530877319067,35.50229026023577,0 34.21534232111223,35.50218145693222,0 34.21529290121097,35.50214859008119,0 34.21509613633395,35.50209106562109,0 34.21506729054619,35.50204243793792,0 34.2150006496523,35.50182584950491,0 34.21480986153925,35.50171400420849,0 34.21478814130133,35.50159099451292,0 34.21471689437792,35.50159171194311,0 34.21456728497143,35.50155084071825,0 34.21437917338104,35.5015341941267,0 34.21416072337846,35.50148488262145,0 34.21427424151467,35.5013937898206,0 34.21399434847648,35.50126430330467,0 34.21367507541398,35.50123668640642,0 34.21350247917131,35.50117485495121,0 34.21293727212911,35.50089580549308,0 34.21261494165208,35.50089519833836,0 34.21255222421646,35.50087716850016,0 34.2124258446535,35.50087314094769,0 34.21216006242643,35.50092442815836,0 34.21181415256095,35.5008978788064,0 34.21156762574827,35.50066457464035,0 34.21143422976067,35.50040899605486,0 34.21101547521326,35.50034698467792,0 34.21086970485658,35.50034579902141,0 34.21043725635282,35.50039372330753,0 34.21039440625279,35.50048970502267,0 34.20996633446777,35.50036545855927,0 34.21001552849047,35.50019015504779,0 34.20999534241665,35.50014003323289,0 34.20990711076703,35.50008794499709,0 34.20978001654753,35.50003624642355,0 34.20969522134251,35.49999736708587,0 34.20962330065645,35.49995306173019,0 34.20962546726614,35.49988152644974,0 34.20966017672283,35.49982025949387,0 34.20972087319002,35.49976402970895,0 34.20989882791947,35.49975165046865,0 34.20998286827874,35.4997402129507,0 34.21004416028363,35.49972370668448,0 34.2100052010794,35.49950161193552,0 34.20969719291651,35.49948086271529,0 34.209649094154,35.49951312891899,0 34.20942208598336,35.49949421566054,0 34.20909520462155,35.49951073578207,0 34.2090454533169,35.49964896376419,0 34.20894830035227,35.49964993739944,0 34.20851616122615,35.49955891548238,0 34.20859964571275,35.4994074505332,0 34.20837637865397,35.4993086951045,0 34.20837980177029,35.49910471563059,0 34.20816993921536,35.49914919518308,0 34.20814150802276,35.49919715623027,0 34.2077919179797,35.49921125134028,0 34.20757538028183,35.49924255407049,0 34.20746120292828,35.49918807483721,0 34.20722787936733,35.49917981528159,0 34.20713529165518,35.49914187462912,0 34.20653843618068,35.4989821949806,0 34.2061894203099,35.49897804033162,0 34.20613879099027,35.49905033501808,0 34.20590249734204,35.49902362077528,0 34.20561698932923,35.49891315270848,0 34.20533181931074,35.49887563985065,0 34.20527807712935,35.49891977299352,0 34.20500499729913,35.49887433882346,0 34.20480203522427,35.49885551283165,0 34.20480924957528,35.49880140044666,0 34.20398531316796,35.49871692415805,0 34.20385384481076,35.49904581476438,0 34.20361219779822,35.49912497060178,0 34.20351306248737,35.49919309478938,0 34.2032503558846,35.49916922914485,0 34.20285033141371,35.49906013456746,0 34.20272777848272,35.49923065984483,0 34.20261686438955,35.49926541336495,0 34.20260489550962,35.49937405139826,0 34.20256230566658,35.49942457406468,0 34.20203192664653,35.49940141521083,0 34.20156237488204,35.50000448345305,0 34.20145537124328,35.50049935602453,0 34.20147140888218,35.50063841469446,0 34.20142997971261,35.50068385475682,0 34.19622696801346,35.50196712287905,0 34.19487945668115,35.50266946752708,0 34.1912596074581,35.50454543473254,0 34.19130877562102,35.50459919775058,0 34.19145292995859,35.50462715787171,0 34.19173673751534,35.50456558589799,0 34.191853654185,35.50462093890521,0 34.1919684082295,35.50471700004202,0 34.19185366201015,35.50480854748109,0 34.19182613140244,35.50500320852692,0 34.19186616174346,35.50509322669692,0 34.19175721762044,35.50539040791077,0 34.19172642174858,35.50555119650416,0 34.19160537575591,35.50572785784656,0 34.19149250760988,35.50621496915429,0 34.191555412056,35.50626366271455,0 34.19165827023433,35.50630845103824,0 34.19185986784645,35.50637072752712,0 34.19201231282153,35.50644213455281,0 34.1920450449053,35.50643295323883,0 34.19217108148418,35.50637460746309,0 34.19225804719918,35.50638571255786,0 34.19233659398673,35.50637750507853,0 34.19244793191902,35.50639214913435,0 34.19249452940837,35.50638045844413,0 34.19272047476272,35.50612249485194,0 34.19342694906228,35.50576814198573,0 34.19372816889521,35.50560707917852,0 34.19407699624971,35.50548347600787,0 34.19420681490493,35.50542475720965,0 34.1943871970981,35.50536909863371,0 34.19475401653626,35.50513174132838,0 34.19510151030259,35.50503948622242,0 34.19523972871495,35.50500278990427,0 34.19532648570145,35.50486184302288,0 34.195567116296,35.50466495857045,0 34.19580931680138,35.50543771806008,0 34.19596930202027,35.50546641349886,0 34.19596608747811,35.50562085135107,0 34.19611660110103,35.50562305069156,0 34.19610534326351,35.50586886968022,0 34.19618886332302,35.50596454963132,0 34.19599921132365,35.50701282639615,0 34.19642069952132,35.50714002473236,0 34.196535205913,35.50727532232149,0 34.19659031042764,35.50737536394188,0 34.19640547445172,35.50756187209739,0 34.19635400201761,35.50759380329637,0 34.19621639860937,35.50765045113085,0 34.19616673932224,35.507664104179,0 34.19612943514866,35.50752242031113,0 34.19576928725256,35.50759068811537,0 34.19563710994522,35.5076755215572,0 34.19536700872727,35.50770658812387,0 34.19513368117097,35.5076986966022,0 34.19489704408853,35.50769069140313,0 34.19441079699263,35.50749430440796,0 34.19425575262769,35.50750890818074,0 34.1934690303498,35.5076347577937,0 34.19323811008151,35.50768532337011,0 34.19272252195378,35.50778791478415,0 34.19210652630678,35.50794151512551,0 34.19213367530821,35.50807158120664,0 34.19200329686338,35.5080463528447,0 34.19203588141117,35.50833939204351,0 34.19167439365724,35.50834932864263,0 34.19159822841971,35.5083973283906,0 34.19146351024714,35.50840770805414,0 34.19134636223801,35.5083650354586,0 34.19096986895264,35.50846110104786,0 34.19077132423116,35.50853602495612,0 34.19046963625562,35.50857914429945,0 34.19055155283183,35.50890066806117,0 34.19037661656675,35.5091000209005,0 34.19026845480909,35.50908347616055,0 34.1900411281919,35.50921701966615,0 34.18950429616512,35.50939285282088,0 34.18947335023623,35.50945149026023,0 34.18924043104601,35.50951675354263,0 34.18919391938039,35.5095790458784,0 34.18919046500839,35.50943605989935,0 34.18912400334152,35.50942593118467,0 34.18905336326255,35.50971725606605,0 34.18898182402837,35.50971743038323,0 34.1889293838687,35.50961126717866,0 34.188834646228,35.50948523913299,0 34.18866903654524,35.50941477985668,0 34.18855559509192,35.50939190088209,0 34.18829771252005,35.50940035495988,0 34.18816472962695,35.50939301886568,0 34.18803912324569,35.50944022985578,0 34.18794764010967,35.50954887266607,0 34.18750913552773,35.50950060381518,0 34.18740430190041,35.50943624283306,0 34.18724673489368,35.50942165260891,0 34.18714574306986,35.50946062867747,0 34.18712721870548,35.50954289133282,0 34.18700931587072,35.50961792122366,0 34.18693048393132,35.50976930225846,0 34.1867232772625,35.50977330848423,0 34.18663605439919,35.50973129497385,0 34.18662243179244,35.50946307121333,0 34.18655970462419,35.509366541068,0 34.18647636082525,35.5093225524076,0 34.18599807430818,35.50935528059007,0 34.1859986168504,35.50943669406891,0 34.18555785436175,35.5094532150221,0 34.18531982880638,35.50920098070028,0 34.18527785069521,35.50920766075163,0 34.18530643607885,35.50942214525822,0 34.18492184157187,35.50945825034219,0 34.18488202318063,35.50910207630658,0 34.18475606515629,35.50908388712472,0 34.18446804065508,35.50907361636117,0 34.1842436615263,35.50901933564263,0 34.18395006268431,35.50897795359577,0 34.18413834943424,35.50927710615082,0 34.18383871420546,35.50945630325931,0 34.18333091654878,35.50963207376921,0 34.18332003060384,35.50970082723038,0 34.18300308934191,35.50980721378738,0 34.18279722064626,35.50987631647073,0 34.1825113549888,35.5099178331904,0 34.18244721803847,35.50984490412601,0 34.18228469615632,35.51003774979483,0 34.18217542304671,35.51008884321406,0 34.18185367491103,35.51014235379684,0 34.18138724535267,35.51021992370189,0 34.18080929680541,35.51044084301118,0 34.18016424066841,35.51059859858586,0 34.17952453004195,35.5109269521511,0 34.17953023130628,35.51098785328851,0 34.17876020049317,35.51082013402697,0 34.17876620587454,35.51076727331063,0 34.17856840551071,35.51073350694707,0 34.17851039365108,35.51076112414215,0 34.17838655802785,35.51042094631494,0 34.17809451055473,35.51054914672476,0 34.1776485168633,35.51085337788808,0 34.17735268858563,35.51093821003852,0 34.1767391400999,35.51123142990379,0 34.17640524687953,35.51147790240337,0 34.17628465099869,35.5116726790574,0 34.17607998803764,35.5117568578939,0 34.17576752051642,35.51183638030111,0 34.17564504767925,35.51201082891299,0 34.1754463827024,35.51219124378569,0 34.17523014194753,35.51227821535384,0 34.17515298830197,35.51250522763937,0 34.17500795207496,35.51258491124772,0 34.1748635818454,35.51272696913819,0 34.17410203573891,35.51329108465396,0 34.17383693874932,35.51330517516161,0 34.1737904544337,35.51345467194962,0 34.17359536856681,35.51350487664911,0 34.17333538904857,35.5136884361893,0 34.1731914160185,35.51371251305777,0 34.17310902262132,35.5137592044738,0 34.17273395514523,35.51418902640047,0 34.17268021633674,35.51428026455179,0 34.17244247392811,35.51452875569282,0 34.17217022308346,35.51465002044159,0 34.17165601643586,35.51493572933111,0 34.17159734624207,35.51503106980866,0 34.17147715450628,35.5151092181427,0 34.17088570990063,35.51530325840432,0 34.17079079948696,35.51542055239581,0 34.17052132544211,35.51549162073237,0 34.17000162430121,35.5155725966792,0 34.16986231947363,35.51556815889764,0 34.16956300592131,35.51563943610132,0 34.16921014951025,35.51582093295963,0 34.1689601416789,35.51600848015681,0 34.16891663158149,35.51612676526444,0 34.16880584335128,35.51631061589581,0 34.1687283795625,35.51651050463271,0 34.16873407013258,35.51657826701896,0 34.16864572569896,35.51680593792549,0 34.1685074477323,35.51716228562557,0 34.16843272062764,35.51735486072232,0 34.16758083929848,35.51716883094429,0 34.16734108576129,35.51711647395734,0 34.16730629058212,35.51716083690151,0 34.16730703180694,35.51717076374118,0 34.16731145867326,35.51723005188624,0 34.16739855176891,35.51735267300728,0 34.16741687846785,35.5175179867955,0 34.16748613859805,35.51763954658151,0 34.16745552637481,35.51772384126393,0 34.16722804586983,35.51769154424649,0 34.16682126641563,35.51795071630627,0 34.16663956347833,35.51801437814427,0 34.16659064335014,35.51809202152599,0 34.16648114393318,35.51855657768919,0 34.16654462998644,35.5186022376793,0 34.16670825185396,35.51863176574848,0 34.16700186956109,35.51872512969021,0 34.16725464482995,35.51879742217229,0 34.16734060487564,35.51893022169921,0 34.16728651026662,35.51898891535281,0 34.16621252386366,35.51965419862527,0 34.16677381219073,35.52052356677534,0 34.16619613771113,35.5206157857153,0 34.16524895467903,35.52025766961868,0 34.16193625202431,35.52231119625154,0 34.16030701426276,35.52332070085658,0 34.15889495759436,35.52417271465769,0 34.15838430050754,35.52448697819137,0 34.15544247514229,35.52629731800602,0 34.15409687822319,35.52712532125189,0 34.15371329268032,35.52570719890313,0 34.15368065883283,35.52552468986546,0 34.15357336867471,35.52519257060239,0 34.15298105261896,35.52519056829605,0 34.15265429753404,35.52516294596699,0 34.15244582635426,35.52516643076589,0 34.15217405516988,35.52515404887853,0 34.15190779013911,35.52519189855865,0 34.15154089102121,35.52521821758828,0 34.15129787630669,35.52525522564021,0 34.15127207674892,35.52517048928532,0 34.15059898990895,35.52523017439276,0 34.15038196617655,35.52520993775174,0 34.14993207957749,35.52548545523693,0 34.14971033401453,35.52565138243822,0 34.14989348890607,35.52593067385456,0 34.1497195224743,35.52597739062418,0 34.14950459651575,35.52616025347306,0 34.14939745025872,35.52640283033712,0 34.1492981711721,35.52644223723031,0 34.14923567285987,35.52650380778283,0 34.14916369695731,35.52661299543994,0 34.14936601333184,35.5266564330083,0 34.14953315144722,35.52675241998254,0 34.14946302925275,35.52679977697085,0 34.14921677635013,35.52716695065905,0 34.14904918035909,35.52734812691074,0 34.14883917794786,35.52752552041144,0 34.14855181624598,35.52769325754386,0 34.14843375205125,35.52781759994658,0 34.14841633781921,35.52779727945472,0 34.14840256028509,35.52778767221299,0 34.14821771131803,35.52766058296316,0 34.14813006379127,35.5275815595118,0 34.147984218806,35.52750584793353,0 34.14776963535302,35.52743632611272,0 34.14768840033958,35.5274398751844,0 34.14734627601904,35.52759168566088,0 34.14716249297499,35.52761129032899,0</coordinates>
						</LinearRing>
					</outerBoundaryIs>
				</Polygon>
				<Polygon>
					<extrude>0</extrude>
					<altitudeMode>clampToGround</altitudeMode>
					<outerBoundaryIs>
						<LinearRing>
							<coordinates> 34.13103965561246,35.51069791942806,0 34.13106436192198,35.5107142850992,0 34.13106747090202,35.5107268145806,0 34.13102674499635,35.51075078692528,0 34.13102910327017,35.51079687412339,0 34.13094466930869,35.51082224047217,0 34.130878926294,35.51080132402407,0 34.13083826527903,35.51073568001252,0 34.13086180409204,35.51067948355762,0 34.13092380521743,35.51066491148803,0 34.13094466045897,35.51059492604016,0 34.131007185757,35.51058330886399,0 34.13103965561246,35.51069791942806,0</coordinates>
						</LinearRing>
					</outerBoundaryIs>
				</Polygon>
			</MultiGeometry>
		</Placemark>
	</Document>
</kml>