<?xml version='1.0' encoding='UTF-8'?>
<kml xmlns="http://www.opengis.net/kml/2.2">
	<Document>
		<name>AIGIALOUSA</name>
		<Style id="PolyStyle70">
			<LabelStyle>
				<color>00000000</color>
				<scale>0.000000</scale>
			</LabelStyle>
			<LineStyle>
				<color>ff0055ff</color>
				<width>2.000000</width>
			</LineStyle>
			<PolyStyle>
				<color>00828282</color>
				<outline>1</outline>
			</PolyStyle>
		</Style>
		<Placemark id="ID_70228">
			<name>AIGIALOUSA</name>
			<snippet />
			<description>&lt;html xmlns:fo="http://www.w3.org/1999/XSL/Format" xmlns:msxsl="urn:schemas-microsoft-com:xslt"&gt;

&lt;head&gt;

&lt;META http-equiv="Content-Type" content="text/html"&gt;

&lt;meta http-equiv="content-type" content="text/html; charset=UTF-8"&gt;

&lt;/head&gt;

&lt;body style="margin:0px 0px 0px 0px;overflow:auto;background:#FFFFFF;"&gt;

&lt;table style="font-family:Arial,Verdana,Times;font-size:12px;text-align:left;width:100%;border-collapse:collapse;padding:3px 3px 3px 3px"&gt;

&lt;tr style="text-align:center;font-weight:bold;background:#9CBCE2"&gt;

&lt;td&gt;3&lt;/td&gt;

&lt;/tr&gt;

&lt;tr&gt;

&lt;td&gt;

&lt;table style="font-family:Arial,Verdana,Times;font-size:12px;text-align:left;width:100%;border-spacing:0px; padding:3px 3px 3px 3px"&gt;

&lt;tr&gt;

&lt;td&gt;DIST_CODE&lt;/td&gt;

&lt;td&gt;3&lt;/td&gt;

&lt;/tr&gt;

&lt;tr bgcolor="#D4E4F3"&gt;

&lt;td&gt;VIL_CODE&lt;/td&gt;

&lt;td&gt;352&lt;/td&gt;

&lt;/tr&gt;

&lt;tr&gt;

&lt;td&gt;VIL_CCD&lt;/td&gt;

&lt;td&gt;3352&lt;/td&gt;

&lt;/tr&gt;

&lt;tr bgcolor="#D4E4F3"&gt;

&lt;td&gt;VIL_NM_E&lt;/td&gt;

&lt;td&gt;AIGIALOUSA&lt;/td&gt;

&lt;/tr&gt;

&lt;tr&gt;

&lt;td&gt;VIL_NM_G&lt;/td&gt;

&lt;td&gt;ΑΙΓΙΑΛΟΥΣΑ&lt;/td&gt;

&lt;/tr&gt;

&lt;/table&gt;

&lt;/td&gt;

&lt;/tr&gt;

&lt;/table&gt;

&lt;/body&gt;&lt;script type="text/javascript"&gt;

				function changeImage(attElement, nameElement) {

				document.getElementById('imageAttachment').src = attElement;

				document.getElementById('imageName').innerHTML = nameElement;}

			&lt;/script&gt;&lt;/html&gt;

</description>
			<styleUrl>#PolyStyle70</styleUrl>
			<MultiGeometry>
				<Polygon>
					<extrude>0</extrude>
					<altitudeMode>clampToGround</altitudeMode>
					<outerBoundaryIs>
						<LinearRing>
							<coordinates> 34.17296286746063,35.5161328299923,0 34.17317327711925,35.51590470877049,0 34.17327912575909,35.51588090270888,0 34.17371167337392,35.51586697937828,0 34.17399058864216,35.5159043218264,0 34.17414626953887,35.51588965302617,0 34.1742270789378,35.51584975221354,0 34.17435003586665,35.51572005295526,0 34.17471852100304,35.51560623348107,0 34.17478945540002,35.51557318272977,0 34.17509123164881,35.51557781391426,0 34.17532724670367,35.51563444330675,0 34.17554468587365,35.51581460547567,0 34.17567151106333,35.51589235289503,0 34.17589722071406,35.51591515348933,0 34.17663682170939,35.51562375000724,0 34.17683731147017,35.51545823624821,0 34.17698963893884,35.51528493002684,0 34.17707674449636,35.51521379390696,0 34.17709727927335,35.51511872295108,0 34.17708259958921,35.51498593422142,0 34.17740080233505,35.51466634545722,0 34.17744315488067,35.51444093698615,0 34.17749252295911,35.51440668376349,0 34.1778465713213,35.51433906331322,0 34.1782499633162,35.5140798856998,0 34.17853739766787,35.51398426286104,0 34.17868129566181,35.51395340085929,0 34.17885746347547,35.51383958864195,0 34.17965564848497,35.51360334616798,0 34.1800101411504,35.5135777547717,0 34.18026241117303,35.51360442432559,0 34.18045951345489,35.51358809562174,0 34.18072517633166,35.51347228270486,0 34.18096220650263,35.51331463683692,0 34.18114936115125,35.51314378744063,0 34.18128224914501,35.51301400918908,0 34.18134475953252,35.51296881113358,0 34.1814164300547,35.51285031976116,0 34.18147643883542,35.51272648797426,0 34.18160641660734,35.51263470015292,0 34.18174603804961,35.51266895486297,0 34.1818525790449,35.51271022831286,0 34.181904270241,35.51277819001801,0 34.18201401473146,35.51292247896166,0 34.18245665302354,35.51323187094287,0 34.18265622642052,35.51344537183382,0 34.1829475929089,35.51379314018819,0 34.18295887162783,35.51383984339221,0 34.18288230892755,35.51396582826817,0 34.18275715757655,35.51442982112847,0 34.18276430735789,35.51447791045717,0 34.18304380553909,35.51456946939155,0 34.18322812316899,35.51459729938479,0 34.18351108147183,35.51462509770143,0 34.18404277434881,35.51481247576235,0 34.18413077143181,35.51482472564579,0 34.1842310256716,35.51482061391219,0 34.18436756694219,35.51479928990076,0 34.18485266279814,35.51466222559065,0 34.18497762918297,35.51464369682729,0 34.18511647758336,35.51468269955114,0 34.1853503468025,35.51484713072202,0 34.18544075288563,35.51496750692015,0 34.18550190028363,35.51494977696219,0 34.18576542973096,35.51467463166181,0 34.18608757018395,35.51456941781132,0 34.18631208689087,35.51448168932092,0 34.18653393747969,35.51441567523473,0 34.18698258688489,35.51435836348561,0 34.18742828996447,35.51422004789521,0 34.18760710376911,35.51419875381244,0 34.18770748165777,35.51416785621234,0 34.18787277210938,35.51404580294048,0 34.18797175286434,35.51403898596959,0 34.18814163615975,35.51411166259702,0 34.18872880254514,35.51314376974791,0 34.18873758050056,35.51288266576915,0 34.18881590761773,35.51276751226799,0 34.18902661482402,35.5129361717448,0 34.18911113352987,35.5128569093938,0 34.18945321343952,35.51298664776442,0 34.18976248416613,35.51299525664953,0 34.18984157653688,35.5130272292724,0 34.19007201945595,35.51295165413796,0 34.19023429306426,35.51293420564443,0 34.19083327406267,35.51298207164771,0 34.19118753609659,35.51293542989242,0 34.19124871354569,35.51292074670148,0 34.19154499129425,35.51264874267044,0 34.1923910505878,35.51285549940905,0 34.19246982234025,35.51262914374391,0 34.19260269764084,35.51250003108048,0 34.19234737271174,35.51226864501209,0 34.19285058654673,35.51181850749391,0 34.19287697097803,35.51172949407648,0 34.19276431302743,35.51165979848566,0 34.19277200860042,35.51152888336412,0 34.19272810747838,35.51145529742344,0 34.19274816650314,35.51131818987403,0 34.19301064755395,35.51136916843252,0 34.19324399848192,35.511256952731,0 34.19384472003651,35.51138954375141,0 34.19401987116979,35.51118486175749,0 34.19415374637806,35.51145238603358,0 34.19441970544745,35.51151825149738,0 34.19425005107591,35.51177103542452,0 34.19444354510179,35.51203270102042,0 34.1941086302559,35.51195241902222,0 34.19372286893626,35.51260748868445,0 34.19379158594467,35.51267614824591,0 34.19388763983754,35.51274325195499,0 34.19407845880846,35.51283543044779,0 34.19419617229854,35.51291254639023,0 34.19427821117275,35.51298653196617,0 34.19448645974629,35.51308061739535,0 34.19464572422442,35.51320557091314,0 34.1946478113156,35.51324488061253,0 34.19487914207643,35.5134413482751,0 34.19521424366608,35.51357384226393,0 34.19525326481372,35.5135892704801,0 34.19521529298482,35.51367013979788,0 34.19509942689011,35.51391690481335,0 34.19499745599121,35.51436335639377,0 34.19450756888537,35.51452637573254,0 34.19452121571742,35.51454696657959,0 34.19443496087558,35.51457836267835,0 34.19432602085158,35.51444597523776,0 34.19357871823955,35.51491352016269,0 34.19343083268996,35.5150589884367,0 34.19374541138358,35.51515721346215,0 34.19421732084941,35.51530721459057,0 34.19467658252113,35.51548400640176,0 34.19501820310239,35.51564596240026,0 34.19484781858373,35.51600485558478,0 34.19450477702114,35.51647349849817,0 34.19421743907802,35.5168056199058,0 34.1941067668744,35.51697863337589,0 34.19370425277122,35.51760787092969,0 34.19389751005921,35.51768586257875,0 34.19421316285278,35.51754284534574,0 34.19433946184299,35.51744126083842,0 34.19454076885273,35.51754223206442,0 34.19498830319706,35.51773037768501,0 34.19526108317521,35.51786894962025,0 34.19547843121169,35.51797936168995,0 34.19563215475168,35.51768205915161,0 34.19570141684641,35.51748387363672,0 34.19573456245953,35.5169667716957,0 34.19574650205344,35.51678048267743,0 34.19590422578001,35.51654564793996,0 34.19611161181837,35.51629550696888,0 34.19623152687873,35.51617303430329,0 34.19638079561474,35.51622900721141,0 34.19649373343206,35.51607601743423,0 34.19666218274839,35.51606323885398,0 34.19689122621575,35.51612338391776,0 34.1971148775179,35.51614620570902,0 34.1968134000238,35.51660150906182,0 34.1971550077489,35.51693051786022,0 34.19713402905777,35.51695655695093,0 34.19692351265389,35.51721783365183,0 34.19721818118059,35.51743102314932,0 34.19795029121497,35.51777416138555,0 34.19829666081038,35.51800599150018,0 34.19844179462392,35.51791118436206,0 34.19866125964744,35.51808212522319,0 34.19873146365576,35.51812236932498,0 34.19865592515863,35.51820172301811,0 34.1990234664642,35.51839467541358,0 34.19909541468221,35.51829089268135,0 34.19939009459091,35.51835259028988,0 34.19937712074862,35.51838121706437,0 34.19953379567328,35.51843033827528,0 34.19970427359301,35.51807176950231,0 34.20083805365994,35.51846153543777,0 34.20244906493208,35.51874588713581,0 34.20277569080872,35.51808726865658,0 34.20306877153006,35.51815440344844,0 34.20317321401852,35.51798516550693,0 34.20321494828021,35.5178530713514,0 34.20347961201905,35.51790411047192,0 34.2040848358164,35.51795943580047,0 34.20416354125479,35.51801727776857,0 34.20439456944971,35.51803052089112,0 34.20472495341868,35.51801585881971,0 34.20497947534128,35.51805066644367,0 34.20529117045719,35.51814890698058,0 34.20533670155608,35.51806026030127,0 34.20561893701984,35.51819811746575,0 34.20702820526917,35.51871350393715,0 34.20725015361815,35.51835590315113,0 34.20828324097634,35.51849907309261,0 34.20844922130601,35.51758756477109,0 34.20848710337508,35.51725849645427,0 34.20852852596739,35.51709922990818,0 34.20855454169967,35.51710455900155,0 34.2092319647043,35.51724331508122,0 34.2096525570968,35.51737985128212,0 34.2101397274636,35.51738307682245,0 34.21056409367169,35.51732133524852,0 34.21067411581524,35.51712227271809,0 34.21075824064874,35.51706402994316,0 34.21083939043527,35.51706049793133,0 34.21096698399234,35.51693845468769,0 34.21100443211188,35.51685443135,0 34.21103304795519,35.51679022851259,0 34.21101389673812,35.51632554884209,0 34.21105801846475,35.51579173347684,0 34.21121828346975,35.51558894475857,0 34.21075196640671,35.51536879743135,0 34.21089959409066,35.51504549625448,0 34.21059741609405,35.51487431019416,0 34.21048864235498,35.51452826104526,0 34.21057985313001,35.51450381487977,0 34.21067664304628,35.51430325918237,0 34.21069353159942,35.51417636444374,0 34.21105068180186,35.51416138948614,0 34.21118070411034,35.51399756056843,0 34.21131951038687,35.51389793197775,0 34.21140452219002,35.51346065062062,0 34.21157702188766,35.51348754105258,0 34.21165746803078,35.51346317426987,0 34.21181903902981,35.5133783417555,0 34.21224223235273,35.51325371094527,0 34.21241410300899,35.51322426265578,0 34.21260541314992,35.51310399356058,0 34.212702179201,35.51309535167673,0 34.21287813026352,35.51323929962698,0 34.21296251171727,35.51327828790733,0 34.21322079818442,35.51327724767479,0 34.21331250486519,35.51320085611052,0 34.21342790557568,35.51302921083091,0 34.21386668677064,35.51280673985819,0 34.21416506089969,35.51273321029925,0 34.21403599401215,35.51240228128983,0 34.21356106271304,35.51237412396176,0 34.21350447220149,35.51207610830615,0 34.21352434132974,35.51202402051356,0 34.21346477693599,35.51170049591597,0 34.21352354250901,35.51161378509067,0 34.2135812024718,35.51157286074359,0 34.21360072553833,35.51139312466386,0 34.21363116948547,35.51132423143796,0 34.21358668212749,35.51109831399365,0 34.21340693075928,35.51109612966183,0 34.213377267723,35.51104176959935,0 34.21348193349861,35.51087284505324,0 34.21342511133875,35.51069895935342,0 34.21328312070305,35.51060845923369,0 34.21310360274924,35.51053056410279,0 34.21306137974935,35.51041115109719,0 34.21321809857554,35.51018109542238,0 34.21328392232758,35.50990681925987,0 34.21334827419481,35.50979013504062,0 34.21325297914817,35.50958423769321,0 34.21316983983209,35.50940459773627,0 34.21317996815029,35.50919529483126,0 34.21314893296978,35.50901822581118,0 34.21321138864951,35.50880989184587,0 34.21314137132995,35.50863718864566,0 34.21305461439047,35.50860182944746,0 34.21303195902446,35.50843149162876,0 34.21285042098565,35.50838596801644,0 34.21280652432036,35.50832176013584,0 34.21277892622455,35.50822957919444,0 34.21279494376996,35.50817647391175,0 34.21298495960166,35.50816283397246,0 34.21300248469991,35.50802140640824,0 34.21307833147738,35.50767303570676,0 34.21309661963713,35.50752548882641,0 34.21326015831977,35.50737142759499,0 34.21337868512988,35.50727680088256,0 34.21353635166243,35.50726679681338,0 34.2136761601731,35.50729360858998,0 34.21406824318807,35.5074544036997,0 34.21426900141534,35.50751065110217,0 34.21441487836461,35.50756051260086,0 34.21470100281989,35.50760185778585,0 34.21502438078355,35.50770745915872,0 34.21536296731436,35.50776199729808,0 34.21571099735228,35.50776959137875,0 34.21652648979616,35.507920427808,0 34.21683796170323,35.50792625397168,0 34.21711665297632,35.50797104549707,0 34.21742253044474,35.50807065667912,0 34.21769669020786,35.50808151412865,0 34.21818499200992,35.50823138769225,0 34.21903201576749,35.50845329926837,0 34.21944747957922,35.50869813580587,0 34.21977639854592,35.50885259365446,0 34.22011652524959,35.50889555822166,0 34.22040776604037,35.50894839971234,0 34.22034948239996,35.50908265985746,0 34.22066863008885,35.5091801257961,0 34.22071315739713,35.50922598591309,0 34.22076940071081,35.50920586334254,0 34.22103532237985,35.50929625470633,0 34.22107908012955,35.50927350945933,0 34.22128929949677,35.5093582037948,0 34.22136337708763,35.50937327220375,0 34.22167636622484,35.50952129138354,0 34.22170143312044,35.50953314626445,0 34.22177206526054,35.50958161307522,0 34.22187025555998,35.50964898904508,0 34.22207003000129,35.50972478396496,0 34.22239745795683,35.50980165264934,0 34.22257563977305,35.50987354035946,0 34.22341491901798,35.51006419587923,0 34.22374276096154,35.51010410582025,0 34.22381907381614,35.5101828609271,0 34.22395683205708,35.51041879299294,0 34.22406959258488,35.51042201187482,0 34.22420554509402,35.51049760544872,0 34.22427244064031,35.51047608249784,0 34.22432752627881,35.51043634275215,0 34.22446648646103,35.51026375668289,0 34.22480675150403,35.51000829037311,0 34.22497817510457,35.51014226500899,0 34.22506849969825,35.51006700164508,0 34.22517034399989,35.51013132388359,0 34.22535693659151,35.51006686135373,0 34.22581460984578,35.51015358787473,0 34.22634172055096,35.5102238549692,0 34.22631875561346,35.51039217794185,0 34.22547749299839,35.51024698492061,0 34.2253887756748,35.51024426305847,0 34.22533536347125,35.51028534812487,0 34.22522661034128,35.51026989534382,0 34.2252099453754,35.51055614666408,0 34.22503470313949,35.51074527920814,0 34.22542221550881,35.51085762309195,0 34.22568574601704,35.51085360262523,0 34.22612674652792,35.51100486522728,0 34.22654785008235,35.51100880635322,0 34.22653927765096,35.51105701037288,0 34.22697762710934,35.51112014761145,0 34.22741414189065,35.51109413609749,0 34.22741377426807,35.51098836695856,0 34.22744054214153,35.51093663486434,0 34.22751451883543,35.51088183476288,0 34.22755224518476,35.51084629174523,0 34.22756868318717,35.51076073681503,0 34.22744508883873,35.51067895207007,0 34.22734024068589,35.51064245344006,0 34.22723243064103,35.51063716477306,0 34.22720492799322,35.5106238126669,0 34.22721951255772,35.51022739762942,0 34.22711774792672,35.51024376108353,0 34.22732780283462,35.50998181351133,0 34.22774339044891,35.50947558971891,0 34.22817388772526,35.50895119602841,0 34.22840413567177,35.50864471493544,0 34.2285029046057,35.50846151266623,0 34.22871496095655,35.50791060140613,0 34.22868546989202,35.50771575213198,0 34.22824190909319,35.50772784107412,0 34.22810980695313,35.50769099056726,0 34.22815630280646,35.50739657500391,0 34.2282272499645,35.50716602782305,0 34.22835812172622,35.50719900620573,0 34.22902912208659,35.50726186506756,0 34.22902747426749,35.50764037528334,0 34.22913542322297,35.5076395583753,0 34.22937899085452,35.50767168287533,0 34.2301283309848,35.50763300961832,0 34.2306825006002,35.50775012270378,0 34.23084026937619,35.50722582229099,0 34.2304018615947,35.50706416027199,0 34.22993699486268,35.50697548473691,0 34.23041091801129,35.50556077439197,0 34.23058482286618,35.50489029067298,0 34.23080781907292,35.50488762896172,0 34.23082866394767,35.50481509450904,0 34.23084514224845,35.50474815020979,0 34.23085491413549,35.50462403916848,0 34.2309148440382,35.50449182029656,0 34.23098086412243,35.50445541068002,0 34.23122510241136,35.50444288319117,0 34.23133149052642,35.50451389373264,0 34.23134839723262,35.5046447841347,0 34.2312728577153,35.50478316960192,0 34.23112063093261,35.50495901546596,0 34.23138020544865,35.50504342108623,0 34.23191983800957,35.50513540597397,0 34.23209207634471,35.50525929401781,0 34.2322516277596,35.50510183043038,0 34.23234380993421,35.5050710445145,0 34.23243045357577,35.5050467629014,0 34.23254060037895,35.50505887468257,0 34.23261183282989,35.50508306734867,0 34.23264351957022,35.50513767413295,0 34.232556646604,35.50553139011974,0 34.23258498786037,35.50562434288348,0 34.23267354033891,35.50569160574581,0 34.23285717581511,35.50566982963295,0 34.23289641415526,35.50578211074225,0 34.23285111001972,35.50586688889398,0 34.23261894456755,35.50600258300064,0 34.23262907453698,35.50605879622416,0 34.23287752098521,35.50620733677921,0 34.23309776724248,35.50627553892387,0 34.23327181590282,35.5062830500523,0 34.23339237219455,35.50631017815495,0 34.23347847692328,35.50637066524506,0 34.233542954731,35.50661571392841,0 34.23359357100808,35.50668520534059,0 34.23365076375714,35.50670709125571,0 34.23372673251264,35.50665997299049,0 34.23374677822476,35.50659572363976,0 34.23380573461009,35.50635556028168,0 34.23398095978617,35.50622029678582,0 34.23448704177373,35.50638628330282,0 34.23472954900429,35.50622139173753,0 34.23491277696376,35.50602300919763,0 34.23500353686816,35.5058551415305,0 34.23504282791334,35.50575457598188,0 34.2351053752092,35.50564900270969,0 34.23533791162885,35.50560954906266,0 34.23538998326246,35.50556977299631,0 34.235411777533,35.5054693865163,0 34.23539924122188,35.50544249802066,0 34.23536963836917,35.50538396357626,0 34.23527093672123,35.5052812762268,0 34.23531954800074,35.50516030200703,0 34.23535919003954,35.50503160458768,0 34.23546709231369,35.50489168918098,0 34.23555369805798,35.5048335661164,0 34.23564839187853,35.50482862241606,0 34.23591339176457,35.50494715647056,0 34.23640587036424,35.50490131586455,0 34.23664948657708,35.50483633084575,0 34.23703478164685,35.50460192568617,0 34.23728775063437,35.50460525542181,0 34.23772037486469,35.50476152066852,0 34.23798003555921,35.50478759267669,0 34.23888240214109,35.50469038680938,0 34.23915330623868,35.50461290681555,0 34.23930178239564,35.50450332934818,0 34.23938283956677,35.50430603749149,0 34.23940505071334,35.50418793401465,0 34.23969406610583,35.50423407966449,0 34.24068311270559,35.50461303330331,0 34.24275101873698,35.50540465850489,0 34.24273849772763,35.5055275007878,0 34.24323023118146,35.5056964436589,0 34.24362656419867,35.50595730030599,0 34.24408572532833,35.50618260187641,0 34.24456466524483,35.50635689770247,0 34.24477276870514,35.50646576682516,0 34.24478624216081,35.50661208081119,0 34.2447485004355,35.50668514249406,0 34.24475270507102,35.50677103189765,0 34.24490097848334,35.50689614368874,0 34.24495132396718,35.50698693844337,0 34.24510861848483,35.50705762124338,0 34.24517683724231,35.50776945927529,0 34.24524138170377,35.50779000466842,0 34.24527130365598,35.50806156760687,0 34.24559228552487,35.50819937541181,0 34.24563546485065,35.50831915788216,0 34.24561726628481,35.50841398765949,0 34.24564925424309,35.50849264931811,0 34.24549903847257,35.50875727212912,0 34.24559824079134,35.50880911338888,0 34.24553035829508,35.5090568810357,0 34.24552307398034,35.5093398993713,0 34.24552050177968,35.5094398492808,0 34.24565172052588,35.50944087546805,0 34.24554306074923,35.50959591578695,0 34.245185031419,35.5099464796845,0 34.24557452396462,35.5103802740966,0 34.24557996711663,35.51056432456382,0 34.2454516525458,35.5104552659059,0 34.24521048456582,35.51049788176882,0 34.24516885611844,35.51063270527168,0 34.24501882486953,35.51094532421942,0 34.24467595148126,35.51095407760315,0 34.24446054022857,35.51092584680038,0 34.24440701236852,35.51132569221671,0 34.24429364482552,35.51175758530582,0 34.2435374907406,35.51164707110123,0 34.24344032599546,35.51179149109624,0 34.24296037713433,35.51165167659221,0 34.24254274337793,35.51249026478502,0 34.24207643796424,35.51238175919957,0 34.24171273298622,35.5133977392228,0 34.24106871465388,35.51321790929481,0 34.24026148466899,35.51307193181337,0 34.24014137053497,35.51302597930142,0 34.23974146773377,35.51298692604999,0 34.23954107674083,35.51318274231524,0 34.23957275753416,35.51326605483382,0 34.23946423226465,35.51328930287377,0 34.23935944882476,35.51305913938234,0 34.23912009524803,35.51289861782962,0 34.23909556481014,35.51293209109813,0 34.23896046440765,35.51281016994128,0 34.23898057952537,35.51275363317244,0 34.23866755500563,35.51254136680833,0 34.2384264156785,35.51302280241857,0 34.23904369797211,35.51333429931123,0 34.23902894169091,35.51356877347642,0 34.2391623656109,35.51361666240146,0 34.23918019436316,35.5136504909248,0 34.23925403132547,35.51371649841347,0 34.23901114944142,35.5142635023598,0 34.239257751684,35.5143315834827,0 34.23954028692217,35.51463646811089,0 34.23954148346272,35.51495845144454,0 34.23935953081999,35.51473431390846,0 34.2390499850648,35.51460897315233,0 34.23893501405225,35.51450455994307,0 34.23874838667182,35.51445232234362,0 34.23823882982539,35.51426601309946,0 34.23768350301147,35.51421659304222,0 34.23770501124528,35.514499700348,0 34.23709441660993,35.51448330619843,0 34.23694150706138,35.51512879738176,0 34.23681567630674,35.51552783262697,0 34.23630146697756,35.51551613323088,0 34.23627337831841,35.51560194020951,0 34.23592291759965,35.51552988992611,0 34.23589099101154,35.51608003352905,0 34.2360556036521,35.51609508169295,0 34.23603378757989,35.51658502957539,0 34.23568847504477,35.51660056929146,0 34.23559338867583,35.51605513112882,0 34.235310105929,35.51597509409758,0 34.2351451650981,35.5159499683304,0 34.2345717661852,35.51586261739935,0 34.23446110772696,35.5165540259942,0 34.23392362046886,35.51666863516131,0 34.23392775513819,35.51668215355688,0 34.23400031636513,35.51691943176487,0 34.23370194922991,35.51741080601321,0 34.23336929478867,35.51780869584456,0 34.23326941109833,35.51778907604353,0 34.23317636612918,35.51793243902523,0 34.23311969412979,35.51791520730729,0 34.23287259728794,35.51794969372487,0 34.23270919987608,35.51789523197593,0 34.23258824824067,35.51792196538113,0 34.23205566554013,35.51753608631674,0 34.23178427350153,35.51762509931348,0 34.23149278517404,35.51762663292155,0 34.23131367953638,35.51757840249055,0 34.23156837291565,35.51792020105898,0 34.23124990819453,35.51810603250679,0 34.23057520772475,35.51858938577409,0 34.23074898864984,35.51875381898265,0 34.2312100026438,35.51905329565566,0 34.23138683739658,35.51905195361773,0 34.23141179967455,35.51905176365054,0 34.23142164413174,35.51911418599657,0 34.23131788570011,35.5193384668197,0 34.23109947195661,35.51941280984175,0 34.23078342742,35.51922703829069,0 34.23017565518651,35.51880232221537,0 34.22955103472548,35.51828262633236,0 34.22939857220774,35.51831367046352,0 34.2293494248846,35.51844718722017,0 34.22931099580521,35.51864719679464,0 34.22919385249294,35.51893679033707,0 34.22881869290108,35.51888392701277,0 34.22883889910744,35.5187614972996,0 34.22851561900451,35.51866951962,0 34.2283679858475,35.5188336714794,0 34.22820261884359,35.51897214324471,0 34.22813786749967,35.51904803718191,0 34.22809322397884,35.51906603613612,0 34.2279761595376,35.51914300431838,0 34.22796983928962,35.51917158344966,0 34.22799903614884,35.51918291092679,0 34.22804620238512,35.51916760999706,0 34.22809103850147,35.51916659106741,0 34.22813857353523,35.51918389385305,0 34.22824184082399,35.51928229249675,0 34.22828782221444,35.51930911687211,0 34.22848872134232,35.51937484900198,0 34.22852918355014,35.51942752961616,0 34.22844840762934,35.5194818056443,0 34.22838785282832,35.51948837807732,0 34.22839978685762,35.51951545994347,0 34.22845899468384,35.51953674995507,0 34.22850952909944,35.51959886445442,0 34.22850996699742,35.51963758179782,0 34.22844599158627,35.51963534842201,0 34.22831934820194,35.51959962348887,0 34.22824304776559,35.51946230059988,0 34.22817062898678,35.51944790372801,0 34.22808959990047,35.51933303387263,0 34.22803777448922,35.51937690154708,0 34.22794341877242,35.51933210140908,0 34.22757338772845,35.51965960893414,0 34.22748967421455,35.51967450834402,0 34.2274281658702,35.51974358314096,0 34.22731875256265,35.51976275107835,0 34.22724531142126,35.51980474469677,0 34.22719490545577,35.51997427423044,0 34.22707942415866,35.52004443608133,0 34.22702974271008,35.52013108433027,0 34.22695723834813,35.52018257948114,0 34.22686636628123,35.52044616019749,0 34.22683275543769,35.52048513377263,0 34.22667516064507,35.52050330681911,0 34.22661152842215,35.52053163959268,0 34.22663397737912,35.5207542840571,0 34.22660562343151,35.52089104013533,0 34.22633962429961,35.52079726461456,0 34.226332357559,35.52074229626933,0 34.22636915639695,35.5206177037115,0 34.22629438425606,35.52061555104498,0 34.22610341435202,35.52091453104561,0 34.22595603512942,35.52102840835987,0 34.22575151470122,35.521083616825,0 34.22560515454254,35.52106705874004,0 34.22548642833542,35.52107067159907,0 34.22538306563667,35.52089007459543,0 34.22525038142934,35.52076064737951,0 34.22520714555657,35.52068285255443,0 34.22464256078374,35.52040383352274,0 34.22464384640678,35.5203705378936,0 34.22460473012651,35.52036336068912,0 34.2243993930325,35.52064070804048,0 34.22431722887553,35.52145650101164,0 34.22430336594213,35.52170047838405,0 34.22420634266903,35.52164007057452,0 34.22420066365069,35.52172570682022,0 34.22417268691338,35.52174901406034,0 34.2241055187385,35.5217583508288,0 34.22412322984524,35.52200344975842,0 34.22407698413372,35.52202689373225,0 34.22397667619526,35.52182249770044,0 34.22400726313117,35.5217359949077,0 34.2240959668593,35.52164769544507,0 34.22406527369401,35.5215772778939,0 34.22398537790713,35.52148888969222,0 34.22368448154634,35.52154142341908,0 34.22365567861907,35.52163878201238,0 34.22360016796915,35.52165074823414,0 34.22356894919961,35.52175491797578,0 34.2234984272167,35.52176156205104,0 34.22350509364377,35.52191096046201,0 34.22340331413261,35.52201837855822,0 34.22321889350049,35.52216242110472,0 34.22291896925712,35.52215380816929,0 34.22277240696067,35.5221195853695,0 34.22269049813421,35.52222141894836,0 34.22243158503417,35.52238843751153,0 34.22238667214313,35.52245670705677,0 34.22242899336486,35.52260108271247,0 34.222404330148,35.52262368540725,0 34.22232203598235,35.52261751110572,0 34.22227575001551,35.52263755876911,0 34.22217421777563,35.5227670511587,0 34.222111445668,35.52279809203412,0 34.22202509878669,35.52287482254292,0 34.22207416336815,35.52291725078338,0 34.22192296969251,35.52301240527757,0 34.22190648634125,35.52302277930833,0 34.22137026419185,35.5232701224005,0 34.2212647943404,35.52312882201451,0 34.22034898962117,35.52358345574214,0 34.22007092540789,35.52343709952484,0 34.21954207297033,35.52334047546065,0 34.21936829330348,35.52338962926192,0 34.21915273665967,35.5233336252294,0 34.21901295685903,35.5233268599018,0 34.2189724379248,35.52344044716672,0 34.21870498039241,35.52358918953808,0 34.21866628152033,35.52361071116808,0 34.21913394386547,35.52400077276034,0 34.21921934752681,35.52404669501348,0 34.2192875204862,35.52408335317221,0 34.21972509249643,35.52420040616654,0 34.21977149496094,35.52426459309444,0 34.21971952976946,35.52444499939837,0 34.21987998200853,35.5245321069419,0 34.22014771709113,35.52455727250279,0 34.2200978620895,35.5247036972706,0 34.21986108396064,35.52469867940825,0 34.2194013056413,35.52465796931916,0 34.21922311491775,35.52461854528443,0 34.21917608595462,35.5247207935772,0 34.21913609866188,35.52471022468656,0 34.21875532745877,35.52467843017282,0 34.21848477298064,35.52462407311489,0 34.21821322730624,35.52462950125074,0 34.21809580384448,35.52489870723137,0 34.2179041531487,35.52499252677855,0 34.21764589113077,35.52514594356076,0 34.21753482214879,35.52531524251562,0 34.21776521799028,35.52526936452806,0 34.21792173894729,35.52530215979602,0 34.21797806450603,35.52521410703499,0 34.21829654957476,35.52524636916764,0 34.2183087257153,35.52522114453516,0 34.21850848058777,35.52525769144808,0 34.21841921226557,35.5262610181251,0 34.21830832373381,35.52622380682475,0 34.21832043711867,35.52634123605976,0 34.21823626830571,35.52639077631768,0 34.21825393261174,35.52596539700068,0 34.21762979954242,35.52586069722116,0 34.21765720251829,35.52578576728455,0 34.21770208933557,35.52556601571604,0 34.21762162726873,35.52550140308213,0 34.21749262751425,35.52547859160656,0 34.21736417296376,35.52557873111661,0 34.21726361585502,35.52557404820373,0 34.21724343234124,35.52555178203503,0 34.21726571854298,35.52539061949825,0 34.21722403874089,35.52537734428234,0 34.21720439002866,35.52532858039521,0 34.21697924805901,35.52525010474952,0 34.21681726995997,35.52524927774673,0 34.21666300679262,35.52519540519006,0 34.216608439445,35.52506946148685,0 34.21651863211417,35.52513466675539,0 34.21639642237706,35.52512471000501,0 34.21638725219721,35.5251961057079,0 34.21652779132272,35.52528540499407,0 34.21660270707191,35.5252997899358,0 34.21662931871489,35.52537703272529,0 34.21662107902852,35.52545725252976,0 34.21663929890881,35.52560112980872,0 34.21652629188308,35.52559721899792,0 34.21645460042085,35.52557397792868,0 34.2165074136579,35.52554301519024,0 34.21655079522428,35.52548562911887,0 34.21656311960096,35.52539926462563,0 34.21654270006913,35.52535594133703,0 34.2164424592469,35.5253050628853,0 34.21635720205887,35.52533151203067,0 34.21631206271125,35.52552884897523,0 34.21603253730104,35.52563826614374,0 34.21568658020358,35.52582358243885,0 34.2155601768096,35.5259590287686,0 34.21543821569839,35.52612025466118,0 34.21563316276692,35.52617246590265,0 34.2157177225596,35.52623229330334,0 34.21580289859333,35.52634714046295,0 34.21570493840473,35.52650071610662,0 34.21556107005128,35.52663425472129,0 34.21544888019031,35.52670370181949,0 34.2152901651552,35.52677213685445,0 34.21516096229497,35.52680570741224,0 34.21484424030921,35.52678293323503,0 34.21470995732477,35.52725469611211,0 34.21507700174422,35.52739529395571,0 34.21496178907524,35.52816173403337,0 34.21498311270653,35.52836061168303,0 34.21505011251359,35.5286331947867,0 34.21508155709741,35.52869681496749,0 34.21514502825259,35.52872759055222,0 34.21525637830763,35.52873151570601,0 34.21541867434071,35.5287601947744,0 34.21545720680576,35.52878911703743,0 34.21561428316168,35.52924308261901,0 34.21563788832967,35.52942292274307,0 34.21560767598061,35.52969283335594,0 34.21567056424663,35.52996884268757,0 34.21558824075578,35.53018411828624,0 34.21543213456028,35.53078443350653,0 34.21539463170636,35.53084788863499,0 34.21527892430415,35.53090037916109,0 34.21511663529799,35.53094710297688,0 34.21491046597236,35.53093233703003,0 34.21470110277664,35.53092914202045,0 34.21443281534624,35.5308564175734,0 34.21429562378503,35.5308445322014,0 34.21407421826153,35.53087878848203,0 34.21385438522569,35.53097960447085,0 34.21372901853238,35.53106001694512,0 34.2133717324838,35.53105112871575,0 34.21333801032608,35.5310065453837,0 34.21302727219396,35.5308512575013,0 34.21290021903681,35.5307054722393,0 34.21296416044827,35.53070363761982,0 34.21288084016665,35.53053171326984,0 34.21285190739399,35.53009649090302,0 34.2127710427514,35.5299211520303,0 34.21275833389308,35.52982410532309,0 34.21267066890319,35.52978399925043,0 34.212243287025,35.52974573845449,0 34.21212808000491,35.5301419522139,0 34.21205025379315,35.53031439548212,0 34.21205751078545,35.53036936569114,0 34.21209631476502,35.53042274260646,0 34.21219729311959,35.53046478911679,0 34.21218130682834,35.53052128989878,0 34.21221065085671,35.53062025140915,0 34.21220249592456,35.53070862214393,0 34.21225150322216,35.53085770550238,0 34.21220484575699,35.53091986912009,0 34.21219296978155,35.53097226469942,0 34.21213523596082,35.53100937671513,0 34.21198560668006,35.53107434263573,0 34.21187963824646,35.53118110282647,0 34.21164241105889,35.53135666895603,0 34.21160313970498,35.5313857324278,0 34.21140774368513,35.53172347462725,0 34.21137273224912,35.53186634977179,0 34.21146371670631,35.53211040982096,0 34.21154379205753,35.53224450754197,0 34.21154291082037,35.53235895856057,0 34.2114946673249,35.53247376102498,0 34.21095225365653,35.53248659146328,0 34.21069124387901,35.53253870793193,0 34.21057605733198,35.53253868182617,0 34.21048374276359,35.53236858109776,0 34.21026795249967,35.53237282173968,0 34.21024980518975,35.53325946136923,0 34.21025589737089,35.53351735632593,0 34.20979483505227,35.5334890823137,0 34.20978177333181,35.53337913699679,0 34.20956993462573,35.53340007449307,0 34.20940601411851,35.53337399872658,0 34.20938796129661,35.53368753414009,0 34.20942222387593,35.53435017761679,0 34.20919509457009,35.53435186051228,0 34.20916445167334,35.5345008649852,0 34.20913503325325,35.53456622896336,0 34.20914625390476,35.53538398256586,0 34.20900513013351,35.53537534465045,0 34.20875658543464,35.53534437078224,0 34.20861700863289,35.53532697716799,0 34.20857026307024,35.53545639216853,0 34.20843649004398,35.5359784118232,0 34.20780388666911,35.53586319463204,0 34.20767706189384,35.53633795091705,0 34.2075587217391,35.53667881949395,0 34.20727193061125,35.53718634529619,0 34.20704742732743,35.53712958491514,0 34.20683340304663,35.53745706392152,0 34.20660959621702,35.53783879038309,0 34.20684779518428,35.53796966573021,0 34.20703338031171,35.53803758364921,0 34.20748859002889,35.53811047064004,0 34.20752699931059,35.53812818826704,0 34.2074396364333,35.53830341704215,0 34.20742423135928,35.53830013470858,0 34.20741091562133,35.53826049265412,0 34.20733008747589,35.53823799390852,0 34.20718341677145,35.53823347423191,0 34.20709060956342,35.53825470919952,0 34.20671155346641,35.53800684527526,0 34.20652574915452,35.53795659148081,0 34.20648944023188,35.53797859726646,0 34.20639005147398,35.53808054789739,0 34.20617522460465,35.53826079216867,0 34.20593090620392,35.53840321307027,0 34.20579292705113,35.53847114269048,0 34.20562081047287,35.53853219240079,0 34.20554897298406,35.53865523898621,0 34.20553376426069,35.53868128758425,0 34.20548743258653,35.53897351210295,0 34.20548515980113,35.53906863182706,0 34.20540537879738,35.53921731089224,0 34.20533568284638,35.5392259767323,0 34.20519913455487,35.5391998110235,0 34.20502904178978,35.53914536197045,0 34.20478961195906,35.53913218300957,0 34.20467021916134,35.53915480024438,0 34.2044885423748,35.53925531999142,0 34.20445058316908,35.53942950335823,0 34.20440841652655,35.53952355876729,0 34.20445125888965,35.53964144307178,0 34.20448844293142,35.53969823097117,0 34.20448907223778,35.5397552884749,0 34.20442157886191,35.53981284798693,0 34.20417324125316,35.5398961958107,0 34.20400732402195,35.5400699633014,0 34.20386698851519,35.54015251414323,0 34.20370283670924,35.54018497136231,0 34.20361685348733,35.54022364567166,0 34.20349555840621,35.54022453911141,0 34.20308713896578,35.54010662712497,0 34.20291633901117,35.54044074754773,0 34.2028621038446,35.54049549081304,0 34.20266601679678,35.54109880398363,0 34.20301839469122,35.5412578873552,0 34.20292115287513,35.54148141744092,0 34.20288309962263,35.541647450037,0 34.20277081957893,35.5420144239725,0 34.20250448845342,35.54272830194003,0 34.20243122470109,35.54286606170388,0 34.20317163756704,35.54310075201112,0 34.20350871113791,35.5432273393825,0 34.20353242626744,35.54326826421763,0 34.20285111009841,35.54402391731764,0 34.20255217366611,35.54449348195106,0 34.20221860268028,35.54528937129324,0 34.20208850923604,35.54539765862854,0 34.20185627332823,35.54569507143496,0 34.20201481425085,35.54593475691801,0 34.20202781721803,35.54595441492738,0 34.20229917323793,35.54635743753327,0 34.20298463733125,35.54730705108986,0 34.20327120669712,35.547576150461,0 34.20357497502664,35.5477502004554,0 34.20435807610302,35.54807666225538,0 34.20513750852855,35.54837060038648,0 34.20587069056453,35.54868114874976,0 34.20624927571014,35.54887091086995,0 34.20685446837304,35.54915527695844,0 34.20736361385125,35.54945255369562,0 34.20826606226952,35.55021882076136,0 34.20860769246697,35.55052765057732,0 34.20892818310749,35.55082050075788,0 34.21043564879717,35.55219791277813,0 34.21123401078016,35.55292510374645,0 34.21156060817612,35.55311766388173,0 34.21165996250936,35.55317624268653,0 34.21203645742936,35.55332396427161,0 34.2125912993878,35.55340119998173,0 34.21350775300123,35.5534811659094,0 34.21442265754533,35.55357062821967,0 34.21523803903187,35.55365946988992,0 34.21577019752812,35.55378432232641,0 34.21622505892568,35.55396805946172,0 34.21643884893407,35.55410070953765,0 34.21678164940608,35.55434901528594,0 34.21703644497732,35.55458848546688,0 34.21744680485419,35.55494476720795,0 34.217712666865,35.55513533522555,0 34.21787751475755,35.55519241088895,0 34.21830301027271,35.55512278081214,0 34.21894528525393,35.55486032367794,0 34.21905000082128,35.55487987891949,0 34.21908706569572,35.55493113116599,0 34.21908934808112,35.55513451944732,0 34.21895608711137,35.55567522081873,0 34.21904055115362,35.55581154766652,0 34.21917218434496,35.55586480339016,0 34.219563202732,35.55582661521186,0 34.22021068493736,35.55573226008709,0 34.22071964164541,35.55570945702878,0 34.22135828435977,35.55571415282222,0 34.22229103157773,35.55572687017455,0 34.22273614381398,35.55573293661789,0 34.22274684248991,35.55567915519651,0 34.22286098217262,35.55567917726191,0 34.22316342215606,35.55561923847679,0 34.22400260109264,35.55550815862244,0 34.22531955790895,35.55546477615357,0 34.22623236354499,35.55543763725312,0 34.22718142799024,35.55537940592161,0 34.22799553481214,35.55533715428624,0 34.228660399083,35.55528546322149,0 34.2287863818839,35.55528538962417,0 34.22889015399964,35.55532069752662,0 34.22934776370207,35.55560334127937,0 34.22956167909532,35.55528655807873,0 34.22989696205583,35.55513259773072,0 34.23013940364758,35.55505240792945,0 34.23046244972272,35.55481666730541,0 34.23081808825371,35.55465374616045,0 34.23093939254166,35.554621133306,0 34.23079756349951,35.55445846594212,0 34.23086408424731,35.55415336325177,0 34.23095388100084,35.55400126255462,0 34.23130456656419,35.55378203639779,0 34.23129006446319,35.55364305251373,0 34.23108733450092,35.55371149741502,0 34.23095957169579,35.55374416012982,0 34.23094626146379,35.55370992761826,0 34.23107575819313,35.55364027861427,0 34.23115105496608,35.55363354415822,0 34.23120015993197,35.55359619666852,0 34.23123682313349,35.55350612351101,0 34.23120658645631,35.55330915618548,0 34.23123866233731,35.5531944691172,0 34.23131563799517,35.55305126851061,0 34.23146963186856,35.55296808676648,0 34.23154545773957,35.55292712876416,0 34.23176782343359,35.55288141369432,0 34.23179400959998,35.552816937339,0 34.23178495558858,35.55277826319639,0 34.23159794281128,35.55252433533285,0 34.23161964574066,35.55234982907778,0 34.23163723760427,35.55228717911206,0 34.23163449917809,35.55214103518467,0 34.23166456446305,35.55213376206712,0 34.23188215761432,35.55214179457801,0 34.23201429472415,35.55211525544996,0 34.23213710242339,35.5521204851206,0 34.23221072424693,35.55215602713574,0 34.23240491698554,35.55209467507733,0 34.23251017312302,35.55216607712203,0 34.23256495709584,35.55224930972115,0 34.23282790461395,35.55189070221548,0 34.23291555718764,35.55183456297935,0 34.2331189054313,35.55144294845957,0 34.23309584391468,35.55140350108011,0 34.2332586730736,35.55123584460213,0 34.23329406418237,35.55112903358737,0 34.23346743246019,35.551130355899,0 34.23351538580206,35.55118106055438,0 34.23350080486994,35.55122431693707,0 34.23359838093617,35.55137766325811,0 34.23387856980909,35.55130420890534,0 34.23396640099728,35.55126391604939,0 34.23396372352485,35.55093462477119,0 34.23398822578131,35.55091154553192,0 34.23409111935543,35.55087025843042,0 34.2341954938415,35.55076996476561,0 34.23436681466148,35.55040324754518,0 34.23435873629223,35.55035576082404,0 34.23431925466897,35.55029266462402,0 34.23426029614859,35.55012669769757,0 34.23414947777609,35.55003948979599,0 34.23397984628824,35.54998795156384,0 34.23402084007023,35.54990046856729,0 34.23406117149813,35.54975487614975,0 34.23412576051706,35.5496592888567,0 34.234251503967,35.54954474531239,0 34.23430449357212,35.54937616412098,0 34.23430774538754,35.54928368497389,0 34.23428711092093,35.54917377810752,0 34.23433016859632,35.54898414017813,0 34.23434204367462,35.54889247582233,0 34.23438559098107,35.54884019389614,0 34.23446918459809,35.54880609799652,0 34.23459317453766,35.54882100184621,0 34.23486877257613,35.54891223587745,0 34.23506913659651,35.54899712439414,0 34.23510355093801,35.54901170422173,0 34.23543620132272,35.5490074064819,0 34.23548683415103,35.54872701660068,0 34.23551848939292,35.54866527465,0 34.23552575454802,35.54865110241454,0 34.23560050329753,35.5485595335724,0 34.23575341296422,35.54844276421235,0 34.23664457558246,35.54801728448948,0 34.23675001685999,35.54806444834262,0 34.23679652487544,35.54799798693223,0 34.2369871389704,35.54795144164065,0 34.23720545450625,35.54782552739099,0 34.2372081954084,35.54773905953324,0 34.23733889453938,35.5477106006588,0 34.23752366071347,35.5476966443524,0 34.23768652053288,35.54758013635682,0 34.23774558158721,35.54748747446634,0 34.23797023220907,35.54737201802912,0 34.23796931331816,35.54732795408921,0 34.23801841449982,35.54712603781388,0 34.23803730410323,35.54710995973551,0 34.23813810761385,35.54707799998008,0 34.23813175661661,35.54706652253667,0 34.23803013365619,35.54702695719819,0 34.23802960352005,35.54701679082252,0 34.23804427980808,35.54695870779988,0 34.23804670165744,35.54684444328772,0 34.23801514870421,35.54676840743128,0 34.2379546347842,35.54669784856861,0 34.23772364903276,35.54651349868999,0 34.23762577780686,35.54640305225098,0 34.23759110744795,35.54634449881193,0 34.23761056592319,35.54626942903421,0 34.23763246308686,35.54604534579116,0 34.23779467792227,35.54572780975132,0 34.2378749679965,35.54566584547676,0 34.23809154057288,35.54549870417141,0 34.23818167584813,35.54554269105867,0 34.23829421256936,35.54554491152339,0 34.23899285437016,35.54527678556168,0 34.23907394239351,35.54504815882756,0 34.23921101643077,35.54491329879422,0 34.239645329811,35.54471541914973,0 34.23974764460462,35.54476525331842,0 34.23979196012038,35.54480364812926,0 34.23979967928359,35.54486653382148,0 34.23995543157617,35.5448349683025,0 34.2399025187388,35.54449292505287,0 34.24025901386417,35.5445271662801,0 34.24037494609302,35.54426261764466,0 34.24063446981169,35.54426723079085,0 34.24072355640455,35.54424321796241,0 34.2410468439333,35.54408139845139,0 34.24111374260091,35.54397700613812,0 34.24128485565247,35.54380666879879,0 34.24139064022598,35.5438305063589,0 34.24167468197893,35.54365005875922,0 34.24174094896532,35.54365483175649,0 34.24202975536236,35.54346730429404,0 34.24223249369212,35.54335570508469,0 34.24241084412558,35.54318311051066,0 34.24284122316796,35.54283207164242,0 34.24299926299658,35.54271905452269,0 34.24309825609513,35.54262057701563,0 34.24274750538077,35.54245336986558,0 34.24273384580646,35.54248252548528,0 34.24186049676823,35.54227707718446,0 34.24168221528626,35.54212790953835,0 34.24134346416249,35.54197381083581,0 34.24137402425977,35.54172884430508,0 34.24126943262666,35.54124634573157,0 34.24125542687942,35.541058062403,0 34.24120595689678,35.54106284370596,0 34.24107651884599,35.54076012265253,0 34.24079129589138,35.54057920268034,0 34.24073802515602,35.54044051867362,0 34.24074496915531,35.54029521073453,0 34.24083066469532,35.54025757928484,0 34.24100392037388,35.54025096810827,0 34.24104108884328,35.54029998192021,0 34.24109256812507,35.54028286043541,0 34.24112021260139,35.54025271744715,0 34.24103388581165,35.54014157799163,0 34.24116815793683,35.54002170309659,0 34.24129722718567,35.54001102821461,0 34.24140659494737,35.539949005618,0 34.2414838672149,35.53997482299303,0 34.2416389855475,35.53972493806289,0 34.24238321519368,35.53998596220105,0 34.2430072928038,35.54014314575149,0 34.24340068142811,35.5400873005708,0 34.24362706357942,35.53992621842752,0 34.24362090938365,35.53985936110651,0 34.24351773320243,35.53968761053342,0 34.24357916547398,35.53959998562011,0 34.24368111080484,35.53938439935972,0 34.24370720283193,35.53921957668943,0 34.24378034904824,35.53919084383683,0 34.24407667140258,35.53914366575958,0 34.24422968357383,35.53915569266968,0 34.24453886553458,35.53931353236918,0 34.24466911863684,35.53940584422506,0 34.24489960885949,35.53950794815508,0 34.24514819503689,35.53959230427498,0 34.24528553323821,35.5397387009732,0 34.24537683804284,35.53981414579181,0 34.24551998019589,35.53981040148528,0 34.24561972891016,35.54001122757727,0 34.24550680851126,35.5400217817351,0 34.24535803970143,35.54009775666585,0 34.24547308359007,35.54027117476577,0 34.24545107758496,35.54050991440417,0 34.24547049476121,35.54060660119737,0 34.24549334585235,35.54062755330072,0 34.24626100637208,35.539816129694,0 34.24640707478977,35.53962309027334,0 34.24660569502389,35.53948246466376,0 34.24673318647991,35.53942866062865,0 34.24681920391031,35.53941919376381,0 34.2469953227103,35.53956749024964,0 34.24702839316554,35.53972745399413,0 34.24710569109163,35.53989500060248,0 34.24718086453732,35.53997188888477,0 34.2472995437115,35.53999386108514,0 34.24746014329146,35.54001022705291,0 34.24770540539354,35.54029531953076,0 34.2479228572883,35.54043317190241,0 34.24837845468957,35.54017127183732,0 34.24872526785455,35.54000500734816,0 34.24903451004604,35.53985675373698,0 34.24961864389931,35.540226529645,0 34.24990302303176,35.54003480060852,0 34.25018448274965,35.53987807704525,0 34.25073020779494,35.5395148331999,0 34.25082834894334,35.53959626942871,0 34.25112850217535,35.53933274759474,0 34.25137296107189,35.53949524283146,0 34.2515685803366,35.53931506789601,0 34.25206178063311,35.53936524464146,0 34.25226564675936,35.53968021850586,0 34.25203855008527,35.54022542767035,0 34.25212766622994,35.54024511449856,0 34.25179983556916,35.5404860958762,0 34.25189368276614,35.54084132514104,0 34.25211593658035,35.54080835144996,0 34.25257278433808,35.54066045042821,0 34.25276991076824,35.540681335496,0 34.25293401657234,35.54072013916409,0 34.25330234991256,35.53989089933727,0 34.25333814545493,35.53954043885945,0 34.25349320874276,35.53951613644112,0 34.25377331418978,35.53960056881331,0 34.25384353968549,35.53971007106989,0 34.25389164583638,35.53984623775113,0 34.25459085568357,35.54018010878089,0 34.25493380753379,35.54038190938008,0 34.25540669300035,35.53954437753166,0 34.25581396648769,35.53970559562069,0 34.25577509487056,35.53979149105425,0 34.25600271638978,35.5397917547023,0 34.25620271289323,35.53977389083901,0 34.25632829864849,35.53978649812383,0 34.25635265502211,35.53973807742421,0 34.25613325902396,35.53965963042222,0 34.25617078757404,35.53960091695086,0 34.25645743954733,35.53960547401861,0 34.25648455659278,35.53979343118043,0 34.2565670415693,35.53974319789184,0 34.25689550619423,35.53970021565696,0 34.25704189101665,35.53971537681655,0 34.25708626556971,35.53974492040215,0 34.25774025607672,35.53969192181994,0 34.25771062196664,35.53985722489953,0 34.25797098492509,35.53995776631509,0 34.25788176252216,35.54007122868573,0 34.25784272425299,35.54014286019549,0 34.25797429791684,35.54024101102652,0 34.25808625643511,35.54029583923024,0 34.25823319512575,35.54028721838143,0 34.25828490112069,35.54030447632294,0 34.25845949852043,35.54017472253814,0 34.25883783420748,35.54013406343311,0 34.25883276070343,35.54033925318487,0 34.25935220534885,35.54035964524276,0 34.25940931772943,35.53998727770791,0 34.25912154962045,35.53988763305512,0 34.25931702892271,35.53962592944492,0 34.25956344982982,35.53974186081124,0 34.2597210560155,35.53958031083457,0 34.26104608088291,35.54000706484298,0 34.26143536811216,35.53990856986039,0 34.26160536939928,35.53977714993142,0 34.26202814165944,35.53978418459484,0 34.2622761350798,35.53978831136015,0 34.26225945996097,35.53965198948296,0 34.26230629905087,35.5395609479535,0 34.26230243937639,35.5394615010116,0 34.26202373313291,35.53940890336483,0 34.26183197506125,35.53937271323219,0 34.26183764158836,35.53935791987276,0 34.26188678542482,35.53922962987696,0 34.26202166617381,35.53923291029697,0 34.2624503274571,35.53924333736447,0 34.26245009049806,35.53936042370655,0 34.26255368545049,35.5393811787583,0 34.26268165336676,35.5393229520411,0 34.26298503887902,35.53939671840668,0 34.26321000391885,35.53939319019037,0 34.26369627603572,35.53954694841735,0 34.26419947264425,35.5396750418442,0 34.26437193091328,35.53978372729746,0 34.26452684379344,35.53991103750076,0 34.26525194382059,35.54032348768764,0 34.26545352755831,35.54066523138255,0 34.26563238249116,35.54067702743101,0 34.26601323190328,35.54083688835141,0 34.26624828589278,35.54068449840766,0 34.26710135978919,35.54085559899543,0 34.26751878207554,35.54101252557789,0 34.26797321742662,35.54122361114896,0 34.26818779692715,35.54132328326281,0 34.26860312420777,35.54148462358447,0 34.26872401365765,35.54132872979556,0 34.26863315263881,35.5412018002989,0 34.26863355684283,35.54105390042106,0 34.26868093265267,35.54105440597458,0 34.26874794673916,35.54107676537971,0 34.26901725514121,35.54099892813129,0 34.26899611328534,35.54094099316443,0 34.26930250351342,35.5408126838698,0 34.2693374619485,35.5408555437136,0 34.26924054888424,35.54103589778616,0 34.26945504532316,35.5413299933358,0 34.26958907851312,35.54155693904617,0 34.26996973819736,35.54179073710961,0 34.27025953790322,35.5418976048049,0 34.27057297310132,35.54181853401378,0 34.27063144047516,35.54175556771416,0 34.27065038043831,35.54162777015656,0 34.27050720540947,35.5416289030406,0 34.27051931983151,35.54156102206254,0 34.27065165733865,35.54155381161591,0 34.2707344461645,35.54145367815554,0 34.27073920301746,35.54140082053458,0 34.27068507704092,35.54119437174181,0 34.27088244420178,35.54113294540961,0 34.27111781278794,35.54109850879365,0 34.27113138838234,35.54115386167103,0 34.27147325709865,35.541293767144,0 34.27180431870794,35.54133956096641,0 34.271707515474,35.54152871945054,0 34.27188016385498,35.54156168311217,0 34.27198015332038,35.541641001309,0 34.27213472176608,35.54169259540622,0 34.2723404404551,35.54179044103481,0 34.27247993710645,35.5417514795445,0 34.27287589645189,35.54182228532918,0 34.27346420972216,35.54213453406396,0 34.27349484412859,35.54217566642757,0 34.27360014554977,35.54224877775003,0 34.27390744758943,35.54237838555043,0 34.27441587192511,35.54249054800232,0 34.27447833068909,35.5421299964298,0 34.27439084631033,35.54201624838111,0 34.27422170682728,35.54191635507685,0 34.27410098825841,35.54181431587438,0 34.27410024445356,35.54175181765757,0 34.27374852379974,35.5415081203721,0 34.27376219309823,35.54148072143379,0 34.27435574128901,35.54168992461423,0 34.27449258709014,35.54179007526879,0 34.27472402795537,35.54214917034437,0 34.27490412715098,35.542084354558,0 34.2749294325948,35.54212993119951,0 34.27516432167293,35.54254623244118,0 34.27529377555169,35.54239304368758,0 34.27534398563668,35.54237784708472,0 34.27536452775504,35.54236263260459,0 34.27537380314301,35.54235576232176,0 34.27559893842877,35.54214207254802,0 34.27619965614485,35.54234271419604,0 34.28093830358042,35.54413111570845,0 34.28157277615028,35.54400399226749,0 34.28254931002203,35.54418940121234,0 34.28295153367891,35.54426346966615,0 34.28364790116522,35.54438806015067,0 34.28444760463541,35.54455521065497,0 34.28537627360591,35.54482742761864,0 34.28541744152753,35.54500982268419,0 34.28555971689371,35.54529173976867,0 34.2856638233983,35.54549802511802,0 34.28571004994502,35.5456183396438,0 34.2860149779584,35.54587488749925,0 34.28629541796656,35.5461634980995,0 34.2866642183884,35.54642156461418,0 34.28683964304115,35.54645947637807,0 34.28718790339747,35.54659566333648,0 34.28791297784347,35.54676000103981,0 34.28811399870425,35.54685737021194,0 34.28850127729666,35.54720274436158,0 34.28864924007486,35.54736969812972,0 34.28866943383611,35.54746242324582,0 34.28873269781109,35.54752459001853,0 34.28900545832307,35.54779261540957,0 34.2892095575658,35.54814760262876,0 34.28921423385476,35.54826011514517,0 34.28931545122352,35.54840303616116,0 34.28954745664102,35.54852862919872,0 34.28989566885971,35.54880244543729,0 34.29012260270812,35.54891994140005,0 34.2905563461389,35.54899915358249,0 34.2906896124263,35.54904960417448,0 34.29086193215481,35.54903871865578,0 34.29130312853495,35.54891175102615,0 34.2913611272721,35.5489085702108,0 34.29174823631229,35.54910748421889,0 34.29206844780963,35.54912252004961,0 34.29225191487129,35.5492105321367,0 34.29250144409873,35.54941327054635,0 34.29277172222434,35.54954939560886,0 34.29316372572983,35.54960452681637,0 34.29320074552034,35.54964897608122,0 34.29360807479302,35.55041996240003,0 34.29401942596069,35.55097530743465,0 34.29414296292856,35.55104346218082,0 34.29493705722827,35.55130008394656,0 34.29529556132112,35.55132700484398,0 34.29577500775691,35.55134480454084,0 34.29626167165623,35.55154696339871,0 34.29667616762012,35.55167783721031,0 34.29695415001373,35.55190067476965,0 34.2971590458718,35.55211325929756,0 34.2973907101571,35.55220900674981,0 34.29749478471813,35.55231257285039,0 34.29755896731241,35.55244798107874,0 34.2975658276574,35.5524624555437,0 34.29759554723384,35.55249309700373,0 34.29781389531198,35.55255109664952,0 34.2979449774082,35.55267366149029,0 34.29845948033407,35.55303900553496,0 34.29848082540446,35.55315431212902,0 34.29835394791775,35.55351265716871,0 34.29837630775359,35.55357497079694,0 34.29870310322362,35.55367012458264,0 34.29887738319833,35.55365647645539,0 34.29912062089964,35.55371155398441,0 34.2995144154672,35.55385099296448,0 34.30033172838089,35.55418261045993,0 34.30055221795944,35.55421137722568,0 34.30090894687081,35.55437624960484,0 34.30112762189098,35.55439246398436,0 34.30123600216731,35.55442418334848,0 34.30154571011479,35.55448007152551,0 34.30176765422375,35.55455977180628,0 34.30197549580498,35.55470887570289,0 34.30212856531661,35.55479483758327,0 34.30232080392028,35.5549027961149,0 34.30269657024766,35.5550106405526,0 34.30312847501548,35.55508633348466,0 34.30339656524916,35.55515016166405,0 34.30370949620194,35.55513879454512,0 34.3038406316929,35.5550105128325,0 34.30404038050479,35.55490147535791,0 34.30408836862364,35.5549512605942,0 34.30413196247169,35.55508163163993,0 34.30414690540902,35.55518054558335,0 34.30421435012063,35.55523633273235,0 34.30437024573168,35.55532660886964,0 34.30456910165676,35.55549575951694,0 34.30471246767838,35.55563983773625,0 34.30493638020194,35.55578853536458,0 34.30504838966258,35.55585628164891,0 34.30525513269284,35.55607554550363,0 34.30538753094813,35.55624700230386,0 34.30552257210962,35.55648005997381,0 34.30556246571204,35.55652815044158,0 34.30585802941931,35.55668021975018,0 34.3059948894354,35.55673279526371,0 34.30646543677403,35.55673200932268,0 34.30683894562918,35.55685218546706,0 34.30702261810889,35.55698976557009,0 34.30718816971728,35.55714246056854,0 34.30721617259352,35.55723026220514,0 34.30727324849873,35.55749300919027,0 34.30738626621055,35.55783892774152,0 34.30758900253275,35.55873694879414,0 34.30784732170645,35.55909883654545,0 34.30823905073584,35.55936367037736,0 34.30860523175252,35.55943416136996,0 34.30864976832171,35.55942191004894,0 34.30885865129009,35.55931102961643,0 34.30896758967994,35.55923838615693,0 34.30913449753671,35.5591947548793,0 34.30938410137,35.55915528399251,0 34.30961532264727,35.55913136989636,0 34.30990271081404,35.55912151769627,0 34.31036163326115,35.5590503870137,0 34.31071282494462,35.55906245393988,0 34.31095295324593,35.55910580838726,0 34.31113642656231,35.55916107414901,0 34.31124091201484,35.55920730921057,0 34.31130497658106,35.55925035537049,0 34.31143673718112,35.55939055893259,0 34.31148079679618,35.55947030412791,0 34.31151529872499,35.5595868321691,0 34.31153967771468,35.55966916899589,0 34.31169694765865,35.55991246197115,0 34.31175490758743,35.55997164840652,0 34.31208881369687,35.56007940486146,0 34.31242722896618,35.56021627719709,0 34.31319324215463,35.56032452478271,0 34.31351890155385,35.56043573600468,0 34.31379052536001,35.56053654520414,0 34.31409489331723,35.56066962631117,0 34.31452268681119,35.56092406557545,0 34.31482088400225,35.56102736484828,0 34.31502101114434,35.56118097034521,0 34.31509777495218,35.56121830246934,0 34.31517791823777,35.56126035275663,0 34.31536527445345,35.56145406637089,0 34.31552074596642,35.56158761479371,0 34.31558501012853,35.56164281813187,0 34.31572198894099,35.56161498992179,0 34.31578083170427,35.56171341668896,0 34.31600012228179,35.56183963003284,0 34.31602696564075,35.56185507940402,0 34.31613580560852,35.561917720624,0 34.3163268825467,35.56222465421975,0 34.31636497252631,35.56235308423665,0 34.31676298415101,35.56254289797539,0 34.31726497796019,35.56298541398878,0 34.31727204250442,35.56301283171977,0 34.31727647881821,35.56306068193771,0 34.31731136065267,35.56308551367588,0 34.31755623568568,35.56316198211339,0 34.31789259144159,35.56310423378044,0 34.31807484920638,35.56308780185597,0 34.31814878764348,35.56308718713409,0 34.31837590266533,35.56297146834034,0 34.31849031801544,35.56290535822423,0 34.31901757290237,35.56275416897128,0 34.31937536503224,35.5626444258568,0 34.31952881509267,35.56262823133979,0 34.31968000157428,35.56258458090596,0 34.31985117550034,35.56260356573436,0 34.32005665435855,35.56260106881101,0 34.32013504821648,35.56257293890489,0 34.32027857339187,35.5626078547683,0 34.32070864352404,35.56236483447602,0 34.32093872362147,35.56233308450913,0 34.32126072982454,35.56235708919026,0 34.32132095868455,35.56233539167469,0 34.321642530082,35.56209405751655,0 34.32182106798376,35.56193398994601,0 34.321906192353,35.5618296542652,0 34.32195874718458,35.56173187100296,0 34.32204652471327,35.56160945827847,0 34.32212194043866,35.56157350161693,0 34.32236640029895,35.5615400590827,0 34.32252681452592,35.56154342926923,0 34.32258275260213,35.56156258842363,0 34.32312676189851,35.56190738396653,0 34.32332449009127,35.56197638465856,0 34.32342450214374,35.56206425694815,0 34.32367533584839,35.56207943084817,0 34.32393750628617,35.56192651174279,0 34.32423520174074,35.56192637642105,0 34.32458480571415,35.56208359785068,0 34.32473823313828,35.56206582786511,0 34.32510937938158,35.56179659355134,0 34.32517623009183,35.56176698662945,0 34.3256248559506,35.56177971518231,0 34.32579241383753,35.56181677827937,0 34.32598764745859,35.56191641079108,0 34.32614377530736,35.56211371612317,0 34.3264443868698,35.56219284018102,0 34.32659618093798,35.5621978472595,0 34.32681515197478,35.56212300259849,0 34.32713598961222,35.56197743408038,0 34.32743819508526,35.56180140524607,0 34.32760118745099,35.56170426272493,0 34.32773125137411,35.56166156399614,0 34.32790800917837,35.5616663602628,0 34.32822827219934,35.56170449286453,0 34.32827826279919,35.56170878272954,0 34.32841445269216,35.56177122675298,0 34.32865528275988,35.5619073691856,0 34.32883488204419,35.56198302357185,0 34.3289745027221,35.56204183668818,0 34.32916593007318,35.56216091290023,0 34.32927479373942,35.5623098379928,0 34.32949584634801,35.56247612509375,0 34.32971818942552,35.56261324702984,0 34.32992775208918,35.56272335534049,0 34.33011850673999,35.56292040763284,0 34.33029415560668,35.56303758048688,0 34.33041336171773,35.56308539373513,0 34.33067852417522,35.56313197787798,0 34.3308069537841,35.5631220818803,0 34.33100755958565,35.56304784605738,0 34.33130737269374,35.56301413107491,0 34.33147645654358,35.56300524811864,0 34.33170562743233,35.5631572257611,0 34.3320172255958,35.56333427110021,0 34.33223199834048,35.56339687069853,0 34.33266412728381,35.56346373828164,0 34.33293557405653,35.56341669941541,0 34.33310414245253,35.56336713769722,0 34.33347950991694,35.56314293768138,0 34.33388485257007,35.56299374330725,0 34.33404688595077,35.56308322754703,0 34.334803230429,35.56301310194047,0 34.33498406821444,35.56301564172298,0 34.33526464538784,35.56316582108894,0 34.3355847765846,35.56336109070125,0 34.33583184827837,35.56348510943287,0 34.33616481578708,35.56358060229,0 34.33625953664267,35.56359403832744,0 34.33660203426873,35.5635253717604,0 34.33727551820616,35.56365730062952,0 34.33737835243111,35.56365642924089,0 34.33746004817969,35.5636238704431,0 34.33767382532569,35.56347696445813,0 34.33786441990474,35.56339873303253,0 34.33796400562127,35.56340331289551,0 34.33823817235338,35.56350540098524,0 34.33853559998141,35.563740857806,0 34.33893215042442,35.56387919587541,0 34.33925204095024,35.56411988555426,0 34.33939151943747,35.56419599319751,0 34.33950325628199,35.56437336127416,0 34.33961264308428,35.56456159574983,0 34.33968517158691,35.56472099016088,0 34.33976614498086,35.56502269296723,0 34.33996598032795,35.565344404643,0 34.34003616976407,35.56538516719912,0 34.34034543610778,35.56550729179128,0 34.34046343427651,35.56552459433932,0 34.34060693236932,35.56552540936159,0 34.34098242607725,35.56537712158168,0 34.34108112464164,35.56537695995259,0 34.34140606313793,35.56542708038224,0 34.34161084493807,35.56542059063111,0 34.34191696941333,35.56549121011072,0 34.34219028492791,35.5656263883879,0 34.34226331692009,35.56566250891991,0 34.3424035432546,35.56566673886896,0 34.34253675396643,35.56564119516376,0 34.34272589161152,35.56557856324289,0 34.34297842718737,35.56541436708163,0 34.34323976039448,35.56541959810006,0 34.34359887141031,35.56580706829315,0 34.34388975004753,35.56599812706491,0 34.34410423905888,35.56608616462381,0 34.34418839769995,35.5661753857672,0 34.3442205211439,35.56631046838006,0 34.34426330676158,35.56636856068624,0 34.34387006815918,35.56669751720051,0 34.34382072935602,35.56678348082082,0 34.34377827301902,35.56701334979423,0 34.34356627901694,35.56719630164331,0 34.34222901004622,35.5686617686907,0 34.33745376809136,35.57387635353304,0 34.33335888872935,35.57834730067913,0 34.33334680776384,35.57836082708895,0 34.32901621742149,35.57638174512984,0 34.327948748181,35.5758938717409,0 34.3270260729708,35.57548023859772,0 34.3235318132662,35.57399358437389,0 34.32217065162862,35.57341442750366,0 34.3156234339483,35.5698516150583,0 34.31508351930251,35.56955777758559,0 34.311404329159,35.56718896397168,0 34.31088308791526,35.56684539927799,0 34.30932888707244,35.56583782519776,0 34.30636262151616,35.56588427760441,0 34.3063119457665,35.56594503684737,0 34.30625460082324,35.56600313840305,0 34.3060986994663,35.56607289955987,0 34.30597535295902,35.56609221898692,0 34.30588907670835,35.56609089332606,0 34.3056879293657,35.5659888101227,0 34.30550510811577,35.56596047887758,0 34.3053952260177,35.56592815888175,0 34.30543850648908,35.56600780921923,0 34.30543365231641,35.56608514184889,0 34.30537370654054,35.56620157413447,0 34.30530617637933,35.56624077511533,0 34.30524165388985,35.56625486482926,0 34.30516325497471,35.56621957381554,0 34.30498456315393,35.566054928166,0 34.30489996607449,35.56592035918671,0 34.30448115921535,35.56592447312766,0 34.30243925683587,35.5656649169601,0 34.30232912464356,35.56581498097508,0 34.30226337136683,35.56579337867715,0 34.30198481351071,35.56570185830031,0 34.30191542814003,35.56599600640076,0 34.30226670684993,35.56606541009882,0 34.30228275561951,35.56606858131762,0 34.30268177746193,35.56623280045908,0 34.30251428933759,35.56644028775529,0 34.30231127260219,35.56638838724108,0 34.30227014590721,35.56634588346397,0 34.30217816435101,35.56625082277107,0 34.30201394202215,35.56645421389453,0 34.30192386550183,35.56648139388387,0 34.30201290684593,35.56657287514763,0 34.30205284554241,35.56671832020115,0 34.30217219969639,35.56684684405519,0 34.30216807183719,35.56691704150672,0 34.30216560209497,35.56695903210215,0 34.3022783497138,35.56701497964576,0 34.30242157376372,35.56708605001799,0 34.30242516940041,35.5673115461272,0 34.30253033460338,35.56741665567042,0 34.30232998145646,35.56781670211045,0 34.30228843377756,35.56783738444988,0 34.30218936113251,35.56788670143228,0 34.30228388091356,35.56804060272685,0 34.30229114318342,35.56805837025919,0 34.30233852086375,35.56817428138481,0 34.30234366026912,35.56832232569978,0 34.30229532436081,35.5683993276732,0 34.30223716823489,35.56849197356922,0 34.30225696922808,35.56861859137836,0 34.30228442068506,35.56868723993454,0 34.30229944396689,35.56873531704748,0 34.30232057703672,35.56880294242374,0 34.30230100007417,35.56886220316318,0 34.30229135826039,35.56889138852353,0 34.30221620687098,35.5690661179753,0 34.30227092967309,35.56931304175973,0 34.30229798836809,35.56955260363,0 34.30230959687105,35.56956320869385,0 34.30238320137949,35.56963044736801,0 34.30249250502235,35.56975272095183,0 34.30255932773921,35.56991588434634,0 34.30255950447511,35.56999807708609,0 34.30231584398648,35.57007260943784,0 34.30208295224045,35.57014384710335,0 34.30206410795061,35.57018801717845,0 34.3021321098953,35.57046388321925,0 34.3022211533922,35.57069908203049,0 34.30221971122267,35.57075719508061,0 34.30217616609588,35.57089488251353,0 34.30224681858898,35.57121122094392,0 34.30182498105249,35.57123932246544,0 34.30173317069101,35.57148128216186,0 34.30145861243748,35.57175114821447,0 34.30091290984868,35.57204259576692,0 34.30068782113725,35.57248283788981,0 34.30066654468674,35.57285627037081,0 34.30061171086014,35.57295179341406,0 34.30061494403211,35.57321586484409,0 34.30068130479097,35.57335793463016,0 34.3006785918969,35.57348824471591,0 34.30037470732097,35.57347488266714,0 34.3003685027084,35.57336401268084,0 34.30014921053224,35.57331034300894,0 34.29997995078756,35.57329675972414,0 34.2997993628394,35.57323749237828,0 34.29966153864967,35.57324037826538,0 34.29935959459412,35.57312135882876,0 34.29931359937709,35.57314726318199,0 34.29895967262456,35.57309293004089,0 34.29852275667053,35.57316603956605,0 34.29832019909655,35.57315976864863,0 34.29804000015849,35.57305729413964,0 34.29775847797386,35.57284654957475,0 34.29773236959979,35.57300169992159,0 34.29788111051897,35.57309908362676,0 34.29781230330703,35.57319736055597,0 34.29804834622639,35.57347626099481,0 34.29797514675609,35.57356753109787,0 34.29786465629495,35.57351561194704,0 34.29773166569264,35.57356159354659,0 34.29769314139128,35.57367018651065,0 34.29768963979661,35.57373623931775,0 34.29765074867311,35.57390293819714,0 34.29801359169421,35.57406988346194,0 34.29800593694376,35.57418051349877,0 34.29799358281817,35.57420445170641,0 34.29797317481404,35.5742439964617,0 34.29785781609046,35.57421736612174,0 34.29779066074427,35.57455623467234,0 34.29792611579082,35.57462379510032,0 34.29779074010673,35.57482737094839,0 34.29870154257461,35.57528122968393,0 34.29824676066818,35.57583249418102,0 34.2985506194691,35.57610731562226,0 34.29830761581554,35.57662604201313,0 34.29778820026029,35.57651583502886,0 34.29765224333368,35.57698086808679,0 34.29708980116332,35.57687541138628,0 34.29692486760572,35.57770248964907,0 34.29676358423876,35.57816684788939,0 34.29738727827596,35.57843642700491,0 34.2986719952652,35.57907650521543,0 34.29894194444846,35.5791315231795,0 34.29939400142161,35.57928100915611,0 34.2992606465471,35.5794740055291,0 34.30009857651878,35.57995309596211,0 34.30047318131938,35.58011025208486,0 34.30135080453086,35.58070697199565,0 34.30113226062575,35.58089186492915,0 34.3011047772702,35.58102237559226,0 34.30123629474699,35.58111901517609,0 34.30099456393446,35.58138080002983,0 34.30108936765023,35.58143249161088,0 34.30126256316509,35.58152692733618,0 34.30117594390975,35.58171580074493,0 34.30172865154601,35.58191778563295,0 34.30164958957368,35.58218064102115,0 34.30131768833458,35.58264386700687,0 34.30127561823306,35.58266260974133,0 34.30119512960291,35.58263946096746,0 34.30115400678231,35.58261085266611,0 34.30100845489464,35.58257589663754,0 34.30083455181678,35.58251109732097,0 34.30076250867392,35.58249700133457,0 34.3005935279692,35.58243235853208,0 34.30017571596852,35.5822926858899,0 34.29986891598671,35.58218209430575,0 34.29947420564982,35.58194669535221,0 34.29938945104643,35.58185363421055,0 34.29937082452329,35.58177160986199,0 34.29934583804058,35.58173453801169,0 34.29921427848527,35.58144781175584,0 34.29918380272314,35.58138139254402,0 34.29905211620636,35.58129267465056,0 34.29846645169548,35.58116200801801,0 34.29839301269647,35.58112462971252,0 34.29810730219464,35.58101427950832,0 34.29800847649771,35.5809481815757,0 34.29761762412772,35.58060716412164,0 34.29747133421464,35.58051328241714,0 34.29725070045703,35.5804393725068,0 34.29696085678376,35.58036514620999,0 34.29691659094461,35.58033234240753,0 34.29678445479195,35.58001005555972,0 34.29671607948376,35.57990145323062,0 34.29662857696261,35.5797921265344,0 34.29645053677115,35.57965904387482,0 34.2962164710935,35.57956219688371,0 34.29607761713808,35.57948145774205,0 34.29594504333984,35.57936369357581,0 34.29579680388003,35.57928830399749,0 34.29570774250747,35.57926966978312,0 34.2956483434895,35.5792782863678,0 34.29532978292638,35.57954898206102,0 34.2952087188375,35.57959680203351,0 34.29511498552461,35.5795806627279,0 34.29492441092738,35.57949614923835,0 34.29470703986622,35.57944066199425,0 34.29466030024618,35.57940582902996,0 34.29452149005173,35.5791179377791,0 34.29450530032275,35.57906680526504,0 34.29444264542987,35.57895687657135,0 34.29420858102872,35.57866387211567,0 34.29405511957879,35.57853307067111,0 34.29398066398971,35.57843331934807,0 34.29395967393747,35.5782104171766,0 34.29390801227304,35.5780282327504,0 34.2936526279871,35.57794124588633,0 34.29331797347542,35.57792357117388,0 34.29288765181859,35.57792104106181,0 34.29275826552033,35.57788775901155,0 34.29264374791857,35.57779273287396,0 34.29252010636752,35.57770796084902,0 34.29213971800843,35.57760028427714,0 34.29203682067419,35.57742113306337,0 34.29201847451544,35.57726749063763,0 34.29202858211593,35.57707057797269,0 34.29200251831845,35.57700905567788,0 34.29192022042033,35.57692796400458,0 34.29173865961673,35.57673242254465,0 34.29149091894293,35.57650112288327,0 34.2913727489183,35.5764134520081,0 34.29119973389575,35.57634912828805,0 34.29058443978752,35.57608883415165,0 34.29056486849275,35.57607358607815,0 34.29052524461653,35.57603708722517,0 34.29044869779124,35.57599168080574,0 34.29010303481236,35.57583974944924,0 34.28974493917601,35.57571664648767,0 34.28960365682241,35.57574551803404,0 34.28941723767257,35.57572723670191,0 34.28919203141129,35.57572991706681,0 34.28914443832286,35.57571313530556,0 34.28907342439081,35.57570183678123,0 34.28885470227915,35.57566703553919,0 34.2887119346871,35.57565437528176,0 34.28861033146244,35.57563120038299,0 34.28824283548861,35.57547950696662,0 34.28801007070298,35.57565601413067,0 34.28776681625479,35.575763218176,0 34.28721677553483,35.57604141102126,0 34.2870764092606,35.57608109225902,0 34.28675001177562,35.5761423612385,0 34.28662483489121,35.5762221196015,0 34.2863740768163,35.57634080831168,0 34.28617945958924,35.57632607304804,0 34.285496201881,35.57620403494153,0 34.28501080676735,35.57619367497326,0 34.2848026553686,35.57609005810858,0 34.2846140342255,35.57595231889649,0 34.28453397456125,35.57585921946372,0 34.284440700632,35.57570390114417,0 34.28427917083225,35.57553860209554,0 34.28405186239009,35.57543106201527,0 34.28366359551117,35.57541924537754,0 34.2836137532656,35.57541656859141,0 34.28329470179808,35.57548503403121,0 34.28314606656305,35.57563159635256,0 34.28313999051527,35.5756791966401,0 34.28309829478363,35.57573591302568,0 34.28302007525208,35.57574769160882,0 34.28290536006966,35.57568737499651,0 34.28275915760264,35.57565711902978,0 34.28240488908099,35.57570207782479,0 34.28232618131067,35.57573209201274,0 34.28227160624027,35.57577087020433,0 34.28219468499233,35.57590882555311,0 34.28207394098134,35.57612536896832,0 34.28198738697961,35.57622440983567,0 34.2818978499965,35.57624142998294,0 34.28172628496566,35.57620884145969,0 34.28160668110642,35.57614390793003,0 34.28132256619558,35.57608029340741,0 34.28116560025193,35.57608698568541,0 34.28084522445076,35.57625597904899,0 34.28070712972799,35.57631210845683,0 34.28026123380983,35.5765466394651,0 34.28009973679374,35.57666069525677,0 34.27994166688273,35.57683083824107,0 34.27970027638989,35.57702595663083,0 34.27955690832332,35.57719692810232,0 34.27951972295111,35.57728349677443,0 34.27967036990194,35.57744260528739,0 34.27975401865549,35.5775580961267,0 34.27985456188223,35.57783512481578,0 34.27982265407803,35.5778768165455,0 34.27954193762635,35.57796306799444,0 34.27944550909638,35.57801549103215,0 34.27932202131407,35.57819058086989,0 34.27933653697507,35.57832574504608,0 34.27940049767901,35.57842906527036,0 34.27942620711123,35.57852471525664,0 34.27946181972071,35.57856117294536,0 34.27967895444394,35.57868830063058,0 34.27964778072828,35.57874703651659,0 34.27968703528138,35.57890228139473,0 34.27983320282672,35.57905768611165,0 34.27976775310324,35.57911969078707,0 34.27975903104807,35.57955403700326,0 34.27971014940483,35.5796520408238,0 34.27962359808457,35.579710473336,0 34.27934017277358,35.57956669176582,0 34.27895062356843,35.57944277759906,0 34.27888461622193,35.5794127375728,0 34.27882189500053,35.57924069664331,0 34.27844128276516,35.57882189456124,0 34.27822729242243,35.5786469874818,0 34.27789010607329,35.57829669978838,0 34.27786047545011,35.5782348651687,0 34.27785774070314,35.57814521973226,0 34.27773137458374,35.57800119924239,0 34.27747928693717,35.57780179980738,0 34.27728576680028,35.57773720741732,0 34.27640233587196,35.57758809822741,0 34.27633538029376,35.57757225819331,0 34.27628333744246,35.57768057403436,0 34.27617561537916,35.57781015994292,0 34.27613168769494,35.57781968011325,0 34.27597324348539,35.57780735732982,0 34.2757881652455,35.57788536475664,0 34.27576902015268,35.57789343458882,0 34.27571697978872,35.57799640293458,0 34.27562262464733,35.57808393966558,0 34.27550565282797,35.57815335052059,0 34.27539607435797,35.57807760756229,0 34.27541663005988,35.57799269328523,0 34.27540755896703,35.57792767619738,0 34.27529371008957,35.57777196186196,0 34.27524345541052,35.57759268952808,0 34.27517624666732,35.57752203363662,0 34.2752494686814,35.57740144239624,0 34.27536559306861,35.57733068254542,0 34.27544824613176,35.57723578030209,0 34.27549862785297,35.57693908829831,0 34.27560223950591,35.57693216144281,0 34.27568989450907,35.57683925287809,0 34.27563066543225,35.5767420911631,0 34.27556538535024,35.57666203555457,0 34.27548460505828,35.57659816039708,0 34.27542319893473,35.57659661562969,0 34.27487960525428,35.57650737750751,0 34.27442656384856,35.57628995088071,0 34.27431302586341,35.57615999773703,0 34.2740063170984,35.5760397166543,0 34.27366741134053,35.57614140169363,0 34.27341478443525,35.57610408534101,0 34.27290290560629,35.57575232112729,0 34.27275220159748,35.57563541820996,0 34.27270198864957,35.57552869104342,0 34.27275390951996,35.5752909745676,0 34.27271027799164,35.57524928471952,0 34.27246829828206,35.57520035551581,0 34.27257991973412,35.57509980122662,0 34.27292598922344,35.57497297658885,0 34.27303388593122,35.57476871606507,0 34.27305916848241,35.57459291052289,0 34.2730471998925,35.57449333757611,0 34.27293734730165,35.57440607873324,0 34.27224937425816,35.57385960237703,0 34.27211766112804,35.5737954378237,0 34.27184244877472,35.57388101659267,0 34.27157409755338,35.573845854917,0 34.27145660381944,35.57384404179798,0 34.27134253108426,35.57390464418512,0 34.27113616839138,35.5741998596477,0 34.27079174776701,35.57432530986454,0 34.270660974267,35.5744129482468,0 34.27065125575155,35.57442421563555,0 34.27052467446878,35.57457098075817,0 34.27044487802895,35.57462721033521,0 34.2702567829292,35.57464497225291,0 34.26993179524762,35.57442991456648,0 34.26978981115057,35.57433595784706,0 34.26988349160993,35.57426131277305,0 34.26972090734617,35.57405173905555,0 34.26980324293292,35.57392972292399,0 34.26993261967197,35.5738575073954,0 34.26990142288707,35.57380113717828,0 34.26962287428627,35.57354943033427,0 34.26943143150769,35.5733543218219,0 34.2693569857783,35.57323219151152,0 34.26932810589152,35.57303511834102,0 34.26943129014944,35.57278275926887,0 34.26931282353593,35.57265555242115,0 34.26918477694393,35.57256836990503,0 34.26871866795608,35.57249617426816,0 34.26853675816599,35.57247523809442,0 34.26828386963012,35.5725545298757,0 34.26800657063433,35.57267401773911,0 34.26788762894575,35.57271699418087,0 34.26777072569985,35.5727918215993,0 34.26741393338445,35.57341400321676,0 34.26731875323429,35.57350221817249,0 34.26729160394184,35.57359125174121,0 34.267288471098,35.57374721980457,0 34.26741419577802,35.57399709093566,0 34.26730980972145,35.57428878247618,0 34.26732944463417,35.57440592323606,0 34.2673225269336,35.57445054667146,0 34.26730206243446,35.57458257174265,0 34.2671850004944,35.57464451661175,0 34.26694004197511,35.57483426036734,0 34.26675387448403,35.57494488960668,0 34.26656194651085,35.57491928357336,0 34.26642681724257,35.57492645178932,0 34.2663593815358,35.57476561661525,0 34.26629049227239,35.57469225685907,0 34.26617614447436,35.57463281526525,0 34.26604709733895,35.57459315313031,0 34.26599551194641,35.57462145951578,0 34.26593942042965,35.57460688388923,0 34.2658226066485,35.57454949571458,0 34.2658563429395,35.57447639535039,0 34.26584462693649,35.57446220802237,0 34.26552379592216,35.57407370370022,0 34.26555283943423,35.57400431815505,0 34.2655615199216,35.57389644585147,0 34.2652253473108,35.5736672147944,0 34.26488388996668,35.57348209505331,0 34.26475994973734,35.57338272549977,0 34.26473831252012,35.57325683140008,0 34.26465427228796,35.5730031925005,0 34.26460227144298,35.57295478556701,0 34.26435214769372,35.57291743009323,0 34.26422903266987,35.57288788809864,0 34.26406322207344,35.57275494749983,0 34.26391447637998,35.57245101161648,0 34.26389858695978,35.57236977542797,0 34.26380103101381,35.57218612339536,0 34.26355622884846,35.57210736552519,0 34.26336297330214,35.57168648417898,0 34.26340794469348,35.57163121100748,0 34.26341942528408,35.57133821986265,0 34.26361165657481,35.57089803369561,0 34.26315741468614,35.5706735537468,0 34.26283601449528,35.57053970017537,0 34.26255569763016,35.57040291077635,0 34.26238724378639,35.57032787598722,0 34.26201662998749,35.57016279191875,0 34.26186537738084,35.57008842979211,0 34.26181289212362,35.57009795680522,0 34.26161518246933,35.57011603112188,0 34.26134244846992,35.5702011778604,0 34.26130302223293,35.57021348631388,0 34.26125672013513,35.57021522718965,0 34.26120421630528,35.57019085460023,0 34.26083502100886,35.56987844275072,0 34.26069581450015,35.56978625034942,0 34.26050328817443,35.56977949806864,0 34.26024570393663,35.56978406250926,0 34.26001104378756,35.56977520927106,0 34.25978361863725,35.56974400322049,0 34.25961424394977,35.56973638026084,0 34.25949739531214,35.56971922344391,0 34.25946486754913,35.56969254319129,0 34.25941934381198,35.56961699836205,0 34.2593811937249,35.56959561051666,0 34.2592503529302,35.56957030253781,0 34.25912517219767,35.56956078416,0 34.25900851910384,35.56956019110384,0 34.25887803631838,35.56956529961554,0 34.25851916628221,35.56959392401115,0 34.25832849309727,35.56958586008061,0 34.25815574599667,35.56958129764461,0 34.25802518665039,35.56957975194028,0 34.25799739887574,35.5695794236816,0 34.2579357529406,35.56957869440434,0 34.25778434248022,35.56963710957259,0 34.25769138122674,35.56967297683477,0 34.25753916487945,35.56973066917453,0 34.2575292617872,35.56973133939179,0 34.25740115077548,35.56974000952805,0 34.25735548128032,35.56972384303736,0 34.25731864587318,35.56974271957721,0 34.2571320075208,35.56984331321097,0 34.25703584761688,35.56995662540574,0 34.2570182069721,35.56996631148652,0 34.25702661410669,35.56997735091878,0 34.25702146963364,35.56998754478217,0 34.25701227403351,35.56999346830507,0 34.25699859963194,35.56999443647325,0 34.25698626481446,35.56998385078083,0 34.2569716187817,35.5699918932501,0 34.25693366574974,35.57002334145807,0 34.2569600818524,35.57005060166056,0 34.25707006738882,35.57016409559402,0 34.25710951183701,35.57023311913088,0 34.25715989155651,35.57031881028906,0 34.25712544916215,35.57030970074525,0 34.25713983084985,35.57034990340898,0 34.25713637914364,35.57037884591058,0 34.25707883748657,35.57039168711093,0 34.25703760165309,35.57043056182202,0 34.25703532844618,35.57052420877805,0 34.25702349487398,35.57059245664398,0 34.25690259818522,35.57084124004891,0 34.25687551146379,35.57082974827928,0 34.25681212142556,35.57073868048744,0 34.25656885672079,35.57067861979134,0 34.25630818723107,35.57057050301668,0 34.25619169700066,35.57054800553635,0 34.25593429568837,35.57043125664469,0 34.2556653343852,35.57033421947648,0 34.25529943725634,35.57015807715797,0 34.25498220900734,35.5699664081891,0 34.25476508365216,35.56989056345416,0 34.25465678731975,35.56993865245833,0 34.25457291478207,35.56996856445446,0 34.25440467925129,35.56998639768319,0 34.25430855948558,35.56983293515991,0 34.25418133111349,35.56988262763195,0 34.25408554487622,35.56992003836507,0 34.25404709483845,35.56980054842018,0 34.2539027901307,35.56970391279248,0 34.25376780172986,35.56968396580792,0 34.25362971170669,35.56968676119757,0 34.2536393357023,35.56978995415775,0 34.25370417402708,35.56986104722677,0 34.25386320325637,35.56992039208257,0 34.25383895156379,35.57000732514664,0 34.25339900072906,35.57070332375956,0 34.2529612432638,35.5708650713884,0 34.25283808023851,35.57083014388068,0 34.25270465115724,35.5708174987519,0 34.25258158551495,35.57066424368916,0 34.25227586124739,35.57059226771266,0 34.25177459670086,35.57065261431032,0 34.2513987697827,35.57078083018389,0 34.25132385588638,35.57085713998126,0 34.25099326076683,35.57096400613892,0 34.25076578346681,35.57101198295663,0 34.25059321055307,35.57103733105492,0 34.25031177178423,35.5710802176995,0 34.25003645839617,35.57110670639694,0 34.24981238714295,35.5709583623869,0 34.2496139001023,35.57083735780279,0 34.24961831740616,35.57070996124043,0 34.24968108215701,35.57038521727664,0 34.24967542203841,35.57033293903653,0 34.24944309437843,35.57005350951427,0 34.24918953417578,35.56983138439916,0 34.24911286966275,35.56961167610943,0 34.24906782038928,35.56955711661042,0 34.24905253976075,35.56953860868664,0 34.2490413217624,35.56952670374982,0 34.24904794902352,35.56950437993736,0 34.24906710619739,35.56949547512349,0 34.24910096089842,35.5694797386646,0 34.24916307834732,35.56946579665281,0 34.24921878077171,35.56944855483786,0 34.2493019166531,35.5693549711263,0 34.24940029775203,35.56919621058989,0 34.24941011405883,35.5691733264575,0 34.24946918083887,35.5690356134205,0 34.24960469184634,35.56895573661114,0 34.24975465440161,35.56888745160339,0 34.24984763981046,35.5689170217155,0 34.24990571521024,35.56891381844805,0 34.25009726866765,35.56883703534241,0 34.25019645218291,35.56882008748371,0 34.25029246385043,35.56878380228166,0 34.25030817208645,35.56876379871849,0 34.25043687061206,35.56859990015773,0 34.25049545044587,35.56847698787987,0 34.25015990084204,35.56810223655634,0 34.25009924836998,35.56794313653532,0 34.25004073679105,35.5678852678253,0 34.25008415556143,35.56774414410626,0 34.24997106041864,35.56753726879713,0 34.25004537845351,35.56752027699524,0 34.24982736088661,35.56738797039809,0 34.2497460644481,35.5673495321977,0 34.24965748689031,35.5673401561819,0 34.24964464721327,35.56733547108431,0 34.24958019702453,35.56731195355221,0 34.24951069498321,35.56725519981756,0 34.24928298047578,35.567109155479,0 34.24910970094073,35.56693675578173,0 34.24903680325033,35.5668832725234,0 34.24899064615235,35.56684940866378,0 34.24887253537072,35.56686480854913,0 34.24877779856467,35.56687715960599,0 34.2487083359994,35.56689532605775,0 34.24865921958708,35.56691570793805,0 34.24860153783852,35.56694852957478,0 34.2484761308005,35.56697051815473,0 34.24837919824933,35.56698042215206,0 34.24830084690677,35.56700412862573,0 34.24810726189892,35.56706270164702,0 34.24792482134096,35.56717344276976,0 34.24779985149112,35.56726506303244,0 34.24774840133264,35.56730278397225,0 34.24767162234716,35.56735074326123,0 34.24735785546432,35.56754673333019,0 34.24719932648717,35.5676096585043,0 34.24703789446805,35.56763666980975,0 34.24687534354521,35.56763860461952,0 34.24666326919925,35.56759006905778,0 34.24652234247887,35.56752538921634,0 34.24640792394947,35.56745779347676,0 34.24629651380715,35.56737482143388,0 34.24628312536363,35.56736147139611,0 34.24611707305021,35.56719588646323,0 34.24604076879372,35.56712460579108,0 34.24588985196083,35.56702067794119,0 34.24579946817085,35.56698713566934,0 34.24571256205194,35.56696746494706,0 34.24561260377373,35.56694874378889,0 34.24529502400595,35.56679592714251,0 34.24520592706116,35.5667661033006,0 34.24514127189178,35.56673371785683,0 34.24509145821894,35.5666937597904,0 34.24504772002516,35.56664138158202,0 34.24499952494475,35.56656208597356,0 34.24497007513749,35.5664897654754,0 34.24494329914405,35.56636182586704,0 34.24493692975997,35.56627695377608,0 34.24494507192818,35.56622807380354,0 34.24498079134421,35.56614296079091,0 34.2450366708257,35.56604370854873,0 34.24534634284033,35.56560213533515,0 34.24538009566759,35.56550830827186,0 34.24538781932848,35.56545892156827,0 34.24538851940687,35.56537585921656,0 34.2453647906562,35.56529637585021,0 34.24532414730554,35.56522447930147,0 34.24521152174971,35.56509618554762,0 34.2451709477653,35.56506632726213,0 34.24512546981888,35.56504260772454,0 34.2450774153299,35.56502916317182,0 34.24503571171334,35.56502702708617,0 34.24499925188326,35.56503002095686,0 34.24492600611956,35.56504380715434,0 34.24485536606833,35.56506774268624,0 34.24471263174082,35.56513342430372,0 34.24466058460746,35.56515145455572,0 34.24460532722958,35.56517866135881,0 34.24456355355535,35.56518847582967,0 34.24448729846989,35.56519313137904,0 34.24439584650676,35.56517451333347,0 34.24433334256037,35.56514889091888,0 34.24419982397541,35.5650788972011,0 34.24409116000793,35.565006168314,0 34.24402418586673,35.56495244326967,0 34.24379357311055,35.56469809767836,0 34.24364850445846,35.56454335489667,0 34.24357389109173,35.56443849798674,0 34.24343469702143,35.56418166734439,0 34.2433960286276,35.5640651772033,0 34.24333811726245,35.56382611209443,0 34.24332156188937,35.56372114645964,0 34.24331761303401,35.56363032248071,0 34.24332966611925,35.56356073332024,0 34.24340083177724,35.5632945711876,0 34.24341291974302,35.56322803247142,0 34.24341133552237,35.56309057647876,0 34.24339949035964,35.56303439242106,0 34.24337620379144,35.56295693822332,0 34.24329957908729,35.56285734996788,0 34.2432360735318,35.5627446092474,0 34.24319734208444,35.56265846017191,0 34.24316272165792,35.56249718888779,0 34.24314672867928,35.5623688266158,0 34.24314666653505,35.56229153392439,0 34.24315387169765,35.56223299932761,0 34.24318002077457,35.56216296197265,0 34.24325836979438,35.56201641600092,0 34.24327589590705,35.56195390307398,0 34.24328111146356,35.56190267219006,0 34.24327388258409,35.5618511983267,0 34.24325467962033,35.56180422364552,0 34.24322518086191,35.5617634306369,0 34.2431875409529,35.56173592075015,0 34.24315674997458,35.56172700562601,0 34.24312358828339,35.56172827771763,0 34.24287329278487,35.56181614170948,0 34.24269149181535,35.56187415458821,0 34.24223982141849,35.56204899672428,0 34.24197375485764,35.56213596328477,0 34.24183277126763,35.56217331981436,0 34.24177378995859,35.5622012324293,0 34.2415884305257,35.56227435774294,0 34.24144339322503,35.56231988236892,0 34.24135745336628,35.56234766232784,0 34.24129248341971,35.56235968831589,0 34.24125404922174,35.56237134009574,0 34.2410492637158,35.56237799729364,0 34.24102807189518,35.56237443100971,0 34.24098721971318,35.56235609874217,0 34.24094310152,35.56234219920543,0 34.24088835663868,35.56230566716644,0 34.24083597759395,35.56225860819049,0 34.24065225996736,35.56215000908966,0 34.24041240747147,35.56202827983585,0 34.24019065526674,35.56185776351507,0 34.24010811456851,35.561784153802,0 34.24006223620222,35.56172534977988,0 34.24000249286041,35.56161461177089,0 34.23995872109557,35.56152256773196,0 34.2399209253451,35.56139106656093,0 34.23991075785548,35.56128215287129,0 34.23991362098224,35.56122449948001,0 34.23992549025207,35.561192711087,0 34.23997526458384,35.56112139221804,0 34.24014876160797,35.56095428565104,0 34.24014946984808,35.56094377039522,0 34.24003359535898,35.5607482040558,0 34.23993515310291,35.56067988512459,0 34.23984292405383,35.56061134899173,0 34.23977733945994,35.56056964553029,0 34.23969300992684,35.56048469241888,0 34.23965803765488,35.56043648141647,0 34.23952545608169,35.56033867647378,0 34.2395014587003,35.56030716316832,0 34.23943935626407,35.5602076312194,0 34.23935941086762,35.56016130111507,0 34.23927621253558,35.56011308468003,0 34.23908735140284,35.56005645214331,0 34.23892300287588,35.5598795697438,0 34.23882676460536,35.55972821883292,0 34.2387442766024,35.5596359475724,0 34.23868912114879,35.55960580605051,0 34.23858688937056,35.55961697508053,0 34.23850946318237,35.55951222575775,0 34.23836393451083,35.5592828526767,0 34.23830020364352,35.55918873817686,0 34.23824671087219,35.55915178825308,0 34.23817879597497,35.55914266641844,0 34.23782860060516,35.55919957680423,0 34.23762799909351,35.55920820310902,0 34.23745361517897,35.55921570104653,0 34.2374094904962,35.55922447455282,0 34.2370894363483,35.55922249317474,0 34.23691893356776,35.55923091848187,0 34.23661956004335,35.55917869112506,0 34.23654392324349,35.55920337152516,0 34.23639794908913,35.55928474974059,0 34.236241794828,35.55940523039163,0 34.23610662532454,35.55948816211435,0 34.23604855450886,35.5594886061291,0 34.23600469847575,35.55946253123386,0 34.2359242257364,35.55934504397137,0 34.23582087114755,35.55913099596892,0 34.23581985418905,35.55904198194206,0 34.23584574050935,35.55895691730027,0 34.23581738945948,35.55887942780507,0 34.23571550885497,35.55874129259157,0 34.23563271488673,35.558662848756,0 34.23555767621139,35.55859175279411,0 34.23543134376092,35.55859689867245,0 34.23511365515807,35.55865368253725,0 34.23477321246388,35.55875707830996,0 34.23461513591143,35.55878777429599,0 34.23441842867506,35.55872434879686,0 34.23421597094993,35.5586994807679,0 34.23378119831864,35.55889976861675,0 34.23363495665978,35.55895326255954,0 34.2336158146325,35.55897080891361,0 34.23353040700732,35.55906278117553,0 34.2336250861072,35.55924451098706,0 34.23358753138553,35.55925624055008,0 34.23329044934287,35.5592081029905,0 34.23331343561989,35.55914630434352,0 34.23331200633677,35.55911550342404,0 34.2332854071497,35.55909633861708,0 34.23310385631644,35.55908715606188,0 34.23307012317255,35.55910369884619,0 34.23299669579686,35.55902678778478,0 34.23295510591376,35.55902710409948,0 34.23289356171688,35.55907158964219,0 34.23268220108028,35.55898604422756,0 34.2325639835621,35.55891211355166,0 34.23259438033094,35.55888635341769,0 34.23281170119147,35.55888073791319,0 34.2330900181402,35.55895961197132,0 34.23315254080641,35.55882378366721,0 34.23315672922565,35.55871877185537,0 34.23314046485274,35.55861457491343,0 34.23305410301709,35.55834760880828,0 34.23297640824486,35.55825048157023,0 34.23267527508203,35.55797634550289,0 34.23243721204296,35.5577796396951,0 34.23224812959586,35.55765254757887,0 34.23210912182653,35.55754928416974,0 34.23194803366231,35.55745719314439,0 34.23178854636672,35.55739942148497,0 34.23116765891388,35.557283531827,0 34.23096104764593,35.5573427627953,0 34.230921592353,35.55732941758004,0 34.23083322387277,35.5572759466933,0 34.23066309762454,35.55713462291797,0 34.23030587196309,35.55696918857715,0 34.23020340831573,35.55690702133658,0 34.23007631901873,35.55685736534652,0 34.22982347682786,35.55682803070485,0 34.22971174712351,35.55680334884951,0 34.22957135933346,35.55672034011561,0 34.22949365567192,35.55670508266015,0 34.22925117593463,35.55682972888552,0 34.22892139135563,35.55694711077399,0 34.22875351353335,35.55700384494673,0 34.22842023139076,35.55700284681215,0 34.228331117495,35.55699009596272,0 34.2281548600482,35.55697250252879,0 34.22800207341351,35.55692370006951,0 34.22783168378751,35.55685368127514,0 34.22761090729077,35.55680341219642,0 34.22737883311813,35.55680120568993,0 34.2272310287921,35.55684766070426,0 34.22725635823598,35.55688554401195,0 34.22728311390382,35.55688292110509,0 34.22734900405028,35.55704352488549,0 34.22723322885963,35.55712517135793,0 34.22709304999225,35.55716738738354,0 34.22685782529491,35.55716058209001,0 34.22665433213093,35.55726974169215,0 34.22658000194873,35.55718380951404,0 34.22651662103255,35.55728046564334,0 34.22637590541469,35.55731102106697,0 34.22616921060608,35.55736320122073,0 34.2260765991069,35.55739845387082,0 34.22606900752553,35.55739366958836,0 34.22634355200498,35.55711626868057,0 34.2263326899241,35.55710798828076,0 34.22627024588057,35.55710890015963,0 34.22603180425111,35.55737700388923,0 34.22599542994372,35.55739796709526,0 34.22590042967857,35.55737667522296,0 34.22511567006073,35.55752851375285,0 34.22446850565732,35.55761196497401,0 34.22436568388186,35.55761317962681,0 34.22413435272933,35.55745052020941,0 34.22414485068844,35.5574266712536,0 34.22424527888265,35.55739224197856,0 34.22425012209334,35.55732045740233,0 34.2243356587683,35.55726655215329,0 34.22439839964468,35.55719653189461,0 34.22439215494916,35.55716796803485,0 34.22429049456275,35.55703360153311,0 34.22423627701163,35.5570001171715,0 34.22409088782771,35.55695059289985,0 34.22400198977547,35.55694510094852,0 34.22381876308394,35.55697773343566,0 34.22357508834812,35.55704515382667,0 34.22352834622768,35.55705386950916,0 34.22348631443138,35.55705066483758,0 34.22324448651869,35.55694772431338,0 34.2230458586229,35.5569514204525,0 34.22299164816285,35.55696635390209,0 34.22289033828546,35.55705383037903,0 34.22275367098398,35.55720495673118,0 34.22274946394765,35.55721247910654,0 34.22271461586194,35.55727479720742,0 34.22246153546369,35.5574871028458,0 34.22231205528281,35.55759358224319,0 34.22225074422401,35.55763725520232,0 34.22169519449324,35.55750040336384,0 34.22131370437169,35.55764904373218,0 34.22129642991348,35.55780918565363,0 34.2211994573508,35.55781465997881,0 34.22119033805453,35.55807296937917,0 34.22119304230003,35.55823974148355,0 34.22114563439911,35.55844892701811,0 34.22108319079931,35.55864873291246,0 34.22102638988581,35.55876035467499,0 34.2210355724977,35.55894987699845,0 34.22111919496739,35.55925048847185,0 34.22122378315208,35.5595013649757,0 34.22135674931487,35.55967403300769,0 34.22158811885297,35.5600348774293,0 34.22158144008113,35.56029620834585,0 34.22158090494891,35.56031712701238,0 34.22149092411102,35.56062769881139,0 34.22148045359971,35.56092177818439,0 34.22141443367234,35.56093241254134,0 34.22114828532571,35.56079135329916,0 34.22065086526508,35.56042449054536,0 34.22045531435698,35.5603360669025,0 34.22034489506458,35.56030549400846,0 34.22026310353767,35.56028284728218,0 34.22005384521847,35.56022241301282,0 34.22000617593455,35.56024316698483,0 34.22000558965762,35.56030803967744,0 34.22000457607584,35.56042032930814,0 34.21996745059928,35.56042736636466,0 34.21984707074329,35.56037571198531,0 34.21972336999817,35.56031015642917,0 34.21965732170392,35.56027515391019,0 34.219475055611,35.56020057937988,0 34.21923296334947,35.56013459227233,0 34.21899200703421,35.56002181326163,0 34.21884056957723,35.55990429467518,0 34.21877913299459,35.55982474894852,0 34.218760492679,35.55964182296238,0 34.21879920562342,35.55938722252392,0 34.21884475187021,35.55925169201388,0 34.21883039892132,35.5592195614622,0 34.21876793169483,35.55920754988414,0 34.21856347310609,35.55923819988453,0 34.21831706297841,35.55927124190443,0 34.21825085123558,35.5592654984356,0 34.21820059156708,35.5592076395599,0 34.21813330610008,35.5591062308006,0 34.21790276038868,35.55903599553795,0 34.21782512621701,35.55899114901236,0 34.21774770579769,35.55889138179356,0 34.21774279934836,35.55882361648254,0 34.217778458032,35.55877091094426,0 34.21784660969604,35.55860921274552,0 34.21781943333665,35.55855725911137,0 34.21781857229888,35.55852010180044,0 34.21781782917481,35.55848811393123,0 34.21791525618353,35.55841623154897,0 34.21808845242287,35.55828844603675,0 34.21821579637305,35.55810679998743,0 34.21823641521033,35.55802257267161,0 34.21823131920383,35.55793785804907,0 34.21816647694841,35.55775330149677,0 34.21819972415673,35.55770892367605,0 34.21837256728053,35.55766491424232,0 34.2185226498352,35.55760443032815,0 34.21857496468641,35.55758367865737,0 34.21862273840848,35.55756472855791,0 34.21867158785234,35.55752037675457,0 34.21869840266135,35.55743398223907,0 34.21873951662517,35.55725467729336,0 34.21872055635413,35.55706061375314,0 34.21870691753809,35.55693625354886,0 34.21864242431219,35.5568058785527,0 34.21854802427369,35.55667098216841,0 34.21847824526937,35.55651284795064,0 34.21847411995345,35.55644075492592,0 34.21848465888941,35.55634532920079,0 34.21841398037846,35.55636449991788,0 34.21832435527786,35.55638880918348,0 34.21830213654268,35.55639483524931,0 34.21827125061748,35.55633997740893,0 34.21807182878628,35.55623208066233,0 34.21786208476971,35.55613596211418,0 34.217843802704,35.55612779194528,0 34.21777845644336,35.55610311620111,0 34.21732997325901,35.55589817223674,0 34.21706634343782,35.55568487316255,0 34.21687104822742,35.55564904133299,0 34.21667518181889,35.55563626695586,0 34.21645209487851,35.55556629327751,0 34.21562934629178,35.55555830874989,0 34.21470283850809,35.55554589783436,0 34.21459849404451,35.5555595580223,0 34.21440593373366,35.55561998186968,0 34.21422152947077,35.55566813977714,0 34.21411119825738,35.55566557192745,0 34.21375352417887,35.55557060236347,0 34.2136754978151,35.55556440297883,0 34.21353154420567,35.55565166828417,0 34.21342336266204,35.55569315521947,0 34.21333383958333,35.55569721162037,0 34.21322296327381,35.55592458006078,0 34.21316003525091,35.55601409385341,0 34.21305746327331,35.55605541405959,0 34.21300005575818,35.55615463487645,0 34.21298877673687,35.55639806035649,0 34.21300220897825,35.55659941153784,0 34.21293912207422,35.55673640618885,0 34.21283928054984,35.5569087365955,0 34.21271199690685,35.55712568048848,0 34.21263616555859,35.55731676815629,0 34.21256530742437,35.55735865400428,0 34.21250954145818,35.55734076300988,0 34.2123260511138,35.55719749433125,0 34.21210432006773,35.55714715138044,0 34.21192377243183,35.55707670737899,0 34.21187039871559,35.55705945267348,0 34.21167788011782,35.55720795288402,0 34.21150715799411,35.55729363451331,0 34.21119373175137,35.55737461379508,0 34.21111129395952,35.55734471469217,0 34.21095571350783,35.55739434458336,0 34.21074907513308,35.55744958830501,0 34.2107568564097,35.55746667772139,0 34.21057844641966,35.55753241424196,0 34.21060033928904,35.55756208532086,0 34.21054614060011,35.55761062628331,0 34.2104041959485,35.55774864037791,0 34.21042173124947,35.55790852247367,0 34.21035134533437,35.55814228370568,0 34.21023778457711,35.55809356412748,0 34.21035243736457,35.55824058786677,0 34.21036371100128,35.55843632441749,0 34.21046827759397,35.55857385878711,0 34.21068583832202,35.55869183530165,0 34.21077777637277,35.55890053411585,0 34.21078171960147,35.5590313620111,0 34.21065418884498,35.55916315610067,0 34.21061664217429,35.5592185508259,0 34.21065154710523,35.55961203301973,0 34.2108079700606,35.55972253334977,0 34.21100071104627,35.55985488516603,0 34.21124287066786,35.56007683286213,0 34.2114161991661,35.56031790560395,0 34.21145169942159,35.5603719040709,0 34.21146797252887,35.56039665818713,0 34.2115499767058,35.56044684733673,0 34.21168263440443,35.56048078017174,0 34.21183766232797,35.56054383541775,0 34.21184213567187,35.56057421581103,0 34.21180661262738,35.56060151482221,0 34.21167751237061,35.56063964595219,0 34.21109567654668,35.56073183246794,0 34.21059992877073,35.56088307681486,0 34.21024441451211,35.56113015302621,0 34.20982058201989,35.56142955080919,0 34.20957640435149,35.56165214381544,0 34.20951120686886,35.56173711079518,0 34.2094434637028,35.56196515422393,0 34.20938850193278,35.5619790788036,0 34.20910384455196,35.56178293462055,0 34.20909095712162,35.56173909950591,0 34.20921728329314,35.56145092115108,0 34.20921791242378,35.56138333065294,0 34.2090809507944,35.56125823067379,0 34.20904356373009,35.56121857355009,0 34.20896015021179,35.56113009428135,0 34.20882103269736,35.56103956073022,0 34.20851064967854,35.56084496276208,0 34.20810738541815,35.5606279877499,0 34.20780899615542,35.56045154206659,0 34.20772941959056,35.56039950634554,0 34.20758743980605,35.56030666119018,0 34.20743440415442,35.56026778973988,0 34.2070610591205,35.5601064709995,0 34.20685899024701,35.55990862643544,0 34.20666167239735,35.55954056522835,0 34.20665235174814,35.55944774474068,0 34.20695148731875,35.55942383693813,0 34.20699068496609,35.55921878560259,0 34.20709545250584,35.5590932555243,0 34.20702231707029,35.55907955742213,0 34.20709803711794,35.55895220737496,0 34.20708636725,35.55886030270553,0 34.20704140857602,35.55870650521334,0 34.20706551718069,35.55856190861417,0 34.20710508707363,35.55848830238649,0 34.20712077574207,35.55845911959312,0 34.20712979458578,35.55833724481138,0 34.20713448214306,35.55827391814664,0 34.2071888474869,35.55824029410604,0 34.20719315459942,35.55817991753054,0 34.20675139354704,35.55805571607515,0 34.20672691347468,35.55809183204084,0 34.20654489175822,35.55798130400624,0 34.20650792436257,35.55793818454004,0 34.20640966330519,35.5577524543173,0 34.20632734482201,35.55750829765347,0 34.20627013033384,35.55743413875038,0 34.20618979178367,35.55738243313294,0 34.20601703829922,35.55727124913619,0 34.20574174902724,35.55727599368866,0 34.20538508833727,35.55734710671906,0 34.2052570878155,35.55732160764978,0 34.2052518583422,35.55729859347903,0 34.20511430696137,35.55723451852995,0 34.2049355031689,35.55711447257578,0 34.20489759664809,35.55713644880627,0 34.2047300573002,35.55698513000945,0 34.20460883169911,35.55680026943472,0 34.20449381906356,35.55677092198571,0 34.20436963582764,35.55671556227102,0 34.20425774639796,35.55667939855784,0 34.20419734918477,35.55665987808013,0 34.2040952438705,35.55665113796881,0 34.2039080764722,35.5565996325095,0 34.20362802986501,35.55654880894075,0 34.20308117603874,35.55644435272032,0 34.20291777243335,35.55644216454695,0 34.20271334036714,35.55640434417938,0 34.20240974035334,35.55639844181351,0 34.20218287306754,35.55635671644062,0 34.20178853196111,35.55631961192778,0 34.20146849510085,35.55625212793029,0 34.20137309288677,35.5562494383944,0 34.2012256773862,35.55626814971584,0 34.20101299754265,35.55630971589326,0 34.20046427105444,35.55626085737623,0 34.20000883344322,35.55624860433698,0 34.19990576745084,35.55622766418687,0 34.19971330230684,35.55622229548482,0 34.19959193723899,35.55627200287941,0 34.19945516417503,35.55635369037012,0 34.19934829793301,35.5564399038399,0 34.19918597373052,35.55653601695244,0 34.19902326980213,35.55659755239337,0 34.19891523059381,35.55695498326433,0 34.1988378721565,35.55708505205564,0 34.1983463293946,35.55748664938174,0 34.19818871728358,35.55755899623086,0 34.19808423610602,35.55756043838546,0 34.19801517563007,35.55753992477032,0 34.19770081761649,35.55753927190933,0 34.19765440108234,35.55753917514826,0 34.19752885435593,35.55751026096705,0 34.19747421035881,35.55751879631134,0 34.19740452134238,35.55751659449688,0 34.19723949973174,35.55744254029201,0 34.19721127233394,35.55742527087924,0 34.19715517154077,35.55739094933179,0 34.19703799446992,35.55721755464847,0 34.1969120641226,35.55700218668107,0 34.1967906329341,35.55689459051125,0 34.19674713465074,35.55678473079543,0 34.19666806373265,35.55675886572302,0 34.1961769201077,35.55666685221255,0 34.19568441038621,35.55663880512754,0 34.19559813464273,35.5566338916803,0 34.19552869574085,35.55667447189825,0 34.19540149025583,35.55681803833125,0 34.19531337542765,35.55697347717872,0 34.19532446773896,35.55720947303544,0 34.19529466479699,35.55724138275756,0 34.19498874511579,35.557232169809,0 34.1949562603726,35.55721568021108,0 34.19498068814536,35.55698749333202,0 34.19500158870509,35.55692923826265,0 34.19499375876314,35.55688144794584,0 34.19497282741304,35.55684504719382,0 34.19491166074368,35.55678023579632,0 34.19485221974399,35.55676042173939,0 34.19464535819149,35.55673127665201,0 34.19426921601755,35.55671977445796,0 34.19411865569725,35.55673759796746,0 34.19384145383488,35.55679419848509,0 34.19370486205074,35.55680927935125,0 34.19367537434056,35.55680840596651,0 34.19356159779591,35.55680504046899,0 34.1934138253953,35.55683164552161,0 34.19332620537575,35.55684460894951,0 34.19301196087206,35.55686186107657,0 34.192866609396,35.55696239792871,0 34.19282796224377,35.55697324329523,0 34.19269730152265,35.55693986013488,0 34.19261127741462,35.55695105065922,0 34.19250573835268,35.55695005686509,0 34.19238749808849,35.5569694043393,0 34.19226578881264,35.55696676770619,0 34.19212987082374,35.55694486687014,0 34.19204914302734,35.55694809497722,0 34.19174416416369,35.55702514052197,0 34.19111473417423,35.5572714190843,0 34.19097750109847,35.55732562422136,0 34.19085341526373,35.5573892493121,0 34.19080563628761,35.55744586928413,0 34.19081319144209,35.55747584337444,0 34.19083755581653,35.55767613688482,0 34.19083612875392,35.55794113036201,0 34.19081295673903,35.55798883694185,0 34.19074866682512,35.55801835532188,0 34.19058979527698,35.5580644053553,0 34.19024559765379,35.55810035569667,0 34.19013415187725,35.5581504640226,0 34.1901032313213,35.55817885950256,0 34.19005193462947,35.55819105279968,0 34.19000200079962,35.55820292258149,0 34.18966579501109,35.55849617668294,0 34.18963635841385,35.55852029614253,0 34.18975569484988,35.55855200441684,0 34.18992541830784,35.55855345583637,0 34.19002763359362,35.55854188386802,0 34.19004425070391,35.55854717889486,0 34.1900484548073,35.55856826793183,0 34.1900314056256,35.55858037640413,0 34.1899283717504,35.55861193515625,0 34.18972528439543,35.55863694836038,0 34.18956346106086,35.55867444508537,0 34.18944226747946,35.55868232209345,0 34.18931281898175,35.55871764782306,0 34.1891418840065,35.55882407734151,0 34.18903729084491,35.55886092862057,0 34.18893280959111,35.5589329935672,0 34.18885020034027,35.55901106247588,0 34.1887855386161,35.55905598818418,0 34.18874255309,35.55906422256174,0 34.18871651642111,35.55904636444615,0 34.18873395713141,35.55896656607406,0 34.1888851685513,35.55873526173883,0 34.18892594465984,35.55865384342984,0 34.18876536074573,35.55858559034198,0 34.1887029026767,35.55858560325599,0 34.18853354836804,35.558534008194,0 34.18845127556748,35.5584655783428,0 34.18825851019884,35.5584038858941,0 34.18823164303806,35.55839886018779,0 34.18812385246322,35.5583890765421,0 34.18812591552503,35.55843043764461,0 34.18797842364545,35.55843370543867,0 34.1878623516978,35.55830557568444,0 34.18774008372953,35.55840065694026,0 34.18764257075563,35.55844493862142,0 34.18757630598159,35.55849119535033,0 34.18744184982711,35.55850493314426,0 34.1874390984606,35.55848425600659,0 34.18741836727635,35.55850354573941,0 34.18736137661774,35.55855657516412,0 34.18725871773077,35.5586229029947,0 34.18728418348553,35.55865502893156,0 34.18724493040093,35.55876145217641,0 34.18725040807027,35.55877792953552,0 34.18727895215693,35.55887533381205,0 34.18730661411156,35.55907482229558,0 34.18733290512478,35.55916542874677,0 34.18734304957176,35.55928914056116,0 34.18731932913379,35.55949664546357,0 34.18729976188304,35.55952936001441,0 34.1872726367335,35.55954619902064,0 34.18722369317146,35.55958394090551,0 34.18721012428266,35.5595938029639,0 34.18712277850112,35.55965450549363,0 34.1869621527287,35.55974718503256,0 34.18684469883659,35.55981964089169,0 34.18671147319824,35.55984308699633,0 34.18653927306945,35.55987628178151,0 34.18634105065026,35.55989206368568,0 34.18613115448823,35.5599326372094,0 34.1860172934946,35.55996859107246,0 34.18600826407425,35.56011378621187,0 34.18588891866204,35.56013730575665,0 34.18577027723786,35.5601891518431,0 34.18574519208646,35.56022778145326,0 34.18570598902492,35.56027788533378,0 34.18571715214324,35.56038592209447,0 34.18590257719657,35.56055904318136,0 34.1860003484312,35.56065032748169,0 34.18607934234559,35.56077033551888,0 34.18607666164297,35.5607914140222,0 34.18603559000783,35.56083552574561,0 34.18596136002954,35.56084862881854,0 34.18590557852898,35.56087722274378,0 34.18589274769958,35.56088173099415,0 34.18586008291486,35.56101171515462,0 34.18585113725607,35.56110654403811,0 34.18603304749767,35.56121510914134,0 34.18608914013275,35.56117700267733,0 34.18613355388336,35.56121132630068,0 34.18608840787062,35.56126294073835,0 34.18623090921325,35.56137722524813,0 34.18631391829181,35.56135319049648,0 34.18641552793366,35.56139049678642,0 34.18647412845911,35.56143049211953,0 34.18651472504609,35.56149609247301,0 34.1865060369288,35.56153793253814,0 34.18646682313145,35.5615616517576,0 34.18644677817009,35.56155228644727,0 34.1864565875822,35.56149888993889,0 34.18644070498195,35.56149017314137,0 34.18640428010436,35.5615030035532,0 34.18633391066481,35.56148890695528,0 34.1863174408511,35.56150261168403,0 34.18625191514835,35.56162909697552,0 34.18622681135492,35.56165135689304,0 34.18618818747046,35.56165299333598,0 34.18610263137958,35.56161760816271,0 34.18609023768627,35.56158576977275,0 34.18610154738218,35.56155579905103,0 34.18613502914653,35.56150155137199,0 34.18621953355863,35.56143946339896,0 34.1860241589245,35.56127682079389,0 34.18596338038172,35.56123675473417,0 34.18596013250513,35.56123461369724,0 34.185721563663,35.56118878427695,0 34.18560017386808,35.56118692104287,0 34.18546553143327,35.56144911020822,0 34.18540601156806,35.56143181317633,0 34.18552401816513,35.56161605439177,0 34.18551808906702,35.561635043211,0 34.18546582238708,35.56162980432381,0 34.18538719345226,35.56165890298557,0 34.18494646902804,35.56166887430113,0 34.18490887498682,35.56168884579212,0 34.18485648651026,35.56176225003799,0 34.1848374230817,35.56176680321271,0 34.18477764254528,35.56173292846355,0 34.18472848402435,35.56172071523829,0 34.18465568582006,35.56175113057692,0 34.1846444384772,35.56178687506395,0 34.18464457954177,35.56183850177435,0 34.18462658653621,35.56186512488733,0 34.18455441481274,35.56187651336882,0 34.18450319457411,35.56186601381899,0 34.1844734841999,35.56188490909189,0 34.18446905691214,35.56189818700721,0 34.18456561404783,35.56199038746524,0 34.1845854675124,35.56202047362463,0 34.18454914197275,35.5623503714464,0 34.18461200628119,35.56270825543002,0 34.18459418109943,35.56271212043891,0 34.18422485654606,35.5626395484853,0 34.1840022632553,35.56234174528148,0 34.18389790891036,35.56225860131757,0 34.18380496509955,35.56223175820956,0 34.18368720007234,35.5622149448665,0 34.18349498280441,35.56222923554792,0 34.18324116398602,35.56227199099317,0 34.18294261161146,35.56228925411429,0 34.18269547079289,35.56233484681205,0 34.18243819180983,35.56242690667511,0 34.18240241290912,35.56243970881967,0 34.18204000384016,35.56251380354911,0 34.1816345945067,35.5625236796863,0 34.18154177927384,35.56250872237384,0 34.18148752333994,35.56252473545489,0 34.18145362538328,35.56256191837808,0 34.18141894570459,35.56256140203752,0 34.18131844893681,35.56256619931687,0 34.18121204528199,35.56260126895471,0 34.18116454491096,35.56258870275275,0 34.18116184048956,35.56256902182867,0 34.18155457604406,35.56219207047273,0 34.18159012320102,35.56213628152218,0 34.18152565367227,35.5620525092957,0 34.18140190842,35.56186590850662,0 34.18132687202676,35.56180412013675,0 34.18120118568202,35.56174592301969,0 34.18105697885646,35.56169658385867,0 34.18081553973774,35.56170012071404,0 34.1805027400364,35.56174977871144,0 34.18045211735319,35.56182789101108,0 34.18038997772674,35.56184498031741,0 34.18024025151301,35.56186949027021,0 34.18017999211907,35.56190694444883,0 34.18009054980714,35.56193509914768,0 34.18002987209785,35.56193349579512,0 34.17994217009463,35.56189166684447,0 34.17985686833409,35.56187971165684,0 34.17974400905291,35.56189393704975,0 34.17955822066983,35.56188779677688,0 34.17941853061201,35.56191834704128,0 34.17931249109064,35.56198737805126,0 34.1792588000576,35.56205603298329,0 34.17923545877601,35.56216282346904,0 34.17920048227618,35.56218351835567,0 34.17901293351618,35.56210415720633,0 34.17895722915208,35.56210149974446,0 34.17891290270575,35.56211370488423,0 34.17871114873014,35.56220719662843,0 34.17873607180064,35.5623615615264,0 34.17870293672053,35.56237130841951,0 34.17865800378635,35.56236568663411,0 34.17853355831239,35.56230696807692,0 34.17839260927862,35.56229778654254,0 34.17786835090095,35.56234450428212,0 34.17775177171904,35.56232190173208,0 34.17746250985839,35.56227539936875,0 34.17719545701257,35.56220767866083,0 34.17711656557167,35.562173597353,0 34.17695959590201,35.56206501044835,0 34.1768509203722,35.56200430926879,0 34.1767166051218,35.56191610869175,0 34.17654355229186,35.56181867476455,0 34.17639379357547,35.56168489979347,0 34.17625463764792,35.56149347790897,0 34.17616806913468,35.561324268621,0 34.17605784616486,35.56127410607498,0 34.17586826837386,35.56122417131083,0 34.17577148699488,35.56118783915217,0 34.17561686391866,35.56110402814579,0 34.17550706953638,35.56089948926163,0 34.17528826634116,35.56063519813232,0 34.17518659342411,35.56051238735812,0 34.17506454484703,35.56043268065705,0 34.17492148052831,35.56039183195748,0 34.17425240905099,35.56026039705287,0 34.17415448699926,35.56023375265592,0 34.17393717601561,35.56011506199226,0 34.17379446618308,35.56005714720852,0 34.17360445171815,35.55996577480882,0 34.17330231871802,35.55960704087984,0 34.1732186264054,35.55951185345388,0 34.17318449815863,35.55950632273766,0 34.1730173883717,35.5595690188989,0 34.17281745092613,35.55948889335781,0 34.17261882790559,35.55913485661397,0 34.17260117953434,35.5590381800147,0 34.17260627504836,35.55897055225451,0 34.1726790135609,35.55870034939037,0 34.17268466215371,35.55860656461594,0 34.17269871895162,35.55852189023511,0 34.17273365191146,35.55840802751231,0 34.17276004294593,35.55823325804932,0 34.17271108978696,35.55812304767917,0 34.1726698649432,35.55800320760908,0 34.17268783243902,35.55796765116331,0 34.17276947631071,35.55790966874199,0 34.17278743731025,35.55787965163066,0 34.17278846131423,35.55774174535077,0 34.17281225737541,35.55768072411175,0 34.17290776885381,35.55761165790056,0 34.17301741772221,35.55751110382527,0 34.17303967817664,35.55747528293916,0 34.17304452829912,35.55740409025694,0 34.17305465046326,35.55734016289204,0 34.17307811154686,35.55728047154787,0 34.17310070995537,35.55717883926896,0 34.17310168017163,35.55697733174616,0 34.17311905954546,35.55691241895237,0 34.17322959696288,35.55680200411106,0 34.1733421267633,35.55666076842379,0 34.17337914857885,35.55657448065654,0 34.17338174777157,35.55648750586013,0 34.17329571956015,35.55622924492226,0 34.17334227108294,35.55602577599738,0 34.17331451078051,35.55587686485345,0 34.17326370048291,35.55570909694986,0 34.17326100857092,35.55565137431576,0 34.17332109438188,35.55551984028974,0 34.17334638917959,35.55543746375893,0 34.17354489345891,35.55529872223782,0 34.17347318541913,35.55505538332341,0 34.17317443600174,35.55477839724649,0 34.17308906514416,35.55468118363419,0 34.17301504360461,35.55444038510242,0 34.17290504477084,35.55429307788345,0 34.17281947124084,35.55421573573564,0 34.17267309295173,35.55412438958665,0 34.17238632414418,35.55402056032474,0 34.17232185068229,35.55395009581473,0 34.1722970586505,35.55384548784485,0 34.17230493239343,35.55380467325786,0 34.17242126222652,35.55357101354187,0 34.17241083330266,35.55344983100277,0 34.17239408792446,35.55340232674503,0 34.17231991102312,35.55319190879187,0 34.17230705370699,35.55308776518545,0 34.17246597961639,35.55291389607596,0 34.17254264584328,35.5527745843936,0 34.17260683048481,35.55275893304031,0 34.17270297835477,35.55245452566412,0 34.1726997741434,35.55236325496826,0 34.17263643731029,35.55227329919137,0 34.17259098729108,35.55207188878562,0 34.17264637431885,35.55189134114415,0 34.17264921565026,35.55172627939498,0 34.17254697922725,35.55154249248073,0 34.17201135579,35.55113891222589,0 34.17186315198099,35.55088719740614,0 34.17168508399701,35.55030905074869,0 34.17168689531628,35.55019948564137,0 34.17193877518618,35.5498100026467,0 34.17210597131044,35.54965568085602,0 34.17212785215769,35.54939379914421,0 34.17191247383418,35.5489127160008,0 34.17175918737794,35.54866858506382,0 34.17146601643888,35.54832374985455,0 34.17111017529903,35.54803413417239,0 34.17098075500328,35.54797114670005,0 34.17082590723112,35.54787674838139,0 34.17071021123012,35.54783358989538,0 34.17056428933506,35.547799904336,0 34.17040513787379,35.54777689295534,0 34.17025151841352,35.54770358104064,0 34.1701850132749,35.54768520399963,0 34.17015186850457,35.54768643146939,0 34.1701241439192,35.54770282993039,0 34.17007694265555,35.54775111198141,0 34.17004725530456,35.54777314627977,0 34.17000570891371,35.54782072720536,0 34.16998994402379,35.54782116949801,0 34.16996170435502,35.54781160780491,0 34.16988007137491,35.54779334494278,0 34.16978045744365,35.54774147361704,0 34.16972432454422,35.54767391351585,0 34.16973846927063,35.54748054170456,0 34.16972552648731,35.54740391745047,0 34.16967042893796,35.54739372667861,0 34.16950120041012,35.54722099215008,0 34.16931513727511,35.54690949475795,0 34.16934629455701,35.54687356208581,0 34.16994782245603,35.54674728534283,0 34.16980238192904,35.54638132371032,0 34.16976213000311,35.54628004025946,0 34.16965677682087,35.54616825206794,0 34.16949403165972,35.54599556633646,0 34.16937650671341,35.54578929795318,0 34.16939512928845,35.54576847791004,0 34.16934438161488,35.54562798203393,0 34.16932127091491,35.54558060748735,0 34.16897945990058,35.54520227802546,0 34.16894614443194,35.5451883327697,0 34.16891711946477,35.54517618272954,0 34.16880034298898,35.54505405318342,0 34.16867101310417,35.54497700401299,0 34.16847339080132,35.54501221008907,0 34.16812179187429,35.54511421660817,0 34.16811825855999,35.54509437028457,0 34.1681382383837,35.5447498487196,0 34.16816937510567,35.54454418465314,0 34.16824234486113,35.54443528916674,0 34.1683450540888,35.54442584983918,0 34.16826965162883,35.54436626371575,0 34.16821610838598,35.54433131870758,0 34.16805242013963,35.54456480078169,0 34.16787278945745,35.54486225167011,0 34.16774268690964,35.54512946308213,0 34.16755158585602,35.54512809522299,0 34.16740171997358,35.54509790578987,0 34.1673825048862,35.54496998941318,0 34.16736165754124,35.5447269432933,0 34.16698749596176,35.5441878308167,0 34.16671595994989,35.54396489378224,0 34.16673993344509,35.54395351650826,0 34.16685756424377,35.54396032845148,0 34.16694627468416,35.5437462275319,0 34.16697899088798,35.54360798443337,0 34.16702421281992,35.54341688875775,0 34.16702335407464,35.54337223385146,0 34.16640420713025,35.54319827854787,0 34.16629739943389,35.54315419693884,0 34.16616638340564,35.54314889556437,0 34.16586852855681,35.54313684160159,0 34.16576004540621,35.5430914129681,0 34.16546265681455,35.54277966507146,0 34.16536251098659,35.54273689539467,0 34.16515298171826,35.54272070888819,0 34.1650095100466,35.54266601535648,0 34.16488971282654,35.54265055575121,0 34.16461081920497,35.54267425696599,0 34.16446909439385,35.54262770255406,0 34.16426925144503,35.54250581275029,0 34.16405475320038,35.54249101882696,0 34.163608366825,35.5425457859011,0 34.16339080662227,35.54239786610742,0 34.16323833756153,35.54235648003019,0 34.16312349933622,35.54241740711393,0 34.16299973773538,35.54253364016924,0 34.16296030438823,35.5425411704097,0 34.16268273863856,35.54245412952363,0 34.16268862333069,35.54238174094183,0 34.16267936779487,35.54213351676814,0 34.16260324664905,35.54200498102831,0 34.16251108180985,35.54193090242565,0 34.16230263023373,35.54185900013938,0 34.16211056680067,35.54176524467645,0 34.1620299863255,35.54176580946005,0 34.16177350280927,35.5419455901402,0 34.161330432874,35.5418413659092,0 34.16108794864773,35.54185121872764,0 34.16099537820548,35.54189670213487,0 34.16093090114522,35.54240256528386,0 34.16053561414434,35.54225996095924,0 34.16027561649562,35.54218434045638,0 34.15998859505854,35.54206679013214,0 34.15972578478704,35.54188113936051,0 34.15936019064313,35.54155898408946,0 34.15962490958064,35.54145115833766,0 34.15968376777612,35.54135971823023,0 34.15966786098065,35.54126880068222,0 34.15960579057281,35.54121217311599,0 34.1590737484094,35.54102025188174,0 34.15876574391049,35.54088178671563,0 34.15855453079597,35.54086288297089,0 34.15832775405818,35.54086514727981,0 34.15799613872525,35.54093131975286,0 34.15688531255326,35.5407638096917,0 34.15635764216838,35.5407511851885,0 34.15565570165636,35.54052502382174,0 34.15559039011816,35.54049112593851,0 34.15549668518676,35.54044249006761,0 34.15532583760248,35.54031087268156,0 34.15510564468972,35.54006785183866,0 34.15491386803863,35.53984093570605,0 34.15487883679862,35.53982759328327,0 34.15476120343945,35.5398596601632,0 34.15469955904059,35.53936486765788,0 34.15449526030699,35.53903858117128,0 34.15448851373376,35.53902117159787,0 34.15437576784824,35.5387302283516,0 34.15431486027168,35.53846384906645,0 34.15429668627782,35.53830812097145,0 34.15407311385652,35.53814809759258,0 34.15405551048011,35.53811167738308,0 34.15402688008481,35.53784331260452,0 34.15397312524345,35.53774682772404,0 34.15380993493606,35.5375438969738,0 34.1537248684498,35.53739986038672,0 34.15392079327619,35.53724396457061,0 34.15392046387378,35.53721226761946,0 34.15370664552835,35.53687694876238,0 34.15341793715982,35.53675479839242,0 34.15315036211422,35.53655545358317,0 34.15303433231795,35.53633216305236,0 34.15294785218503,35.53624603002998,0 34.15295263950749,35.53616278633508,0 34.15282564212405,35.53575157726775,0 34.15244991387396,35.53517963378584,0 34.15238532755664,35.53518008156761,0 34.15232786042725,35.53521834334249,0 34.15229727959158,35.5350723870814,0 34.15196087089226,35.53445041873953,0 34.15165547032499,35.5339633979103,0 34.15182214738545,35.53355675512162,0 34.15208219845689,35.53317500053888,0 34.15214927585886,35.53258501592004,0 34.15210044775583,35.53244402782502,0 34.15203276960127,35.53240575311695,0 34.15186892642361,35.53238487611576,0 34.15175469071642,35.53242441168862,0 34.15172234461668,35.53247130463569,0 34.15170894176824,35.53263209550607,0 34.15140556880656,35.53239160928298,0 34.1513451532065,35.53230089274057,0 34.151257665541,35.53211702591874,0 34.15126116309302,35.53209102639106,0 34.15140108154769,35.53198483188696,0 34.15142150976995,35.53193053786609,0 34.15140871186462,35.5318381697739,0 34.15145828091869,35.53178868709041,0 34.15159257513898,35.53165462503276,0 34.15157249151203,35.53145033324452,0 34.15154028286958,35.53134865903831,0 34.1514378029609,35.53125006133256,0 34.15122652430926,35.53110637872867,0 34.15084087397734,35.53089823681501,0 34.15073929726038,35.53085575946969,0 34.15063585822153,35.53082493004375,0 34.15053186335021,35.53081053453289,0 34.15046104545436,35.53083106464852,0 34.14999885445339,35.5310844199331,0 34.1499114838677,35.5311211550314,0 34.14984153189602,35.53113509801822,0 34.1496644930298,35.53113695895708,0 34.14948772718136,35.5311049366643,0 34.14850680539518,35.53064366529867,0 34.14805279521844,35.53052333270211,0 34.14799675769632,35.53052487379935,0 34.14781264796775,35.53034558872195,0 34.147468972657,35.53029206450488,0 34.14728292615552,35.53014482976359,0 34.14715526975615,35.5299545714394,0 34.14723073175161,35.52952186178087,0 34.14742016933888,35.52941580913597,0 34.14756575647084,35.52929543377636,0 34.1478880767295,35.52897240385503,0 34.14824556674832,35.52885194380744,0 34.14834654086044,35.52876094531285,0 34.14865856339242,35.52840665102678,0 34.14876438680821,35.52824419860352,0 34.14876014598552,35.52819845617739,0 34.14843375205125,35.52781759994658,0 34.14855181624598,35.52769325754386,0 34.14883917794786,35.52752552041144,0 34.14904918035909,35.52734812691074,0 34.14921677635013,35.52716695065905,0 34.14946302925275,35.52679977697085,0 34.14953315144722,35.52675241998254,0 34.14936601333184,35.5266564330083,0 34.14916369695731,35.52661299543994,0 34.14923567285987,35.52650380778283,0 34.1492981711721,35.52644223723031,0 34.14939745025872,35.52640283033712,0 34.14950459651575,35.52616025347306,0 34.1497195224743,35.52597739062418,0 34.14989348890607,35.52593067385456,0 34.14971033401453,35.52565138243822,0 34.14993207957749,35.52548545523693,0 34.15038196617655,35.52520993775174,0 34.15059898990895,35.52523017439276,0 34.15127207674892,35.52517048928532,0 34.15129787630669,35.52525522564021,0 34.15154089102121,35.52521821758828,0 34.15190779013911,35.52519189855865,0 34.15217405516988,35.52515404887853,0 34.15244582635426,35.52516643076589,0 34.15265429753404,35.52516294596699,0 34.15298105261896,35.52519056829605,0 34.15357336867471,35.52519257060239,0 34.15368065883283,35.52552468986546,0 34.15371329268032,35.52570719890313,0 34.15409687822319,35.52712532125189,0 34.15544247514229,35.52629731800602,0 34.15838430050754,35.52448697819137,0 34.15889495759436,35.52417271465769,0 34.16030701426276,35.52332070085658,0 34.16193625202431,35.52231119625154,0 34.16524895467903,35.52025766961868,0 34.16619613771113,35.5206157857153,0 34.16677381219073,35.52052356677534,0 34.16621252386366,35.51965419862527,0 34.16728651026662,35.51898891535281,0 34.16734060487564,35.51893022169921,0 34.16725464482995,35.51879742217229,0 34.16700186956109,35.51872512969021,0 34.16670825185396,35.51863176574848,0 34.16654462998644,35.5186022376793,0 34.16648114393318,35.51855657768919,0 34.16659064335014,35.51809202152599,0 34.16663956347833,35.51801437814427,0 34.16682126641563,35.51795071630627,0 34.16722804586983,35.51769154424649,0 34.16745552637481,35.51772384126393,0 34.16748613859805,35.51763954658151,0 34.16741687846785,35.5175179867955,0 34.16739855176891,35.51735267300728,0 34.16731145867326,35.51723005188624,0 34.16730703180694,35.51717076374118,0 34.16730629058212,35.51716083690151,0 34.16734108576129,35.51711647395734,0 34.16758083929848,35.51716883094429,0 34.16843272062764,35.51735486072232,0 34.1685074477323,35.51716228562557,0 34.16864572569896,35.51680593792549,0 34.16873407013258,35.51657826701896,0 34.1687283795625,35.51651050463271,0 34.16880584335128,35.51631061589581,0 34.16891663158149,35.51612676526444,0 34.1689601416789,35.51600848015681,0 34.16921014951025,35.51582093295963,0 34.16956300592131,35.51563943610132,0 34.16986231947363,35.51556815889764,0 34.17000162430121,35.5155725966792,0 34.17052132544211,35.51549162073237,0 34.17079079948696,35.51542055239581,0 34.17088570990063,35.51530325840432,0 34.17147715450628,35.5151092181427,0 34.17159734624207,35.51503106980866,0 34.17165601643586,35.51493572933111,0 34.17217022308346,35.51465002044159,0 34.17244247392811,35.51452875569282,0 34.17268021633674,35.51428026455179,0 34.17273395514523,35.51418902640047,0 34.17310902262132,35.5137592044738,0 34.1731914160185,35.51371251305777,0 34.17333538904857,35.5136884361893,0 34.17359536856681,35.51350487664911,0 34.1737904544337,35.51345467194962,0 34.17383693874932,35.51330517516161,0 34.17410203573891,35.51329108465396,0 34.1748635818454,35.51272696913819,0 34.17500795207496,35.51258491124772,0 34.17515298830197,35.51250522763937,0 34.17523014194753,35.51227821535384,0 34.1754463827024,35.51219124378569,0 34.17564504767925,35.51201082891299,0 34.17576752051642,35.51183638030111,0 34.17607998803764,35.5117568578939,0 34.17628465099869,35.5116726790574,0 34.17640524687953,35.51147790240337,0 34.1767391400999,35.51123142990379,0 34.17735268858563,35.51093821003852,0 34.1776485168633,35.51085337788808,0 34.17809451055473,35.51054914672476,0 34.17838655802785,35.51042094631494,0 34.17851039365108,35.51076112414215,0 34.17841707492832,35.51079432183138,0 34.17810891448026,35.51096603170901,0 34.17749043266417,35.5114179484971,0 34.17765129623507,35.51173411768097,0 34.17738413714754,35.51186485118053,0 34.17715872065835,35.51171322641173,0 34.17692017362278,35.51188443596064,0 34.17657598613316,35.51209843677553,0 34.17636627791541,35.51217587229507,0 34.17627174826423,35.51217247789013,0 34.17598501203111,35.51233318143021,0 34.17549608228741,35.51296587639077,0 34.1754593638067,35.51325362201921,0 34.17551833568209,35.51334270125684,0 34.17539391396598,35.5134900424905,0 34.17517245821507,35.51386589192584,0 34.17545080708153,35.5140062944916,0 34.17556958617341,35.51410715292188,0 34.17553446608338,35.51438946259266,0 34.17510046371668,35.51473292506085,0 34.17471438529599,35.51490653729353,0 34.17426438478363,35.51483786870567,0 34.17409148213073,35.5149475839877,0 34.1740141304922,35.51484507350321,0 34.17379181258053,35.51498497221188,0 34.17367300727805,35.51503734767437,0 34.17290524615961,35.51579948434716,0 34.17279603789581,35.51597519177017,0 34.17281848262196,35.51605910796709,0 34.17296286746063,35.5161328299923,0</coordinates>
						</LinearRing>
					</outerBoundaryIs>
				</Polygon>
			</MultiGeometry>
		</Placemark>
	</Document>
</kml>