<?xml version='1.0' encoding='UTF-8'?>
<kml xmlns="http://www.opengis.net/kml/2.2">
	<Document>
		<name>AKAMAS, PEGEIA</name>
		<Style id="PolyStyle70">
			<LabelStyle>
				<color>00000000</color>
				<scale>0.000000</scale>
			</LabelStyle>
			<LineStyle>
				<color>ff0055ff</color>
				<width>2.000000</width>
			</LineStyle>
			<PolyStyle>
				<color>00828282</color>
				<outline>1</outline>
			</PolyStyle>
		</Style>
		<Placemark id="ID_70149">
			<name>AKAMAS, PEGEIA</name>
			<snippet />
			<description>&lt;html xmlns:fo="http://www.w3.org/1999/XSL/Format" xmlns:msxsl="urn:schemas-microsoft-com:xslt"&gt;

&lt;head&gt;

&lt;META http-equiv="Content-Type" content="text/html"&gt;

&lt;meta http-equiv="content-type" content="text/html; charset=UTF-8"&gt;

&lt;/head&gt;

&lt;body style="margin:0px 0px 0px 0px;overflow:auto;background:#FFFFFF;"&gt;

&lt;table style="font-family:Arial,Verdana,Times;font-size:12px;text-align:left;width:100%;border-collapse:collapse;padding:3px 3px 3px 3px"&gt;

&lt;tr style="text-align:center;font-weight:bold;background:#9CBCE2"&gt;

&lt;td&gt;6&lt;/td&gt;

&lt;/tr&gt;

&lt;tr&gt;

&lt;td&gt;

&lt;table style="font-family:Arial,Verdana,Times;font-size:12px;text-align:left;width:100%;border-spacing:0px; padding:3px 3px 3px 3px"&gt;

&lt;tr&gt;

&lt;td&gt;DIST_CODE&lt;/td&gt;

&lt;td&gt;6&lt;/td&gt;

&lt;/tr&gt;

&lt;tr bgcolor="#D4E4F3"&gt;

&lt;td&gt;VIL_CODE&lt;/td&gt;

&lt;td&gt;133&lt;/td&gt;

&lt;/tr&gt;

&lt;tr&gt;

&lt;td&gt;VIL_CCD&lt;/td&gt;

&lt;td&gt;6133&lt;/td&gt;

&lt;/tr&gt;

&lt;tr bgcolor="#D4E4F3"&gt;

&lt;td&gt;VIL_NM_E&lt;/td&gt;

&lt;td&gt;AKAMAS, PEGEIA&lt;/td&gt;

&lt;/tr&gt;

&lt;tr&gt;

&lt;td&gt;VIL_NM_G&lt;/td&gt;

&lt;td&gt;ΑΚΑΜΑΣ, ΠΕΓΕΙΑ&lt;/td&gt;

&lt;/tr&gt;

&lt;/table&gt;

&lt;/td&gt;

&lt;/tr&gt;

&lt;/table&gt;

&lt;/body&gt;&lt;script type="text/javascript"&gt;

				function changeImage(attElement, nameElement) {

				document.getElementById('imageAttachment').src = attElement;

				document.getElementById('imageName').innerHTML = nameElement;}

			&lt;/script&gt;&lt;/html&gt;

</description>
			<styleUrl>#PolyStyle70</styleUrl>
			<MultiGeometry>
				<Polygon>
					<extrude>0</extrude>
					<altitudeMode>clampToGround</altitudeMode>
					<outerBoundaryIs>
						<LinearRing>
							<coordinates> 32.31324343216617,34.94475938597618,0 32.31324299272643,34.94475957188729,0 32.31324485407841,34.94472132821166,0 32.31330424581208,34.94402441403938,0 32.31330439026497,34.94402428865803,0 32.31335207279863,34.94398265416613,0 32.31350718786004,34.94387368545975,0 32.3136547966574,34.94379643906725,0 32.31378763554503,34.94372692161446,0 32.3138972632258,34.94352820395421,0 32.31415316563699,34.94327470028545,0 32.31415273442001,34.94327455723023,0 32.31408662644152,34.94325259059968,0 32.31401490397685,34.94324124513977,0 32.3138870870996,34.9431881962011,0 32.31378598567086,34.94308874361319,0 32.31370277943098,34.94298562683586,0 32.31366542125315,34.94292261875989,0 32.31362808472435,34.94285964685098,0 32.31361085963987,34.94281353774356,0 32.31359378610657,34.94275489352375,0 32.31356911691145,34.94269409797325,0 32.31354922371844,34.94265841395807,0 32.31350772597331,34.9426049572607,0 32.31347250719071,34.94254890480651,0 32.31343705758412,34.94251188259403,0 32.31342011835581,34.94248074936529,0 32.31337870320236,34.94236815942052,0 32.31337906833102,34.94236782525682,0 32.31345083273818,34.9423020643583,0 32.31361331451243,34.9421760778367,0 32.31367502744389,34.94213261417876,0 32.31393024646999,34.9419303506371,0 32.3143005131789,34.94142880389654,0 32.31488087442104,34.94107313696686,0 32.3154519684092,34.9407211865114,0 32.31571526129509,34.9406664297297,0 32.31613950017423,34.940635749364,0 32.31659385121991,34.94040803443728,0 32.31683577155258,34.94022031800339,0 32.31707883305334,34.93994155919286,0 32.31727150526441,34.93963962617067,0 32.31748564149894,34.93909506418473,0 32.31802313332505,34.93848105423793,0 32.31820345102843,34.93806141019232,0 32.31820352461029,34.9380609842359,0 32.31831276700588,34.9374249421736,0 32.31831299450207,34.93742417093731,0 32.31848111102818,34.93685724238264,0 32.3186256661125,34.93671804809961,0 32.31891819600953,34.9365345332097,0 32.31903064577489,34.93638369694075,0 32.31903072274689,34.93638312497343,0 32.3190611306072,34.93615631630654,0 32.31904502741802,34.93597028928033,0 32.31904905957234,34.93564784851946,0 32.3189475705113,34.93529040471217,0 32.31893583896924,34.93512338145951,0 32.31893608540887,34.93512283297755,0 32.31920119027755,34.93453370771637,0 32.31961226225107,34.93334200239703,0 32.31961224843909,34.93334195184038,0 32.31951960707777,34.93301498161701,0 32.31963811894167,34.93237858582391,0 32.31963829784392,34.93237812890645,0 32.31968094826176,34.93226891329721,0 32.31972302025473,34.93221993606687,0 32.32005778978688,34.93197226744036,0 32.32005777386306,34.93197167692367,0 32.32005156312681,34.93173320678197,0 32.32005181381611,34.93173280435052,0 32.32014087875025,34.93158976757044,0 32.32029505994319,34.93141650637175,0 32.32029501445297,34.93141605000063,0 32.32028222920454,34.93128784936905,0 32.32024931621172,34.93095785685571,0 32.32024957219611,34.93095721016959,0 32.32032103642612,34.93077666778476,0 32.32054124679502,34.93048898924425,0 32.32068986064186,34.93037239995956,0 32.32086361943882,34.93020552400682,0 32.32098071851919,34.92999104825464,0 32.3209807223914,34.92999071114652,0 32.32098285360151,34.92981601322021,0 32.32091941545267,34.92965389947612,0 32.32079011282076,34.92952826922388,0 32.32046903776713,34.92937074698896,0 32.32046114740408,34.92934711639396,0 32.32046150251934,34.92934665865766,0 32.32048191764546,34.92932035862856,0 32.3205680155517,34.92930087555262,0 32.32067026109042,34.92929835902233,0 32.3207844826429,34.92931950573709,0 32.32086228235839,34.92931005299814,0 32.32126448255672,34.92918547028077,0 32.32135058013846,34.92916598754742,0 32.32146402226853,34.92925108928548,0 32.32164149727726,34.92911454035045,0 32.32183647144423,34.9288838781623,0 32.32183639478985,34.92888348381538,0 32.32180185270609,34.92870517197304,0 32.32180218157767,34.92867824308325,0 32.32180242481094,34.92867807948168,0 32.32190111767561,34.92861173619863,0 32.3221882713625,34.92853332602742,0 32.32230356000469,34.92846695420472,0 32.32242367400378,34.92834002856365,0 32.32248688196095,34.92818569881798,0 32.32248687217981,34.928185557241,0 32.32247997705184,34.92808128255533,0 32.32241931136422,34.92802691693272,0 32.32239498818786,34.92800988422712,0 32.32239540411377,34.928009216794,0 32.32241583908879,34.92797639298554,0 32.32260082792599,34.92789376669175,0 32.32302272180318,34.92782993789803,0 32.32312521234662,34.92780722260587,0 32.32327340667402,34.92772429023691,0 32.32338848946653,34.92767474837639,0 32.32356550513946,34.92757522330712,0 32.32387456879708,34.92737580046627,0 32.32396127726358,34.92730582458295,0 32.32426964323852,34.92716362239756,0 32.3243754468909,34.92686825660525,0 32.32447155902532,34.92669736580054,0 32.3246131715075,34.92648308842929,0 32.32477939246309,34.92626228255885,0 32.32491564738488,34.92615231859571,0 32.32499781618264,34.92611933432558,0 32.32504307119527,34.92609614346861,0 32.32511767732716,34.92601260167945,0 32.32511789674082,34.92601187004588,0 32.32517307167624,34.92582790786509,0 32.32518186052324,34.92577748451732,0 32.32518203221043,34.92577723487681,0 32.32529424077134,34.925613461121,0 32.32529440134422,34.92561283102047,0 32.32537150389365,34.92531112385575,0 32.32545915032259,34.92482708775151,0 32.32546560826587,34.92463189098976,0 32.3255225542801,34.92431928631144,0 32.32560868608432,34.92395979408526,0 32.32569641088534,34.92346902633427,0 32.3257146424551,34.92331432253347,0 32.32577448809491,34.92309936721214,0 32.32581029676358,34.92284381744544,0 32.32587161326018,34.92250768450081,0 32.32591555549004,34.92225556822936,0 32.32594396322218,34.92193599467939,0 32.32597355739602,34.92151880591747,0 32.32601758004535,34.92125995731814,0 32.32603650374034,34.92104803071823,0 32.32608759824157,34.92054349290176,0 32.32609916430685,34.92026417780058,0 32.32617302610961,34.91990458349632,0 32.32621786334761,34.91957841323181,0 32.32622644435614,34.91920818068771,0 32.32624197500603,34.91893899689871,0 32.32624221767116,34.91893889818676,0 32.32646793939689,34.91884660482609,0 32.32679249631893,34.91871462923392,0 32.32691986668248,34.91866181849732,0 32.3271368386534,34.91863667796943,0 32.32739497127579,34.91858831358523,0 32.32764983245472,34.9184725918776,0 32.32764949072742,34.9184720896995,0 32.32752531829626,34.91828977936033,0 32.32742010080634,34.91820138444223,0 32.32727323139669,34.91817660813341,0 32.32717954288067,34.91814890354383,0 32.32703725143592,34.9180837669421,0 32.32698869356498,34.91807781367099,0 32.3267884460029,34.91802751313201,0 32.32665530177744,34.91796479298459,0 32.32655047145727,34.91784068705995,0 32.3264340245105,34.91770026948484,0 32.32632084697117,34.91761501240416,0 32.32623082523745,34.91756886455818,0 32.32619715383008,34.91742264353218,0 32.3261471401138,34.91732493546439,0 32.32614751936307,34.9173243264056,0 32.32615919074945,34.91730557671643,0 32.32621861375008,34.91727687873163,0 32.32623893298747,34.91722515621542,0 32.32623892902275,34.91722510571397,0 32.32622857566966,34.91710507398938,0 32.32623440106399,34.91694945020892,0 32.32625499653698,34.91687502788919,0 32.32626580890455,34.91683228937693,0 32.32631529267919,34.91663670435556,0 32.32632374163116,34.91635457196008,0 32.32627144853922,34.91621096817366,0 32.32618727094469,34.91605181657621,0 32.32618280821345,34.91600173514085,0 32.32621699365413,34.91582546023092,0 32.32620544593697,34.91580312574767,0 32.32617172360538,34.91580007495392,0 32.32612108961497,34.91579966888023,0 32.32608755025168,34.91578132921087,0 32.32603785021617,34.91570308174771,0 32.32593993111556,34.91528247292064,0 32.32588611926894,34.9151249543367,0 32.32590067214738,34.91503749105807,0 32.32598747473224,34.91469621124079,0 32.32599345714663,34.91461980138349,0 32.32596412703781,34.91453198651867,0 32.32584796670731,34.91436562799019,0 32.32575610718478,34.91428426287067,0 32.3252598835998,34.91400086354252,0 32.32521066848086,34.91388230605846,0 32.32504683894228,34.91375031728176,0 32.32495533147853,34.91363976195616,0 32.32481646518907,34.91353716709133,0 32.32467637056286,34.91346714703632,0 32.32455640127412,34.91340718584139,0 32.32451639511083,34.91336516016332,0 32.32451169968427,34.9133345389972,0 32.3245120303289,34.91333398465948,0 32.32459266074687,34.91319895492707,0 32.32459265221857,34.91319866011563,0 32.32459145682194,34.9131586304611,0 32.32454316375505,34.91310402720405,0 32.32445277724752,34.91304074454294,0 32.32445150018242,34.91303807465157,0 32.32445096548047,34.91303695572222,0 32.32444923270661,34.91303314210086,0 32.32444758221606,34.91302930279572,0 32.32444601288501,34.91302544140626,0 32.32444452580776,34.91302155793855,0 32.32444312097685,34.91301765329395,0 32.32444179837753,34.91301372927524,0 32.3244405601909,34.91300978679598,0 32.32443940531534,34.91300582675145,0 32.32443833483025,34.9130018509505,0 32.32443734872094,34.91299786119589,0 32.32443644699475,34.91299385658622,0 32.32443563071634,34.91298984073312,0 32.32443489879889,34.9129858127291,0 32.3244342534087,34.91298177529048,0 32.32443369344413,34.91297772931255,0 32.32443321889779,34.91297367569671,0 32.32443282975488,34.91296961624568,0 32.32443252819652,34.91296555187304,0 32.32443231093257,34.91296148346188,0 32.32443218123836,34.91295741193191,0 32.32443213799752,34.91295333998107,0 32.32443218011573,34.91294926760333,0 32.32443230867247,34.91294519660755,0 32.32443252474723,34.91294112880253,0 32.32443282505722,34.91293706417007,0 32.32443321287782,34.9129330036297,0 32.324433685991,34.91292895077488,0 32.32443424549832,34.91292490471027,0 32.32443489029814,34.91292086633113,0 32.32443562036096,34.91291683924303,0 32.32443643569411,34.91291282254452,0 32.32443733628283,34.91290881803841,0 32.32443832101806,34.91290482752136,0 32.32443939098668,34.91290085190082,0 32.32444054508705,34.9128968920721,0 32.32444178221748,34.91289294893045,0 32.32444310235587,34.91288902518004,0 32.32444339235406,34.91288822272622,0 32.32444450769803,34.91288511993167,0 32.32444480970344,34.91288432115028,0 32.32444599056206,34.91288123584683,0 32.32444756078884,34.91287737388171,0 32.32444921071123,34.91287353489506,0 32.32445094140865,34.91286972069572,0 32.32445275288114,34.91286593128372,0 32.32445464510652,34.91286216936314,0 32.32445661590364,34.91285843402049,0 32.32445866524299,34.91285472886119,0 32.32446079422618,34.91285105299004,0 32.32446299955568,34.9128474081915,0 32.32446528122411,34.91284379536693,0 32.32446596823292,34.91284275263821,0 32.32446764031093,34.91284021632517,0 32.32447214365585,34.9128337682671,0 32.32451106147832,34.91282573931523,0 32.32456824382346,34.91284288033459,0 32.3246148632853,34.91288656260252,0 32.32469843506315,34.91296486818754,0 32.32472555537193,34.91295535477501,0 32.32474956854325,34.91292357436132,0 32.32474985635012,34.91292277189457,0 32.32479323201677,34.9128015917352,0 32.32479325087734,34.91280156029032,0 32.32479614976996,34.91279700530005,0 32.32479916565848,34.91279246177676,0 32.32480227748642,34.91278796205455,0 32.32480548305788,34.91278350702265,0 32.32480878344498,34.91277909939124,0 32.32481217754608,34.91277474005565,0 32.32481566207101,34.91277042989899,0 32.32481923809928,34.91276617073008,0 32.32482290344238,34.91276196253678,0 32.32482665807077,34.91275780892453,0 32.32483049979595,34.91275370988125,0 32.3248344275163,34.91274966630219,0 32.32483844013016,34.91274567908261,0 32.32484253652114,34.91274175092062,0 32.32484671668188,34.91273788271752,0 32.3248509773296,34.91273407445513,0 32.32485531844954,34.91273032793615,0 32.32485973783848,34.91272664495121,0 32.32486423440212,34.91272302549417,0 32.32486880702411,34.91271947226311,0 32.32487345461756,34.91271598435058,0 32.32487817607347,34.91271256355322,0 32.32488296809433,34.91270921165555,0 32.32488783067276,34.91270592955895,0 32.32489276271453,34.9127027172573,0 32.32489776092214,34.91269957653518,0 32.32490282638244,34.91269650829996,0 32.32490795471846,34.91269351252737,0 32.32491314590806,34.9126905919215,0 32.32491839886441,34.91268774557491,0 32.32492371137683,34.91268497617958,0 32.32492908126423,34.91268228282195,0 32.32493450741762,34.91267966729866,0 32.32493998874278,34.91267712960369,0 32.32494552194217,34.91267467152151,0 32.32495110700846,34.91267229395349,0 32.32495674176053,34.91266999598611,0 32.32496242508199,34.91266778031739,0 32.32496815260329,34.91266564602168,0 32.32497392649815,34.91266359491383,0 32.3249797412953,34.91266162696351,0 32.32498559808906,34.91265974217671,0 32.32499149358194,34.91265794233804,0 32.32499742557806,34.91265622833662,0 32.32500339409218,34.91265459836975,0 32.32500939472522,34.91265305511723,0 32.32501542857144,34.91265159858514,0 32.32502149234071,34.91265022965663,0 32.32502758385935,34.91264894651675,0 32.32503370091668,34.91264775185753,0 32.32503984351278,34.91264664567891,0 32.32504600727065,34.9126456279566,0 32.32505219328456,34.9126446986967,0 32.32505843660736,34.91264385358674,0 32.32546252112434,34.91258731833116,0 32.32585243436726,34.91244586963923,0 32.32601178655673,34.91241269519733,0 32.32615201675151,34.9123445890806,0 32.32625258599703,34.91229499531881,0 32.32638030605368,34.91209451103667,0 32.32641342868001,34.91206938277409,0 32.32641328583621,34.91206891865275,0 32.32639465803589,34.91200846356738,0 32.32626716338614,34.91187452971916,0 32.32612091010886,34.91168994011485,0 32.32594714612434,34.91151177450295,0 32.32596062583716,34.91132979317624,0 32.32582205935337,34.9112568307602,0 32.32575591284667,34.91123388052691,0 32.32561386042793,34.91109373376504,0 32.32550239510113,34.9110363401554,0 32.32538381539764,34.91097220309399,0 32.32536838908627,34.91090348607981,0 32.32535785211724,34.91083087773483,0 32.32537588514844,34.91059726498605,0 32.32537259272428,34.91041023278991,0 32.32534250251757,34.91014886769205,0 32.32514822996995,34.90972483482307,0 32.32506768811938,34.9095143765855,0 32.32494258931116,34.90932522735082,0 32.32481662834854,34.90920790823731,0 32.324746357633,34.90917997673657,0 32.32462482506939,34.90915505501942,0 32.32448089730361,34.90915047904143,0 32.32431379152219,34.90911606954496,0 32.32411695773073,34.90902098579118,0 32.32401257258181,34.90895173055199,0 32.32390020999627,34.9088550448101,0 32.32383307753346,34.90868118227009,0 32.32369009680339,34.90848276481365,0 32.32361058793843,34.90841713074701,0 32.32351152190238,34.90836616203791,0 32.3233777249531,34.90832517691932,0 32.32313733538412,34.90828333482398,0 32.32313435641536,34.90828312262464,0 32.32313373196566,34.90828307858288,0 32.32313138209709,34.9082828770986,0 32.32313013444725,34.90828277009219,0 32.32312841134252,34.90828259733834,0 32.32312654282148,34.90828241025329,0 32.32312544633264,34.90828228425753,0 32.32312296037833,34.90828199818309,0 32.32312248598065,34.9082819369486,0 32.32311953248236,34.90828155452242,0 32.32311938819721,34.90828153569043,0 32.32311658807051,34.9082811315829,0 32.32311582519134,34.90828102186781,0 32.32311227355649,34.9082804558261,0 32.32310873437206,34.90827983937413,0 32.32310520982643,34.90827917252407,0 32.32310197739265,34.90827851180797,0 32.32310169882543,34.90827845526984,0 32.3230990948482,34.9082778836889,0 32.32309905661813,34.90827787536318,0 32.32309820356485,34.90827768672224,0 32.3230962158749,34.90827722043424,0 32.32309554967661,34.90827706348232,0 32.32309532252156,34.90827700903333,0 32.32309472621829,34.90827686869622,0 32.32309334921146,34.90827652389559,0 32.32309290695226,34.90827641326191,0 32.32309245378074,34.90827629896178,0 32.32309126569151,34.90827600118575,0 32.32309049703149,34.90827579588781,0 32.32309027538437,34.90827573696242,0 32.3230895962482,34.90827555650146,0 32.32308782418037,34.90827508330155,0 32.32308765059624,34.90827503455947,0 32.32308482416719,34.90827423548283,0 32.32308440277158,34.90827411595114,0 32.32308201115701,34.90827340132552,0 32.32308100255202,34.90827310004196,0 32.3230792115287,34.90827253659438,0 32.32307762461585,34.90827203558018,0 32.32307642748545,34.9082716394989,0 32.32307426896307,34.90827092256571,0 32.32307365902727,34.90827071003902,0 32.32307093778206,34.90826976101085,0 32.32307090723353,34.90826975002366,0 32.32306763215963,34.90826855182296,0 32.32306435208842,34.90826729590349,0 32.32306109976413,34.90826599236325,0 32.32305787517202,34.90826464300495,0 32.32305467941369,34.90826324693339,0 32.3230515135759,34.90826180505596,0 32.32304837983968,34.9082603182863,0 32.32304699139814,34.90825963358615,0 32.32304582092895,34.90825905556627,0 32.32304527711081,34.90825878661827,0 32.32304443590319,34.90825835465959,0 32.32304328195787,34.90825776321042,0 32.32304220757768,34.90825721006406,0 32.32304190361569,34.90825704791821,0 32.32303939347839,34.90825570884905,0 32.32303917122549,34.90825559042648,0 32.32303827147182,34.908255092338,0 32.32303691096229,34.90825433748258,0 32.32303617134424,34.9082539268224,0 32.32303320573072,34.9082522210424,0 32.32303027658072,34.90825047219729,0 32.32302738607523,34.90824868120065,0 32.3230272173563,34.90824857299187,0 32.32302485965305,34.9082470598961,0 32.32302453310527,34.90824684984915,0 32.3230217198666,34.90824497725355,0 32.32301894635185,34.90824306431529,0 32.32301621364779,34.90824111194186,0 32.3230135228412,34.90823912104068,0 32.32301347717381,34.90823908563091,0 32.3230108750263,34.90823709161786,0 32.32300827020308,34.90823502367345,0 32.32300571053772,34.90823291992373,0 32.32300319495081,34.90823077855986,0 32.3230007245218,34.90822860139073,0 32.32299830143161,34.90822638932984,0 32.32299592567286,34.90822414327867,0 32.32299359833971,34.90822186324322,0 32.32299131833803,34.90821954921745,0 32.32298908892814,34.90821720392378,0 32.32298690902328,34.90821482645473,0 32.32298477971021,34.90821241771778,0 32.32298270098154,34.90820997861432,0 32.32298221345034,34.90820938456702,0 32.32298067501085,34.90820751095928,0 32.32298054288864,34.90820734346061,0 32.32297891190284,34.90820528003911,0 32.32297870180553,34.90820501385129,0 32.32297678245239,34.90820248819784,0 32.322974915835,34.90819993669695,0 32.32297423983977,34.9081989738205,0 32.32297364820717,34.90819813130283,0 32.32297310415657,34.90819735755811,0 32.32297275279977,34.90819683728439,0 32.3229721819938,34.90819599037563,0 32.32297134739487,34.9081947534854,0 32.32297130200869,34.90819468382323,0 32.3229698962422,34.90819251078163,0 32.32296964554992,34.90819212447882,0 32.32296935719737,34.90819166044412,0 32.32296852889078,34.90819032353131,0 32.32296799971589,34.90818947054451,0 32.32296641096477,34.9081867943927,0 32.32296487820977,34.90818409511586,0 32.32296340361707,34.90818137543038,0 32.32296198720145,34.90817863353349,0 32.32296062784653,34.90817587212324,0 32.32295932882746,34.90817309211926,0 32.32295808795587,34.9081702935094,0 32.32295740751503,34.9081686725716,0 32.32295690631852,34.9081674772011,0 32.32295652894847,34.90816652680518,0 32.32295615803253,34.90816558996651,0 32.32295604227981,34.90816529455739,0 32.32295578499484,34.90816464500324,0 32.3229556072739,34.90816416716209,0 32.32295515007439,34.90816294409267,0 32.32295472399218,34.90816179601445,0 32.32295429953695,34.90816058304303,0 32.32295395207262,34.90815958864416,0 32.32295372328835,34.90815893293885,0 32.32295348845694,34.90815821410045,0 32.32295321195853,34.90815737243687,0 32.32295278287596,34.90815605667781,0 32.32295271576238,34.90815583455467,0 32.32295250693254,34.90815514741082,0 32.32295198910517,34.90815344534972,0 32.32295190385657,34.90815316633608,0 32.32295183367501,34.90815291805468,0 32.32295130738371,34.90815104738091,0 32.32295120317227,34.90815067902108,0 32.32295108621538,34.90815026371641,0 32.32295066619906,34.90814864332797,0 32.32295061211956,34.90814843299588,0 32.32295033103917,34.90814734972626,0 32.32295006448663,34.90814622957935,0 32.32295005285014,34.90814618083785,0 32.32294963612477,34.9081444261562,0 32.32294952754496,34.90814392346047,0 32.32294950329619,34.90814381154932,0 32.32294904059561,34.90814165908544,0 32.32294900476215,34.90814149212315,0 32.32294898374414,34.90814138653994,0 32.32294859745081,34.90813939044732,0 32.32294851240299,34.90813895368634,0 32.32294843474068,34.90813855031905,0 32.32294818936445,34.90813711659601,0 32.32294808596057,34.90813651657575,0 32.32294792825618,34.90813559985468,0 32.32294781414077,34.90813483842064,0 32.32294769895334,34.90813407427636,0 32.32294748309803,34.90813264342205,0 32.32294747285912,34.90813255773011,0 32.32294736341741,34.9081316268552,0 32.32294678322978,34.9081267244064,0 32.32292015312543,34.9080387092507,0 32.32291101276778,34.90787785584922,0 32.32288545311923,34.90781607525988,0 32.32278557898783,34.90771720812109,0 32.32266204935101,34.90762841313546,0 32.32262078052953,34.90760641563788,0 32.3225958762041,34.90761303116624,0 32.32259578189723,34.90761305588031,0 32.32256098070715,34.9077439085112,0 32.3225180625935,34.90808906809793,0 32.32256023476689,34.90815098282846,0 32.32273810961272,34.90821056739284,0 32.32299391534646,34.90835173886587,0 32.32303204552385,34.90840449863278,0 32.32303602698919,34.9085332011843,0 32.32303603206719,34.90853338239797,0 32.32302042097609,34.90856518406309,0 32.32297590364633,34.90858307083636,0 32.32288342982808,34.9085595216699,0 32.32275758041248,34.90854824767558,0 32.3225250049261,34.9085475165947,0 32.32225633826546,34.908554477536,0 32.32215697046495,34.90852859165328,0 32.32210332559339,34.9084996534306,0 32.32209811796734,34.90847224466094,0 32.32209848407181,34.90847176895065,0 32.32224720125312,34.90827845693806,0 32.32229973885257,34.90816941220989,0 32.32230080903599,34.90816741251864,0 32.32230166030161,34.90816582085119,0 32.32230272937794,34.90816368954648,0 32.32230375152263,34.90816154355733,0 32.32230472893144,34.90815938199458,0 32.322305660488,34.90815720755626,0 32.32230654619228,34.9081550202424,0 32.32230685376745,34.90815420977831,0 32.32230738384852,34.90815282094208,0 32.32230767832304,34.90815200679928,0 32.32230817892768,34.90815060968595,0 32.3223089226762,34.90814838642504,0 32.32230962055027,34.90814615299276,0 32.3223102703541,34.90814391027821,0 32.32231087318183,34.90814165828751,0 32.32231142792453,34.9081393988173,0 32.32231193568377,34.90813713097234,0 32.32231239425639,34.90813485654318,0 32.32231280473652,34.90813257553584,0 32.32231316711681,34.9081302888518,0 32.32231348138984,34.90812799739241,0 32.32231374645401,34.90812570205293,0 32.32231396340357,34.90812340283949,0 32.32231413112943,34.90812110154872,0 32.32231424963907,34.90811879727923,0 32.32231432000442,34.90811649274132,0 32.32231434113874,34.90811418702741,0 32.32231431412879,34.90811188104507,0 32.32231423677881,34.90810957568343,0 32.32231411236394,34.90810727186221,0 32.32231393759423,34.90810497046442,0 32.32231371465065,34.90810267240371,0 32.3223134435332,34.90810037768004,0 32.32231312424189,34.90809808629342,0 32.3223127556603,34.90809580094187,0 32.32231233889006,34.90809352073013,0 32.32231187282954,34.90809124655351,0 32.32231135965235,34.9080889802269,0 32.32231079936587,34.90808672084894,0 32.32231018976692,34.9080844702102,0 32.32230953304388,34.9080822283229,0 32.32230882918195,34.90807999698977,0 32.32230807818851,34.90807777530944,0 32.3223072800488,34.90807556508464,0 32.32230643584955,34.9080733672229,0 32.32230554450404,34.90807118081666,0 32.32230460708418,34.90806900857626,0 32.32230362359743,34.90806684960024,0 32.32230259513055,34.90806470479613,0 32.32230152057454,34.90806257596051,0 32.32230040103101,34.90806046219819,0 32.32229923757933,34.90805836531797,0 32.3222980302269,34.9080562844185,0 32.32229677785732,34.90805422219779,0 32.32229548265897,34.90805217866806,0 32.32229414354509,34.90805015292183,0 32.32229276268182,34.90804814767542,0 32.32229133898235,34.90804616202136,0 32.32228987353352,34.9080441968671,0 32.32228836741468,34.90804225402155,0 32.32228681953904,34.90804033257721,0 32.3222852309934,34.90803843344155,0 32.32228360286452,34.90803655752205,0 32.32228193514501,34.90803470572007,0 32.32228022892906,34.90803287804172,0 32.32227848421667,34.90803107448703,0 32.32227670099302,34.90802929685871,0 32.32227488035229,34.90802754516289,0 32.32227302338128,34.90802582030701,0 32.32227113008,34.90802412229112,0 32.32226920044841,34.90802245111519,0 32.3222672355659,34.90802080858808,0 32.32226523762827,34.90801919382063,0 32.32226320443231,34.90801760860337,0 32.3222611381664,34.90801605294852,0 32.32225903992474,34.90801452686213,0 32.32225690860572,34.90801303123954,0 32.3222547474919,34.90801156609905,0 32.32225255438007,34.90801013323117,0 32.32225033147348,34.90800873084535,0 32.32224807874985,34.90800736164576,0 32.32224579840497,34.90800602474321,0 32.32224348933725,34.90800472103292,0 32.32224115373506,34.9080034505272,0 32.32223879050422,34.90800221321985,0 32.32223640291248,34.90800101093198,0 32.32223398877886,34.90799984274999,0 32.32223155028429,34.90799870958747,0 32.3222290896172,34.90799761145662,0 32.32222660458179,34.9079965492466,0 32.32222409846801,34.90799552207433,0 32.32222157016686,34.90799453173652,0 32.32221902077252,34.90799357823923,0 32.32221645248076,34.90799266069327,0 32.32221386527679,34.90799178090142,0 32.32221125916799,34.90799093796226,0 32.32220863633535,34.90799013278944,0 32.32220599677142,34.9079893662843,0 32.32220334049105,34.90798863664406,0 32.32220066966777,34.90798794568373,0 32.32219798539576,34.90798729340937,0 32.32219528658084,34.9079866798149,0 32.32219257541139,34.90798610491252,0 32.32208012114186,34.90789739815218,0 32.32205051757427,34.90782646254976,0 32.32202946731825,34.90773507096026,0 32.32199957619769,34.90768807905558,0 32.32192409803455,34.90763273805437,0 32.32183458743826,34.90759324769387,0 32.32166703496328,34.90748129195028,0 32.32158617318267,34.90741336481453,0 32.32145273426669,34.90734273278737,0 32.32122393626118,34.90714362143201,0 32.32111190970194,34.90701956878935,0 32.32107545558988,34.90694287607108,0 32.3210545018725,34.90684350277375,0 32.32095985092815,34.90642653781559,0 32.32096595159316,34.90637983598279,0 32.32096621031807,34.90637937770418,0 32.32099282954564,34.9063321604162,0 32.32104566435627,34.90631320216217,0 32.32130707202501,34.90633355149564,0 32.32138608611128,34.90632506595215,0 32.32143642779666,34.90628328137164,0 32.32150135314431,34.90618003824567,0 32.32150142795746,34.90617958975618,0 32.32152075045663,34.90606388589081,0 32.32151921702734,34.90596124795772,0 32.32150029162285,34.90592346655213,0 32.32143454742165,34.90586478303375,0 32.32122151261413,34.90573649589304,0 32.32111724304762,34.9056581164435,0 32.32106819301059,34.90559272566492,0 32.32101013045749,34.90535622022795,0 32.32096648806476,34.90507193802862,0 32.32092179823937,34.90498947791853,0 32.32084254159864,34.90490331901087,0 32.32078407799148,34.90481504614296,0 32.32070198580634,34.90473456466607,0 32.32064465871493,34.90466682612362,0 32.32063990434563,34.90466139192853,0 32.32063722364123,34.90465832834109,0 32.32063591650703,34.90465588539725,0 32.32063037009171,34.90464551780902,0 32.3206272862969,34.90463785652822,0 32.32062685203397,34.9046367778051,0 32.32062666033634,34.90463574100178,0 32.32062528290034,34.90462828306452,0 32.32062452393655,34.90462185710481,0 32.32062438296371,34.90461413024463,0 32.32062435656209,34.90461268602195,0 32.32062462284087,34.90461131014043,0 32.32062643659337,34.90460192838238,0 32.32063019142112,34.90459095474957,0 32.32063027258516,34.90459079835614,0 32.32063442272133,34.90458284308472,0 32.32063480404718,34.90458211236165,0 32.32063517807605,34.90458160334715,0 32.32063848680921,34.90457709851578,0 32.32064270699308,34.90457166490783,0 32.32064414801044,34.90456980882578,0 32.32064708402211,34.90456711556814,0 32.32065052610432,34.90456395640071,0 32.32065231990795,34.90456231051861,0 32.32065318793579,34.90456173846163,0 32.32066467918276,34.90455415864984,0 32.3206739323854,34.90454942022377,0 32.32068401254865,34.90454537600561,0 32.32068767063056,34.90454402268758,0 32.32069478702836,34.90453660861993,0 32.32070157376801,34.90452949738935,0 32.3207032536205,34.90452773729061,0 32.32070451799224,34.90452607222302,0 32.32070636754032,34.90452363610615,0 32.32071627435504,34.90451087869035,0 32.32072422250119,34.90449879360315,0 32.32073134070399,34.90448624325116,0 32.32073342574698,34.90448231569818,0 32.32073618765344,34.9044771128129,0 32.32073649968785,34.90447629246163,0 32.32073764267525,34.90447328990912,0 32.32073795470962,34.90447246955786,0 32.32074226276315,34.90446114745925,0 32.32074227959833,34.90446109617238,0 32.32074602353522,34.9044497150328,0 32.32074960682503,34.90443631651826,0 32.32074981679992,34.9044355325548,0 32.3207499159284,34.90443492194592,0 32.32075252686089,34.90441882004625,0 32.32075319473424,34.90441239124438,0 32.32075378776838,34.90440667955465,0 32.32075396024348,34.90439277701348,0 32.32075373388787,34.90438970370838,0 32.32075274471235,34.90437628685032,0 32.32075252328565,34.90437327937645,0 32.32075209515185,34.90437105768716,0 32.32074885275746,34.90435422086787,0 32.32074305552459,34.90433378572311,0 32.32071874017677,34.90429103969206,0 32.32061062608027,34.90426549218844,0 32.32038674216751,34.90425781245371,0 32.31988369590447,34.9042126281264,0 32.31974301543341,34.90416684101047,0 32.31954897916068,34.90405011883627,0 32.31928577054784,34.90387290946428,0 32.31919408648769,34.90378638962071,0 32.31895041763883,34.90352708305922,0 32.31851336317938,34.9032156858588,0 32.31850567744179,34.90321214254886,0 32.31850098163621,34.90320997714824,0 32.31849413700896,34.90320700104005,0 32.31848722919062,34.90320412463483,0 32.31848026256514,34.90320134705566,0 32.31847323711017,34.90319867100668,0 32.31846615611548,34.90319609560493,0 32.31845902284853,34.90319362267156,0 32.31845183730185,34.90319125310794,0 32.31844460275779,34.90318898693244,0 32.3184373213971,34.90318682505874,0 32.31842999540802,34.90318476749906,0 32.31842262695641,34.90318281696984,0 32.31841521715129,34.90318097167444,0 32.3184077703542,34.90317923344012,0 32.31840028875335,34.90317760227918,0 32.31839277234128,34.90317607909298,0 32.31838522548701,34.90317466480747,0 32.31837764929206,34.90317335852734,0 32.31837004703131,34.90317216117241,0 32.31836242088556,34.9031710736563,0 32.31835477304301,34.90317009599132,0 32.31834710459773,34.90316922818354,0 32.31833941882463,34.9031684711528,0 32.31833171900604,34.9031678249175,0 32.31832400624346,34.90316728858237,0 32.31831628380439,34.90316686396856,0 32.31830855388447,34.90316655018702,0 32.31830081757776,34.90316634724383,0 32.31829307815916,34.90316625605882,0 32.31828533782436,34.90316627574285,0 32.31827759984819,34.90316640721574,0 32.31826986533223,34.90316664958223,0 32.31826213755878,34.90316700286074,0 32.31825441870862,34.90316746796491,0 32.31824670989075,34.9031680430981,0 32.31823901438005,34.90316872918017,0 32.31823133545883,34.90316952622949,0 32.31822367422865,34.90317043335082,0 32.31821603397184,34.90317145056257,0 32.31820841578995,34.90317257696955,0 32.31820082186371,34.90317381348536,0 32.31819325658451,34.90317515833183,0 32.31819000718792,34.90317578461887,0 32.31818571995232,34.90317661150895,0 32.31794020026093,34.90318872819717,0 32.31787862221119,34.90320820664736,0 32.31777627891068,34.90329550986652,0 32.31777451858218,34.90329694135625,0 32.31777272783439,34.90329834653403,0 32.31777090884805,34.9032997263135,0 32.31776905944988,34.90330107887963,0 32.31776718291476,34.90330240515222,0 32.31776527815605,34.90330370422376,0 32.3177633451737,34.90330497609423,0 32.31776138725758,34.90330621988068,0 32.31775940222689,34.90330743466946,0 32.31775739226243,34.90330862137419,0 32.31775535628496,34.90330977818601,0 32.31775329756196,34.9033109069261,0 32.31775121392755,34.90331200487804,0 32.31774910865665,34.90331307296163,0 32.31774698066259,34.90331411026931,0 32.31774483103202,34.90331511770864,0 32.31774265977986,34.90331609347686,0 32.31774046909439,34.90331703758624,0 32.317738257874,34.90331795093203,0 32.31773602832185,34.90331883172376,0 32.31773377934384,34.90331967995525,0 32.31773151421486,34.90332049654633,0 32.3177292307616,34.90332127968196,0 32.31772693225896,34.90332203028197,0 32.31772461761284,34.90332274834017,0 32.31772228793223,34.90332343205993,0 32.31771994430385,34.90332408234881,0 32.31771758782182,34.90332469921296,0 32.31771521739944,34.90332528174482,0 32.31771283631166,34.90332583086423,0 32.31771044347926,34.90332634476228,0 32.31770803998891,34.90332682434648,0 32.31770562693474,34.90332726962299,0 32.3177032043242,34.90332767969041,0 32.31770077324397,34.90332805545626,0 32.31769833479561,34.90332839602531,0 32.3176958900733,34.9033287014037,0 32.31769343907697,34.90332897159145,0 32.31769098290079,34.90332920659467,0 32.31768852155222,34.90332940551205,0 32.31768605611047,34.90332957015237,0 32.31768358877869,34.90332969872523,0 32.3176811184553,34.90332979212588,0 32.3176786462419,34.90332984945905,0 32.31767617322517,34.90332987163227,0 32.31767370050666,34.90332985775031,0 32.31767122807894,34.90332980871456,0 32.31766875703614,34.90332972453114,0 32.31766628847983,34.9033296043048,0 32.31766382240255,34.90332944893699,0 32.31766135990589,34.90332925753239,0 32.31765890206908,34.90332903189998,0 32.31765645000114,34.90332877024305,0 32.31765400369463,34.90332847346303,0 32.31765156315699,34.90332814065858,0 32.31764913056159,34.90332777364468,0 32.31764670590837,34.90332737242136,0 32.31764429140056,34.90332693519816,0 32.31764188483498,34.90332646376552,0 32.317639489494,34.90332595814189,0 32.31763710538507,34.90332541742588,0 32.3176347324933,34.90332484342026,0 32.31763237192024,34.90332423522981,0 32.31763002585417,34.90332359286678,0 32.31762769210685,34.90332291631889,0 32.31762537394571,34.90332220740734,0 32.31762307138568,34.9033214643294,0 32.31762078441187,34.90332068888777,0 32.31761851411836,34.90331988108863,0 32.31761626160675,34.90331904003674,0 32.31761402796374,34.90331816663964,0 32.31761181208773,34.90331726179254,0 32.31760961617441,34.90331632460632,0 32.31760744020888,34.9033153568838,0 32.31760528530019,34.90331435682836,0 32.31760315142594,34.90331332714409,0 32.31760104078933,34.90331226604057,0 32.31759895228129,34.90331117531438,0 32.31759688700344,34.90331005407031,0 32.31759679987628,34.90331000490444,0 32.31759484603495,34.90330890411725,0 32.31759475892271,34.90330885314862,0 32.31759282938332,34.90330772455381,0 32.31759274337264,34.90330767268993,0 32.31759083813518,34.90330651628751,0 32.31759075105275,34.90330646171336,0 32.31758887338466,34.90330527932453,0 32.31758878741127,34.90330522295379,0 32.3175869351243,34.90330401456626,0 32.31758685025251,34.90330395730025,0 32.31758502335414,34.90330272201263,0 32.31758493849726,34.90330266294389,0 32.3175831391608,34.90330140257121,0 32.31758305432629,34.90330134079833,0 32.31758128363843,34.90330005624816,0 32.31758119991296,34.90329999267864,0 32.31757937306902,34.90329861857253,0 32.31749172861352,34.90323210642035,0 32.3174079229688,34.90320205116758,0 32.31735230540453,34.90320042722731,0 32.31727907385488,34.90323978654302,0 32.31717020932999,34.90327650908755,0 32.317076091325,34.90327339770916,0 32.31703691832989,34.90320962657077,0 32.31690381018572,34.90300996304499,0 32.31687281128739,34.9029779858115,0 32.31684288534058,34.90297539368662,0 32.31670095616,34.9030329988495,0 32.31664813460601,34.90303609662143,0 32.31661127487929,34.9030169965085,0 32.31652976494421,34.9029152816456,0 32.31640841079494,34.9026875106892,0 32.31630674531633,34.90260090819805,0 32.31619215621097,34.90252125136934,0 32.31607567256047,34.90248035565664,0 32.31592753681506,34.90246152963864,0 32.31581208138419,34.90245354400162,0 32.31574103044183,34.90243064276298,0 32.31559273622305,34.90230723448137,0 32.31555613241359,34.90226698546923,0 32.31556462024459,34.90224029444071,0 32.31557872882988,34.90219592395951,0 32.31557878725882,34.90219587110475,0 32.31562293986244,34.90215603988355,0 32.31578565369438,34.90210018364516,0 32.31579268784415,34.90209624888201,0 32.31591254747658,34.90202920437178,0 32.31602489170078,34.90188608265021,0 32.31602483787903,34.90188571186364,0 32.31600117319068,34.90172277768025,0 32.31595404971519,34.90158046305959,0 32.31593804682652,34.901417222227,0 32.3159436320942,34.9013960216076,0 32.3159438866177,34.90139514776097,0 32.31594396430786,34.90139488318064,0 32.31594401496982,34.90139471129449,0 32.315944159696,34.90139427942727,0 32.31594433692088,34.90139375489668,0 32.3159444524531,34.90139341300718,0 32.31594464254555,34.90139292009873,0 32.31594474994822,34.90139263495296,0 32.31594477008294,34.90139258188248,0 32.31594494453661,34.90139212764705,0 32.31594542089449,34.90139102338392,0 32.31594549229199,34.9013908579244,0 32.31594609353105,34.90138960382691,0 32.31594674604316,34.90138836804637,0 32.31594745090748,34.90138715239174,0 32.31594820812401,34.90138595686299,0 32.31594901438802,34.90138478414577,0 32.31594986968459,34.90138363604289,0 32.31595077291958,34.90138251254814,0 32.31595172407806,34.90138141546427,0 32.31595272095689,34.90138034658174,0 32.31595376244703,34.90137930769719,0 32.31595484636026,34.90137829879824,0 32.31595597377576,34.90137732169381,0 32.31595714140374,34.90137637726682,0 32.31595834813518,34.90137546731388,0 32.31595959286848,34.90137459273016,0 32.31596087340798,34.90137375440483,0 32.31596218865214,34.90137295323297,0 32.31596353749936,34.9013721901099,0 32.31596491774651,34.90137146682601,0 32.31596632829947,34.90137078337517,0 32.31596776695515,34.9013701415478,0 32.31596923043868,34.90136954042408,0 32.31597071982177,34.90136898271425,0 32.3159722318296,34.9013684674985,0 32.31597376426647,34.90136799566589,0 32.3159753160234,34.90136756901301,0 32.31597688491964,34.90136718662612,0 32.31597846984613,34.90136685030189,0 32.31598006643399,34.90136655911433,0 32.31598167576982,34.90136631397088,0 32.31598329346981,34.90136611574833,0 32.31598491953388,34.90136596444672,0 32.31598655068729,34.90136585914615,0 32.31598818473434,34.9013658007357,0 32.31598982057348,34.90136579011059,0 32.31599145602399,34.90136582635712,0 32.31599308889766,34.90136590946301,0 32.31599471810789,34.90136603852069,0 32.31599633926333,34.90136621530827,0 32.31599795237148,34.90136643892442,0 32.31599955634569,34.90136670846157,0 32.31600114680961,34.90136702389511,0 32.31600272267659,34.9013673843175,0 32.31600428284509,34.90136779062397,0 32.31600582514183,34.90136824099941,0 32.31600734628454,34.90136873542541,0 32.31600884627322,34.90136927390193,0 32.31601032293464,34.90136985461393,0 32.31601177298651,34.9013704775429,0 32.31601319753037,34.90137114179366,0 32.31601459110325,34.90137184643399,0 32.3160159548067,34.90137259056873,0 32.31601728645251,34.90137337418553,0 32.31601858386749,34.90137419546935,0 32.31601984597243,34.90137505261128,0 32.3160210705717,34.90137594650033,0 32.31602225659362,34.90137687442625,0 32.31602340294406,34.9013778363829,0 32.31602450744982,34.90137883055517,0 32.31602556902425,34.90137985603556,0 32.31602658658819,34.90138091101513,0 32.31602755905505,34.90138199458638,0 32.31602848533817,34.90138310584173,0 32.31602936326433,34.90138424296619,0 32.31602974939538,34.90138478328702,0 32.31603019284097,34.90138540505826,0 32.31603045217337,34.9013857986355,0 32.31603073095289,34.90138622206902,0 32.31603097299646,34.90138658940776,0 32.31603111978333,34.90138683271586,0 32.31603125038295,34.90138704889027,0 32.31603175116854,34.90138788101511,0 32.31611408804406,34.90153305835115,0 32.31622303283092,34.90166740692752,0 32.31635369318845,34.90170872928672,0 32.31655186488462,34.90169764758464,0 32.31659339999488,34.90166621424052,0 32.31682333718536,34.90158125180947,0 32.31696155099308,34.90142563218564,0 32.31696186642465,34.90142480104587,0 32.31699609556664,34.90133482882612,0 32.31694723535848,34.90133442714665,0 32.31687060607821,34.90129143230456,0 32.31676324066217,34.90102787996642,0 32.31654688008738,34.90063421481266,0 32.3165472127341,34.90063341892608,0 32.3165574029402,34.90060905764719,0 32.31655783919616,34.90060803788944,0 32.316557870428,34.90060796595143,0 32.31655838266132,34.90060688802858,0 32.31655894071935,34.90060582568755,0 32.31655954349306,34.90060478072495,0 32.31656019098239,34.90060375314078,0 32.31656087989023,34.90060274471931,0 32.31656161239721,34.90060175637426,0 32.31656238629281,34.90060079079745,0 32.31656320049039,34.90059984708133,0 32.31656405388092,34.90059892702253,0 32.31656494534791,34.90059803331899,0 32.31656587489884,34.90059716506941,0 32.31656684033057,34.90059632406417,0 32.31656784054159,34.90059551119853,0 32.31656887551694,34.90059472827522,0 32.31656994198183,34.90059397437444,0 32.31657103990641,34.90059325310165,0 32.3165721682115,34.90059256264802,0 32.31657332468655,34.9005919057053,0 32.31657450823744,34.90059128226739,0 32.31657571776267,34.90059069322947,0 32.31657695216811,34.90059013858546,0 32.31657820814911,34.90058962102095,0 32.3165794857206,34.90058913873324,0 32.31658078267203,34.90058869441416,0 32.31658209791676,34.90058828715616,0 32.31658343035327,34.90058791785447,0 32.31658477669177,34.900587587392,0 32.31658613583824,34.90058729576261,0 32.31658750779265,34.90058704296636,0 32.3165888892578,34.90058683078743,0 32.3165902780605,34.90058665741084,0 32.31659167418577,34.90058652463934,0 32.31659307435883,34.90058643155309,0 32.31659447747814,34.90058637904729,0 32.3165958835437,34.90058636712199,0 32.31659728817915,34.90058639575252,0 32.31659869029789,34.90058646403142,0 32.31660008879089,34.90058657375521,0 32.31660148258647,34.90058672221369,0 32.31660286838,34.90058691209251,0 32.31660424619383,34.90058714068751,0 32.31660561273826,34.90058740888163,0 32.3166069669192,34.90058771666874,0 32.31660830765751,34.90058806223989,0 32.31660963384418,34.9005884473917,0 32.31661094112524,34.90058886939547,0 32.31661223058734,34.90058932915868,0 32.31661350004972,34.90058982576766,0 32.31661474733176,34.90059035830877,0 32.31661597133928,34.90059092677578,0 32.31661717098572,34.90059153026122,0 32.31661834409785,34.90059216695003,0 32.31661948957409,34.90059283773742,0 32.31662060524121,34.90059354080832,0 32.31662169109919,34.90059427616276,0 32.31662274498228,34.90059504108427,0 32.31662376578893,34.9005958364681,0 32.31662475243998,34.90059666050534,0 32.31662570274725,34.90059751318369,0 32.31662661782723,34.90059839180517,0 32.3166274032709,34.90059920209121,0 32.31662749439766,34.90059929635132,0 32.31662819155631,34.90060006557705,0 32.31676152027904,34.90074824876977,0 32.31684045625794,34.9006027335661,0 32.31690926114761,34.90044442519773,0 32.31690924537819,34.90044434758695,0 32.31689471346935,34.90037228387961,0 32.31667739517485,34.90005698845346,0 32.3166263263042,34.90002691208705,0 32.31657782236588,34.90002440925252,0 32.31657749208093,34.90002439207123,0 32.31657905275215,34.90010701964671,0 32.31660318209023,34.90023415916465,0 32.31660321251191,34.9002343170843,0 32.31656895181714,34.90030182112566,0 32.31647354393012,34.90032222010794,0 32.31638480925308,34.90021769352347,0 32.31632750482586,34.90006682315865,0 32.31627973385257,34.8999774616411,0 32.31628809695423,34.89992457186192,0 32.31620196026276,34.89981794862835,0 32.31616871236137,34.89980284757061,0 32.31598755477965,34.89947513806518,0 32.31596496568226,34.89939739321617,0 32.31596466244877,34.89939622507134,0 32.31596461049843,34.8993960246636,0 32.31596440085723,34.89939504904808,0 32.31596435764452,34.89939485049236,0 32.31596431337508,34.89939464742355,0 32.31596411087832,34.89939346993003,0 32.31596407539884,34.89939326240362,0 32.31596389546812,34.89939187049899,0 32.31596377464712,34.89939047532133,0 32.31596371293582,34.89938907687064,0 32.31596371140589,34.89938767785725,0 32.31596376785421,34.89938628007152,0 32.31596388446894,34.89938488352586,0 32.31596406011866,34.89938349272096,0 32.31596429481078,34.89938210675543,0 32.31596458742884,34.89938072832727,0 32.31596493795789,34.89937935923921,0 32.31596534638298,34.89937800129405,0 32.31596581268916,34.89937665629451,0 32.31596613799159,34.89937582250835,0 32.31596633359421,34.89937532422213,0 32.31596691453114,34.8993740096146,0 32.31596754893548,34.89937271243494,0 32.31596823789386,34.89937143359072,0 32.31596898029724,34.89937017487853,0 32.3159697761232,34.89936893900249,0 32.31597062318362,34.89936772595031,0 32.31597152144858,34.89936653932748,0 32.31597246873741,34.89936537822032,0 32.31597346612178,34.89936424533911,0 32.31597450921792,34.89936314156064,0 32.31597560019904,34.89936206869993,0 32.31597673468136,34.89936102763374,0 32.31597791264994,34.89936002016479,0 32.31597913300325,34.89935904718839,0 32.31598039354565,34.89935810959355,0 32.31598169316818,34.89935720917687,0 32.31598303077671,34.89935634593218,0 32.31598440306661,34.89935552254517,0 32.31598581003793,34.89935473901581,0 32.3159872495025,34.89935399533182,0 32.31598871924228,34.89935329508639,0 32.31599021708411,34.89935263646441,0 32.315991743013,34.89935202126868,0 32.3159932937393,34.89935145038208,0 32.3159948670674,34.8993509246937,0 32.31599646298982,34.89935044510491,0 32.31599807713775,34.89935001068967,0 32.31599970949627,34.89934962325079,0 32.31600135677564,34.89934928367115,0 32.31600301679527,34.89934899103702,0 32.31600468954765,34.89934874624984,0 32.31600637065652,34.89934854928496,0 32.3160080601069,34.89934840194512,0 32.31600975353751,34.89934830240296,0 32.31601145094084,34.89934825155981,0 32.31601314902723,34.89934825029866,0 32.31601484671756,34.89934829681053,0 32.31601654071466,34.89934839287974,0 32.31601822993195,34.89934853759873,0 32.31601991218876,34.89934873005383,0 32.31602158528202,34.89934897203548,0 32.31602324704598,34.89934926082719,0 32.31602489528507,34.89934959731811,0 32.3160265289052,34.89934998150201,0 32.31602814463163,34.89935041245906,0 32.31602974137778,34.89935088928176,0 32.31603131695551,34.89935141195774,0 32.31603286919162,34.89935197867197,0 32.31603530187937,34.89935297941693,0 32.31606946921383,34.89936827498302,0 32.31610983827109,34.8993942340852,0 32.31622891861825,34.89950677846205,0 32.31632196246029,34.89948926623649,0 32.31640986012633,34.89945121226849,0 32.31644621552962,34.89944818694212,0 32.3164755736257,34.8994672629486,0 32.31651691614442,34.89950516670694,0 32.3165182760135,34.89950637053909,0 32.31651879845383,34.89950683320145,0 32.31651965572527,34.89950755645437,0 32.3165199327871,34.89950779057889,0 32.31652108586149,34.89950873093473,0 32.31652225985768,34.89950965518263,0 32.3165234536891,34.89951056241505,0 32.31652466517505,34.89951145171836,0 32.3165258964962,34.89951232400616,0 32.31652714547189,34.89951317836481,0 32.31652841210211,34.89951401479434,0 32.31652969638687,34.8995148332947,0 32.31653099834108,34.89951563206316,0 32.31653231685576,34.89951641289633,0 32.31653365085175,34.89951717398526,0 32.31653500141566,34.89951791623751,0 32.31653636746091,34.89951863874554,0 32.31653774898746,34.89951934150938,0 32.31653914490127,34.89952002452282,0 32.31654055520978,34.89952068688452,0 32.31654197881146,34.89952132948971,0 32.31654341680787,34.89952195144315,0 32.31654486701829,34.89952255183115,0 32.31654632942782,34.89952313245649,0 32.31654780514545,34.89952369152253,0 32.31654929088897,34.89952422901086,0 32.31655078884651,34.89952474493372,0 32.31655229682993,34.89952523927887,0 32.31655381593333,34.89952571205242,0 32.31655534396851,34.89952616324209,0 32.31655688203704,34.89952659195261,0 32.31655842903739,34.8995269990793,0 32.31655998388293,34.89952738371453,0 32.31656154658113,34.89952774495694,0 32.31656311711707,34.89952808460934,0 32.31656469440414,34.89952840176414,0 32.31656627844979,34.89952869552,0 32.3165678681525,34.89952896677212,0 32.31656946241816,34.89952921551438,0 32.31657106344241,34.89952944085767,0 32.31657266794306,34.89952964278355,0 32.31657427700664,34.89952982219953,0 32.31657588954659,34.89952997819815,0 32.3165775044614,34.89953011167457,0 32.31657912285999,34.89953022083218,0 32.31658074253936,34.89953030746145,0 32.316582364601,34.89953037066718,0 32.3165839868568,34.89953041043702,0 32.31658561040079,34.89953042677715,0 32.31658723413893,34.89953041968142,0 32.31658885697713,34.89953038914368,0 32.31659047890791,34.8995303360653,0 32.31659209994622,34.8995302586435,0 32.31659371898306,34.89953015867493,0 32.31659533602588,34.89953003525819,0 32.31659694888653,34.89952988838097,0 32.3165985597457,34.89952971895695,0 32.31660016642272,34.89952952607246,0 32.31660176782349,34.89952930972137,0 32.31660336503462,34.89952907081118,0 32.31660495806359,34.89952880844049,0 32.3166065436207,34.89952852349226,0 32.31660812389409,34.89952821597881,0 32.31660969669564,34.89952788588778,0 32.31661126311941,34.89952753322539,0 32.31661282097723,34.89952715797928,0 32.31661437136321,34.89952676015563,0 32.31661591317578,34.89952634064965,0 32.31661744532833,34.89952589855384,0 32.31661896781343,34.89952543476953,0 32.31662048063848,34.8995249483954,0 32.31662198269454,34.899524441228,0 32.31662347289497,34.89952391235985,0 32.31662495342794,34.89952336180323,0 32.31662642100373,34.89952279044106,0 32.31662787671641,34.89952219827951,0 32.31662931947943,34.89952158441105,0 32.31663074818372,34.89952095063224,0 32.31663216393085,34.89952029604792,0 32.31663356561926,34.89951962155326,0 32.31663495324897,34.89951892714829,0 32.31663632573337,34.89951821192549,0 32.31663768305752,34.8995174776876,0 32.31663902412735,34.89951672442849,0 32.31664034894286,34.89951595214811,0 32.31664165751152,34.89951515994515,0 32.3166429487243,34.89951434961616,0 32.31664422258123,34.89951352116117,0 32.31664547908978,34.89951267367881,0 32.31664671714091,34.89951180896566,0 32.31664793783618,34.89951092612652,0 32.31664913788591,34.89951002604429,0 32.31665031947824,34.89950910873128,0 32.31665148151162,34.89950817508273,0 32.31665262399355,34.89950722419724,0 32.31665374581498,34.89950625787144,0 32.31665484699088,34.89950527430257,0 32.31665493850066,34.89950519008351,0 32.31665592640475,34.89950427618861,0 32.31665625946501,34.8995039580568,0 32.31665698515815,34.89950326263433,0 32.3166575477863,34.89950270421244,0 32.31665802215701,34.89950223363358,0 32.3166588056602,34.89950142766138,0 32.3166590374013,34.89950118918635,0 32.31666003087613,34.89950013109545,0 32.31674709699271,34.89940512135151,0 32.31681400901237,34.89940143386786,0 32.31697904917755,34.89942950680396,0 32.31698075184525,34.89942974533295,0 32.31698207784936,34.89942988619467,0 32.31698340964472,34.8994299883278,0 32.31698474502825,34.89943005352286,0 32.31698608292827,34.89943007906952,0 32.31698742004764,34.89943006675211,0 32.31698875639383,34.89943001566927,0 32.3169900897712,34.89942992671002,0 32.3169914179991,34.89942979896077,0 32.31699274107005,34.89942963332283,0 32.31699405570185,34.8994294297778,0 32.31699536080042,34.89942918831951,0 32.31699665417013,34.89942890983707,0 32.316997935811,34.89942859433044,0 32.31699920353491,34.89942824178735,0 32.31700045514621,34.89942785309687,0 32.31700168954339,34.89942742915426,0 32.31700290563236,34.89942696995332,0 32.31700410122498,34.89942647548181,0 32.31700527521228,34.89942594753632,0 32.31700642541355,34.89942538520314,0 32.31700755180641,34.89942479118648,0 32.31700865221018,34.89942416457262,0 32.31700972551587,34.89942350715815,0 32.31701077062937,34.89942281893696,0 32.31701178535513,34.89942210079813,0 32.31701276858415,34.89942135453827,0 32.3170137203164,34.89942058015737,0 32.31701463945033,34.89941977855063,0 32.31701552268886,34.89941895150245,0 32.31701637111855,34.89941809992028,0 32.31701718255128,34.89941722379183,0 32.31701795587805,34.89941632491378,0 32.31701869218548,34.89941540419362,0 32.3170193881764,34.8994144634156,0 32.3170200438434,34.89941350348119,0 32.31702065809239,34.8994125243842,0 32.31702123090098,34.89941152882878,0 32.31702176117506,34.89941051680878,0 32.31702224779824,34.89940949102215,0 32.31702269187204,34.89940845057377,0 32.31702300841883,34.89940761583409,0 32.31702309008435,34.89940739905057,0 32.31702344462338,34.89940633646493,0 32.31702375328603,34.89940526460732,0 32.31702401715891,34.89940418438523,0 32.31703859059453,34.89933337404388,0 32.31703872702496,34.89933341447296,0 32.31717644938956,34.8993741446303,0 32.31717914483847,34.89937486197965,0 32.31718107231467,34.89937530278556,0 32.31718301667195,34.8993756868968,0 32.31718497680875,34.89937601520853,0 32.31718695054444,34.89937628680713,0 32.31718893350267,34.89937650166802,0 32.31719092459688,34.89937665888365,0 32.31719292053732,34.89937675933697,0 32.31719492023745,34.89937680212044,0 32.31719692041503,34.89937678721564,0 32.31719891887445,34.89937671551168,0 32.31720091343502,34.89937658609485,0 32.31720290081454,34.89937639894669,0 32.31720487881737,34.89937615495636,0 32.31720684525541,34.89937585411148,0 32.31720879793302,34.89937549730121,0 32.31721073466205,34.89937508451323,0 32.31721265215287,34.89937461663049,0 32.31721454931135,34.89937409364683,0 32.31721642284787,34.89937351644519,0 32.31721827057425,34.89937288501331,0 32.31722009028744,34.89937220114162,0 32.31722187979181,34.89937146571926,0 32.31722363798585,34.89937067964138,0 32.31722536049329,34.89936984288347,0 32.31722704729918,34.89936895724828,0 32.31722869620792,34.89936802362484,0 32.31723030392239,34.89936704379757,0 32.31723186934852,34.89936601776024,0 32.31723338918916,34.89936494729722,0 32.31723486453093,34.899363833316,0 32.31723629097517,34.89936267849617,0 32.31723766742783,34.89936148283157,0 32.31723899277242,34.89936024902018,0 32.31724026372675,34.89935897704357,0 32.31724148136253,34.89935766961207,0 32.31724264238257,34.89935632850992,0 32.31724374678695,34.89935495373719,0 32.31724479126358,34.89935354888092,0 32.31724577580499,34.89935211484249,0 32.31724669930968,34.89935065251719,0 32.31724756065373,34.89934916550431,0 32.31724835764902,34.89934765379162,0 32.31724909026568,34.89934612098461,0 32.31724975740222,34.89934456797852,0 32.31725007612717,34.8993437341519,0 32.31725035905115,34.89934299567475,0 32.31725038035319,34.89934293359639,0 32.31725089299452,34.89934140766648,0 32.31725135921742,34.89933980575652,0 32.31725175771238,34.89933819084621,0 32.31725208736295,34.89933656563353,0 32.31725234815421,34.89933493192129,0 32.31725254007127,34.89933329151222,0 32.3172526609036,34.89933164709819,0 32.31725271392595,34.89932999959895,0 32.31725269582629,34.89932835260163,0 32.31725267687645,34.89932799823683,0 32.31725260769869,34.89932670611238,0 32.31724321919646,34.8992143102116,0 32.31716531518685,34.89906538965133,0 32.31715884410241,34.898963657712,0 32.3171591752964,34.89896303578945,0 32.31723518034473,34.89882023961898,0 32.31742991209854,34.89866931953522,0 32.31769824846292,34.89838766821724,0 32.31769833871927,34.89838707378613,0 32.31770944195431,34.89831361893042,0 32.31769265897319,34.89821392131615,0 32.31770740741214,34.89805940501032,0 32.3177076959434,34.89805891355272,0 32.31781246789593,34.89788021081057,0 32.31781241704348,34.89788000950828,0 32.31776339406422,34.89768704120014,0 32.31758239113435,34.8973466265837,0 32.31758123815403,34.89734501558103,0 32.31758091692083,34.89734456667266,0 32.31758066166387,34.89734421007965,0 32.31758010274552,34.89734339656418,0 32.31757948003158,34.897342491647,0 32.31757923571507,34.89734213511542,0 32.31757898381481,34.89734176952705,0 32.31757735868125,34.89733930493203,0 32.31757578516169,34.89733681718978,0 32.31757426433524,34.89733430810927,0 32.3175727973034,34.89733177679524,0 32.31757138405127,34.89732922505045,0 32.31757002567288,34.89732665288103,0 32.31756872105926,34.89732406208363,0 32.31756747239852,34.89732145267053,0 32.31756627858915,34.89731882553696,0 32.31756514071772,34.89731618159044,0 32.31756405876929,34.89731352263374,0 32.31756303384542,34.89731084777161,0 32.31756206483709,34.89730815880067,0 32.31756115393242,34.8973054557332,0 32.31756030002242,34.89730274036584,0 32.3175595041937,34.89730001360611,0 32.31755876644624,34.89729727545399,0 32.31755808567853,34.89729452680474,0 32.31755746406377,34.89729176947339,0 32.31755690051532,34.89728900255243,0 32.31755639610488,34.89728622875212,0 32.31755595083246,34.89728344807246,0 32.31755556359652,34.89728066140872,0 32.31755523548367,34.89727786966841,0 32.31755496758792,34.89727507285765,0 32.31755475769883,34.89727227366832,0 32.31755460801192,34.89726947121132,0 32.31755451741826,34.89726666728325,0 32.31755448700441,34.89726386279166,0 32.31755451567631,34.89726105773036,0 32.31755460341907,34.89725825390216,0 32.31755475023267,34.89725545130705,0 32.31755495610217,34.89725265174777,0 32.31755522212164,34.89724985523045,0 32.31755554718212,34.89724706355175,0 32.31755593128358,34.89724427671163,0 32.3175563744186,34.8972414956115,0 32.31755687657966,34.89723872115268,0 32.3175574366653,34.8972359542305,0 32.31755805575462,34.89723319665374,0 32.31755873385511,34.89723044752114,0 32.31755946985778,34.89722770862925,0 32.31756026266113,34.89722498087333,0 32.31756111444574,34.89722226516699,0 32.31756202301616,34.89721956239941,0 32.31756298837231,34.89721687257051,0 32.31756330931088,34.89721603424801,0 32.3175640116008,34.89721419658786,0 32.31756406524059,34.89721406077442,0 32.31756509049863,34.8972115362419,0 32.31756622505834,34.89720889243402,0 32.31756741638139,34.89720626426898,0 32.31756866335144,34.89720365444479,0 32.31756996487437,34.89720106295528,0 32.31757132095021,34.89719848980047,0 32.31757273156403,34.8971959367831,0 32.3175741967084,34.89719340480456,0 32.31757571419521,34.89719089385255,0 32.31757728510359,34.89718840573601,0 32.31757890833948,34.89718594044871,0 32.31758058390291,34.89718349799074,0 32.31758231067745,34.89718108106004,0 32.31758408867056,34.89717868875523,0 32.31758591677326,34.89717632287294,0 32.31758779499304,34.89717398251178,0 32.31758972221346,34.89717167036977,0 32.31759169843455,34.89716938644685,0 32.31759372256223,34.89716713073696,0 32.3175957945816,34.89716490504276,0 32.31759791339863,34.89716270935816,0 32.31760007791182,34.89716054457841,0 32.31760228812117,34.89715841070345,0 32.31760454291771,34.89715630952995,0 32.3176068423089,34.89715424015648,0 32.31760918517836,34.89715220528108,0 32.31761157043945,34.89715020399619,0 32.31761399808476,34.89714823720323,0 32.31761646702024,34.89714630489603,0 32.31761897612949,34.89714440977254,0 32.31762152542741,34.89714255003004,0 32.31762607235058,34.89713938993458,0 32.31767778670352,34.89711651282548,0 32.31773168451937,34.89712542845139,0 32.31779192495427,34.89724666696981,0 32.31786597895288,34.89728964137851,0 32.31808151941683,34.89732953799865,0 32.3182284047472,34.89730532410474,0 32.31828037720145,34.8972612656932,0 32.31828010422846,34.89726093424208,0 32.31823476311136,34.89720581493771,0 32.31823562025368,34.89720562593988,0 32.31828118011986,34.89719560437449,0 32.31840193572452,34.89720506863954,0 32.31864287951045,34.89727059349499,0 32.31876374023984,34.89727158463216,0 32.31892122063908,34.89722203534548,0 32.31904272730311,34.8971700740364,0 32.31911802462761,34.89711137795152,0 32.319162696799,34.89703336589743,0 32.31916270013929,34.89703309368696,0 32.31916432634866,34.89689992592884,0 32.31916464363396,34.89689979339431,0 32.31942281740909,34.89679189233544,0 32.31942266180504,34.89679125866648,0 32.31938852346717,34.89665180244084,0 32.31938905515333,34.89665180722084,0 32.31941423821123,34.8966520131322,0 32.31953367561028,34.8967694979148,0 32.31961357222481,34.89675532502126,0 32.31963193470567,34.89672581882245,0 32.31963190401778,34.89672555994277,0 32.31962260466648,34.89664736458244,0 32.31951800290382,34.89657872171962,0 32.31951683838058,34.89657691506189,0 32.31951665473649,34.89657663008608,0 32.31951645057335,34.89657631254422,0 32.31951570129747,34.89657509774071,0 32.31951534500168,34.89657452154066,0 32.31951494984843,34.89657388112218,0 32.3195145883798,34.89657326883632,0 32.31951407368447,34.89657239788617,0 32.3195135018082,34.89657142926239,0 32.31951210536608,34.89656895605732,0 32.31951094587097,34.89656680508476,0 32.3195107616012,34.89656646331591,0 32.31950947050616,34.89656395193947,0 32.31950823316753,34.89656142283557,0 32.31950704959276,34.89655887510281,0 32.31950591975951,34.8965563114453,0 32.31950484476185,34.89655373186923,0 32.31950382459233,34.89655113727593,0 32.31950285924349,34.89654852856678,0 32.31950194980936,34.89654590574794,0 32.31950109518109,34.89654327061601,0 32.31950029753923,34.89654062408464,0 32.31949955578979,34.89653796614772,0 32.31949886992529,34.89653529770659,0 32.31949824103238,34.89653261966883,0 32.31949766910358,34.89652993293571,0 32.31949715412404,34.89652723931007,0 32.31949669719519,34.89652453789664,0 32.31949629611412,34.89652183048594,0 32.31949595306145,34.89651911799157,0 32.31949566694313,34.89651640040743,0 32.31949543993235,34.89651367954851,0 32.3194952687396,34.89651095629784,0 32.31949515665438,34.8965082297724,0 32.31949510146633,34.89650550266408,0 32.31949510426205,34.89650277588037,0 32.31949516504892,34.89650004851992,0 32.31949528380468,34.89649732328683,0 32.31949546053675,34.89649459927979,0 32.31949569412878,34.89649187919674,0 32.31949598568226,34.89648916214247,0 32.31949633408822,34.89648644991358,0 32.31949674043332,34.89648374341759,0 32.31949720471751,34.89648104265452,0 32.31949772583191,34.89647834942097,0 32.31949830268247,34.89647566371082,0 32.31949893744238,34.89647298733911,0 32.31949962902505,34.8964703193983,0 32.31950037631412,34.89646766258642,0 32.31950118040365,34.89646501690956,0 32.31950204019211,34.89646238326303,0 32.31950295567955,34.89645976164679,0 32.31950392574961,34.89645715475889,0 32.31950425648202,34.89645632009154,0 32.31950495259778,34.89645456171012,0 32.31950603293456,34.89645198338357,0 32.31950716783905,34.89644942158809,0 32.3195083573187,34.89644687542228,0 32.31950960025721,34.8964443475842,0 32.31951089665453,34.89644183807379,0 32.31951224540921,34.89643934778633,0 32.31951364761527,34.89643687672796,0 32.31951510106979,34.89643442668918,0 32.31951660686677,34.89643199767607,0 32.31951816390477,34.89642959058394,0 32.31951977108233,34.89642720630804,0 32.31952142948599,34.89642484575581,0 32.31952313692773,34.89642250891507,0 32.31952489339266,34.89642019758856,0 32.31952669998226,34.89641791088096,0 32.31952855339212,34.89641565147813,0 32.3195304547237,34.89641341848476,0 32.31953240286811,34.89641121369745,0 32.31953439782534,34.89640903711628,0 32.31953643850136,34.89640688873507,0 32.31953852377983,34.89640477125185,0 32.31954065476221,34.89640268377135,0 32.31954282816642,34.89640062627519,0 32.31954504615822,34.89639860147978,0 32.31954730655696,34.89639660847146,0 32.31954960826121,34.89639464814552,0 32.31955195126351,34.89639272140326,0 32.31955433446982,34.89639082823865,0 32.3195567578653,34.89638897045441,0 32.31955922036333,34.89638714714301,0 32.31956172086243,34.89638535919972,0 32.31956425825376,34.89638360842118,0 32.31956683363875,34.89638189391213,0 32.31956944372787,34.89638021655555,0 32.31957208960773,34.89637857725899,0 32.31957477018428,34.89637697601626,0 32.31957748326207,34.89637541371658,0 32.31958022993508,34.89637389036596,0 32.31958300800784,34.8963724068536,0 32.31958581747294,34.89637096408088,0 32.31958865614971,34.89636956113413,0 32.31959019058436,34.89636883326239,0 32.31959090892772,34.89636849203917,0 32.31959152511735,34.89636819982227,0 32.31959269251764,34.89636766730716,0 32.3195931757274,34.89636744736102,0 32.31959442219524,34.89636687923166,0 32.31959521496987,34.89636653391793,0 32.31959545983082,34.89636642711803,0 32.31959775690648,34.89636542587753,0 32.31959765284022,34.89636477807449,0 32.31959297557761,34.89633572973214,0 32.31953964724742,34.8962802173433,0 32.31952746237778,34.89622504073746,0 32.31952896128671,34.89610219171217,0 32.31950093364441,34.89608077838605,0 32.31928295484335,34.8960302717232,0 32.3192808682,34.89602923962844,0 32.31927880258858,34.8960281779045,0 32.31927676019721,34.89602708656368,0 32.3192747410184,34.89602596650732,0 32.31927274614622,34.89602481774159,0 32.31927077558806,34.89602363936508,0 32.31926883041567,34.89602243408808,0 32.31926691064393,34.89602120010784,0 32.31926501844601,34.8960199392393,0 32.31926315272788,34.89601865147641,0 32.31926131348954,34.89601733681918,0 32.31925950401308,34.89601599528594,0 32.31925772209557,34.89601462866722,0 32.31925596992505,34.89601323697529,0 32.31925424750899,34.89601181930877,0 32.31925255483248,34.89601037747037,0 32.31925089408359,34.89600891147238,0 32.31924926416085,34.89600742221009,0 32.31924766506427,34.89600590968345,0 32.3192460989819,34.89600437390473,0 32.31924456589886,34.8960028166767,0 32.3192430658226,34.89600123709798,0 32.31924159983969,34.89599963607606,0 32.3192401679427,34.89599801451237,0 32.31923877013162,34.89599637240683,0 32.31923740749305,34.89599471066702,0 32.31923608002699,34.8959930292929,0 32.31923478882003,34.89599132919199,0 32.3192335338647,34.89598961126569,0 32.31923231516849,34.89598787461262,0 32.31923113380309,34.89598612194302,0 32.31922998868934,34.895984351448,0 32.3192288820004,34.89598256494259,0 32.31922781372884,34.89598076332819,0 32.3192267838747,34.8959789466048,0 32.3192257913439,34.89597711476625,0 32.31922483941112,34.89597526873232,0 32.31922392587338,34.89597341029356,0 32.3192230518322,34.89597153855467,0 32.31922221728011,34.89596965441705,0 32.31922142330367,34.8959677587882,0 32.31922066990293,34.89596585166809,0 32.31921995597639,34.89596393395203,0 32.31921928370468,34.89596200655365,0 32.31921865198632,34.89596007036817,0 32.31921806192278,34.89595812450038,0 32.31921751240517,34.89595617074683,0 32.31921700452749,34.89595420911376,0 32.3192165382823,34.89595224050245,0 32.31921611475619,34.89595026582047,0 32.31921573176112,34.89594828505556,0 32.31921539147025,34.89594630002271,0 32.31921509280443,34.89594430891301,0 32.31921483682795,34.89594231533819,0 32.31921462355565,34.89594031749542,0 32.31921445188607,34.89593831627997,0 32.31921432289095,34.89593631440212,0 32.31921423658513,34.89593431005913,0 32.31921419185972,34.89593230504757,0 32.31921419090276,34.89593029937973,0 32.31921423151879,34.89592829394473,0 32.31921431479433,34.89592628965007,0 32.31921444072945,34.89592428649578,0 32.3192146082152,34.89592228627847,0 32.3192148194471,34.89592028810902,0 32.31921507222218,34.89591829377793,0 32.31921536654047,34.8959163032852,0 32.31921570459,34.89591431664306,0 32.31921608307383,34.89591233563595,0 32.31921650418002,34.89591036027607,0 32.31921696790107,34.89590839146483,0 32.319217472049,34.89590642918994,0 32.31921801770291,34.89590447526032,0 32.31921860487025,34.89590252877456,0 32.31921923353616,34.89590059153544,0 32.31921990370062,34.89589866354299,0 32.31922061317557,34.89589674478486,0 32.31922094282934,34.89589590830937,0 32.31922136413419,34.89589483707617,0 32.31922215548246,34.89589294041074,0 32.31922298611891,34.89589105568379,0 32.31922385713757,34.89588918290151,0 32.31922557028547,34.8958857562783,0 32.31932218748126,34.89576580437583,0 32.31944659806405,34.89568632768612,0 32.31960580386794,34.89563582352003,0 32.3196971864523,34.8956108509248,0 32.31969823155559,34.89560962453101,0 32.31969868229356,34.89560909611649,0 32.31969875520496,34.89560901088954,0 32.31969929192313,34.8956084045326,0 32.31970021295018,34.89560736494001,0 32.31970036425054,34.89560719361531,0 32.31970201139359,34.89560539999124,0 32.31970369553264,34.89560363091257,0 32.31970541776911,34.8956018854841,0 32.31970717590012,34.89560016549626,0 32.3197089699257,34.89559847094908,0 32.31971080093982,34.8955968018487,0 32.31971266564559,34.89559515997951,0 32.319714565137,34.89559354534763,0 32.31971649941408,34.89559195795302,0 32.31971846628134,34.89559039868483,0 32.31972046573878,34.89558886754307,0 32.31972249777896,34.89558736542914,0 32.31972456130046,34.89558589323827,0 32.31972665630326,34.89558445097045,0 32.31972878059932,34.89558303861345,0 32.31973093418119,34.89558165706863,0 32.31973311813549,34.89558030724352,0 32.31973532918756,34.8955789882183,0 32.31973756841659,34.89557770180195,0 32.31973983363454,34.89557644798217,0 32.31974212594287,34.89557522586372,0 32.31974444313119,34.89557403813843,0 32.31974678630844,34.89557288300976,0 32.31974915217766,34.89557176226204,0 32.31975154293438,34.89557067500616,0 32.31975395528161,34.89556962302647,0 32.31975638922682,34.89556860542164,0 32.31975884476259,34.89556762309301,0 32.31976132188146,34.89556667694198,0 32.31976381731627,34.8955657651474,0 32.31976633213873,34.89556489041955,0 32.31976886526223,34.89556405185092,0 32.31977141559281,34.8955632494354,0 32.31977398202896,34.89556248406825,0 32.31977656457074,34.89556175574941,0 32.31977916212407,34.89556106447286,0 32.31978177468157,34.89556041113986,0 32.31978440006262,34.89555979483688,0 32.31978703825978,34.89555921646525,0 32.31978968817162,34.89555867692025,0 32.31979234871897,34.89555817439298,0 32.319795019887,34.89555771068623,0 32.31979770058164,34.89555728579381,0 32.31980038970892,34.89555689970969,0 32.31980308727626,34.89555655153239,0 32.31980579108821,34.89555624215112,0 32.3198085011373,34.89555597246726,0 32.31981121633698,34.89555574157325,0 32.31981393559321,34.895555549463,0 32.31981666000004,34.89555539614265,0 32.31981938626793,34.89555528249518,0 32.31982211439696,34.89555520852063,0 32.31982484330049,34.89555517331146,0 32.31982757407256,34.89555517687381,0 32.31983030342369,34.89555522009069,0 32.31983303135387,34.8955553029621,0 32.31983575677651,34.89555542458052,0 32.3198384796842,34.89555558584736,0 32.31984119899033,34.89555578585512,0 32.3198439125069,34.89555602459153,0 32.31984662132047,34.89555630296415,0 32.31984932434445,34.89555662006538,0 32.31985201939085,34.89555697588305,0 32.31985470755365,34.89555737042326,0 32.31985738665225,34.89555780277241,0 32.31986005557778,34.8955582747271,0 32.31986271434509,34.89555878448461,0 32.31986536186018,34.89555933203879,0 32.3198679970216,34.89555991828494,0 32.31987061983678,34.8955605423216,0 32.31987322921914,34.89556120324134,0 32.31987582406721,34.8955619019394,0 32.31987840328699,34.89556263840966,0 32.31988096689335,34.89556341084936,0 32.31988351377738,34.89556422105514,0 32.31988604285996,34.89556506721812,0 32.31988855414109,34.89556594933831,0 32.31989104542526,34.89556686830483,0 32.3198935178214,34.89556782232106,0 32.31989596914144,34.89556881137476,0 32.31989839937798,34.89556983636727,0 32.31990080745183,34.89557089548975,0 32.31990319226899,34.89557198873608,0 32.31990555382202,34.89557311700766,0 32.31990789103178,34.89557427849554,0 32.31991020389083,34.89557547410118,0 32.31991249022597,34.89557670200951,0 32.31991475112383,34.8955779631281,0 32.31991698440378,34.89557925654327,0 32.31991919007326,34.89558058135367,0 32.3199213670308,34.89558193845455,0 32.31992351529128,34.89558332604321,0 32.31992563376068,34.89558474411344,0 32.31992772134496,34.89558619265915,0 32.31992977913814,34.89558767168649,0 32.31993180387303,34.89558917937435,0 32.3199337977377,34.8955907157349,0 32.31993575745003,34.89559228074987,0 32.31993768410408,34.8955938744253,0 32.31993957771471,34.89559549495849,0 32.31994143499983,34.89559714233103,0 32.31994452613574,34.89560001622995,0 32.31997701738381,34.89570959721711,0 32.31997900799504,34.89571179430062,0 32.31998067551446,34.89571363441652,0 32.31998342285062,34.89571654064502,0 32.31998623179394,34.89571940575276,0 32.31998910123558,34.89572223153636,0 32.31999202901721,34.89572501437801,0 32.31999501622539,34.89572775518525,0 32.31999806067956,34.89573045304444,0 32.32000116239451,34.89573310615283,0 32.32000431918225,34.89573571449816,0 32.32000753105019,34.89573827717905,0 32.32001079691917,34.89574079238663,0 32.3200141145937,34.89574326101,0 32.32001748517524,34.89574568215396,0 32.32002090649059,34.89574805400343,0 32.32002437635914,34.89575037564479,0 32.32002789586749,34.89575264798561,0 32.32003146284986,34.89575486830947,0 32.3200350762048,34.89575703751157,0 32.3200387348457,34.8957591546845,0 32.32004243878005,34.8957612189268,0 32.32004618473309,34.8957632293188,0 32.32004997270491,34.89576518586038,0 32.32005380160886,34.89576708764417,0 32.32005767035837,34.89576893376256,0 32.3200615778594,34.89577072420949,0 32.32006552302534,34.89577245807745,0 32.32006950366816,34.89577413535415,0 32.32007351980268,34.89577575423689,0 32.32007756923345,34.89577731561477,0 32.32008165087385,34.89577881858029,0 32.32008576472386,34.89578026313347,0 32.32008990751627,34.89578164745311,0 32.32009407924366,34.89578297244071,0 32.32009827881941,34.89578423718869,0 32.32010250405546,34.89578544168483,0 32.32010675386522,34.89578658502158,0 32.32011102825607,34.89578766629763,0 32.32011532393114,34.89578868729734,0 32.32011964091266,34.8957896453166,0 32.32012397809177,34.89579054215198,0 32.32012833330266,34.89579137508716,0 32.32013270542902,34.89579214682012,0 32.3201370923051,34.89579285463454,0 32.32014149501749,34.89579349943786,0 32.32014591029152,34.89579408031035,0 32.32015033702571,34.89579459814728,0 32.32015477303202,34.89579505293644,0 32.32015921941934,34.89579544288113,0 32.32016367289811,34.8957957688644,0 32.32016813237436,34.89579603088014,0 32.32017259675399,34.89579622892223,0 32.32017706494302,34.89579636298452,0 32.32018153584738,34.89579643306092,0 32.32018600728646,34.89579643823781,0 32.32019047706476,34.89579637940432,0 32.32019494628373,34.8957962556652,0 32.32019941165386,34.89579606790344,0 32.32020387208112,34.89579581611298,0 32.32020832647145,34.89579550028768,0 32.32020946291485,34.89579540388136,0 32.32021277372343,34.89579512132278,0 32.32035354027863,34.89577483867135,0 32.32049107704452,34.89580597200702,0 32.32061747406394,34.89589703071858,0 32.32066819700219,34.89590813307397,0 32.32078462449974,34.89584695522119,0 32.32089127855545,34.89584997146584,0 32.32103565373298,34.8959604683829,0 32.32109797077939,34.89597169391439,0 32.32151717764605,34.89573720143607,0 32.32154908068774,34.89568173295772,0 32.32154908058232,34.89568147965767,0 32.32154874969878,34.89549525223336,0 32.32154908323079,34.8954947393833,0 32.32160974190831,34.89540143917048,0 32.32171160885109,34.89537011986941,0 32.32184680434116,34.89537979919589,0 32.3219276469901,34.8953654560712,0 32.32196425611362,34.89535075077589,0 32.32201208197592,34.89526969129015,0 32.3220121241379,34.89526935349221,0 32.32203516791239,34.89508340155566,0 32.32192974079577,34.8949796547884,0 32.32188392439537,34.8948956868706,0 32.32188384475747,34.89489379524365,0 32.3218838431176,34.8948937285293,0 32.32188380561283,34.8948919020398,0 32.32188380451373,34.89489176952466,0 32.32188380585265,34.89489000905563,0 32.32188384766492,34.89488811630341,0 32.32188392776021,34.89488622466617,0 32.32188404942055,34.89488433416223,0 32.32188421045051,34.89488244568076,0 32.32188441084269,34.89488056012317,0 32.32188465278508,34.89487867750167,0 32.32188493298825,34.89487679869924,0 32.32188525364023,34.8948749237282,0 32.32188561363217,34.89487305438514,0 32.32188601405812,34.89487119067617,0 32.32188645273741,34.89486933168774,0 32.32188693183587,34.89486748013616,0 32.32188744916547,34.89486563600921,0 32.3218880058202,34.89486379931306,0 32.32188860179267,34.89486197094902,0 32.32188923488746,34.89486015180628,0 32.32188990839397,34.89485834100181,0 32.32189023910308,34.89485750542602,0 32.32189062010198,34.89485654122749,0 32.32189096390217,34.89485571023186,0 32.32189136565025,34.89485475065617,0 32.32189215376125,34.89485297294219,0 32.32189297898712,34.8948512053509,0 32.32189384021163,34.89484945058037,0 32.32189473852883,34.89484770863662,0 32.32189567393866,34.89484597951972,0 32.32189664533973,34.89484426412491,0 32.32189765382603,34.89484256245829,0 32.32189869719474,34.89484087631047,0 32.32189977654728,34.89483920478608,0 32.32190089186881,34.89483754968794,0 32.32190204097133,34.89483591100388,0 32.32190322605026,34.89483428784462,0 32.32190444380134,34.89483268289607,0 32.32190569641259,34.89483109617039,0 32.3219069817034,34.89482952675404,0 32.32190830075297,34.89482797645584,0 32.32190965137325,34.89482644526364,0 32.32191103465087,34.89482493408484,0 32.32191245058582,34.89482344291951,0 32.32191389699008,34.89482197175539,0 32.32191537494285,34.89482052240138,0 32.32191688226349,34.89481909394389,0 32.32191842113265,34.89481768729648,0 32.32191998826087,34.89481630334222,0 32.32192158583617,34.89481494209335,0 32.32192321057652,34.89481360353155,0 32.32192486465513,34.89481228947177,0 32.32192654479736,34.89481099899431,0 32.32192825319126,34.89480973211138,0 32.32192998763397,34.89480849061359,0 32.32193174921952,34.89480727450695,0 32.32193353466585,34.89480608377323,0 32.3219353461536,34.89480491932598,0 32.32193718150215,34.89480378025159,0 32.32193904179069,34.89480266835896,0 32.3219409237446,34.89480158272837,0 32.32194282954451,34.89480052427344,0 32.32194475699499,34.89479949388333,0 32.32194670609599,34.89479849155803,0 32.32194867684757,34.89479751729754,0 32.3219506670617,34.89479657108963,0 32.32195267673096,34.89479565383573,0 32.32195470585535,34.89479476553583,0 32.32195675333347,34.89479390708518,0 32.3219588191727,34.89479307758241,0 32.32196090227166,34.89479227792278,0 32.32196300152891,34.8947915090016,0 32.32196511695187,34.89479076991748,0 32.32196724854051,34.89479006067043,0 32.32196939409207,34.89478938305095,0 32.32197155361388,34.89478873615771,0 32.32197372600456,34.89478812088596,0 32.32197591127153,34.89478753633437,0 32.32197810940736,34.89478698340425,0 32.32198031822404,34.89478646208344,0 32.32198253771418,34.89478597327331,0 32.32198476788517,34.89478551607246,0 32.32198700764301,34.89478509047481,0 32.32198925479226,34.89478469736954,0 32.32199151042695,34.89478433676273,0 32.32199377345309,34.89478400864829,0 32.32199604387063,34.89478371302619,0 32.32199831948419,34.89478345078567,0 32.32200060030856,34.89478322012393,0 32.32200288523496,34.89478302283761,0 32.32200517426332,34.89478285892674,0 32.32200746630711,34.89478272748381,0 32.32200976135888,34.89478262941024,0 32.32201205833205,34.89478256379852,0 32.32201435503119,34.89478253153783,0 32.32201665365174,34.89478253173898,0 32.32201895090424,34.89478256528508,0 32.32202124678871,34.8947826321761,0 32.32202354131255,34.89478273151069,0 32.32202576011264,34.89478285926833,0 32.32202583446838,34.89478286419018,0 32.32202628058041,34.89478289642534,0 32.32202812297413,34.89478303019629,0 32.32202864992449,34.89478307730506,0 32.32203101465554,34.89478328700454,0 32.32207482827755,34.89481793953857,0 32.32212335176397,34.89489335717461,0 32.32216987242627,34.89491945765938,0 32.32240170397747,34.89489991748115,0 32.32255282292344,34.894884004181,0 32.3227358426309,34.89481262097401,0 32.32287265400797,34.89468941966332,0 32.32300202373249,34.89453614858449,0 32.32300213890851,34.89453557862598,0 32.32302971103451,34.89439919472949,0 32.32300785699134,34.89427041037425,0 32.32300627276054,34.89418680368995,0 32.32306338710078,34.89398364382026,0 32.3230695820016,34.89390224386712,0 32.32304915755783,34.89386992592361,0 32.3228767557492,34.89392424807011,0 32.32285372990514,34.8938919083916,0 32.32285422724198,34.89389129729387,0 32.32290920369987,34.89382377154532,0 32.32302212700714,34.89373895562908,0 32.32302191712369,34.89373853439758,0 32.32297386342402,34.89364210757702,0 32.32296168901771,34.89357341812268,0 32.32296204836105,34.89357269087383,0 32.3230070408715,34.89348162111479,0 32.32311486382867,34.89338818975236,0 32.32319840890969,34.89336529369909,0 32.32332329970774,34.89336631262348,0 32.32332356364784,34.89336547847462,0 32.32333141781296,34.89334065827483,0 32.32328731591844,34.89332958127419,0 32.32315974691971,34.89333497003199,0 32.3230871552189,34.89331294339604,0 32.32308507495873,34.893270057478,0 32.32308545855032,34.89327010829094,0 32.32318899269785,34.8932837662448,0 32.32318931683811,34.89328292882574,0 32.32321855111266,34.89320684391681,0 32.32321858308232,34.89320681434786,0 32.3232790712578,34.89315160909523,0 32.32362733211205,34.89297225884438,0 32.323627580333,34.8929714732841,0 32.32364356806204,34.89292094829661,0 32.32362847811086,34.89287795664176,0 32.3236431796121,34.89273875340861,0 32.32366490568237,34.89266391022981,0 32.3236651042609,34.89266357510426,0 32.32371803751002,34.89257431963602,0 32.32371809842368,34.89257396211033,0 32.32373765546184,34.89245873485504,0 32.32372519329206,34.89241362055659,0 32.32373893180263,34.89235371635987,0 32.32373918709634,34.89235326887194,0 32.32378147344348,34.892279043944,0 32.32388916348349,34.89219632722946,0 32.32395171050818,34.89218826393709,0 32.32395561317814,34.8922954674444,0 32.32399989549271,34.89229154193423,0 32.32409163590314,34.89223656053788,0 32.32416815675244,34.89214930376536,0 32.32416805216333,34.89214898317899,0 32.32410795103475,34.89196447763504,0 32.32401618776391,34.89180725871732,0 32.32386627083463,34.89172458570464,0 32.32380068237075,34.89155472012729,0 32.32380114085823,34.89155417461304,0 32.3239168531315,34.89141634355222,0 32.32391656606071,34.89141626353184,0 32.32363937220569,34.89133906062726,0 32.32363982845209,34.89133825459005,0 32.32365266757347,34.89131559125585,0 32.32375965472607,34.89129074293973,0 32.32383830717949,34.89124208540228,0 32.32395041804015,34.89122370878429,0 32.32395037185061,34.8912229369099,0 32.32394825843989,34.89118725226843,0 32.32390673377279,34.8911783406221,0 32.32375559664312,34.89119639823678,0 32.3237350431934,34.89117479668909,0 32.32366659377491,34.89081199810634,0 32.3236733338622,34.89068559038453,0 32.32368972501058,34.89062142098015,0 32.3236899601794,34.89062102566267,0 32.32397925419581,34.89013507977821,0 32.32402642498977,34.89010759901659,0 32.32417212282748,34.89010878682843,0 32.32434082085866,34.89014445732395,0 32.32435094138255,34.8901681182261,0 32.32433114189317,34.89029870542441,0 32.32436959581789,34.89034617443019,0 32.32448048262047,34.89042852898007,0 32.32479586903479,34.89059828653657,0 32.324980126208,34.89063837030185,0 32.32507654784142,34.89062629479579,0 32.32529517485165,34.89062164471587,0 32.32570115302808,34.89040203296814,0 32.3257303173773,34.89035725882652,0 32.32573025444685,34.8903570610659,0 32.32569022319242,34.89023046948149,0 32.32559822346253,34.89009254083962,0 32.32559860301797,34.89009174518635,0 32.32561958260612,34.89004770178504,0 32.32571124283346,34.88999914942925,0 32.32578450747389,34.88996545138036,0 32.3257845151919,34.88996477445478,0 32.32578481931802,34.88993973281777,0 32.32577761160143,34.88989037510659,0 32.32577800876131,34.88988983465299,0 32.32584639992174,34.88979662375208,0 32.32596160423001,34.88973754515366,0 32.32596174910922,34.88973681760747,0 32.32596714605814,34.88970972552712,0 32.32589728109321,34.88957783406674,0 32.3258383589476,34.88960150497969,0 32.32561988895651,34.88959329722869,0 32.32558619737921,34.88958230586106,0 32.32558655973862,34.88958147225257,0 32.32560760782449,34.88953318082381,0 32.32574875199035,34.8894807437845,0 32.32584613388776,34.88938936851648,0 32.32587735428007,34.8893896227833,0 32.32592933721764,34.88939433252551,0 32.32610360260776,34.88940003750579,0 32.32610345968578,34.88939918577042,0 32.32607690435538,34.88924120573868,0 32.3260539824331,34.88920029468776,0 32.32605713070147,34.88915530770876,0 32.32605743826988,34.88915515436921,0 32.32623513872327,34.8890667318031,0 32.32632744817138,34.88896459838676,0 32.3263276372645,34.88896394860741,0 32.32635731153419,34.88886195570576,0 32.32635748045835,34.88886176644166,0 32.32641798273096,34.88879386038961,0 32.32661263824732,34.88861968149506,0 32.32664138604714,34.88860919763894,0 32.32679728108352,34.88862761268206,0 32.32686240131404,34.88862171201335,0 32.32691742777095,34.88859000807872,0 32.32691693940447,34.88858966103111,0 32.3268168182853,34.88851845670136,0 32.32681500347241,34.88851710353119,0 32.3268147000969,34.88851687739685,0 32.32681439780796,34.88851665216996,0 32.32681320630949,34.88851573243026,0 32.32681261056393,34.8885152721097,0 32.32681201590496,34.8885148126966,0 32.3268114300783,34.88851434341677,0 32.32681055186691,34.88851364175347,0 32.32680967256896,34.88851293918272,0 32.32680736998046,34.88851103254179,0 32.32680510813209,34.8885090936752,0 32.32680288812517,34.88850712168767,0 32.32680070994496,34.88850511838189,0 32.32679857467806,34.88850308466535,0 32.32679648233179,34.88850101963668,0 32.32679443398541,34.88849892510468,0 32.32679243072548,34.88849680197679,0 32.32679047255201,34.88849465025303,0 32.3267885605589,34.88849246993942,0 32.32678669473147,34.88849026283881,0 32.32678487615626,34.88848802985856,0 32.32678310593457,34.88848577010339,0 32.32678138295781,34.88848348537,0 32.32677970831248,34.88848117656582,0 32.32677808308517,34.8884788445983,0 32.32677650728327,34.8884764885661,0 32.32677498197861,34.88847411117935,0 32.32677350717854,34.88847171153671,0 32.32677208396229,34.888469291447,0 32.32677071123594,34.88846685090418,0 32.32676939117999,34.88846439082175,0 32.32676812378705,34.88846191210106,0 32.32676690794852,34.88845941653884,0 32.32676574585957,34.8884569032458,0 32.32676463641895,34.88845437311735,0 32.32676358179979,34.88845182796827,0 32.32676258090817,34.88844926779253,0 32.32676163372935,34.88844669439295,0 32.32676074245855,34.88844410688021,0 32.32675990489324,34.888441507045,0 32.32675912321386,34.88843889580075,0 32.32675839741309,34.88843627404894,0 32.32675772639698,34.88843364178339,0 32.32675711125211,34.88843099991167,0 32.32675655305768,34.88842835024255,0 32.32675604962585,34.88842569276387,0 32.32675560423105,34.88842302839526,0 32.32675521358411,34.88842035801989,0 32.32675488095948,34.88841768255731,0 32.32675460416193,34.88841500289681,0 32.32675438537932,34.88841231905048,0 32.32675422240909,34.88840963280901,0 32.3267541163378,34.88840694507982,0 32.32675406716542,34.88840425586287,0 32.32675407597858,34.88840156606566,0 32.32675414058202,34.88839887657743,0 32.32675426314889,34.88839618921307,0 32.32675444149135,34.88839350396044,0 32.32675467779721,34.88839082083169,0 32.32675497095054,34.88838814252487,0 32.32675531986467,34.88838546813258,0 32.32675572561891,34.88838279946361,0 32.32675618820585,34.88838013741932,0 32.32675670653158,34.88837748199374,0 32.32675728168265,34.88837483409422,0 32.32675791255043,34.88837219551749,0 32.32675859913492,34.88836956626358,0 32.32675934142875,34.88836694723383,0 32.32676013942458,34.88836433932965,0 32.32676099202848,34.88836174254497,0 32.32676189921836,34.88835915958394,0 32.32676286209552,34.88835658955125,0 32.32676387846474,34.88835403333612,0 32.32676423318598,34.88835319517447,0 32.32676495049917,34.88835149275345,0 32.32676531721683,34.88835065916533,0 32.32676607054866,34.88834896685945,0 32.32676725061699,34.88834645932629,0 32.32676848088089,34.88834396739533,0 32.32676976349879,34.88834149468416,0 32.32677109957196,34.8883390402975,0 32.32677248580391,34.88833660601988,0 32.32677392438985,34.88833419096206,0 32.32677541421379,34.88833179782216,0 32.32677695308789,34.88832942658802,0 32.32677854319997,34.88832707727178,0 32.32678018234749,34.88832475166408,0 32.32678187053043,34.88832244976491,0 32.32678360774146,34.88832017247566,0 32.32678539288662,34.88831791979025,0 32.32678722484997,34.88831569440678,0 32.32678910364616,34.88831349452249,0 32.32679102925316,34.88831132284149,0 32.32679244096435,34.88830978832486,0 32.32679300057706,34.88830917935778,0 32.32679597187774,34.88830608680495,0 32.32693575668237,34.88815075331538,0 32.32698792141568,34.88814045942259,0 32.32706305850797,34.88816679219624,0 32.32706519211426,34.88820539122088,0 32.32697648166123,34.88844044734001,0 32.32708268500495,34.88847989292265,0 32.32713008547645,34.88843312175773,0 32.32718073838946,34.88833279250137,0 32.3272461697444,34.88830117214408,0 32.3274095831387,34.8883432263605,0 32.32749268285514,34.88835676215525,0 32.32766723013839,34.88833888972336,0 32.32784023956229,34.88823312249696,0 32.32790023324032,34.88822074955122,0 32.32790049038463,34.88821993608651,0 32.32792458280399,34.88814378275698,0 32.32788136523387,34.88805983857242,0 32.32778767821947,34.88806122074195,0 32.32774636216733,34.88803516379266,0 32.32774643176706,34.88803239410453,0 32.32774645614165,34.88803141619534,0 32.32774658362383,34.88802865854576,0 32.3277466299576,34.88802767084236,0 32.32774688360789,34.88802392863514,0 32.32774721599118,34.88802019046902,0 32.32774762709283,34.88801645814674,0 32.32774811800671,34.88801273167439,0 32.3277486865303,34.88800901284257,0 32.32774933484409,34.88800530256482,0 32.32775006074556,34.88800160263179,0 32.32775086641517,34.88799791395694,0 32.32775174857117,34.88799423652214,0 32.32775270937936,34.88799057304361,0 32.32775374774579,34.88798692351533,0 32.32775486256187,34.887983289734,0 32.32775605382025,34.88797967260098,0 32.32775732260747,34.88797607302374,0 32.32775866672105,34.88797249279292,0 32.32776008725483,34.88796893191454,0 32.32776044194961,34.88796809555256,0 32.32776158310026,34.88796539218539,0 32.32776195197928,34.88796456040892,0 32.32776315097554,34.88796187358724,0 32.32776479632823,34.88795837885449,0 32.32776651477533,34.88795490886437,0 32.32776830631681,34.88795146361687,0 32.3277701698514,34.88794804400726,0 32.327772106451,34.88794465274582,0 32.32777411393509,34.88794128891899,0 32.32777619228165,34.88793795523095,0 32.32777834149064,34.88793465168167,0 32.32778056046085,34.88793137916652,0 32.32778284808364,34.88792813948221,0 32.32778520435897,34.88792493262868,0 32.32778762707704,34.88792176129802,0 32.32779011733906,34.88791862459489,0 32.32779267403645,34.88791552431601,0 32.32779529498132,34.88791246044927,0 32.3277979812456,34.88790943570483,0 32.32780073173537,34.88790645007669,0 32.32780354426276,34.8879035035527,0 32.32780641880576,34.887900598837,0 32.32780935427778,34.88789773502224,0 32.3278123495629,34.88789491480642,0 32.32781540576234,34.88789213729424,0 32.32781851847841,34.88788940516564,0 32.32782168990631,34.88788671753134,0 32.3278249167569,34.88788407527453,0 32.32782820010212,34.8878814811055,0 32.32783153776143,34.88787893411063,0 32.32783492753969,34.88787643517934,0 32.32783837161737,34.88787398522501,0 32.32784186561146,34.88787158512486,0 32.32784541060121,34.88786923668768,0 32.32784900441344,34.88786693809863,0 32.32785264701882,34.88786469296318,0 32.32785633624416,34.88786249946656,0 32.32786007098088,34.88786035940538,0 32.3278638512143,34.88785827458248,0 32.32786767477127,34.88785624318295,0 32.3278715405432,34.88785426700351,0 32.32787544742146,34.88785234784089,0 32.32787939432688,34.88785048388625,0 32.32788338123735,34.88784867784375,0 32.32788740487856,34.88784692879386,0 32.32789146523575,34.88784523853933,0 32.32789556012114,34.88784360706804,0 32.32789968954205,34.88784203347867,0 32.32790385128864,34.88784052046321,0 32.32790804536825,34.88783906712028,0 32.32791516291441,34.88783676096831,0 32.32796543512631,34.88780358167798,0 32.32796550929817,34.8878029366691,0 32.32797314214997,34.8877369379047,0 32.3279734150715,34.88773687360958,0 32.32799986867357,34.88773064858911,0 32.32799909986713,34.8877300800483,0 32.32787854154387,34.88764098393602,0 32.32786703700211,34.88761241732819,0 32.32787336881567,34.88757830282359,0 32.32787362819824,34.88757802030943,0 32.32795437594456,34.88749029403427,0 32.32799172100529,34.88742145237318,0 32.32810767237782,34.88730037503167,0 32.3281771904928,34.88726515032322,0 32.32823391102124,34.88730954336967,0 32.3282269103447,34.88739978401763,0 32.32818496399488,34.88752309315633,0 32.3281864259642,34.88752411533687,0 32.32818661085142,34.88752424886783,0 32.32818786588648,34.88752515812827,0 32.32818928376906,34.88752622062917,0 32.32819067850337,34.88752730463629,0 32.32819205010408,34.88752840834685,0 32.32819339857848,34.88752953085949,0 32.32819472173147,34.88753067306347,0 32.32819602175819,34.88753183406951,0 32.32819729647078,34.88753301386554,0 32.32819854697054,34.88753421155622,0 32.32819977106961,34.88753542712946,0 32.32820096877533,34.88753665968386,0 32.32820214117428,34.88753791012684,0 32.32820328609331,34.88753917664356,0 32.3282044046263,34.88754045924008,0 32.32820549567937,34.88754175791036,0 32.32820655815861,34.88754307264833,0 32.32820759317258,34.88754440165729,0 32.32820860071395,34.8875457458386,0 32.32820957860223,34.8875471042788,0 32.32821052793867,34.88754847608257,0 32.32821144871592,34.88754986215126,0 32.32821233876084,34.88755126067004,0 32.32821320026125,34.88755267165098,0 32.3282140310293,34.88755409508204,0 32.32821483107238,34.88755553006177,0 32.32821560148433,34.88755697659626,0 32.32821634117864,34.88755843377808,0 32.32821704906136,34.88755990160118,0 32.3282177262337,34.88756137917019,0 32.32821837160181,34.88756286647912,0 32.32821898626693,34.8875643626326,0 32.32821956913509,34.88756586762457,0 32.32822011911977,34.88756738054764,0 32.32822063732216,34.88756890050649,0 32.328221123735,34.88757042840244,0 32.32822157727166,34.88757196332811,0 32.32822199793947,34.88757350438208,0 32.32822238574577,34.88757505066302,0 32.32822274177714,34.88757660307832,0 32.32822306386043,34.8875781598131,0 32.32822335308222,34.88757972177488,0 32.32822360946448,34.88758128625939,0 32.3282238329926,34.88758285506949,0 32.32822402257992,34.88758442729772,0 32.32822417933509,34.88758600114736,0 32.32822430215682,34.88758757751373,0 32.32822439214637,34.88758915550152,0 32.32822444931109,34.88759073420938,0 32.32822447146313,34.88759231362512,0 32.32822446079766,34.88759389285953,0 32.32822441731467,34.88759547191258,0 32.32822433992762,34.88759704987687,0 32.32822422863644,34.88759862675234,0 32.32822408454243,34.88760020164373,0 32.32822390764557,34.88760177455097,0 32.32822369685927,34.88760334456668,0 32.32822345219088,34.88760491078942,0 32.32822317473432,34.88760647322533,0 32.32822286448959,34.88760803187431,0 32.32822252146399,34.88760958583504,0 32.32822214565756,34.88761113510752,0 32.32822173599104,34.88761267788289,0 32.32822129464489,34.88761421507468,0 32.32822082053259,34.88761574577541,0 32.32822031475535,34.88761726908977,0 32.32821977621926,34.88761878501172,0 32.32821920602556,34.88762029264591,0 32.3282186041743,34.88762179199237,0 32.32821832645528,34.88762244579226,0 32.32821796848493,34.88762328213756,0 32.3282176754804,34.88762393224729,0 32.32821730332579,34.8876247640071,0 32.32821660653105,34.88762623488475,0 32.32821587917997,34.88762769657927,0 32.32821512020063,34.88762914638051,0 32.32821433067226,34.88763058609727,0 32.3282135117035,34.88763201393282,0 32.32821266110645,34.88763342987511,0 32.32821178217024,34.88763483304084,0 32.328210872707,34.88763622341794,0 32.3282099338107,34.88763760101246,0 32.32820896658986,34.88763896402767,0 32.32820796994329,34.88764031335891,0 32.3282069449722,34.88764164811084,0 32.32820589167661,34.88764296828346,0 32.32820481115775,34.88764427298145,0 32.32820370342298,34.88764556130337,0 32.32820256846495,34.88764683415067,0 32.32820080065324,34.88764871105979,0 32.32820023565917,34.88764931098952,0 32.32829661638609,34.88776154883921,0 32.32841896620305,34.8877658034773,0 32.32852127971945,34.88771213634916,0 32.32852130474851,34.88771148025135,0 32.32852271303446,34.88767472709292,0 32.32849440151754,34.88764846278707,0 32.32847614393536,34.88760682525488,0 32.32848636396078,34.88757762331756,0 32.32848642611604,34.88757764799932,0 32.32850699424457,34.88758592670639,0 32.32858325098905,34.88764756265547,0 32.32860906883865,34.88763475810854,0 32.32860912140554,34.8876340787258,0 32.32861140299757,34.88760467788908,0 32.32853327959556,34.88753407781041,0 32.32848983564411,34.88745237261827,0 32.32849055077285,34.88731001480396,0 32.32851010085325,34.88724346795782,0 32.32851041361783,34.88724280894224,0 32.32857591948733,34.88710489784832,0 32.32869023067069,34.88703831182973,0 32.32878803002419,34.88703179011395,0 32.32878801034543,34.88703098142864,0 32.3287873644563,34.88700493934999,0 32.32872662781762,34.88696620785607,0 32.32859567840593,34.8869382914533,0 32.32858900151987,34.88691871352297,0 32.32858961393836,34.88691860332607,0 32.32862362448638,34.88691248841278,0 32.32872593148657,34.88694179707453,0 32.32879584407144,34.88695619843791,0 32.32883944615693,34.88694191183643,0 32.32883918543845,34.8869412830064,0 32.32882793256798,34.8869141592502,0 32.32868903915259,34.88689024557713,0 32.32868933061668,34.88686584205285,0 32.32868968617326,34.88686583950921,0 32.32888972924472,34.88686422714297,0 32.32894446955019,34.88682643968879,0 32.32894424548382,34.88682601207869,0 32.32893288995737,34.88680438103853,0 32.32886701326465,34.88678269149263,0 32.32878129082779,34.88676978757979,0 32.32878264592615,34.88673888525693,0 32.3287829765496,34.88673885463125,0 32.32890320562084,34.88672766920415,0 32.32892528973021,34.88669693629841,0 32.32892517068314,34.88669677789215,0 32.32891168513648,34.88667892828069,0 32.32881685615122,34.88668466062644,0 32.32879963477851,34.88663896343851,0 32.32879280806599,34.88654942252231,0 32.32869862921129,34.88650065650903,0 32.32869912010005,34.88649988579856,0 32.32873987480244,34.88643591327774,0 32.32883565581207,34.8863504652659,0 32.32899147753581,34.88627933778893,0 32.32907546309245,34.88618972570292,0 32.32907554287221,34.88618919700771,0 32.32908939250815,34.88609791418075,0 32.32908973949681,34.88609721568974,0 32.32912883684852,34.88601851273854,0 32.32912888654041,34.88601832100958,0 32.3291598946379,34.8858975553543,0 32.32916013360036,34.885897226752,0 32.32921810090985,34.88581749480802,0 32.32921807263216,34.88581720529508,0 32.3292128305313,34.88576294673391,0 32.32918187821134,34.88570981640841,0 32.32918633934148,34.88566673675723,0 32.32918663938771,34.88566656443817,0 32.32925193972117,34.88562903792355,0 32.32925224815403,34.88562823735843,0 32.32927536729154,34.88556821743369,0 32.32927543554489,34.88556816462627,0 32.32937798853829,34.88548851993525,0 32.32942051977513,34.8853985680278,0 32.3296011497299,34.88531625290479,0 32.32980745690022,34.88531549745084,0 32.32993115891909,34.88528884908879,0 32.33008985798386,34.88530722846777,0 32.33017905413599,34.88527704451613,0 32.33033119723113,34.88518310703232,0 32.33053466174167,34.8850895881048,0 32.33071800846415,34.88502763049958,0 32.33082682086882,34.88492520399381,0 32.33095194536287,34.88486195740164,0 32.3309975006381,34.88484931324022,0 32.33110589146825,34.88479074022615,0 32.33118560816739,34.88471906131386,0 32.33128707397962,34.88457908031523,0 32.33154824827542,34.88447622284923,0 32.3315495233525,34.8844757367815,0 32.33154993478971,34.88447558670318,0 32.33155080702727,34.88447526969094,0 32.33155163855783,34.88447498130039,0 32.33155210149481,34.88447482068817,0 32.33155340456738,34.88447438976117,0 32.33155384215543,34.88447425244656,0 32.33155471623035,34.88447397871273,0 32.33155603759221,34.88447358574607,0 32.33155736645793,34.88447321175057,0 32.33155870282019,34.88447285762758,0 32.33156004668627,34.88447252247574,0 32.33156139696234,34.88447220628906,0 32.33156275473495,34.88447190997486,0 32.33156411781635,34.88447163352119,0 32.33156548621385,34.88447137602661,0 32.33156686101401,34.88447113839858,0 32.33156824002909,34.884470920625,0 32.3315696232591,34.88447072270592,0 32.33157101069672,34.88447054554269,0 32.33157240126269,34.88447038732659,0 32.33157379603631,34.88447024986632,0 32.33157519284435,34.8844701313471,0 32.33157659167231,34.88447003357176,0 32.33157799252012,34.88446995654026,0 32.33157939430124,34.88446989934517,0 32.33158079810954,34.88446986199256,0 32.33158220175725,34.88446984447035,0 32.33158360633097,34.88446984768596,0 32.33158500964294,34.88446987162737,0 32.33158641280165,34.88446991449783,0 32.33158781469859,34.8844699780941,0 32.33158921533379,34.88447006241613,0 32.33159061362068,34.8844701665566,0 32.33159200955925,34.88447029051543,0 32.33159340314948,34.88447043429267,0 32.33159479219637,34.88447059877765,0 32.33159617890221,34.88447078217964,0 32.33159756106469,34.88447098628939,0 32.3315989386911,34.88447121020552,0 32.33160031068758,34.884471453922,0 32.33160167814799,34.88447171744483,0 32.33160303998573,34.88447199986666,0 32.33160439509239,34.8844723029842,0 32.33160574348251,34.88447262499469,0 32.33160708515612,34.88447296589813,0 32.33160841901203,34.88447332658992,0 32.33160974505753,34.88447370616866,0 32.33161106329267,34.88447410463429,0 32.33161237262354,34.88447452198091,0 32.33161367305014,34.88447495820842,0 32.33161496457247,34.88447541331688,0 32.33161624610394,34.88447588639888,0 32.33161751654342,34.88447637834977,0 32.33161877699206,34.88447688827421,0 32.33162002635597,34.88447741616613,0 32.33162126354127,34.88447796201959,0 32.33162248964188,34.88447852584057,0 32.33162370465777,34.88447910762906,0 32.3316249053219,34.88447970556427,0 32.33162609490134,34.884480321467,0 32.33162727012171,34.88448095441782,0 32.33162843208423,34.88448160352139,0 32.33162957968768,34.88448226967301,0 32.33163071293939,34.88448295197137,0 32.33163183292595,34.88448365132385,0 32.3316329363803,34.88448436590961,0 32.33163402548288,34.88448509664211,0 32.3316350980533,34.88448584260791,0 32.33163615518538,34.88448660381304,0 32.33163719687914,34.88448738025746,0 32.33163822095413,34.8844881710278,0 32.3316392284969,34.88448897703142,0 32.3316402184209,34.884489797361,0 32.33164119072614,34.88449063201645,0 32.33164214541987,34.88449148009643,0 32.33164308249484,34.88449234250233,0 32.33164400087176,34.88449321742535,0 32.33164490054331,34.88449410576688,0 32.33164578042292,34.88449500661953,0 32.33164664269837,34.88449591999533,0 32.33164748408797,34.88449684587621,0 32.33164830678685,34.88449778337286,0 32.3316491085999,34.88449873337461,0 32.3316498906356,34.88449969408469,0 32.3316506518001,34.88450066549711,0 32.33165139317995,34.88450164851929,0 32.3316521125947,34.88450264223778,0 32.33165281114555,34.88450364575724,0 32.33165348883244,34.88450465907762,0 32.33165414456886,34.88450568129158,0 32.33165477834017,34.88450671420186,0 32.33165539126215,34.88450775511032,0 32.33165598113976,34.88450880490633,0 32.33165654798029,34.88450986268852,0 32.33165709287029,34.88451092936424,0 32.33165761582442,34.88451200313077,0 32.33165811574874,34.88451308398206,0 32.33165859154941,34.88451417191213,0 32.33165904541416,34.88451526693297,0 32.33165947625642,34.88451636813725,0 32.33165988298231,34.88451747551889,0 32.33166026559913,34.8845185881765,0 32.33166062519344,34.88451970701752,0 32.33166096177988,34.8845208302392,0 32.33166124982056,34.88452186936154,0 32.33166127426453,34.88452195783547,0 32.33166156154623,34.88452309070173,0 32.33166162386639,34.88452336507716,0 32.33166196395094,34.88452486691607,0 32.33169074109008,34.88466534886115,0 32.33173692429349,34.88468280911773,0 32.33182433991976,34.8846363380523,0 32.33186553278682,34.8845756615568,0 32.33186579524698,34.88457499594566,0 32.33192660217652,34.88442078010522,0 32.33192666484113,34.88442074168834,0 32.33205984297068,34.88433888954224,0 32.33242452721243,34.88430037189092,0 32.33259437174254,34.88429443379435,0 32.33283707744673,34.88430373187708,0 32.33307290885131,34.88426863719832,0 32.33317068601979,34.88426373888054,0 32.33317105593584,34.88426290528962,0 32.33319401616497,34.88421105151807,0 32.33316948533387,34.88411567160643,0 32.3330914575799,34.88403694048854,0 32.33308502928467,34.88403347260127,0 32.33308416571196,34.88403298920768,0 32.33308055680524,34.88403096644544,0 32.33307867611599,34.88402991318056,0 32.33307239806661,34.88402626312779,0 32.33306619950474,34.88402252336837,0 32.33306008043038,34.88401869390232,0 32.33305404409602,34.88401477835319,0 32.33304809050894,34.88401077581958,0 32.3330422240228,34.8840066890297,0 32.33303644354373,34.88400251797752,0 32.33303075343266,34.88399826448988,0 32.333025153675,34.88399393036953,0 32.3330196464585,34.88398951562846,0 32.33301423394906,34.88398502298286,0 32.33300891724057,34.88398045243876,0 32.33300369849886,34.88397580671233,0 32.33299857881058,34.88397108671094,0 32.33299355926227,34.88396629334198,0 32.33298864312098,34.88396142842629,0 32.33298383037215,34.8839564937666,0 32.33297912209505,34.8839514911717,0 32.33297452156404,34.88394642156099,0 32.33297002877178,34.88394128583591,0 32.33296564479032,34.88393608670656,0 32.33296137180006,34.88393082508637,0 32.33295721196691,34.88392550369154,0 32.33295316419699,34.88392012251602,0 32.33294923175002,34.883914684282,0 32.33294541461872,34.88390918989089,0 32.33294171496895,34.88390364205885,0 32.33293813389456,34.88389804079189,0 32.33293467027254,34.88389238968958,0 32.33293132847104,34.88388668967726,0 32.33292810738165,34.88388094255176,0 32.33292500808361,34.88387515012182,0 32.33292477447992,34.8838746828038,0 32.33291978587921,34.88386470731508,0 32.33287397849466,34.88373254697107,0 32.3328022414124,34.88362295387878,0 32.33270648774223,34.88354082331164,0 32.33246022486258,34.88341597894562,0 32.33231668128765,34.88336844011044,0 32.3322310593204,34.88334740564391,0 32.33220783797152,34.8833081680057,0 32.33220827061487,34.88330742400312,0 32.33224411312153,34.88324582375811,0 32.33235102469118,34.88313687170226,0 32.33246616978178,34.88299951401162,0 32.33255619618001,34.88289937422008,0 32.33265991259096,34.88280992017184,0 32.33272686046749,34.88274131698568,0 32.33278001177489,34.88267097581609,0 32.33278033290956,34.88267022218512,0 32.3328317964151,34.88254937124182,0 32.33285079210543,34.88244621193719,0 32.33283151832102,34.88240700689225,0 32.33275535951462,34.88233723874981,0 32.33253186562943,34.88228986258805,0 32.33240519852724,34.88223432623384,0 32.33232278082846,34.88219297961061,0 32.33225864893598,34.88219082993922,0 32.33225710977248,34.88219218894575,0 32.33225703817668,34.88219224984936,0 32.33225554235118,34.88219352526146,0 32.3322553969865,34.88219364525387,0 32.33225394775866,34.88219483979373,0 32.33225372536539,34.88219501615277,0 32.33225232382909,34.8821961298264,0 32.33225202332797,34.88219636074328,0 32.33225067382943,34.88219739718023,0 32.33225029195351,34.88219768083417,0 32.33224899667312,34.88219864094782,0 32.33224853126386,34.88219897372129,0 32.33224729456244,34.88219985933849,0 32.33224674234557,34.88220024031205,0 32.33224556529511,34.88220105414291,0 32.33224495379179,34.88220146183356,0 32.33224492629253,34.88220148061242,0 32.33224381216726,34.8822022235764,0 32.33224311391469,34.88220267225606,0 32.33224308312659,34.88220269191827,0 32.33224203409234,34.8822033667315,0 32.33224124801121,34.88220385459141,0 32.33224121283314,34.88220387603236,0 32.33224023214961,34.88220448541706,0 32.33223935498025,34.882205009735,0 32.3322393176072,34.88220503206531,0 32.33223840636092,34.88220557692886,0 32.33223743921908,34.88220613500673,0 32.33223739745605,34.8822061591158,0 32.33223655889941,34.88220664308172,0 32.33223549852541,34.88220723219732,0 32.33223545127857,34.88220725807911,0 32.33223468759196,34.88220768206085,0 32.33223353181268,34.88220830039938,0 32.33223348127701,34.88220832716453,0 32.33223279572012,34.88220869388427,0 32.33223154347088,34.88220933783419,0 32.33223148854523,34.88220936637807,0 32.33223088219734,34.88220967764456,0 32.3322295334927,34.88221034540312,0 32.33222947418437,34.88221037482435,0 32.33222894810284,34.88221063515055,0 32.33222749858931,34.88221132398956,0 32.33222743599944,34.88221135339276,0 32.33222699455241,34.88221156370406,0 32.33222544534568,34.88221227092534,0 32.33222537837315,34.88221230120592,0 32.33222502153872,34.8822124642065,0 32.33222337157413,34.8822131861985,0 32.33222329911776,34.88221321825178,0 32.33222302906177,34.88221333665783,0 32.33222127616619,34.88221407160579,0 32.33222119933444,34.88221410363502,0 32.33222101932385,34.8822141792673,0 32.33221916132417,34.88221492535642,0 32.33221908010974,34.88221495826301,0 32.33221899121651,34.8822149938317,0 32.33221702924304,34.88221574656109,0 32.33221694584821,34.88221577855425,0 32.33221488539935,34.88221653434838,0 32.33221478886377,34.88221656807222,0 32.33221280878335,34.88221726030662,0 32.33221271335621,34.88221729223373,0 32.33221261574136,34.88221732414881,0 32.33221071710138,34.88221795553369,0 32.33221052737009,34.88221801578835,0 32.33221042756755,34.88221804769141,0 32.33220861033885,34.88221862183229,0 32.33220832852756,34.88221870591963,0 32.33220822325579,34.88221873779263,0 32.3322064907053,34.88221925651034,0 32.33220611353979,34.88221936351089,0 32.33220600389992,34.88221939445849,0 32.33220435709235,34.88221986136452,0 32.33220388569561,34.8822199876788,0 32.33220377058651,34.88222001859635,0 32.33220221170225,34.88222043460415,0 32.33220164390845,34.88222057751597,0 32.33220152442397,34.88222060840948,0 32.33220005452044,34.88222097803199,0 32.3321993892576,34.88222113483115,0 32.33219926431119,34.88222116479325,0 32.33219788556148,34.88222148984522,0 32.33219712284422,34.882221658729,0 32.33219699353699,34.88222168686427,0 32.33219570701308,34.88222197005589,0 32.33219484468283,34.88222214740673,0 32.33219470990637,34.88222217551196,0 32.33219351777411,34.88222241955938,0 32.33219132004683,34.88222283656494,0 32.33219025745512,34.88222302363278,0 32.33219011394974,34.88222304898577,0 32.33218911272282,34.8822232228693,0 32.33218689909821,34.88222357668777,0 32.33218563634711,34.88222376085321,0 32.332185483019,34.88222378344797,0 32.33218467697802,34.88222389890969,0 32.33218331583176,34.88222407622461,0 32.33218315594785,34.88222409788195,0 32.33218244855723,34.88222418864564,0 32.3321809868354,34.88222435819668,0 32.33218082259797,34.88222437712582,0 32.33218021492241,34.88222444680312,0 32.33217865156031,34.88222460497868,0 32.33217848295478,34.8822246229824,0 32.33217797607354,34.88222467338201,0 32.33217631219421,34.88222481658261,0 32.33217613923517,34.88222483185817,0 32.33217573202522,34.88222486657963,0 32.33217396873708,34.88222499300851,0 32.33217379141725,34.88222500645725,0 32.33217348495058,34.88222502821075,0 32.33217162008781,34.88222513515169,0 32.33217143841446,34.88222514587221,0 32.33217123485689,34.88222515737395,0 32.33216926953522,34.88222524212885,0 32.33216908350836,34.88222525012119,0 32.33216898174415,34.88222525406927,0 32.33216691818043,34.88222531304459,0 32.33216672780007,34.88222531830873,0 32.3321644719308,34.88222535008627,0 32.33216221632404,34.88222534941395,0 32.33215996097979,34.88222531629176,0 32.33215985708622,34.88222531301675,0 32.3321577069919,34.8822252507257,0 32.33215758561138,34.88222524555179,0 32.33215750578243,34.88222524240899,0 32.33215545435308,34.88222515361718,0 32.33215521162118,34.88222513966382,0 32.33215515476302,34.88222513664718,0 32.33215320417177,34.8822250231694,0 32.3321528401104,34.88222499773242,0 32.33215280731687,34.88222499484799,0 32.33215095644066,34.88222486028378,0 32.33214871334017,34.8822246658737,0 32.33214810999618,34.88222460576954,0 32.33214647488489,34.88222443813641,0 32.33214578855441,34.88222435954787,0 32.33214575249393,34.88222435484264,0 32.33214424106023,34.88222417887469,0 32.33214345974739,34.88222407722873,0 32.33214339964416,34.88222406968716,0 32.33214201296006,34.88222388809452,0 32.33214113778056,34.88222376069301,0 32.33214105364917,34.88222374851231,0 32.3321397916855,34.88222356490053,0 32.33213882266126,34.88222340903932,0 32.33213871777593,34.88222339313891,0 32.33213757723654,34.88222320929273,0 32.33213651656983,34.88222302318104,0 32.33213638767093,34.88222300083874,0 32.33213537069975,34.88222282217849,0 32.33213421841245,34.88222260311223,0 32.33213406878153,34.88222257434605,0 32.33213317316898,34.88222240356385,0 32.33213193256451,34.88222214885684,0 32.33213175783347,34.88222211274137,0 32.33213098464427,34.88222195344883,0 32.33212965465795,34.88222165948951,0 32.33212945810828,34.88222161604278,0 32.33212880512556,34.88222147183336,0 32.33212738686584,34.88222113682498,0 32.33212716959872,34.88222108515163,0 32.33212663789443,34.88222095873552,0 32.3321251324843,34.88222057907854,0 32.33212489449973,34.88222051917859,0 32.33212448075589,34.88222041504468,0 32.33212289040492,34.88221998804697,0 32.33212263171021,34.88221991901897,0 32.33212233481105,34.88221983986544,0 32.33212066171429,34.88221936463763,0 32.33212038123013,34.88221928467284,0 32.33212020224038,34.8822192341112,0 32.33211844642695,34.8822187070478,0 32.33211814633378,34.88221861705959,0 32.3321180830438,34.88221859778198,0 32.33211624781715,34.8822180161968,0 32.33211597722138,34.88221793087779,0 32.3321159270357,34.88221791437644,0 32.33211406150225,34.8822172929621,0 32.33211388585965,34.88221723430602,0 32.33211372442248,34.8822171775308,0 32.33211189295143,34.88221653737364,0 32.33211181005246,34.88221650807262,0 32.33211153847954,34.88221640832543,0 32.3321097498071,34.88221575127631,0 32.33210936922143,34.88221560495755,0 32.33210770511629,34.8822149648184,0 32.33210761134446,34.88221492734484,0 32.33210721882129,34.88221476924202,0 32.33210567816041,34.8822141496123,0 32.33210549828102,34.88221407380587,0 32.3321050861853,34.88221390117272,0 32.33210366893948,34.88221330565803,0 32.33210340297437,34.88221318881456,0 32.33210297568149,34.88221300167515,0 32.33210167746079,34.88221243205422,0 32.33210132761226,34.88221227238298,0 32.33210088294911,34.88221206892245,0 32.33209970480362,34.88221153060961,0 32.33209927437507,34.88221132542446,0 32.33209881452206,34.88221110655628,0 32.33209775097523,34.88221060042285,0 32.33209724106783,34.88221034882839,0 32.33209676494568,34.88221011274378,0 32.33209581814875,34.88220964330873,0 32.33209522880625,34.88220933989666,0 32.33209473859539,34.882209087509,0 32.33209390524493,34.88220865745843,0 32.33209324085,34.88220830135143,0 32.33209273765154,34.88220803176534,0 32.33209201443685,34.88220764468677,0 32.33209127609794,34.88220723408806,0 32.33209075773151,34.88220694639017,0 32.33209014463068,34.88220660498774,0 32.33208933455737,34.88220613720522,0 32.33208880212408,34.88220583050012,0 32.33208829692029,34.88220553836739,0 32.33208741731485,34.88220501161024,0 32.3320868730024,34.88220468590994,0 32.33208647239218,34.88220444573302,0 32.33208552546419,34.88220385730916,0 32.33208496927991,34.88220351171231,0 32.33208467105372,34.88220332618332,0 32.33208366009928,34.882202674308,0 32.33208309204316,34.88220230881459,0 32.33208289398409,34.88220218152706,0 32.33208182010437,34.88220146530489,0 32.33208124127754,34.88220107901952,0 32.33208114118334,34.88220101176424,0 32.33208000769636,34.88220022670632,0 32.3320794137526,34.88219981599944,0 32.33207822284605,34.88219896211783,0 32.33207771167727,34.88219859603549,0 32.33207762686775,34.88219853246985,0 32.3320764666473,34.88219767154541,0 32.33207603605122,34.88219735187839,0 32.33207586430283,34.88219721752399,0 32.33207445006957,34.88219611452371,0 32.33207303692289,34.88219501243081,0 32.33190279195405,34.88206915941048,0 32.33190056265825,34.88206793564528,0 32.33190032306287,34.8820678045235,0 32.3318978839828,34.88206641554621,0 32.33189547472108,34.88206499157718,0 32.33189309527777,34.88206353261642,0 32.33189074782592,34.88206204047874,0 32.33188843237285,34.88206051426274,0 32.33188614891127,34.88205895486983,0 32.33188389962157,34.88205736321338,0 32.3318816834099,34.88205573928744,0 32.33187950246398,34.88205408310396,0 32.33187735676919,34.88205239646576,0 32.33187524741937,34.88205067937883,0 32.33187317550107,34.88204893275061,0 32.33187113992778,34.88204715567365,0 32.3318691417787,34.88204534995676,0 32.33186718324156,34.88204351561196,0 32.3318652632152,34.88204165353465,0 32.33186338388731,34.88203976373679,0 32.33186154415675,34.88203784711383,0 32.33185974511005,34.88203590457312,0 32.33185798783381,34.88203393702205,0 32.33185627233527,34.88203194355926,0 32.33185459859255,34.88202992688894,0 32.33185296880798,34.88202788522029,0 32.33185138186575,34.88202582125147,0 32.3318498399609,34.8820237340931,0 32.33184834089111,34.88202162553598,0 32.33184688793065,34.88201949649947,0 32.33184547999296,34.88201734607622,0 32.33184411816455,34.88201517517362,0 32.33184280243088,34.88201298559441,0 32.33184153279191,34.88201077733863,0 32.33184031033419,34.88200855131367,0 32.33183913505044,34.88200630842087,0 32.33183800803448,34.8820040486663,0 32.33183692818519,34.88200177294532,0 32.33183589768294,34.88199948217135,0 32.33183491434003,34.88199717633229,0 32.33183398142343,34.88199485724903,0 32.33183309783927,34.88199252491553,0 32.33183226248642,34.88199018022718,0 32.33183147754525,34.88198782409736,0 32.33183074300845,34.88198545742749,0 32.33183005888337,34.88198307931616,0 32.33182942514805,34.88198069246753,0 32.33182884180253,34.8819782968816,0 32.33182830883949,34.88197589345975,0 32.33182782734549,34.88197348310939,0 32.33182739623395,34.88197106492311,0 32.33182701767068,34.88196864161708,0 32.33182668946801,34.88196621317933,0 32.33182641380631,34.88196378052317,0 32.33182618849059,34.88196134453807,0 32.33182601570854,34.88195890523596,0 32.3318258943517,34.88195646441365,0 32.33182582442739,34.88195402116978,0 32.33182580700753,34.88195157821446,0 32.33182584100561,34.88194913464029,0 32.33182592640699,34.88194669225009,0 32.33182606320439,34.88194425194519,0 32.33182616397362,34.88194301935074,0 32.33182620290885,34.88194253369706,0 32.33182634479368,34.88194081636237,0 32.33182670240198,34.88194028738895,0 32.33186352073994,34.88188580033384,0 32.3320987241403,34.88161275418108,0 32.33213371282007,34.88157561841902,0 32.33219131264513,34.8815459877153,0 32.33236749960248,34.88150430720881,0 32.33248632882657,34.88147192251459,0 32.3326362929801,34.88139423356505,0 32.33275627392889,34.88134802797902,0 32.33282711880646,34.88128352414603,0 32.33292271656949,34.88121271451418,0 32.33304790147847,34.88106079560117,0 32.33309206132924,34.88099932814097,0 32.33309221865236,34.88099881068496,0 32.33310541496751,34.8809555074323,0 32.33308583108052,34.88077637801062,0 32.33309213995517,34.88057793427503,0 32.33309252257465,34.88057728644687,0 32.33313948263685,34.88049778329814,0 32.33320236465133,34.88043891002067,0 32.33334334938349,34.88036928284069,0 32.33354118608197,34.88033265732528,0 32.33354704166299,34.88033156174262,0 32.33355072868963,34.88033079951774,0 32.33355439864435,34.88032998401511,0 32.33355805151987,34.8803291161361,0 32.33356168512854,34.88032819586875,0 32.33356529836922,34.88032722410845,0 32.33356889015543,34.8803261999478,0 32.33357246047981,34.88032512428819,0 32.33357600715476,34.88032399711766,0 32.33357953017298,34.88032281933754,0 32.33358302734685,34.88032159093594,0 32.33358649757523,34.88032031280813,0 32.33358993976431,34.88031898494818,0 32.33359335391407,34.88031760735609,0 32.33359673891615,34.88031618182865,0 32.33360009259744,34.88031470655105,0 32.3336034138423,34.88031318422151,0 32.33360670375181,34.88031161394461,0 32.33360995903724,34.88030999660377,0 32.3336131796913,34.88030833310035,0 32.33361636462016,34.88030662342838,0 32.33361951273002,34.88030486758183,0 32.33362262291249,34.88030306735754,0 32.33362569516756,34.88030122275545,0 32.33362872840139,34.88029933376961,0 32.33363172041911,34.88029740128939,0 32.3336346701123,34.88029542711159,0 32.33363757858934,34.88029340943944,0 32.33364044364077,34.8802913509651,0 32.33364326526661,34.88028925168855,0 32.33364604127188,34.88028711249922,0 32.33364877165664,34.88028493339707,0 32.33365145531978,34.88028271527757,0 32.33365409225398,34.88028045904203,0 32.33365668027165,34.88027816467851,0 32.33365922045203,34.88027583399573,0 32.33366170951368,34.88027346697574,0 32.33366414854314,34.88027106452594,0 32.33366653643931,34.88026862754168,0 32.33366887210837,34.88026615601699,0 32.33367115553578,34.88026365175467,0 32.3336733856277,34.88026111474868,0 32.33367556127579,34.88025854679582,0 32.33367768248733,34.8802559469947,0 32.33367974814663,34.88025331804349,0 32.33368175716718,34.88025065903484,0 32.33368371062827,34.88024797177746,0 32.33368560634224,34.88024525625939,0 32.33368744428726,34.88024251518476,0 32.33368922338409,34.88023974674488,0 32.3336909436109,34.88023695364386,0 32.33369260496041,34.88023413678309,0 32.33369420633879,34.88023129615655,0 32.33369574773882,34.88022843266568,0 32.33369722805937,34.88022554720582,0 32.3336986461921,34.88022264157382,0 32.3336990347081,34.88022180447685,0 32.3337000032308,34.8802197157756,0 32.33370129807439,34.8802167707066,0 32.33370253071564,34.88021380726818,0 32.33370370004616,34.8802108272571,0 32.33370480606592,34.88020783067344,0 32.3337058476739,34.8802048184125,0 32.3337068259566,34.88020179138169,0 32.33370774089951,34.88019875138383,0 32.33370859031497,34.88019569840689,0 32.33370937528955,34.88019263335826,0 32.33371009471489,34.88018955803467,0 32.33371074859098,34.8801864724362,0 32.33371133799711,34.88018337837156,0 32.33371186183947,34.8801802758348,0 32.33371231901695,34.88017716572126,0 32.33371271060161,34.88017405074114,0 32.33371303660066,34.88017092999301,0 32.33371329591305,34.88016780437226,0 32.33371348961079,34.88016467658908,0 32.33371361660731,34.88016154573608,0 32.33371367688084,34.8801584145174,0 32.33371367153246,34.88015528203766,0 32.33371359945379,34.88015215009363,0 32.33371346063033,34.88014902048808,0 32.33371325616314,34.88014589232561,0 32.3337129849366,34.88014276830442,0 32.33371264804455,34.88013964843043,0 32.33371224547971,34.8801365336051,0 32.33371177613372,34.88013342562515,0 32.33371124219423,34.88013032450263,0 32.33371064146633,34.88012723112685,0 32.33370997612312,34.88012414731263,0 32.33363083913004,34.88005598323887,0 32.33349927996472,34.87999715354204,0 32.33327311200546,34.87996765467362,0 32.33323119710537,34.87992338390154,0 32.33324815782056,34.87974211028978,0 32.33328005795819,34.87963254760288,0 32.33329726146626,34.87943093826438,0 32.33331963036645,34.87929282565257,0 32.33330176940152,34.87921783824646,0 32.33332642275656,34.87913668836617,0 32.33332661791779,34.87913649653144,0 32.33345624778534,34.87900921129472,0 32.33363158569809,34.8788723419067,0 32.33371179493811,34.87876723999247,0 32.33377641659727,34.87864492643606,0 32.33377649066456,34.87864469427432,0 32.3338876809762,34.87829358468067,0 32.33392954496445,34.8780929900984,0 32.33390960225551,34.87802693349543,0 32.33385243977309,34.87793698351459,0 32.33368684498392,34.87775259825099,0 32.333619978009,34.8776487400721,0 32.33352440355863,34.87746899217306,0 32.33351013236074,34.87742413385191,0 32.33348559448496,34.87728807887016,0 32.33349672960571,34.87714011150567,0 32.33349707907201,34.87713990969939,0 32.33366070577981,34.87704545205193,0 32.33375720676804,34.87698115762559,0 32.33384674149972,34.87692168633764,0 32.33394811816197,34.87686231140642,0 32.33400282105067,34.87682696151314,0 32.3341229476609,34.87676773962137,0 32.33421475714891,34.87676604564029,0 32.33427446196611,34.87680802021784,0 32.33431729576244,34.87685799178307,0 32.33437047079974,34.87686818597459,0 32.3344008324101,34.87688795728979,0 32.33443439640941,34.87688741628784,0 32.33444189541683,34.87692083080115,0 32.33448115802232,34.87693904718689,0 32.33452362189878,34.87693695214342,0 32.33457616785128,34.87691704061174,0 32.33464222076776,34.87692327309178,0 32.33468408384216,34.87688863235586,0 32.33482157925189,34.87686290351981,0 32.33511534857391,34.87689213638512,0 32.33530885421774,34.87688719997674,0 32.33542274065792,34.87685477089661,0 32.33561708755568,34.87686204389242,0 32.33567254485579,34.87684622403872,0 32.33575144719514,34.87685093150504,0 32.33582629520167,34.87686455620582,0 32.33588662090362,34.87685446977245,0 32.33596140128415,34.87687378652096,0 32.33605678063418,34.87690384712425,0 32.33617408276453,34.87691618814804,0 32.33624390970024,34.87693709213004,0 32.33645316054957,34.87701932654998,0 32.33651520853782,34.87703040565482,0 32.33662618578306,34.87707686222187,0 32.33669993089184,34.87710023829663,0 32.33678387324809,34.87709603856558,0 32.33686665675443,34.87710647160155,0 32.33699457389285,34.87713923563297,0 32.3370861036009,34.87716112825834,0 32.33721049865869,34.87715806914975,0 32.33722138119195,34.87716147186141,0 32.33722212095201,34.87716170305329,0 32.33722276371289,34.87716189044799,0 32.33722481204372,34.87716248663917,0 32.33722688437988,34.87716309017259,0 32.33722825066059,34.87716348793779,0 32.33722929938183,34.87716379292789,0 32.33723101618739,34.87716426471789,0 32.33723170377884,34.87716445415974,0 32.33723516248186,34.87716540598929,0 32.33723652130153,34.87716577937522,0 32.33723901332413,34.87716642576039,0 32.33723932441498,34.87716650678165,0 32.33724349307731,34.87716758687779,0 32.33724378342973,34.8771676623774,0 32.33724768405668,34.87716861210846,0 32.33725108578087,34.87716944013168,0 32.3372518806353,34.8771696211439,0 32.33725609291763,34.87717058158781,0 32.33725842288601,34.8771711126082,0 32.33726031416737,34.8771715150377,0 32.33726454662995,34.8771724142944,0 32.33726579583894,34.87717267981294,0 32.33726879256526,34.87717327035602,0 32.33727320027894,34.87717413991924,0 32.33727731034551,34.87717488887175,0 32.33728063401122,34.87717549381661,0 32.33728809594918,34.87717674059765,0 32.33729558281146,34.8771778802445,0 32.33730309242495,34.87717891094244,0 32.33731062368136,34.87717983448827,0 32.33731817221999,34.87718064905538,0 32.3373257380336,34.87718135554514,0 32.33733331675427,34.87718195303237,0 32.33734090729541,34.87718244060963,0 32.33734850746222,34.87718281916644,0 32.33735611397328,34.87718308868486,0 32.33736372464104,34.87718324915303,0 32.33737133837891,34.87718329966359,0 32.33737895080449,34.87718324109404,0 32.33738656192501,34.87718307254306,0 32.33739416845184,34.87718279489409,0 32.33740176711083,34.87718240722788,0 32.33740935679374,34.87718191134126,0 32.3374169353274,34.87718130541951,0 32.33742449941602,34.87718059124752,0 32.33743204687197,34.8771797688134,0 32.3374395755149,34.87717883720384,0 32.33744708424375,34.87717779731425,0 32.33745096116866,34.87717720276817,0 32.33745456976995,34.87717665002813,0 32.33745953808241,34.87717581443875,0 32.33746202881213,34.87717539532763,0 32.33746946137022,34.87717403321276,0 32.33747233615274,34.87717346295202,0 32.33747686306189,34.87717256456106,0 32.33748081856162,34.87717171984597,0 32.33748423278605,34.87717099026793,0 32.33748504699857,34.87717080360261,0 32.33748925613069,34.87716983947834,0 32.33749156836236,34.8771693094201,0 32.33749345893145,34.87716884647387,0 32.33749764885989,34.87716782184916,0 32.337498866495,34.87716752380247,0 32.33750182382244,34.87716675387438,0 32.33750599236682,34.87716566783597,0 32.33750612609015,34.87716563340905,0 32.33751013620979,34.87716452487305,0 32.33751334496025,34.87716363822798,0 32.33751427470667,34.87716336655659,0 32.33751839388422,34.87716216216204,0 32.33752051980942,34.87716154004412,0 32.33752250126872,34.87716092795606,0 32.33752659357159,34.87715966482217,0 32.33752764954389,34.87715933885153,0 32.33753066653342,34.87715835831432,0 32.33753473196159,34.87715703644106,0 32.3376759177449,34.87706950834289,0 32.33781188536129,34.8769225522359,0 32.33786007392249,34.87685379525298,0 32.33786023423585,34.87685330935639,0 32.33790204702043,34.87672641535992,0 32.33789433016961,34.8766279178548,0 32.33786387662567,34.87653249117605,0 32.33787032756589,34.87648780118625,0 32.33787069531692,34.8764872271782,0 32.33795931676798,34.87634900655019,0 32.33798506438471,34.87629999833189,0 32.33798506045768,34.87629994242217,0 32.3379821058944,34.87625807856045,0 32.33798253350459,34.8762575418364,0 32.33804872822603,34.87617442034167,0 32.33804870212931,34.87617412813776,0 32.3380408870817,34.8760864985845,0 32.33803044668102,34.87600953843013,0 32.33803085782729,34.87600873569571,0 32.33805722100529,34.87595728434135,0 32.33805722133768,34.8759572428776,0 32.33805731151282,34.87586617235198,0 32.33803497148873,34.87579399617599,0 32.33805379232057,34.8757465583668,0 32.3380540095594,34.87574620258506,0 32.33810814104473,34.87565751397016,0 32.33810823551449,34.87565719087269,0 32.33814825436225,34.87552035598973,0 32.33821458406461,34.87537812324209,0 32.33821470615504,34.87537790215596,0 32.33825391856713,34.87530685338729,0 32.338253909359,34.87530677401171,0 32.33824138188413,34.8751985563902,0 32.33824180442704,34.875197832141,0 32.33831592912767,34.87507062615308,0 32.33843259382937,34.87496988308142,0 32.33856158698374,34.87491154151935,0 32.33859163500247,34.87487436342485,0 32.33859190943663,34.87487369425708,0 32.3386099282867,34.87482976845045,0 32.33868742934048,34.8746188859172,0 32.33873610552049,34.87450864218086,0 32.33873619161223,34.87450854529512,0 32.33886314787998,34.87436486696891,0 32.33889441276107,34.87430817503622,0 32.3389511436807,34.87426795899601,0 32.33902089643294,34.87421157814114,0 32.33902092910537,34.87421104918183,0 32.33902946776763,34.8740709112684,0 32.33901696198235,34.87387638229436,0 32.33891819682425,34.87354855472558,0 32.33891868077176,34.87354794619013,0 32.33901904653612,34.87342189740449,0 32.33902773867395,34.87341098061426,0 32.33902788267568,34.87341048110571,0 32.3390331764329,34.8733921856979,0 32.33904102751057,34.87331429830419,0 32.33904143378937,34.87331355413212,0 32.33905755626591,34.8732840110035,0 32.33913801769519,34.87323331768422,0 32.33921682242157,34.8732111355228,0 32.33932751615254,34.87322723437472,0 32.3395508305117,34.87329176737868,0 32.3398036393188,34.87335297161029,0 32.33984458366398,34.87335805351381,0 32.33993947255836,34.87339208640246,0 32.33996516150349,34.87341748381479,0 32.33996999162373,34.87342952784633,0 32.34004879763458,34.87362603199249,0 32.34011074687677,34.87364524318798,0 32.34023970854614,34.87358933980308,0 32.34030476513517,34.8735125830226,0 32.3403554681059,34.87348126583836,0 32.34039793008768,34.87347916872031,0 32.34048330506035,34.87352053405417,0 32.34051833238036,34.87356311901353,0 32.340510039456,34.87360104209455,0 32.34050998609971,34.87360128609159,0 32.34047016073638,34.873666162038,0 32.3404697351917,34.87366685472906,0 32.34047383357979,34.87373766233534,0 32.34054729987594,34.87378462578413,0 32.34063719808816,34.87377721684905,0 32.34067151778319,34.87371241375539,0 32.34067151263115,34.87371237406471,0 32.34066165210163,34.87362854296408,0 32.34065857520383,34.87362238937041,0 32.34065562881354,34.87361619231451,0 32.34065281401011,34.87360995360511,0 32.34065013296652,34.87360367505684,0 32.34064758347375,34.873597359362,0 32.34064516879855,34.87359100834117,0 32.3406428900274,34.87358462290169,0 32.34064074495128,34.87357820573587,0 32.34063873793065,34.87357175867018,0 32.34063686675644,34.87356528439695,0 32.34063513251515,34.8735587838235,0 32.34063353737984,34.87355225876451,0 32.34063208023515,34.87354571191814,0 32.34063076215317,34.87353914599454,0 32.34062958313385,34.87353256099369,0 32.34062854314844,34.87352596052116,0 32.34062764327618,34.87351934638566,0 32.3406268845964,34.87351272039587,0 32.34062626600812,34.87350608344726,0 32.34062578747537,34.87349944004678,0 32.34062545009898,34.87349278929898,0 32.34062525384298,34.87348613571078,0 32.34062519760637,34.87347948017761,0 32.34062528356221,34.87347282451416,0 32.34062550950141,34.87346617141272,0 32.34062587650327,34.87345952268194,0 32.34062638455335,34.87345288012464,0 32.34062703363725,34.87344624554358,0 32.34062848452836,34.8734348080059,0 32.3406292900808,34.87341926187438,0 32.34064982375556,34.87335211603074,0 32.34065010241286,34.8733517371401,0 32.34066845439349,34.87332673284664,0 32.34068837204312,34.87331180596905,0 32.34072234775982,34.87330047268068,0 32.3407518884244,34.87330651195671,0 32.34079246301422,34.87333352954183,0 32.34086250935766,34.87325285306537,0 32.34089102314791,34.87322638943008,0 32.34091356769531,34.87322164033398,0 32.34102368394605,34.87319844044944,0 32.34122370755147,34.8731827677708,0 32.34138573718938,34.87319691726669,0 32.34175588350136,34.87328469873783,0 32.3418405776614,34.8732442532147,0 32.34187243297416,34.87318796301932,0 32.34187241819353,34.87318789623378,0 32.34184581751974,34.87306438216353,0 32.34187552281793,34.87292582699318,0 32.34181696019949,34.87286624482611,0 32.34167440263359,34.87278799726128,0 32.34164400217676,34.87272092880495,0 32.34168382032095,34.87251820181535,0 32.34168418905656,34.87251763591329,0 32.3417187643329,34.8724645082577,0 32.34171878688107,34.87246428662895,0 32.34173644874578,34.8722873051793,0 32.34169048485325,34.87221754284094,0 32.34146726139648,34.87210266599356,0 32.3412510951418,34.87191845050335,0 32.34106117949171,34.87188865690323,0 32.34101736548347,34.87190115660107,0 32.34092951570058,34.87186978766196,0 32.34090070222572,34.87185958237463,0 32.34081725024075,34.87180988776108,0 32.34074974190997,34.87172595683136,0 32.34068673272529,34.8716118353531,0 32.34064374606677,34.87150578472023,0 32.34063998498345,34.87145464263629,0 32.3406497937692,34.87134901531157,0 32.34069402769755,34.87122839553827,0 32.34078569074067,34.87097692223642,0 32.34078606607341,34.87097621484877,0 32.34082266010322,34.87090721795055,0 32.34088726767209,34.87083773468918,0 32.34094200231415,34.87081123738351,0 32.34103813757005,34.87076469676094,0 32.34119984499441,34.87071004606752,0 32.3414439266132,34.87064260569585,0 32.34154157903092,34.87056114171065,0 32.34154201225503,34.87056030573009,0 32.34162136563615,34.8704075659436,0 32.34162521159568,34.87034591387012,0 32.34149922249865,34.86992082196534,0 32.34161037892782,34.8694873482264,0 32.34166833494479,34.86933360100181,0 32.34172032558053,34.86889194361373,0 32.34175920258146,34.86876888397139,0 32.34175943842285,34.86876865989141,0 32.34186645005387,34.86866693712586,0 32.34186660009422,34.86866636282766,0 32.34189258191388,34.86856690751153,0 32.34186754120689,34.8683096886561,0 32.34193845502291,34.86811492346166,0 32.34193865123157,34.86811473161818,0 32.34201418069159,34.86804099258755,0 32.34228099305949,34.8678966284992,0 32.3423973826979,34.86781274202313,0 32.34245454818291,34.86772581287227,0 32.34245464374852,34.8677254861711,0 32.34251628370985,34.86751554992346,0 32.3425165921255,34.86751513873755,0 32.3425891630275,34.86741846635997,0 32.34271787524344,34.86734752848066,0 32.34340654672804,34.86713456680248,0 32.34354806680641,34.86703546179184,0 32.34382032569148,34.86695795998828,0 32.34412101489357,34.86684984521537,0 32.344186927803,34.86681438792537,0 32.34443892694132,34.86660307306338,0 32.34443905841803,34.86660249235164,0 32.34446853575886,34.86647222916697,0 32.34447625213956,34.86634635038907,0 32.34445877683075,34.86624083515799,0 32.34407650815489,34.86585996150061,0 32.34392433226237,34.86580477274835,0 32.34338941442884,34.86567455883161,0 32.34308218996159,34.86554359243118,0 32.34298330149077,34.86546569496129,0 32.34290021998599,34.86536993360971,0 32.34285767836887,34.86527451298626,0 32.34286533376587,34.86488904812346,0 32.34295707021954,34.86451452478984,0 32.34295739914214,34.86451414616474,0 32.34317206433771,34.86426694277625,0 32.34322304812839,34.86417482363874,0 32.34322304514856,34.86417478576272,0 32.34321756938913,34.86411052226408,0 32.34315392357924,34.86395322913291,0 32.34315498217489,34.86386328049296,0 32.34315542141914,34.86386291868888,0 32.34333449335922,34.86371564066615,0 32.34361324828169,34.86361506259885,0 32.34370743838247,34.86356184680255,0 32.34377713335034,34.86346987707777,0 32.34377726692571,34.86346944511335,0 32.3438160381842,34.86334424230949,0 32.34381642391168,34.86334359536303,0 32.34388921145282,34.86322146155584,0 32.3444629463897,34.86296645182516,0 32.34487576632543,34.86286951049765,0 32.34518560906874,34.86277688550206,0 32.34527359086917,34.86272103983194,0 32.34527371512112,34.86272040319142,0 32.34530013730134,34.86258503650025,0 32.34521774971748,34.86243016478252,0 32.34501110862816,34.8622331833607,0 32.34499306042043,34.86217649089542,0 32.34507733661901,34.86190472348588,0 32.3450777300563,34.86190406756241,0 32.34512187094934,34.86183054143236,0 32.34512203903788,34.86183016914639,0 32.34534280760079,34.86134140107086,0 32.34531888638595,34.8612538229475,0 32.34528251912862,34.86116357628838,0 32.34512217076293,34.86100808279521,0 32.34514350758286,34.86078465073305,0 32.34520032361834,34.86046125562473,0 32.34518527576775,34.86041486732892,0 32.34505139211652,34.86039581037735,0 32.34501730041935,34.86037754861809,0 32.34501778928926,34.86037671743013,0 32.34510004144548,34.86023684320338,0 32.34524775269944,34.86014035556286,0 32.34535967829422,34.86016952710614,0 32.34542210846969,34.86016488548211,0 32.34550115489947,34.86007298846418,0 32.34571755110003,34.85970459707674,0 32.34583364728815,34.85964384519995,0 32.34620246349435,34.85957481680499,0 32.3465300695977,34.85956200698476,0 32.34698676391416,34.85944483796396,0 32.34731683627167,34.85922135559196,0 32.34739270514339,34.8591345621755,0 32.34739283015775,34.85913410311783,0 32.34743347329258,34.85898457951768,0 32.34745057520314,34.85892166683986,0 32.34743947155008,34.8588457051687,0 32.34741275274252,34.85873663316059,0 32.34735602940642,34.85864222862241,0 32.34724518455467,34.85852584248667,0 32.34711440903911,34.85846473662876,0 32.3468863878619,34.85841251841539,0 32.3468295988269,34.8583785450526,0 32.34682868123148,34.85837800197125,0 32.34682777576469,34.85837744633504,0 32.34682688243367,34.85837687724258,0 32.34682600013775,34.85837629558939,0 32.34682513106403,34.8583757013872,0 32.34682427521248,34.85837509463601,0 32.34682343148246,34.85837447623138,0 32.34682260206814,34.8583738452836,0 32.34682178477534,34.85837320268236,0 32.34682098179825,34.858372547538,0 32.34682019311552,34.85837188255472,0 32.34681941874849,34.85837120502832,0 32.34681865868292,34.85837051676157,0 32.3468179129188,34.85836981775451,0 32.34681718254971,34.85836910801296,0 32.34681646647493,34.85836838843251,0 32.34681576688868,34.85836765812343,0 32.34681508159679,34.85836691797545,0 32.34681441278629,34.85836616800025,0 32.34681376045006,34.85836540909926,0 32.34681312350171,34.85836464036522,0 32.34681250302764,34.85836386270534,0 32.34681190012137,34.85836307612553,0 32.34681131259585,34.85836228061407,0 32.34681074263103,34.85836147708407,0 32.34681018912622,34.85836066643103,0 32.34680965428276,34.85835984686396,0 32.34680913589932,34.85835902017386,0 32.34680863507657,34.85835818546522,0 32.34680815180025,34.85835734454081,0 32.34680768717101,34.85835649650515,0 32.34680724009536,34.85835564135233,0 32.34680681165251,34.85835478089102,0 32.34680640076323,34.85835391331258,0 32.34680600849967,34.85835304132702,0 32.34680563487606,34.85835216313158,0 32.3468052798853,34.85835127962764,0 32.34680494352737,34.85835039081521,0 32.34680462688869,34.85834949760158,0 32.34680432778219,34.85834859997495,0 32.34680404948845,34.85834769795297,0 32.34680378871978,34.85834679241943,0 32.34680354766322,34.85834588338604,0 32.34680332631877,34.85834497085281,0 32.3468031235929,34.85834405481388,0 32.34680294165845,34.85834313708377,0 32.34680277724902,34.85834221584206,0 32.34680263363099,34.85834129290919,0 32.34680250971794,34.85834036737788,0 32.3468024044021,34.858339441045,0 32.34680231987766,34.85833851302095,0 32.34680225395041,34.85833758419538,0 32.34680220881456,34.85833665367861,0 32.34680218226877,34.85833572326169,0 32.34680217650013,34.85833479295638,0 32.34680218932868,34.85833386184953,0 32.34680222292723,34.85833293175567,0 32.34680227620229,34.85833200266892,0 32.3468023480674,34.85833107368203,0 32.34680244070252,34.85833014570814,0 32.34680255191345,34.85832921963687,0 32.34680268388729,34.85832829547999,0 32.34680283443691,34.85832737322572,0 32.3468030046559,34.85832645287996,0 32.3468031945371,34.85832553534413,0 32.34680340407341,34.85832462151957,0 32.34680363218553,34.85832370959764,0 32.34680387995273,34.85832280138699,0 32.34680414736791,34.85832189778902,0 32.34680443335176,34.85832099699508,0 32.34680473898361,34.85832010081379,0 32.34680506316987,34.85831920923935,0 32.34680540590343,34.85831832317307,0 32.34680576719855,34.85831744081219,0 32.34680614812739,34.85831656486679,0 32.34680654651001,34.85831569442371,0 32.34680696343991,34.85831482948882,0 32.34680739891,34.85831397096349,0 32.34680785510734,34.85831311885954,0 32.34680832329079,34.85831227222852,0 32.3468088100144,34.85831143200705,0 32.34680932071024,34.85831060273147,0 32.34680984449284,34.85830977803341,0 32.34681038680135,34.85830896154764,0 32.34681094544872,34.8583081532625,0 32.34681152153561,34.85830735228244,0 32.34681211504777,34.85830656041028,0 32.34681272489167,34.85830577764011,0 32.3468133510744,34.85830500307058,0 32.34681399358888,34.85830423760304,0 32.34681465243508,34.85830348123751,0 32.34681532651235,34.85830273486948,0 32.34681601691425,34.85830199850483,0 32.34681672254718,34.85830127213774,0 32.3468174434112,34.85830055576817,0 32.34681817949916,34.8582998502975,0 32.34681892972467,34.85829915481845,0 32.346819695167,34.8582984711397,0 32.34682047584038,34.8582977974585,0 32.34682126954354,34.85829713556582,0 32.34682207736996,34.85829648546759,0 32.34682289931967,34.85829584716376,0 32.34682373429914,34.8582952206485,0 32.34682458230837,34.85829460592179,0 32.34682619537125,34.85829349501136,0 32.34725946120399,34.8579964848315,0 32.34746490695763,34.85788098488061,0 32.34762398824513,34.85779481083991,0 32.34766860668957,34.85774402751698,0 32.34778473017693,34.85756844807985,0 32.34778497257784,34.85756794097406,0 32.34785858639261,34.85741397869167,0 32.34791014420209,34.85728407712042,0 32.34791042380046,34.85728370632956,0 32.34802397180805,34.85713322033236,0 32.34816031364724,34.85705925249906,0 32.34816147204336,34.85705865835646,0 32.34816160051104,34.85705859233931,0 32.34816291442121,34.85705796928309,0 32.3481642542771,34.85705738422593,0 32.34816561787751,34.85705683895892,0 32.34816700413598,34.85705633257478,0 32.34816841085841,34.8570558659632,0 32.34816983584353,34.85705544091517,0 32.34817127909846,34.85705505652937,0 32.34817273623489,34.85705471458513,0 32.34817420835347,34.85705441418689,0 32.34817569216654,34.85705415621847,0 32.34817718547996,34.85705394156955,0 32.34817868610669,34.85705377022838,0 32.34818019514736,34.85705364129946,0 32.34818170712017,34.85705355655625,0 32.34818322203223,34.85705351509736,0 32.34818473879003,34.85705351691692,0 32.3481862530124,34.85705356289289,0 32.34818776579994,34.85705365212974,0 32.34818927277861,34.85705378460404,0 32.34819077394133,34.85705396121716,0 32.34819226602171,34.85705418014873,0 32.34819374901979,34.85705444139877,0 32.34819521855439,34.8570547458452,0 32.34819667572612,34.85705509259251,0 32.34819811616806,34.85705548071587,0 32.34819953988018,34.85705591021528,0 32.34820094468259,34.85705638017763,0 32.3482023283882,34.85705689059118,0 32.34820368991777,34.8570574396473,0 32.34820502707716,34.85705802823563,0 32.34820633877991,34.85705865544902,0 32.34820762285326,34.85705931947285,0 32.34820887821079,34.85706001939991,0 32.34821010375186,34.85706075612576,0 32.34821129621726,34.8570615269286,0 32.34821245670049,34.85706233181435,0 32.34821358084175,34.85706316895671,0 32.34821466972738,34.85706403926298,0 32.34821572119886,34.85706493911588,0 32.348216733062,34.85706586940509,0 32.34821770643163,34.85706682743224,0 32.3482186369266,34.85706781407534,0 32.34821952676239,34.85706882574054,0 32.34822037155782,34.85706986330576,0 32.3482211724277,34.85707092407267,0 32.34822192828565,34.85707200713411,0 32.34822263804528,34.85707311158275,0 32.34822330062724,34.85707423560996,0 32.34822391495227,34.85707537740712,0 32.34822447992685,34.85707653696836,0 32.34822499666581,34.85707771159539,0 32.34822546188861,34.85707890127059,0 32.34822587781072,34.85708010240014,0 32.34822624223797,34.85708131587371,0 32.34822655410531,34.85708253807987,0 32.34822681559976,34.85708376903034,0 32.3482269085929,34.85708431849892,0 32.34822702345498,34.85708500690475,0 32.34822707696915,34.85708543176457,0 32.34822717987223,34.85708624991209,0 32.34822720374906,34.85708655021586,0 32.34822729331385,34.85708767297484,0 32.34822991181328,34.85714472942809,0 32.34825502152192,34.85722079946672,0 32.34841581689675,34.85732762226559,0 32.34850102185409,34.85739756540308,0 32.34862678373659,34.85742164107073,0 32.34874876082097,34.85742754426727,0 32.34894301013501,34.85741256867228,0 32.34911705935634,34.8574139294209,0 32.34928693784209,34.8573902781917,0 32.34946524685487,34.85732783285582,0 32.34960710453416,34.85723666839858,0 32.34961250548201,34.85723307804628,0 32.34961340802225,34.85723247801432,0 32.34961715325257,34.85722986767443,0 32.34962084313889,34.85722720295269,0 32.34962447656633,34.85722448654745,0 32.34962805134789,34.85722171844701,0 32.34963156748349,34.85721889865139,0 32.34963502277202,34.85721602895166,0 32.34963841611278,34.85721311024337,0 32.34964174859933,34.8572101425324,0 32.3496450169369,34.85720712760396,0 32.34964822111842,34.85720406635947,0 32.34965136004326,34.85720095969445,0 32.34965443261083,34.85719780850444,0 32.34965743772758,34.85719461278367,0 32.34966037537932,34.85719137433487,0 32.34966324336489,34.85718809494914,0 32.34966604169133,34.85718477372505,0 32.34966876924385,34.85718141336103,0 32.34967142601539,34.8571780147584,0 32.34967400981888,34.85717457790547,0 32.34967651954665,34.85717110459923,0 32.3496789562851,34.85716759574687,0 32.34968131893364,34.85716405224398,0 32.34968360529816,34.85716047498022,0 32.34968581536445,34.85715686575842,0 32.34968794912543,34.85715322547991,0 32.34968842273329,34.85715237976788,0 32.34969000548762,34.85714955413891,0 32.3496900299139,34.85714950739521,0 32.34969198333618,34.85714585443373,0 32.34969388266406,34.85714212726577,0 32.34969570347124,34.85713837263502,0 32.34969744465005,34.85713459233841,0 32.34969910399927,34.85713078816708,0 32.34970068370592,34.85712696013265,0 32.34970218265526,34.85712311093351,0 32.3497035986673,34.85711923965657,0 32.34970493281435,34.85711534901183,0 32.34970618399574,34.85711143989484,0 32.34970735329794,34.85710751321287,0 32.34970843851976,34.857103570757,0 32.3497094407547,34.85709961253303,0 32.34971035779444,34.85709564123351,0 32.34971119182605,34.8570916568701,0 32.34971194064833,34.85708766123387,0 32.3497126053477,34.85708365523212,0 32.34971318481646,34.85707964066176,0 32.34971367905464,34.85707561752276,0 32.34971408804096,34.85707158851933,0 32.34971441176834,34.85706755455283,0 32.3497146502297,34.85706351652468,0 32.34971480232445,34.85705947533041,0 32.34971486913192,34.85705543277869,0 32.34971485064504,34.85705138977086,0 32.34971474685671,34.8570473472083,0 32.34971455775278,34.85704330689385,0 32.34971428222552,34.85703927062442,0 32.34971392136851,34.85703523840586,0 32.34971347516754,34.85703121204089,0 32.34971294470907,34.85702719243686,0 32.34971232779186,34.85702318138477,0 32.3497116265959,34.85701917979772,0 32.34971084110698,34.85701518947852,0 32.3497099713251,34.85701121042715,0 32.34970901723616,34.85700724444639,0 32.34970797882591,34.85700329333903,0 32.3497068571879,34.85699935711091,0 32.34970565340149,34.85699543757065,0 32.34970436526545,34.85699153650933,0 32.34970299606034,34.85698765394451,0 32.34970154357786,34.85698379256863,0 32.34970001001216,34.85697995149204,0 32.34969839642837,34.85697613432613,0 32.34969670064657,34.8569723401578,0 32.34969514211914,34.85696903079076,0 32.34969492593314,34.8569685708074,0 32.3496943866296,34.85696748170157,0 32.3496938408643,34.85696637994119,0 32.34969369015555,34.85696607625515,0 32.34969307118038,34.85696482807181,0 32.34969250561122,34.85696374152981,0 32.3496924269692,34.85696359057064,0 32.34969113748179,34.85696111195688,0 32.34959323571221,34.85677849252462,0 32.34957533991782,34.85671121060355,0 32.34957468160375,34.85665396994514,0 32.34957515598404,34.8566531648019,0 32.34966357573893,34.85650308279438,0 32.34974216345461,34.8564252094052,0 32.34985572461985,34.85635587107267,0 32.35003164665236,34.85630973880365,0 32.35070375614131,34.85625302348533,0 32.35095431710291,34.85625084901884,0 32.35107032816699,34.85639840287236,0 32.35120261329315,34.85644074479282,0 32.3513914088816,34.85645386346732,0 32.35154867893171,34.85647541699508,0 32.35179665432935,34.85647170539764,0 32.35204790023315,34.85642284641175,0 32.35219922782835,34.8563675629624,0 32.35226031865265,34.85629802399151,0 32.35226034639641,34.85629769331474,0 32.35226987960872,34.85618404140966,0 32.35227032603274,34.85618359036847,0 32.35230315088431,34.85615042312887,0 32.35240608770195,34.85613315636952,0 32.35243470526573,34.85614580166462,0 32.35246250017871,34.85631576181217,0 32.3524622908012,34.8563175013572,0 32.35246221946357,34.85631809231494,0 32.35246211443378,34.8563192149366,0 32.35246211202779,34.85631924286809,0 32.35246208098308,34.85631957623161,0 32.35246198276597,34.85632094588112,0 32.35246197916052,34.85632098732766,0 32.35246197420729,34.85632106121849,0 32.35246189913617,34.8563225472756,0 32.35246189482436,34.85632267886132,0 32.35246189329999,34.85632273384039,0 32.3524618557697,34.85632403440299,0 32.35246185280304,34.85632441298747,0 32.35246185226621,34.85632448149325,0 32.3524618430144,34.85632552259477,0 32.35246185124151,34.85632614732904,0 32.35246185278575,34.85632622936733,0 32.35246186307142,34.85632701005985,0 32.35246189232681,34.8563278818977,0 32.35246189595209,34.85632797746852,0 32.35246191375372,34.85632849678656,0 32.35246197608013,34.85632961398927,0 32.3524619817865,34.85632972309261,0 32.35246199615485,34.85632998278072,0 32.35246210030031,34.85633134539488,0 32.35246210918126,34.85633146803656,0 32.35246225503413,34.85633295076285,0 32.3524622693826,34.85633307343363,0 32.3524624315264,34.85633443094801,0 32.35246248331992,34.85633479900693,0 32.35246263865108,34.85633590949342,0 32.3524628786163,34.85633738370656,0 32.35246314813453,34.85633885447131,0 32.35246344939277,34.85634032179937,0 32.35246378240512,34.85634178388791,0 32.35246414498462,34.85634324072532,0 32.35246453931824,34.85634469232323,0 32.35246496431252,34.85634613867582,0 32.35246541998154,34.85634757798029,0 32.35246590522476,34.85634901113223,0 32.35246642114981,34.85635043633467,0 32.35246696774961,34.85635185448901,0 32.35246754393775,34.85635326468805,0 32.35246814972125,34.85635466603034,0 32.35246878510016,34.85635605851593,0 32.35246945008153,34.85635744124342,0 32.35247014356477,34.85635881510836,0 32.35247086665753,34.85636017831383,0 32.3524716182663,34.85636153085396,0 32.35247239839815,34.85636287182737,0 32.35247320704601,34.85636420213545,0 32.35247404422401,34.85636551997546,0 32.35247490773808,34.85636682623707,0 32.35247579978228,34.8563681200306,0 32.35247671927019,34.8563694004488,0 32.35247766510828,34.85637066748588,0 32.35247863839714,34.85637192024618,0 32.35247963694977,34.85637315871817,0 32.35248066185255,34.856374383809,0 32.35248171312674,34.85637559281452,0 32.35248278966467,34.85637678753167,0 32.35248389148754,34.85637796525626,0 32.3524850174877,34.85637912778532,0 32.35248616876575,34.85638027422319,0 32.35248734314172,34.8563814036569,0 32.35248854170913,34.85638251609223,0 32.35248976447502,34.85638361062783,0 32.35249100924533,34.85638468815339,0 32.35249227712769,34.85638574687201,0 32.35249356702153,34.85638678767919,0 32.3524948778404,34.85638780966779,0 32.35249621177132,34.85638881284941,0 32.35249756554082,34.85638979630521,0 32.35249894024241,34.85639076004097,0 32.35250033587609,34.85639170405673,0 32.35250175025486,34.85639262834086,0 32.35250318448633,34.85639353109635,0 32.35250463746287,34.85639441412017,0 32.35250610919861,34.85639527560956,0 32.35250759860006,34.8563961155587,0 32.35250910566718,34.85639693396757,0 32.35250942477284,34.85639710062812,0 32.35251062930648,34.85639773083036,0 32.35251119572057,34.85639801599341,0 32.35251217061148,34.85639850615285,0 32.35251298877159,34.8563989017292,0 32.35251372740219,34.85639925902208,0 32.35251480283241,34.85639975782965,0 32.35251529968571,34.8563999885366,0 32.3525166368095,34.85640058428897,0 32.35251688745496,34.85640069559781,0 32.35251849070993,34.85640138020572,0 32.35251905972074,34.85640161309969,0 32.35251929408364,34.85640170899751,0 32.35252010727068,34.8564020414473,0 32.35252095109718,34.85640237135589,0 32.35252118876181,34.85640246456705,0 32.35252173823071,34.85640267932834,0 32.35252286020993,34.85640309905793,0 32.35252310554324,34.85640319050702,0 32.35252338140298,34.85640329383723,0 32.35252478597963,34.85640379439715,0 32.35252503898164,34.85640388408422,0 32.35252617761779,34.85640427145101,0 32.35252670767902,34.85640445095321,0 32.35252812025632,34.85640490738565,0 32.35252838859572,34.85640499354866,0 32.35252869078446,34.85640508620188,0 32.35253007954471,34.85640551185889,0 32.35253066654614,34.85640568174851,0 32.35253178271304,34.85640600589556,0 32.35253193766646,34.85640604818629,0 32.3525326567777,34.85640624492071,0 32.35253349482721,34.85640647473983,0 32.35253380913639,34.856406555739,0 32.35253465820573,34.85640677479962,0 32.35253521806719,34.85640691930472,0 32.35253568958745,34.85640703359233,0 32.3525366740966,34.85640727320546,0 32.35253694915244,34.85640733957274,0 32.35253758229315,34.85640748266513,0 32.3525386891906,34.85640773374699,0 32.35253948507352,34.85640790204436,0 32.35254043816754,34.85640810363019,0 32.35254073952412,34.85640816292609,0 32.35254139464804,34.85640829171259,0 32.35254219390332,34.85640844830934,0 32.35254278904666,34.85640855604364,0 32.35254331539779,34.85640865079171,0 32.35254395640497,34.85640876688302,0 32.35254484758568,34.85640891495486,0 32.35254524293462,34.85640898106116,0 32.35254572675191,34.85640906115989,0 32.35254691404059,34.85640924055531,0 32.35254717945968,34.85640928072984,0 32.35254750167769,34.85640932931961,0 32.35254898732496,34.85640953193778,0 32.35254912059892,34.85640954977448,0 32.3525492822688,34.8564095722695,0 32.35255106853226,34.85640978910809,0 32.352681934477,34.85643391209559,0 32.35276165640965,34.85642251957744,0 32.35300587079163,34.85634032509105,0 32.35304966603906,34.8563363384892,0 32.35311808598977,34.85633010939466,0 32.3532953753333,34.85631485542278,0 32.35350073440335,34.85621190342277,0 32.35356511085453,34.8561761028248,0 32.35366036793449,34.85611571036403,0 32.35374529465474,34.85598798925692,0 32.35378834220062,34.85595317313466,0 32.35444225259929,34.8556800992035,0 32.35447371225921,34.85568492929071,0 32.35475934126753,34.85583081441979,0 32.35476487266595,34.85583344529295,0 32.35476805139019,34.85583487379662,0 32.35477125890456,34.85583625648001,0 32.35477449630958,34.85583759244761,0 32.35477776141825,34.85583888168779,0 32.35478105313703,34.85584012419469,0 32.3547843703795,34.85584131906118,0 32.35478771205213,34.8558424662814,0 32.35479107816197,34.85584356495404,0 32.35479446652901,34.85584461416599,0 32.35479787713921,34.85584561572017,0 32.35480130781961,34.85584656780203,0 32.35480475857725,34.85584746951028,0 32.35480822830456,34.8558483226419,0 32.35481171482855,34.85584912538249,0 32.3548152181493,34.85584987773201,0 32.35481873718028,34.8558505787833,0 32.35482226972042,34.85585123032758,0 32.35482581578378,34.85585183056195,0 32.35482937427687,34.85585237948072,0 32.35483294410618,34.85585287707804,0 32.35483652308468,34.85585332334233,0 32.35484011121235,34.85585371827353,0 32.35484370739574,34.85585406186589,0 32.35484731055536,34.85585435231083,0 32.3548509195766,34.8558545923067,0 32.35485453228655,34.85585478003911,0 32.35485814868517,34.8558549155081,0 32.35486176767898,34.85585499870785,0 32.35486538708093,34.8558550296267,0 32.35486900797751,34.85585500917191,0 32.35487262709526,34.85585493642466,0 32.35487624333356,34.85585481228056,0 32.35487985780006,34.85585463494262,0 32.35488346720013,34.8558544061962,0 32.35488707154082,34.85585412513993,0 32.35489066862805,34.85585379266359,0 32.35489425846185,34.85585340876721,0 32.35489783994868,34.85585297344492,0 32.35490141200209,34.85585248578964,0 32.35490497242098,34.85585194759246,0 32.35490852121239,34.85585135795201,0 32.35491205728281,34.85585071686248,0 32.35491557843117,34.85585002611511,0 32.354919085765,34.85584928391286,0 32.35492257598975,34.85584849204113,0 32.35492604911241,34.85584764959856,0 32.35492950293899,34.85584675747487,0 32.35493293856296,34.85584581567594,0 32.35493635270379,34.85584482418435,0 32.35493974644092,34.85584378480866,0 32.35494311650789,34.8558426957287,0 32.35494646398418,34.85584155875307,0 32.35494978668272,34.85584037387015,0 32.35495308351003,34.85583914107417,0 32.35495635335853,34.85583786216208,0 32.35495959624227,34.85583653533111,0 32.35496281105371,34.85583516237826,0 32.35496599560581,34.85583374329193,0 32.35496914880507,34.85583227806633,0 32.35497227173092,34.85583076851003,0 32.35497536220338,34.85582921371002,0 32.35497841911487,34.85582761546336,0 32.35498144137894,34.85582597286277,0 32.35498442789505,34.8558242868039,0 32.3549873797426,34.85582255909529,0 32.35499029365518,34.85582078791683,0 32.35499316961166,34.85581897597267,0 32.35499600652557,34.8558171223556,0 32.35499880438287,34.8558152288684,0 32.35500156100355,34.85581329459813,0 32.35500427637358,34.85581132134755,0 32.35509938847149,34.85576315306698,0 32.35514025897076,34.85575582933355,0 32.35520492207277,34.85577467223302,0 32.35541378752038,34.85591329794134,0 32.35541462412849,34.85591385314901,0 32.35534585827268,34.85592860201714,0 32.35531438761866,34.85596300861817,0 32.35531393319909,34.85596350560119,0 32.35531324359449,34.85597172117959,0 32.35531296395242,34.85597504597199,0 32.35531306914317,34.85597628058658,0 32.35531465551379,34.85599483049923,0 32.35531712910424,34.85601249450275,0 32.35531731661385,34.8560138305138,0 32.35531802542633,34.85601590846052,0 32.35532202818817,34.85602763564274,0 32.35533047083899,34.85604510052217,0 32.35534273819235,34.85606417669844,0 32.35535883751198,34.85608407365524,0 32.35538328578284,34.85610527325989,0 32.35538736991433,34.85610881408869,0 32.35539886647634,34.85611525534387,0 32.35539987361005,34.85611581956839,0 32.35540478189402,34.85611856880274,0 32.35541314055811,34.85612325186271,0 32.35541874800768,34.85612539092882,0 32.3554416967922,34.85613414555162,0 32.355627244837,34.85612030302039,0 32.35563989627475,34.8561479123306,0 32.35560105083417,34.85630907680109,0 32.35560092088422,34.85630961426591,0 32.35545111667226,34.85643683238689,0 32.355379066205,34.85651174959941,0 32.35531921233191,34.85659910624666,0 32.35531874110877,34.85659979424356,0 32.35530916110249,34.85673314959885,0 32.35537170079998,34.85686574424518,0 32.35537697695593,34.85696222425189,0 32.35533658090242,34.85712704740659,0 32.35529466048963,34.85728525228037,0 32.35530670291742,34.85735140080389,0 32.35534766427003,34.85741116726454,0 32.35541726614603,34.85748833166502,0 32.35544069608417,34.85754003563317,0 32.3553960859669,34.85779069578739,0 32.35536614120899,34.85788426045785,0 32.3553277537244,34.85815082231478,0 32.35533979738722,34.85821697083315,0 32.35538706004165,34.85828603376414,0 32.3554908334777,34.85839282262415,0 32.35569570111787,34.85854899639688,0 32.35597321004249,34.85868017300695,0 32.3561348693373,34.8587391099115,0 32.35617113770697,34.85875333808438,0 32.35632052148609,34.85877595337121,0 32.35656362765307,34.85879607706393,0 32.35686425026142,34.85879411747123,0 32.35700382917795,34.8587651624868,0 32.35711507111979,34.85871131330978,0 32.35717183817604,34.85862738114625,0 32.35717204822115,34.85862694957051,0 32.35736721516315,34.85822518281768,0 32.357367427288,34.85822490539699,0 32.35741628586659,34.8581609691895,0 32.35741627307366,34.85816078613177,0 32.35740618828144,34.85801986107711,0 32.3574067020101,34.85801947166991,0 32.35744835040378,34.8579878911116,0 32.35759352967289,34.8579685616448,0 32.35767432204572,34.85798318321285,0 32.35778672411074,34.85808632796082,0 32.35793579445846,34.85829202981741,0 32.35803496235096,34.8584101448092,0 32.35807529038208,34.85842337523135,0 32.35813771748136,34.85842154942464,0 32.3581928799733,34.85840465120828,0 32.3583436209638,34.85835261299411,0 32.35895048374147,34.85797659028313,0 32.35904352658108,34.85791847066965,0 32.35912776820377,34.85789489515459,0 32.35924553260302,34.85787677047816,0 32.35960871418749,34.85787438729953,0 32.3598480147881,34.85787450779939,0 32.36003524808323,34.85783961364726,0 32.36020175407818,34.85778206270338,0 32.36049962848212,34.85761996141519,0 32.36077705814173,34.85741097764337,0 32.36093972818049,34.85732224579599,0 32.36097629638871,34.85730338714077,0 32.36120239911295,34.85714537893705,0 32.36132577710939,34.85707353487798,0 32.36139216383632,34.85700225590282,0 32.36139209780755,34.85700202659295,0 32.36138761092432,34.85698631905571,0 32.36129355292301,34.8569446631124,0 32.36109401668726,34.85679960256951,0 32.36107289988535,34.85672098521096,0 32.36095923065487,34.85661199373893,0 32.36088675446138,34.85671189512789,0 32.3608518317446,34.85673238137527,0 32.36080041483699,34.85671794967488,0 32.36075408391442,34.8566949180047,0 32.3607262492409,34.8566402532208,0 32.36074322600269,34.85657617148117,0 32.3607435997022,34.85657578583074,0 32.36083745312144,34.8564789517669,0 32.3608991585544,34.8564000007198,0 32.36094366991308,34.8563327860473,0 32.36094372036884,34.85633262495649,0 32.3609585568566,34.85628479913749,0 32.36093944953728,34.856168944329,0 32.36096409183568,34.85607516556508,0 32.36096453647217,34.8560745152663,0 32.36101421762014,34.85600196331955,0 32.36105150674175,34.8559602220199,0 32.36109458285629,34.85590617955053,0 32.36116863002036,34.85582120583727,0 32.36116876005827,34.85582079366551,0 32.36117961979313,34.85578645665402,0 32.36121244861771,34.85572428440184,0 32.36121251658208,34.8557242631245,0 32.36125569258502,34.85571060427726,0 32.36129940179228,34.85572275164569,0 32.36132701876786,34.85573838595374,0 32.36134660640912,34.85578408494658,0 32.36134674820181,34.85578441561454,0 32.3612990543532,34.85582175116109,0 32.36129873309246,34.85582200277565,0 32.36128427950857,34.85587055179627,0 32.36128423909039,34.8558706876999,0 32.36124473982848,34.85593113385222,0 32.36119426867051,34.85600109013482,0 32.36116221156166,34.85603598826413,0 32.36112761587441,34.85607079913145,0 32.36112752770395,34.85607088790982,0 32.36109389359783,34.85613238163427,0 32.36109420377957,34.85622945824048,0 32.36111354009272,34.85631968477595,0 32.36109953580668,34.85641815550845,0 32.36105983544896,34.85648984857724,0 32.36105944396092,34.85649055504419,0 32.36097134040121,34.85659662128903,0 32.36097073991137,34.85659734468604,0 32.36111329706517,34.85673343345096,0 32.36113170217516,34.85672304380848,0 32.36117389162214,34.85673578629561,0 32.36119451894214,34.85675664556149,0 32.36121905912801,34.85677211679835,0 32.36123831592822,34.85677787892425,0 32.36128859077609,34.85680991837884,0 32.36133324191686,34.85680836804987,0 32.36146642382004,34.85677194652933,0 32.36161334629049,34.85673338848929,0 32.36184355684574,34.85644525579612,0 32.36184354412674,34.85644506192195,0 32.36182446802786,34.85615578763346,0 32.36159655913824,34.85608664166259,0 32.36154696881771,34.85610616771483,0 32.36151896496393,34.85610067160999,0 32.36149841403937,34.85608748486793,0 32.36148846502502,34.85606510872212,0 32.36150116916978,34.85603180268656,0 32.36150159856935,34.85603114239005,0 32.36151617275625,34.85600872372505,0 32.36157278314037,34.85600482927465,0 32.36170811116028,34.85604431913877,0 32.36175011196713,34.85601915530958,0 32.36178967405757,34.85602231962307,0 32.3617960404332,34.85604331127753,0 32.36179517084391,34.85605962259483,0 32.36201670887885,34.85614235537827,0 32.36208871452916,34.85615713794947,0 32.36221021381868,34.85602407512252,0 32.36244016060883,34.855776261724,0 32.36244066452306,34.85577543865593,0 32.36283693019051,34.85513009847521,0 32.3628369524496,34.85513004811175,0 32.36289627078447,34.85498645007177,0 32.3629173895692,34.85487518991658,0 32.3629230365696,34.85439091713451,0 32.36286253649087,34.85417057730663,0 32.3627757013974,34.85404511561521,0 32.36269706267898,34.85398954142997,0 32.36245447588784,34.85393121664356,0 32.36231105827073,34.85386771436426,0 32.36214655691849,34.85375799498495,0 32.36190192872674,34.853565946542,0 32.36180355693437,34.85350279087972,0 32.3613576310077,34.85330489374778,0 32.36072492857556,34.85303380067482,0 32.36063597659774,34.85293065926471,0 32.36056572489464,34.85268703625593,0 32.36054042565685,34.85255827003441,0 32.36061385242937,34.85232178362998,0 32.36069599201766,34.8521737588676,0 32.36076095891625,34.85203564425378,0 32.3607611472214,34.85203547397174,0 32.36086931057844,34.85193804343009,0 32.36104063451686,34.85187307251846,0 32.36129418613149,34.85186096763083,0 32.36175675328908,34.85189467113344,0 32.36211874791341,34.85198585608557,0 32.36274835242597,34.85232218295818,0 32.36298805973419,34.85245260109613,0 32.36331177981543,34.85269214768736,0 32.36356224419864,34.85294519301627,0 32.36379314786524,34.85320411198639,0 32.36390759478495,34.85341994787142,0 32.36390843944453,34.8535565622606,0 32.36394536508806,34.85373363134781,0 32.36400681820322,34.85389682677131,0 32.3640286326943,34.8541159676813,0 32.3640633790105,34.8542709222526,0 32.36419509302733,34.85446881051222,0 32.36445584681047,34.85483404748827,0 32.36469605534555,34.85522160595696,0 32.36477192695651,34.8552993314683,0 32.36512631399768,34.8553594180195,0 32.36546196895185,34.85537979966585,0 32.36577000220482,34.85536129377028,0 32.36638473008724,34.8552543622371,0 32.36695924351387,34.85515987164096,0 32.36710606543718,34.85511946027107,0 32.36752451151288,34.85500385899819,0 32.36802979388034,34.85486426616682,0 32.36832753753281,34.85471961362274,0 32.36857174347059,34.85457747681841,0 32.36870419566231,34.85453735307426,0 32.36917089832249,34.85427937043384,0 32.3696610535759,34.85384225534042,0 32.37006872305803,34.85344271351234,0 32.37020432993489,34.85331646102284,0 32.37030669176821,34.85322115905066,0 32.37053500700101,34.85290840686434,0 32.370535003451,34.85290829867426,0 32.37053206442437,34.85280459727743,0 32.37052992349431,34.85272905800651,0 32.37040874717734,34.85240771065962,0 32.37040319302737,34.85226951057181,0 32.37054710099741,34.85185027967035,0 32.37066146959259,34.85151900338779,0 32.37068681778258,34.85133245718689,0 32.37066478406394,34.85106332547639,0 32.37062679525395,34.85081734287105,0 32.37057282409099,34.85059709903003,0 32.37046860655524,34.85037904968446,0 32.37036936922257,34.85027483262439,0 32.37022546145753,34.85023492034959,0 32.36947874155831,34.85021618504582,0 32.36932127439526,34.85015761299467,0 32.3691358900419,34.85000920984028,0 32.36910312550873,34.84998654286534,0 32.36903002699838,34.84993597376992,0 32.36872261082716,34.84992323773852,0 32.36860662269032,34.84991198884754,0 32.36836892732156,34.84984031320194,0 32.36816906793717,34.84975341287377,0 32.36797207941979,34.8496898093018,0 32.3678975951617,34.84961681643795,0 32.36789366754591,34.84959206526039,0 32.36789181146468,34.84956324406993,0 32.36789274189977,34.84954181016737,0 32.36789329657455,34.84952904698147,0 32.36789670674273,34.84951407931259,0 32.36789916538486,34.84950328573332,0 32.36790533127979,34.84948200073333,0 32.36790827269817,34.84947184877764,0 32.36791837176006,34.84944942227308,0 32.36792435179192,34.84943885702745,0 32.36792837431081,34.84943175121715,0 32.36793511251687,34.84941984587719,0 32.36793529693089,34.84941960975915,0 32.36793985648722,34.84941377144738,0 32.36795397799062,34.84939568640345,0 32.36797175649312,34.84937496654828,0 32.36797392667945,34.8493724366912,0 32.36797590449159,34.84937075498262,0 32.36801588777627,34.84933675523911,0 32.36805222614024,34.84931453267271,0 32.36809588921751,34.84929250139485,0 32.36822520058008,34.84923661196659,0 32.36837964791318,34.84917833253695,0 32.36861532797298,34.84887758216544,0 32.36866003094873,34.848810689137,0 32.36866002245618,34.84881065573995,0 32.36863483215682,34.84870534145846,0 32.36857796985875,34.84857729360968,0 32.36859494018993,34.84847409209611,0 32.36867247796004,34.848258193428,0 32.36867300475463,34.84825736684555,0 32.36876674601831,34.84811046574904,0 32.36876677041047,34.84811042170548,0 32.36876958046049,34.84810528100298,0 32.36877096473587,34.84810256406142,0 32.36877229120536,34.84809982788974,0 32.36877355986896,34.84809707248801,0 32.36877476961948,34.84809429965329,0 32.3687759204501,34.84809151028703,0 32.36877701236078,34.84808870438914,0 32.36877804534466,34.84808588286113,0 32.36877901720116,34.84808304749439,0 32.3687799301171,34.84808019830026,0 32.3687807818988,34.84807733616881,0 32.3687815725325,34.84807446290285,0 32.36878230311848,34.84807157760662,0 32.36878297144931,34.84806868297298,0 32.36878357861836,34.84806577900758,0 32.36878412461192,34.84806286751324,0 32.36878460943684,34.84805994758855,0 32.36878503198599,34.84805702103065,0 32.36878539224558,34.8480540896423,0 32.36878569021562,34.84805115342355,0 32.36878592589616,34.84804821237434,0 32.36878610035988,34.84804526920456,0 32.36878621142006,34.84804232390288,0 32.36878626016317,34.84803937737635,0 32.3687862465755,34.84803643142779,0 32.36878617066389,34.84803348515574,0 32.36878603241462,34.84803054036303,0 32.36878583182079,34.84802759795109,0 32.36878556996204,34.84802465972832,0 32.36878524465847,34.84802172478204,0 32.36878485807622,34.84801879582773,0 32.36878440912881,34.84801587195833,0 32.36878389779557,34.84801295587808,0 32.36878332517682,34.84801004669117,0 32.36878269125189,34.84800714710185,0 32.36878199602766,34.84800425620871,0 32.36878123949041,34.84800137581453,0 32.36878042271974,34.84799850772781,0 32.36877954462916,34.84799565104142,0 32.36877860629831,34.84799280756388,0 32.36877760881372,34.84798997820218,0 32.36877654998855,34.84798716294507,0 32.36877543308243,34.84798436451374,0 32.36877425701567,34.84798158109963,0 32.36877302176077,34.84797881630843,0 32.36877172732461,34.84797606923871,0 32.36877037588712,34.84797334080314,0 32.36876896743453,34.84797063280463,0 32.36876750087347,34.84796794523746,0 32.36876597837693,34.84796527991571,0 32.36876439885845,34.84796263593239,0 32.36876276339763,34.8479600150959,0 32.36876107417442,34.84795741831901,0 32.36875932899512,34.8479548464918,0 32.36875753003964,34.84795230052693,0 32.368755677308,34.84794978042446,0 32.36875377188675,34.84794728709145,0 32.36875181376897,34.84794482142929,0 32.3687498029409,34.84794238524075,0 32.36874774159623,34.84793997763581,0 32.36874562972119,34.84793760041724,0 32.36874346840919,34.84793525359072,0 32.36874309415973,34.84793486222993,0 32.36874125655997,34.84793293805198,0 32.36870691312154,34.84787287680321,0 32.36870651367056,34.84787149013106,0 32.36870644034629,34.84787121210959,0 32.3687061437896,34.84787009730244,0 32.36870600808881,34.84786953951342,0 32.36870580346486,34.84786870012003,0 32.36870561743562,34.84786785992173,0 32.36870549270324,34.84786729768249,0 32.36870526947322,34.84786617424161,0 32.36870521259124,34.84786589089686,0 32.36870496093519,34.84786448065324,0 32.36870473992187,34.8478630669629,0 32.36870470161392,34.84786278551746,0 32.36870454845788,34.84786164982025,0 32.36870448497657,34.84786108519463,0 32.36870438762285,34.84786023103367,0 32.36870430882253,34.8478593814762,0 32.36870425633031,34.84785880969617,0 32.36870417643205,34.8478576743792,0 32.36870415566669,34.84785738671479,0 32.36870408453866,34.84785596208381,0 32.36870404403269,34.84785453671038,0 32.36870404180007,34.84785425635358,0 32.36870403304852,34.84785311149015,0 32.36870404064508,34.84785254633204,0 32.36870405267955,34.84785168642885,0 32.36870408213267,34.84785083653181,0 32.36870410292574,34.84785026152645,0 32.36870416625596,34.84784912785434,0 32.36870418268685,34.84784883767866,0 32.36870429305625,34.84784741489121,0 32.36870443293368,34.84784599405975,0 32.36870446676947,34.84784571569305,0 32.36870460341252,34.84784457519,0 32.36870468313901,34.84784401491344,0 32.3687048033856,34.84784316007907,0 32.36870494102332,34.84784231885646,0 32.3687050339601,34.84784174692984,0 32.36870524043614,34.84784062571933,0 32.36870529402881,34.84784033753942,0 32.3687055835918,34.84783893190782,0 32.36870590373552,34.84783753094208,0 32.36870625226631,34.84783613553228,0 32.36870663137787,34.84783474478839,0 32.36870687495825,34.84783391944,0 32.36870703996989,34.84783335960608,0 32.36870747694896,34.84783197997973,0 32.36870794339472,34.8478306077177,0 32.36870843931407,34.84782924191873,0 32.36870896360671,34.84782788347848,0 32.36870951627264,34.84782653239693,0 32.36871009729808,34.84782519047689,0 32.36871070778334,34.84782385682266,0 32.36871134554161,34.84782253142286,0 32.36871201165251,34.84782121608595,0 32.36871270502954,34.84781990990487,0 32.36871342675228,34.8478186146881,0 32.36871417464087,34.8478173295229,0 32.36871495087523,34.84781605532197,0 32.36871547657999,34.84781522783216,0 32.36871575326163,34.84781479297539,0 32.36871658290038,34.84781354158744,0 32.3687174375909,34.84781230294956,0 32.36871831952001,34.84781107707308,0 32.36871922650779,34.84780986304526,0 32.36872015962696,34.84780866357598,0 32.3687211177979,34.84780747685674,0 32.36872210101375,34.847806303789,0 32.36872310926758,34.84780514527406,0 32.36872414145918,34.84780400220772,0 32.36872519759535,34.84780287368856,0 32.36872627767613,34.84780175971655,0 32.36872738168086,34.84780066299594,0 32.36872850744341,34.84779958081113,0 32.36872965712991,34.84779851587766,0 32.36873082856044,34.84779746728283,0 32.36873202282154,34.84779643593367,0 32.36873323772639,34.84779542181884,0 32.36873447436152,34.84779442584542,0 32.36873573164038,34.84779344710632,0 32.36873700955614,34.84779248650297,0 32.36873830810188,34.8477915449367,0 32.36873962618421,34.8477906224019,0 32.36874096271661,34.84778971799149,0 32.36874231877872,34.84778883351391,0 32.36874369437055,34.84778796896916,0 32.36874508730529,34.84778712434593,0 32.36874649758293,34.84778629964415,0 32.36874792520349,34.84778549486388,0 32.3687493690598,34.8477847118022,0 32.36875083025902,34.84778394866202,0 32.36875230769396,34.84778320724045,0 32.36875379918477,34.84778248662473,0 32.36875530690445,34.84778178862898,0 32.36875682867995,34.84778111143913,0 32.36875836449751,34.8477804568579,0 32.36875991436405,34.84777982398393,0 32.36876147717923,34.84777921371293,0 32.36876305294313,34.84777862604489,0 32.36876464056227,34.84777806097418,0 32.36876624003669,34.84777751850073,0 32.36876785026612,34.84777699952032,0 32.36876947125055,34.84777650403289,0 32.36877110298996,34.84777603203852,0 32.36877274439099,34.84777558353148,0 32.36877338531637,34.84777541829011,0 32.36877439545362,34.84777515851176,0 32.36877537151653,34.84777492199377,0 32.36877605399105,34.84777475696804,0 32.36877736729568,34.8477744600015,0 32.36877772218321,34.84777437981304,0 32.36877939675678,34.84777402612838,0 32.36878107989166,34.84777369682676,0 32.36878139633129,34.84777363987598,0 32.36878276940109,34.84777339189687,0 32.36878342739406,34.84777328263279,0 32.36878446419164,34.84777311133299,0 32.36878546364849,34.84777296147377,0 32.36878616534987,34.84777285604226,0 32.36878750839542,34.84777267371175,0 32.36878787179609,34.84777262421612,0 32.36878958243006,34.84777241675036,0 32.36879129833828,34.84777223455204,0 32.36879161894498,34.84777220466579,0 32.36879301624746,34.84777207670272,0 32.36879368145366,34.84777202516764,0 32.36879473833748,34.84777194411516,0 32.3687957480675,34.84777188084657,0 32.36879646242846,34.84777183587659,0 32.36879781988674,34.84777177080689,0 32.3687981885135,34.84777175288848,0 32.3687999155061,34.84777169424364,0 32.36880164558618,34.84777166085492,0 32.36880196597947,34.84777165891193,0 32.36880337438699,34.84777165179818,0 32.36880404024608,34.84777165795803,0 32.36880510408849,34.84777166798616,0 32.36880611424424,34.84777169215857,0 32.36880683250386,34.84777170940754,0 32.36880818688744,34.84777176060643,0 32.36880855963999,34.84777177516089,0 32.36881028549003,34.84777186614766,0 32.36881200896742,34.84777198146069,0 32.36881232477376,34.84777200743827,0 32.36881373006528,34.84777212200147,0 32.36881438783696,34.84777218490951,0 32.36881544769713,34.84777228686288,0 32.36881644625814,34.84777239751246,0 32.36881716185606,34.84777247694633,0 32.3688184989508,34.84777264434003,0 32.36881887145558,34.84777269134476,0 32.36882054482154,34.8477729253866,0 32.36882057649568,34.84777293005813,0 32.36882227587608,34.84777319398219,0 32.36882258273565,34.8477732460548,0 32.36882396961052,34.84777348131416,0 32.3688246116479,34.84777360002922,0 32.36882565659189,34.84777379385113,0 32.36882663154457,34.84777398911266,0 32.36882733682702,34.8477741306917,0 32.36882863909039,34.84777442049923,0 32.36883064105223,34.84777486718116,0 32.36893050511193,34.84779420185927,0 32.36893373924905,34.84779409334093,0 32.36893488984191,34.84779405514071,0 32.36893697033307,34.84779395505941,0 32.36893907926635,34.84779385332278,0 32.36894019948489,34.84779378341482,0 32.36894326477825,34.84779359108845,0 32.36894342561111,34.84779357840148,0 32.36894664768716,34.84779333099975,0 32.36894744309051,34.84779326932217,0 32.36894986566485,34.8477930475194,0 32.3689516153034,34.84779288712817,0 32.36895307842326,34.84779273156038,0 32.3689557770433,34.84779244448379,0 32.36895628705578,34.84779238312831,0 32.36895948833038,34.84779199589642,0 32.36895993049016,34.84779194230175,0 32.36896268334732,34.84779156896901,0 32.36896407127033,34.84779138055936,0 32.36896587095817,34.84779110955156,0 32.36896820047725,34.84779075926233,0 32.36896905115605,34.84779061854545,0 32.36897222395469,34.84779009414789,0 32.36897231591718,34.84779007930067,0 32.3689753850631,34.84778952551948,0 32.36897641541022,34.84778933976167,0 32.36897853876538,34.84778892440098,0 32.36898049895637,34.84778854064528,0 32.36898168177447,34.84778829167685,0 32.36898456544842,34.84778768374869,0 32.36898481627716,34.84778762735841,0 32.36898793578874,34.84778692149626,0 32.36898861270652,34.84778676815912,0 32.36899104463463,34.84778618042285,0 32.3689926407237,34.84778579477795,0 32.36899414388073,34.84778540774944,0 32.36899664731321,34.84778476359389,0 32.36899722805314,34.8477846043491,0 32.36900029937992,34.84778376482478,0 32.36900063028821,34.84778367459551,0 32.36900335569495,34.84778288646092,0 32.36900459073522,34.84778252868998,0 32.36900639803655,34.84778197647442,0 32.36900852646745,34.84778132586593,0 32.36900942529757,34.84778103666234,0 32.3690124352981,34.84778006611197,0 32.36901543251491,34.84777905132506,0 32.36901631721337,34.84777875123093,0 32.36901841027756,34.8477780066899,0 32.36902017112678,34.84777738031575,0 32.36902137186621,34.84777693222354,0 32.36902399485147,34.84777595335508,0 32.36902431728774,34.84777582702455,0 32.36902724330323,34.84777468566756,0 32.36902778836682,34.84777447305311,0 32.36903014771213,34.84777350994401,0 32.3690315494998,34.8477729375957,0 32.36903303376025,34.84777230437788,0 32.36903527715012,34.84777134787857,0 32.36903590253407,34.84777106987626,0 32.36903875077403,34.84776980371795,0 32.369038971304,34.84776970570454,0 32.36904157305445,34.84776850046621,0 32.36904262978154,34.84776801016086,0 32.36904437698095,34.84776716647054,0 32.36904625148243,34.84776626214324,0 32.3690471603323,34.84776580622651,0 32.3690498363998,34.8477644625531,0 32.36904992312917,34.84776441703001,0 32.36905265669316,34.84776298982165,0 32.36905338234682,34.84776261137911,0 32.36905536860925,34.84776153365515,0 32.36905688822327,34.84776070951697,0 32.36905805886369,34.84776005033325,0 32.36906035402222,34.84775875786808,0 32.3690607252628,34.84775854074604,0 32.36906336568168,34.84775699676959,0 32.36906377755687,34.84775675642111,0 32.36906597681265,34.84775542199248,0 32.36906715772695,34.84775470607178,0 32.36906856518165,34.8477538209557,0 32.36907049452557,34.84775260772151,0 32.36907113078872,34.84775219365928,0 32.36907366817375,34.8477505391735,0 32.36907378685934,34.84775046136461,0 32.36907617193164,34.84774884935735,0 32.36907703253458,34.84774826789115,0 32.3690786518273,34.8477471341773,0 32.36908023154439,34.84774602820253,0 32.36908110457367,34.8477453945177,0 32.36908338170198,34.84774374228738,0 32.36908353127101,34.84774362948288,0 32.36908592322031,34.84774183271761,0 32.36908648408698,34.8477414119542,0 32.36908828584727,34.84774000965871,0 32.36908953651263,34.84773903719164,0 32.36909062131805,34.84773816302167,0 32.36909253787859,34.84773661889542,0 32.36909292853922,34.8477362928008,0 32.36909520425817,34.84773439537355,0 32.36909548817805,34.84773415796698,0 32.3690974419282,34.84773246890308,0 32.36909838522416,34.84773165439489,0 32.36909965243521,34.84773051975587,0 32.36910122900318,34.84772910998204,0 32.36910183357858,34.84772854972338,0 32.36910398537897,34.84772655610141,0 32.36910401841484,34.8477265256241,0 32.3691060947569,34.84772453341357,0 32.36910675346601,34.84772390041971,0 32.36910817259129,34.84772248892769,0 32.36910943194925,34.84772123706171,0 32.36911022106206,34.84772042355655,0 32.36911205386455,34.84771853555011,0 32.36911223907582,34.84771833729447,0 32.36911421573298,34.84771622557771,0 32.36911461811855,34.84771579587922,0 32.3691161575733,34.84771409114457,0 32.36911712359721,34.84771302074757,0 32.36911806675606,34.84771193761192,0 32.36911957030739,34.84771020925376,0 32.36911994328813,34.8477097640784,0 32.36912178280281,34.84770756961989,0 32.36912195604855,34.84770736318926,0 32.36912358204053,34.84770535151524,0 32.36912428300059,34.84770448346681,0 32.36912534642702,34.84770311520113,0 32.36912654678309,34.84770157096512,0 32.36912707704879,34.84770086158467,0 32.36912874958283,34.84769862569554,0 32.36912877500614,34.84769858977015,0 32.36913042611926,34.84769629517679,0 32.3691308902926,34.84769564945516,0 32.36913204018062,34.84769398416547,0 32.36913296671881,34.84769264313407,0 32.36913362047726,34.8476916558518,0 32.36913497668838,34.84768960491814,0 32.36913516372215,34.84768931112016,0 32.36913550566146,34.84768877834487,0 32.36913569270208,34.84768848364547,0 32.36913666882871,34.84768694906347,0 32.36913692780009,34.84768654205825,0 32.36913718799556,34.84768611793216,0 32.36913812924347,34.84768456874632,0 32.36913881024775,34.84768344999634,0 32.36913955478639,34.84768217292395,0 32.36914062729091,34.84768033145365,0 32.36914094325693,34.84767976338781,0 32.36914229357539,34.84767733832939,0 32.36914237782933,34.8476771873259,0 32.36914359481473,34.84767489679063,0 32.3691440618561,34.84767401851447,0 32.36914486116846,34.84767244154942,0 32.36914567936436,34.84767082592076,0 32.3691460904498,34.84766997259446,0 32.36914722816734,34.84766760953347,0 32.36914728154471,34.84766749262423,0 32.36914842246021,34.84766499706939,0 32.3691487082375,34.84766437295817,0 32.36914952410967,34.84766248869085,0 32.36915011958863,34.84766111439204,0 32.36915058866609,34.84765996930268,0 32.36915146220009,34.84765783653931,0 32.36915161612951,34.84765743890495,0 32.36915259775272,34.84765489745228,0 32.36915273607188,34.84765453939994,0 32.36915353354951,34.84765234314184,0 32.36915393900347,34.84765122476541,0 32.36915443004585,34.84764978051467,0 32.36915507098799,34.84764789353711,0 32.36915528834205,34.84764720867507,0 32.36915610734469,34.84764462761732,0 32.36915613311194,34.84764454662214,0 32.36915687395364,34.84764203456921,0 32.36915712428195,34.84764118401477,0 32.36915760014813,34.84763943590289,0 32.36915804338398,34.84763780841355,0 32.36915828813559,34.84763682892549,0 32.36915889150458,34.84763442072558,0 32.36915893790228,34.84763421543983,0 32.3691595363412,34.84763159357508,0 32.36915966755723,34.84763102004374,0 32.36916009218574,34.84762896517934,0 32.36916037152129,34.84762760907225,0 32.36916060760898,34.84762633206682,0 32.36916100338988,34.8476241887125,0 32.36916108371116,34.84762369334175,0 32.36916151502533,34.84762104897577,0 32.36916156206278,34.84762075986023,0 32.36916189607762,34.84761839984196,0 32.36916204862648,34.84761732342248,0 32.36916223779512,34.84761574689838,0 32.36916246197384,34.84761388119638,0 32.36916254016408,34.84761309194788,0 32.36916280320516,34.8476104322862,0 32.36916329221592,34.84760997058529,0 32.3692235105804,34.84755316819967,0 32.36930925760289,34.84749404176306,0 32.36936238864734,34.84744290320867,0 32.36936399252648,34.84744106539289,0 32.36936563450243,34.84743925031047,0 32.36936731456146,34.8474374597641,0 32.36936903270352,34.8474356937538,0 32.36937078782837,34.84743395317533,0 32.36937257884949,34.84743223712164,0 32.3693744068465,34.84743054740114,0 32.36937626962575,34.84742888490388,0 32.36937816828752,34.84742724873417,0 32.36938010063123,34.84742564068343,0 32.3693820666638,34.84742405985032,0 32.36938406527806,34.84742250803186,0 32.36938609756743,34.84742098523383,0 32.36938816133821,34.84741949234621,0 32.36939025659729,34.84741802846762,0 32.36939238223754,34.84741659539523,0 32.36939453825893,34.84741519312895,0 32.36939672356123,34.84741382256457,0 32.36939893705786,34.84741248279499,0 32.36940117873515,34.84741117562302,0 32.36940344749966,34.84740990104301,0 32.36940574335141,34.84740865905491,0 32.36940806519697,34.84740744965308,0 32.36941041302262,34.84740627464031,0 32.36941278464845,34.84740513310381,0 32.36941517896733,34.84740402684081,0 32.36941759817976,34.84740295405977,0 32.36942003899184,34.84740191654652,0 32.36942250140355,34.84740091430101,0 32.36942498431466,34.84739994821901,0 32.36942748773203,34.84739901739911,0 32.36943001055536,34.847398122737,0 32.3694325516913,34.84739726422707,0 32.36943511003268,34.84739644366641,0 32.36943768560018,34.84739565835085,0 32.36944027836623,34.84739491188594,0 32.36944288616473,34.84739420155617,0 32.36944550788851,34.84739352915867,0 32.36944814463097,34.84739289469911,0 32.36945079311193,34.84739229816047,0 32.36945345441792,34.84739174044981,0 32.36945612746241,34.8473912206601,0 32.36945881005864,34.84739073877995,0 32.36946150328622,34.84739029661787,0 32.36946420606557,34.84738989236534,0 32.3694669161961,34.84738952781389,0 32.36946963368472,34.84738920206208,0 32.36947235743803,34.84738891510422,0 32.36947508744913,34.84738866784175,0 32.36947782153817,34.84738845936191,0 32.36948048517557,34.84738831271559,0 32.36948311708394,34.84738816860902,0 32.36951280719816,34.84741726748921,0 32.36957630131722,34.84755384890197,0 32.36976396518624,34.84755324937554,0 32.36987692826643,34.84752113343371,0 32.37004240772567,34.84749149340372,0 32.37014989567332,34.84750057582482,0 32.37033201563185,34.8475473539032,0 32.37057288101798,34.84748942525864,0 32.37084893677544,34.8474173381975,0 32.3710687737282,34.84744791322886,0 32.37128061152801,34.84752172425036,0 32.37139194869565,34.84763187145881,0 32.37141845798982,34.84772074449961,0 32.37142195491549,34.84785273307066,0 32.3714131301928,34.84796813651943,0 32.37139408775735,34.84810201337955,0 32.3713898674394,34.84825250450542,0 32.37141908971541,34.84832283559063,0 32.37149566034443,34.84841002924418,0 32.37154544032771,34.84843309900416,0 32.37155399295788,34.84843789013533,0 32.37155445352315,34.84843814852167,0 32.37156244630511,34.84844279613613,0 32.37156335749228,34.84844332637888,0 32.3715666304854,34.8484453011998,0 32.37157080145599,34.84844781791367,0 32.37157215114174,34.8484486325701,0 32.3715749371225,34.84845037591083,0 32.37157560205623,34.84845079220216,0 32.37157905515085,34.84845295274678,0 32.37158083121872,34.84845406347291,0 32.37158314122391,34.84845556186902,0 32.37158720303665,34.84845819790873,0 32.37158939444306,34.84845961907028,0 32.37159123950254,34.84846085995886,0 32.37159524730022,34.84846355341082,0 32.37159681712555,34.84846460898521,0 32.37159783974185,34.84846529665249,0 32.37159923198584,34.84846626657477,0 32.37160318138799,34.8484690183178,0 32.37160509354708,34.84847035059745,0 32.37160616274839,34.84847109529555,0 32.37160711538672,34.84847178260122,0 32.37161319551481,34.84847617063378,0 32.37161436129639,34.84847701228396,0 32.37161488644554,34.84847740531708,0 32.37161814282557,34.84847983978088,0 32.37161871690405,34.84848026912405,0 32.37162139921264,34.84848227334324,0 32.3716224342993,34.84848304671073,0 32.37162254626256,34.84848313382663,0 32.37163008172372,34.84848896716071,0 32.37163037740409,34.8484891958491,0 32.37163749938266,34.84849490625466,0 32.37163818952416,34.84849545879206,0 32.37164115484644,34.84849791969591,0 32.37164479820075,34.84850094389166,0 32.37164586849328,34.84850183282411,0 32.37164839534437,34.8485040057087,0 32.37165197270411,34.84850708094489,0 32.37165341103804,34.84850831702696,0 32.3716555126484,34.84851018753778,0 32.37165902510014,34.84851331472147,0 32.37166081499908,34.84851490778376,0 32.37166250565824,34.84851646607892,0 32.37166595102883,34.84851964339602,0 32.37166807819638,34.8485216041818,0 32.37166937220079,34.84852283951808,0 32.37167274941054,34.84852606516014,0 32.37167519845683,34.84852840440707,0 32.37167610792982,34.84852930422703,0 32.37167941697185,34.84853257909552,0 32.37168217360734,34.84853530664547,0 32.37168271502526,34.84853586111858,0 32.37168528646654,34.8485384975686,0 32.37168595374018,34.84853918159655,0 32.37168785790115,34.84854113491993,0 32.37168900148843,34.84854230728016,0 32.37168918913402,34.84854250746589,0 32.37169552698276,34.84854924235071,0 32.37169567992018,34.84854940539845,0 32.37170172311121,34.84855606484336,0 32.37170220782968,34.84855659829054,0 32.37170778410725,34.8485629713722,0 32.37170858195039,34.84856388413674,0 32.37171075365077,34.84856645992816,0 32.37171370343095,34.84856995919915,0 32.37171480120259,34.8485712611286,0 32.37171660708263,34.84857348527471,0 32.37171948327597,34.84857702743415,0 32.37172086233344,34.84857872564361,0 32.37172231886267,34.84858058921525,0 32.37172512038946,34.84858417245469,0 32.37172676534974,34.84858627678042,0 32.37172788899773,34.84858777084833,0 32.37173061368485,34.84859139335371,0 32.37173180878548,34.8485929815396,0 32.37173250809209,34.84859391092217,0 32.37173331532152,34.84859502745856,0 32.37173544053972,34.8485979644835,0 32.37173596208923,34.84859868742142,0 32.3717375246127,34.84860084811138,0 32.37173756248468,34.84860090059006,0 32.37173808728707,34.8486016271505,0 32.37173859348093,34.84860235631912,0 32.37174086057006,34.84860561769075,0 32.3717411634158,34.84860605464657,0 32.37174308870082,34.84860882567663,0 32.37174312439285,34.8486088772426,0 32.37174350295518,34.84860942276131,0 32.3717437256696,34.84860975654,0 32.37174870644788,34.84861722448731,0 32.371748752937,34.84861729413769,0 32.37175589179012,34.84862855563909,0 32.37195086123345,34.84886512738526,0 32.37199802228071,34.8488984822921,0 32.37208790393871,34.84891567873167,0 32.37216508636688,34.84894926698685,0 32.37230942354844,34.84901842703172,0 32.37251168250805,34.84905504930537,0 32.37279383588563,34.8491067225281,0 32.37290797393601,34.84911933707502,0 32.37307100471553,34.84912060032262,0 32.37348444689351,34.84905662067775,0 32.37369895137414,34.84901209678822,0 32.37370986133235,34.84900524529776,0 32.37371595723089,34.84900122204827,0 32.37372196630437,34.8489971127154,0 32.37372788746625,34.84899291639208,0 32.37373371959573,34.84898863667834,0 32.3737394594126,34.84898427355728,0 32.3737451058166,34.84897982792464,0 32.37375065770067,34.84897530157765,0 32.37375611285749,34.84897069720923,0 32.37376147020042,34.84896601391235,0 32.37376672642878,34.84896125437436,0 32.37377188262234,34.84895642040364,0 32.37377693440057,34.84895151287915,0 32.37378188174984,34.84894653360365,0 32.37378672356991,34.8489414834729,0 32.37379145656005,34.84893636517427,0 32.37379608181369,34.84893117871336,0 32.37380059603009,34.84892592677752,0 32.37380499810223,34.84892061116388,0 32.37380928692982,34.84891523276826,0 32.37381346140584,34.8489097933878,0 32.37381751932982,34.84890429481408,0 32.3738214617815,34.84889873885548,0 32.37382528438042,34.84889312639098,0 32.37382581761334,34.8488923097349,0 32.37382898819954,34.84888746013031,0 32.37382950835921,34.84888663709691,0 32.37383257431178,34.84888174278338,0 32.37383603398353,34.84887597250234,0 32.37383937264088,34.84887015472372,0 32.37384258809704,34.84886428943627,0 32.37384567924497,34.84885837843719,0 32.37384864497079,34.848852424425,0 32.37385148308083,34.8488464282899,0 32.3738541946549,34.84884039184031,0 32.37385677748571,34.84883431776913,0 32.37385923155963,34.84882820787922,0 32.37386155577644,34.84882206306634,0 32.37386375011567,34.84881588603465,0 32.37386581237688,34.84880967857573,0 32.37386751723964,34.84880417149212,0 32.37386774364669,34.84880344159659,0 32.37386954171095,34.84879717869157,0 32.37386991895031,34.84879689037263,0 32.37395948944428,34.84872859475236,0 32.37406459939612,34.84867062561278,0 32.37419235063896,34.84863802378686,0 32.3742611774044,34.84863435842457,0 32.37445182301358,34.84867152258465,0 32.37476642998683,34.84878522340654,0 32.3750043092684,34.84892562078683,0 32.375125577986,34.84901473384157,0 32.37520178586613,34.84903421497433,0 32.37532650940592,34.8490435778842,0 32.37544116558501,34.84904236475379,0 32.37567909562085,34.84895392812435,0 32.37575854272701,34.84891255545495,0 32.37589474550887,34.84880863787755,0 32.37619798077718,34.84857794682571,0 32.37630584913661,34.8485011012822,0 32.37646089805057,34.84843317291264,0 32.37669762817225,34.84838719006433,0 32.37682430317565,34.84836255491656,0 32.37712897934319,34.84835465959542,0 32.37756858031329,34.84832560787562,0 32.37778230658318,34.84829822522092,0 32.37807228679087,34.84830729212033,0 32.37824010738018,34.8483085846411,0 32.37855740685335,34.84828370779633,0 32.37881291996385,34.84822591338013,0 32.37915374499403,34.84813633224556,0 32.37944691747305,34.84804638353296,0 32.37967931053626,34.84801743684433,0 32.37980412306578,34.8479740014353,0 32.38001633849643,34.84789708696349,0 32.3803893199278,34.84771213337366,0 32.38090606584277,34.84745656753223,0 32.38125649797882,34.84714142428666,0 32.38186577341722,34.84762227331382,0 32.38207705453265,34.84741794202849,0 32.38217165098675,34.84754114539251,0 32.38266707177255,34.84794939838761,0 32.38286572300012,34.84818056922735,0 32.38294076600689,34.84853069217945,0 32.38321711993076,34.84901250232947,0 32.38325848311629,34.84919014458767,0 32.38323002273819,34.84966065150682,0 32.38331546750648,34.85043607746702,0 32.38380844867713,34.85089712016058,0 32.38446471822832,34.85061247369471,0 32.38488984558585,34.85027018013482,0 32.38507795868573,34.85013405059475,0 32.38535886693123,34.85004315667364,0 32.38615355479604,34.84993925430879,0 32.38629391954719,34.84994600947461,0 32.38645830524914,34.85000070303283,0 32.38686868100893,34.8499736030872,0 32.38717012474092,34.849930144502,0 32.38783296550899,34.84972388875988,0 32.38811590505214,34.84966228980863,0 32.38835487447775,34.84963338488264,0 32.38859017512858,34.84958097962944,0 32.3888005837077,34.84956614853836,0 32.38904749433944,34.8496112293642,0 32.38972088226022,34.849374437869,0 32.39026740711099,34.84924188025362,0 32.39052130996568,34.84919447100194,0 32.39075887411946,34.84911456025231,0 32.39088574412281,34.8490930357861,0 32.39101357453632,34.84912132195262,0 32.39144253443065,34.84911457641495,0 32.39156697339003,34.84913421471497,0 32.39184727325894,34.84891414721488,0 32.39186541787366,34.8488685524291,0 32.39195671896787,34.84881034727206,0 32.392262256698,34.8486866788853,0 32.39235821653435,34.84868023533777,0 32.39258029040515,34.84870127169656,0 32.39262621250119,34.84872266937872,0 32.39268650780005,34.84877655253511,0 32.39304080480643,34.84891928269828,0 32.39321008554725,34.84890406383234,0 32.39334189998099,34.84880809319908,0 32.39335201023769,34.84868173119448,0 32.39327332226153,34.84854462827981,0 32.39336999362845,34.84847353130782,0 32.39350290869689,34.84848256848701,0 32.39369281706293,34.84844922843546,0 32.39379552404827,34.84830295375924,0 32.39395714583725,34.84819140820909,0 32.39398368147537,34.84798770119514,0 32.39397214505388,34.84787592010809,0 32.3937362010403,34.84745242467341,0 32.39354320021691,34.84714257112199,0 32.39343820706341,34.84679154422954,0 32.39332853125439,34.84669802431212,0 32.39325752466367,34.84657606678527,0 32.39329316293286,34.84642691224271,0 32.3932456492952,34.84633900724385,0 32.39312374943764,34.84626117870293,0 32.39311616044272,34.84623683909948,0 32.39320696946699,34.84594275878248,0 32.39330099729803,34.8457947725997,0 32.39329533175944,34.8457552164905,0 32.39331813389099,34.84566343631725,0 32.39344718609482,34.84550135141114,0 32.39358080194868,34.8453331197046,0 32.39369219809715,34.84520528840157,0 32.39374964612642,34.84502737489738,0 32.39377349208963,34.84483982162396,0 32.39378556306792,34.84474486799795,0 32.39403893532288,34.84438252743894,0 32.39408413234481,34.84431789175299,0 32.39430392766232,34.84435991696956,0 32.39454852522987,34.84437187173516,0 32.39483294743506,34.84447154794913,0 32.39510246044853,34.844443343203,0 32.39534805581477,34.84436452065223,0 32.39551248722976,34.84424809299523,0 32.39567250841679,34.84416189350939,0 32.3958233750385,34.84416640557951,0 32.39596751385245,34.84404807633481,0 32.39634486560914,34.84422081285009,0 32.39692216613876,34.84439332372087,0 32.39713605355833,34.84423019780247,0 32.39718996393741,34.84421409315603,0 32.39728602418007,34.84423780905741,0 32.39753956752713,34.84423137953476,0 32.39784724443327,34.84446760671307,0 32.39803775505249,34.84457664874273,0 32.39810635262775,34.84464441636123,0 32.39812148731094,34.84475212514329,0 32.3984595982169,34.84479168053113,0 32.39861398301156,34.84487639358154,0 32.39876700548283,34.84491573775531,0 32.39891310043467,34.84495325545195,0 32.39924742084384,34.84491183035576,0 32.39942664410194,34.84488251469859,0 32.39950968142535,34.8448690074454,0 32.39959923571403,34.84479237785472,0 32.39970822138909,34.84479320424481,0 32.39992922803329,34.84474891390736,0 32.40021830183159,34.84473856969672,0 32.40058775011229,34.84456376669611,0 32.40075843098726,34.84448566103131,0 32.40099989460531,34.84442480741779,0 32.40165277670937,34.84452377844311,0 32.40167595258285,34.844490522268,0 32.40171038880207,34.84452956329454,0 32.40170981779981,34.8445812685392,0 32.40165708075942,34.84462252105428,0 32.4012933776729,34.84473321767,0 32.40104814126224,34.84489471279385,0 32.40066931866522,34.84514417190672,0 32.40046474590527,34.84520436024445,0 32.40016724963723,34.84538731960629,0 32.39997831856221,34.84553680275486,0 32.39974073430642,34.84594316051678,0 32.39963097406634,34.84608295396635,0 32.39950460939838,34.84621919211137,0 32.39924023940566,34.84641612084749,0 32.39894647959499,34.84700726557038,0 32.39875666150378,34.84760606001697,0 32.39878306026055,34.84822021530756,0 32.39881381222857,34.84881725490546,0 32.39890000503182,34.84929466884477,0 32.39939391005753,34.84978203748277,0 32.39957549748208,34.84991718269015,0 32.3997511475151,34.84983962773612,0 32.39994779601065,34.84974508225219,0 32.39991554464576,34.84965222966783,0 32.39993311193837,34.84957004434751,0 32.40003370828335,34.84950564014908,0 32.40037695281139,34.84932645761565,0 32.40057660795944,34.84933483082684,0 32.40087369551611,34.84918959632235,0 32.40125920043472,34.84895242381201,0 32.4014768802253,34.84883745552057,0 32.40163580552436,34.84876663034055,0 32.40189317581665,34.84882345881324,0 32.40228279968937,34.84858974224329,0 32.40277579472756,34.84841511709754,0 32.40285084593495,34.84840196500244,0 32.40295048033936,34.84842329798585,0 32.40339850560357,34.84817630060351,0 32.40356170414233,34.84809521660121,0 32.40384464054737,34.84847121518428,0 32.4040526937662,34.84847278737264,0 32.4042446731476,34.8484227878857,0 32.40432169612617,34.84897901696674,0 32.40438376694005,34.84901035460279,0 32.40439547536966,34.84945290216009,0 32.40444860454977,34.84991291316173,0 32.40451375841972,34.85041417307494,0 32.40438506072012,34.85075962381763,0 32.40422803644186,34.85103283180964,0 32.40409872331784,34.85143315482773,0 32.4041914067463,34.851704818564,0 32.40400433458392,34.85206011763709,0 32.40406621722267,34.85210860336953,0 32.40386711621607,34.85242265138082,0 32.40391906928085,34.85261511946155,0 32.40415190713686,34.85263402767019,0 32.40440772239728,34.85283146496626,0 32.40450510408576,34.85305514561743,0 32.40459604066268,34.85311070986071,0 32.40495936454062,34.85337069626355,0 32.40502082729954,34.85345690802282,0 32.40519678056912,34.85372576917695,0 32.40530840919619,34.85379177983041,0 32.40563401703645,34.85407548848443,0 32.40585250442956,34.8542623512891,0 32.40618964619659,34.85463189423681,0 32.40626294686461,34.85477650298514,0 32.4061986932254,34.85494065476744,0 32.40654580262832,34.8551627845186,0 32.40678120636928,34.85532576360765,0 32.4069582756363,34.85549516355018,0 32.40712603120816,34.85575367041592,0 32.4072457193443,34.85584374897189,0 32.40777158645305,34.85608437028228,0 32.40799252147519,34.85605173330335,0 32.40810488030963,34.85605257858136,0 32.40817528154675,34.85608397736113,0 32.40828603925738,34.85622886631503,0 32.40838950292789,34.85628109297811,0 32.40846372288988,34.85634338964297,0 32.40846280779184,34.85642570040962,0 32.40849968962533,34.85647742732108,0 32.40865366333988,34.85647858356739,0 32.40882462344128,34.85644899950825,0 32.40887562784779,34.85635334492274,0 32.40916128208585,34.85648925746025,0 32.40948034186243,34.85661513183177,0 32.40975763663658,34.85675440979596,0 32.40998548847848,34.85684872809241,0 32.41025147902936,34.85688159366232,0 32.41065521571839,34.85687776187751,0 32.41072776389511,34.85692331306623,0 32.41067664738847,34.85702435484711,0 32.41076841354631,34.85707258625027,0 32.41083742384847,34.85709212111225,0 32.41091828451285,34.85708321815179,0 32.41122715813986,34.85697459942063,0 32.41154440764844,34.85715130223247,0 32.41148997386893,34.85720477683156,0 32.41152758806302,34.85728112720314,0 32.41135808562011,34.85765386324109,0 32.41171543193347,34.85803054597568,0 32.41124052702589,34.85819814340702,0 32.41098192398179,34.85828178264128,0 32.41097719939232,34.85836098485204,0 32.41096834968309,34.85846551355797,0 32.41098984328306,34.85860830449754,0 32.41106730147263,34.85890682208789,0 32.4110579594837,34.85905572051282,0 32.41101869588729,34.85912832642547,0 32.41082430553205,34.85931704073777,0 32.41088256426883,34.85947294444438,0 32.41091291117798,34.85955415455173,0 32.41096102304691,34.85968715324874,0 32.41100189854902,34.85991958090665,0 32.41105138635609,34.86021584370656,0 32.41114324861259,34.86030835093015,0 32.41118291171175,34.86036221064884,0 32.41113555552285,34.86045114109434,0 32.41116275993862,34.8605125620972,0 32.4112768812644,34.86084246097037,0 32.41137647066977,34.86108297459455,0 32.4116424332132,34.86139358627955,0 32.41169716638196,34.86148581968238,0 32.41179995911899,34.86171615234471,0 32.41183241338925,34.86186689173027,0 32.41166594067965,34.86210034245453,0 32.41170765243262,34.86225369933852,0 32.41176580069654,34.86231534831369,0 32.41187548277889,34.86247941029283,0 32.4118858732573,34.86266824832239,0 32.41171449892025,34.8627792230679,0 32.41150905929847,34.86289249632838,0 32.41140592688606,34.8632820151558,0 32.41139247490414,34.86338394974753,0 32.41155907172593,34.86372698998933,0 32.41113580498232,34.86395344583725,0 32.41074027899113,34.86419030733603,0 32.41059817825896,34.86445964878181,0 32.41033167617049,34.86478674012057,0 32.41024949922259,34.86494938710668,0 32.41026203868525,34.86522752148171,0 32.41029053712357,34.86545985759515,0 32.41031871330945,34.86572280293589,0 32.41029210120202,34.86589861343865,0 32.41023290233806,34.86622978621165,0 32.4101106557611,34.86667017878696,0 32.41002979381874,34.86700119043024,0 32.41015753409994,34.86721385287859,0 32.41018447031867,34.86730077963322,0 32.41019284083663,34.86738757035555,0 32.41015538249598,34.86741790390064,0 32.41009666563484,34.86740981807505,0 32.40998590523926,34.86734778055473,0 32.40985356300123,34.86727793095631,0 32.40989016048352,34.86732921790866,0 32.41014125412404,34.8675836040271,0 32.41010054104365,34.86762921814806,0 32.40994677798917,34.86753625299917,0 32.40979602937907,34.86745096264868,0 32.40955922616811,34.86730891844802,0 32.40947602134713,34.86727514251906,0 32.40949256984091,34.86746657686019,0 32.40950992680924,34.86758149354416,0 32.40956770155467,34.86767885190271,0 32.40971481575522,34.86781513236276,0 32.40989290563523,34.867949091251,0 32.40993840988475,34.86803615503413,0 32.4100586698405,34.86807785733082,0 32.40995921215429,34.86811793553889,0 32.40965198068127,34.86849063999084,0 32.40969094535409,34.86890416314664,0 32.4099854237701,34.86886042351833,0 32.4100489575308,34.86899863718486,0 32.40997414821574,34.86904910137611,0 32.40992982675684,34.86914315522905,0 32.40995003591303,34.86928104961387,0 32.41015592863344,34.86971366082269,0 32.41029586397836,34.86994426840069,0 32.41029209922733,34.87030135821129,0 32.41035759959033,34.87054672166777,0 32.41041481495431,34.87099098883023,0 32.41021925427279,34.87104566408262,0 32.40991193223824,34.87113267545847,0 32.40982533372503,34.87112693401315,0 32.40977280316352,34.87082554805306,0 32.40940313155455,34.87066211481392,0 32.40921855166418,34.87055616631091,0 32.40888025921853,34.87035215010226,0 32.40864282917793,34.87026876800507,0 32.40828785316407,34.87017941481056,0 32.40820787624825,34.87013290839891,0 32.40809393747027,34.87007849783267,0 32.40791444457425,34.87007716961207,0 32.40780311558778,34.87006869395977,0 32.40742602009779,34.87002253795003,0 32.40720885027492,34.8700719468745,0 32.40705023738153,34.87014474644612,0 32.40659856022621,34.87041944076978,0 32.40624365385048,34.87061577589519,0 32.4060730107069,34.87065532386163,0 32.40597419609994,34.87063418487192,0 32.40547924301978,34.87031931111144,0 32.40519243677484,34.87022280212385,0 32.40498902356546,34.87014221689633,0 32.4048504649226,34.87007486628443,0 32.40475544971058,34.86998743208047,0 32.40464661222158,34.86974429456181,0 32.40455857152622,34.86958293829588,0 32.40418984351501,34.86962356329757,0 32.40404632315297,34.86973218272677,0 32.40393081696087,34.86982570514409,0 32.40378805316332,34.86986290674348,0 32.40386770246754,34.86994002341239,0 32.4039653240642,34.87007339264669,0 32.40401348598979,34.87020129198832,0 32.40401533415617,34.87031864383385,0 32.40397602885568,34.87052241869865,0 32.40397717307798,34.87070608711246,0 32.40399745518671,34.87083633051841,0 32.40408009214332,34.87092367308779,0 32.40418490682779,34.87096271477198,0 32.40433880533719,34.87104293438468,0 32.40450755351289,34.87118193217177,0 32.40461820516643,34.87125417830662,0 32.40481526870698,34.87135002132663,0 32.40486731131938,34.87140397606363,0 32.40470440799751,34.87158897778486,0 32.40460450821904,34.8716698616383,0 32.40459406009816,34.87177947034994,0 32.40457769297367,34.8718635260804,0 32.4045526905156,34.87188629816185,0 32.40441334542705,34.87189291545985,0 32.40457186326176,34.87212111723129,0 32.40471930255328,34.87222679626921,0 32.40486908104824,34.8724039158936,0 32.40513114692263,34.87279103741833,0 32.40553245618153,34.87318174184472,0 32.40512147604923,34.87341081783472,0 32.40552406028206,34.87368164283788,0 32.40584405726425,34.87386002426384,0 32.40590369371455,34.87394048884776,0 32.40600690842655,34.87407975023229,0 32.40644344090786,34.87423028718221,0 32.40649423006619,34.87433044328825,0 32.4064516931179,34.875052260161,0 32.40631611345403,34.875322039743,0 32.40629787506366,34.8754074170349,0 32.40630280492591,34.87548347669952,0 32.40632528976441,34.87553590276458,0 32.40635883574572,34.8756311682891,0 32.40634070391241,34.87570704503506,0 32.40629411096291,34.87574945334259,0 32.40629951019051,34.87578274877033,0 32.40636785614254,34.87585928213821,0 32.40626183397286,34.87606277237236,0 32.40649549249184,34.87631156835207,0 32.40654419101595,34.87660173825132,0 32.40709857108326,34.87704771012851,0 32.407272701274,34.87746708745085,0 32.40769532002328,34.87783606038496,0 32.4077965931777,34.87806486324428,0 32.40795588378339,34.87826083274098,0 32.40840869631228,34.87850650397527,0 32.40907196491264,34.87901504381115,0 32.40976698588126,34.87925776477174,0 32.40995184880752,34.87922588613124,0 32.41022454466702,34.87907113581438,0 32.41044882950047,34.87912506901002,0 32.41095458104924,34.87927610483835,0 32.41099087807016,34.87964694392806,0 32.41126695038544,34.87971076098249,0 32.41157013272122,34.87993155462235,0 32.41141274205987,34.88008716458894,0 32.41126284130277,34.88008605026622,0 32.41115682551395,34.88028955010315,0 32.41117006278924,34.88066021429439,0 32.41082095554791,34.88094742197285,0 32.41027207417682,34.8810478589796,0 32.40987238132027,34.88068856689316,0 32.40983555124097,34.88089257982809,0 32.410019932787,34.8814308030592,0 32.41002807704015,34.88173967034346,0 32.41055098304197,34.88190509138023,0 32.41054235532782,34.88216632601996,0 32.41040641468565,34.88246937083439,0 32.40984739397409,34.88244145450297,0 32.40960418921492,34.88253466137532,0 32.4095611756903,34.88277663574588,0 32.40973112378675,34.88305345235703,0 32.409740154038,34.88328156217467,0 32.4102158531771,34.88354640208061,0 32.41002354869329,34.88373025465585,0 32.41069320898693,34.88418657240185,0 32.41076015484781,34.88439135803797,0 32.41046033337618,34.88438912742233,0 32.4103670377023,34.88448345025688,0 32.41041103023334,34.8846785632899,0 32.40975100904865,34.88492069599214,0 32.41029656906933,34.88565164099678,0 32.41062340397774,34.88582035440572,0 32.41062199915054,34.88594861904915,0 32.41050563933048,34.88604276793823,0 32.41026352353505,34.88603621572511,0 32.41053098271793,34.88636126719814,0 32.41029950695481,34.88643555625248,0 32.4100811292538,34.88636741965919,0 32.41012600765082,34.88648177717773,0 32.40964492401404,34.88670623580315,0 32.40987325684957,34.88744431693218,0 32.41000945675032,34.88764487331209,0 32.41021943090573,34.88742789172893,0 32.41093997759898,34.88745225704285,0 32.41113758670839,34.88783854701112,0 32.41158323029514,34.88821718004982,0 32.41189408100415,34.88826700714942,0 32.41207807063763,34.88849115201442,0 32.41213767337614,34.88856376183298,0 32.41197217099311,34.88935607107653,0 32.41155895612051,34.88958064905036,0 32.41131038418003,34.89000122091818,0 32.4114597368722,34.89022991158837,0 32.41138420622764,34.89030727509547,0 32.41144491079779,34.89044714879991,0 32.41138081553808,34.8906168666545,0 32.41146329244742,34.89104190875092,0 32.41159425970415,34.89113103501806,0 32.41122003524188,34.89120416500197,0 32.41150235185174,34.89156710552645,0 32.41170813342943,34.8916444750491,0 32.4117976347797,34.89188297969422,0 32.41174618788063,34.89203433552708,0 32.41196618625719,34.8924050213027,0 32.41193600121289,34.89243350641838,0 32.41194530736725,34.89249303663818,0 32.41154669755814,34.89274642794266,0 32.41177919198179,34.8928855058697,0 32.41179300469845,34.89298812900635,0 32.41176115802961,34.89316833428964,0 32.41180722074422,34.89328144474033,0 32.41129792852549,34.89363859738506,0 32.41153262312903,34.893804347944,0 32.41159312884337,34.89396267366349,0 32.4117449781939,34.89419138137054,0 32.41223038295887,34.89465217463061,0 32.41239809254304,34.89456933212529,0 32.41264135748444,34.89440707368207,0 32.41286746512414,34.89444768280809,0 32.41296197608143,34.8949117694348,0 32.41270964804487,34.89499194492772,0 32.41266786704956,34.89517002821356,0 32.41252018535575,34.89547036234263,0 32.41208968076916,34.89596076021419,0 32.41184510969639,34.89594045778321,0 32.41121756074011,34.89576511908162,0 32.41093541284279,34.89575482703766,0 32.41066611309914,34.89571171257857,0 32.40989481415154,34.89561135742945,0 32.40968704376694,34.89570349211772,0 32.40925652470002,34.89607496535302,0 32.40882761304518,34.89629957718476,0 32.40824265822592,34.89661244198327,0 32.40771978465391,34.89668523203061,0 32.40739192712088,34.8966508969247,0 32.4066679379919,34.89644549144904,0 32.40562332939147,34.89601848237064,0 32.40511210598436,34.89573800583523,0 32.40482809396922,34.89571250055508,0 32.40434821534833,34.89587073544744,0 32.40377159024403,34.89566214245862,0 32.40338378509325,34.89544004003287,0 32.40317418017909,34.89522989450873,0 32.40309371870322,34.89502708768126,0 32.40283560282693,34.89476336953096,0 32.40171316361443,34.89413353912071,0 32.40142501592082,34.89424847937892,0 32.40142620984636,34.89437407381619,0 32.40148376214056,34.89454478362526,0 32.4016210263981,34.89475226921142,0 32.40151981536543,34.8947898345686,0 32.40157025154117,34.89490302171522,0 32.40171189165043,34.89494876864655,0 32.40196722583963,34.89546363813355,0 32.40189911451913,34.89554614950976,0 32.40186922771176,34.8956778991644,0 32.40175173279847,34.89578558766245,0 32.40164776507615,34.89607217480916,0 32.40163004381475,34.89627212850193,0 32.4016582271004,34.89652776390798,0 32.40172442970138,34.89661765278908,0 32.40186088043363,34.89666548965495,0 32.40207277160495,34.89666918416395,0 32.40207807413687,34.89689059333165,0 32.40225420220819,34.89708985090267,0 32.40227138014243,34.89787328825901,0 32.40242709464047,34.89804898014984,0 32.40240231664243,34.89865330868074,0 32.40256453855243,34.89894186206618,0 32.40274260187588,34.89896659160025,0 32.40280253768376,34.8989223340191,0 32.40281942656723,34.89903101449299,0 32.40293339953774,34.89900844201431,0 32.40291091308908,34.89917217564319,0 32.40314061792848,34.89920154190521,0 32.40309038425186,34.89930334204959,0 32.40332302714744,34.8993008020017,0 32.40357284418597,34.89938140137108,0 32.40395796555703,34.89961412681596,0 32.40417674743585,34.89969662439798,0 32.40425315175702,34.89979935853476,0 32.40467903936903,34.89985145365355,0 32.40523377461813,34.90017269552231,0 32.40480344543124,34.90028872537242,0 32.40471714904668,34.90037961810101,0 32.40464292777408,34.90031308540051,0 32.40445426422858,34.90031169509592,0 32.4043839683542,34.90035800573973,0 32.40418407351412,34.90067155963632,0 32.40417227743455,34.90103758435122,0 32.40409340437191,34.90115833127089,0 32.40364520923664,34.90148708155517,0 32.40362227464571,34.90169125371356,0 32.40380236457109,34.90176708176216,0 32.40385198365395,34.90218890207774,0 32.40374052165965,34.90221788061311,0 32.40356038014092,34.90238045043606,0 32.40353409201891,34.90255851252445,0 32.40353244327793,34.90256968661676,0 32.40375198301875,34.90258407696922,0 32.40372446165261,34.90293340478843,0 32.40369868087527,34.90326063276007,0 32.40399227611417,34.90337079556721,0 32.40322718822319,34.90393409104877,0 32.40313616962056,34.90401887476433,0 32.40283753926607,34.90411784285934,0 32.4024597139151,34.9042184644132,0 32.40225845913189,34.90415172753599,0 32.40216566898314,34.90414878321498,0 32.40124547152242,34.90442301010623,0 32.40093752225081,34.90462311706808,0 32.4004604859586,34.90480845592952,0 32.40011288530637,34.90489130611997,0 32.40001901685109,34.90498731416823,0 32.39992428990963,34.90515978487841,0 32.39945841255683,34.90532271495513,0 32.39874017552115,34.90559619334459,0 32.39829660745376,34.90571655224275,0 32.39777326103356,34.90589253416698,0 32.39743429977301,34.90618011676437,0 32.39709116664257,34.90635070884097,0 32.39662053175157,34.9066957714202,0 32.39585996860718,34.90709036861983,0 32.39558144664972,34.90734241564146,0 32.39473940939055,34.90769815386201,0 32.3941901193654,34.90799537856854,0 32.3939165759337,34.90804503532493,0 32.39370862888902,34.90857650719585,0 32.39332105260944,34.90870960728228,0 32.39318735733288,34.90875551909331,0 32.39317139393668,34.90951730848992,0 32.39268138290173,34.90967386292298,0 32.39197689008812,34.9096443685221,0 32.39171826107753,34.90946705959362,0 32.39122992658578,34.90947547296352,0 32.39110454132159,34.90952592580102,0 32.39090450879311,34.90968465932238,0 32.39081174787727,34.90977163969308,0 32.39094742521885,34.90978475666425,0 32.39125082113205,34.9098989123665,0 32.39138540181983,34.91000877136273,0 32.39151123702675,34.91024252587162,0 32.39154605897185,34.91040907779009,0 32.39153683531969,34.91089880572028,0 32.39148675374209,34.91143055531652,0 32.39063812638939,34.91148462249562,0 32.39036553164472,34.91156722203934,0 32.3898188315611,34.9115419301157,0 32.38965680305608,34.91158605783721,0 32.38946804930597,34.91172068739785,0 32.38931455834506,34.91198256750912,0 32.38922882561046,34.91209680942399,0 32.38905297304365,34.91206524645177,0 32.3888034630034,34.91205428982151,0 32.38863296664697,34.91187461778636,0 32.3884393782157,34.9117884971028,0 32.38801357169024,34.91178527546577,0 32.3874620068072,34.91154224751049,0 32.38706475382851,34.91128829316579,0 32.38691309831101,34.9110664324875,0 32.38683659834372,34.91101445537483,0 32.38654030296333,34.91092150617047,0 32.38643824817131,34.91085724050851,0 32.38632004386692,34.91059935131417,0 32.38624745646468,34.91052623808358,0 32.38569282165667,34.91023178114748,0 32.38548190213414,34.91037833008911,0 32.3856803068774,34.91068520322817,0 32.38573731437351,34.9108368079021,0 32.38558747024865,34.91077822592577,0 32.38531403013312,34.91061288420758,0 32.38512265678325,34.91033327534463,0 32.38483958829088,34.91004692184864,0 32.38464355850414,34.91017544141808,0 32.3844306336056,34.91049733223908,0 32.38417489449599,34.91038956949873,0 32.38395295189849,34.91021554535599,0 32.38374832560336,34.91013235760095,0 32.38364682700082,34.91001971844555,0 32.38354719871317,34.91006431223387,0 32.38309802813904,34.91017881058226,0 32.38277504289371,34.9101733296649,0 32.38234467360311,34.91024866282468,0 32.38225010179198,34.91049284189971,0 32.3819243799999,34.91040570471727,0 32.38150134982314,34.91048109113184,0 32.38111966652004,34.91047213405271,0 32.38067966953148,34.91042645031062,0 32.38054756938901,34.90978144974998,0 32.37999794055656,34.90969259983898,0 32.37985493122126,34.90935892954504,0 32.37963431995369,34.90907001796111,0 32.37895940795757,34.90806410179908,0 32.37897572307988,34.90792212536623,0 32.37945753116384,34.9081616346078,0 32.37984504571561,34.90862113272435,0 32.38009367489141,34.90870768753989,0 32.38035754352688,34.90874598253014,0 32.38076290658342,34.90860999656849,0 32.38083323828833,34.90855913423182,0 32.38094595522146,34.90833323573889,0 32.38072246511781,34.90829524964916,0 32.38026048993981,34.90824637408286,0 32.38001165338937,34.90817795879382,0 32.37982206559168,34.90806464438518,0 32.37961174038686,34.90783930310288,0 32.3794854568041,34.90764786222915,0 32.37912907565157,34.90735488868504,0 32.37869471021659,34.90713992846916,0 32.37855623773022,34.90705119108873,0 32.37846222784553,34.90692651042916,0 32.37831305774272,34.90681047884986,0 32.37822337891709,34.9066283868656,0 32.37791963028286,34.90654745404974,0 32.37775962207007,34.90641622150083,0 32.37761727293118,34.90634559263266,0 32.3773469767724,34.90622863303764,0 32.37713537404449,34.90611514576813,0 32.37709289470467,34.90597876623882,0 32.37707777868702,34.90569746987378,0 32.37703501960421,34.90558527497759,0 32.37669911255365,34.90542850699084,0 32.37660084451114,34.90535519139883,0 32.37651861735552,34.90516408517019,0 32.37643604276778,34.90500320994494,0 32.37632683495951,34.90492376330831,0 32.37601966693367,34.90482163558153,0 32.37568470444767,34.90458323853097,0 32.37533747728623,34.90445359107014,0 32.37503709590232,34.90439988777272,0 32.37481365316791,34.9043588686349,0 32.37460226959575,34.904227236943,0 32.37448565308596,34.90415377925493,0 32.37399126487515,34.90405323194549,0 32.37340553711985,34.90391569960119,0 32.37303832238195,34.90392799337338,0 32.37289545633465,34.90390270784388,0 32.37277880790217,34.90383227083326,0 32.37248839307055,34.90355188032746,0 32.37209996410664,34.90317700669149,0 32.37199397799112,34.90313688660442,0 32.37169723828199,34.90308622628397,0 32.37092702287813,34.90303191753517,0 32.37021969504315,34.90293576029516,0 32.36983437768269,34.90292674101318,0 32.36926103133268,34.90298883170394,0 32.36870201430272,34.90308126391151,0 32.36854785859245,34.90308007278887,0 32.36833211507979,34.90300886605102,0 32.36805736413097,34.90296139129811,0 32.3669751475762,34.90285340653631,0 32.36661378545102,34.90281734823748,0 32.36646105491864,34.90277982462294,0 32.36636034052849,34.90273414820829,0 32.3662238879107,34.90264639261128,0 32.36616035056643,34.90260553148336,0 32.36591411705138,34.90252179663196,0 32.36569822764863,34.90240829509812,0 32.36533448375991,34.9024009795853,0 32.36446592632912,34.90237629873043,0 32.36405155024351,34.90235833833189,0 32.36383633215529,34.90234900908909,0 32.36331627394529,34.90224206697501,0 32.36298610318288,34.9021500287756,0 32.36280953113288,34.90192501481437,0 32.36251350842848,34.90169906494759,0 32.36201773722674,34.90137315015964,0 32.36181819709751,34.90125529707992,0 32.36163400492098,34.90121807095886,0 32.36146135255196,34.90112279133068,0 32.36122965575931,34.90096890522138,0 32.36111145772536,34.90086063420668,0 32.36104823798166,34.90069465183099,0 32.36098569859009,34.90047053029162,0 32.36083012377892,34.9003082943893,0 32.3603540432187,34.90015695947589,0 32.36016964432824,34.90013761970532,0 32.36012917457341,34.90034751490693,0 32.36004057186438,34.90049441400054,0 32.35993140102311,34.90054275577317,0 32.3596818993465,34.90051843097278,0 32.35902666857543,34.90082636042729,0 32.35873721648033,34.90096720709391,0 32.35864501687593,34.90095753601333,0 32.35829376673426,34.9008116472526,0 32.3579958686344,34.90074668602033,0 32.35778316630937,34.90082551674435,0 32.35767263104891,34.90099013283807,0 32.35767454081085,34.90128981289717,0 32.3575462952634,34.90157504931634,0 32.35745884138785,34.90162355862056,0 32.35730138034569,34.90162231774531,0 32.35698113086866,34.90161084885759,0 32.35680137064688,34.90165862952583,0 32.35656046506578,34.90182668940626,0 32.35623942665978,34.90188230007278,0 32.35601132422973,34.90188497231192,0 32.35582750150068,34.90181643294478,0 32.3557629765615,34.90176225256724,0 32.3555108845071,34.90149637823765,0 32.35538615970533,34.90148197551988,0 32.35513570682816,34.90153814150535,0 32.35489674545244,34.90154072609912,0 32.35458271848385,34.90146221085612,0 32.35422820455106,34.90159358601584,0 32.35388439181612,34.90173846264091,0 32.35362750662869,34.90187955400248,0 32.35346313710812,34.90200348712777,0 32.35330414341907,34.9021319350095,0 32.35315990720845,34.90230086117411,0 32.35313344695927,34.90233185097811,0 32.35290031682282,34.90254163480332,0 32.35284385755175,34.90259243944043,0 32.35279643746161,34.90269006068723,0 32.35280124604007,34.90284252945243,0 32.35279983269051,34.90296228581446,0 32.35271917543454,34.90307597997321,0 32.35261946139208,34.90312419871385,0 32.35240745684919,34.90316609688367,0 32.35216914551955,34.90319690218278,0 32.35193057651294,34.90324948129902,0 32.35174359337584,34.90341134049493,0 32.35156199569619,34.90367667714964,0 32.35125746213318,34.90371785153958,0 32.3512306390477,34.90375030649414,0 32.35125688315794,34.90376684345166,0 32.35143455607314,34.90383355765798,0 32.35182923798099,34.90399451268244,0 32.35202423257294,34.90427367545149,0 32.35264804228452,34.90518223756334,0 32.35300454648336,34.90577840834717,0 32.35280337667824,34.90602181822621,0 32.35276082879736,34.90626646472537,0 32.35279881434015,34.90640830383765,0 32.35291020928544,34.90649083173798,0 32.35374542285725,34.90629046823295,0 32.35396840705846,34.90643919037593,0 32.35411663433452,34.90676153796354,0 32.35407428346617,34.90698985489897,0 32.35403962976191,34.9076864112346,0 32.3540044654577,34.90786578845309,0 32.35339851037124,34.90824214571649,0 32.35269398760236,34.90856873659529,0 32.3523162177041,34.90865289440734,0 32.35143970960132,34.90898902404985,0 32.35150595982892,34.9100946644409,0 32.35164763101383,34.91264898415569,0 32.35160469003475,34.91292628993533,0 32.35129941373894,34.91302734250214,0 32.35098707767869,34.91316644613025,0 32.35083356919961,34.91329045766365,0 32.3504465242904,34.91359773817531,0 32.3501810972618,34.91368276720517,0 32.34937552871069,34.91360569606731,0 32.34913076924456,34.91362011248995,0 32.34840058159048,34.91387570494062,0 32.34815298008712,34.91412963141519,0 32.34751571259596,34.914353283766,0 32.34722876827557,34.91457967952034,0 32.34702372978763,34.91458895961488,0 32.34665830668595,34.91474396706641,0 32.34643117342233,34.91494361099814,0 32.34610987944416,34.91527861352426,0 32.34583796343393,34.91535269359046,0 32.34566992818158,34.91558546406768,0 32.34519757007886,34.91583761777579,0 32.34550986643182,34.91625925554634,0 32.34575035819506,34.91679213237514,0 32.34562430377181,34.91684646639811,0 32.34531713754895,34.91698583997223,0 32.34473907520116,34.91724812481388,0 32.34451910696682,34.91724145694555,0 32.3444324012312,34.91727993505758,0 32.34326756958287,34.91818628415769,0 32.34301209761055,34.91816463657977,0 32.34287306536172,34.91810475258737,0 32.34283199009882,34.91781550017149,0 32.34279783441109,34.91769035164563,0 32.34236370939794,34.91744445111737,0 32.34229478288312,34.91748796729858,0 32.34225857777961,34.91777414694401,0 32.34037169059395,34.91910015160244,0 32.34020155051756,34.91921971430448,0 32.3403369388456,34.919423418328,0 32.34036723127271,34.91947734161318,0 32.34129932547332,34.92113655342648,0 32.34257366011603,34.92351301388482,0 32.34170594339869,34.92366527188753,0 32.34032788178641,34.92280468918152,0 32.3395910773805,34.92234454913063,0 32.33944815139372,34.92231562543968,0 32.33908496369606,34.92238206010684,0 32.33883207218408,34.92238693655882,0 32.33858425584231,34.92196853206998,0 32.33850439431534,34.92160007598826,0 32.33761822541485,34.92100296409391,0 32.33706087729917,34.92039465520971,0 32.33605393746187,34.92143431645886,0 32.33471481567136,34.92276271666179,0 32.33293166815904,34.92456629638099,0 32.33242802440845,34.92509651804331,0 32.33223827415232,34.9254558243828,0 32.33104899275502,34.92623023571746,0 32.33342374866893,34.92919217456763,0 32.33429890602988,34.93028276150796,0 32.3351985020126,34.9314090835914,0 32.33748713634478,34.93427435828345,0 32.33019670067218,34.93751903512335,0 32.32847011413772,34.93828339868301,0 32.3278190054789,34.93853197877261,0 32.32794008253807,34.9379433490237,0 32.3277219186896,34.93763307352342,0 32.32730014493022,34.93762967060825,0 32.32648684830487,34.93831555058573,0 32.32573189702988,34.93810148800665,0 32.3254744100372,34.93872329281184,0 32.32546379695349,34.94024750111703,0 32.32395104761843,34.94116080521908,0 32.32348549365511,34.9404371661842,0 32.31324343216617,34.94475938597618,0</coordinates>
						</LinearRing>
					</outerBoundaryIs>
				</Polygon>
				<Polygon>
					<extrude>0</extrude>
					<altitudeMode>clampToGround</altitudeMode>
					<outerBoundaryIs>
						<LinearRing>
							<coordinates> 32.37497437023281,34.84649228409134,0 32.37513295016119,34.84659565212635,0 32.37523379401718,34.84668949543533,0 32.3753345345073,34.84679241735331,0 32.37540248720588,34.84687238621922,0 32.37542642034963,34.84694747671745,0 32.37543123282035,34.84700880061126,0 32.37541717808566,34.84703365934346,0 32.3753897138231,34.84702663677317,0 32.3752558190583,34.84693253999929,0 32.37512738118829,34.84684302244403,0 32.37503479873377,34.84674924313341,0 32.37499124882207,34.84670350875136,0 32.3749285751175,34.84664400946254,0 32.37486361263444,34.84654363465943,0 32.37485022822283,34.8465094836213,0 32.37488091176023,34.84647567176003,0 32.37497437023281,34.84649228409134,0</coordinates>
						</LinearRing>
					</outerBoundaryIs>
				</Polygon>
				<Polygon>
					<extrude>0</extrude>
					<altitudeMode>clampToGround</altitudeMode>
					<outerBoundaryIs>
						<LinearRing>
							<coordinates> 32.32274998046634,34.88798812758012,0 32.32267908328222,34.8880188136329,0 32.32259760536143,34.8880270808932,0 32.32252729947947,34.88800864171255,0 32.32240838527707,34.88797193916066,0 32.32237035865074,34.88797609458716,0 32.32212184387294,34.88788920277965,0 32.32207839154184,34.88789331433784,0 32.3219810158488,34.88787018611671,0 32.32194320491997,34.8878564782178,0 32.32191656514112,34.88781606307088,0 32.32191751523138,34.88778790251666,0 32.32191863457873,34.8877547192777,0 32.3219339141232,34.88772687662776,0 32.32202710039784,34.88764724186591,0 32.32203870277078,34.88758480732891,0 32.32214273909082,34.88750526092947,0 32.32220864046248,34.88743880321369,0 32.32225810760096,34.88738561021925,0 32.32234549267085,34.88733719338748,0 32.32241123343475,34.88728413341165,0 32.32248750051043,34.88725795750788,0 32.32257477918852,34.88721847211456,0 32.32263466517718,34.88720109556495,0 32.32274847539644,34.88721095753799,0 32.32282399085086,34.88724730533172,0 32.32304962502543,34.88743227109988,0 32.32313513164991,34.8875401625771,0 32.32314549809979,34.88758044538891,0 32.32313416500951,34.88762055058871,0 32.32308443091986,34.88769607340063,0 32.32297306596401,34.88779652254745,0 32.32280471088421,34.88794837686091,0 32.32274998046634,34.88798812758012,0</coordinates>
						</LinearRing>
					</outerBoundaryIs>
				</Polygon>
				<Polygon>
					<extrude>0</extrude>
					<altitudeMode>clampToGround</altitudeMode>
					<outerBoundaryIs>
						<LinearRing>
							<coordinates> 32.31295655346084,34.9000216045506,0 32.31282444143607,34.90003923405265,0 32.31274713004807,34.90003859681572,0 32.31238362777484,34.90000939102265,0 32.31222909594221,34.90000062835544,0 32.31199224822279,34.9000286246167,0 32.31180592706463,34.9000158549327,0 32.31158763480053,34.90001405265212,0 32.31146953020433,34.90000184548358,0 32.31134255703507,34.89997084652423,0 32.31127015752084,34.89994029820964,0 32.31093085403976,34.89979148594281,0 32.31087646365393,34.89977606075885,0 32.31080824739461,34.89977549729354,0 32.31074003113689,34.89977493378995,0 32.31050304708513,34.89981415717191,0 32.31047121347922,34.89981389365121,0 32.31043037495466,34.89980606840091,0 32.31036270596841,34.89976058281064,0 32.31033137307308,34.8997191416141,0 32.31031818544619,34.89968159474618,0 32.31031427692528,34.89962914867281,0 32.31031059490061,34.8995579858932,0 32.31032978920455,34.89947577981606,0 32.31034953075248,34.89934865275851,0 32.31036422143683,34.89926266670344,0 32.31038741628286,34.89922542001354,0 32.31050679602784,34.89913281109838,0 32.31060275438968,34.89909616640981,0 32.31069875707968,34.89905577739604,0 32.3107264075548,34.89902605482305,0 32.3107637009079,34.89895148717777,0 32.31078739703533,34.89887306186181,0 32.3108149564223,34.89885082684968,0 32.31087471405688,34.89879890672652,0 32.31097517320359,34.89876604257373,0 32.3111347063691,34.89873740999578,0 32.31120737873038,34.89874549834305,0 32.31126604248833,34.89878342090472,0 32.31136477035731,34.89889280698333,0 32.31146800203756,34.8990059747134,0 32.31154030879013,34.89904401048394,0 32.31173135854886,34.8990418437617,0 32.31214919994108,34.89909021852974,0 32.31248932254076,34.89917164545626,0 32.31263885079832,34.89921780466192,0 32.31295623579276,34.899299043106,0 32.31309644170122,34.89936384361334,0 32.31319135203118,34.89941329643727,0 32.31321836524053,34.89943598188325,0 32.31322714344782,34.89946226101537,0 32.31322191360879,34.8995183755345,0 32.31322132249369,34.89956704078421,0 32.31323887675391,34.89961959903413,0 32.31327425873899,34.89970225457571,0 32.31328303589694,34.89972853369699,0 32.31326907429716,34.8997546257524,0 32.313204496061,34.89982896968515,0 32.31313496230947,34.8999369671493,0 32.31306610927331,34.89998881353656,0 32.31295655346084,34.9000216045506,0</coordinates>
						</LinearRing>
					</outerBoundaryIs>
				</Polygon>
			</MultiGeometry>
		</Placemark>
	</Document>
</kml>