<?xml version='1.0' encoding='UTF-8'?>
<kml xmlns="http://www.opengis.net/kml/2.2">
	<Document>
		<name>DIMOS AMMOCHOSTOU</name>
		<Style id="PolyStyle70">
			<LabelStyle>
				<color>00000000</color>
				<scale>0.000000</scale>
			</LabelStyle>
			<LineStyle>
				<color>ff0055ff</color>
				<width>2.000000</width>
			</LineStyle>
			<PolyStyle>
				<color>00828282</color>
				<outline>1</outline>
			</PolyStyle>
		</Style>
		<Placemark id="ID_70305">
			<name>DIMOS AMMOCHOSTOU</name>
			<snippet />
			<description>&lt;html xmlns:fo="http://www.w3.org/1999/XSL/Format" xmlns:msxsl="urn:schemas-microsoft-com:xslt"&gt;

&lt;head&gt;

&lt;META http-equiv="Content-Type" content="text/html"&gt;

&lt;meta http-equiv="content-type" content="text/html; charset=UTF-8"&gt;

&lt;/head&gt;

&lt;body style="margin:0px 0px 0px 0px;overflow:auto;background:#FFFFFF;"&gt;

&lt;table style="font-family:Arial,Verdana,Times;font-size:12px;text-align:left;width:100%;border-collapse:collapse;padding:3px 3px 3px 3px"&gt;

&lt;tr style="text-align:center;font-weight:bold;background:#9CBCE2"&gt;

&lt;td&gt;3&lt;/td&gt;

&lt;/tr&gt;

&lt;tr&gt;

&lt;td&gt;

&lt;table style="font-family:Arial,Verdana,Times;font-size:12px;text-align:left;width:100%;border-spacing:0px; padding:3px 3px 3px 3px"&gt;

&lt;tr&gt;

&lt;td&gt;DIST_CODE&lt;/td&gt;

&lt;td&gt;3&lt;/td&gt;

&lt;/tr&gt;

&lt;tr bgcolor="#D4E4F3"&gt;

&lt;td&gt;VIL_CODE&lt;/td&gt;

&lt;td&gt;0&lt;/td&gt;

&lt;/tr&gt;

&lt;tr&gt;

&lt;td&gt;VIL_CCD&lt;/td&gt;

&lt;td&gt;3000&lt;/td&gt;

&lt;/tr&gt;

&lt;tr bgcolor="#D4E4F3"&gt;

&lt;td&gt;VIL_NM_E&lt;/td&gt;

&lt;td&gt;DIMOS AMMOCHOSTOU&lt;/td&gt;

&lt;/tr&gt;

&lt;tr&gt;

&lt;td&gt;VIL_NM_G&lt;/td&gt;

&lt;td&gt;ΔΗΜΟΣ ΑΜΜΟΧΩΣΤΟΥ&lt;/td&gt;

&lt;/tr&gt;

&lt;/table&gt;

&lt;/td&gt;

&lt;/tr&gt;

&lt;/table&gt;

&lt;/body&gt;&lt;script type="text/javascript"&gt;

				function changeImage(attElement, nameElement) {

				document.getElementById('imageAttachment').src = attElement;

				document.getElementById('imageName').innerHTML = nameElement;}

			&lt;/script&gt;&lt;/html&gt;

</description>
			<styleUrl>#PolyStyle70</styleUrl>
			<MultiGeometry>
				<Polygon>
					<extrude>0</extrude>
					<altitudeMode>clampToGround</altitudeMode>
					<outerBoundaryIs>
						<LinearRing>
							<coordinates> 33.92029078167516,35.15897271239492,0 33.92028895027565,35.15899126557989,0 33.92036287920247,35.15915780167443,0 33.92030334767938,35.15921534187225,0 33.92034475969943,35.15936994484369,0 33.92014533265996,35.15965232140044,0 33.9201074831258,35.15971862393262,0 33.91992522136751,35.15992835044855,0 33.91984499809148,35.1599787356733,0 33.91980893634244,35.16015629621288,0 33.91966116484451,35.16024329653169,0 33.91956343988245,35.16045583113836,0 33.91953638169362,35.16051966115664,0 33.9194366267334,35.1603153569227,0 33.9192886506965,35.16012798380741,0 33.91932562073421,35.15995700910277,0 33.9194038332322,35.15966685209812,0 33.91948971438637,35.15946685173555,0 33.91943208194011,35.15925988148404,0 33.91948113870618,35.15914321956497,0 33.91952111654377,35.15895070727154,0 33.91938145325958,35.15907153162173,0 33.91935679774011,35.15919582045731,0 33.91871927663662,35.15910059270158,0 33.91819585755125,35.15901931346168,0 33.91777106133823,35.15898592521416,0 33.91732818778167,35.15889860306935,0 33.91691605231085,35.15884902297202,0 33.91593259802141,35.15954860995129,0 33.91576398234194,35.15965986564478,0 33.91536433445219,35.159831017665,0 33.91518959768793,35.15980316786117,0 33.91431651258345,35.15966400697223,0 33.91386686316275,35.15980106683728,0 33.91361032717811,35.1598792626807,0 33.91348347751491,35.15993489246254,0 33.9132607925179,35.16003254968035,0 33.91288124979086,35.16012081196997,0 33.9122678926305,35.16028752218821,0 33.91143431889179,35.16037346998124,0 33.91097409971492,35.16028176722749,0 33.9108004904239,35.16026443416529,0 33.91044296112047,35.15982818006339,0 33.91035976925217,35.15980888596995,0 33.91001981282905,35.1597575087301,0 33.90985545114005,35.15974316046456,0 33.90968537801152,35.15970458829658,0 33.90944824010535,35.15957995581158,0 33.90909809614054,35.15939676821711,0 33.90894267958684,35.15934296910517,0 33.90874294713678,35.15928635465436,0 33.90835492086762,35.15922308372389,0 33.90812567525171,35.15916812811528,0 33.90786298899759,35.15908302501299,0 33.90771513064458,35.15905343514637,0 33.90750641378755,35.15903020585301,0 33.90730295116168,35.15896754535255,0 33.90717279976815,35.1588348077894,0 33.90708767622865,35.15880339621383,0 33.90688994659839,35.15876798634969,0 33.90649668416271,35.15874446281752,0 33.90640762032559,35.1587391351328,0 33.90633080521133,35.15874032907018,0 33.90625994471081,35.15873739702871,0 33.90557586550742,35.15854046584106,0 33.90480311603663,35.15817309568496,0 33.90323803298524,35.15781123117107,0 33.90305088989376,35.15771394739788,0 33.90268299740655,35.15756261855826,0 33.90224609656308,35.15739664245575,0 33.9018499558893,35.15726209125214,0 33.90169292559276,35.15712471643668,0 33.90159632024547,35.15693545614951,0 33.90144144354688,35.15625052247357,0 33.9012867119102,35.15558555901321,0 33.90119637981554,35.15542289607903,0 33.90071467261256,35.15437506422833,0 33.90065204374137,35.1541190674147,0 33.90063690560879,35.15398599843093,0 33.90067227141397,35.15383104827903,0 33.90075020263215,35.15339463076917,0 33.90077119336004,35.15321312229975,0 33.90070147439872,35.15309862434975,0 33.90071116426642,35.15303699883425,0 33.90091718345062,35.15265987535355,0 33.90149686412645,35.15151652791369,0 33.9019563488085,35.15061022808098,0 33.9023964103646,35.1497557717654,0 33.90266610254479,35.14922959222439,0 33.90279239964709,35.14877858385859,0 33.90306130984666,35.14774408728628,0 33.90288836063823,35.14771182638066,0 33.90300849897402,35.14720528704898,0 33.90327871239646,35.14615305016743,0 33.90342832116909,35.14548388029135,0 33.90304632976137,35.14542426392638,0 33.9028625258466,35.14545639466017,0 33.90247810638076,35.14557112193399,0 33.90223084030443,35.1456499140978,0 33.90217558887743,35.14564413580263,0 33.9020423118875,35.14570725939814,0 33.90194482066858,35.14579943347442,0 33.90140484633971,35.14595118784789,0 33.90087950904034,35.14609077699957,0 33.90080985073967,35.14612940655449,0 33.90052280427518,35.14621120951914,0 33.90010515648024,35.14633022970872,0 33.89960759134682,35.14648502946994,0 33.89947043189034,35.14649521556991,0 33.89896480192477,35.14660401444626,0 33.89870766219844,35.14659414019299,0 33.89807419301869,35.14639399119278,0 33.89704440623875,35.14590999324231,0 33.89668955837394,35.1457497731196,0 33.89587474030015,35.14532347055324,0 33.89620974228048,35.14513930244625,0 33.89630227735636,35.1451055215145,0 33.89517021589347,35.1443445547114,0 33.89510401693955,35.14430005372101,0 33.89489188881492,35.14436774321934,0 33.89471596482471,35.14436223524118,0 33.89457892045694,35.14438829074905,0 33.89438319311932,35.14429851436665,0 33.89421287931201,35.1442203950099,0 33.89415658330367,35.14414365775589,0 33.89413242247628,35.14407231600215,0 33.89414204365175,35.14399942518539,0 33.89418132868198,35.143940267758,0 33.89425455060851,35.14390176081167,0 33.89446411326445,35.14391047249691,0 33.89335624902622,35.14314014188808,0 33.8930360867304,35.14284127235942,0 33.89299034724129,35.14294347322295,0 33.8920289203872,35.14263031262384,0 33.89228304517491,35.14195130021731,0 33.89212815856194,35.14190902529183,0 33.89219874022745,35.141735942885,0 33.89208296944283,35.14173025040941,0 33.89195931894298,35.14168505110133,0 33.89187348423981,35.14161192201274,0 33.89183829321549,35.14153300019505,0 33.89181952736393,35.14138740123227,0 33.89183321828433,35.14129229067829,0 33.89183314202294,35.14116186482373,0 33.89176609402062,35.14105742620345,0 33.89152632843574,35.14107729812016,0 33.89129136004915,35.14105829695148,0 33.89124545723669,35.1410175825883,0 33.89118459809219,35.14101232182298,0 33.89096063082661,35.14087602224562,0 33.8908135685502,35.14074490674062,0 33.89067097520063,35.14064845734391,0 33.89064033282929,35.140735323161,0 33.88994802927066,35.14054851879951,0 33.88993704840402,35.1404285513678,0 33.88985531410148,35.14033736329336,0 33.88997723686801,35.14001696190428,0 33.89011152727652,35.14001424399476,0 33.89024806994172,35.14009129687361,0 33.89028718062541,35.14000716587971,0 33.89032763341427,35.13999379248492,0 33.89042322041738,35.13977272404892,0 33.89057626687262,35.13979419758619,0 33.89060107013938,35.13983778672929,0 33.89060597553345,35.13975451184506,0 33.89067296406301,35.13955092274973,0 33.89033364278531,35.13970724241003,0 33.88984409834974,35.13964296425107,0 33.88991979139001,35.13935538865221,0 33.88953329486146,35.13922956937907,0 33.88970119433861,35.13878060535431,0 33.88904317894659,35.13860195816179,0 33.88898120815308,35.13867856599369,0 33.88878170280434,35.13865661634418,0 33.88862002366016,35.13860812394794,0 33.88858494538058,35.13866517833799,0 33.88834987259212,35.13863021520245,0 33.88814259538433,35.13858402052333,0 33.8877853435208,35.13847193177713,0 33.88764973430733,35.13864809397369,0 33.88748974989365,35.13884171471729,0 33.88740316976268,35.1389024801239,0 33.88722873145641,35.13915017953825,0 33.88710931809626,35.13931974349278,0 33.88700937076154,35.13947658891735,0 33.88689378607358,35.13961155346725,0 33.88674889598807,35.13973506231998,0 33.88662667160703,35.13989763731046,0 33.88656606702227,35.14003395241698,0 33.88657299133771,35.14007233078421,0 33.88648327725514,35.14027091998043,0 33.88641037042132,35.1404012912306,0 33.88627891411222,35.14052907830528,0 33.88615683799219,35.14070896795938,0 33.88598792037869,35.14085043204872,0 33.88586738432512,35.14104232091004,0 33.88577481130055,35.14121874143814,0 33.88567839023516,35.1413869199467,0 33.88559115594427,35.14154793114174,0 33.88547031967848,35.14169363558019,0 33.8853063286985,35.14195017311535,0 33.88522832809763,35.14209575813285,0 33.88521532946106,35.14215063207015,0 33.88511787803805,35.14237192909085,0 33.8850768598449,35.1424614886992,0 33.88498163259771,35.14262241991824,0 33.88488897512222,35.1427444327617,0 33.88479433474492,35.14276558406727,0 33.88465403791997,35.14299919259838,0 33.88465227704763,35.14314657767704,0 33.88459828827033,35.14325966293244,0 33.88463875232458,35.1433303540251,0 33.88462339776832,35.1434323470905,0 33.88458355413287,35.14347133018376,0 33.8844790407699,35.14361306200291,0 33.88440526813818,35.14378244152816,0 33.88437855677623,35.14401886125205,0 33.88420404177392,35.1440976454756,0 33.88408977912144,35.14417251596271,0 33.88434242016696,35.14434609247604,0 33.88438519432772,35.14437547952486,0 33.88455345747421,35.14443995034708,0 33.88465629178359,35.14447690930856,0 33.88483290861699,35.14452556820882,0 33.88494442670601,35.14455725719696,0 33.88510386324584,35.14461107442243,0 33.88530032393775,35.144693729769,0 33.88543944389361,35.14475218651292,0 33.88556434702688,35.14484342075627,0 33.88568563029377,35.14493405757928,0 33.88571163651881,35.14498241706347,0 33.88576989776691,35.14518529422903,0 33.88569901763478,35.14543485001511,0 33.88559182338611,35.14562819044466,0 33.88545334973694,35.14578395050845,0 33.88542993244283,35.14604979494688,0 33.8854125515292,35.14627336519043,0 33.88543025124098,35.14653493500317,0 33.88536207566376,35.14672262782265,0 33.88529769861443,35.14679892593026,0 33.88509101572718,35.14689594231004,0 33.88457357290687,35.14656928343423,0 33.88409557366597,35.14626403858617,0 33.88396066598743,35.14615351441817,0 33.88386668129021,35.14605249758511,0 33.88376506926774,35.14591335428165,0 33.8837043707267,35.14576955708074,0 33.88364514027258,35.14560216659736,0 33.88361621319889,35.14547476520625,0 33.88361092371318,35.14536602555532,0 33.88361889641581,35.14519467106883,0 33.88363232843395,35.14492746654249,0 33.88364910465008,35.14461178627165,0 33.88364745062302,35.14454262359089,0 33.88361786695334,35.144525407737,0 33.88345146735298,35.1444622254058,0 33.88315681296633,35.14445079065343,0 33.88316627300793,35.14435161155097,0 33.88318316424495,35.14417450621101,0 33.8832108017151,35.14388473418835,0 33.88323221052641,35.14360421865177,0 33.88324141337744,35.14349699307114,0 33.883250893968,35.14343182970919,0 33.88328486287238,35.14332316347643,0 33.88330452374073,35.14327873222811,0 33.88354318635821,35.14285088291813,0 33.88376694104771,35.14243245481764,0 33.88393250195611,35.14215941281257,0 33.88402396253458,35.14199483228366,0 33.88404681614904,35.14193976307992,0 33.88407564773681,35.14179982859644,0 33.88407805206391,35.1416593856539,0 33.88409795754944,35.14141764609846,0 33.88411575151117,35.14135438968978,0 33.88415952175252,35.14122388267786,0 33.88427784900783,35.14109491915758,0 33.88440916350316,35.14095456115206,0 33.8846141545296,35.14086799076262,0 33.88474436085793,35.14080774077641,0 33.88485117444518,35.14068565980234,0 33.88512771688748,35.14019176399427,0 33.88532240746927,35.13983840968344,0 33.88550229235045,35.13947834257522,0 33.88555610730585,35.13933718315456,0 33.88564875729202,35.1390827125029,0 33.8857289837999,35.13890478594499,0 33.88583689483509,35.13868341369302,0 33.88601027625698,35.13834476033497,0 33.88617405297105,35.13803740765584,0 33.8862621849597,35.13784535973093,0 33.88629563031392,35.13763773402724,0 33.88633583405651,35.1374540362426,0 33.88636038238682,35.13740453367337,0 33.88637673970775,35.13737155004532,0 33.88653230246508,35.13708354717851,0 33.88683794095389,35.13651769076287,0 33.88703996169775,35.13616098094128,0 33.88704857020828,35.13610164827708,0 33.88697547510893,35.13597105456142,0 33.88702802934792,35.13548821823624,0 33.88718950669823,35.1352867523911,0 33.8872014541913,35.13525080477328,0 33.8872734854036,35.1350340835325,0 33.88729057480825,35.13485486136701,0 33.88728518744493,35.13466737504605,0 33.88719541805554,35.13438785637046,0 33.88630135959436,35.13160386590757,0 33.88627666419555,35.1315125726066,0 33.88625093104836,35.1312730517952,0 33.88630942138712,35.13103560562659,0 33.88677263191464,35.12983016379364,0 33.88715655637287,35.12883102603152,0 33.88775573311523,35.1272716606572,0 33.8882303875723,35.12603162267649,0 33.88879598557776,35.12457300629371,0 33.88922680878468,35.12346798215064,0 33.88958143372483,35.12256461913843,0 33.88971488301267,35.12221570248579,0 33.88967854116724,35.12220428926849,0 33.88975819996026,35.12207316048882,0 33.88989599831704,35.12190203542982,0 33.89023575214202,35.12151644703449,0 33.89072539496497,35.12096132931253,0 33.89113910256669,35.12049428854707,0 33.8911726945628,35.12040144442165,0 33.89130372331311,35.12041406283233,0 33.8914687451411,35.11989027462153,0 33.89161601491029,35.11992102064175,0 33.89180130693245,35.11934417495255,0 33.89212720095482,35.11842405809463,0 33.89239604317324,35.11769868378713,0 33.8927758197389,35.117279796086,0 33.89338150214313,35.11661818990402,0 33.89383843362032,35.11585963983683,0 33.89408299428319,35.11545599758202,0 33.89416891753191,35.11529051788956,0 33.8958692572912,35.11201567561259,0 33.8970351474392,35.11215531220208,0 33.89709537753618,35.11186952041091,0 33.89733208734911,35.11126437166926,0 33.89804580038042,35.10967334795463,0 33.89811347110846,35.10958720707006,0 33.89817613818532,35.10936246289462,0 33.8984006185858,35.10873426788321,0 33.89850134863269,35.10849613904903,0 33.89860700727938,35.10810450744085,0 33.8986321354846,35.10801684731622,0 33.89867121789649,35.10788050237738,0 33.89878523096718,35.10766310016492,0 33.8989629185768,35.10731478330174,0 33.89903664063517,35.10731858210313,0 33.89905145712991,35.10713060870967,0 33.89899254022897,35.10675579183276,0 33.89872661831311,35.10652571829596,0 33.89859538818748,35.10614606777073,0 33.89851607500522,35.10579694491684,0 33.89812804723254,35.10583261141312,0 33.89808887948282,35.1053785565538,0 33.89849450111176,35.10450789674908,0 33.8986949461008,35.10461763518782,0 33.8990383183611,35.10431533076576,0 33.89926749943191,35.1041415558125,0 33.89962348675433,35.10399139112686,0 33.89961093426702,35.10342027504132,0 33.89961079966798,35.10341411424265,0 33.89962416725364,35.10325026320223,0 33.89962435005474,35.10324803364739,0 33.89965136850681,35.10312869484224,0 33.89979345867628,35.10237024301895,0 33.90008224486671,35.1021542282655,0 33.90003089661013,35.10158007222996,0 33.90010702604528,35.10119421700121,0 33.9001987378964,35.100903631311,0 33.90024150676788,35.10076812280097,0 33.90023847610178,35.10075682764066,0 33.90019657371776,35.10060062672496,0 33.90011121298836,35.10028242612297,0 33.90006552590575,35.10006743401062,0 33.89989074278893,35.09978732847429,0 33.89987192947567,35.09974937059312,0 33.89986192051397,35.09951794107808,0 33.89983605450428,35.09902879985625,0 33.89978534582466,35.09869673095627,0 33.89973754149394,35.09836653154584,0 33.8996958602519,35.09809358889895,0 33.89969862877658,35.09806287201231,0 33.89977185737679,35.09788167218858,0 33.89986953430767,35.09769867559255,0 33.89996880461396,35.09754184754021,0 33.9001721547631,35.09718252694684,0 33.9002855310531,35.09698218815638,0 33.90052805550451,35.0967585756056,0 33.9008105192429,35.09655439694311,0 33.90093444889851,35.09644475847328,0 33.90117939010327,35.09618842115397,0 33.90136704664652,35.09608501658505,0 33.90198124375668,35.09625869038734,0 33.90263533969386,35.09644525203676,0 33.90338791065666,35.09667276772321,0 33.90396515655681,35.09687278079899,0 33.904348895894,35.09709990041268,0 33.90489024037703,35.09747236560887,0 33.90558614984671,35.09793567004203,0 33.90651673668608,35.09855920465768,0 33.90696475627834,35.09886669207693,0 33.90710017818423,35.0988791157113,0 33.90730732346493,35.09890209296857,0 33.90751748350304,35.09897521331177,0 33.90779916283896,35.09903053735981,0 33.90828895079147,35.09924186027754,0 33.90872263849439,35.09940111736789,0 33.90901054412042,35.09958289440883,0 33.90924999117237,35.0996689530884,0 33.90967071616594,35.0998697049876,0 33.90994210389007,35.09996869079483,0 33.91001940381137,35.10001628904478,0 33.91028557931823,35.10012838402608,0 33.91058347056532,35.10022287613162,0 33.9110408276364,35.10035147699303,0 33.91164951577319,35.10049023606226,0 33.9118808663512,35.10055670222072,0 33.912323642241,35.10069790272479,0 33.91295271304739,35.10089850913253,0 33.9129676286601,35.10087897039813,0 33.91343678029325,35.10102153656103,0 33.91356671975257,35.10106102193346,0 33.91408426282811,35.10121076539898,0 33.91426479869396,35.10086821513042,0 33.91434515913789,35.10073237686315,0 33.91439862272458,35.10068766479519,0 33.91446520085389,35.10063198591723,0 33.91454346265648,35.10054456532088,0 33.9146664567162,35.10029407586091,0 33.91472883122039,35.10007018891924,0 33.91470872170274,35.09994666222993,0 33.91472730955995,35.09986239855864,0 33.91411536434842,35.09977862094446,0 33.91417191783083,35.09963367361762,0 33.91476814600317,35.09975698302577,0 33.91478609861757,35.09958592182433,0 33.91468624653608,35.09949961330995,0 33.91477017524581,35.09915988406404,0 33.91487259412386,35.09915937713883,0 33.91491541712877,35.09888823885431,0 33.91529687978737,35.09896789204318,0 33.91554866248768,35.09899853591043,0 33.9156140149024,35.09873661235814,0 33.91559184945205,35.09859810876919,0 33.91563039013806,35.0984627107443,0 33.9152408234083,35.09835106509612,0 33.91514207202054,35.09836237014432,0 33.91497076542922,35.09836321782708,0 33.91497794307029,35.09827305418666,0 33.91492270746964,35.09825342988383,0 33.91489421995737,35.09827527694065,0 33.91475069458047,35.09823619290574,0 33.91479207307236,35.09816906272759,0 33.91470136874393,35.09812067358365,0 33.91472955169582,35.09805722594368,0 33.91491061700005,35.09810697661453,0 33.9151003112535,35.09813136121088,0 33.91510453239858,35.09810601786204,0 33.91556565172272,35.09817575326387,0 33.91556981492523,35.09815446111294,0 33.91616714331165,35.09832876418411,0 33.91654758130657,35.09799372605353,0 33.91670673781925,35.09787457073509,0 33.91703370450591,35.09750733087943,0 33.9173083946575,35.09699567993236,0 33.91727627288839,35.09698005607566,0 33.91753794505099,35.09643953561892,0 33.91766945292943,35.09647833687541,0 33.91778893955436,35.09618840498498,0 33.91775348730987,35.0961543859792,0 33.91784841517624,35.09600661537569,0 33.91800226841481,35.09603741326814,0 33.91839864398843,35.09553567651475,0 33.91916163658304,35.09570811147771,0 33.91949807130615,35.09575904164166,0 33.91974820323481,35.09539217618709,0 33.91978579390538,35.09528151414503,0 33.91942327375641,35.09516495522192,0 33.92063228225726,35.09375957832512,0 33.92094264191103,35.09340285590706,0 33.92158828826954,35.09266075201559,0 33.92184445321849,35.09236016037387,0 33.92163205899702,35.09218475681543,0 33.92147100106101,35.09202985929451,0 33.92129997615959,35.09190431032476,0 33.92079819254722,35.09155644270177,0 33.92121994942561,35.09127520007981,0 33.9214764689432,35.09154195328459,0 33.92163651234079,35.09168581488903,0 33.92185584083106,35.09186971978575,0 33.92211495448636,35.09205024801489,0 33.92656837685121,35.08684699820846,0 33.92662776229093,35.08677760815571,0 33.92708496306098,35.08618902196321,0 33.92708067550728,35.08611974352518,0 33.92707708730293,35.08606177830336,0 33.92694146772622,35.08557481705681,0 33.9270812023054,35.08554425218504,0 33.92717467609718,35.08551578505045,0 33.9271847519467,35.08558433328523,0 33.92729139524757,35.08561434751834,0 33.92741396856391,35.08561994145582,0 33.92746440914435,35.08564658518571,0 33.92749095567246,35.08569128322252,0 33.92754141004862,35.08571972055002,0 33.92756976543952,35.08571419725001,0 33.92763567112368,35.08576407542333,0 33.92772827952162,35.08576018415868,0 33.92785580794058,35.08572128212567,0 33.92808389252177,35.08582891753383,0 33.92822254602805,35.08588808968064,0 33.92829384637651,35.08589974215528,0 33.92845929184711,35.08589272197253,0 33.92887800730841,35.08565064271217,0 33.92905945583478,35.08573801277197,0 33.92916331799996,35.08581124955003,0 33.92931771528924,35.08595283056384,0 33.92938914357148,35.08603499865693,0 33.9294461594648,35.08610778300098,0 33.92952226058648,35.08620493299595,0 33.92973908436348,35.08642387128578,0 33.92994054232452,35.08657379609691,0 33.93019900261672,35.08679446753425,0 33.9305913635249,35.08716468361862,0 33.9307352310688,35.08737481917662,0 33.93104387336726,35.08801791026839,0 33.93110313509721,35.088097867706,0 33.93112713965826,35.08823667527456,0 33.93118487009846,35.08842192402891,0 33.93122385006774,35.08856620598176,0 33.93115305645477,35.08892131418729,0 33.93169270578151,35.08875396413919,0 33.93200271578141,35.08870059811569,0 33.9321367178425,35.08866054123955,0 33.93230453524954,35.08861037490021,0 33.93286106219512,35.08823180613339,0 33.93311384569679,35.08808436216942,0 33.9334444382092,35.08771478259662,0 33.93364563012081,35.0875754026787,0 33.93424492637106,35.08730566098194,0 33.93528429664491,35.08727727454227,0 33.93531458923209,35.0870400345028,0 33.93665495952272,35.08712537144389,0 33.93673030029385,35.08673292253846,0 33.93733939930978,35.08676741897058,0 33.93736884942823,35.08648065897086,0 33.93818769970773,35.08651545661233,0 33.93832722206112,35.08606246691226,0 33.93836824514507,35.08592927612307,0 33.93892635668007,35.08605938663927,0 33.93930268201907,35.08614711597605,0 33.93935181986671,35.08605719735503,0 33.93946834971091,35.08584395522547,0 33.93947772253768,35.08562843893777,0 33.93946482193293,35.08551641789731,0 33.93942958594007,35.08522122684251,0 33.93939518433285,35.08511593977248,0 33.93935186754746,35.08494722897359,0 33.93932059620528,35.08477521865642,0 33.93932476586073,35.08460749924531,0 33.93931712697666,35.08442565573459,0 33.93929242199266,35.08425927588826,0 33.93945222523063,35.08427833054474,0 33.93978391271413,35.08430458266234,0 33.94013702034839,35.08433252913505,0 33.94038336959454,35.0843108400412,0 33.9405405356408,35.08433817931104,0 33.94097585695375,35.08449861763749,0 33.94146173531126,35.0846458217906,0 33.94216569553557,35.0849124265386,0 33.9424990145361,35.08503016777781,0 33.94269052819809,35.08507369453983,0 33.94309809693012,35.08513888995995,0 33.94332890467212,35.0851936557779,0 33.94359581912069,35.08521800636427,0 33.94405706599265,35.08521767731822,0 33.94415723944538,35.08525129828352,0 33.94498230074126,35.08536016675159,0 33.94565996526063,35.08540117276427,0 33.94650430054305,35.0854424028232,0 33.94741862158173,35.08547541310925,0 33.94799215307467,35.08551436139773,0 33.94881056964154,35.0855916706798,0 33.94959222200804,35.0855509436206,0 33.95013356143129,35.08544208606926,0 33.95062313422697,35.0854375413262,0 33.95156632990866,35.08550723219692,0 33.95238645297808,35.08541969242398,0 33.95302565023369,35.0853764394427,0 33.95318435537087,35.08536570052367,0 33.95549077258551,35.08504853663035,0 33.95549326505031,35.08504223352219,0 33.95573002964646,35.08444989738915,0 33.95589888386471,35.08402442191679,0 33.95610582264766,35.08350439387691,0 33.9561869609731,35.08330277321857,0 33.95657461432953,35.0834422507221,0 33.95685896487849,35.08353926097644,0 33.95709250341809,35.08361433921935,0 33.95726852147693,35.08367307043104,0 33.95742504658332,35.08373519753436,0 33.95780064676006,35.0838842775242,0 33.95864713339272,35.08419753221936,0 33.95884898599915,35.08432133785215,0 33.95963298155345,35.08462936771264,0 33.96018839241403,35.0848484174406,0 33.96040877283651,35.08496657264041,0 33.96092406835658,35.08523578435054,0 33.9611985662407,35.08536613743077,0 33.96157167104906,35.08558476529996,0 33.96185242180987,35.08574539664724,0 33.96218783596488,35.08593730113107,0 33.96243083771948,35.08607633182594,0 33.96261127433343,35.08617595139945,0 33.96276801842376,35.08624252705084,0 33.96301233473583,35.08635357565683,0 33.9631691985844,35.08643513152848,0 33.96336003193066,35.08653255366568,0 33.96353917730392,35.08663325021729,0 33.96365948279082,35.08670108863295,0 33.96381380329452,35.08679014705445,0 33.96389227344929,35.08683573931055,0 33.96394118666979,35.0868649767481,0 33.96417066060327,35.08703136169155,0 33.96422278646824,35.0870702379711,0 33.96439660343542,35.08717372207928,0 33.96479531816899,35.08739278151285,0 33.96500937087612,35.08751116151681,0 33.9652233872911,35.08762473351003,0 33.96538183182603,35.08768639503959,0 33.96559920806195,35.08780200915616,0 33.96584278646804,35.08795457589259,0 33.96594588590983,35.0879924919265,0 33.96607488526516,35.0880295804718,0 33.966129162761,35.08802379385848,0 33.96628093238667,35.08787067909993,0 33.96649831224003,35.08765137089756,0 33.9666067795766,35.08742832278033,0 33.96686811549711,35.08677304522202,0 33.96689453099832,35.0866809424909,0 33.96708593137588,35.08643851470789,0 33.96757071429814,35.08590845917131,0 33.96763492652574,35.0858382500317,0 33.9678121245176,35.08560790645355,0 33.96798911590246,35.08544619557914,0 33.96814656226768,35.08538042562787,0 33.96842355720491,35.08540181068847,0 33.9684972137517,35.08539399430244,0 33.96876980725749,35.08524104165249,0 33.96893337464448,35.08509005211128,0 33.96894902291361,35.08507560698252,0 33.96905320101807,35.08493345386269,0 33.96907634761252,35.08491168914801,0 33.96925067892791,35.08469990760094,0 33.96929453637847,35.0846341309872,0 33.96937573964581,35.08453538289837,0 33.96956917894427,35.0844558145147,0 33.9699385183151,35.08436107588533,0 33.97032049564894,35.08424771813579,0 33.97045452058789,35.08416970542253,0 33.97050826263966,35.08411747799887,0 33.97053537114082,35.0841210413788,0 33.97066119516021,35.08393608327927,0 33.97069502786591,35.08388635059757,0 33.97071286380282,35.08384761289963,0 33.97076661597998,35.08376258347763,0 33.97112972989724,35.08317286967249,0 33.97141446139349,35.08278559796987,0 33.97150183469095,35.08267665860723,0 33.97178579811946,35.08229684652568,0 33.97179952007862,35.08225949188908,0 33.97181920008692,35.08220591709495,0 33.97184255886996,35.0821545563274,0 33.97189820285012,35.08204505793158,0 33.97195095657209,35.08193752873704,0 33.97200764433059,35.08182628858599,0 33.97209225683141,35.08167343267169,0 33.97214132795543,35.08156765994131,0 33.97215678153661,35.08155151146786,0 33.97223248640965,35.08147360019171,0 33.9723311212983,35.08135648733881,0 33.9724306110651,35.08124740237603,0 33.97249917967807,35.08116887844226,0 33.97254977119652,35.08112106055466,0 33.97260706407264,35.0810855809524,0 33.97265767654882,35.08104036961844,0 33.97270306281428,35.08100234896316,0 33.97270565205778,35.08099582209385,0 33.9727128255598,35.08096821232776,0 33.97274242603998,35.08087188056378,0 33.9727691071213,35.080806825467,0 33.97278897721892,35.08078153582836,0 33.97281851457448,35.0807431672488,0 33.97285645522156,35.08069867492953,0 33.97287246248236,35.08068577947994,0 33.972936599371,35.08064744064755,0 33.97296790537138,35.080632074364,0 33.97298205402811,35.080617886824,0 33.97301894497754,35.08057448632532,0 33.97310972136219,35.08046588084728,0 33.9731719542537,35.08038782561301,0 33.97326693037616,35.08027594137553,0 33.97330046020235,35.08024167702911,0 33.97331532675908,35.08021814998551,0 33.97331997147681,35.08020466604345,0 33.97332176643526,35.08019792560142,0 33.97334035825356,35.08017785245499,0 33.97337574619054,35.08014466293164,0 33.97340825478327,35.0801145278238,0 33.97343475124624,35.08009223963644,0 33.97345932184775,35.08006041146319,0 33.97353106935812,35.07998317202256,0 33.9735989740874,35.07992093247073,0 33.97363693758551,35.07987926101767,0 33.973649490954,35.07986399645051,0 33.9736662048313,35.07984045993961,0 33.97369904919486,35.07981922310286,0 33.97376701842137,35.07976501686473,0 33.97382845921149,35.07971996146151,0 33.97392529298396,35.07964236799577,0 33.97405288348655,35.07954680643845,0 33.97422087372777,35.07941737474305,0 33.9742282168902,35.07941082226784,0 33.97423107762335,35.07940537933738,0 33.97422851287164,35.07938194805553,0 33.97420640246906,35.07919428434366,0 33.97420418729593,35.07917766011484,0 33.97419319211358,35.07909514494428,0 33.97419280450908,35.07904695261622,0 33.97419476072716,35.0788960635052,0 33.97419908369922,35.07877685662027,0 33.97420333272287,35.07868131403912,0 33.97419308323705,35.07862056730787,0 33.97417687220565,35.07852449413233,0 33.97414552952898,35.07837729681879,0 33.97415200371369,35.07834902736718,0 33.97416540839573,35.07834895483784,0 33.97429862396461,35.07845427982467,0 33.9743566826477,35.07848564168218,0 33.97442639831564,35.07850798806539,0 33.97459770760778,35.07855801572428,0 33.97471063968202,35.07861775324036,0 33.97471344347859,35.07861923599467,0 33.974772681954,35.07865057284355,0 33.97491520832303,35.07877408678722,0 33.97496335170876,35.07881906756587,0 33.9750318993767,35.0788619066568,0 33.97512425341654,35.07891962340803,0 33.97529592608616,35.07906714670514,0 33.97548802615544,35.07923606263008,0 33.97552453828798,35.07926361227712,0 33.9756763533316,35.07935574503816,0 33.97589435940163,35.07949260820963,0 33.97624111612902,35.07968704260686,0 33.97646903459002,35.07979679549894,0 33.9766611994578,35.07986858893288,0 33.97674853978955,35.0799194475055,0 33.97689598633079,35.0799928716818,0 33.97700416002328,35.08005491410186,0 33.97711644316674,35.08011931374696,0 33.97714950398939,35.08013716941387,0 33.97717753968904,35.08015990953473,0 33.97721835647988,35.08019784111833,0 33.97743206472173,35.08032431985501,0 33.97770676771531,35.08047890694618,0 33.97781116942633,35.0805518712119,0 33.9779977934146,35.0806687847415,0 33.97807834310646,35.08071730125832,0 33.97811992235184,35.08074234578679,0 33.97841510752158,35.08092456791346,0 33.97878648127222,35.08113481542158,0 33.97903160469631,35.08128401184285,0 33.97908337513546,35.08121505000272,0 33.97912340788157,35.08115586454154,0 33.97918685697764,35.08107018888068,0 33.97926360679354,35.08106352451028,0 33.97930531558546,35.08106413231602,0 33.97933282314126,35.08106453301055,0 33.97946111039324,35.08107733291541,0 33.9795829765136,35.08108949230294,0 33.97964072720099,35.0810957761316,0 33.97969672248292,35.08110573728619,0 33.97984648028893,35.08116187519086,0 33.97992407879791,35.08119518474935,0 33.97996042334855,35.08120256441106,0 33.98000469813199,35.08119767721374,0 33.98002077163444,35.08119930047719,0 33.98006054913926,35.08122646179064,0 33.98016461889802,35.08125987092181,0 33.98024084923536,35.08127118707026,0 33.98038814139851,35.08131658186306,0 33.98059347870591,35.08140208500932,0 33.98059674065364,35.08140344313663,0 33.98068510027798,35.08144329476222,0 33.98072069881905,35.08146876803384,0 33.98088660765373,35.08153581670606,0 33.98102065280644,35.08159790760373,0 33.98119446734287,35.08164951180287,0 33.98136719717329,35.08171407812642,0 33.98144556481122,35.081732226631,0 33.98155294207847,35.0817333477335,0 33.98160123733995,35.08174726154663,0 33.98164461538548,35.0817416445884,0 33.9816981921141,35.0817103037597,0 33.98175853334141,35.08170606012713,0 33.98183994718561,35.08173299280797,0 33.98198020563811,35.08175422277274,0 33.98211745686364,35.0817715577716,0 33.98220570776049,35.08176153812818,0 33.98225151237694,35.0817617755298,0 33.98229869694669,35.0817854725229,0 33.98231001310909,35.08178712230127,0 33.98233016161041,35.08177796610667,0 33.98237215038736,35.08178433575171,0 33.9824079260683,35.08179489571319,0 33.98243254291824,35.08182287221548,0 33.98245196725504,35.08183425508813,0 33.98256158198534,35.08185443106917,0 33.98261725566788,35.08186145951111,0 33.98285384934131,35.08195231743714,0 33.98283981091397,35.08196917057294,0 33.98275000257658,35.08210359963492,0 33.98267944357228,35.08220008899087,0 33.98264845831744,35.08224246112883,0 33.98259882589535,35.08230581052656,0 33.98243797545872,35.08252928812026,0 33.98228410001806,35.08272502611012,0 33.98214187222401,35.08289001395789,0 33.98208410103741,35.08289842473957,0 33.98192972634394,35.08308337421686,0 33.98184061828783,35.08317287984474,0 33.98167442786945,35.08336767208926,0 33.98152063293866,35.08357352363848,0 33.98140916146759,35.08368742798702,0 33.98117551171401,35.08396081607631,0 33.98112951676448,35.08403196293985,0 33.98112082205084,35.08404541233068,0 33.98087858832837,35.08432289302034,0 33.98075959240074,35.08447021915821,0 33.98072477309349,35.08452672014803,0 33.98068010062821,35.0845822624384,0 33.98054335889955,35.08471653672532,0 33.9804857008493,35.08478968405576,0 33.98041356211937,35.08484739980571,0 33.98030219614702,35.08497479129337,0 33.98017169593121,35.08512015744209,0 33.98010172760581,35.08519269832704,0 33.97992451346779,35.08539496581385,0 33.97977563488989,35.08555054746513,0 33.97959804984418,35.08575787596295,0 33.97949975554477,35.08584368906794,0 33.97946371104015,35.08588083816046,0 33.97921571448646,35.08610801515526,0 33.97912772159677,35.08618619849758,0 33.97908812224988,35.0862214706878,0 33.97898574655763,35.08632087204083,0 33.9788383819738,35.0864677141584,0 33.97874464194804,35.08656570075163,0 33.97867557824233,35.08663614864626,0 33.97865720144159,35.08665752333592,0 33.97865130909856,35.08666437713996,0 33.97853175532197,35.08680343823288,0 33.97829004166618,35.0870777547761,0 33.97799524884545,35.08741618708378,0 33.97775142103109,35.08769016717278,0 33.97749770353067,35.0879420014191,0 33.97744745110758,35.08799049192033,0 33.97721580594347,35.08820578186972,0 33.97713536948071,35.08827941224767,0 33.97704972486949,35.08838741321928,0 33.97679525910618,35.08870376849509,0 33.97668399381607,35.08882717090257,0 33.97656187776135,35.08896589555819,0 33.97631227267073,35.0892852609088,0 33.97623647500502,35.08938288566778,0 33.97615032029749,35.08948812200408,0 33.97595640843755,35.0897249802162,0 33.97583906544677,35.08984895717055,0 33.97581305541846,35.08987822216351,0 33.97561677084649,35.0900990671631,0 33.97547349347143,35.09031632339434,0 33.97512808772279,35.09080402798877,0 33.97487488118649,35.0911615436828,0 33.97471299682729,35.09149292412847,0 33.9746975794538,35.09158834899949,0 33.97468942642833,35.09163881102896,0 33.97444526898818,35.09194521480801,0 33.97420379026918,35.09227736673336,0 33.97407000729486,35.09246283481687,0 33.9738395907432,35.0927861114904,0 33.97366053479874,35.09303453566242,0 33.97364533733321,35.09309360007338,0 33.97361849769857,35.09312823080158,0 33.97358074134444,35.09317694565352,0 33.9734780165755,35.09327916916617,0 33.97332752237886,35.09336791933261,0 33.97331569097457,35.09337489717201,0 33.97322789577725,35.09345524155785,0 33.97312019571311,35.09356577567432,0 33.97302827820965,35.0936445945346,0 33.97287649484117,35.0939138907219,0 33.97275179905479,35.09407610210531,0 33.97260982596364,35.09425497496735,0 33.97241543683373,35.09446802076147,0 33.97228177490577,35.09459789843545,0 33.97190521515466,35.09489138037586,0 33.97179162658374,35.09501060555646,0 33.97172048178106,35.09510926733258,0 33.97147051270407,35.09536252549349,0 33.97131972592942,35.09552864278486,0 33.97106070702677,35.09573940002235,0 33.97097420599297,35.09580839769706,0 33.97075797466661,35.09602941622381,0 33.97062063957044,35.0961697917955,0 33.97061028586333,35.09618037473864,0 33.97043081660715,35.09637860469463,0 33.97035105194824,35.09646105863503,0 33.97022709092334,35.09658679484173,0 33.97010286088533,35.09673049736875,0 33.97006642366287,35.09677339575418,0 33.96979350286079,35.09709470363124,0 33.96975219969377,35.09713107436888,0 33.96966431315683,35.09720109353348,0 33.96955915559808,35.09726374144643,0 33.96945700804904,35.09734405367418,0 33.96943185878116,35.097367764292,0 33.96889206821017,35.09792466388219,0 33.96884955756877,35.09796852262612,0 33.96873271160504,35.09812435216067,0 33.9684368267563,35.09843123830083,0 33.96825401481971,35.0985886011254,0 33.96817954864472,35.09866326315536,0 33.96808802510728,35.0987572686274,0 33.96795317999743,35.09887468956939,0 33.9678157168785,35.09902220454946,0 33.96781499127165,35.09902298461824,0 33.96768344854334,35.09916414530504,0 33.96756352314022,35.09929405778612,0 33.96748747847924,35.09938477185819,0 33.96741860193585,35.09946693237574,0 33.96734398025826,35.09952234188651,0 33.9671790990141,35.09965053142737,0 33.96710184309282,35.09973542216075,0 33.96692888760054,35.09999056603834,0 33.96667404383975,35.10034948379857,0 33.96662433612599,35.10041807233321,0 33.96638333461745,35.1007506177171,0 33.96626062559665,35.1009199346272,0 33.9661704749974,35.10101589720507,0 33.96607531881431,35.10111718793804,0 33.9659304405423,35.10131896641703,0 33.96583978648856,35.10147375972009,0 33.96565984498561,35.10178808184413,0 33.96562111225929,35.1018295117244,0 33.96560969287299,35.10184489350731,0 33.96556852309825,35.10191478999253,0 33.96542057773939,35.10212205548493,0 33.96525241291181,35.10235460024131,0 33.96515738733851,35.10246235834011,0 33.96500360113293,35.10260508762857,0 33.96488304086655,35.10273961211721,0 33.96462390185518,35.10303137529375,0 33.96447341859574,35.10319889142013,0 33.96438544673571,35.10330077446,0 33.96424796792184,35.10348500099296,0 33.96415706697343,35.10360951620463,0 33.96398805920994,35.10379245275619,0 33.96398275567733,35.10379539914003,0 33.96392554540158,35.10385808456974,0 33.96379134600015,35.10400836779552,0 33.96378405957307,35.10404123826032,0 33.96377708464593,35.10405379750308,0 33.96377587955641,35.10405596766521,0 33.9637739312276,35.10405947686093,0 33.96367949810014,35.10422954523897,0 33.96367834240458,35.10423162577194,0 33.9635467724031,35.104354438435,0 33.96346310193609,35.10443328368103,0 33.96346299779587,35.10443338185654,0 33.96336439879678,35.10456494146075,0 33.96326791862393,35.1047596169312,0 33.96326717721539,35.10476111278533,0 33.96321189357471,35.10484129166107,0 33.96317787008854,35.10489063702405,0 33.96317774472007,35.10489107518409,0 33.96314172546238,35.10501710142665,0 33.96311267883875,35.10508039196831,0 33.962907426518,35.10528061027434,0 33.96284723132895,35.10535516830033,0 33.96279553863985,35.10543223488061,0 33.96277297081215,35.10546587923929,0 33.96271066774811,35.10556128096754,0 33.96265702718772,35.10564341693261,0 33.96261609880545,35.10569914007169,0 33.9625583283097,35.10575980933726,0 33.9624413574087,35.1059114307103,0 33.96238878573767,35.10599244307657,0 33.96231713448843,35.10611285338155,0 33.9621913779585,35.10629685832773,0 33.96218904880521,35.10630026596164,0 33.96216503376063,35.10634837694515,0 33.96210568503469,35.10646726982078,0 33.96205688317396,35.10656503921442,0 33.96205146413237,35.10657385794752,0 33.96203730253853,35.10659690656571,0 33.96201735058226,35.10662937897494,0 33.96198941911219,35.10667483852946,0 33.96198249759003,35.10668610377968,0 33.96195742486455,35.10671507263316,0 33.96178042268699,35.10692030090579,0 33.96171723341362,35.10699769078916,0 33.96166104460166,35.10707455368938,0 33.96162407221644,35.10713073365092,0 33.96152664639003,35.10727127179783,0 33.96149874738698,35.1073249532667,0 33.96145265410653,35.10752867304763,0 33.96141819996883,35.10765846217579,0 33.96140173426778,35.10769848193503,0 33.96136350691202,35.10779139352849,0 33.96134378512398,35.10785948338576,0 33.96128249661428,35.10806202922903,0 33.96122906213149,35.10829713779594,0 33.96119671371663,35.1084232208515,0 33.96114954092231,35.10859620877809,0 33.9611016409295,35.10873035256218,0 33.9610727816323,35.10881722001586,0 33.96104676392232,35.10888985305568,0 33.96099645314904,35.10898620079325,0 33.96094653808882,35.10907907870913,0 33.96094343929278,35.10914503838198,0 33.96094222015854,35.10917097230641,0 33.96094220176023,35.10917136725168,0 33.96089081266197,35.10929165392417,0 33.9608575561573,35.10934923556226,0 33.96079837590539,35.10945170170164,0 33.96075305595113,35.10953865807878,0 33.96068916011442,35.10967843582874,0 33.96067638684329,35.10971601776274,0 33.96066069670344,35.10976218130503,0 33.960635911689,35.10983064466649,0 33.96061069707938,35.10995148634145,0 33.96058370767938,35.11006158514285,0 33.96051384929485,35.11019480391477,0 33.96040385968889,35.11037714429968,0 33.96030714810519,35.11058438785906,0 33.96027796218353,35.1106299813358,0 33.96018807590806,35.11073902703643,0 33.96014575946781,35.11077879438756,0 33.96009063281466,35.11085331539174,0 33.96003614521953,35.11095558263804,0 33.96001047568252,35.11101884746896,0 33.95994862186353,35.1110968730247,0 33.95986066131726,35.1111826686604,0 33.95977983089517,35.11133303768828,0 33.95974900840721,35.11139037530342,0 33.95971452724398,35.11146292813073,0 33.95969721383669,35.11149935699774,0 33.95966805437592,35.11154735677019,0 33.95956995793662,35.11164778863684,0 33.9595028082566,35.11170971057877,0 33.95944977197306,35.11176979735791,0 33.9593051305513,35.11193942950221,0 33.95924628785512,35.11202347093763,0 33.95921884923074,35.11207251699279,0 33.95907976127675,35.11224071050479,0 33.95899940384736,35.11231079400125,0 33.95889116898262,35.1124830463293,0 33.95886960722972,35.11251728500861,0 33.95882576975314,35.11260441190334,0 33.95882059254983,35.1126182996741,0 33.95881753600482,35.11262649926132,0 33.95873102166339,35.11285856207837,0 33.95871580803584,35.11293814882928,0 33.95854505554699,35.11327185621239,0 33.9585116388786,35.11337757332411,0 33.95852310207454,35.11341972799822,0 33.95852252139032,35.11345491118509,0 33.95845417259699,35.11369133066859,0 33.95845884979672,35.11374161255837,0 33.95844550479018,35.11378671347273,0 33.95841382491425,35.11384105866872,0 33.95838583067123,35.11398298138116,0 33.95837652997432,35.11405233586905,0 33.95833490090722,35.11442053763135,0 33.95832204092934,35.11463625824357,0 33.95836287574919,35.11492938924225,0 33.95836294276769,35.11492986643736,0 33.95837080437079,35.11496664769246,0 33.95840043115688,35.11510526375781,0 33.95844130302395,35.11527206410091,0 33.95848731685081,35.115450593825,0 33.95857589971686,35.11569079287224,0 33.95868465995118,35.11598137194323,0 33.95870954670801,35.11604209854856,0 33.95881704707214,35.11621027269663,0 33.95884450761898,35.11623917415216,0 33.95914623514962,35.11650348537513,0 33.95918436967112,35.11653613309742,0 33.95921834118467,35.11657468075419,0 33.95920933020344,35.11660619537209,0 33.95918559267676,35.11663813479637,0 33.95915626162233,35.11665454284718,0 33.95905740314814,35.11665990855439,0 33.95880799891977,35.11673419571617,0 33.95857203478307,35.11687601830959,0 33.95856443021665,35.11688096566502,0 33.9585155455027,35.11692204900312,0 33.95839123129645,35.11703104920788,0 33.95833786687195,35.11707630607442,0 33.95809136375006,35.11733960995815,0 33.95793637148751,35.11768164659188,0 33.95781815729224,35.11797521429718,0 33.95779060738838,35.11823983193722,0 33.9578516105306,35.11852626053768,0 33.95787354735089,35.11859539962768,0 33.95797956294452,35.11892951528679,0 33.95810490816967,35.11910821570761,0 33.95812024541014,35.11913301907785,0 33.95814889710126,35.11917326577967,0 33.95826347297235,35.11933421309838,0 33.95840245251553,35.1194691954431,0 33.95844426856744,35.11953030377736,0 33.95852618312027,35.11965001015407,0 33.95853230746669,35.11965859231149,0 33.95854000062627,35.11965912547158,0 33.95854234279265,35.11965959368689,0 33.95854933299816,35.11966099050727,0 33.95855419409929,35.11966137750825,0 33.95856285447043,35.11966206616506,0 33.95857100643079,35.11966243254719,0 33.95857427402437,35.11966257976713,0 33.9585782393676,35.11966235551356,0 33.95858545196481,35.1196619469372,0 33.95859525731517,35.11966457439075,0 33.95860061599667,35.11966454643107,0 33.95860502755031,35.11966279984378,0 33.95863354192575,35.1196448453283,0 33.95863604660792,35.1196373676058,0 33.95863506316547,35.11963086390739,0 33.9586125610449,35.1196133723788,0 33.95860457978068,35.11960575765692,0 33.95859816170438,35.11958952071166,0 33.95859926774863,35.11958204954477,0 33.95859919067096,35.11957228654461,0 33.95860241114117,35.11956710074666,0 33.9586147723362,35.11953908853997,0 33.95861656691681,35.11953027249549,0 33.95861535436351,35.11952434477976,0 33.95859843671607,35.11950605733954,0 33.95859968267716,35.11942737615263,0 33.9585947052279,35.11941668203774,0 33.95858886332631,35.11941441623362,0 33.95858859220672,35.11940944012655,0 33.95858156610075,35.11940488339854,0 33.95858061096502,35.11940182540249,0 33.95858174760147,35.11939818300169,0 33.9585847593188,35.11939606079966,0 33.95859129430992,35.11939755766437,0 33.95859430603753,35.11939543636337,0 33.9585982048885,35.11938775832794,0 33.95859863364031,35.11938277938975,0 33.95859650222177,35.11937838765974,0 33.95859182419525,35.11937611535483,0 33.95858343567768,35.11937596807424,0 33.95857623476554,35.11937849567229,0 33.95856928686719,35.1193838921236,0 33.95856206556715,35.11938393030569,0 33.95855459701557,35.11938224702857,0 33.95855317457918,35.11937919182657,0 33.95855406959375,35.11937440209362,0 33.95854984078809,35.1193700215419,0 33.95854691880115,35.1193539570476,0 33.95854050637519,35.11933829332327,0 33.9585411382952,35.11932986775279,0 33.95854391861446,35.11932793937297,0 33.95858959091533,35.11932903657839,0 33.95859563363516,35.11932728159768,0 33.95859816778716,35.11932363084797,0 33.95859616690986,35.11930622234222,0 33.95860079052652,35.1193016032232,0 33.95860727564657,35.1192967836998,0 33.95861351120914,35.11928985875312,0 33.95861323445957,35.1192843085196,0 33.95860094048851,35.11926140285983,0 33.95860110957754,35.11925336222783,0 33.95860268864764,35.11924684547283,0 33.9586117226054,35.11924009759601,0 33.95861680794475,35.11923509354624,0 33.95861700419114,35.11923030753663,0 33.95860981373836,35.11920488545744,0 33.9586070766801,35.11918269471096,0 33.95861305702543,35.11917290092803,0 33.95862446858841,35.11917245733712,0 33.9586338484334,35.11918006460235,0 33.95864247214315,35.11918390201979,0 33.95864319997864,35.11918422616359,0 33.95864975537711,35.1191884026288,0 33.95865141314022,35.11919019495562,0 33.9586575097297,35.11919678440404,0 33.95866367357441,35.11924001389967,0 33.95868865177637,35.11927606031075,0 33.95867699857523,35.11927535657579,0 33.9586716466905,35.1192761497457,0 33.95867072903157,35.11927806970527,0 33.95868627517362,35.11929961831481,0 33.95868699889463,35.11930286832894,0 33.95868263046037,35.119310166099,0 33.95867451416024,35.11931499402149,0 33.95865530384175,35.11933098479036,0 33.95865207885139,35.11933559645462,0 33.95866652125838,35.11936499929681,0 33.95867624598385,35.11938715279918,0 33.95869247163007,35.11940620916052,0 33.95871331755445,35.11942045443158,0 33.95872020300764,35.11943688146817,0 33.95873177783744,35.11945711033425,0 33.95873468059071,35.11947068720209,0 33.95873963543053,35.11947870082367,0 33.95874621801156,35.11948613100392,0 33.95874766432016,35.11949243995034,0 33.95874845945504,35.11950468684669,0 33.95874199132842,35.11951161273835,0 33.95873269300573,35.11951415062691,0 33.95869615094222,35.11951855621506,0 33.95868477335454,35.11952340182185,0 33.95868319204754,35.11952972750544,0 33.95868588379196,35.1195461750952,0 33.95868431155007,35.11955364904893,0 33.95868644183635,35.1195578496963,0 33.95868659489437,35.11957737390232,0 33.95867378689569,35.11957801693048,0 33.958657278605,35.11958212433498,0 33.95865242694869,35.11958731852923,0 33.95865388566315,35.11959496771166,0 33.95865812135739,35.11960049654683,0 33.9586588836003,35.11960853251619,0 33.95865662848003,35.11961811566182,0 33.95865900491374,35.11962403687544,0 33.95866100920463,35.1196418284332,0 33.95866478432485,35.11964793418054,0 33.95867134424998,35.11965249368922,0 33.95868020129652,35.11965302124003,0 33.95870516500771,35.1196574829508,0 33.95872847714949,35.11965946453869,0 33.9587350336878,35.11966364098964,0 33.95874807994499,35.11966376313374,0 33.95875205469238,35.11966546502178,0 33.95875591761663,35.11966792223857,0 33.95876539311009,35.11967394954053,0 33.958767274282,35.11967514609732,0 33.95876854755157,35.11967623659466,0 33.95876864063376,35.11967631608002,0 33.95877994045568,35.1196859912046,0 33.95877977710477,35.11969498814135,0 33.95877630938374,35.11969845248564,0 33.95876327672094,35.11970005274978,0 33.9587402130208,35.11970017569861,0 33.95872811736967,35.11970253741331,0 33.95868899457214,35.11970465951898,0 33.95868621086336,35.11970620574922,0 33.95868554721653,35.1197106114731,0 33.95868883346049,35.11971384842916,0 33.95869022451826,35.11971609715386,0 33.95869251911035,35.11971980796032,0 33.958693317516,35.11972109871254,0 33.95869367780998,35.11972216848968,0 33.95869570192424,35.11972816820408,0 33.95870135211845,35.11973560485993,0 33.95871441647409,35.11973783245815,0 33.95873397957627,35.11973696292979,0 33.9587409422898,35.11973367194575,0 33.95875559592078,35.11973072213416,0 33.95875952762271,35.11972706483312,0 33.95876624869686,35.11972262561453,0 33.9587711445558,35.11972298258668,0 33.95877511367626,35.11972411034754,0 33.95877864149578,35.11972830264213,0 33.95878637667253,35.11973438697459,0 33.95879672420454,35.11974658354362,0 33.9588123816778,35.11975262593544,0 33.95881867851044,35.11975354959928,0 33.95883078438645,35.11975252812763,0 33.95883684526719,35.11975306967469,0 33.95884176496073,35.11975649020244,0 33.95884463936689,35.1197664284717,0 33.9588433291491,35.11977753827218,0 33.95884676276809,35.1197993422217,0 33.95884620241007,35.11981714865625,0 33.95883758921223,35.11981795952165,0 33.95882616963551,35.11981744594478,0 33.95880709879322,35.11982156733225,0 33.95879289205831,35.11982202494018,0 33.9587765993045,35.11982402686514,0 33.9587465513142,35.11982476030628,0 33.95871653506471,35.11982951358652,0 33.95870349898866,35.11983073079033,0 33.95868019815802,35.11983028053144,0 33.95866622742741,35.11983131223145,0 33.95865618286401,35.11983448697374,0 33.95865391054257,35.11983520530884,0 33.95865152480211,35.11983654287886,0 33.9586448416951,35.11984029134356,0 33.95864184890062,35.11984196992475,0 33.95863997411566,35.11984375323545,0 33.95863213649051,35.11985121004181,0 33.95861869657848,35.11986046972446,0 33.95861080162388,35.11987033723871,0 33.95860762288446,35.11987431036784,0 33.95860460034267,35.11987916199585,0 33.95859969666943,35.11988703456121,0 33.95859865003552,35.11988871487512,0 33.95859785939685,35.11989024083333,0 33.95859268434209,35.11990023195489,0 33.95858611398697,35.11992381230658,0 33.9585784931805,35.11996213831897,0 33.95857749030201,35.11998281730384,0 33.95857383189507,35.11999145068841,0 33.9585703539474,35.11999357567608,0 33.95856383927504,35.11999456642347,0 33.95855852820575,35.12000072059779,0 33.95854387909531,35.12000443561084,0 33.9585250633695,35.12001123560263,0 33.95851856917005,35.12001509794147,0 33.95849110624724,35.12001849785175,0 33.95848736514581,35.12001679500904,0 33.9584866414701,35.12001373608354,0 33.95848799592299,35.12000817745749,0 33.95848702046359,35.1200028229382,0 33.95849211711379,35.11999896714617,0 33.95849742255959,35.11999223884833,0 33.95849735003459,35.11998305088489,0 33.95848936869964,35.11997524506683,0 33.95847910506181,35.11997376776829,0 33.95847188595832,35.11997399791925,0 33.95846004662749,35.11997942132756,0 33.95845054292349,35.11998559693406,0 33.95843276130888,35.11999526679947,0 33.95842850449218,35.11999758182101,0 33.95841414003635,35.12000780424126,0 33.95841141895186,35.12001020266335,0 33.95839840855707,35.12002166997906,0 33.95838866544251,35.12002838649144,0 33.95838357787392,35.12003189427959,0 33.95837390390581,35.12004591943047,0 33.95837064937339,35.12005288298764,0 33.95836977822343,35.12005474759366,0 33.95836888085481,35.12005896317257,0 33.95836893432698,35.12006071861302,0 33.9583691927943,35.12006929848616,0 33.95836561140273,35.12008769396341,0 33.95836236371422,35.1200894349448,0 33.95835905571135,35.12011318869067,0 33.95835419832304,35.12011761675618,0 33.95835217114121,35.12012643373405,0 33.95835337696109,35.12013178733432,0 33.95835854503858,35.12013711951998,0 33.95835764088951,35.12014056899031,0 33.95835464841291,35.12014517970933,0 33.95835352426187,35.12015054542303,0 33.95835684901446,35.12015856834295,0 33.95835734581215,35.12016501730227,0 33.95835892576574,35.12018554786847,0 33.9583617876791,35.12019395482485,0 33.95836975991852,35.12020042129129,0 33.95838842696293,35.12020415046737,0 33.95845420066955,35.12021375631709,0 33.95849780892616,35.12021907565408,0 33.95849329403052,35.12023747581269,0 33.95847691648271,35.12034725032952,0 33.95847437662194,35.12035013586086,0 33.95847014981567,35.12037561758429,0 33.9584646593436,35.12038828014231,0 33.95846400365646,35.12039383504478,0 33.95846612149104,35.12039650346975,0 33.9584668667402,35.12040243398017,0 33.95846479985784,35.12040608193307,0 33.95846279538267,35.12041796067688,0 33.95845621250982,35.12044001059787,0 33.95843886089311,35.12048508636941,0 33.95843240694744,35.12055307704917,0 33.95842855907696,35.12056745453688,0 33.95842690833202,35.12059445361982,0 33.95843160574532,35.12059940554112,0 33.95843698829608,35.12060244024482,0 33.95844094155782,35.12060146164665,0 33.95844943808368,35.12058571968429,0 33.9584572755275,35.12057514956939,0 33.95846966983284,35.12055153939546,0 33.95846357601275,35.1205467860026,0 33.95846166352757,35.12054067002742,0 33.95846509848032,35.12053318675544,0 33.95847367320228,35.12052739887114,0 33.95849620970036,35.12051943013433,0 33.95851292354935,35.12051187610008,0 33.95852702720355,35.1205004551099,0 33.95853005484282,35.12049800288298,0 33.95853410748624,35.12049342794251,0 33.95853865491758,35.12048829294535,0 33.95854044683382,35.12048627052801,0 33.95854117169991,35.12048521650544,0 33.95855035218919,35.12047186135504,0 33.95855430320479,35.12047069168118,0 33.95856689130229,35.12047177381764,0 33.9585727253568,35.12047308243201,0 33.95857228743525,35.12047653001915,0 33.95856468711016,35.1204876733383,0 33.9585559014101,35.12049633375175,0 33.9585536359951,35.1205043855531,0 33.95855785354797,35.12050742585959,0 33.95855858974087,35.12051220809927,0 33.95855651946949,35.1205154729994,0 33.9585530460654,35.12051836230998,0 33.95854892824723,35.12052795567707,0 33.95854453936096,35.12053276492858,0 33.95854157293124,35.12054062938115,0 33.95853763436634,35.12054333037883,0 33.95853301635086,35.12054871471145,0 33.95853030852125,35.12055983105379,0 33.95853244564189,35.12056498799947,0 33.95854671254154,35.1205719959688,0 33.95855427415732,35.12058554680958,0 33.95855199404694,35.1205918762145,0 33.95855436482954,35.12059703221319,0 33.95857258957358,35.12060382680183,0 33.95858661712867,35.12061006869452,0 33.95859318056331,35.12061520234922,0 33.95859557745676,35.12062380406685,0 33.95858380489403,35.12063764933321,0 33.9585660892377,35.12066588235134,0 33.9585507446244,35.12066998414463,0 33.95852774524761,35.12067833692927,0 33.95852353785807,35.12067644578453,0 33.95852000890189,35.12067225259101,0 33.95851057554341,35.12065756280081,0 33.95849884284883,35.12064690588253,0 33.95848881937406,35.12067586404984,0 33.95848031831535,35.12069103187977,0 33.95847989513545,35.12069639385358,0 33.95846766308925,35.12071100620028,0 33.95846308586376,35.12072155954779,0 33.95845566023292,35.12072523635646,0 33.95844668617026,35.1207396408611,0 33.95844188543985,35.12075134341551,0 33.95843356023936,35.12075923581926,0 33.9584208642114,35.1207740429201,0 33.95841598756677,35.1207761744569,0 33.95837013513383,35.12078177757724,0 33.9583471175401,35.12078764269877,0 33.95834151262962,35.12078594918092,0 33.95833682088228,35.12078176247211,0 33.95833298686878,35.12076838314931,0 33.95832236359836,35.12075044611374,0 33.95830767040667,35.12071893782469,0 33.95830717775094,35.1207144348845,0 33.95830691725646,35.12071205102547,0 33.9583075066454,35.12071001378261,0 33.95830918513957,35.12070420742506,0 33.95830941183083,35.12070342414742,0 33.95830983027827,35.12070280881066,0 33.95831424882059,35.12069631467803,0 33.95833146090867,35.12066310742733,0 33.9583346349702,35.1206519874029,0 33.95833922696242,35.12064334934835,0 33.9583375719586,35.12064029598346,0 33.95834031267166,35.12063338967103,0 33.95834309866682,35.12063203542176,0 33.95834868886743,35.12063200564211,0 33.95836595616701,35.12063535920186,0 33.95836966781742,35.12063323417483,0 33.95837033147708,35.12062882755164,0 33.95835898458476,35.12060802268233,0 33.9583568168898,35.12059903696787,0 33.95835817474988,35.12059386139771,0 33.95836140658412,35.12059001584958,0 33.95837833598625,35.120580163446,0 33.95838154744713,35.12057382938388,0 33.95838363494081,35.12054299964318,0 33.95839078650435,35.120474622171,0 33.95838006451444,35.12047410483954,0 33.95837378681789,35.12047435097664,0 33.95836054389479,35.12047487031897,0 33.95835747358425,35.12047499104239,0 33.95835440694643,35.12047533167024,0 33.95834117952661,35.12047680002748,0 33.95833418501017,35.12047607114295,0 33.95830414016329,35.12047718753246,0 33.9582851154325,35.12048010965592,0 33.95824992301456,35.12048551487419,0 33.95822116325335,35.12050193891597,0 33.95820401150608,35.12051313338844,0 33.95819916881524,35.12051947493391,0 33.95819405056864,35.1205204600301,0 33.95819132686765,35.12052966288835,0 33.95819467087932,35.12054017343326,0 33.95819983559478,35.12054512347213,0 33.95820435704244,35.12055715883503,0 33.95820560588459,35.12056787252652,0 33.95819737128013,35.12058724851649,0 33.95818301087483,35.12062752425962,0 33.9581774807618,35.12063540176004,0 33.9581699551505,35.12065611608136,0 33.95816370355823,35.12066093463665,0 33.95816279830927,35.12066438501539,0 33.95816443972976,35.12066571687892,0 33.95816910198327,35.1206660748203,0 33.9581749077183,35.12066374666135,0 33.95820490274581,35.12065612192539,0 33.95821258927418,35.12065608098699,0 33.95822947875065,35.12067073168298,0 33.95823558839395,35.12067739856477,0 33.95823561787546,35.12068122733913,0 33.95823424183266,35.1206839143771,0 33.95822959884831,35.12068604496044,0 33.95820912344329,35.12068940759212,0 33.95821059005709,35.1206980139681,0 33.95821718748619,35.12070755055274,0 33.95821983950056,35.12071883002537,0 33.95822317097267,35.12072433447538,0 33.95823069751207,35.12073676701709,0 33.95823430582039,35.12075129646947,0 33.95823368526736,35.12076144536079,0 33.95822403837904,35.12077891621123,0 33.95822386925331,35.12078695684132,0 33.95822066230188,35.12079386503439,0 33.9582207744799,35.1208082211224,0 33.95821686312409,35.12081455891077,0 33.95821878918714,35.12082239729481,0 33.95822231816799,35.12082678068531,0 33.95822910957725,35.1208311472966,0 33.95823773877027,35.12083244194069,0 33.95824960089872,35.120829890129,0 33.95825543951472,35.12083177379455,0 33.95826009834494,35.12083155758857,0 33.95826823298269,35.12082921732173,0 33.95827547477969,35.12083166766853,0 33.9582766556525,35.12083376662966,0 33.95827483719732,35.12083951910987,0 33.95825551175063,35.12087063296054,0 33.95825638047221,35.12089225890178,0 33.95824418871007,35.1209017926055,0 33.95824109918553,35.12090420835855,0 33.95823815826282,35.12090750988185,0 33.95823047567637,35.12091613270665,0 33.95822494326761,35.12092362804752,0 33.95822515966407,35.12095119194411,0 33.95822079792553,35.1209594468955,0 33.95821971110139,35.12096940658024,0 33.95821485141798,35.12097364356834,0 33.95820000913609,35.12098214452431,0 33.95819538202536,35.1209863814757,0 33.95819656967628,35.12098924654595,0 33.95822555278676,35.12100115251329,0 33.95824541562457,35.12100889505663,0 33.95825707808643,35.12101055600949,0 33.95826148400477,35.12100785312858,0 33.95826535915862,35.12099711244711,0 33.95826624403787,35.12099117355439,0 33.95827016445817,35.12098598403451,0 33.95827990652551,35.12098057271947,0 33.9582880014916,35.12097306432623,0 33.95829893119984,35.1209705171777,0 33.95834627262391,35.12103592552599,0 33.9583256008276,35.12104388309712,0 33.95830191949099,35.1210541548338,0 33.95829707792828,35.12106068836508,0 33.95829436667238,35.12107142254911,0 33.95829633014355,35.12108404599328,0 33.95829559829653,35.12110970107991,0 33.95829192737266,35.12111680403282,0 33.95827236251606,35.12114715181348,0 33.95826218822702,35.12115696882179,0 33.95824724028964,35.1211817420964,0 33.95823566729278,35.12119137546567,0 33.9582299034322,35.12119906192352,0 33.95822347139033,35.12121058267087,0 33.95821402418719,35.12122403184404,0 33.95819711844348,35.12123694778435,0 33.95819292576188,35.12123697011438,0 33.95818519051685,35.12123107593526,0 33.95818028208835,35.1212289974286,0 33.95817212364297,35.12122846522124,0 33.95816352280149,35.12123100025723,0 33.95815723737493,35.12123358909756,0 33.95814610660477,35.12123817491248,0 33.95813078680015,35.1212455303921,0 33.95812454652185,35.12125188117977,0 33.95812086988616,35.12125821710934,0 33.95811286553371,35.12127740198486,0 33.95810872720912,35.12128431483317,0 33.95810669657577,35.12129274785068,0 33.9580970496542,35.12131041068168,0 33.95808044324207,35.12133174751439,0 33.95806980377734,35.12134156638102,0 33.95805990495738,35.12135654963338,0 33.95804374438048,35.12137539516389,0 33.95803846374408,35.12138537718025,0 33.9580231971142,35.12139943208707,0 33.95798884637791,35.1214455570447,0 33.95793944899683,35.12150401173647,0 33.9579182413656,35.12153283831724,0 33.95787993603832,35.12157974894328,0 33.95781355650921,35.12158220606773,0 33.95780938192811,35.12158452582607,0 33.95780332772362,35.12158494052645,0 33.95779938236345,35.1215870673832,0 33.95777461848724,35.12160806392487,0 33.95776787227125,35.12160924845123,0 33.95776341987639,35.12160601708125,0 33.95775963906255,35.12159914609236,0 33.95775095775516,35.12159134395697,0 33.95774597461141,35.12157988459553,0 33.95774353026375,35.12156534953785,0 33.95774418485717,35.12155960265733,0 33.95774923302827,35.12154981358048,0 33.95774748970061,35.12153546587585,0 33.957749051912,35.12152684367331,0 33.95775066727037,35.12152472982201,0 33.95775509247937,35.12152451457989,0 33.95776592448327,35.12152626506759,0 33.95776885588133,35.12152673855603,0 33.95777286077029,35.1215279165427,0 33.95777826485075,35.12152950711483,0 33.95778099825984,35.12153031116655,0 33.95778366686501,35.1215313897459,0 33.95778941192273,35.12153371223708,0 33.95779359895329,35.12153292470496,0 33.95780381072183,35.1215278936984,0 33.95784621204832,35.12149818846831,0 33.95784900603865,35.12149798250869,0 33.95785811166572,35.12150042265689,0 33.9578798417731,35.12150853899093,0 33.95788475813681,35.12151157560002,0 33.95789735539976,35.12151361498397,0 33.95790294789825,35.12151377629603,0 33.95790642255032,35.12151126917378,0 33.95790719423648,35.12149097420487,0 33.95790966732288,35.12147947575009,0 33.95791400986857,35.12146873318883,0 33.9579310939255,35.12144892582901,0 33.95793361458733,35.12144355268794,0 33.95793939545368,35.12143797080168,0 33.95794146233091,35.12143413086682,0 33.95794074095254,35.12143145500153,0 33.95793675588512,35.12142822174692,0 33.95793134611974,35.12142174131071,0 33.95792726933577,35.12140683247234,0 33.95792233599536,35.12140168950432,0 33.95791804591062,35.12138927012437,0 33.95791071916698,35.1213761004701,0 33.95790299753244,35.12137193048059,0 33.95788635521009,35.1213590012019,0 33.95788024215511,35.12135195124936,0 33.95786598648584,35.12134628434845,0 33.95783098759123,35.12133957895334,0 33.95781980942494,35.12134021261856,0 33.95779132526152,35.12133232361082,0 33.95778526993578,35.12133254722919,0 33.95777567889891,35.12132781242521,0 33.95776518588156,35.12132652797024,0 33.9577255434053,35.1213199367567,0 33.95771986964183,35.12131180078281,0 33.95771469689395,35.12130438554883,0 33.95770660377541,35.12129921886596,0 33.95770041412089,35.12129152773606,0 33.95768890217148,35.12128285831312,0 33.95767496002325,35.12127688785555,0 33.95766514161933,35.12127559625866,0 33.95764715524574,35.12127502088691,0 33.95763613938537,35.12127742984721,0 33.95762812930757,35.12129829127955,0 33.95761962141623,35.12130773902805,0 33.95760252044475,35.12131588819687,0 33.9575784892501,35.12132608954652,0 33.9575609268291,35.12132752536795,0 33.95754822875593,35.12132389943771,0 33.95749882272754,35.12127748627243,0 33.95749795493338,35.12127110964639,0 33.95749833122136,35.12126707846424,0 33.9575052477478,35.12126301273975,0 33.9575260706717,35.12126055155163,0 33.95754734589939,35.121263460737,0 33.95756989307103,35.12127240804256,0 33.9575740168188,35.12127708780934,0 33.95757535736922,35.12129151892125,0 33.95757909523515,35.1212992222176,0 33.9575856287254,35.12129851710711,0 33.95759129724092,35.12129177065726,0 33.95759572735623,35.12128335204065,0 33.9576155740334,35.12126074939088,0 33.95762526914486,35.12124625812722,0 33.95763751599504,35.12124451366425,0 33.95767353819851,35.12125204659743,0 33.95768415054551,35.12125031143924,0 33.95770380890285,35.12125557963142,0 33.95770912161774,35.12125555207356,0 33.95771314537229,35.12124747107082,0 33.95771931639597,35.1212413867546,0 33.95773365398329,35.12122724999144,0 33.95774195669883,35.12121667714749,0 33.95774584546726,35.12120746779739,0 33.95774696180053,35.12120133598956,0 33.95774297223612,35.12119752949441,0 33.95772823226113,35.12118956701648,0 33.95771883161662,35.12117963342073,0 33.95771491162591,35.1211754910663,0 33.95770176312821,35.12120320744141,0 33.95769458449424,35.12122574335795,0 33.95768606811462,35.12123418344981,0 33.95767752842782,35.12123960144143,0 33.9576730244726,35.12123861758327,0 33.95767219240872,35.1212366068983,0 33.95767295345988,35.12122955129306,0 33.95767244714055,35.12121712994867,0 33.95767358556764,35.12120604315214,0 33.95767879828477,35.12119325483074,0 33.95767750478182,35.12118453170582,0 33.95767340890653,35.12118354552453,0 33.95764442935508,35.1211880641081,0 33.95762847534655,35.12118613414511,0 33.9576189991124,35.1211882064469,0 33.95761745949748,35.12118854310356,0 33.95761441987334,35.12118866356591,0 33.95761153595315,35.12118877738975,0 33.95760765527217,35.12118893063676,0 33.95760468383783,35.12118850343027,0 33.95759865304422,35.12118763528991,0 33.95759418939952,35.12119168885086,0 33.95758318771531,35.12119577694117,0 33.95756815375112,35.12120693746625,0 33.95756615492651,35.12121265620767,0 33.95755926454586,35.12122008022281,0 33.95754744102695,35.12122350058022,0 33.95754298194505,35.12122822562176,0 33.957534016536,35.12123129530001,0 33.95752466415497,35.12123738941725,0 33.9575120342445,35.12124249268474,0 33.95750920336565,35.12124620164042,0 33.95750388499772,35.12124555861707,0 33.95750345361093,35.12124253793849,0 33.95750459946543,35.12123245881314,0 33.95750084287771,35.12122240489688,0 33.95749223675376,35.12121942806738,0 33.95748038318373,35.12121915575475,0 33.95747301655353,35.121217851083,0 33.95745965454466,35.12123370442414,0 33.95745643211274,35.12123976543441,0 33.95744869660479,35.12124350051449,0 33.9574450643649,35.12124922855183,0 33.95744140662335,35.12125193360534,0 33.9574344752984,35.12125398488769,0 33.95742750479447,35.12125100054122,0 33.95742540601422,35.12124395941614,0 33.95742575900956,35.12123690613432,0 33.95742284581544,35.12123020584974,0 33.95741793094952,35.12122888811671,0 33.95741183278027,35.12123295007589,0 33.95740822839991,35.12124237169444,0 33.9574025365666,35.12124609513486,0 33.95740011549974,35.12125013796211,0 33.95738914558163,35.12125825489483,0 33.95738138393751,35.12125863168335,0 33.95737161496486,35.12126372044975,0 33.95736345721108,35.12126577871152,0 33.95734797027926,35.12127123352832,0 33.95734102589596,35.12127160656296,0 33.95732392490325,35.12127975569283,0 33.95732558097038,35.12128243319298,0 33.95733293737617,35.12128239491746,0 33.9573533380714,35.12127825694569,0 33.95737170750928,35.1212754735456,0 33.9573876445411,35.12127538912094,0 33.95741704572618,35.12127221030477,0 33.95742360706775,35.12127519788397,0 33.95742485788695,35.12127821299115,0 33.95741798905442,35.12128832380337,0 33.9574110838583,35.12129373337174,0 33.95738988069493,35.12129988954331,0 33.957354031135,35.12131451797602,0 33.95734301243402,35.12131659162362,0 33.95733204250136,35.12132470855136,0 33.95732062028623,35.12132745600128,0 33.95731819181104,35.12133049115702,0 33.95731824970987,35.12133787740296,0 33.95731459590411,35.12134091953287,0 33.95730521170342,35.12134298387238,0 33.95729457147895,35.12134102541539,0 33.95729007776036,35.12134138540047,0 33.95728807260849,35.12134609645892,0 33.9572906197355,35.12135817178582,0 33.95728781953539,35.12136591050628,0 33.95728786154199,35.12137128232229,0 33.95729159481963,35.12137831414537,0 33.95728629799631,35.12138035701628,0 33.95728138879605,35.1213797116529,0 33.95727442000496,35.12137706169139,0 33.95726092057219,35.12137545481302,0 33.95725313562629,35.12137280949361,0 33.95724413055738,35.12137117883445,0 33.95724001358208,35.1213671705214,0 33.9572353909951,35.12135107706607,0 33.95722794600244,35.12133969931982,0 33.95721846581967,35.12132933996669,0 33.9572069641409,35.12132201345349,0 33.95717140336613,35.12132119462651,0 33.95716483527161,35.12131753556849,0 33.95716234889559,35.12131318357365,0 33.95716508838516,35.12129772242206,0 33.95715517465764,35.12128434330234,0 33.95714780520105,35.12128270332461,0 33.9571440702014,35.12127533530054,0 33.95713994932426,35.12127099260757,0 33.95713216612032,35.12126868257502,0 33.95712649016841,35.12127442133399,0 33.95711916270854,35.12127815317083,0 33.95711645294817,35.12128011971976,0 33.95710344914269,35.12128955696643,0 33.95710331424845,35.12128965447795,0 33.95709249355339,35.12130002722893,0 33.9570899288718,35.12130248567938,0 33.95708805347658,35.12130525416528,0 33.9570794237943,35.1213179883212,0 33.95707429323241,35.12134118495599,0 33.95706991747,35.12135631830965,0 33.9570601660883,35.12136375767763,0 33.957047117827,35.12136752026205,0 33.95702991581415,35.12136291039566,0 33.95702010700101,35.12136262639923,0 33.95700990554768,35.12136469626767,0 33.95697982999663,35.12138600950667,0 33.95696558989833,35.12139414410963,0 33.95695504106279,35.12140393872833,0 33.95694121578277,35.12141274157168,0 33.95692189901752,35.12145112466914,0 33.95691501531407,35.12145922011377,0 33.95691102150358,35.12147099465638,0 33.9568499588254,35.12150153913928,0 33.95683368348187,35.12151069121335,0 33.95682930658,35.12152582546874,0 33.95682442804434,35.1215292098571,0 33.95681747058184,35.12152790371827,0 33.95679748525924,35.1215330460497,0 33.95675867752984,35.12153526600488,0 33.95673377451418,35.12153875618112,0 33.95671176073381,35.12154558834928,0 33.95669908875517,35.12154531971666,0 33.95665050284349,35.12155128538478,0 33.9566264272892,35.12155611384754,0 33.95661332112999,35.12155248923764,0 33.95658112170776,35.12156340474596,0 33.956458461719,35.12150428313754,0 33.95648025091593,35.1214685729845,0 33.9564923564818,35.12139664930601,0 33.95653008172781,35.1212564233448,0 33.95653074604523,35.12113251256469,0 33.95651716917825,35.12101673543987,0 33.95649854516674,35.12098694801267,0 33.9564850038481,35.12097996832771,0 33.95637539758209,35.12091775467228,0 33.95616829902698,35.12087855491602,0 33.95602880614322,35.12086149545188,0 33.95590889367041,35.12088933894738,0 33.95575059191803,35.12092609581421,0 33.95563840500922,35.12089948871862,0 33.95562811238032,35.12088980536004,0 33.95555836120754,35.12080219616633,0 33.95550420519294,35.12067085042611,0 33.95548434431289,35.12053529532663,0 33.955481009106,35.12052691817122,0 33.95534360653792,35.12041145988643,0 33.95522863934884,35.12034255691979,0 33.95521222603389,35.12033424857518,0 33.95514960263704,35.12028934472853,0 33.95507043789863,35.1202325803028,0 33.95491959001897,35.12017427681975,0 33.95478111637901,35.12013068333425,0 33.9545879482219,35.12021435459504,0 33.95456859205085,35.12023363405925,0 33.95449223828425,35.12032083966876,0 33.95448537196661,35.1203312847061,0 33.95443126392869,35.12046739905379,0 33.95439885349555,35.1205560513774,0 33.95435995527928,35.12065111843133,0 33.95433504217261,35.12070564902612,0 33.95428785861242,35.12078648830995,0 33.95427351092606,35.12080704699306,0 33.95423708751174,35.12085273924595,0 33.95420955328582,35.12088562338047,0 33.9541925274655,35.12090334309966,0 33.95410652524453,35.12095903510161,0 33.95409798079356,35.12096378046033,0 33.95409291589733,35.12096934751586,0 33.95393865656663,35.12107627230201,0 33.95380834120902,35.12116174611054,0 33.95369772713271,35.12123183886017,0 33.95368980320505,35.12123758883908,0 33.95368359550719,35.12125382353966,0 33.95392463196399,35.12130013722796,0 33.95428955719553,35.12137025634392,0 33.95436446979942,35.12138606326472,0 33.95455938926108,35.1210955805517,0 33.95461340742135,35.12100026635974,0 33.9546413996563,35.12097392696161,0 33.95464990332976,35.12096380883511,0 33.95468868484134,35.12095823126854,0 33.95473078457267,35.1209590164434,0 33.95477874300437,35.1209772320633,0 33.95481377023951,35.12101432050999,0 33.95487357201041,35.12113589722732,0 33.95487359218799,35.12113687415055,0 33.95487553428366,35.12123024501164,0 33.95489909405993,35.12126403553579,0 33.95498521693317,35.12140696461849,0 33.95506849700226,35.12144749277233,0 33.95515721721809,35.12150444507409,0 33.95522197390029,35.12158032830401,0 33.95531263671663,35.12162417372104,0 33.95534844097462,35.1216038369861,0 33.95536244357774,35.12161753105114,0 33.9553681802307,35.12161951480977,0 33.95540851619463,35.12165590323207,0 33.95542700864804,35.12166890209576,0 33.95543486824756,35.12168094910542,0 33.95543902531659,35.12168999400406,0 33.9554767957994,35.12171195641457,0 33.9554764658595,35.12172203179401,0 33.95546722529958,35.12174222856456,0 33.95546692595164,35.12175633281411,0 33.95547943279033,35.12178783164472,0 33.95547911132713,35.12179891468571,0 33.95549027906935,35.1218159814653,0 33.95551369277815,35.12188335164596,0 33.95551049732861,35.12189277088654,0 33.95548548608728,35.12193454182263,0 33.95546074026463,35.12195817785798,0 33.95544692493556,35.12196832439209,0 33.95543842801517,35.12197911493963,0 33.9554421843879,35.12198916892205,0 33.95545298768755,35.12201194603417,0 33.9554600113808,35.12202164616127,0 33.95546131032114,35.12203104168753,0 33.95545726134936,35.12203576432139,0 33.95543281201339,35.12204495991467,0 33.95541614872325,35.12205680093202,0 33.95546110151383,35.12205656284029,0 33.95547747613226,35.12205983461139,0 33.95549100626382,35.12206547235948,0 33.95550653536525,35.12206538959421,0 33.95552004227297,35.12206800523811,0 33.95553870563344,35.12205044548828,0 33.95554800222779,35.12203729966649,0 33.95555654497053,35.12203221800966,0 33.95555944762647,35.12203295407597,0 33.95556432537619,35.12203419195503,0 33.95557785548817,35.12203982789084,0 33.95558614646772,35.12205489557514,0 33.95559487942281,35.12207398978651,0 33.95559420481977,35.1220921261052,0 33.95558902232043,35.12210894321097,0 33.95557328616108,35.12213488243403,0 33.95556762023899,35.12214196407848,0 33.95555988282521,35.12214536284394,0 33.95553371687207,35.12214415849723,0 33.9555116140078,35.12213990974369,0 33.95546787348785,35.12213846175486,0 33.95544577172524,35.1221342129806,0 33.95541141162553,35.12213036459485,0 33.95539674904525,35.12213682309817,0 33.95537146200815,35.12214333650449,0 33.95536741019712,35.12214772294776,0 33.95536744471155,35.12215208799674,0 33.9553735894949,35.12215407034025,0 33.95538602559973,35.12217650288387,0 33.95539353489971,35.12219593935984,0 33.95540257408037,35.12220227141791,0 33.95540384634189,35.12220797335237,0 33.95541826906076,35.12222334334395,0 33.95542894042411,35.12222899552189,0 33.95543638287703,35.12223462718306,0 33.95544571803823,35.1222416906174,0 33.95544949808328,35.12225048249852,0 33.95544376419056,35.12225559698862,0 33.9554302186307,35.12226414146754,0 33.95542116669188,35.12226723961502,0 33.95541876647499,35.12227674272069,0 33.9554117865754,35.12228084668396,0 33.95540415341534,35.1223069852087,0 33.95539138282697,35.12230908601036,0 33.9553811577378,35.12232032553665,0 33.95536102756394,35.12233093827025,0 33.95534453722931,35.12233204173074,0 33.95533671059624,35.12233343924892,0 33.95533220553352,35.12233753091115,0 33.9553376876121,35.12235275325327,0 33.95533814432655,35.12235851299464,0 33.95533284071659,35.1223659973875,0 33.95532629286518,35.12237281015398,0 33.95531805485388,35.1223742100122,0 33.95531184462357,35.12237987177504,0 33.95530945322528,35.12238205120123,0 33.95529669582503,35.12238584645925,0 33.95528678502782,35.12238454277972,0 33.95527603894658,35.12238188822408,0 33.9552542089022,35.12238607046459,0 33.95520843187528,35.12238732901504,0 33.95519360243848,35.12239011934349,0 33.95517720626209,35.12240342384594,0 33.95516487167416,35.12240857321683,0 33.95515125258119,35.12240762865122,0 33.955098317863,35.12239062237989,0 33.95507608391226,35.12239582361209,0 33.95504197205701,35.12241193394143,0 33.95503788977405,35.12241737791752,0 33.95503793047295,35.12242246220881,0 33.95504476013725,35.1224519128421,0 33.95504484220093,35.12246242033337,0 33.95503748080996,35.12247059334844,0 33.95499394448531,35.1224945486134,0 33.9549832397482,35.12249731633072,0 33.95496303425983,35.12249810108497,0 33.9549195846467,35.12248070542309,0 33.95487591379232,35.12254041893991,0 33.95483803678517,35.12254976977886,0 33.95483295229231,35.12253251079746,0 33.95482629598509,35.12252542891589,0 33.95481178770937,35.12251635377484,0 33.95477150571242,35.12249588558295,0 33.95474510943708,35.12248247386321,0 33.95472936090565,35.12247306686399,0 33.95464246253481,35.12238540205233,0 33.95459464058181,35.12233617017083,0 33.95465489552174,35.12228704608633,0 33.95466139131904,35.12227379349709,0 33.95465228372479,35.1222697739291,0 33.95465141173148,35.12226367764027,0 33.95465508156254,35.1222582360243,0 33.95466214599406,35.12223871445408,0 33.95466931784018,35.12221890269849,0 33.95467068305791,35.12221066877204,0 33.95467035802495,35.12219522370127,0 33.9546723375543,35.12218698583735,0 33.95467267213778,35.12217758194202,0 33.95467629749202,35.1221706795595,0 33.95467231373485,35.12215777271403,0 33.95458628798337,35.12210584289534,0 33.95454053142669,35.12205571498702,0 33.95447701417147,35.12205991081917,0 33.9544223421569,35.12201940125875,0 33.95441113872472,35.121971608854,0 33.95442772076629,35.12192316769473,0 33.9544097806224,35.12187625128708,0 33.95438777173499,35.1218317068648,0 33.9541786166569,35.12171242712395,0 33.95408887750611,35.12168217521675,0 33.95407759527684,35.1216765259249,0 33.95401592815316,35.12162984008674,0 33.95398183503369,35.12158149769949,0 33.95400434055926,35.12155904866956,0 33.95404832921668,35.12153984400908,0 33.95405177459247,35.12153613300008,0 33.95410708527758,35.12152778179475,0 33.95414987565044,35.1215384704634,0 33.95419628990394,35.12156827923432,0 33.95424126843263,35.12157139898795,0 33.95429285087877,35.12155652050499,0 33.95434631606847,35.12141638038229,0 33.95426403782796,35.12139935330418,0 33.95415822936724,35.12137842010699,0 33.95392329511296,35.12133348662535,0 33.95384772605571,35.12131838586067,0 33.95367770321364,35.12128441183695,0 33.95367157519264,35.12128461148492,0 33.95361760027798,35.12128086644658,0 33.95330681492881,35.12137319927807,0 33.95329710448229,35.12137608431573,0 33.95318878823743,35.1214047623298,0 33.95307304552643,35.12143538340539,0 33.95296598850184,35.12146537632956,0 33.95287828224863,35.1214981807229,0 33.9528218676205,35.12151829117441,0 33.95269552763447,35.12157723053675,0 33.95258609887225,35.12164438622193,0 33.95246187599746,35.12172473060198,0 33.95237303205565,35.12179367038055,0 33.95227217797631,35.1218687940968,0 33.95210181696643,35.12201377441666,0 33.95205743714396,35.12205363538123,0 33.95199216714729,35.12212114040642,0 33.9519513251381,35.12215967106793,0 33.95188807360147,35.12221303395305,0 33.95183468496226,35.12225360015259,0 33.95182984795321,35.12225727515707,0 33.95168823904566,35.12234929819861,0 33.95151688314979,35.12244182953395,0 33.95137368869166,35.12249850671769,0 33.9512757562083,35.12254076715686,0 33.95121348497156,35.12256669248549,0 33.95114403307807,35.12259344390216,0 33.95107823436177,35.12261754994246,0 33.9510201658167,35.12263223729411,0 33.95102022357318,35.12264428451835,0 33.95102071538884,35.12274605405788,0 33.95102318674385,35.12343177875294,0 33.95102461525909,35.12363064162535,0 33.95102412267575,35.12383893254446,0 33.9506276799643,35.12383390157684,0 33.9502945605714,35.12382870993171,0 33.9499881859435,35.12395171563347,0 33.9499623487016,35.12396223520215,0 33.94915410561567,35.12429132023232,0 33.94914322908561,35.1243163868081,0 33.94910898698758,35.12439529746733,0 33.9489282729961,35.1248117489266,0 33.94891989871265,35.12480966022617,0 33.94867282835221,35.12474803361329,0 33.94886215395717,35.12430380886951,0 33.94891501930989,35.12417976792432,0 33.9489900523972,35.12400371033202,0 33.949010445225,35.12395586020266,0 33.94905326822519,35.12385156386269,0 33.94908321203107,35.12377863409554,0 33.94907020419504,35.12375530581114,0 33.94906573616021,35.12374162829569,0 33.94906590850014,35.1237306663177,0 33.94912275909841,35.12338658468339,0 33.9491494250784,35.12323133072622,0 33.94913318474,35.12323263509458,0 33.94908107239483,35.12323671625811,0 33.94900052075928,35.1232434790158,0 33.94897569711395,35.12324556355269,0 33.94895322287044,35.12324760084564,0 33.94890783550732,35.12325233414935,0 33.94878551831024,35.1232650924545,0 33.94873014731929,35.12326933959045,0 33.94869073676919,35.12327236390533,0 33.94868402027726,35.12328900254352,0 33.9486677432629,35.12329149784325,0 33.94865689154005,35.12327896814392,0 33.94855911223564,35.12286521431422,0 33.94855873541879,35.12286535877807,0 33.94847467586877,35.12289750230755,0 33.94840420718441,35.12293080945629,0 33.94831240436758,35.12297592375478,0 33.94830107137279,35.12298149364479,0 33.9482681599465,35.12299766659795,0 33.9481449191699,35.12307677574561,0 33.9480448043608,35.12315415712806,0 33.94795646335125,35.12323656520715,0 33.9479652876882,35.12323973299862,0 33.94835789750159,35.12330637331234,0 33.94834222023879,35.12338625890248,0 33.94795256398712,35.12332241491865,0 33.94766508039619,35.12365813038454,0 33.94854701247448,35.12373707748405,0 33.94855269829067,35.12371348205386,0 33.94860227084916,35.12371750716183,0 33.9486068121995,35.12371480627347,0 33.9486564019134,35.12372097287417,0 33.94864663595024,35.12380672069091,0 33.94755727810758,35.12371077935943,0 33.94681865370211,35.12454721979332,0 33.94658535466687,35.12480980868801,0 33.9461805043367,35.1252701220065,0 33.94598887067863,35.12548375298414,0 33.94579402864701,35.12570436184587,0 33.94563147451842,35.1258900122182,0 33.94562269343741,35.12589914578534,0 33.94561029366506,35.12591204195173,0 33.94554021620174,35.12598493155397,0 33.94534133371023,35.12620728651444,0 33.94501876842948,35.12656996154676,0 33.94489661377794,35.12671002112672,0 33.94477474205174,35.12684706510692,0 33.9446859323258,35.12694926849296,0 33.94468040921499,35.12694678591326,0 33.94467676156035,35.12694956802336,0 33.94468015441642,35.12695331830611,0 33.94465377514418,35.12698259662856,0 33.94452403337604,35.12713051720797,0 33.94432827199638,35.12735370699026,0 33.944071185498,35.12762781199838,0 33.94407466928492,35.1276368742485,0 33.94409115954519,35.12767976534953,0 33.94416409171042,35.12786945779887,0 33.94422024033886,35.12801013030321,0 33.9442227595905,35.128011383406,0 33.94444075384546,35.12811979851507,0 33.94444058231346,35.12812014597682,0 33.94443581027407,35.12812979173979,0 33.94443570627443,35.12813000166745,0 33.94443503833826,35.12813135171255,0 33.94443456123352,35.12813231538669,0 33.94446718324298,35.12814936651207,0 33.94447716032436,35.12815189821678,0 33.94453208671514,35.12817725195625,0 33.94461525398506,35.12821564015812,0 33.94457329669738,35.12828670107341,0 33.94457350583035,35.12828685447859,0 33.9445756535988,35.1282884304546,0 33.94457975439994,35.12829144060689,0 33.94457949482919,35.12829185996304,0 33.94457643489928,35.1282968025733,0 33.9445610565541,35.12832163701988,0 33.94469737651345,35.12839659217452,0 33.94469986128914,35.1284016033357,0 33.9447001973361,35.12840562081381,0 33.94466415802233,35.12845102688422,0 33.94465927513644,35.12845230883205,0 33.94465467990292,35.12845132790863,0 33.94453373984522,35.12839215205713,0 33.94452110717348,35.12838597068693,0 33.94452067318431,35.12839275866022,0 33.94453121072907,35.12840002267667,0 33.94452969846061,35.12840777991119,0 33.94450199777119,35.12841739525624,0 33.94445412670269,35.12839353507168,0 33.94445400644346,35.12836126435872,0 33.94437708099747,35.12832336913041,0 33.94437186354953,35.12832123568922,0 33.94422152995172,35.12847884474501,0 33.94392814663239,35.12877898698643,0 33.94319474019468,35.1295349834514,0 33.94317963003799,35.1295507812327,0 33.94015285924777,35.13271496774338,0 33.94013179575055,35.13273698659679,0 33.93996045003598,35.13291610226656,0 33.94015479570416,35.13296836842992,0 33.94097261769238,35.13318830731507,0 33.94144776924941,35.13331608847513,0 33.94157271225949,35.13334958602459,0 33.94161796299665,35.13337134224981,0 33.94163161866174,35.1334065733237,0 33.94163401893891,35.13344417681857,0 33.94162367009601,35.13347258718775,0 33.94161111648442,35.13348885615162,0 33.941593602144,35.13350167807392,0 33.94155075713625,35.13351810307065,0 33.94149412912716,35.13348251630857,0 33.94138025710981,35.13342291923469,0 33.94101738472598,35.1333200477934,0 33.94055665453207,35.13319045483632,0 33.9401556306853,35.13307765449306,0 33.93995258407422,35.1330205397669,0 33.93959284260868,35.13292036997958,0 33.93910242303457,35.13278189061938,0 33.93862111139725,35.13264709200642,0 33.93821506413523,35.13253427542141,0 33.93780900678977,35.13242010008359,0 33.93763355385457,35.13237045836376,0 33.93759488774589,35.13244898628425,0 33.93757095782665,35.13242957209545,0 33.93755742641327,35.1324509544574,0 33.93758010080278,35.13249465037894,0 33.9375514548509,35.1325184788094,0 33.93754381531568,35.13255640975731,0 33.9375496394149,35.13256407679714,0 33.93759441137348,35.13257568794794,0 33.93748445712144,35.13271183201427,0 33.93738575198079,35.13281062013843,0 33.93735042081472,35.13280843269347,0 33.93736854099855,35.13272722897737,0 33.93744344825703,35.13262409649165,0 33.93740780359119,35.13258315900713,0 33.93742329419393,35.13253512249977,0 33.93750103354544,35.13252229047382,0 33.9375140245433,35.13252459211716,0 33.93752473477641,35.13251151244627,0 33.93748791617841,35.13250341276211,0 33.93747773719582,35.13249162320389,0 33.93748389488975,35.13244837213583,0 33.93744267202924,35.132429637926,0 33.93742011445549,35.13249606381349,0 33.93726789759009,35.13247671524505,0 33.93717126313858,35.13256365132971,0 33.93719236937805,35.13259077699848,0 33.93718939116469,35.13267308764782,0 33.93712413880269,35.13271664246194,0 33.93708520356051,35.13271447379581,0 33.93698369042774,35.13282334076498,0 33.93699513313698,35.13288328154488,0 33.93695752979929,35.13292133416428,0 33.93689420632059,35.13299786308026,0 33.93677080238399,35.13307131854097,0 33.93676381166094,35.13308105777051,0 33.93676940024707,35.13309757448849,0 33.93680479702412,35.13317339337915,0 33.93670827292072,35.13318510554495,0 33.93664613560573,35.13316846165255,0 33.93662712419463,35.13313244483856,0 33.93658899561773,35.13314152064543,0 33.93655550001855,35.13316233249095,0 33.93653125277196,35.13322529650021,0 33.93652786528875,35.13329932943289,0 33.93654889551824,35.13336552195322,0 33.93676191243333,35.13332533124095,0 33.93680947050083,35.13347372163368,0 33.93666837512568,35.13364018701714,0 33.93661142239044,35.13373779098112,0 33.93634116619327,35.13388893222777,0 33.93634667067621,35.13397400489178,0 33.93626555426869,35.1341117764353,0 33.93613436789753,35.13420480868145,0 33.93614996086669,35.13426511857882,0 33.93615680656031,35.13440717522771,0 33.93611137757055,35.1344991771691,0 33.93601885804568,35.13446412828894,0 33.9359527257449,35.13448696504096,0 33.93590654113429,35.13447950418256,0 33.9358847586892,35.13445830279844,0 33.93586874186645,35.13443707040405,0 33.93577444618349,35.13445294697001,0 33.93575722604954,35.13446309953977,0 33.9356584835736,35.13455774206464,0 33.93562094002566,35.13457774032702,0 33.9355817019643,35.13462561652229,0 33.93556681109592,35.13473282110513,0 33.9356394446195,35.13481181408264,0 33.93567751288775,35.13487976715901,0 33.93559507600765,35.13494861730319,0 33.93555132460079,35.13496799015135,0 33.93555138302236,35.13497568647341,0 33.9355666251743,35.13498981760942,0 33.93555899537737,35.13500769383609,0 33.93556289667186,35.13502702417922,0 33.93558536583983,35.13506364721342,0 33.93555524039829,35.13509773513919,0 33.93556299638527,35.13517509727843,0 33.93568121154809,35.13527341604942,0 33.93573742213921,35.13527253583872,0 33.93579599469055,35.13520296581791,0 33.93586598179913,35.1353079934367,0 33.93593216627099,35.13529166870291,0 33.93595673536664,35.13518962627943,0 33.93599823014526,35.13516463086238,0 33.93598145068937,35.13520744830295,0 33.93598807189911,35.13525053027485,0 33.93593633219192,35.13536565317609,0 33.93596965546037,35.13538798045082,0 33.93591718666947,35.13540719541957,0 33.93587691514779,35.1355139713974,0 33.93588632064398,35.13551865887733,0 33.93594393086178,35.13548177257343,0 33.93602044008545,35.13552685388982,0 33.93598621496396,35.13557557663198,0 33.93573837318412,35.13549277480708,0 33.93569816567616,35.13551311004406,0 33.93562880762065,35.13549096808146,0 33.93560652866363,35.13549937047526,0 33.93563983214382,35.13544785350573,0 33.93568090650344,35.13542320666618,0 33.93565122308813,35.13540559780646,0 33.93562901551222,35.13537218974643,0 33.9354776752083,35.13540381262408,0 33.93536476351566,35.13545738804157,0 33.93523704937893,35.13562855275406,0 33.93524052298745,35.13580141443697,0 33.93527890375585,35.13582549208099,0 33.93531404998843,35.13579614722432,0 33.93538304349529,35.1357770023623,0 33.93554019873135,35.13578152639116,0 33.93553217394236,35.1358638633131,0 33.93556490246814,35.13590277142543,0 33.93526955482903,35.13611327694984,0 33.93526609937803,35.13613283173275,0 33.93530378977561,35.13625578562728,0 33.93521286376412,35.13640914828971,0 33.93509459640036,35.13648042437132,0 33.93493852227967,35.1365607857709,0 33.9347901875674,35.13658630579591,0 33.93475601218625,35.13667173417046,0 33.93474909248032,35.13676778852556,0 33.93477203150518,35.13680345983716,0 33.93475483880361,35.13684659036226,0 33.93474230750587,35.13687803025488,0 33.93460674529175,35.13703774978357,0 33.93458323574277,35.13704221349571,0 33.93452981916459,35.13705235480987,0 33.93452543888338,35.13704265923707,0 33.93446361997415,35.13690584607946,0 33.93442084121013,35.13691452351647,0 33.93439326997353,35.13702733666678,0 33.9343178577189,35.13702433881013,0 33.93430170013882,35.13704438449674,0 33.9341705231057,35.13720712716785,0 33.93422428614518,35.13723459737776,0 33.93428370395623,35.13719267640777,0 33.93432322066277,35.13718841382629,0 33.93436653850653,35.1371966518228,0 33.93438286783978,35.1371769437175,0 33.93450860905612,35.13708020836926,0 33.93453020662886,35.1371034439971,0 33.93446610494097,35.137179563009,0 33.93431238005793,35.13728016371117,0 33.93415113496474,35.13731245442123,0 33.93409626703276,35.13746567167404,0 33.93410725359297,35.13739320722965,0 33.93402296018598,35.13735980244055,0 33.93401951303723,35.13739433152971,0 33.93395760685811,35.13743389734946,0 33.933956183701,35.13746367956271,0 33.9340018064573,35.13750404897353,0 33.93397269551878,35.13757694514501,0 33.93397093999643,35.13750826731455,0 33.93395391659942,35.13749075967306,0 33.9338269807496,35.13753843955602,0 33.93377059825046,35.13754583259242,0 33.9337246160438,35.1375667065284,0 33.93349200114029,35.13791301641707,0 33.9334535794859,35.13789866337993,0 33.93339147954865,35.13791285332424,0 33.93335939919658,35.13797425906346,0 33.93327727228126,35.13795505343086,0 33.93320048775054,35.13798860416063,0 33.93315550608604,35.13797834417842,0 33.93310471775705,35.13812646478791,0 33.93296670861066,35.13834473068341,0 33.93295974644361,35.13840465486989,0 33.93289965953245,35.13846721894059,0 33.93272642877756,35.13854930681603,0 33.93270543550821,35.13857951907141,0 33.93263676951155,35.13867833892144,0 33.93250492350414,35.13905830711135,0 33.93249555499941,35.13907256581677,0 33.93237526779482,35.13918280556515,0 33.93220873657565,35.13927974705886,0 33.93206425255442,35.1394046585098,0 33.93199052445317,35.13957048937497,0 33.93192043778528,35.13978231867355,0 33.93195058830856,35.1397923164004,0 33.93195406220032,35.13981598300639,0 33.93204488775289,35.13984123567897,0 33.93202758687953,35.13989613759121,0 33.9319983530997,35.13989831660575,0 33.93197934105185,35.13999958174657,0 33.93200347097578,35.14003058704545,0 33.9319150330695,35.14010344596209,0 33.93172234752858,35.1401741274165,0 33.93169421945007,35.14015904479815,0 33.93171414367693,35.1400696175467,0 33.9316043403798,35.14004073921539,0 33.93134980202846,35.1401587666628,0 33.93129711895467,35.14027475201842,0 33.93132581565516,35.14031047165446,0 33.93128159901288,35.14034723841939,0 33.93128728118828,35.14039051893562,0 33.93125392978141,35.14039305661422,0 33.93125256904809,35.14043129853702,0 33.93124682113555,35.14048851008592,0 33.93126384460066,35.14050601809851,0 33.93126048602704,35.14060720248096,0 33.931397126981,35.14069820252745,0 33.93147011605708,35.14059801613261,0 33.93156510754382,35.14073862737416,0 33.93142301489352,35.14085337569542,0 33.93134757602782,35.14095661939601,0 33.93127410665661,35.14099319636478,0 33.93120718120059,35.14091402359038,0 33.9311141510908,35.14092430919647,0 33.93115239445613,35.14096945411065,0 33.93115615998988,35.14097721658675,0 33.93114319863991,35.14100671966609,0 33.93107976155895,35.14106253300582,0 33.9310121880351,35.14100670869428,0 33.93099003716479,35.1410274967437,0 33.93098355108012,35.14103358483174,0 33.93101129156199,35.14105171450452,0 33.93101807225099,35.14113153249525,0 33.93094309755925,35.14124187875259,0 33.93085207354998,35.14146396447106,0 33.93075896285347,35.1414637603244,0 33.93074525989324,35.14150409446885,0 33.93077262742312,35.14163692864905,0 33.93073450809952,35.14166283828954,0 33.93067489776818,35.1416252449625,0 33.93066379361252,35.14168248319395,0 33.93066231203161,35.14175929730707,0 33.93069665626863,35.14183389921622,0 33.93073541179352,35.141947052024,0 33.93081573975842,35.14194596627532,0 33.93083338797958,35.14193707933696,0 33.93089987186393,35.14195738114287,0 33.93092308974236,35.14197688771031,0 33.93097258613075,35.14203923262133,0 33.93103227647114,35.14203283850077,0 33.93109556848176,35.1420670286396,0 33.93110132571096,35.14212046066524,0 33.93104508313581,35.1421467999036,0 33.93097314656353,35.14216814354055,0 33.93090793108019,35.14215189539215,0 33.93086343273167,35.14215178295822,0 33.93080444277483,35.14225122057078,0 33.93087280074664,35.14224681325742,0 33.93082650746116,35.14244566238348,0 33.93072692731705,35.14284475101398,0 33.93069303085616,35.14310342678144,0 33.93065115707945,35.14323289165577,0 33.93055904675247,35.14352975828606,0 33.93046206955892,35.1437278499408,0 33.93045106581454,35.14374380930045,0 33.93039660996978,35.14378908664686,0 33.93034125067364,35.14382354099079,0 33.93034341586866,35.14400184344254,0 33.93023775857868,35.14412182336631,0 33.93016055458791,35.14420949343651,0 33.93001996190746,35.14425778979769,0 33.93000329721898,35.14422662587777,0 33.93000432451323,35.14419075623822,0 33.92999904226861,35.14417835432231,0 33.92997469158453,35.14416001363642,0 33.92996466431965,35.1441490569726,0 33.92996371428496,35.14413769893781,0 33.92996956273187,35.14412318441941,0 33.92998397459423,35.14408741125346,0 33.92998270545339,35.14408301872179,0 33.92997445040938,35.1440810305707,0 33.92996746449538,35.1440834340496,0 33.92994126332171,35.14412332770316,0 33.92993171915402,35.14413786066893,0 33.92992755288795,35.14415883228184,0 33.92996026551123,35.14419666123525,0 33.92998246722173,35.14421661203299,0 33.92997260882819,35.14422802508109,0 33.9299723258736,35.14424791139061,0 33.92998247347031,35.14427484654946,0 33.92998534787657,35.1443121167103,0 33.93000861981812,35.14435958160261,0 33.93005219993671,35.14446233724789,0 33.9298517959103,35.14454972505148,0 33.92980008311013,35.14457227476576,0 33.92972312987393,35.14451620537968,0 33.92968350349553,35.14447912166101,0 33.92956487211315,35.1444580628295,0 33.92940473316251,35.14443703563386,0 33.92937685981234,35.14446771560804,0 33.92932786837252,35.14450773435794,0 33.92926835509448,35.14458615716991,0 33.92921854149312,35.14468920840868,0 33.92921500866192,35.14476264276254,0 33.92921367978203,35.14479025729231,0 33.92927144603519,35.14482476384828,0 33.92930412665996,35.14485833246275,0 33.92934543592341,35.14488919388422,0 33.92946080185348,35.14505124171877,0 33.92966934718349,35.14506935918614,0 33.92966907054485,35.14526253126795,0 33.92957145065881,35.14539086048601,0 33.92959532196761,35.14546033761739,0 33.92958274514159,35.14551295580425,0 33.92956656611379,35.14554641604937,0 33.92946427519813,35.1456286058363,0 33.92934098034104,35.14579257443049,0 33.929076223416,35.14588979088387,0 33.92895114363663,35.14604666640049,0 33.92893307806531,35.14617459066025,0 33.9288798897597,35.14651965643431,0 33.92891106961283,35.14652589010584,0 33.9289177040112,35.14654574230403,0 33.92891310317731,35.1465663602677,0 33.92889549879573,35.14658278381505,0 33.92883535809289,35.14657776185425,0 33.92882233618319,35.14657108160375,0 33.92878811443667,35.14656273228589,0 33.9287669175462,35.14656141923315,0 33.92870277922621,35.14654221420969,0 33.92866300563001,35.14654312567959,0 33.92863236093685,35.1465503821923,0 33.92862592967959,35.14655787225875,0 33.92860178381476,35.14656687177228,0 33.92859149150522,35.14657828713154,0 33.92848492979015,35.14661007469724,0 33.92846287002445,35.14660912063768,0 33.92841551703558,35.14657953289831,0 33.92805797448494,35.14658578103863,0 33.92809147471632,35.14655542782842,0 33.92809118159819,35.14651636937779,0 33.92809489664152,35.14649291351738,0 33.92810649377863,35.14648255812634,0 33.92809215066485,35.14647268716621,0 33.92805390635589,35.14650448464759,0 33.92788197701132,35.14652612721419,0 33.92785586257915,35.14656105773094,0 33.92784158624317,35.14656006558645,0 33.92781655614667,35.14656658304374,0 33.92780843904278,35.14657976277996,0 33.92776887734595,35.14660872554872,0 33.92773970632576,35.14663976571389,0 33.92767326992863,35.14665998726562,0 33.927626938412,35.14665134364887,0 33.92761787922284,35.14665423067535,0 33.92761496786928,35.14666951399251,0 33.92759275800615,35.14670620106757,0 33.92759201207821,35.14672218439228,0 33.92755779487342,35.14677215938293,0 33.92754937702039,35.14680265033577,0 33.92752669882115,35.14683472328566,0 33.92746268333445,35.14683185122053,0 33.92745060645201,35.14683581863615,0 33.92745208711671,35.1468603127403,0 33.9274470612448,35.14688199841698,0 33.92742647730556,35.14690482803387,0 33.92737056290561,35.14694452672158,0 33.92735252175098,35.14696059735017,0 33.92735005808119,35.14697800896483,0 33.92737011850731,35.14700063384718,0 33.92737065418995,35.14701447923574,0 33.92735699846522,35.14703869439308,0 33.92735708641246,35.14705041237923,0 33.92734304192697,35.14708031091893,0 33.92733339535067,35.14712013048327,0 33.92731380244508,35.14716000003075,0 33.92728500662587,35.14718322687878,0 33.92725398307173,35.14719794204377,0 33.92725535451026,35.14720787812184,0 33.92727398270683,35.14721240012911,0 33.92729744776587,35.14722790521616,0 33.92731610198967,35.14723597839961,0 33.92729823186542,35.14727477385118,0 33.92724781794011,35.14729846449013,0 33.92722766437037,35.14732093744392,0 33.92718502939842,35.14740175929555,0 33.92719122339862,35.14742054774107,0 33.92718568009059,35.14743087384483,0 33.92715374262391,35.14743884654977,0 33.92713652646557,35.14744958646443,0 33.92705116052979,35.14759844674863,0 33.92705226294431,35.1476300447104,0 33.92705923960252,35.14763782149566,0 33.92706087656092,35.14768326485465,0 33.92704601733141,35.14771991451367,0 33.92702563262684,35.14772385982272,0 33.92702371197831,35.14772423145865,0 33.92702337877421,35.14772475139205,0 33.92702202756911,35.14772685470188,0 33.92698660709869,35.14778198102796,0 33.92696676736516,35.14782101593849,0 33.92693696993539,35.14785717144721,0 33.92690315417362,35.14790130052568,0 33.92686278892931,35.14793806866629,0 33.92684447826269,35.14796020747338,0 33.92682939312819,35.14798749634581,0 33.92679474123726,35.14798809040852,0 33.92677253457723,35.14801708955682,0 33.92677021559627,35.1480476626975,0 33.92675505251216,35.14806682183637,0 33.92674091731069,35.14808255873735,0 33.92673312689252,35.14813116228583,0 33.9267354816597,35.14817343455964,0 33.92673109787911,35.14820066950956,0 33.92670985113334,35.14822170945412,0 33.92669319023227,35.1482427260385,0 33.92668982101215,35.14828133567527,0 33.92671052736108,35.14831213471466,0 33.92665315791351,35.14834131174135,0 33.92665275923332,35.14835638472642,0 33.92666857396399,35.14835839820773,0 33.92668172230881,35.14837670443818,0 33.92669469439883,35.1484097610647,0 33.92682749719928,35.1484492814858,0 33.92665868032002,35.14856861290191,0 33.92661283605218,35.14864001548077,0 33.92655138122901,35.14866837461711,0 33.9263330125199,35.14873813531998,0 33.92632202237989,35.14876791574302,0 33.92631415620387,35.14880647231596,0 33.9263122284744,35.14882113424876,0 33.9263053804672,35.14882839212203,0 33.92629510419011,35.14883062314779,0 33.92628021579606,35.14883385569671,0 33.92626962512364,35.14883681472337,0 33.92624664968518,35.14884323502964,0 33.92621970107063,35.14885174352291,0 33.92621416752506,35.14886140069348,0 33.92622037463532,35.14887351086541,0 33.92622207893951,35.1488969468688,0 33.92624083182815,35.14895127665171,0 33.92623797137659,35.14897766617319,0 33.92621793051923,35.14901828078768,0 33.92620084090754,35.14905572346618,0 33.92619640989447,35.14907667894016,0 33.9261843429852,35.1490985094224,0 33.92617174755506,35.14912832103082,0 33.9261617815088,35.14914844268645,0 33.92615512900226,35.14916520936723,0 33.92616717216728,35.14918776953193,0 33.92617761200339,35.14922079058369,0 33.92618852020665,35.14924836650876,0 33.92616981386335,35.14926855678074,0 33.9261144969235,35.14936805594279,0 33.92599635464497,35.14944903356196,0 33.92593802708987,35.14955482825679,0 33.9258999421903,35.14964168196602,0 33.92587651174592,35.14971171506073,0 33.92590774699297,35.14979947489697,0 33.9256215708998,35.15027608906313,0 33.92543417130079,35.15026238036121,0 33.92541438682491,35.15027462059374,0 33.92540592206798,35.15030145670993,0 33.92539690590356,35.15032243455455,0 33.92538740675754,35.15034718379599,0 33.92537424353793,35.15035897234223,0 33.92537335364593,35.15037614114161,0 33.92535467158742,35.15039967967564,0 33.925345510909,35.1504014009423,0 33.92532550035337,35.15045174000888,0 33.92529509088306,35.1504745009852,0 33.92525541605287,35.15049497383734,0 33.9252119293466,35.15053101893524,0 33.9251794256607,35.15054784686144,0 33.92516158264383,35.15056814936558,0 33.92514522181453,35.15059025319572,0 33.92514730270797,35.15061256323267,0 33.92512143691917,35.15062943960747,0 33.92507564844409,35.15066662353105,0 33.92503227794462,35.15070189700992,0 33.92496380546395,35.15074620000347,0 33.92494702503139,35.15075130815524,0 33.92494154067969,35.15076766384097,0 33.92492178691455,35.15078408970128,0 33.92491583554644,35.15080630872919,0 33.92487614251206,35.15084837381136,0 33.92487375366495,35.15086973728702,0 33.924867205434,35.15088023680556,0 33.92485222022572,35.15092092166314,0 33.924846760565,35.15094062572929,0 33.92485895717953,35.1510041996878,0 33.92486714791903,35.1510091821069,0 33.92486887773362,35.15103596830525,0 33.92487396878258,35.15105196473672,0 33.92485783852199,35.15105566628969,0 33.92484107025353,35.15106583189677,0 33.92480965947595,35.15109110889566,0 33.92478796920233,35.15112136114119,0 33.92476177689114,35.15116294005419,0 33.92475437424724,35.15119521406763,0 33.92475707185383,35.15121529573368,0 33.92477394984605,35.1512231647252,0 33.92481078065427,35.15124140035022,0 33.92482215574931,35.15124469003767,0 33.92483721901083,35.15124551968665,0 33.92484095082738,35.15125506370302,0 33.92483488922488,35.15126221183298,0 33.92483354202466,35.15128650039903,0 33.92481889317017,35.15130415729892,0 33.92480769594677,35.15130630689629,0 33.92480061485291,35.15131346010232,0 33.92480479170003,35.15132683603338,0 33.92482010285352,35.15132968916065,0 33.92482938331279,35.15134387702284,0 33.92482923497564,35.15140137266041,0 33.92482922558201,35.15140510078017,0 33.92483589234801,35.15141438262977,0 33.92483962362379,35.15144046220152,0 33.92483890822949,35.15145841745644,0 33.92479214470631,35.15153915639014,0 33.92473355517477,35.151621868521,0 33.92471393224396,35.1516540501198,0 33.9247047538005,35.15165896771668,0 33.92469516019042,35.15165881289207,0 33.92465731366985,35.15164966083604,0 33.92464425045867,35.15164858785588,0 33.92463572611837,35.15165253689578,0 33.92462034533238,35.15167864965951,0 33.92460372110196,35.15170631414701,0 33.92460071604879,35.15172123665258,0 33.92459296584136,35.15172638761159,0 33.92453378449395,35.15172838867972,0 33.92450907591785,35.15175747680818,0 33.92449092303546,35.15179398542601,0 33.92447952341055,35.15181715367849,0 33.92450036620425,35.15184593838594,0 33.92450559062326,35.15186790535999,0 33.92451205278699,35.15189868275062,0 33.92450840326657,35.15191756265925,0 33.92449478512796,35.15193001347945,0 33.92445936930107,35.15194258555464,0 33.92440667601605,35.15196825919405,0 33.92437888473752,35.15199008868414,0 33.92435583612931,35.15201759123336,0 33.9243352085473,35.15203820600079,0 33.92433854713842,35.15209546321034,0 33.92432361380335,35.15214029117993,0 33.92430975623066,35.15215447803335,0 33.92428895454569,35.1521974506899,0 33.92424594139614,35.15237020013171,0 33.92410511774838,35.15265157916857,0 33.92401808576575,35.15272052951455,0 33.92402030968177,35.15288810162833,0 33.92392582357886,35.15303881663323,0 33.92387439768585,35.15302338712853,0 33.92381645779209,35.1530806356927,0 33.923791442626,35.1530997469948,0 33.92376750021563,35.15312793407307,0 33.92374849176264,35.15314288753778,0 33.9237213683697,35.15314880088262,0 33.9236865228489,35.15333801978237,0 33.92369913195125,35.15341142999714,0 33.92359715207179,35.15363895584113,0 33.9235893257818,35.15366953933992,0 33.92356346099614,35.153710118581,0 33.92352640894183,35.15373424304063,0 33.92352061121841,35.15376729253033,0 33.92353179847537,35.15378374820801,0 33.92347392420933,35.153850077363,0 33.92342208574739,35.15391637671068,0 33.92341027018011,35.15395193278928,0 33.92338822542284,35.15396442517676,0 33.92336203675499,35.15396042711623,0 33.92332502567022,35.15399032985556,0 33.92325983916544,35.15415823541226,0 33.92327306326032,35.15417798270021,0 33.92324920373343,35.15421772634937,0 33.92323112395268,35.15422194370473,0 33.92320991159638,35.15421719651339,0 33.92315670671166,35.15426857053632,0 33.92311230088303,35.15434718796011,0 33.92313074046208,35.154392500608,0 33.92304679658269,35.15461003031458,0 33.92296641661449,35.15476397754441,0 33.92275214260883,35.15504654366117,0 33.9227284201544,35.15510527432199,0 33.92258086715952,35.15528579225437,0 33.92257726571327,35.15531063426391,0 33.92259833689724,35.15534776598602,0 33.92260110227146,35.15538136765161,0 33.92259112198344,35.15539589884752,0 33.92260445642546,35.15540927902156,0 33.92260157091713,35.15544601179698,0 33.9226162377814,35.15546921211143,0 33.92261327720922,35.15549560229299,0 33.92260207090811,35.15551479296916,0 33.92257751447008,35.15551853495553,0 33.9224253034608,35.15556428179322,0 33.92242614617391,35.15556300174791,0 33.92245024286012,35.15552640582754,0 33.92248842603104,35.15551050525079,0 33.92249549157138,35.15550756347695,0 33.92249715986325,35.15547704226633,0 33.92246805976259,35.15546270589424,0 33.92246563955796,35.15546346794842,0 33.92242969744231,35.15547479054695,0 33.92239654987551,35.15551063963812,0 33.92236128148581,35.1555149507754,0 33.92231638184833,35.15549500377264,0 33.92228780390037,35.15546566646763,0 33.92223960030756,35.15551141625455,0 33.92214972254367,35.15572131447228,0 33.92214781017429,35.15580510551369,0 33.92210515818336,35.15583427744611,0 33.92211072135905,35.15590613700278,0 33.92204631679163,35.15606470950927,0 33.92191625541932,35.15620964281253,0 33.92181781582268,35.15628201614518,0 33.92180094637725,35.15656343982246,0 33.92168764942778,35.15667312272803,0 33.92161978951496,35.15679033871515,0 33.92153238762739,35.15682024926827,0 33.92148124394375,35.15680860686543,0 33.92139058201141,35.15691042057031,0 33.921391474194,35.15694661801449,0 33.92135707548393,35.15698402398021,0 33.92136081484769,35.15699493000137,0 33.92126894829799,35.15716778214543,0 33.92133084284252,35.15717049147158,0 33.92136322296574,35.15715826878037,0 33.92136753622127,35.15716176572253,0 33.9213576700824,35.15717594621828,0 33.92125840037856,35.15731861926467,0 33.92121981023216,35.15740375279433,0 33.92124373869194,35.15766248252655,0 33.9211366874773,35.15768412166416,0 33.92110498875854,35.15770589178097,0 33.92101890985233,35.15774753128704,0 33.92091065945997,35.15794207646935,0 33.9208351316585,35.15808720337608,0 33.92073761864277,35.15824198870041,0 33.92064331489994,35.15824748081908,0 33.92062178553578,35.15823552467396,0 33.92060724376223,35.15825771140941,0 33.92060978445495,35.15827026434075,0 33.92059651128236,35.15829847607294,0 33.92065515321726,35.15835950623114,0 33.92060279757109,35.1584899431127,0 33.92056769251081,35.15867496714517,0 33.92055880953229,35.15872178754029,0 33.92037798410164,35.15890779973721,0 33.92029078167516,35.15897271239492,0</coordinates>
						</LinearRing>
					</outerBoundaryIs>
				</Polygon>
				<Polygon>
					<extrude>0</extrude>
					<altitudeMode>clampToGround</altitudeMode>
					<outerBoundaryIs>
						<LinearRing>
							<coordinates> 33.9601137964222,35.11740246100022,0 33.96005560639256,35.11742223281869,0 33.96003391711801,35.11742275794834,0 33.96002553397905,35.11741688073069,0 33.96002709742301,35.11741082107347,0 33.96009437615272,35.11736281495342,0 33.9601378467705,35.11733043961933,0 33.96015712290674,35.11729441159893,0 33.9601662302137,35.11728188345794,0 33.96017069576075,35.11726446431132,0 33.96015862114439,35.11725091416081,0 33.96014574218501,35.11725192836585,0 33.96014119745283,35.11725932673589,0 33.96013337859277,35.11725993580238,0 33.96012063632207,35.1172492257373,0 33.96010979714696,35.1172462586655,0 33.96010212501986,35.1172364665903,0 33.96008088953243,35.1172282601926,0 33.96006348319142,35.11720963339893,0 33.96005771418641,35.11720777360317,0 33.96004464167493,35.11721351519998,0 33.9600110794014,35.1172180426956,0 33.95999286538692,35.11721379098704,0 33.95995546574951,35.11719886309856,0 33.95993764331497,35.11718572260004,0 33.95993711904144,35.11717759461504,0 33.95995472182306,35.11716275299946,0 33.95996464690636,35.11713736219258,0 33.95997401583998,35.1171289936071,0 33.95997643380576,35.11711442097771,0 33.96000616599304,35.11706188725159,0 33.96002470352252,35.11704874090555,0 33.96003336462177,35.11703810647586,0 33.96005012173986,35.11703272328383,0 33.96006576610635,35.11703226225741,0 33.96008199383351,35.11704730193122,0 33.96009304996764,35.11704856730827,0 33.96012404299451,35.11706825554869,0 33.96013615774535,35.11708709911643,0 33.96014746542038,35.11709100981209,0 33.96015309553913,35.1171045938888,0 33.96016615738331,35.11712664783261,0 33.96017334983914,35.11713417225784,0 33.96018580596243,35.11713769888329,0 33.96020053671457,35.11713818700579,0 33.96020703809136,35.11714552671509,0 33.96020363734176,35.11715197319456,0 33.96020598333204,35.11715763412589,0 33.96019825483356,35.11716977637828,0 33.96019427899594,35.11719078539859,0 33.96019779241132,35.11719870852772,0 33.96021895409024,35.11720249428243,0 33.96023770112493,35.11720355630177,0 33.96025747786672,35.11720897998971,0 33.96026759582905,35.11720797953456,0 33.96027145060394,35.11720077411044,0 33.96028108889791,35.11719731942539,0 33.96028124898798,35.11718843247706,0 33.96031504990724,35.11715554058887,0 33.96033759840824,35.1171552321409,0 33.96034615738951,35.11716066987946,0 33.96035419766817,35.11715892512473,0 33.96035967053676,35.11715265691863,0 33.96035959688626,35.11714320305935,0 33.96036818541346,35.1171233031241,0 33.96038503455209,35.11710052366691,0 33.9603849809961,35.1170937169645,0 33.96036938848442,35.11707167678627,0 33.96036421012082,35.11705695612161,0 33.96037260733193,35.11704197375971,0 33.96037803333378,35.11702984343029,0 33.96037661547861,35.11702512428818,0 33.96036557161867,35.11702537223567,0 33.96036046578468,35.11701991615189,0 33.96036132472602,35.11701197010194,0 33.96036952728106,35.11700152676616,0 33.96038591628754,35.11700805801519,0 33.96039465988058,35.11700782198254,0 33.9604053465461,35.11701798585378,0 33.96041441946498,35.11701010451576,0 33.9604122056957,35.11700636335474,0 33.96040062099091,35.11699810307684,0 33.96039778098389,35.11699044863337,0 33.96038737772177,35.11698087741834,0 33.96038565247527,35.11696342619269,0 33.96038536512818,35.11696053417862,0 33.96038435738215,35.11695037924551,0 33.96038408420253,35.11694131004807,0 33.96038328205359,35.11691464944793,0 33.96038618726597,35.11690533333028,0 33.96038403569953,35.11688445848328,0 33.96039047727411,35.11687006488489,0 33.96039478294042,35.11686220960359,0 33.96040640222709,35.11684958312173,0 33.9604101267459,35.1168435261659,0 33.96040660094496,35.11682445322518,0 33.96040242157586,35.11679820336692,0 33.96039975553455,35.11678761179091,0 33.96040385227729,35.11677812578817,0 33.96040735666651,35.1167692961675,0 33.96041823831752,35.11676401626586,0 33.96042362249394,35.11676692468026,0 33.96042886332836,35.1167766873271,0 33.96044882510061,35.1167894718882,0 33.96045924447093,35.11680116478973,0 33.96046360368965,35.1167998358834,0 33.96047106829089,35.1167895164674,0 33.96049208429493,35.11675986980796,0 33.96049901830031,35.11675771197037,0 33.96055825347602,35.11676441293347,0 33.96056908729008,35.1167530960382,0 33.96060943031893,35.11673150584657,0 33.96064025470701,35.11671159731888,0 33.9606792043305,35.11668952419828,0 33.9606807576961,35.11668494736173,0 33.96067466580521,35.11666800937525,0 33.96064735802479,35.11663013492041,0 33.96063385034193,35.11660458815615,0 33.96063014754937,35.11658829013199,0 33.96062495999984,35.11658521702078,0 33.96061145577418,35.11658528889278,0 33.96060229245123,35.11658191198086,0 33.96057786616444,35.11658204246563,0 33.96057585093689,35.11657829973385,0 33.96055712035715,35.11657040346694,0 33.96055266658927,35.11655965750567,0 33.96055059098267,35.11654824731874,0 33.96055334270817,35.11654464257619,0 33.96055378064248,35.11652456925714,0 33.96055594384707,35.11652194716218,0 33.96057164843994,35.11652382193848,0 33.9605804928402,35.11653731832892,0 33.9606049120116,35.11653620901503,0 33.96060889736107,35.11653798286931,0 33.9606184370071,35.11653874824082,0 33.96062206134125,35.11654509218486,0 33.96063891373207,35.11654157579046,0 33.96065043169896,35.11654135110204,0 33.96066209190234,35.1165342730896,0 33.96067433787848,35.11652588525325,0 33.96067565224195,35.11651608778782,0 33.96068354722496,35.11651000858566,0 33.9606920651718,35.11650718919843,0 33.96070567661958,35.11649569433902,0 33.9607243290192,35.11649347425421,0 33.96073123126978,35.11648739931208,0 33.96073310134174,35.11647270391728,0 33.96073976733069,35.11646173552053,0 33.96074050464197,35.11645455208711,0 33.96074398027781,35.11644196939037,0 33.96075496909189,35.11642526648053,0 33.96077010243442,35.11640511543649,0 33.96078598558099,35.1164045406558,0 33.96080806184758,35.11640850293887,0 33.96081123142483,35.11640750704121,0 33.96081493894067,35.11639916524113,0 33.96082949347733,35.11638147951116,0 33.9608299234007,35.11637380997264,0 33.96080206680217,35.11635001385322,0 33.96078108453935,35.11633701299755,0 33.96076213467758,35.11632650723822,0 33.96074103066736,35.11631976733781,0 33.96072731892031,35.11631869793325,0 33.96071536180046,35.11631337638978,0 33.96070914547838,35.11630574060141,0 33.96070992332537,35.11627864924387,0 33.96071386274367,35.11627454924685,0 33.96071400989258,35.11626802127837,0 33.96070604987073,35.11626594181931,0 33.96070145633276,35.11626253951061,0 33.96070218817939,35.11625470353041,0 33.96073465326941,35.11621618405868,0 33.96077836334987,35.11616830487929,0 33.96078312589804,35.11616778940358,0 33.96078824125047,35.11616172501678,0 33.96078636496639,35.11615047549953,0 33.96079049854036,35.11614572137091,0 33.96078544368062,35.11613432669073,0 33.96077350796877,35.11610681331442,0 33.96077105957522,35.11609850408571,0 33.96077577975721,35.11609260507788,0 33.96077494949477,35.1160880399229,0 33.9607711408418,35.1160836552142,0 33.96077168261339,35.11607663557629,0 33.96077696588753,35.11606665431832,0 33.96078583465298,35.1160581210792,0 33.9608135578212,35.11604785738568,0 33.96084547113416,35.11604018164682,0 33.96087743036225,35.11603837884645,0 33.96090645030699,35.11604148835679,0 33.96090786827002,35.11604490772048,0 33.960896131295,35.11606748808369,0 33.96089480903998,35.11607614358188,0 33.96090063811842,35.11608508670975,0 33.96092784574221,35.11611023369467,0 33.96093808268257,35.1161240489205,0 33.96097651322498,35.11613533853058,0 33.96101180692963,35.11614275007763,0 33.9610232660198,35.11614741844382,0 33.96103549588387,35.11615896444126,0 33.96104508848769,35.11617115509407,0 33.96104745178381,35.1161801554391,0 33.96105564790345,35.11618132172123,0 33.96106950831158,35.11619523800233,0 33.96107240696399,35.11620975137235,0 33.96106038759334,35.11622192139263,0 33.96105257209476,35.11622747809716,0 33.96102876474959,35.11623957662879,0 33.96100174378841,35.11623864522811,0 33.96096698572772,35.11623210465974,0 33.96093437872575,35.11622891543835,0 33.96091624173681,35.11623345068761,0 33.9608904602016,35.11630649728578,0 33.96088268240661,35.11631676152296,0 33.96087034977927,35.11635139878976,0 33.96086411173992,35.11637012998341,0 33.96085637325558,35.11638523785609,0 33.96082496099503,35.11642952677921,0 33.96079046002426,35.11647665695093,0 33.96078558002721,35.11648071843629,0 33.96077667605986,35.11649354516751,0 33.96077337305456,35.11651064685453,0 33.96077385510886,35.11655086475405,0 33.96076995084101,35.11657496491699,0 33.96076761750229,35.11661102819574,0 33.9607606116861,35.11663622016179,0 33.96075463500243,35.11664647552228,0 33.96075275093377,35.11665670835769,0 33.96074487369511,35.1166750451196,0 33.96073670714691,35.11669835972245,0 33.96072946050702,35.11671359889328,0 33.96072518399092,35.11673178272484,0 33.9607102699683,35.11677127536974,0 33.96069441177764,35.11681575104434,0 33.96067693880769,35.11688377602148,0 33.96067016803866,35.11689712936168,0 33.96064573710761,35.11691313207671,0 33.96061417588308,35.11693858985507,0 33.96059879907245,35.11696100073394,0 33.96059113529407,35.11698565888624,0 33.96057070845292,35.11703204198986,0 33.96052744256824,35.11713033645975,0 33.96052532238524,35.11715213931152,0 33.96051343055968,35.11722201741293,0 33.96050876718556,35.11723266977162,0 33.96050992182435,35.11725458998892,0 33.96051422593332,35.11726062028076,0 33.96052246179783,35.11726703314252,0 33.96057968262051,35.11729807165044,0 33.96059443749613,35.11732126497768,0 33.96059949966334,35.11734047355907,0 33.96060683540341,35.11735711505452,0 33.96061623880782,35.11736607763851,0 33.96066827408211,35.11738355646859,0 33.96067077656601,35.11738946222333,0 33.96065402860541,35.117403944732,0 33.96064217589752,35.11740640926855,0 33.96061353957079,35.11741106824853,0 33.96059280574423,35.11740626243025,0 33.96054303645932,35.11738706563153,0 33.96050548373846,35.11736780264942,0 33.96043099114164,35.1173438207646,0 33.96041073113329,35.11733573378862,0 33.96038827610943,35.11733400982784,0 33.96037873492795,35.11732545663696,0 33.96034353392506,35.11731990730256,0 33.96030667825449,35.11732563545588,0 33.96029750996144,35.1173330587454,0 33.96027988443812,35.11734278172488,0 33.96027339784112,35.11734240586729,0 33.96026149594211,35.11735086845502,0 33.96025754784585,35.11735601138807,0 33.96023693880333,35.11736697844946,0 33.96022379580491,35.11737606289425,0 33.96022009430084,35.11738099926216,0 33.96021088172469,35.11738268659388,0 33.96020467795962,35.11738640791098,0 33.9601839842897,35.11738651776214,0 33.96016480974401,35.11738969374551,0 33.96015931392567,35.117388492493,0 33.9601137964222,35.11740246100022,0</coordinates>
						</LinearRing>
					</outerBoundaryIs>
				</Polygon>
				<Polygon>
					<extrude>0</extrude>
					<altitudeMode>clampToGround</altitudeMode>
					<outerBoundaryIs>
						<LinearRing>
							<coordinates> 33.95909135498921,35.11872998720215,0 33.95908860307905,35.11873555328806,0 33.95908331251012,35.11874419509718,0 33.95903406272527,35.11879154693198,0 33.95902784313616,35.11880057736786,0 33.95901257480995,35.11881405824234,0 33.95898216866484,35.11888772690467,0 33.95898175460423,35.11889423805257,0 33.95898604472026,35.1189066583007,0 33.95903707311124,35.119026027331,0 33.95906476361278,35.11908101066133,0 33.95908949921287,35.11911590966607,0 33.95909930564631,35.11914820917918,0 33.95910974053911,35.11923084868349,0 33.95911202967371,35.11925533874412,0 33.9591368787967,35.11930459561905,0 33.9591641939899,35.11937106531098,0 33.95917718007696,35.11939301088672,0 33.95918692418498,35.11941746087705,0 33.95919657756288,35.11943042726515,0 33.95921115285235,35.11944700343492,0 33.95922003939436,35.11945135881945,0 33.95922473334807,35.11945573656759,0 33.95923159959612,35.11946967414996,0 33.95924119286095,35.11950446220804,0 33.95924345372774,35.11952550746309,0 33.9592405520765,35.11954160270555,0 33.95920079866296,35.11955234162862,0 33.95919540025993,35.11954720239111,0 33.95916714681172,35.11947977927638,0 33.95914426921311,35.1194444870133,0 33.959114241703,35.11938836754762,0 33.95910258965273,35.11935837571998,0 33.95908767064964,35.11929796516318,0 33.95908319729869,35.11928666857183,0 33.95908267839638,35.11928535758307,0 33.95908136942373,35.11928299914779,0 33.95907895993329,35.11927865830059,0 33.95907653473752,35.11927428783248,0 33.95907233813296,35.11926881909401,0 33.95907112049418,35.119267233309,0 33.95906363380234,35.11926325352303,0 33.95905800516411,35.11925849828048,0 33.95902834193635,35.11921922156066,0 33.95900417691288,35.1191977186563,0 33.95898276269141,35.11917045858263,0 33.95896163547886,35.11915008898951,0 33.95895499507882,35.11913538434286,0 33.95895042589839,35.11911703170001,0 33.95895039644169,35.11911339491616,0 33.95895643115488,35.1191104907377,0 33.95899271894136,35.11910340731938,0 33.95899758988554,35.11910089272377,0 33.95901362611409,35.11909582995383,0 33.95899735056402,35.11907045724774,0 33.95897278177424,35.11902713452793,0 33.95894641846616,35.11899262695055,0 33.95893624683987,35.11897315496658,0 33.95893361178445,35.1189639809666,0 33.95893068181245,35.11894695929218,0 33.95892731628557,35.11890409796197,0 33.95892872636021,35.11887614261722,0 33.95893169718489,35.11886866120017,0 33.95893060272197,35.11878884296814,0 33.95893962753379,35.11878094679739,0 33.95895778724391,35.11877950966004,0 33.95896476232874,35.11877774998854,0 33.95897075051857,35.11876891247649,0 33.95897759986518,35.11866244376093,0 33.95899722511676,35.1186696138968,0 33.95900444630742,35.11866938460025,0 33.95901099038294,35.11864255049484,0 33.95903936025173,35.11860621995088,0 33.95906059643983,35.11858909900124,0 33.95906945888714,35.1185819540432,0 33.95911355891492,35.11854590913446,0 33.95913287168407,35.11854401667017,0 33.95914861496603,35.1185381179294,0 33.95915047829293,35.1185327400486,0 33.95913423253436,35.11850934111671,0 33.95913525400353,35.11850083674511,0 33.95915557603314,35.11848865078808,0 33.95916394662142,35.11847988274744,0 33.95917339557052,35.11846999118113,0 33.95918916041479,35.11846677563509,0 33.95921013989491,35.11846912532391,0 33.95922345830791,35.11846637080417,0 33.95923213319728,35.11846185119896,0 33.95923911367832,35.1184495121208,0 33.95924765875563,35.11839377334313,0 33.9592659844085,35.11837019095559,0 33.95928771687664,35.11832981526807,0 33.95929501147339,35.11832284314577,0 33.95938349379967,35.11832371479825,0 33.95939082437822,35.11832121587153,0 33.95941539436152,35.11828801151417,0 33.95941641379583,35.1182866342678,0 33.95941417005485,35.11827837116652,0 33.95939600252828,35.11825274578024,0 33.95939538493319,35.11824357835465,0 33.95939914491193,35.11823707226849,0 33.95939981603421,35.1182328404448,0 33.95939982216129,35.1182328016375,0 33.95939982622136,35.11823277366299,0 33.95940744399521,35.11818469031517,0 33.95941062804455,35.11817416147804,0 33.95941531653458,35.11814729606819,0 33.95941541606666,35.11812537673028,0 33.95941749644347,35.11811306380941,0 33.95942287950691,35.11810520634428,0 33.95942407854061,35.11808462224173,0 33.95943246440133,35.11804319932464,0 33.95943188526819,35.11800428466841,0 33.9594342854505,35.11799800927835,0 33.95944732343521,35.11799436099512,0 33.95950802257478,35.11799336761977,0 33.95951429155373,35.11799445281403,0 33.95951650040685,35.11799824360509,0 33.95951504850255,35.11800062839916,0 33.95950816893892,35.11801193102345,0 33.95950812834344,35.11801286606276,0 33.95950770752229,35.11802244552103,0 33.95950632585886,35.11802651711868,0 33.95950291785644,35.11803656279563,0 33.95949388477066,35.11806479211864,0 33.95948643465061,35.11808675161775,0 33.95947986653339,35.11811675785168,0 33.9594710171399,35.11813380335526,0 33.95947027081235,35.11814275443281,0 33.95946760011874,35.11814925550391,0 33.95945828972291,35.11817703903956,0 33.95944224907787,35.11824869762591,0 33.95943847165927,35.11825296755902,0 33.95943750866907,35.11826907630658,0 33.95944199092469,35.11828515637274,0 33.95944154972265,35.11828747818195,0 33.95944016099481,35.11829478394063,0 33.95938469604609,35.11833802350221,0 33.95938119261615,35.11834273924439,0 33.95939487027731,35.11835116602826,0 33.95939274779563,35.11835811073784,0 33.95938166595457,35.11836823427819,0 33.95936413182908,35.11838868177193,0 33.95934491461401,35.11840265093731,0 33.95933846426686,35.11841342105185,0 33.95931439931368,35.11843412664248,0 33.95929503891382,35.11846442430096,0 33.95928244994326,35.11849065998369,0 33.95928279438556,35.11849982867006,0 33.9592747159129,35.11851105513963,0 33.9592609098823,35.11852096947932,0 33.95920423069698,35.11854833467372,0 33.95916369994755,35.1185885517413,0 33.95910398812764,35.11864779881432,0 33.95909135498921,35.11872998720215,0</coordinates>
						</LinearRing>
					</outerBoundaryIs>
				</Polygon>
				<Polygon>
					<extrude>0</extrude>
					<altitudeMode>clampToGround</altitudeMode>
					<outerBoundaryIs>
						<LinearRing>
							<coordinates> 33.95918067472179,35.12001464534002,0 33.95917121758526,35.12002675433376,0 33.95915585152898,35.12002798461697,0 33.95914678123254,35.1200301385533,0 33.95914192384655,35.12003437556021,0 33.95912824233088,35.12004248796773,0 33.95912056842912,35.12004444336754,0 33.95911753625241,35.12004388507889,0 33.95910088270607,35.12002961662091,0 33.95909944203832,35.12002407289559,0 33.95909025602154,35.12001148768697,0 33.95908832531484,35.12000288409234,0 33.95908522852314,35.11999428611946,0 33.9590860679668,35.11998260496998,0 33.95908439593901,35.11997744525486,0 33.95908530339224,35.11997418684296,0 33.9590913563164,35.11997358009837,0 33.95909743421504,35.11997622709117,0 33.95910495842444,35.11998499283654,0 33.9591085498507,35.11999741680366,0 33.95910957984707,35.12000985382885,0 33.95912050601749,35.12000692445541,0 33.95913063922808,35.11999193926126,0 33.95913008561653,35.11998064861085,0 33.95913309734039,35.11997852639526,0 33.95914100495008,35.11997676203781,0 33.95915567791724,35.11997630160067,0 33.95916335071482,35.11997434620741,0 33.95916750927041,35.11996992093603,0 33.95917118461531,35.11996339299357,0 33.95917296324949,35.11995247237584,0 33.95917964802872,35.11994344005491,0 33.95918188953269,35.11993232558551,0 33.95919186838829,35.11989762420195,0 33.95919781809084,35.11988400162635,0 33.95921458497556,35.11985347573521,0 33.95922220331104,35.11984462981759,0 33.95920282847309,35.11983975622638,0 33.95919771135771,35.11984073955293,0 33.95918287628332,35.11985039071578,0 33.95914224130073,35.11986745157508,0 33.95913735451431,35.1198682437893,0 33.95913244388426,35.11986597244515,0 33.95913751786112,35.11985943704116,0 33.95914487981153,35.11984752941033,0 33.95915185044655,35.11984519559201,0 33.95916640536181,35.11982961295017,0 33.95917452964737,35.11982593237213,0 33.95919432301746,35.11982467786601,0 33.95921241938616,35.11981501080684,0 33.95923957704935,35.11980242461311,0 33.95924420181012,35.11979799745217,0 33.95924673025657,35.11979358057239,0 33.95924600541167,35.11979033057094,0 33.95924897853507,35.11978323221003,0 33.95925680328657,35.11977093963139,0 33.95926157781389,35.11975617440613,0 33.9592601359869,35.11975043870051,0 33.95926319759091,35.11972515455686,0 33.95924085304048,35.11972776148541,0 33.95920390478655,35.11973963466318,0 33.95919272570926,35.11974007737068,0 33.95918733866306,35.11973646946603,0 33.95916586638823,35.11970193495384,0 33.9591641841465,35.11969543588879,0 33.95917526448709,35.11968235950186,0 33.95917562976908,35.11966972304904,0 33.95917955685631,35.11966529960895,0 33.95922788372997,35.11961910156112,0 33.95924137574264,35.11961654126119,0 33.9592387666968,35.11961062009753,0 33.95923920343282,35.11960698052594,0 33.95924127928812,35.11960428974075,0 33.9592713101859,35.11960145071919,0 33.95928384932675,35.11959621548741,0 33.95929804349364,35.1195940345077,0 33.95932011120657,35.11958587733833,0 33.95934590754454,35.11957789165736,0 33.95934961343021,35.11957500048405,0 33.9593500547091,35.11957193594841,0 33.95934738666065,35.11955855013125,0 33.9593503881454,35.11955508855976,0 33.95935687886384,35.11955084222181,0 33.9593698831108,35.1195456051025,0 33.95937846334633,35.11954058237168,0 33.95938451967667,35.1195405497566,0 33.95938872469316,35.11954186762138,0 33.95939108188312,35.11954530119932,0 33.95940793500925,35.11955535685178,0 33.9594158789317,35.11955837754741,0 33.95941895304048,35.11956410393611,0 33.95941785505027,35.11957272338787,0 33.95941558864698,35.11958077521347,0 33.95941073813651,35.11958596942861,0 33.9594070719598,35.11959383763884,0 33.95939345069834,35.11960960671303,0 33.9593928120973,35.11961726798045,0 33.95938805695234,35.11963471282206,0 33.95939091101828,35.11964216256435,0 33.95939797580932,35.11965169718923,0 33.95939578541054,35.11966931912904,0 33.95939349177634,35.11967392614448,0 33.95938148128863,35.1196871982993,0 33.95937670343898,35.11970177156434,0 33.9593714014683,35.11970888205242,0 33.95936936531994,35.1197165498748,0 33.95936660202494,35.11972058463365,0 33.95936812101819,35.1197360824346,0 33.95936233922509,35.11974147330628,0 33.95934255161134,35.11977297136545,0 33.9593310050218,35.11978585856514,0 33.95932598328258,35.11979909342553,0 33.95931325470603,35.11980988168127,0 33.95930959527705,35.11981851419431,0 33.95930384638794,35.11982811598998,0 33.95929975936448,35.11984172923629,0 33.95929331848156,35.11985209996636,0 33.95929081042414,35.11985900445897,0 33.95929507221852,35.11986759681143,0 33.95929794444359,35.11987734399674,0 33.95929218308114,35.11988541446775,0 33.95928478823638,35.11989311118049,0 33.95927051690719,35.11991500927397,0 33.9592596293566,35.11992291570439,0 33.95924257884627,35.11994693417281,0 33.95921372420705,35.11998077902012,0 33.95918067472179,35.12001464534002,0</coordinates>
						</LinearRing>
					</outerBoundaryIs>
				</Polygon>
				<Polygon>
					<extrude>0</extrude>
					<altitudeMode>clampToGround</altitudeMode>
					<outerBoundaryIs>
						<LinearRing>
							<coordinates> 33.95742712969009,35.12208838789291,0 33.95742555482107,35.12209611964029,0 33.95742753657922,35.12210037736615,0 33.95742804973632,35.1221014792897,0 33.95742825369731,35.12210222130624,0 33.9574310928025,35.12211252493849,0 33.95743183640543,35.12211522586934,0 33.95743186818225,35.12211934756944,0 33.95743190739453,35.1221242921588,0 33.95743974293689,35.12213331694142,0 33.9574451584879,35.12214638454279,0 33.95744361258114,35.1221578098633,0 33.95743873795791,35.12216152955378,0 33.95743050172421,35.12215351386197,0 33.95742352263193,35.12214952095455,0 33.95741488005923,35.12214184378002,0 33.95740505872836,35.12214021687765,0 33.95737670251695,35.12212021960361,0 33.95735780614151,35.12210789484931,0 33.95734263853295,35.122101931331,0 33.9573257950176,35.12209093970277,0 33.95732411107441,35.12208456862144,0 33.95731187430911,35.12208765510935,0 33.95727952608258,35.12207976766074,0 33.95727417413225,35.12207475867142,0 33.95727533591412,35.12206669397867,0 33.95727362302167,35.1220566293233,0 33.9572702716668,35.12204623689215,0 33.95726449748791,35.12203955199053,0 33.95725632485143,35.12203959490643,0 33.95725345538602,35.12203860263052,0 33.95724888153027,35.12202855335995,0 33.95723780765227,35.12202357513901,0 33.95722549253613,35.12201658855948,0 33.95722176772114,35.1220105634954,0 33.95721355482361,35.12200557078894,0 33.95720200821039,35.12199253627452,0 33.9571978174169,35.12197912638448,0 33.95718669587541,35.12196810396808,0 33.95718213225795,35.12195939765074,0 33.95717998864234,35.12194664851899,0 33.95717424515548,35.12194399248096,0 33.95717054190671,35.12194065421992,0 33.95716803222326,35.12193328012627,0 33.95717288073266,35.12192620306068,0 33.95718350796894,35.12192648238344,0 33.95721296730864,35.12193069166126,0 33.95722399349654,35.12192962569414,0 33.95723749475963,35.12193156877118,0 33.95723699416143,35.12191981889913,0 33.9572426355351,35.12190971508796,0 33.9572441281374,35.12189157500611,0 33.95724685456499,35.12187443471048,0 33.95725127451909,35.12186467315006,0 33.95725491420035,35.12185995278833,0 33.95725541028902,35.12185368887626,0 33.95725603159435,35.12184584387884,0 33.95725688006625,35.12184119333467,0 33.95726008026217,35.12182366441306,0 33.95726112468158,35.12181794600402,0 33.95726304662958,35.12181156086349,0 33.95726709859068,35.12179810209729,0 33.95726745726306,35.12179172029002,0 33.95725628916797,35.12177465458133,0 33.95722464534895,35.12175232345604,0 33.95722376625724,35.12174460478211,0 33.95722495352336,35.1217395621718,0 33.957233503519,35.12173548716728,0 33.95725391110161,35.12173202157705,0 33.95726555184847,35.12170509594055,0 33.95726633450013,35.12170072714259,0 33.95727368243461,35.12169968030752,0 33.9572859696496,35.12170297330113,0 33.95729909631666,35.1217092837495,0 33.95731668776959,35.12171154063685,0 33.95734744335182,35.12172480919921,0 33.95736297522835,35.12172506328589,0 33.95738016034636,35.1217276586821,0 33.95742022353806,35.12172912511605,0 33.95743825204906,35.12173507413792,0 33.95745175328447,35.12173701719157,0 33.95745376802302,35.12173331288191,0 33.9574528712759,35.12172324358409,0 33.95744906981559,35.12170748166432,0 33.95744393913758,35.12167863067779,0 33.95744019559204,35.12167025500283,0 33.95743757745466,35.12164911429137,0 33.9574329576382,35.12163335613141,0 33.95743364883287,35.12161723513012,0 33.95742995015529,35.12161456835912,0 33.95741889111932,35.12161160459212,0 33.95741089949729,35.12158276809104,0 33.95740043282191,35.12155092344844,0 33.95739993503022,35.1215395088629,0 33.95740276135771,35.12153512842733,0 33.95743177220037,35.12153430345565,0 33.9574354277502,35.12153159751841,0 33.95743744248466,35.12152789320896,0 33.95743780114305,35.12152151140112,0 33.95742743723832,35.12150276191061,0 33.95741922436975,35.12149776831578,0 33.95741757113199,35.12149542700466,0 33.95743574354744,35.12146745915272,0 33.95744716359452,35.12146471261037,0 33.95745737812618,35.12146432274998,0 33.95746190820522,35.12146866310057,0 33.9574583952818,35.12148983782414,0 33.95748165696916,35.1214856844404,0 33.95748815236831,35.12147994189559,0 33.9575024270551,35.12147617227899,0 33.95753225009774,35.12147500645979,0 33.95753961957894,35.12147664641368,0 33.95754620077182,35.12148198459438,0 33.95754664914413,35.12148701879241,0 33.9575381373003,35.12149613125786,0 33.95752102714715,35.12150293745095,0 33.95750763504201,35.12151509723259,0 33.95750883558367,35.12156378049684,0 33.95755585334575,35.12156621769993,0 33.95758039485627,35.12156877387704,0 33.95758123258614,35.12157145603619,0 33.95755358560766,35.12158973605741,0 33.95754993919414,35.12159378496287,0 33.95756026676766,35.12160783319894,0 33.95757838042132,35.12162452672378,0 33.95759864514854,35.12165497613834,0 33.95760262045356,35.12169290039316,0 33.95759985489465,35.12170500326562,0 33.95759379023524,35.12171343028951,0 33.95758159100534,35.12172121803808,0 33.95757428509948,35.12172763670706,0 33.95756166362986,35.12173374854286,0 33.95754672495369,35.12175699654519,0 33.95754440494233,35.12177379922932,0 33.9575448925245,35.12178387085752,0 33.95754906681335,35.1217949291995,0 33.95754753682292,35.12180836895131,0 33.95754430807852,35.1218134231864,0 33.95753699083292,35.12181849890593,0 33.95753663501896,35.12182521690111,0 33.95753057426818,35.12183397919943,0 33.95751757996027,35.12184479370377,0 33.95751235409944,35.12185590197323,0 33.95750421328297,35.12185997466609,0 33.95749277052711,35.12186003531986,0 33.95747353428152,35.12185644390846,0 33.95742366278663,35.12185502883393,0 33.95742524505519,35.12184830475614,0 33.9574324482083,35.12182879094663,0 33.95743032328819,35.1218183924368,0 33.95743310933576,35.12180897548001,0 33.95744038455907,35.12179852704998,0 33.95742728856728,35.12179624638676,0 33.95738648298131,35.12180418527493,0 33.95737135635414,35.12180359448452,0 33.95735787382723,35.121804001138,0 33.95734687551796,35.12180876069899,0 33.95733338167519,35.12180782530366,0 33.95731749111447,35.12181395302078,0 33.95730279238965,35.12181571050852,0 33.95729750859228,35.12181943162253,0 33.95728738197417,35.12183090218148,0 33.95728504600724,35.12184568953029,0 33.95728797227739,35.12185406896087,0 33.95729640374592,35.12188693200674,0 33.95729888905021,35.12189128400668,0 33.95729982606024,35.12190638982631,0 33.95730358265681,35.12191644374755,0 33.9573017268424,35.12194029505596,0 33.95730664631513,35.12194228427526,0 33.95732749097186,35.12194250902207,0 33.95734587362465,35.12194140476728,0 33.95735570515932,35.12194437463094,0 33.95736304462516,35.12194232103028,0 33.95736792772826,35.12193960810274,0 33.95738265087657,35.1219408735989,0 33.95739160440991,35.12193612568,0 33.95739934674553,35.12193306206787,0 33.95740222534151,35.12193539730505,0 33.95740804155019,35.12194745491679,0 33.95741185041823,35.12196422450699,0 33.95742272744021,35.12199606770724,0 33.9574297082487,35.12200039590984,0 33.95745079485418,35.12203151307703,0 33.95745332613468,35.12204157396879,0 33.95745091636461,35.12204695884289,0 33.95744727842688,35.12205201540647,0 33.95744610817197,35.12205907334082,0 33.95743281133925,35.1220833205937,0 33.95742712969009,35.12208838789291,0</coordinates>
						</LinearRing>
					</outerBoundaryIs>
				</Polygon>
				<Polygon>
					<extrude>0</extrude>
					<altitudeMode>clampToGround</altitudeMode>
					<outerBoundaryIs>
						<LinearRing>
							<coordinates> 33.95511973830658,35.12349407837713,0 33.95512473404092,35.12350015297965,0 33.95513061081942,35.12351300072101,0 33.95513528406077,35.12353026202582,0 33.95514157971486,35.12354412501015,0 33.95514574300827,35.123549186726,0 33.95514624724159,35.12356070853148,0 33.95514712213671,35.12356714280482,0 33.95515252397033,35.1235721983651,0 33.9551525589597,35.1235766048724,0 33.95514802059391,35.12357662892096,0 33.9551413795562,35.12357124060696,0 33.95513801262206,35.12356278527806,0 33.95513675164008,35.12355974138433,0 33.95512929203466,35.12355537445978,0 33.95512261031458,35.12354490365705,0 33.95511515357057,35.12354087562304,0 33.95510892282083,35.12353548497526,0 33.95510722582418,35.12352939339006,0 33.9551129609227,35.12352427890652,0 33.95511950602272,35.12351712725965,0 33.95511740116005,35.12351171491401,0 33.95511155936021,35.12350327277809,0 33.95511110903724,35.12349852972844,0 33.95511560670342,35.12349342229234,0 33.95511973830658,35.12349407837713,0</coordinates>
						</LinearRing>
					</outerBoundaryIs>
				</Polygon>
				<Polygon>
					<extrude>0</extrude>
					<altitudeMode>clampToGround</altitudeMode>
					<outerBoundaryIs>
						<LinearRing>
							<coordinates> 33.9558616486807,35.12346965311787,0 33.9558584310098,35.12348017671512,0 33.9558556815466,35.12349781561546,0 33.95585417701294,35.12351646504464,0 33.95585590732649,35.123526624225,0 33.95585964783334,35.12353033269321,0 33.95587369853659,35.12353364707239,0 33.95588615153753,35.12354341071197,0 33.9558953346783,35.12355725899486,0 33.95590202971307,35.12356942421888,0 33.95590545136551,35.12358499718864,0 33.95590304081683,35.12359314472747,0 33.95589686113033,35.12359419488571,0 33.95589231637087,35.12359320227075,0 33.95588848541168,35.12358672912342,0 33.95588843951913,35.12358665106646,0 33.95588771764201,35.12358543090093,0 33.95588575785047,35.12358248626888,0 33.95588187399265,35.12357664990356,0 33.95587926426339,35.12357347784477,0 33.95587437645626,35.12356753762773,0 33.95586813464478,35.12356045343826,0 33.95586310449301,35.12355031126961,0 33.95585727978841,35.12354390251923,0 33.9558461032176,35.12353887811212,0 33.95583613367993,35.1235301179339,0 33.95582987292536,35.12352066059277,0 33.95582937609647,35.12351015637564,0 33.95583056462866,35.12350371034126,0 33.95582760548632,35.12349457579073,0 33.95582911640796,35.12347694215188,0 33.95583030671553,35.12347083591879,0 33.95584760834123,35.12346769431124,0 33.95585791170735,35.12346662244973,0 33.9558616486807,35.12346965311787,0</coordinates>
						</LinearRing>
					</outerBoundaryIs>
				</Polygon>
				<Polygon>
					<extrude>0</extrude>
					<altitudeMode>clampToGround</altitudeMode>
					<outerBoundaryIs>
						<LinearRing>
							<coordinates> 33.95514602654291,35.12369102900251,0 33.95515357109337,35.12370624140469,0 33.95516648645769,35.12372244174131,0 33.95516962404447,35.12372835431781,0 33.95515370575875,35.12372642104767,0 33.95513976464988,35.12372582244132,0 33.95513389945629,35.12372261382768,0 33.9551292876019,35.12371314886369,0 33.95512880910381,35.12370467708131,0 33.95512794168951,35.12369925949091,0 33.95513490851258,35.1236934601757,0 33.95514147430522,35.12368901967639,0 33.95514602654291,35.12369102900251,0</coordinates>
						</LinearRing>
					</outerBoundaryIs>
				</Polygon>
				<Polygon>
					<extrude>0</extrude>
					<altitudeMode>clampToGround</altitudeMode>
					<outerBoundaryIs>
						<LinearRing>
							<coordinates> 33.95598796980139,35.12390299032715,0 33.95598721842482,35.12391248404114,0 33.95598170344778,35.1239457284879,0 33.95598269277531,35.12396673785451,0 33.95597951585194,35.12398234484164,0 33.95596549150191,35.12398241940697,0 33.95595723042791,35.12398110727868,0 33.95595616070675,35.12394993112816,0 33.95594935987447,35.12392420838283,0 33.95597968691825,35.12389896615952,0 33.95598796980139,35.12390299032715,0</coordinates>
						</LinearRing>
					</outerBoundaryIs>
				</Polygon>
				<Polygon>
					<extrude>0</extrude>
					<altitudeMode>clampToGround</altitudeMode>
					<outerBoundaryIs>
						<LinearRing>
							<coordinates> 33.95276781838808,35.1266113671448,0 33.95274446868105,35.12662685501239,0 33.95257028743003,35.12672388353081,0 33.95250573085006,35.12672271708395,0 33.95247989341239,35.12651315407691,0 33.95247762367227,35.12650412669955,0 33.95248384138048,35.12650198486009,0 33.95251099138213,35.1265033488725,0 33.95251942183689,35.1265027012324,0 33.95252523565101,35.12649574115438,0 33.95252279210477,35.12646472089344,0 33.95252379207673,35.1264517603937,0 33.9525277389495,35.12644059208539,0 33.9525375322787,35.12642668093688,0 33.95255975728352,35.12640788401762,0 33.95258397311228,35.12639159256936,0 33.9526061311857,35.12638202976895,0 33.95261085537905,35.1263762806747,0 33.95260972388056,35.12636805287889,0 33.95260557976551,35.12635823080942,0 33.95261615171836,35.1263500399176,0 33.95262050839585,35.12634429281033,0 33.95261316383242,35.12634312648434,0 33.95259998355088,35.12634590714284,0 33.95259225216153,35.12634543971124,0 33.95259081062578,35.12634535279278,0 33.95258919374024,35.12634499954665,0 33.95258170217215,35.12634336295936,0 33.95257868728614,35.12634270432155,0 33.95257454127802,35.12634091614793,0 33.95257316736566,35.12634032393235,0 33.95255361004028,35.12632506067165,0 33.95254582629337,35.1263142549715,0 33.95253770177123,35.12630706643004,0 33.95252779010514,35.1263059139656,0 33.95251277313294,35.12630840258539,0 33.95250433656039,35.12630814620203,0 33.95249403304499,35.12630368068609,0 33.95247298838603,35.12628571418458,0 33.95245753729094,35.12627946835954,0 33.95244351438113,35.12626839350308,0 33.95235974429501,35.12624894862333,0 33.9523193553412,35.12614853014266,0 33.95216961056789,35.12599264533856,0 33.95211489846324,35.12587803191524,0 33.95208750931046,35.12582065694918,0 33.95202739156444,35.12578802741066,0 33.95201784137027,35.12578672514155,0 33.9519969990746,35.12577735961018,0 33.95198619384121,35.12576767186555,0 33.95188925321154,35.12572038773274,0 33.95184577742521,35.12569772450472,0 33.95183347328141,35.12568904993694,0 33.95182081388638,35.12565880033452,0 33.95181139423425,35.12563363874192,0 33.95179942100557,35.1256103116545,0 33.95179781758107,35.12560328727502,0 33.95179431372965,35.12559181154704,0 33.95178163519692,35.12557123015221,0 33.95178159806024,35.1255664351716,0 33.95179004976323,35.12550359399651,0 33.95177832097689,35.12547194807349,0 33.95176942866783,35.12546627169214,0 33.95172565156243,35.12542891579898,0 33.95170884119448,35.1254128475374,0 33.95170652261047,35.12536575579831,0 33.9517336799327,35.12529941284699,0 33.95175342101584,35.1252478032857,0 33.95178560358984,35.12519829444928,0 33.95182390495462,35.12516097180446,0 33.95184681947273,35.1251300714503,0 33.9519076250447,35.12505752057463,0 33.9519825154485,35.12498056402067,0 33.95202892634079,35.12492107969747,0 33.95204316729856,35.12483995656603,0 33.95202566663537,35.12479256495424,0 33.95198499108442,35.12469409823774,0 33.95205633383502,35.12469356847497,0 33.95217686694799,35.12472448850261,0 33.95228254335587,35.12475749643419,0 33.95230965932845,35.12478256491444,0 33.95231873919656,35.12478824068465,0 33.95235756439713,35.12479406850539,0 33.95240182060613,35.12479615622759,0 33.95244660743042,35.12479406463163,0 33.95250873522478,35.12477069156539,0 33.95258225034421,35.12475885930436,0 33.95262836099717,35.12475325182008,0 33.95275888678031,35.12474215391771,0 33.95281934998994,35.12472300676809,0 33.95286000687966,35.12472182361694,0 33.95297198708557,35.12474226950872,0 33.95305346804584,35.12476225747915,0 33.95330799754027,35.12478829449045,0 33.95333344811807,35.12478772834364,0 33.95339398481978,35.12478638142572,0 33.95346988717141,35.12478632062869,0 33.95362195837349,35.12476755562583,0 33.95365406570377,35.1247585741514,0 33.95367587363913,35.12475168105728,0 33.95371749620968,35.12474637708235,0 33.95377145682323,35.12468339127157,0 33.95382261183988,35.12463092483612,0 33.95388507524135,35.12454755704963,0 33.95401486030804,35.12436893286647,0 33.95404058207613,35.12433490479533,0 33.95406414015849,35.12431233750592,0 33.95408366235316,35.1243048512057,0 33.95411616370176,35.12429383392579,0 33.95417685809333,35.12424809666199,0 33.95438762822956,35.12408666981332,0 33.95444555934522,35.12405687682277,0 33.95448292371626,35.12403464870501,0 33.95450011890264,35.12401794976541,0 33.95458113532451,35.12393346743641,0 33.95462734531635,35.12388170572105,0 33.95472360301917,35.12384730397802,0 33.95489263597936,35.12383488821217,0 33.95497633209668,35.12382936227954,0 33.95503039452799,35.12383246693818,0 33.95504321155699,35.12383629680148,0 33.95505150295587,35.12384133680703,0 33.95506101817119,35.12384501511767,0 33.9550699721776,35.12382937705009,0 33.95504928568742,35.12382169095979,0 33.95504801326829,35.12381729149956,0 33.95504921968551,35.12381321772943,0 33.95505457730294,35.12381251120345,0 33.95506451642974,35.12381754273062,0 33.9550777725604,35.12382459061548,0 33.95509511169574,35.12382653252858,0 33.95509048024632,35.12381435550463,0 33.95508632794746,35.12381098827034,0 33.95506104851535,35.12379620856365,0 33.95504033958375,35.12378547152148,0 33.95501469409706,35.12377645532553,0 33.95501343202967,35.12377341234053,0 33.95494975524823,35.12375409031934,0 33.95496179258038,35.12373022372314,0 33.95497940786159,35.12369529756896,0 33.9549826652549,35.12368985829241,0 33.95498718470218,35.12368746109987,0 33.95499627422191,35.12368944729896,0 33.95500787005555,35.12369514721021,0 33.95501944588894,35.12369847578151,0 33.95503014110709,35.12369469139336,0 33.95504703318421,35.12369189023806,0 33.95506484043211,35.12370094746313,0 33.95507724518008,35.12370461021357,0 33.95509087307681,35.12370657235945,0 33.9550987836832,35.12371602124431,0 33.95510967051843,35.12373663804618,0 33.95511755581714,35.12374269708813,0 33.95512829459224,35.12374433497153,0 33.95513116127762,35.12374160918052,0 33.9551369331299,35.12374123920181,0 33.95514190643713,35.12374426375428,0 33.95515391082046,35.12374962332044,0 33.9551634810258,35.12376007946907,0 33.95516642581754,35.1237675204806,0 33.95515745688169,35.1237763335226,0 33.95515912857519,35.12378382783312,0 33.95516466564573,35.12378824956718,0 33.95517523135566,35.12378577587302,0 33.95519349865422,35.1238005936945,0 33.95520677084357,35.12380967402101,0 33.95521137986338,35.12381880099157,0 33.95522137005545,35.12383027236991,0 33.95523381510198,35.12383935740973,0 33.95524911759063,35.12384436107151,0 33.9552628080021,35.12385411772605,0 33.95528516403357,35.12386450643873,0 33.95530750048058,35.12387218398996,0 33.95532446214082,35.12387853382544,0 33.95533898215817,35.12388896446395,0 33.95535762126634,35.12389869561996,0 33.95536550086766,35.12390407596101,0 33.9553770928206,35.12390943875567,0 33.95538424148234,35.12391019183152,0 33.95538763102244,35.12390601792321,0 33.95539203519937,35.12389825939272,0 33.95539224322145,35.12389512279886,0 33.95539272945156,35.12388969273729,0 33.9553930021515,35.12388664577028,0 33.95539283308989,35.12388325435802,0 33.95539251329029,35.12387681931667,0 33.95538507719236,35.12387550244868,0 33.95537684078433,35.12387724031176,0 33.95536654374649,35.12387932882469,0 33.95536074260537,35.12387597009045,0 33.95534576015164,35.12385910283329,0 33.95533705843829,35.1238540642796,0 33.95532787713027,35.12384055575544,0 33.95531830908854,35.1238300996031,0 33.95532073576625,35.12382398543233,0 33.95532604695232,35.1238175177231,0 33.95534407546685,35.12380183154229,0 33.95535468572405,35.12378720164733,0 33.95536125326471,35.12378309913503,0 33.95537188244212,35.12377084148709,0 33.9553799982198,35.12375351363198,0 33.95538309136379,35.1237270593688,0 33.95538554159423,35.12372399613798,0 33.9553891792972,35.12371448688535,0 33.95538871112753,35.12370737158,0 33.95537995947872,35.12369589495896,0 33.95537990092719,35.12368843841198,0 33.95538546609473,35.12366163295903,0 33.95538365945554,35.12364164496712,0 33.95539465970958,35.12362396266987,0 33.95540607529663,35.12360661691294,0 33.95540519069171,35.12359916507495,0 33.95540101198043,35.12359240891994,0 33.9553988456838,35.12357920114113,0 33.95539178644229,35.12357313830977,0 33.95538005389527,35.12354981328248,0 33.9553753541916,35.12352916305649,0 33.95535295576834,35.12351335206989,0 33.95533886612122,35.1235052913387,0 33.95531693873333,35.12349693454249,0 33.95530573006358,35.12348784246914,0 33.95530037136227,35.12348854811324,0 33.9552991821223,35.12349465523439,0 33.95529352450396,35.12350959852252,0 33.95528740225025,35.12351810430444,0 33.95528369852885,35.12351914122543,0 33.95527954446395,35.12351543419614,0 33.95526634690782,35.12351584287988,0 33.95525477395084,35.12351285322325,0 33.95524317745033,35.12350681352527,0 33.95522621082019,35.12350012480255,0 33.95521459826233,35.12349205174451,0 33.95520327716768,35.12346872525923,0 33.95519950742052,35.12346128804576,0 33.95518746523695,35.12345118398576,0 33.95518291763391,35.12344985245248,0 33.95517550908682,35.12345192539523,0 33.95517103673081,35.1234604217739,0 33.95517149167904,35.12346584261483,0 33.955168237177,35.12347162168902,0 33.95515917585139,35.12347336423558,0 33.95515203917699,35.12345747169196,0 33.95514942085833,35.12343918376068,0 33.95515551737535,35.1234276270612,0 33.95514803995927,35.12342088788011,0 33.9551445599394,35.12339785923966,0 33.95514079197388,35.12339076182555,0 33.95514025033728,35.1233741566047,0 33.95513393930347,35.12335859917106,0 33.95515124379403,35.12335579655428,0 33.95517016211071,35.12334857894008,0 33.9551801258262,35.12335666049066,0 33.95519298437845,35.12336574407985,0 33.95520911919897,35.12337175883135,0 33.95521740836606,35.12337679884376,0 33.95522858598476,35.12338182420257,0 33.95523482421259,35.12338823152739,0 33.95524145202867,35.12339192446942,0 33.95526087745311,35.1233965675377,0 33.95528069642261,35.12339883510307,0 33.95529145012139,35.12340250633869,0 33.9553145649665,35.12340441801994,0 33.95532242097999,35.12340674922613,0 33.9553335475461,35.12340533471063,0 33.95535451504431,35.12339641175363,0 33.95536809864744,35.12339261177895,0 33.9553721780844,35.12338682799946,0 33.95537292843209,35.12337733429608,0 33.95538030879408,35.12337153350973,0 33.95539309098965,35.12337078827266,0 33.95540239904907,35.12337016506423,0 33.95540958152201,35.12336968390112,0 33.95541714441281,35.12336889778082,0 33.95543019044709,35.12336754113591,0 33.95544335870515,35.12336340461174,0 33.95545697796008,35.12336434914176,0 33.95546975729292,35.12336326500522,0 33.95548786493423,35.12335774649974,0 33.95549903860847,35.12336243295062,0 33.95551259974164,35.12335558291123,0 33.95553527743913,35.12335444596838,0 33.95557156052472,35.12335222106531,0 33.95558271921902,35.12335487324138,0 33.95559225155706,35.12336058395832,0 33.95560178214266,35.12336595667577,0 33.95561785270755,35.12336383794391,0 33.95563351189259,35.12336172155226,0 33.95565578747321,35.12336194341338,0 33.95566116398901,35.12336360910958,0 33.95566945318237,35.12336864909066,0 33.95567199697521,35.12337744800655,0 33.95567989836265,35.12338554127054,0 33.95569077671217,35.12340514134544,0 33.95570781406468,35.12342098192514,0 33.95572813516029,35.12343477033517,0 33.95573152748733,35.12344661548816,0 33.95573338529,35.12347304243667,0 33.95573640477985,35.12348997333753,0 33.95574183879263,35.12349909558509,0 33.95574275161666,35.1235102752515,0 33.95574614108729,35.12352178151248,0 33.955753775359,35.12354851624391,0 33.95576172213385,35.12356237068144,0 33.95576720329291,35.12357759390843,0 33.95576912718684,35.12361249408468,0 33.95577470481268,35.12363991835404,0 33.95577363167336,35.12366093767898,0 33.9557716514271,35.12367145512081,0 33.95576723021978,35.12368639138381,0 33.95576819018886,35.12370367203027,0 33.95580775190059,35.12390919617663,0 33.95585745069294,35.12393469238167,0 33.95586394364131,35.12393782209677,0 33.95587073620229,35.12394546800044,0 33.95587661667231,35.12395899440359,0 33.95588887247935,35.12399638198341,0 33.95592120218092,35.12401586873015,0 33.95593644613967,35.12401341575831,0 33.95594804562531,35.12401979427882,0 33.95594974665514,35.12402622473329,0 33.95594538120414,35.12404827865576,0 33.95594550589321,35.12406420752794,0 33.95594309996413,35.12407303285843,0 33.95593744528939,35.12408831506531,0 33.9559297742482,35.12410970821814,0 33.95592654907169,35.12411921513369,0 33.95592713449659,35.12414124352637,0 33.95592593846224,35.12414667197712,0 33.95591858384593,35.1241555237198,0 33.95590668686033,35.12416405975555,0 33.95589349964686,35.12417221657584,0 33.95589231784437,35.12417294789161,0 33.95589156682681,35.1241734594817,0 33.95588280931091,35.12417942529406,0 33.95587426511956,35.12418524520462,0 33.95586872708135,35.1241898543054,0 33.9558582811833,35.12419854744749,0 33.95584762736099,35.12420775510623,0 33.95584482501465,35.12421861614321,0 33.95584821165834,35.12422978260668,0 33.9558541150563,35.12424602104204,0 33.95587179892337,35.12423914836238,0 33.95589732855353,35.12423325217456,0 33.95589603074689,35.12422546378502,0 33.95589097411688,35.12421193268863,0 33.95589133659578,35.12420549136672,0 33.95589379827123,35.12420378369129,0 33.95591030790459,35.12420505149721,0 33.95591896716722,35.12420466681965,0 33.95592509976866,35.1241975174823,0 33.95593902303817,35.12418456408849,0 33.95594604382955,35.12418554438257,0 33.95595185074199,35.12418958087054,0 33.9559585240331,35.12419903494991,0 33.95595817014814,35.12420649294594,0 33.95595708957092,35.12422649648856,0 33.95595645926734,35.12425630425154,0 33.95595618655509,35.12426920676396,0 33.95595666909279,35.12427801652226,0 33.955962966701,35.12429221745779,0 33.95596846800043,35.12430981381305,0 33.95596779989525,35.12432981410196,0 33.95596497289186,35.12433762511078,0 33.95595726899601,35.12435461174164,0 33.95594176825737,35.12437706356354,0 33.95593730057245,35.1243862386613,0 33.95593859022563,35.12439267145886,0 33.95593410864321,35.12439981228132,0 33.95593256909345,35.12441405610424,0 33.95593097885892,35.12442152114744,0 33.95591835798955,35.12444294072077,0 33.9559106587135,35.12446060604122,0 33.95590865203499,35.12446773455348,0 33.9558997360067,35.12448811717576,0 33.95589121638751,35.12450646499018,0 33.95586831841679,35.12453234445388,0 33.95583101566572,35.12456236843094,0 33.95582038072277,35.12457394743418,0 33.95580200969414,35.12459844814705,0 33.95579089620006,35.1246015580743,0 33.95578567178624,35.12461921017883,0 33.95577136126789,35.12463555484639,0 33.95573297205382,35.12468490274935,0 33.95569179319516,35.1246942717846,0 33.95569528487989,35.12471865596645,0 33.95569624198919,35.12473559771932,0 33.95568312174676,35.12474583434316,0 33.95565731842488,35.12476935797007,0 33.95565081578126,35.12478193283387,0 33.95563977116314,35.12479385306415,0 33.95562751839659,35.12480950997104,0 33.95561621234969,35.12484075125364,0 33.95560721804351,35.12485096705463,0 33.95559542199209,35.12487238189328,0 33.95558566304025,35.12489039693834,0 33.95557715761726,35.12491043918793,0 33.95557144887278,35.12491894262394,0 33.95556738720111,35.12492709776497,0 33.95555795574084,35.12493426588266,0 33.95554521866408,35.12494077322062,0 33.95553289868411,35.12494795509659,0 33.9555209705012,35.12495242437394,0 33.95551430290829,35.1249436471532,0 33.95550931806924,35.12493926705265,0 33.95550305438979,35.12492947170787,0 33.95547749238599,35.12493130200387,0 33.95545520560097,35.12493006346018,0 33.95543537237099,35.12492576165463,0 33.95542506022233,35.12492581590768,0 33.95541806293581,35.12492788652512,0 33.95541728330945,35.12493365240448,0 33.95541897464974,35.12493906710173,0 33.95541699080326,35.12494890673685,0 33.95541389366515,35.12497502121219,0 33.95541003229835,35.12500859601471,0 33.95539945865622,35.12502797041864,0 33.95538845537151,35.12504531472521,0 33.95537994416348,35.12506467917879,0 33.95536817662796,35.12508948290935,0 33.95535589910786,35.12510208885762,0 33.95534078346314,35.12512080951412,0 33.95532523817489,35.12513750007209,0 33.95531870154786,35.125145668404,0 33.9553089442667,35.12516402232747,0 33.9552954435618,35.12517832887515,0 33.95528071288017,35.1251936591537,0 33.95526799180463,35.12520219981991,0 33.9552519433087,35.12520736765735,0 33.9552371041185,35.12520880241534,0 33.95523213820048,35.12520679455163,0 33.95521898856978,35.12521330420584,0 33.95520292797359,35.12521677846416,0 33.95519266574697,35.12522327256941,0 33.9551813020387,35.12524705725883,0 33.95516742732021,35.12526644954692,0 33.95515442291126,35.12529160011587,0 33.95515082009675,35.12530551496535,0 33.95514225203454,35.12531776175733,0 33.95513243836467,35.12532866000561,0 33.95512221858039,35.12534057639253,0 33.95512105637052,35.12535041135011,0 33.95511614435674,35.12535518223583,0 33.95510630208403,35.12536269156864,0 33.95509518381589,35.12536512183989,0 33.95507702290609,35.12536386243093,0 33.95506134440473,35.12536360650826,0 33.95505393854151,35.12536601833711,0 33.9550510849972,35.12537043859189,0 33.95504949752468,35.12537824251536,0 33.9550480088411,35.12539892528903,0 33.95503657511573,35.12541389875567,0 33.95502267679679,35.12543024098824,0 33.95502046472085,35.12543265875893,0 33.95499650017864,35.1254588502235,0 33.95497846374809,35.12547351877129,0 33.95495799880847,35.12549396348088,0 33.9549580573162,35.12550141912516,0 33.95495482231194,35.12550991025125,0 33.9549446488858,35.12552758779386,0 33.95494390772642,35.12553843797635,0 33.95494193128928,35.12554929428657,0 33.9549362506015,35.12556152642556,0 33.95493714552754,35.12557033383897,0 33.9549330648467,35.12557611671132,0 33.9549307201316,35.12559273655754,0 33.95492316224313,35.12557582968289,0 33.95491442254181,35.1255660466066,0 33.95490487965145,35.12555898026767,0 33.95489619846691,35.12555665373561,0 33.95488384732473,35.12555976882509,0 33.9548715604198,35.12557101914295,0 33.95486505297354,35.12558291617453,0 33.95486428078149,35.12558969873318,0 33.95488782477978,35.12559364149369,0 33.95489734876973,35.12559833648708,0 33.95490518429813,35.12559795566691,0 33.95490933382342,35.12560098401374,0 33.95491190114445,35.125612832982,0 33.95491404387921,35.12562298982481,0 33.95491532843175,35.12562908466014,0 33.95491125457149,35.12563554620714,0 33.95489976688517,35.12564374000579,0 33.95488915060599,35.12565769298025,0 33.95487938283189,35.12567469129608,0 33.95488489607747,35.12569398037028,0 33.95488496493764,35.12570279339102,0 33.95487430905028,35.12571166206682,0 33.95486772350566,35.12571339139632,0 33.95485573666465,35.12571040406456,0 33.95481358132,35.12570045790081,0 33.95480078380906,35.12569917061828,0 33.95479254720497,35.12570090844423,0 33.95479190234944,35.12572395966765,0 33.954780426082,35.12573350992199,0 33.9547722147751,35.12573863758736,0 33.95476559249268,35.12573562150519,0 33.95475696121934,35.12573973483504,0 33.95475243988154,35.12574179221884,0 33.95474706608389,35.1257404653765,0 33.95473549282806,35.1257374756761,0 33.95472777426018,35.1257527677743,0 33.95472080612826,35.12575856617482,0 33.95471714650587,35.12576536516876,0 33.95472337915403,35.1257710938311,0 33.95473787943192,35.12577915229478,0 33.95473957578783,35.125784904974,0 33.95472766525062,35.12579174643209,0 33.95471818654131,35.12579281260469,0 33.9547012658636,35.12579188498816,0 33.95467940278212,35.12579200042426,0 33.95465299768986,35.12579146208839,0 33.95462285665825,35.12578789303402,0 33.95460671743319,35.12578153842976,0 33.9545971784872,35.12577481004829,0 33.9545970879058,35.12576328678869,0 33.95459690784021,35.1257402402608,0 33.9545943772731,35.12573313579053,0 33.95455893590346,35.12573772978195,0 33.95453499719606,35.12573616156237,0 33.95452210623441,35.1257230102966,0 33.95452040066066,35.12571590203122,0 33.95451417945915,35.12571152892359,0 33.95451051695385,35.12571798811888,0 33.95450477595234,35.12572242479239,0 33.95449405121281,35.12572248131512,0 33.95447629523433,35.12572020188598,0 33.95446388558727,35.12571586128831,0 33.95443748768299,35.12566346541903,0 33.95441092042285,35.12564225275737,0 33.95439430677918,35.12562776702568,0 33.95438262206962,35.12555766871181,0 33.9543670281039,35.12551538400697,0 33.95432185649965,35.12548884652909,0 33.95428954833051,35.12547207050346,0 33.95418239758393,35.12543264109044,0 33.95416141054426,35.12543919160347,0 33.95414288063672,35.12544335668072,0 33.95411116317536,35.12544928589242,0 33.95408441160476,35.12545722210567,0 33.95406925782262,35.12547119811089,0 33.95405568523343,35.12547635351088,0 33.95402987153721,35.12549885923269,0 33.95400564188596,35.1255128832378,0 33.95397897792232,35.12553200379865,0 33.95396915440878,35.12554188528955,0 33.95395818391136,35.1255632961766,0 33.95394512174281,35.12558098916392,0 33.95392881587917,35.12560615567463,0 33.95392722544055,35.12561362069341,0 33.9539059587111,35.12563711905918,0 33.95389209395437,35.12565786768159,0 33.95386960005013,35.12568272774985,0 33.95386107129096,35.12570005875295,0 33.95385005659857,35.12571570754017,0 33.95383204912675,35.12573410554658,0 33.95383099435593,35.12575749710425,0 33.95382795334487,35.12579072919153,0 33.95382720841798,35.12585377394035,0 33.95382557629329,35.12585851174993,0 33.95382803721227,35.12586463519635,0 33.95383256691781,35.12586658615888,0 33.95384310182824,35.12586586688131,0 33.9538482032899,35.12585936303014,0 33.95385852762279,35.12584971106143,0 33.95390403596181,35.12586861599036,0 33.95395719980122,35.12589070195848,0 33.95396730233585,35.12591640963886,0 33.95398482728346,35.12594139909251,0 33.9539882280471,35.12595426186736,0 33.95398252083382,35.12596310503221,0 33.95398509199613,35.12597529380542,0 33.95396960997203,35.12600045744114,0 33.95396889043284,35.12601401966017,0 33.95395278506664,35.12606494745786,0 33.95395048430484,35.12608733027822,0 33.95397875013087,35.12611429841574,0 33.95399772914259,35.12611419769544,0 33.95408039998807,35.12613409897524,0 33.95415892639547,35.12615131069995,0 33.95417131368323,35.12615260127942,0 33.95420506551191,35.12614225465981,0 33.95421333316388,35.12614458449675,0 33.95422858546959,35.12614280859766,0 33.95424305697973,35.12614680038006,0 33.95428809973773,35.12615022515119,0 33.95426631168317,35.12616599756295,0 33.95425899407529,35.12617993352286,0 33.95426937912328,35.1261890303694,0 33.95422639816648,35.12623247304305,0 33.95427708507522,35.12622474944267,0 33.95429486334648,35.12622940112144,0 33.95432672877804,35.1262417738459,0 33.95430643449093,35.12628458902201,0 33.95428692561273,35.12632231610518,0 33.95427178623808,35.12633866622106,0 33.95424776627301,35.12637980623837,0 33.95420815833636,35.12643289130668,0 33.95414336824093,35.12648373732487,0 33.95402296980473,35.12654640081676,0 33.95396473982103,35.1265392507461,0 33.95393647389078,35.12656516038123,0 33.95388915939284,35.12658201788634,0 33.95382618349722,35.12660133137012,0 33.95379698138276,35.12661300945229,0 33.95379272072351,35.12659574575791,0 33.9537945947656,35.1265716699282,0 33.95379017312527,35.1265337301497,0 33.95377732058732,35.12652566311329,0 33.95371112786934,35.1265026240999,0 33.9536159664348,35.12646855222014,0 33.95360105606439,35.12646117377628,0 33.95352338096944,35.12644171419687,0 33.95351136754748,35.12644096954238,0 33.95346134057998,35.12642767497168,0 33.95343406640273,35.12642205679683,0 33.9534204405016,35.12642077228086,0 33.9534010133659,35.12641612983958,0 33.95336595799657,35.1264180091369,0 33.95334616355724,35.12641771686775,0 33.95331055023723,35.12641719028349,0 33.95328853075028,35.12641519660077,0 33.95326397927315,35.12641773687417,0 33.95323830312565,35.12641546547942,0 33.95322840125262,35.12641732085621,0 33.9532060177719,35.12641563107788,0 33.95318823824548,35.12641746097724,0 33.95317192101031,35.1264170160415,0 33.95315506494124,35.12641891258522,0 33.95313856540885,35.1264193001388,0 33.95312349996001,35.12641546252247,0 33.95310224250274,35.12641738285681,0 33.95309200782637,35.12642165469985,0 33.95308136932812,35.1264225297624,0 33.95306858102601,35.12642750221725,0 33.95302576109478,35.12643887618055,0 33.95301409122477,35.12644737319232,0 33.95298554092479,35.12645445258926,0 33.95296576096445,35.12645757001452,0 33.95295804754934,35.1264561037507,0 33.95294487933187,35.12646039143704,0 33.95291629897712,35.12646385567211,0 33.95290484289119,35.12645246774368,0 33.95286317652538,35.12642376232118,0 33.95286024299813,35.12642377817443,0 33.95286303992226,35.12645328946559,0 33.95286421527156,35.12646292484875,0 33.95285763971096,35.12646627374716,0 33.95285140622607,35.1264663065316,0 33.95284111846162,35.12646395011991,0 33.95282203733966,35.12646254437733,0 33.95280261522659,35.1264644538353,0 33.9527967385219,35.12646328048738,0 33.95279013883541,35.12646361630279,0 33.95278908803543,35.12646994855294,0 33.95279280506398,35.12647625684033,0 33.95281533239547,35.12649632443178,0 33.95282753798028,35.12650951642051,0 33.95289913818311,35.12656759098925,0 33.95290574883879,35.1265687612654,0 33.95291601008085,35.12656780355454,0 33.95294420364824,35.12656193030328,0 33.95295668137889,35.12656306976707,0 33.95296587845986,35.1265666371682,0 33.95296887976689,35.12657535862827,0 33.95297707936918,35.12659218846938,0 33.95298298021581,35.12659637488748,0 33.95299627414237,35.12660805572238,0 33.95300517148387,35.12662036152352,0 33.9530019186866,35.12662640462587,0 33.95298289695328,35.12663283131865,0 33.95297738665164,35.12663165599989,0 33.95296921358474,35.1266181402757,0 33.95296032962106,35.12660764160695,0 33.95294742756921,35.1265992738149,0 33.95294044918037,35.12659780447465,0 33.95292323628922,35.12660090711665,0 33.95284950794786,35.12659918651769,0 33.95283962518615,35.12660164923383,0 33.95282054051524,35.12659994156135,0 33.95276781838808,35.1266113671448,0</coordinates>
						</LinearRing>
					</outerBoundaryIs>
				</Polygon>
				<Polygon>
					<extrude>0</extrude>
					<altitudeMode>clampToGround</altitudeMode>
					<outerBoundaryIs>
						<LinearRing>
							<coordinates> 33.94572609127292,35.12915305702833,0 33.94567907837593,35.12916334974481,0 33.94530944100153,35.12929188592354,0 33.94528987928012,35.12929299215413,0 33.94518684442274,35.12933522892628,0 33.94516386040406,35.12928912568968,0 33.9452663068824,35.12924990499359,0 33.94528509483329,35.12922770019516,0 33.94565283432551,35.1290911369043,0 33.94583357326659,35.12905301558132,0 33.94598457253498,35.12904469367559,0 33.94616075592328,35.12905030840029,0 33.94632487327101,35.12907758950294,0 33.94631312332907,35.12913995218767,0 33.94613374676624,35.12911676973534,0 33.94599252767072,35.12912453866253,0 33.94587753285198,35.12912262487657,0 33.94572609127292,35.12915305702833,0</coordinates>
						</LinearRing>
					</outerBoundaryIs>
				</Polygon>
				<Polygon>
					<extrude>0</extrude>
					<altitudeMode>clampToGround</altitudeMode>
					<outerBoundaryIs>
						<LinearRing>
							<coordinates> 33.95003839842126,35.13022392438367,0 33.95002059963571,35.13027981162499,0 33.949953687793,35.130483534782,0 33.94975382531931,35.13110079671125,0 33.94954749622089,35.13173571983708,0 33.94939438898444,35.13221105517628,0 33.94925820087085,35.13263342509494,0 33.94916307644689,35.13292406666147,0 33.94904887529176,35.133143900203,0 33.94904760669809,35.13314634022097,0 33.94898541759876,35.13326585894004,0 33.94898114271971,35.13327407501778,0 33.94878767610604,35.13356869971603,0 33.94854400818729,35.13386013502835,0 33.94825987082051,35.13414771410972,0 33.94788337647308,35.1344445869671,0 33.94747603424921,35.13470162151577,0 33.94734120660088,35.13476808593889,0 33.94704690183197,35.1349153791571,0 33.94660434058439,35.13510073178364,0 33.94617931053193,35.13520531602384,0 33.94607877398074,35.13522414451555,0 33.94558426661862,35.13530874857662,0 33.94538464965586,35.13532131262071,0 33.94512313852844,35.13533419683588,0 33.9446024683086,35.1353513993878,0 33.94458729645758,35.13535185386069,0 33.94416788028513,35.13536443894395,0 33.94361606457426,35.13538119037716,0 33.9432512404146,35.1353926305914,0 33.94301952662717,35.13539961864978,0 33.94291045202846,35.13546065794923,0 33.94284009141261,35.13547172885827,0 33.94278377561761,35.13543122154024,0 33.9427667847616,35.13537430715332,0 33.94279820981141,35.13529254670085,0 33.94286044518523,35.13527833558046,0 33.9431312432364,35.13526969881045,0 33.94341930208215,35.13526126146491,0 33.94376230197294,35.13525195930331,0 33.94417925678575,35.13524053683675,0 33.94441976585672,35.13523234410035,0 33.94458635777875,35.13522993156975,0 33.94459764763533,35.13522976875328,0 33.94514472353585,35.13521476602753,0 33.94565607512577,35.13517414156735,0 33.94574099643813,35.1351635313643,0 33.94608223427189,35.13510887424172,0 33.94618273443918,35.13508530124095,0 33.94654186592317,35.13499665321216,0 33.9470775188651,35.13479047734926,0 33.94713920614459,35.13476371589874,0 33.94738244228224,35.13462889100754,0 33.94746214801646,35.13458440918478,0 33.94780702342273,35.13436024304443,0 33.94819824145959,35.13404634378621,0 33.94847316333518,35.13374118642324,0 33.94866618263877,35.13351645584898,0 33.94881828037867,35.13333600409663,0 33.94891181806077,35.13314705023181,0 33.94898337767678,35.13300249843913,0 33.94904471685145,35.13287858770697,0 33.94911718637152,35.13264636453741,0 33.94945478940505,35.13159316681805,0 33.94968038329166,35.13088831899657,0 33.94988101846123,35.13026427283495,0 33.9498941896371,35.13022323404029,0 33.94987784736668,35.13022324856028,0 33.94986348346892,35.13022526122449,0 33.94984845964493,35.13022533931872,0 33.94983512821876,35.13022206368251,0 33.94981706482408,35.13021105355016,0 33.94978193241955,35.1301918016927,0 33.94976649372531,35.1301808124451,0 33.94975972281652,35.13015915429484,0 33.94975712137111,35.13014289870788,0 33.94975122897806,35.13012801555345,0 33.94974023359449,35.13010453098976,0 33.94973495085209,35.13009660701418,0 33.94973033657009,35.13009683336377,0 33.94972788358618,35.1300969535403,0 33.94972417787022,35.13009662203451,0 33.94972264572431,35.13009648531604,0 33.94972029532639,35.13009627478836,0 33.9497190995516,35.13009600383433,0 33.94971068623766,35.13009409847812,0 33.94970661770031,35.13008283533813,0 33.94970186096523,35.13007617906703,0 33.94970117788284,35.13005845363967,0 33.94970087845527,35.13001981440419,0 33.94969058251871,35.12998295618739,0 33.94967464602221,35.12993589183074,0 33.94966446465034,35.12990001610415,0 33.94965263323982,35.12986414879953,0 33.9496366710523,35.12982762521824,0 33.94963654232105,35.12981105640589,0 33.94963404038625,35.12980289610962,0 33.94962698452998,35.1297940170537,0 33.94961941430702,35.12976890120539,0 33.94961289440683,35.12974097838323,0 33.9496115753545,35.129677261202,0 33.94961491947949,35.12951726316272,0 33.94961919585995,35.12931263115342,0 33.94965164052574,35.12928715307589,0 33.94986715583225,35.12917514853793,0 33.94991623537855,35.12916675701118,0 33.9499715200656,35.12924902134549,0 33.9499728066404,35.12924227985471,0 33.94997293077227,35.12924163170045,0 33.94997289104266,35.12923651044691,0 33.94997229318876,35.12923425180177,0 33.9499713785818,35.12923079321654,0 33.94997281637122,35.12922686911374,0 33.94997808530637,35.12922066516858,0 33.94997872778594,35.12920891172011,0 33.94997962333819,35.12920619519209,0 33.94998472281636,35.12920164928677,0 33.94999034244984,35.12919333339415,0 33.95000219754794,35.12918513717752,0 33.95001312324594,35.12917513739985,0 33.95001529935097,35.12917196285408,0 33.95001546029502,35.12916909975345,0 33.95000511135498,35.12915875927828,0 33.94996696083543,35.12913410219569,0 33.94995587379329,35.12912331321311,0 33.94994850718629,35.12911913363202,0 33.94994023672298,35.1291167665726,0 33.94992141556712,35.12910180088538,0 33.94991572190882,35.12910062506329,0 33.94991001144822,35.1290973410761,0 33.94989302465112,35.12908236641448,0 33.94988597993749,35.12907245972702,0 33.94987765294526,35.12906286234328,0 33.94986250528575,35.12904847898056,0 33.94986075418215,35.12904658631491,0 33.94985418310651,35.12903948457168,0 33.94984936053581,35.12903282341269,0 33.94984788087398,35.12903077989384,0 33.94984655450087,35.12902521353412,0 33.94984630476839,35.12899312593773,0 33.94984845315754,35.12898633623046,0 33.94985350459417,35.12897576416972,0 33.94985492622448,35.12896988152508,0 33.94986333746679,35.12896113093229,0 33.94986802386089,35.12895625476377,0 33.94987233494231,35.12895278857003,0 33.94988424314013,35.12894321466037,0 33.94989025976996,35.12893866337308,0 33.94989369086143,35.12893774232441,0 33.94989483382371,35.1289374350135,0 33.94989636311549,35.12893751676898,0 33.94989872237008,35.12893764249566,0 33.94989997060544,35.12893770842669,0 33.94990088096289,35.12893806183789,0 33.94990456866809,35.12893949224588,0 33.94991322781256,35.12894471990319,0 33.94995879350386,35.1289797323689,0 33.94996910617175,35.12898525172278,0 33.94997462206288,35.12898718157705,0 33.95000667880267,35.12900644667981,0 33.95001200712414,35.12900762446021,0 33.95001777304866,35.12901171653373,0 33.95001938158344,35.12901285857497,0 33.95002120746388,35.12901363205617,0 33.950028381981,35.12901667110729,0 33.95003097305266,35.12901776849009,0 33.95003648283603,35.12901879431865,0 33.95004179324538,35.12901786304023,0 33.95004909477606,35.12901360633436,0 33.95006476984957,35.12900132221304,0 33.9500663993508,35.12899860173332,0 33.95006637402282,35.12899528760679,0 33.95006191156804,35.12898732656666,0 33.95005761269218,35.12898268037175,0 33.95005636270331,35.12898133000866,0 33.95005541562205,35.12897923184075,0 33.95005388970343,35.128975851059,0 33.95005337842735,35.12897471754238,0 33.95005308331588,35.12897320826404,0 33.95005261323994,35.12897080439887,0 33.9500546266475,35.12897034243858,0 33.9500678596314,35.12897403886142,0 33.95007907767648,35.12897834868516,0 33.95011190575384,35.12897862943886,0 33.95012106454366,35.12897737594349,0 33.9501232550476,35.12897600852295,0 33.95012595741442,35.12896996891163,0 33.95012627121766,35.12896288621661,0 33.95012201402916,35.1289344373088,0 33.95012099553603,35.12892118528923,0 33.95011930948177,35.12891667544999,0 33.95011536722436,35.12891250508692,0 33.95011505731331,35.12891217761641,0 33.9501143300083,35.12891095926248,0 33.9501138578159,35.12891016795904,0 33.95011245693257,35.12890782276935,0 33.95011215269616,35.12890618917408,0 33.95011130784581,35.12890165200837,0 33.95010738302048,35.12889218147257,0 33.95010012497159,35.12887836093321,0 33.95009706315551,35.12886195572727,0 33.9500929225978,35.12884826938768,0 33.95009287739031,35.12884239373295,0 33.95009395004219,35.12883877264623,0 33.95009850485958,35.12883513327406,0 33.95010232028178,35.12880694286554,0 33.95010911670753,35.12878461140513,0 33.95011471293518,35.1287734338509,0 33.95011585438002,35.12875504964163,0 33.95011783524293,35.12875036953954,0 33.95012202166282,35.12874627966724,0 33.95012399531588,35.12874069555079,0 33.95012663610365,35.12872652158804,0 33.95013909140544,35.12870114691361,0 33.95014361913107,35.12867024050929,0 33.95014703360364,35.12866118384835,0 33.95016050434372,35.12864861053212,0 33.95016304008185,35.12864437856496,0 33.95017783830222,35.12863737159461,0 33.95018712719636,35.12862918736754,0 33.95019767742389,35.12861813591793,0 33.95021719836641,35.12860522852405,0 33.95021883266528,35.1286031110189,0 33.95021879837285,35.12859874236354,0 33.95021484821704,35.12858595770411,0 33.95021556119845,35.12858339313389,0 33.95022303913538,35.12857808133685,0 33.95022936383253,35.12856614722705,0 33.95022970973537,35.12856343410533,0 33.95022858642483,35.12856042694006,0 33.95022471336804,35.1285575846521,0 33.95019844493549,35.12855169647268,0 33.95017178670255,35.1285429477017,0 33.95016297561551,35.12854163859318,0 33.95015874399638,35.12853985281193,0 33.95014952933893,35.1285340256112,0 33.95013885858646,35.12852941134734,0 33.95012502601895,35.12851923970699,0 33.95012299275407,35.12851714104132,0 33.95012298524958,35.1285161171476,0 33.95012295847737,35.12851277328707,0 33.95012456503715,35.12850703971747,0 33.95012505239175,35.12850620844207,0 33.95012890824638,35.12849963609308,0 33.95015037813818,35.12847798098972,0 33.95015364127326,35.12847299248141,0 33.95015801154705,35.12846905259597,0 33.95016640139975,35.12846328477219,0 33.95016784701767,35.12846041430304,0 33.95016868905814,35.12845091991546,0 33.95017175280504,35.12844397339869,0 33.95017538782476,35.128439736418,0 33.95017691926226,35.12842451384812,0 33.95017891037502,35.12842118932002,0 33.95018183305316,35.12841966653107,0 33.95018696326544,35.12841918824403,0 33.95018953634758,35.12841977739389,0 33.95019304492482,35.12842307322412,0 33.95019635805835,35.12842456154367,0 33.95019965919276,35.12842454467484,0 33.95020331538421,35.12842316936657,0 33.95020458216751,35.12842105474307,0 33.95020455682418,35.1284177397151,0 33.95020063683331,35.12840887305924,0 33.95019003376964,35.12838949478386,0 33.95018871829718,35.12838543452573,0 33.95018933779988,35.12837066708475,0 33.95019278174667,35.12836537700255,0 33.95019751908987,35.1283615856673,0 33.95020026773264,35.12836142079929,0 33.95020412570769,35.1283623045366,0 33.95021591298435,35.12836887141467,0 33.95022051035946,35.12837050379802,0 33.95022655532433,35.12836971908335,0 33.95023276648059,35.12836652371209,0 33.95024002164016,35.12835639225028,0 33.95024959435942,35.12833751017568,0 33.95025007957458,35.12832922281118,0 33.95024889052515,35.12831762884084,0 33.95025269433219,35.12831158329412,0 33.95025647232504,35.12827857176197,0 33.95025632822497,35.1282747619134,0 33.95025623930557,35.12827239652302,0 33.9502553256024,35.1282704323983,0 33.95025329001726,35.12826605599924,0 33.95025288380513,35.12826518305587,0 33.95025208717701,35.12826423024798,0 33.9502497651656,35.12826145331652,0 33.95024899635121,35.12826053364109,0 33.95024796122826,35.12825973413281,0 33.95024512266718,35.12825754173159,0 33.95024381549127,35.12825438457835,0 33.95024359863179,35.12825016698113,0 33.95024740964667,35.12824502544886,0 33.95025069941475,35.12824365301226,0 33.95025784954222,35.12824346444766,0 33.95026034318258,35.12824363778755,0 33.95026390410803,35.12824388478318,0 33.95026623944416,35.12824469212367,0 33.95027291499771,35.12824700136102,0 33.95028097813116,35.12824635585411,0 33.95028901900105,35.12824284958327,0 33.95031256289195,35.12822841436046,0 33.95032699700004,35.12822171038237,0 33.95033487867192,35.12822121682306,0 33.95035854488708,35.12822259961786,0 33.95036497854102,35.128224674589,0 33.95037103004324,35.1282246424571,0 33.95037615347549,35.12822310961631,0 33.95037887502471,35.12821948010313,0 33.95037848936454,35.12821707107015,0 33.95037569682503,35.12821166313606,0 33.95036961757358,35.12820807920254,0 33.95035743083629,35.12817364521292,0 33.95034714657815,35.12814808918721,0 33.95034331309661,35.12813722532994,0 33.95034152283414,35.12813215025205,0 33.95034054444879,35.12812782956122,0 33.95033703325683,35.12811231482822,0 33.950336982348,35.12811208808302,0 33.95033658453434,35.12811033263603,0 33.95033445734127,35.12809618253578,0 33.95033401926951,35.12808699563579,0 33.95033562035453,35.1280805094649,0 33.95033979122039,35.12807461246668,0 33.95034158643715,35.12806963185855,0 33.95034059522587,35.12806014643683,0 33.95034763022332,35.12804504475591,0 33.95034829863432,35.12803675595416,0 33.95034680038824,35.12803254570117,0 33.950342365254,35.12802835036588,0 33.95033584424282,35.12801497744631,0 33.95033813011592,35.12800246207156,0 33.9503381988627,35.1279876980466,0 33.95034109314317,35.12798241046763,0 33.95034124511437,35.1279784928374,0 33.95033952280552,35.12796916187408,0 33.95034144640217,35.12795710002339,0 33.95034026247021,35.12789910725824,0 33.95034117497122,35.12787499845705,0 33.95034602189359,35.1278615661392,0 33.95035146476497,35.12785400605916,0 33.95035430248787,35.12785046126524,0 33.95035546071024,35.12784901360145,0 33.95035675009792,35.12784799576237,0 33.9503609976737,35.12784464181873,0 33.95036256755416,35.12784340274793,0 33.95036504728211,35.12784219079414,0 33.95036786629541,35.12784081303236,0 33.95037355200816,35.1278409342973,0 33.95037980865514,35.12784269698043,0 33.9503809027926,35.12784300478,0 33.95038220029903,35.12784363006859,0 33.95038641940755,35.12784566381647,0 33.95038863267568,35.12784673080422,0 33.95039057359605,35.12784824790697,0 33.9503937988895,35.12785077077796,0 33.95040702449343,35.12785356315275,0 33.95040922108838,35.12785310065154,0 33.95041029807008,35.12785023216894,0 33.95040465641397,35.12783218417812,0 33.9504052300174,35.12781139235963,0 33.95041156619902,35.12780111486157,0 33.9504301256334,35.12778233716117,0 33.95044200691346,35.12777745412054,0 33.95044567684515,35.12777773631082,0 33.95044880696753,35.12777952801689,0 33.95044975361873,35.12778328920724,0 33.95044687967553,35.12779098688409,0 33.95044001635506,35.1278044305126,0 33.95043789164716,35.12781438474397,0 33.95043318207794,35.1278217903515,0 33.9504326547269,35.12782465542529,0 33.9504366989481,35.12782599018094,0 33.95044203941838,35.12782897508826,0 33.95044809505126,35.12782939540652,0 33.95045691808996,35.12783221148652,0 33.95046240966818,35.12783082718461,0 33.95046531440723,35.12782719623272,0 33.95046599351557,35.12782011247357,0 33.95047358902728,35.1278065143758,0 33.95047786094113,35.12778977043403,0 33.95048112183546,35.12778478193429,0 33.9504809108747,35.12778116730534,0 33.950475859703,35.12776823805542,0 33.95047301603171,35.12775635149983,0 33.95047002761967,35.12774928749011,0 33.95046249135191,35.12772341607511,0 33.95046262758807,35.12771738936981,0 33.95046023272434,35.12771589565833,0 33.95045766971071,35.12771636013274,0 33.95045494839831,35.12772029160384,0 33.95045351591401,35.1277246681574,0 33.95043420071158,35.12774043671663,0 33.95042741638926,35.12774047189427,0 33.95042557050262,35.12773882424995,0 33.95042222549186,35.12773326831806,0 33.95042254188477,35.12772678861518,0 33.95042544226612,35.12772240505713,0 33.9504263299243,35.1277186339882,0 33.95042464561801,35.12771427376544,0 33.95041932023206,35.12771324740891,0 33.95040754505882,35.12770818753967,0 33.95037641746897,35.12769057466554,0 33.95035747888686,35.12768389442358,0 33.95035268871982,35.127681057528,0 33.95033921176947,35.12766937693723,0 33.95032889619352,35.12766340605059,0 33.95031193254022,35.12765144272745,0 33.95030844452786,35.12765085895145,0 33.95030533800082,35.12765223085405,0 33.95030298354055,35.12765600891695,0 33.95030562845852,35.12766608889365,0 33.95030437807605,35.12767046401765,0 33.95029303421437,35.12767353649176,0 33.95027690695279,35.12767482661229,0 33.95026941096614,35.12767772739811,0 33.95026686478398,35.12768030183619,0 33.95017482058906,35.12772899065394,0 33.95014732562988,35.12770683970187,0 33.95008811613625,35.12773290991803,0 33.95003814030519,35.12764941238611,0 33.95003699540165,35.12764369407634,0 33.95017009850456,35.12749852745078,0 33.95021554636092,35.12744752061722,0 33.95033928309529,35.12744235362748,0 33.95035808886261,35.12745536070683,0 33.95037113381278,35.12745875751734,0 33.95038489457685,35.12745974026092,0 33.95038530287877,35.12744143480585,0 33.95038664826981,35.12743673895062,0 33.95038672945377,35.12743645528482,0 33.95038707793084,35.12743585314313,0 33.95038813625419,35.12743402318146,0 33.95038926340574,35.12743207369961,0 33.95039131148827,35.12743025580634,0 33.95039199562769,35.12742964832829,0 33.95039620075728,35.12742811998403,0 33.95039765662413,35.1274266059886,0 33.95039870215718,35.12741952025723,0 33.9503972113388,35.12741651507354,0 33.95039130990968,35.12741217800576,0 33.95038852940018,35.12740827525928,0 33.95038767776274,35.12740542009814,0 33.95038758755737,35.12740511614355,0 33.95038764958162,35.1274045054318,0 33.95038779741451,35.12740306478971,0 33.95038792755309,35.12740180095425,0 33.95038856431083,35.12740079814774,0 33.95038955876159,35.12739923098468,0 33.95040181122168,35.12739494895313,0 33.9504061838274,35.12739131009683,0 33.95042846857854,35.12738004581937,0 33.95044031003514,35.1273700406237,0 33.9503642231702,35.12732449272873,0 33.95041240877978,35.12722481307749,0 33.95044329900634,35.127164694831,0 33.95058048791955,35.12716789224447,0 33.9507456508992,35.12713704716354,0 33.95082292502057,35.12712323500711,0 33.95086817350499,35.12711742312604,0 33.95088299193354,35.12711312722342,0 33.95093153187873,35.12710609428147,0 33.95100644239668,35.12714170537038,0 33.95101786509615,35.12714872571687,0 33.9510559202964,35.12716118052561,0 33.95112193881589,35.12718538962602,0 33.95113901811024,35.1271886140793,0 33.95118078721977,35.12720692472483,0 33.95118779822324,35.12721261230666,0 33.95119932528174,35.12723303964748,0 33.95121057561047,35.12726476689018,0 33.95122061051951,35.12728188710773,0 33.95122892130961,35.12728952766207,0 33.951237588979,35.1273194607215,0 33.95124913641214,35.1273422981518,0 33.95127528004718,35.12737937077077,0 33.95129301817165,35.12739660087517,0 33.95130842357302,35.1274203220023,0 33.95132359414733,35.12743771827748,0 33.95133236413388,35.12745710543649,0 33.95134996021167,35.12747976017074,0 33.95136678714366,35.12749759862813,0 33.95137394719215,35.12752241834001,0 33.9513759493123,35.12754410122406,0 33.95137590174496,35.12756142496435,0 33.9513811622937,35.12757781828752,0 33.95138584796337,35.12761440042794,0 33.95139146749648,35.12762958580507,0 33.9514033984573,35.12764284769369,0 33.95140441660769,35.12764397992971,0 33.95141201647676,35.12765463661636,0 33.95141592628944,35.12766214855908,0 33.95141820556496,35.12767238010634,0 33.95141946938391,35.12769331343982,0 33.95142305565194,35.12770640017109,0 33.95142754289309,35.12771752476473,0 33.95143391962836,35.12772593222716,0 33.95143550962772,35.12772802804133,0 33.95143647252154,35.12773054070324,0 33.95144000168047,35.12773975470962,0 33.95144152996781,35.12774758099617,0 33.95144181995452,35.12776128760539,0 33.9514413764421,35.12776815048769,0 33.95143971399312,35.12779387772754,0 33.9514392008134,35.12780182550086,0 33.95143675377804,35.12781735452798,0 33.95142843010697,35.12785521057289,0 33.95142554663688,35.12786170412107,0 33.95142009052634,35.1278674571123,0 33.95141206066027,35.12787039280623,0 33.95140838768146,35.12787173583333,0 33.95140507865138,35.12787258115288,0 33.95139466914788,35.12787523987846,0 33.95138972036522,35.12787650368514,0 33.95138506018451,35.1278771117352,0 33.95137286746062,35.12787870191622,0 33.95136063554223,35.12788569519553,0 33.95134363267222,35.12789226262267,0 33.95133761553662,35.12789666255603,0 33.95133398783423,35.12790180448596,0 33.95133334796986,35.12791385987972,0 33.95133398934556,35.12792580155883,0 33.95133420508242,35.12792982356612,0 33.95133541359345,35.12793468236087,0 33.95133742428153,35.12794276265264,0 33.95133880675489,35.12795540969244,0 33.9513368036598,35.12795722724839,0 33.95132929084851,35.12795801993497,0 33.95132280288743,35.12795410575195,0 33.95132136873406,35.12795324088124,0 33.95131858174198,35.12795227666319,0 33.95131612081708,35.12795142526044,0 33.95131364667528,35.12795056945461,0 33.95131125664641,35.12795015375674,0 33.95130777053638,35.12794954655925,0 33.95129045360596,35.12793939338854,0 33.95125498683018,35.12792963686316,0 33.95124942635739,35.12792198283672,0 33.95122768368302,35.12790853835197,0 33.95121790671223,35.12790105803217,0 33.95121161470457,35.12789370899938,0 33.95120534741754,35.12788952356925,0 33.95119356560425,35.1278837102867,0 33.95114135603689,35.12784315924373,0 33.95112476696972,35.12783209806831,0 33.95110862085568,35.12782025643624,0 33.95110355714721,35.12781654288489,0 33.95109707565826,35.12781063571693,0 33.95108712002583,35.12780156407342,0 33.95107624927076,35.12779484226272,0 33.95106404004821,35.12778104711381,0 33.9510553599628,35.12777325891886,0 33.95102753025284,35.12775517686096,0 33.95098547032008,35.12772300813215,0 33.95097443320645,35.12771839591424,0 33.95096076398864,35.12770566230307,0 33.95094934807708,35.12769857159257,0 33.95094657532407,35.12769684920463,0 33.95093826453854,35.12768921043429,0 33.95093697527285,35.12768759538629,0 33.95093011705686,35.1276790086977,0 33.95091317431453,35.1276696069797,0 33.95090137025872,35.1276609320032,0 33.95089526631914,35.12765418449204,0 33.95087498685246,35.12764012995427,0 33.95086832016988,35.12763187977177,0 33.95085745972692,35.12762651351559,0 33.95084548448801,35.12761934515907,0 33.95081798150883,35.12759613892244,0 33.95079858621035,35.12757801227065,0 33.95079363621677,35.12757803848589,0 33.95078812477269,35.12757686217561,0 33.95078275238788,35.12756980966553,0 33.9507724422493,35.12756459141531,0 33.95074569554954,35.1275442437722,0 33.95072560787197,35.12753139373293,0 33.95070695857878,35.12751477010176,0 33.95069240179299,35.12750580752957,0 33.95067629321008,35.12748585594683,0 33.95060348249615,35.12743712682044,0 33.95059885170309,35.12743554158419,0 33.95059741532027,35.12743504988807,0 33.95059490447881,35.1274349992757,0 33.95059309705908,35.12743496207457,0 33.9505915464302,35.12743493007017,0 33.95059065240143,35.12743513087648,0 33.95058605422869,35.12743616385446,0 33.95056947309592,35.12744965847457,0 33.95056545183659,35.12745133681226,0 33.95055903942453,35.12745212352402,0 33.95055284082115,35.12745667537038,0 33.95054520689586,35.12746545326519,0 33.95053480205425,35.12747153256731,0 33.95050409327994,35.12748419785773,0 33.95050151886528,35.12748849593549,0 33.9505004727343,35.12749024197539,0 33.95049902381189,35.12749159817837,0 33.95049479861414,35.12749555406433,0 33.95049319124126,35.12749705933415,0 33.95049104865977,35.1274982037479,0 33.95048606892375,35.12750086307626,0 33.95047914358491,35.12750632288663,0 33.95047622211272,35.12753164626355,0 33.95047729768054,35.12755197897268,0 33.95047604730887,35.12755635409834,0 33.95047688917144,35.12757035924265,0 33.95047935549681,35.12758074167272,0 33.95049548893953,35.12760415703914,0 33.9505113973554,35.12764550145201,0 33.95053299694383,35.12768771971833,0 33.95053670729608,35.12769327458445,0 33.95054426641586,35.12769835669246,0 33.95055787370882,35.12770340668521,0 33.95056195704782,35.12770971306902,0 33.950562183081,35.12771528534819,0 33.95056514967217,35.12771933806044,0 33.95056778498866,35.12772821117627,0 33.95057124211888,35.12774822955565,0 33.95058000780266,35.12776716431695,0 33.95058572423076,35.12779485363313,0 33.95060164126027,35.12783740399333,0 33.95060140136044,35.12785367464335,0 33.95060217573288,35.1278589433675,0 33.9506044151466,35.12786405367738,0 33.95060321953817,35.12789900904381,0 33.9506005251172,35.12790610410434,0 33.95060054805372,35.12790911629207,0 33.9506046440756,35.12791707928667,0 33.9506026535686,35.12794405567995,0 33.95060451388162,35.12794751044859,0 33.9506059825553,35.12797145545336,0 33.9506065213144,35.12801724876903,0 33.9506091155118,35.12804420181946,0 33.95061026649579,35.128074324579,0 33.95061271381994,35.12808259705484,0 33.95060934021361,35.12812027630821,0 33.95061112288091,35.1281374414731,0 33.95061907382074,35.12814583572904,0 33.95064971668081,35.12817203785774,0 33.9506521386614,35.12817699620609,0 33.95065169021438,35.12818995416582,0 33.9506528622693,35.12819913710942,0 33.95065217178674,35.12820552420182,0 33.95065183489621,35.12820863385544,0 33.95065193385745,35.1282110126872,0 33.9506523463895,35.12822092538607,0 33.9506523569808,35.12822117588294,0 33.95065251106407,35.12822489912141,0 33.95065379495243,35.12823077136923,0 33.9506542224937,35.12823272398122,0 33.95065961589483,35.12824233711385,0 33.95067110189789,35.12825734220157,0 33.95067501232543,35.1282650046912,0 33.95067432296341,35.12827073287584,0 33.95068113087078,35.12829736172781,0 33.95069343694229,35.12832335885621,0 33.95069569144781,35.12833042681392,0 33.95069579024917,35.12834308122678,0 33.95069906616862,35.12836355080357,0 33.95069683586144,35.12838329741278,0 33.95069764586811,35.1283932358369,0 33.95069915005008,35.12839804905283,0 33.95070088679701,35.1284326893709,0 33.9507028212175,35.12844563404565,0 33.95070749642589,35.12845736020486,0 33.95071096213512,35.12847858273592,0 33.95071178897784,35.12849063022558,0 33.95071039757385,35.12850042908109,0 33.95070877706882,35.12850420409782,0 33.95068213727316,35.12854471678413,0 33.95067593991044,35.12854957058466,0 33.95066789377994,35.12855262533768,0 33.9506367366814,35.12855459676026,0 33.95062741591813,35.12855871250245,0 33.95061862732638,35.12856056704758,0 33.95061238887553,35.12855999764412,0 33.95060338143713,35.12855718212147,0 33.95059164044246,35.12855649092787,0 33.95056625614726,35.12854653072988,0 33.95054625673853,35.12854497770188,0 33.95050271208494,35.12855755888875,0 33.95049137487707,35.12856168592874,0 33.95043911885094,35.12856256266539,0 33.95040433725869,35.12856476706351,0 33.95040026213783,35.1285650252644,0 33.95037680963823,35.12856740851532,0 33.95036702682885,35.12856896347281,0 33.95033761489489,35.12857363965498,0 33.95032627111629,35.12857701318858,0 33.95031494831913,35.12858294824062,0 33.95029778252545,35.12859222720918,0 33.95028942347865,35.12860206356954,0 33.95026685320467,35.12862372371979,0 33.95024693153458,35.12863226353678,0 33.95022907743444,35.12864727157091,0 33.95021557372631,35.12865577818685,0 33.95020338070399,35.12866774388504,0 33.95020401464581,35.12867858686228,0 33.95020198729185,35.12870089265382,0 33.9501987735141,35.12871220837024,0 33.95018561069685,35.12874090021892,0 33.95017360566568,35.12875346655308,0 33.95016912750305,35.12876719883077,0 33.95016530249595,35.12879418418933,0 33.95016729582277,35.12881466203305,0 33.95016338171173,35.12883019893096,0 33.95016136221543,35.12885356016012,0 33.95015942350343,35.12886366345539,0 33.95015949448259,35.12887270180349,0 33.95016107747254,35.1288876070102,0 33.95015778793356,35.12895993412187,0 33.95015862977225,35.1289739401671,0 33.95015542492629,35.12898630950953,0 33.95015581603494,35.12898947114135,0 33.95015899665594,35.12899759005199,0 33.95015912441174,35.12901416067547,0 33.95015472753582,35.12902412460247,0 33.95015426036984,35.12902518286407,0 33.95015283701191,35.12903091499734,0 33.9501527873417,35.12903447848895,0 33.95015271887481,35.12903935181361,0 33.95014709795134,35.12907116725263,0 33.95013913934494,35.12910887071813,0 33.95013975581286,35.12911745410592,0 33.95014380053543,35.12914243982475,0 33.95015367934415,35.12916302710384,0 33.9501597152049,35.12918468829425,0 33.9501633018014,35.12922142691728,0 33.95017133296034,35.12924021603245,0 33.95017322211561,35.12924728596209,0 33.95017346802107,35.12925542067016,0 33.9501757157451,35.12926143409091,0 33.95018237178838,35.12926847926516,0 33.95019806548137,35.12928225709387,0 33.95020567015223,35.12929351592863,0 33.950231174539,35.12931899138182,0 33.95025693206692,35.12935350555102,0 33.9502624879357,35.12935887379175,0 33.95026561596272,35.12936189678481,0 33.95027010659567,35.12936529127278,0 33.95027190086377,35.12936664818209,0 33.95027649997293,35.12937012474497,0 33.95027858455265,35.12937134958101,0 33.95029123676343,35.12937878489421,0 33.95030955667634,35.12940008024318,0 33.95031915824417,35.12943211703632,0 33.95032307962375,35.12944128653464,0 33.95032660552044,35.12944654089372,0 33.9503356311656,35.12945176564581,0 33.95033969709162,35.12945581154406,0 33.9503399104527,35.12945972720986,0 33.95034636409142,35.12946436370774,0 33.95035192568602,35.12947201776477,0 33.95035901439461,35.12948749722796,0 33.95036381013252,35.12949108762032,0 33.95036896378573,35.12949347098002,0 33.95040177719857,35.12949209415545,0 33.95041223296816,35.12949264131183,0 33.95041573418187,35.12949473206532,0 33.95041740826117,35.1294977367116,0 33.95041690383174,35.12950361397179,0 33.95041485561233,35.12951307275035,0 33.95041206279579,35.12952596346237,0 33.95041327995578,35.12954072821545,0 33.95042172349033,35.12956327277668,0 33.95042786830509,35.12957381203712,0 33.95042869457269,35.12959298843906,0 33.95042051057063,35.12960184455071,0 33.95041735184385,35.12962016435868,0 33.95039944083771,35.12965144162723,0 33.95040945273428,35.12966562543285,0 33.95042185186812,35.12966827195343,0 33.9504278538036,35.12969739039885,0 33.95042387573954,35.12971639265719,0 33.9504215374427,35.12973403000589,0 33.95041586607401,35.12974761841599,0 33.95042608423193,35.12978823858244,0 33.95042296767037,35.1298119815814,0 33.95042318878726,35.12984045311269,0 33.95041100155071,35.12986492073817,0 33.95038268218961,35.12993760547884,0 33.95036731565784,35.12997768265825,0 33.95034358441297,35.13000927416715,0 33.95033468190975,35.13002598500626,0 33.95032574687815,35.13004433478397,0 33.95029480748828,35.13009805186315,0 33.95027917088667,35.13010355743618,0 33.9502578001667,35.13011451616806,0 33.95023340389689,35.13016074114583,0 33.95022124735566,35.13018927637786,0 33.95022458394222,35.13019400492409,0 33.95021892845276,35.13020962668264,0 33.95022314924898,35.13022180620176,0 33.95021741621939,35.13022725935217,0 33.95020015573669,35.13023616227862,0 33.95017621991518,35.13023561082895,0 33.95015721938447,35.13023299801409,0 33.95013069797148,35.13021822343486,0 33.95010263242069,35.13021701390139,0 33.95006139047756,35.13021926434756,0 33.95003839842126,35.13022392438367,0</coordinates>
						</LinearRing>
					</outerBoundaryIs>
				</Polygon>
			</MultiGeometry>
		</Placemark>
	</Document>
</kml>