<?xml version='1.0' encoding='UTF-8'?>
<kml xmlns="http://www.opengis.net/kml/2.2">
	<Document>
		<name>RIZOKARPASO</name>
		<Style id="PolyStyle70">
			<LabelStyle>
				<color>00000000</color>
				<scale>0.000000</scale>
			</LabelStyle>
			<LineStyle>
				<color>ff0055ff</color>
				<width>2.000000</width>
			</LineStyle>
			<PolyStyle>
				<color>00828282</color>
				<outline>1</outline>
			</PolyStyle>
		</Style>
		<Placemark id="ID_70292">
			<name>RIZOKARPASO</name>
			<snippet />
			<description>&lt;html xmlns:fo="http://www.w3.org/1999/XSL/Format" xmlns:msxsl="urn:schemas-microsoft-com:xslt"&gt;

&lt;head&gt;

&lt;META http-equiv="Content-Type" content="text/html"&gt;

&lt;meta http-equiv="content-type" content="text/html; charset=UTF-8"&gt;

&lt;/head&gt;

&lt;body style="margin:0px 0px 0px 0px;overflow:auto;background:#FFFFFF;"&gt;

&lt;table style="font-family:Arial,Verdana,Times;font-size:12px;text-align:left;width:100%;border-collapse:collapse;padding:3px 3px 3px 3px"&gt;

&lt;tr style="text-align:center;font-weight:bold;background:#9CBCE2"&gt;

&lt;td&gt;3&lt;/td&gt;

&lt;/tr&gt;

&lt;tr&gt;

&lt;td&gt;

&lt;table style="font-family:Arial,Verdana,Times;font-size:12px;text-align:left;width:100%;border-spacing:0px; padding:3px 3px 3px 3px"&gt;

&lt;tr&gt;

&lt;td&gt;DIST_CODE&lt;/td&gt;

&lt;td&gt;3&lt;/td&gt;

&lt;/tr&gt;

&lt;tr bgcolor="#D4E4F3"&gt;

&lt;td&gt;VIL_CODE&lt;/td&gt;

&lt;td&gt;356&lt;/td&gt;

&lt;/tr&gt;

&lt;tr&gt;

&lt;td&gt;VIL_CCD&lt;/td&gt;

&lt;td&gt;3356&lt;/td&gt;

&lt;/tr&gt;

&lt;tr bgcolor="#D4E4F3"&gt;

&lt;td&gt;VIL_NM_E&lt;/td&gt;

&lt;td&gt;RIZOKARPASO&lt;/td&gt;

&lt;/tr&gt;

&lt;tr&gt;

&lt;td&gt;VIL_NM_G&lt;/td&gt;

&lt;td&gt;ΡΙΖΟΚΑΡΠΑΣΟ&lt;/td&gt;

&lt;/tr&gt;

&lt;/table&gt;

&lt;/td&gt;

&lt;/tr&gt;

&lt;/table&gt;

&lt;/body&gt;&lt;script type="text/javascript"&gt;

				function changeImage(attElement, nameElement) {

				document.getElementById('imageAttachment').src = attElement;

				document.getElementById('imageName').innerHTML = nameElement;}

			&lt;/script&gt;&lt;/html&gt;

</description>
			<styleUrl>#PolyStyle70</styleUrl>
			<MultiGeometry>
				<Polygon>
					<extrude>0</extrude>
					<altitudeMode>clampToGround</altitudeMode>
					<outerBoundaryIs>
						<LinearRing>
							<coordinates> 34.58767560678849,35.69566109941645,0 34.58752062467523,35.69563853359812,0 34.58695729645928,35.69564267382479,0 34.5867704096565,35.69561180490449,0 34.58671840952827,35.69553980769371,0 34.58671974240345,35.69549143464165,0 34.5867719839928,35.69544771293494,0 34.58696334762443,35.69536282061049,0 34.58709078970686,35.69525441208944,0 34.58721710883732,35.69507693126696,0 34.58722596068108,35.6949697594446,0 34.58717760707925,35.6948614549321,0 34.58707604826557,35.69480891705683,0 34.58703117648721,35.69479529395751,0 34.58693009162549,35.69476460231819,0 34.58678705518759,35.69472737568969,0 34.58631019673302,35.69473233912188,0 34.58611951974622,35.69480478281269,0 34.58585264723978,35.69490617418767,0 34.58555497421246,35.69500416945363,0 34.58544508259821,35.69506255314084,0 34.58541697138902,35.69515171909874,0 34.58538382275258,35.69515808936931,0 34.58533411873464,35.69505466933081,0 34.58517175681747,35.69506690159054,0 34.58497646586085,35.69509905874912,0 34.58487162845008,35.69512726221662,0 34.58484098659046,35.69517427738632,0 34.5847778588629,35.6953828085902,0 34.58469445940541,35.69548008156219,0 34.58458590127644,35.69550681703779,0 34.5844765618791,35.69548535861038,0 34.58438471973955,35.6954034641813,0 34.58432070350604,35.69532881231005,0 34.58416816998344,35.69503515379565,0 34.58394512082418,35.69495010327606,0 34.58363900690929,35.69486892744327,0 34.58333238508738,35.6948706042555,0 34.58297694552172,35.69493756104744,0 34.58272240408739,35.69496129158775,0 34.58251930968114,35.69496791777793,0 34.58233422392863,35.69494573657661,0 34.5822642822144,35.69496152527099,0 34.58186669737476,35.6949355211602,0 34.58169762043609,35.6948507113954,0 34.58096707517424,35.69448425919944,0 34.58088297887874,35.69435490598841,0 34.58077699552944,35.69420642354575,0 34.58058396366315,35.69401308630574,0 34.58028319018532,35.69382966466665,0 34.57996248829481,35.69361477122649,0 34.57931367684971,35.69326072953022,0 34.57860738047544,35.69295479438019,0 34.57748292011179,35.69281331638081,0 34.57715816424314,35.69274804030829,0 34.57651017952918,35.69271249769791,0 34.5762900403145,35.69271125087973,0 34.57608057582475,35.69270285331697,0 34.57568810329268,35.69272098246608,0 34.57529725271693,35.69270565583721,0 34.57505570449594,35.69271518613609,0 34.57466445811513,35.69267522701645,0 34.57457988308066,35.69264970084981,0 34.57440045748827,35.69263043342828,0 34.57411362656386,35.69264218810101,0 34.57374903303214,35.69264946425063,0 34.57351966977721,35.69261135251237,0 34.57301872076481,35.69259363312232,0 34.57273682703899,35.6926440497071,0 34.57240908515227,35.69266150159599,0 34.57170277498486,35.69275675756332,0 34.57162941261116,35.69275751192414,0 34.57154486960636,35.69273374416915,0 34.57138092649409,35.6926034449015,0 34.57120937046765,35.69253657680476,0 34.57104322973451,35.69253828425476,0 34.57082230123059,35.69248776196287,0 34.57067359148682,35.69249984960057,0 34.57056424902171,35.69253035155848,0 34.57047995539267,35.69255386657371,0 34.57037387735901,35.69254262111021,0 34.57008490920752,35.69244689796597,0 34.56969311179405,35.69238512670192,0 34.56951369594589,35.69236024087072,0 34.5687505429843,35.69241125101923,0 34.56852179371312,35.69245471779031,0 34.56811393635233,35.69265011706382,0 34.56790010044278,35.69274930068577,0 34.56768272989164,35.69280462904347,0 34.56746831764369,35.69279860335443,0 34.56726330068724,35.69274930200952,0 34.56703644620298,35.69275368349959,0 34.56680369721965,35.69270466584317,0 34.56640211306959,35.69266149068909,0 34.56578113805887,35.6926164453907,0 34.56561445951678,35.69259964766837,0 34.56536265955926,35.69262072830384,0 34.56508784266124,35.69262148520122,0 34.56466078788302,35.69272043011674,0 34.56436357759411,35.69273991808213,0 34.56415685896939,35.69274203080788,0 34.56398507345088,35.69272117143058,0 34.56357232469525,35.69261024866189,0 34.56312346460064,35.69244829255278,0 34.56255465103956,35.69219503621181,0 34.56235900058999,35.6921003980043,0 34.56202437374062,35.69198661810234,0 34.56162099180618,35.69198867600154,0 34.56152480340861,35.69196498466415,0 34.56136231926539,35.69189467902862,0 34.56121015123725,35.69186675786452,0 34.56088262380456,35.69185433806124,0 34.56039369024136,35.69186754450215,0 34.56017394654916,35.69184305578253,0 34.55995642829644,35.69180003853089,0 34.55970158610388,35.69178824149446,0 34.55949172771441,35.69175131368974,0 34.55905049795856,35.69175169404759,0 34.55876033225935,35.69173819867643,0 34.55838506933237,35.69176463345528,0 34.55814319135494,35.69177531824593,0 34.55795376341491,35.69175462904301,0 34.55766792052284,35.69169585288556,0 34.55752095778611,35.69165005791432,0 34.55736831219659,35.69140488063738,0 34.55730641610577,35.6913875905088,0 34.55681525463891,35.69134881995831,0 34.55648737210613,35.69134187034413,0 34.55637318143301,35.69129574024269,0 34.55606660411482,35.69104184526086,0 34.55597248357127,35.69098934322118,0 34.55586140147685,35.69098018995447,0 34.5552475625784,35.69098341029562,0 34.55454890149292,35.69089070521141,0 34.55447042838286,35.69087093939003,0 34.55435837073267,35.69080011346278,0 34.55402907965093,35.69054438684149,0 34.55382274360887,35.69041077857949,0 34.55355154671253,35.69032100341271,0 34.55292861636088,35.690150491408,0 34.55285162591548,35.69006491644515,0 34.5526553648637,35.68977082956226,0 34.55243235873881,35.68969906822709,0 34.55213418252576,35.68965685353643,0 34.55158692535827,35.68964799876783,0 34.55137141984822,35.68957204812214,0 34.55076084314513,35.68928795163522,0 34.55041570876512,35.6891084313784,0 34.54970112810145,35.68885491276367,0 34.54864766612295,35.6885612493927,0 34.54802230048763,35.68839484982638,0 34.54679862792528,35.68817896246607,0 34.54666198716247,35.68814744180526,0 34.5455983981882,35.68784974137689,0 34.54525640869863,35.6877462673697,0 34.54490886205854,35.68760995206324,0 34.5446822862604,35.68747036194583,0 34.54451979231789,35.68739797765873,0 34.54440933454239,35.6872675006246,0 34.54440122447155,35.68723262834506,0 34.5444385527007,35.68720141145652,0 34.54464180321848,35.68713974087493,0 34.54486806249277,35.68709839904665,0 34.54494795508766,35.68704824988135,0 34.54499717720635,35.6869716794705,0 34.54504042300144,35.68683554302621,0 34.54517027778697,35.68675610527952,0 34.54535025769072,35.68665765877718,0 34.54537740588392,35.68662037641953,0 34.54536173442741,35.68658558146282,0 34.54518004200139,35.68657507355842,0 34.54494363690228,35.68661240508258,0 34.54479478173101,35.6866056783864,0 34.54471088813457,35.6865612885557,0 34.54461603742659,35.68646149438946,0 34.5445892826526,35.68636307213519,0 34.54458828258942,35.68629934348118,0 34.54462387093544,35.68615711675744,0 34.54464339641013,35.68595542368015,0 34.54473463542574,35.6858249745373,0 34.54487118061465,35.6856899559248,0 34.54494347780442,35.68563782514181,0 34.54503516387167,35.68553615590616,0 34.54530443741493,35.68534428731848,0 34.54543897570461,35.68524218476513,0 34.54552765816005,35.68510970316247,0 34.54553858517945,35.68500267725538,0 34.54549230921821,35.68494557264525,0 34.5454083487652,35.68489707186442,0 34.54514625811571,35.68490382167202,0 34.54497685191624,35.68487262859735,0 34.54483718113827,35.68480823931222,0 34.54477458801266,35.68467522408078,0 34.54475271476736,35.6845664715784,0 34.54462888143689,35.68438678214052,0 34.54432133696012,35.68406707138885,0 34.54397388074614,35.68377448932102,0 34.54375518039471,35.68361861929373,0 34.5433217111792,35.68330967815555,0 34.54314864261104,35.68322565389229,0 34.54277110010353,35.68306649663714,0 34.54258019787494,35.68296263984486,0 34.54238498480376,35.68280736836132,0 34.54221084529078,35.68265474379517,0 34.54184763971633,35.68251545204356,0 34.5415550168626,35.68240689620534,0 34.54127277458581,35.68228965954375,0 34.54106408583421,35.68216882643041,0 34.54090184880592,35.68210470153911,0 34.54083095261964,35.68205395471544,0 34.54077394168102,35.68199449284305,0 34.54075885084696,35.6819260336913,0 34.54077742309043,35.68176861578164,0 34.54075873694507,35.68169447538832,0 34.54068618875409,35.68153797148388,0 34.54052328363238,35.68143097179838,0 34.54031980051864,35.68141871744303,0 34.54013405571031,35.68142057781561,0 34.53986793698329,35.68143753781496,0 34.53957351462054,35.68143762879605,0 34.53941980780523,35.68147061472065,0 34.53923491499102,35.68152678212728,0 34.53911359672305,35.68161375931991,0 34.53908556192707,35.68161404028348,0 34.53906763620954,35.68158849095128,0 34.53910777098351,35.6814651620197,0 34.53911384400597,35.68140506752565,0 34.53909246020326,35.6813824120753,0 34.5390291991887,35.6813716096065,0 34.53895227885757,35.68138381509011,0 34.53878513277203,35.6814540978485,0 34.53869738726976,35.68144640019491,0 34.53859845609542,35.68139593289438,0 34.53834327865759,35.68121552544379,0 34.53778366018318,35.68079926963343,0 34.53773223166854,35.68076760793615,0 34.53760184541677,35.68072778131079,0 34.53742734293493,35.68070457329152,0 34.53726360270455,35.68063848172152,0 34.53715222127327,35.68056693040758,0 34.53709519018851,35.68048825474241,0 34.53705276367663,35.68039764332841,0 34.5369991870204,35.68032496619475,0 34.53698773150455,35.68028011085588,0 34.53699084810545,35.6801350248062,0 34.53697090184541,35.68006310874371,0 34.53688261989927,35.67992058207771,0 34.5368714521764,35.67985104488847,0 34.5368742229629,35.67981317711543,0 34.53694152253261,35.67973106546107,0 34.53700811045339,35.67968954307876,0 34.53712633955038,35.67968287747563,0 34.53720275385578,35.67966785520556,0 34.53722294658742,35.67966929883949,0 34.53730002258489,35.67969677148557,0 34.53733100086846,35.67970002669801,0 34.53735246170884,35.67969652172685,0 34.53747277733825,35.67965117122181,0 34.53773282818022,35.67964171566138,0 34.53790359206521,35.67959778134098,0 34.53813281002457,35.67955134067044,0 34.53816613173602,35.67953236142026,0 34.5382161437563,35.67946276173978,0 34.53822611295366,35.67941220827954,0 34.53821165958691,35.67934764109059,0 34.53816406352046,35.6792705162159,0 34.53803092071409,35.67913995597853,0 34.53800845125389,35.67907875811309,0 34.53802414120772,35.6790070339659,0 34.53808993151929,35.67895756700082,0 34.53843781661906,35.6786741237359,0 34.53858336367679,35.67852240288307,0 34.53861484400995,35.67847163391513,0 34.53862721024533,35.67840241070783,0 34.53861655098316,35.67827939948649,0 34.53848936791348,35.67792749552763,0 34.53843308269568,35.67781042427447,0 34.53827818596709,35.67766445200385,0 34.53814650843818,35.67758460470105,0 34.53797599691503,35.67751501636219,0 34.53769775792971,35.67743553778882,0 34.53754037370898,35.67734552616078,0 34.53744737596373,35.67733164915118,0 34.53730710514364,35.67734731044519,0 34.53715577998472,35.67738721142117,0 34.53701138272609,35.67744020502596,0 34.53684742791886,35.67757565584977,0 34.53656735039353,35.67776655940624,0 34.5364730354881,35.67779766404649,0 34.53639174258813,35.67780149183893,0 34.53619794128084,35.67779053975418,0 34.53581518161146,35.67773431108508,0 34.53538954173789,35.67773088192032,0 34.53484383576215,35.6777886999323,0 34.53471750905991,35.67783657486783,0 34.53455700435369,35.67793469595602,0 34.53425978196023,35.6781477007683,0 34.53419074767859,35.67816155194301,0 34.53415710174313,35.67815969346117,0 34.53410375647443,35.6781448696013,0 34.53391368996857,35.67802830784468,0 34.53360722066206,35.67777607627679,0 34.53339896706824,35.67761390289247,0 34.53328500166879,35.6775486803348,0 34.5331984641162,35.67751773510511,0 34.53309944514711,35.67750583390058,0 34.53276367318192,35.67753111465061,0 34.53246180964301,35.67748860178752,0 34.53221206499693,35.67742527793034,0 34.53202805748013,35.6773522515906,0 34.53182222528844,35.67725915127724,0 34.531623599174,35.67706726327761,0 34.53155996113659,35.67695218199766,0 34.5315482439899,35.67689032783019,0 34.53155401325189,35.67682884869107,0 34.53159940929837,35.67672145633939,0 34.53167125317883,35.6765852839465,0 34.53172322702457,35.67646850452493,0 34.53176275992899,35.67632991156983,0 34.53177261378304,35.67627168162209,0 34.53182749744505,35.6760824824884,0 34.53184718735204,35.67596492601649,0 34.53183687537692,35.67573359969411,0 34.5317915052707,35.67549604051306,0 34.53179225429329,35.6753709952679,0 34.53175083406267,35.67521456167817,0 34.53170966800183,35.6751612265832,0 34.5316013830226,35.67507181603576,0 34.5313262404508,35.67488754474011,0 34.53131245500617,35.67486574557329,0 34.53129406021907,35.67472005077097,0 34.53126808303376,35.67469234054946,0 34.53121254501117,35.6746660202151,0 34.53097244245119,35.67461685718585,0 34.53075781522746,35.67456305376776,0 34.53042266917589,35.67445450892465,0 34.53027870425574,35.67437872844635,0 34.53020546113709,35.67434017419273,0 34.52986346744238,35.67431406682847,0 34.52975514505271,35.67429364642142,0 34.52956935946797,35.67424322433467,0 34.52939616397865,35.6741716029352,0 34.5292637315322,35.67406248443335,0 34.52916504140654,35.6739298469052,0 34.529040475518,35.67382823634878,0 34.52873623394322,35.67364000810919,0 34.52867299575171,35.6736008833448,0 34.52857451540584,35.67352201867369,0 34.52844821645935,35.67341349456849,0 34.52833802139086,35.67337935027083,0 34.52797496899957,35.67332602921616,0 34.52731365402384,35.67327227566851,0 34.52694585294108,35.67318037355535,0 34.52679006432593,35.67304503358856,0 34.52629100085861,35.67246923701206,0 34.52609221189372,35.67229298585483,0 34.52583324814229,35.67214714556179,0 34.52554887785085,35.67202391935498,0 34.52550233496951,35.67196881348202,0 34.52537435533517,35.67191248013606,0 34.525309327906,35.67184400351525,0 34.52520242362565,35.6717535799832,0 34.52510295901088,35.67160683829766,0 34.52509353822817,35.67148088892838,0 34.52515405390955,35.67131088037137,0 34.52526256525153,35.67118240946156,0 34.52545128127628,35.67102942723551,0 34.52552194791328,35.6709250486301,0 34.52551005716658,35.67085435313292,0 34.52539917543776,35.67066774286337,0 34.52526449595162,35.67055387625159,0 34.52512518252286,35.67051662904173,0 34.52497147288177,35.67051543909152,0 34.5247526122707,35.67054538684233,0 34.5245090451469,35.67064334348436,0 34.52443506508527,35.67064068713665,0 34.52423212221351,35.67057154096501,0 34.5241515182484,35.67057030482602,0 34.52402756985062,35.67061354397285,0 34.52393371111702,35.67072255561355,0 34.52386902494202,35.67083771737,0 34.52387106564899,35.67091630358857,0 34.52396408235011,35.671075984846,0 34.52396380546855,35.6711119030652,0 34.52385765505058,35.67117800611737,0 34.52361321216922,35.67138100441611,0 34.52320463422611,35.67149956243919,0 34.5230659455702,35.6715029655206,0 34.52264423551166,35.67147019727947,0 34.52227882726833,35.67142501411183,0 34.52180586371784,35.67140867418077,0 34.52149643401195,35.67138394354259,0 34.52100783345587,35.67137724294098,0 34.52067751083205,35.67134458382949,0 34.52041146908356,35.67133195821982,0 34.52029464316009,35.67124433849973,0 34.52003942509415,35.67101713148274,0 34.51968261158764,35.67077398492098,0 34.51955796040323,35.67071761139898,0 34.51945144066136,35.67070578538986,0 34.51890230973903,35.67070644794826,0 34.51833518342785,35.6705629459856,0 34.5180602481387,35.67051211710022,0 34.51797084598724,35.67051156815285,0 34.517755505883,35.67046767815854,0 34.51738760136612,35.67036761513779,0 34.51710218023022,35.67033117991684,0 34.51688470505306,35.67031045964179,0 34.51687430895397,35.6703094695097,0 34.51679977510172,35.67031697766184,0 34.51671119286063,35.67033716096392,0 34.51656869117855,35.67030840557113,0 34.51646643378627,35.67033075628174,0 34.5163970488432,35.67032974312129,0 34.51628290660844,35.67028139619724,0 34.51623013498419,35.67028021965249,0 34.51612282115492,35.67032498145969,0 34.51589595713581,35.67034787711648,0 34.51576792939203,35.67031491273759,0 34.5156617463554,35.67032510328407,0 34.51553648530419,35.67031006886651,0 34.5150590924608,35.67019379405918,0 34.51481528056947,35.67008640700653,0 34.51467561963009,35.67005321652844,0 34.51448632618431,35.67006117212746,0 34.51437325345767,35.6701368213656,0 34.51418233745691,35.67031030621791,0 34.514006497959,35.6703831829214,0 34.51393038826627,35.67043136343909,0 34.5138726758034,35.67051460188152,0 34.51380921401272,35.67054775033418,0 34.51373032081697,35.67063119646993,0 34.51357678871585,35.67075044133662,0 34.51349937471885,35.67087639489391,0 34.51339655168793,35.67099768404906,0 34.51326186141464,35.67134426301765,0 34.51313734202382,35.6715680886341,0 34.51304412395901,35.67163846004455,0 34.51276933587794,35.67181479746297,0 34.5124769971567,35.67214750304381,0 34.51237478475753,35.6723091054339,0 34.51239486913345,35.67234584033937,0 34.51246660980687,35.67239223447692,0 34.51257912463585,35.67238842174151,0 34.51260813345565,35.67241117820839,0 34.5126173921056,35.6725278112273,0 34.51266125472731,35.67257109031701,0 34.51275853905528,35.67257640624907,0 34.51284540237086,35.67266093836626,0 34.51296234895695,35.67270248506478,0 34.51306526611402,35.67275026782736,0 34.51333924369949,35.67295562089082,0 34.5133848343535,35.67300328678093,0 34.5134281444508,35.67311916358089,0 34.51386751018313,35.67354550117283,0 34.5139470520292,35.67364009929593,0 34.51398900497945,35.67372143002266,0 34.51399688962056,35.67378537918093,0 34.51400982330917,35.67389027782344,0 34.51400531169219,35.67402991642587,0 34.51404155729198,35.67417254368319,0 34.51403786845581,35.67420307404164,0 34.51396562985822,35.67426002710698,0 34.51391649223765,35.67436080010746,0 34.51382234453479,35.67439763838503,0 34.51374174719417,35.67439707205324,0 34.51368392313842,35.67436443487964,0 34.5135925386063,35.67436465206916,0 34.51352082025194,35.67434705884049,0 34.51339448288189,35.67439776491167,0 34.51325508493956,35.67440929472025,0 34.51309137625874,35.67446104343313,0 34.51301334423896,35.67446519653386,0 34.51278614497635,35.67443963806465,0 34.51265948856415,35.67441512745572,0 34.51248420490665,35.6744161655132,0 34.51225835725817,35.67437026371059,0 34.51212022592983,35.67435602916682,0 34.51192181173588,35.67431121327304,0 34.5117534115382,35.67432776944064,0 34.51149263417666,35.67427949662017,0 34.51131407291451,35.67422906454093,0 34.51097965601269,35.67420048492633,0 34.51086887179659,35.67423612831669,0 34.51072468201283,35.67431478909949,0 34.5106643002466,35.67433232047713,0 34.51050211175517,35.67432035334253,0 34.51039749810533,35.67432476348269,0 34.51024465934761,35.67438114575306,0 34.51021594716114,35.67440514332662,0 34.51042243930146,35.67462556285626,0 34.51041021447831,35.67469564959633,0 34.51027648323161,35.67486094688613,0 34.51027965347819,35.67487819533488,0 34.5103847086476,35.67495713145733,0 34.51046766571815,35.67505796698354,0 34.51069618098829,35.67527867922709,0 34.51090836811414,35.67551818554517,0 34.51113228152421,35.67565491354743,0 34.51130635721573,35.67573791659449,0 34.51132753888401,35.67576481541636,0 34.51131452713894,35.67578323941687,0 34.51117880084549,35.67581777140931,0 34.51104902557282,35.67580684280852,0 34.51092108860924,35.675807415872,0 34.51077193648913,35.67583326858542,0 34.51073409741083,35.67585803421498,0 34.51074674315048,35.67587010785174,0 34.51082029951166,35.67589920543241,0 34.51094913477795,35.67595757850211,0 34.51123986687453,35.67617175165642,0 34.51137062929806,35.67630193588358,0 34.51139565033928,35.67636267888585,0 34.51135988019069,35.67646857232106,0 34.51127840262717,35.67657372650499,0 34.51115973047163,35.67666433674881,0 34.51102719843301,35.67671781100502,0 34.51090598928857,35.67672373941789,0 34.5107952427275,35.67676209228195,0 34.51069295381251,35.67675563809921,0 34.51053370653987,35.67677345842815,0 34.51014970529368,35.67676297991563,0 34.50988417312141,35.67673033654495,0 34.50978909168881,35.67670619204646,0 34.50942453971125,35.6765545722912,0 34.50934708374751,35.67648756311218,0 34.50886605696537,35.67627066890222,0 34.50864498319274,35.67621116050495,0 34.50795863107066,35.67609587957897,0 34.50740762291201,35.67597520944454,0 34.5072402518769,35.67595041260385,0 34.50701732624398,35.67593293324617,0 34.5064123842186,35.67592595112982,0 34.50597275773927,35.67586314515921,0 34.50558116720433,35.67579038205824,0 34.50538306160699,35.67576588230295,0 34.50461444927374,35.67559462898855,0 34.50446992418001,35.67554233197362,0 34.50424966289948,35.67542656240488,0 34.50399999764958,35.67523450413152,0 34.50379504857899,35.67508741401435,0 34.50362361933016,35.67492851604673,0 34.50361378156837,35.67491939684306,0 34.50353640009774,35.67480491166086,0 34.50342050012931,35.67463094974536,0 34.50331109714983,35.67445868379305,0 34.50325684367236,35.67440202162021,0 34.50314539245591,35.67427244878434,0 34.50310508521549,35.67421081065714,0 34.50308942575753,35.67417400990381,0 34.50308615659724,35.67413620818933,0 34.50309094182114,35.67409612944243,0 34.50311604587768,35.67404441538879,0 34.50319437768766,35.67394599208199,0 34.50323604318718,35.67389037166146,0 34.50325707527335,35.67386229624887,0 34.50336560213751,35.67370785399339,0 34.50340411994174,35.67367291994282,0 34.50347505530455,35.67363902567932,0 34.50355218302847,35.67357525585297,0 34.50358958052652,35.67357039617323,0 34.50360309293298,35.67357481464626,0 34.50362275421112,35.67358124355769,0 34.50368905403175,35.67358121030294,0 34.50386601753196,35.6734991897267,0 34.50399261811361,35.67346543248349,0 34.50415126742552,35.6734632132594,0 34.50418189498303,35.67345580009383,0 34.50419695479637,35.67343532439201,0 34.50416919743233,35.67331700663238,0 34.50409464575284,35.67323573539178,0 34.50407598964372,35.67318339989938,0 34.50408535143174,35.67314332701877,0 34.50412662451561,35.67312564655857,0 34.50418518483415,35.67312490764457,0 34.5044045940601,35.67321222463688,0 34.50453900376739,35.67325513396707,0 34.50473155304056,35.67326952528985,0 34.50485159254954,35.67329614125921,0 34.50496162631651,35.67329303805877,0 34.50515487831487,35.67335384032349,0 34.50525597590978,35.6733640380423,0 34.50531011844171,35.67334589254389,0 34.5053273456941,35.6733040503457,0 34.50531775759428,35.67321977572926,0 34.50527194089763,35.6731023113151,0 34.50527936994995,35.6730717452275,0 34.50534594070137,35.67302400121817,0 34.50542716050485,35.67298356858574,0 34.50542427624286,35.67295784668175,0 34.50537919261704,35.67291593202141,0 34.50523043597835,35.6728309796232,0 34.50499664868754,35.67261742423221,0 34.50499369429617,35.67258695913115,0 34.5051233387901,35.67242543442752,0 34.50517769172567,35.6723391833225,0 34.50512780452584,35.67222717979081,0 34.50507886417525,35.6721500653255,0 34.50508513059106,35.6720429364968,0 34.50507292712481,35.67192311137931,0 34.50504860540599,35.67190810089876,0 34.50493334957793,35.6718953303318,0 34.5048700163944,35.67185528744156,0 34.50481267842069,35.67179960087305,0 34.50475208587253,35.6716937998493,0 34.50471213595884,35.67166166125082,0 34.50437389679901,35.67162700236207,0 34.50416659531732,35.67165307330214,0 34.50402454005094,35.67173577118408,0 34.50397552005015,35.67173556980126,0 34.50394962043826,35.67169855100502,0 34.50395068529631,35.67165923787346,0 34.50403849861607,35.67153318920274,0 34.50410508357049,35.67140429736847,0 34.5041273715027,35.6713127678057,0 34.50410341410372,35.67121203141622,0 34.50400252034461,35.67107816099201,0 34.50396751591823,35.67096126928833,0 34.50399733056675,35.6708181648858,0 34.50414745265546,35.67050058383575,0 34.50438844564405,35.67006692089087,0 34.5045026246812,35.66992672387692,0 34.5046685957878,35.66980516660992,0 34.50475920591336,35.66975413940323,0 34.50506403065548,35.66953094033885,0 34.50519935729096,35.66941577935394,0 34.50524786373023,35.6693548284657,0 34.50524839633197,35.66935125474725,0 34.50525276454397,35.66932191473648,0 34.50523886695844,35.66928206858709,0 34.50520300386866,35.66924548554374,0 34.50519119182624,35.66920612791336,0 34.50518425849725,35.66913250138369,0 34.50520836775527,35.66877785793198,0 34.50514883609836,35.66871439967625,0 34.50506311016471,35.66867660778745,0 34.50496741011242,35.66858368534471,0 34.50484083010203,35.66856356968876,0 34.50465637566816,35.66847964122255,0 34.50439086014475,35.66844630740102,0 34.50408113208756,35.66831870177003,0 34.50394589720045,35.66824818487223,0 34.50386632068253,35.66823235572632,0 34.50378547255034,35.66824228959449,0 34.50366554903738,35.6682227870944,0 34.5035219723326,35.66822401612598,0 34.50337138921758,35.66822530544322,0 34.50317097311608,35.66821166520391,0 34.50304993630826,35.66817353678825,0 34.50291991549906,35.66809077172335,0 34.50281792260408,35.66799350285547,0 34.50273767843517,35.66785129935626,0 34.50266410019754,35.66776527447161,0 34.50254839818354,35.66769524486475,0 34.50213925913616,35.66755826376689,0 34.50190731117416,35.6674371828525,0 34.5018180555297,35.66735808608739,0 34.50162853099602,35.66724065889913,0 34.50155630728654,35.66718918032711,0 34.50146144292421,35.66706880127307,0 34.50112909688576,35.6667907998815,0 34.50100019272227,35.66666262927334,0 34.50095286857743,35.66661557583694,0 34.50090732658516,35.66652207517208,0 34.50090642384515,35.66639126768035,0 34.50089309231075,35.66632818385216,0 34.50079150529624,35.66615818527637,0 34.50051029275664,35.66567517748123,0 34.50045553163618,35.66561249458524,0 34.50035335962676,35.66554610094956,0 34.5002969926168,35.66548387238283,0 34.50025500941597,35.66537650944808,0 34.50023269647539,35.66518203733592,0 34.50021430418128,35.66514007368854,0 34.50007561410143,35.66500730781842,0 34.49994215942758,35.66482927631478,0 34.49986883695565,35.66474899446423,0 34.49976411795454,35.66469206249175,0 34.49965802899985,35.66461560974528,0 34.49957952328859,35.66454832761491,0 34.49948080167842,35.66442527050633,0 34.49945526572754,35.66437349930646,0 34.49945553709372,35.66424882529431,0 34.49943385718302,35.66416738446222,0 34.49939047155843,35.66407386260281,0 34.49919319010012,35.66373139191103,0 34.49912527220051,35.6636524833393,0 34.49901564085081,35.66359076954436,0 34.49891749706296,35.66354145593765,0 34.49885551888821,35.66349947412859,0 34.49881898936079,35.66346800104291,0 34.49864542403748,35.66327038253149,0 34.49854581419842,35.6631951828235,0 34.49837557463779,35.66314656603011,0 34.4983577653339,35.66314322601376,0 34.49823780312308,35.66314570305536,0 34.49816232697387,35.66313633671638,0 34.49801937888338,35.6630775780347,0 34.49792740650022,35.66304488479506,0 34.49786652206375,35.66303976626608,0 34.49777679576381,35.66304897467065,0 34.49758324584712,35.66306028289685,0 34.49741885397214,35.66304255644659,0 34.4973315867492,35.66303637608148,0 34.49671975348404,35.6630008012926,0 34.49670119423142,35.66298331113311,0 34.4967072203462,35.66295471950953,0 34.49683142352273,35.66280514483181,0 34.49686445877098,35.66274775747321,0 34.49686831588341,35.6626823117846,0 34.49685136803243,35.66262892005251,0 34.49682670035881,35.66259886881105,0 34.49676405522001,35.66254833250635,0 34.4965846101096,35.66246007434153,0 34.49656276629031,35.66243877493216,0 34.49652979827919,35.66235788118227,0 34.49649445945828,35.66208385900305,0 34.49647893096972,35.6620175034001,0 34.4964379025294,35.66190156904772,0 34.49643949296993,35.66186424106645,0 34.49647918798238,35.66174884448004,0 34.49649751127302,35.66164353152156,0 34.49648411875179,35.66157605707392,0 34.49639206615456,35.66143076485417,0 34.49633633546583,35.66137467460388,0 34.49622987435714,35.66130875690615,0 34.49598963027375,35.66122064591884,0 34.49590333080759,35.66120721108325,0 34.49581233868386,35.66120369935042,0 34.49567384546572,35.66115455265568,0 34.49563820106156,35.66114589753062,0 34.49557488595495,35.66115792147472,0 34.49552949822436,35.66118118634991,0 34.49548048794797,35.66121414387234,0 34.49544838294432,35.66126186353516,0 34.49537287918507,35.66135785136353,0 34.49521012013558,35.66151986813133,0 34.49514231887583,35.66155564090356,0 34.49512512941504,35.66155756309837,0 34.49480615159352,35.66149391260308,0 34.49478246603206,35.66149326308064,0 34.49453814653474,35.66152766344759,0 34.49446060456084,35.6615240206856,0 34.4943087997037,35.66148421938382,0 34.49428505378356,35.66147961951919,0 34.49406452291644,35.66144991838,0 34.4938985808903,35.66136459780983,0 34.4938273895046,35.66135387057649,0 34.49375538084175,35.6613602705079,0 34.49366330252662,35.66139188616523,0 34.49361134168549,35.66140753175788,0 34.49346933541355,35.66141109399814,0 34.49342670540639,35.66140316384091,0 34.49341255260127,35.66139232545554,0 34.49341765594427,35.66137383920321,0 34.49346003746808,35.66132953262878,0 34.49349633733171,35.66127431097601,0 34.49355885470815,35.66120917859867,0 34.49361352230794,35.66112305027363,0 34.4936165743007,35.66103961435604,0 34.49359152828784,35.66094854661028,0 34.49351477713912,35.66081846972001,0 34.4934220608945,35.66070017882642,0 34.49335592802153,35.66063211536412,0 34.49332996530067,35.66062314660021,0 34.49315902995269,35.66059933099542,0 34.49304052470179,35.66055525601515,0 34.49299985055253,35.6605341380727,0 34.49293280411668,35.66044106032885,0 34.49288325845112,35.66040246753933,0 34.49267749956182,35.6603170900777,0 34.49256279722913,35.66027539358259,0 34.49242788383338,35.66024947480805,0 34.49226784560304,35.66023455227709,0 34.49219817844223,35.66021766238362,0 34.49202978788829,35.66014816718552,0 34.49196714331291,35.66013318545577,0 34.49193641749944,35.66012953048578,0 34.49182460366974,35.66013675143795,0 34.4915483296074,35.66004963575418,0 34.49146854361496,35.66000387008184,0 34.49142384638213,35.6599656690349,0 34.49135543154921,35.65988884660575,0 34.4912819383376,35.65983204569446,0 34.49119313686289,35.65972337383091,0 34.49114934854194,35.65960219680718,0 34.49110129776126,35.65950863579837,0 34.49105548600403,35.65941943693553,0 34.49101063559961,35.6593068644388,0 34.49099746139779,35.65919449447598,0 34.4909727155076,35.65913873713714,0 34.4908971914212,35.65905128952684,0 34.49085714962899,35.65892802920045,0 34.49082048912464,35.65888530786077,0 34.49079360693626,35.65887340469887,0 34.49072123674144,35.65887207290493,0 34.49069913608739,35.65886289892952,0 34.49067948343754,35.65882103943504,0 34.49067858542869,35.65880255188406,0 34.49070068692576,35.65876484110883,0 34.49069565103394,35.65871890191983,0 34.49066714477399,35.65870220085457,0 34.49055044910828,35.65868533165384,0 34.4903619590628,35.65864343523981,0 34.490046242616,35.65854617960979,0 34.4898015034482,35.6584510460271,0 34.48969665435806,35.65842432855418,0 34.48955272193398,35.65845750998493,0 34.48943432322822,35.65846027786458,0 34.48927967755415,35.6585420200627,0 34.48901987511059,35.65878389198493,0 34.48886905711538,35.65885790963812,0 34.48867512222363,35.65905628128879,0 34.48860984958423,35.6592362954553,0 34.48847080953121,35.65939971334029,0 34.48836652264004,35.65953488315809,0 34.48835609162506,35.65954840079461,0 34.48817739051827,35.65979339779916,0 34.48809916958866,35.6598629185565,0 34.48802762892453,35.65988902009603,0 34.48795725820014,35.65987063317358,0 34.48786412562615,35.65980088513651,0 34.487629643075,35.65963849130323,0 34.48755855210772,35.65954262516816,0 34.48749111291651,35.65945168326216,0 34.48737420972606,35.65938757100018,0 34.48706474123397,35.6592708052227,0 34.48662739240145,35.65919559359577,0 34.48630129528488,35.65891147506223,0 34.48621153111691,35.65886722773343,0 34.48618279443611,35.65885306270346,0 34.48536849510196,35.65865005461352,0 34.48468138330473,35.65864236662264,0 34.48381777477211,35.65870728662913,0 34.48345467562165,35.65868873706067,0 34.48304798991654,35.65876355829133,0 34.48284199963305,35.65882464031736,0 34.48237273069153,35.65919401006633,0 34.48180635131308,35.65948602452019,0 34.48165470293955,35.65959903524482,0 34.48163868146386,35.65961097545798,0 34.48157488435682,35.6596511191267,0 34.48146911869289,35.65968651236678,0 34.48119242270574,35.65968840075589,0 34.48102244049265,35.65965712905939,0 34.48092555735972,35.65960598258834,0 34.48089008474672,35.65958725508921,0 34.4806360385703,35.65942725283099,0 34.48028649040961,35.65917739703455,0 34.48025893179526,35.65902700833571,0 34.47995019732858,35.65874313379793,0 34.47985859410345,35.65869956579495,0 34.47969424342244,35.65867052832297,0 34.4795778130264,35.65868000984982,0 34.47912705334966,35.65890833649014,0 34.47903828479816,35.65898827490226,0 34.47898183124818,35.6592252796626,0 34.4789396148246,35.65927664396646,0 34.4787834380046,35.65932705305493,0 34.47872425673945,35.65931060331521,0 34.47867942150987,35.65925361205432,0 34.4784896908162,35.65862187256877,0 34.47845260163729,35.65856997268733,0 34.47838290289091,35.65853706292513,0 34.47779610117095,35.65852080390143,0 34.47750484229226,35.658457779073,0 34.47709901537325,35.65828264881096,0 34.47673039272016,35.6580938623,0 34.47671016984012,35.65809055586492,0 34.47659445820972,35.65807163864669,0 34.47641957597638,35.65799100496088,0 34.47612787932996,35.65778122622646,0 34.47594007221462,35.65768490930684,0 34.47574905910962,35.65750741855302,0 34.47562609000612,35.65736852254123,0 34.47513289869038,35.6571301315395,0 34.47497867819592,35.65709126347789,0 34.47473309370491,35.65706307096189,0 34.47463228517314,35.65702206211374,0 34.47436261275508,35.65681043568237,0 34.47415074088071,35.6567579419555,0 34.47381535948942,35.65671043307319,0 34.47309328738518,35.65653360348968,0 34.47300833137896,35.65652568818364,0 34.47286850136472,35.65655643918856,0 34.47272965280526,35.65651796778173,0 34.47261457615199,35.65650597662523,0 34.47255209707514,35.65648204243984,0 34.47251097603407,35.65641158308942,0 34.47250544342248,35.65630836034379,0 34.47246479666327,35.65617958174003,0 34.47239579968859,35.65612137484577,0 34.47224697778705,35.65608599439218,0 34.47205693110871,35.65601844082155,0 34.47185341623325,35.65603398853685,0 34.47139855489159,35.65612861775179,0 34.47107494315065,35.65610878385084,0 34.47075871042188,35.65595522125056,0 34.47037030364314,35.65598095921434,0 34.47002290411636,35.65593355220576,0 34.46980263206911,35.65580919246132,0 34.46938649483655,35.65549416117605,0 34.469351839952,35.65559040601679,0 34.46931764589474,35.65562724216587,0 34.46920194649625,35.65552751024511,0 34.4691297628414,35.65548307963959,0 34.46878352668446,35.65537476922566,0 34.46866598395619,35.65537669417225,0 34.46844570442273,35.65543326832239,0 34.46831305484637,35.65549800935253,0 34.46813702596052,35.65547486987023,0 34.46794381637977,35.65541892015666,0 34.46779228063711,35.65533505558322,0 34.46771734585214,35.65523630059188,0 34.46766621169549,35.6550296858838,0 34.46770066761091,35.65469255832258,0 34.46777515660536,35.65453394598077,0 34.46795373038351,35.65445787412092,0 34.46806172435955,35.65430643972263,0 34.46808573778121,35.65416778669112,0 34.46807093550123,35.6539789503097,0 34.46801946698528,35.65384046232143,0 34.46782394235787,35.65367226655197,0 34.46773087020308,35.6534300775925,0 34.4676913278785,35.65337581497194,0 34.46754113607232,35.65329220940445,0 34.4669854608373,35.65325329425639,0 34.46668503459608,35.65326497590948,0 34.46618760883693,35.6534625796428,0 34.46612661379899,35.65344843843919,0 34.46601862753673,35.65337315456312,0 34.4656751294743,35.65322651090167,0 34.46530976376304,35.65313729500048,0 34.46506740162393,35.65300877371644,0 34.46478370222219,35.65279453091365,0 34.46473548493582,35.65278626462223,0 34.46444088187366,35.65283044947938,0 34.46429514142796,35.65291356557915,0 34.46424617344886,35.65285407569393,0 34.46395544519127,35.65284372445758,0 34.46376024655267,35.6528793449828,0 34.46362679717488,35.65293509535919,0 34.46355269947731,35.65293851586232,0 34.46338952183112,35.65288009740368,0 34.46330365303397,35.65279513424854,0 34.46329086287,35.65278247951863,0 34.46320974242653,35.6527254843102,0 34.46307463544095,35.65266851055443,0 34.46275123621096,35.65257863449578,0 34.46262990240809,35.65252934177845,0 34.46257752496561,35.65250806264093,0 34.46246795031258,35.65248512775987,0 34.46216302364456,35.65246121880055,0 34.46201619591687,35.65249071463263,0 34.46193221511481,35.65252093251178,0 34.46189477852759,35.65253622767418,0 34.46184869191897,35.6525550570417,0 34.46179784489799,35.65258617845804,0 34.46167070924831,35.65278358466853,0 34.46151241437889,35.65288421573857,0 34.46108595140586,35.65289444715944,0 34.46070802023709,35.65276385604768,0 34.46064974808552,35.65275047841417,0 34.46030962544307,35.65264081822785,0 34.46014343107546,35.65258120803748,0 34.4600876586749,35.65256283400619,0 34.45997139811371,35.65257414737653,0 34.45983778129044,35.65255547424463,0 34.45970665200502,35.65253714842617,0 34.4596535497016,35.65254365288826,0 34.45937166448927,35.65246496880322,0 34.45912831733359,35.65240896441072,0 34.45892730441967,35.65240813128162,0 34.45886701601034,35.65237481122139,0 34.45879399394483,35.65237956040336,0 34.45847940600273,35.65233641680641,0 34.45807566049268,35.65233069888082,0 34.45776047749521,35.65236074639703,0 34.45762969828228,35.65239178289078,0 34.45708985139714,35.65250795298549,0 34.45697522818891,35.65250766636949,0 34.45679230612449,35.65255138690576,0 34.45668257374199,35.65258492642788,0 34.45656442310871,35.65262103887239,0 34.45653382970168,35.65263969953349,0 34.45641898494442,35.6527097475594,0 34.45630561591029,35.65283213856352,0 34.4563405716885,35.65295661543908,0 34.45630567493219,35.65318643730324,0 34.45642899134521,35.65351358613163,0 34.45640538330258,35.65358487377848,0 34.45639410246901,35.65380234154774,0 34.45651185918282,35.65398116714665,0 34.45650011834572,35.65402114290543,0 34.45655100940121,35.65407266923155,0 34.45656099256546,35.65411625752343,0 34.45640965494467,35.65422842915888,0 34.45642292401517,35.6543226001539,0 34.4563827826946,35.65436734809059,0 34.45628372257696,35.65442200573061,0 34.45616641869512,35.65444944578516,0 34.45608407013937,35.65448453359582,0 34.45600971133803,35.65460153452853,0 34.45592784533896,35.65458218984319,0 34.45571420247185,35.65447185882039,0 34.45544811387099,35.65434901502177,0 34.45540601257051,35.6543466336464,0 34.45510981735434,35.6544325927297,0 34.45515485547104,35.65449076039361,0 34.4551503884777,35.65462184422359,0 34.45515460799433,35.65470743230858,0 34.45529035104095,35.65474984960696,0 34.45534732769222,35.65478155950549,0 34.45545338579969,35.65488648014955,0 34.45552821875663,35.65509413335225,0 34.45551138187837,35.65519274466018,0 34.45538737978097,35.65519337204848,0 34.45538224554001,35.65522480073064,0 34.45549407374424,35.65555101680773,0 34.4554751529105,35.65565242099213,0 34.45536753072298,35.65584894582978,0 34.45518965446724,35.65600660487809,0 34.45520603593377,35.65613957444476,0 34.45519553308731,35.65617711258934,0 34.45512674551724,35.65618052594997,0 34.45506771579912,35.65621227607975,0 34.45504556906093,35.65626725595147,0 34.4551164583979,35.65634979786165,0 34.45514927414464,35.65638554535219,0 34.45499177489231,35.65642514556832,0 34.45482507270449,35.65641629727335,0 34.45461237598106,35.65634200868677,0 34.45455631679636,35.6562856764174,0 34.45446627690436,35.65623035301762,0 34.45380421994333,35.65593698685093,0 34.45306658572482,35.65564743914253,0 34.45253782698803,35.65540309405431,0 34.45216592172385,35.65519161119152,0 34.45207795656308,35.65516192094958,0 34.45192158430711,35.65516198612916,0 34.45168209374325,35.65511498126588,0 34.45158872406662,35.65512278147725,0 34.4513463462319,35.65522833785425,0 34.45115579843284,35.65527447963478,0 34.45080284975638,35.65531519415723,0 34.4507126610786,35.65536664461953,0 34.4505538359989,35.65560801398416,0 34.45043780166569,35.65567911974836,0 34.4504157168851,35.6557535097994,0 34.45031529568456,35.65586121585784,0 34.45005292934561,35.65598046859116,0 34.45002170645985,35.65599714346639,0 34.44983317572059,35.65609783418077,0 34.44969663919913,35.6561562803954,0 34.44961512377817,35.65620320054908,0 34.44928062218791,35.65629725267582,0 34.44909550102092,35.65632241090767,0 34.4490495243352,35.65634101329567,0 34.44884106447543,35.65636287589862,0 34.4487013804566,35.65635552801987,0 34.44858954882411,35.65632516617167,0 34.44848775546171,35.65628865328337,0 34.44840514434476,35.6562598458549,0 34.44821334392118,35.65624327108996,0 34.44814219005247,35.65624806077814,0 34.44802061172387,35.65624395239378,0 34.44792978838776,35.65621917999935,0 34.4478629730568,35.65617380496705,0 34.4478390758255,35.65610847956142,0 34.4478551971533,35.65600945875971,0 34.44788250075463,35.65593677372433,0 34.44791276175693,35.65588196340376,0 34.44796034125538,35.65583415290843,0 34.44812491291179,35.65573017895144,0 34.44822131934365,35.65569761494727,0 34.44853143083589,35.65558599396833,0 34.44865788103035,35.65555353051771,0 34.44871759347543,35.65552791541891,0 34.44872703107124,35.65551529720496,0 34.44872043587844,35.65550279258421,0 34.4487092695846,35.65550083065592,0 34.44858387330944,35.65553600411739,0 34.44854527190658,35.65553942456563,0 34.44818136202924,35.65564221432697,0 34.44810776298016,35.65565294821682,0 34.44804921003685,35.6556771746849,0 34.44791774272985,35.65571281701303,0 34.44774862426367,35.65581738339763,0 34.44767387747906,35.65586554748472,0 34.44762605913898,35.65592014164811,0 34.44761478320402,35.65594575608817,0 34.44725561702978,35.65615518440935,0 34.44716037555191,35.6561866359401,0 34.44709009130317,35.65619317196691,0 34.44697581988499,35.65616916551652,0 34.44687850773281,35.6560923319294,0 34.44683831889671,35.65604419671066,0 34.44680825239766,35.65596071589496,0 34.44680613165907,35.65593075090743,0 34.44682866901925,35.65585518353431,0 34.44686871055989,35.65583474358814,0 34.44684260894427,35.65582713625803,0 34.4468064549506,35.65583628294435,0 34.44674181140102,35.65585946352989,0 34.44664279068126,35.65590967605276,0 34.44662998093639,35.65591075822906,0 34.44657858366638,35.65590465790269,0 34.44654721485161,35.655917995455,0 34.44642909328754,35.65603634099359,0 34.44634010072066,35.6560680430589,0 34.44629287276911,35.65607013254169,0 34.44625297825049,35.65605397579422,0 34.44621679484051,35.6560495590377,0 34.44598852134161,35.65612527018647,0 34.44586787069335,35.65615030981783,0 34.44583212350174,35.65616427294845,0 34.44569994897994,35.65617444338483,0 34.44554871462177,35.65616193124453,0 34.44547777948652,35.65611177279808,0 34.44541837649356,35.65607706998309,0 34.44539884405231,35.65604513028207,0 34.4453881304326,35.65598109349319,0 34.44542034768563,35.6558626807039,0 34.44542075271538,35.65576211847766,0 34.44545443895587,35.65568717274736,0 34.44555407815511,35.65560955164709,0 34.4456507569743,35.65557244328367,0 34.4457205150184,35.65552938636729,0 34.44577607215511,35.65544380740903,0 34.4457183024487,35.65536436842647,0 34.44565519066466,35.65530656466998,0 34.44562328988935,35.65529467281921,0 34.44550229423259,35.65529578926343,0 34.44543307874725,35.65529450046044,0 34.44533183588615,35.65528427997128,0 34.44527015932584,35.65525579406074,0 34.44520300332113,35.65524519135011,0 34.44516763790464,35.65526224815429,0 34.44512145713926,35.65533689675365,0 34.44508644711411,35.65544875945297,0 34.44505655197558,35.6554823603804,0 34.4449967346894,35.65551251807195,0 34.44482656015693,35.65553253986446,0 34.44468847192932,35.65551866662977,0 34.44450382343579,35.65544779968418,0 34.44422086246971,35.65534754350303,0 34.44407190811275,35.65524715309795,0 34.44404454227149,35.65524547784327,0 34.44402071222188,35.65527833255634,0 34.44402120194324,35.65531234119432,0 34.44404138217777,35.65533074488393,0 34.44405436883017,35.65536518945195,0 34.44405724283892,35.65541239515663,0 34.44406826122859,35.65543914512884,0 34.4440600052087,35.65555723417086,0 34.4440404165127,35.655615112253,0 34.44400567093879,35.65566349190937,0 34.4439531652258,35.6556974376256,0 34.44383944865917,35.65572354745682,0 34.44373410703592,35.65572176439786,0 34.44362184741264,35.65568649308737,0 34.44355601536449,35.65561393062151,0 34.44347020702866,35.65548004675428,0 34.44344322144229,35.6554696229971,0 34.44342679860934,35.655477761577,0 34.44341766047488,35.65551123854625,0 34.4434792404624,35.65561518900076,0 34.44349073613113,35.65569853102995,0 34.44349053949088,35.6557317196613,0 34.44345624980959,35.65587042835062,0 34.44342724247466,35.65593045874721,0 34.44339569434374,35.65595484770817,0 34.44330607463163,35.65596655209124,0 34.44312144011649,35.6559553087437,0 34.4429038187501,35.65591531258308,0 34.44265863246698,35.65581284624727,0 34.44252040768037,35.65570739829415,0 34.44229666722407,35.6557230212216,0 34.44219294290291,35.65572796861286,0 34.44203188796062,35.65571327060381,0 34.44186617345306,35.6556796111557,0 34.44173254916176,35.65562410696794,0 34.44163506363454,35.65557005894558,0 34.44149829359271,35.65546005284141,0 34.44147296418232,35.65545163119005,0 34.44145275445247,35.65545041853066,0 34.44144837896964,35.65546299000718,0 34.44149423457027,35.65557686311755,0 34.44149138473497,35.65558990209806,0 34.44142059741499,35.65564377565432,0 34.44141767299832,35.65566335671079,0 34.44136275756099,35.65569415599609,0 34.44134103578902,35.65569766047325,0 34.44124805876758,35.6556872240469,0 34.44114287836143,35.65566140798219,0 34.44113436382814,35.65566782035852,0 34.44113764994644,35.65570861882335,0 34.44113101492731,35.65572837135915,0 34.44106057573441,35.65577115711565,0 34.44092666631549,35.65581328564975,0 34.44073417959155,35.65585457563662,0 34.44061968810932,35.65586196218309,0 34.44057589433671,35.65585630545315,0 34.4404851252765,35.65582340209685,0 34.44039133448295,35.65580319541062,0 34.44010371526517,35.65570737876936,0 34.44001247444147,35.65566490864411,0 34.43973757328603,35.65557324332771,0 34.43961540351453,35.65555136829922,0 34.43936968744573,35.65555279807275,0 34.43934023084422,35.65555830077022,0 34.43866487655022,35.65541102636389,0 34.43849080640108,35.6553595382487,0 34.43820130181773,35.65526139270888,0 34.43786519861578,35.65506783274858,0 34.43781141200132,35.65504794571564,0 34.43769885227996,35.65496635416793,0 34.43721783522678,35.65474162193503,0 34.43716856339433,35.65470695898833,0 34.43705504329392,35.65459370425236,0 34.43701265990389,35.65452138458637,0 34.43697880192842,35.65447886896417,0 34.43697190148922,35.65444478175134,0 34.4369953596062,35.65442115701627,0 34.43702514086183,35.6543793662505,0 34.43700640552282,35.65434394134803,0 34.43693012803993,35.6543091121144,0 34.43691949705016,35.65428566167434,0 34.43694203794105,35.6542686557772,0 34.43694193370058,35.65426135788903,0 34.43691072568661,35.65425062795151,0 34.4367639902821,35.65423379447159,0 34.43666729946902,35.65421397183385,0 34.43665455950893,35.65421136064048,0 34.43653923775471,35.65415705438532,0 34.43650375565873,35.65415004157134,0 34.43626884678446,35.6539760486924,0 34.43606772017649,35.65378778237844,0 34.43599265808455,35.65368891943863,0 34.43597743183613,35.65362803938227,0 34.43598236852924,35.65358046719422,0 34.43601249965612,35.65354044253192,0 34.43610591745856,35.65353478165934,0 34.43616964201569,35.65355363348346,0 34.43620951499742,35.65357771035665,0 34.4363905110831,35.65366465507514,0 34.43642653620388,35.6536670416974,0 34.43646637202259,35.65365937819638,0 34.43646892300745,35.65364866177516,0 34.43645210967173,35.65362225147194,0 34.43638014719174,35.65358013795753,0 34.43628484891658,35.65353560534507,0 34.43625464614917,35.65350397162276,0 34.43617506456918,35.6534528454476,0 34.43610337101159,35.6534233918637,0 34.43608109951136,35.65341424224152,0 34.43602629587451,35.6533935265627,0 34.43596312472457,35.65338417523033,0 34.43571622680923,35.65330046250514,0 34.43558396707519,35.6532463383348,0 34.43556692341134,35.65323770127885,0 34.43543706410374,35.6531718953054,0 34.4354051548083,35.65313730671617,0 34.43539682371596,35.65313670396345,0 34.43539051257926,35.65316086390851,0 34.43538064360106,35.65316910171628,0 34.43534990601243,35.65317277747084,0 34.43530084861372,35.65320479655595,0 34.43521449328755,35.65321814670962,0 34.43509077548028,35.65320841525277,0 34.43496214140216,35.65317496486499,0 34.43485125270197,35.6531311684494,0 34.43475486568936,35.65308316519204,0 34.43462246043144,35.65296046820016,0 34.43462133773708,35.65294011086721,0 34.43463563731287,35.65292164804686,0 34.43467203917029,35.65290671880726,0 34.43467416075789,35.65289507205022,0 34.43465343830243,35.65288626600142,0 34.43462992727877,35.6528861414639,0 34.43459461013289,35.65290411657333,0 34.43459201251324,35.65289692679297,0 34.43458281312746,35.65289395505689,0 34.43453158453404,35.65291954412236,0 34.43449374473019,35.65292124764162,0 34.43445437191281,35.65293213140916,0 34.43440067979126,35.65293092438227,0 34.43431620349198,35.65291565608759,0 34.43422122778061,35.65286441545591,0 34.43421973709444,35.65283285829462,0 34.43416712175839,35.65280516263192,0 34.43414736321631,35.65280351257012,0 34.43407713636097,35.65281192478587,0 34.43405804211794,35.65279369751396,0 34.4340395601208,35.65277605416037,0 34.43391127192244,35.65273940542419,0 34.43379957706942,35.6526917711337,0 34.43358656781247,35.65254920057377,0 34.43345104553654,35.65242111119742,0 34.43340455438701,35.65233778538523,0 34.43341788037384,35.65229838318287,0 34.43350265980838,35.65227041605591,0 34.43378030508219,35.65229015871611,0 34.43392890622753,35.65232771028501,0 34.43407889127612,35.65232747334556,0 34.43423985733961,35.6522857781956,0 34.43448314616391,35.65224876103416,0 34.43462925229355,35.65219384096373,0 34.43465101035599,35.65212905660535,0 34.4346096254633,35.65205982799755,0 34.43461165256745,35.65204370140414,0 34.43471783455738,35.65193457508562,0 34.43473943686526,35.65187047390293,0 34.4347518309488,35.65144205819524,0 34.4347693440758,35.65139424425789,0 34.43475961582686,35.65134508761253,0 34.4346937534239,35.65127573339783,0 34.43461462481756,35.65118578976539,0 34.43450308353154,35.65111731310487,0 34.43437165313992,35.65107801295657,0 34.43420568698589,35.65106940385,0 34.43395146278349,35.65096356989198,0 34.43359252280243,35.65087203746931,0 34.43341476474571,35.65086721767265,0 34.43337774984859,35.65088228270347,0 34.43308447177934,35.65116248281421,0 34.4330242626132,35.65129143854701,0 34.43294500485093,35.65135061263785,0 34.4326394971066,35.65144590748486,0 34.43252124933909,35.65146079322305,0 34.43247214076265,35.65145847995008,0 34.43236862087797,35.65139867223208,0 34.43225885940694,35.65129657949534,0 34.43202605623993,35.65111046468289,0 34.43189071162228,35.65093600436698,0 34.43127907424617,35.65078498036097,0 34.43096685528723,35.65068634081653,0 34.43063464603502,35.65049100418202,0 34.43043922910756,35.65039475258983,0 34.43037775858535,35.65039577208679,0 34.43022381419095,35.65043905497105,0 34.43020800128226,35.65047739858633,0 34.43025961859208,35.65052935664227,0 34.43031643538543,35.65056569751165,0 34.43036285380787,35.65061682234269,0 34.43036775882213,35.65064439159173,0 34.43035214335459,35.65065696011779,0 34.43017024851972,35.65063882557772,0 34.42996531597728,35.65058730212253,0 34.42990451309772,35.65059568018765,0 34.42986055639213,35.65067800230826,0 34.42978530531398,35.65074127968084,0 34.42974935150021,35.65075173197574,0 34.42967417425438,35.65074091024432,0 34.4294970168398,35.65064696019463,0 34.4293113268581,35.65057254099489,0 34.4292321821114,35.65052079389598,0 34.42922494837951,35.65048818275912,0 34.42926301051138,35.6504026440038,0 34.42925231263809,35.65036648254272,0 34.4292096128613,35.65032608025265,0 34.42895044701012,35.65022512040967,0 34.42861908195578,35.65020788203128,0 34.42840568436392,35.65015597235552,0 34.42829523273059,35.65008425859894,0 34.42831723680361,35.65004493874449,0 34.42833469177528,35.65000289792644,0 34.42842614441734,35.64992842872149,0 34.42858982153557,35.64985571982511,0 34.42870585216738,35.64978413299185,0 34.42869318345762,35.64972625874159,0 34.4286230012885,35.64966780690356,0 34.42847200461397,35.64960308397349,0 34.42836581361803,35.6495834636946,0 34.42834103899298,35.64955640852028,0 34.42835004593194,35.64951536554006,0 34.42838661556431,35.64946900995349,0 34.42876475144476,35.64928469944167,0 34.42880753223348,35.64923874678991,0 34.42887254996852,35.6490508381428,0 34.42896509992821,35.64885531621741,0 34.42907117067929,35.64869833122643,0 34.42903010718509,35.64858732607986,0 34.42902545184605,35.64853766259076,0 34.4289974583824,35.64847302345906,0 34.42896839334061,35.64845211621352,0 34.4288877279953,35.6484519297366,0 34.42857130229255,35.64849300528293,0 34.42853111490538,35.64848324484034,0 34.42851105374245,35.64846087520406,0 34.42853367601654,35.64822686828819,0 34.42856155676616,35.64817799130989,0 34.42849313676447,35.64795431564396,0 34.42840906900841,35.64783357599023,0 34.42837782628928,35.64781821182243,0 34.4281916545244,35.64781622109631,0 34.42798702392723,35.64778540288744,0 34.42793938080589,35.64776696608771,0 34.42794959932162,35.64773189480015,0 34.42805349543054,35.64766007487151,0 34.4280566318686,35.64764255721119,0 34.42789104116785,35.64742153492818,0 34.42786623556977,35.6473430597103,0 34.42782759861753,35.64728357901047,0 34.42776092476036,35.64714812085189,0 34.4274990852381,35.64698947753397,0 34.42733012210939,35.64692795817344,0 34.42718558709513,35.64683906316668,0 34.42701405764959,35.64675570605771,0 34.42683897111752,35.64666018443732,0 34.42641627739395,35.64648613527381,0 34.42637350444799,35.64641334577883,0 34.42636126755263,35.6463062213953,0 34.42618945292244,35.64624242429446,0 34.42593884469147,35.64619284967866,0 34.42564786863078,35.64611685670353,0 34.42528050858913,35.64610568763613,0 34.42498826667647,35.6461810525964,0 34.42471336628229,35.64628617525849,0 34.42460982039285,35.64634303208896,0 34.42428434261745,35.64646149836345,0 34.42422298317073,35.64643029759512,0 34.42416009662559,35.64637103577721,0 34.4240559634595,35.64630662352747,0 34.42398754523756,35.64629481610881,0 34.42374818831919,35.64632091540439,0 34.42359826441785,35.64652845840853,0 34.42359565429237,35.64666287157674,0 34.42362376233787,35.64679747225497,0 34.42361621434185,35.64684033891141,0 34.42359726967285,35.64689665974357,0 34.42339468642675,35.64701032984564,0 34.42328228444257,35.64703942023805,0 34.42323693402916,35.6470213014374,0 34.42318983219525,35.64700248232518,0 34.42315659750639,35.64697664356758,0 34.42308832475303,35.64688560308244,0 34.42305263517015,35.64680377393648,0 34.42295547370228,35.64670001035432,0 34.4228873421777,35.64661889885784,0 34.42272527216976,35.64647065607966,0 34.42267557330964,35.64644259006102,0 34.42260919234303,35.6463823394853,0 34.42234218304724,35.64625685567507,0 34.42226437034483,35.64622675127359,0 34.42213360821398,35.64615927488823,0 34.42209875182536,35.64615110309408,0 34.42207663723436,35.64616131756168,0 34.42185522146729,35.64633279863019,0 34.42177400360076,35.64640032237293,0 34.42172824963093,35.64643060984676,0 34.42165476096615,35.64645622464161,0 34.4216156566932,35.64645657813471,0 34.42155867761092,35.64642857596509,0 34.42148661170048,35.64637813699698,0 34.42142405220283,35.64632319762815,0 34.42133874691048,35.64620438892062,0 34.42124301588518,35.64598069229699,0 34.42114438800817,35.64587592159894,0 34.42103517140897,35.64581682092704,0 34.4209732646061,35.64580804423159,0 34.42083110219682,35.64571401965996,0 34.42079225576569,35.64566456720952,0 34.42076926194369,35.64563529488291,0 34.42077152587106,35.64560776226832,0 34.42080481539671,35.64557186598422,0 34.42099947321589,35.6454204019193,0 34.42103390523184,35.64541330209302,0 34.42106359404524,35.64539436273675,0 34.42110754937337,35.64529551943723,0 34.42110615053326,35.64519640563706,0 34.42105285248763,35.64513442440525,0 34.42078274788911,35.64498104317028,0 34.4207209496722,35.64493577196189,0 34.42068201303249,35.64485931120539,0 34.42069397850885,35.64482297075557,0 34.4207018654451,35.6447628126292,0 34.42072499875977,35.64472664864857,0 34.42077715728883,35.64469475117841,0 34.42092123654778,35.64465253680302,0 34.42097473501432,35.64464898822969,0 34.42098421780619,35.64463855531126,0 34.42097973252911,35.64462039052916,0 34.42092749279261,35.64456327696902,0 34.42089346010631,35.64451490871049,0 34.42084830101911,35.64446683033662,0 34.42082035018246,35.6444025825115,0 34.42081942226831,35.64436626709303,0 34.42086545756732,35.64432647304677,0 34.42091865779517,35.64429306446048,0 34.42100554816233,35.64425901227703,0 34.42107253560582,35.6442232581269,0 34.42112021746867,35.64417377062161,0 34.42125036511756,35.64394754242544,0 34.42127304747237,35.64387435162309,0 34.42131140246266,35.64382104740685,0 34.42134139960715,35.64377049688248,0 34.42136188788446,35.64371331819191,0 34.42134405107139,35.64365814558126,0 34.42120881781791,35.64345059033487,0 34.4211071924927,35.64332488389811,0 34.42048576412893,35.64259790847301,0 34.42036649116925,35.64245454329696,0 34.42031420091135,35.64238049568042,0 34.4202867294612,35.64236097972031,0 34.42009142893331,35.64216048978253,0 34.41999618931096,35.64207444372959,0 34.41987886545355,35.64200831768319,0 34.41980696600646,35.6419643150337,0 34.41959329995596,35.64185622888104,0 34.41946791645471,35.64180323841099,0 34.41937802862943,35.64178450297021,0 34.41929273721606,35.64178425275499,0 34.4191379642734,35.64183773413136,0 34.41905430609723,35.6418403773181,0 34.4189360511078,35.64183329541171,0 34.41880166417509,35.6418328085763,0 34.41863103704301,35.64185878630376,0 34.41850710259006,35.64186193960095,0 34.41836163591098,35.64184288018986,0 34.41834930505033,35.64182398035419,0 34.41834533139946,35.64177818724119,0 34.41831841818792,35.64172818782072,0 34.41829663300136,35.64171752042324,0 34.41821867533587,35.64171579786584,0 34.41809923609147,35.64173321584845,0 34.41799113776179,35.64173826220341,0 34.41780456422132,35.64175453808327,0 34.4176276281019,35.64174594578978,0 34.4175638239991,35.64173531684685,0 34.41738696776478,35.64173249391694,0 34.4171986600147,35.64171415900896,0 34.41702966658287,35.64167867570806,0 34.41694637477212,35.64164310041471,0 34.41687999968438,35.641597529523,0 34.4168563084418,35.64156956600136,0 34.41682136979156,35.64142220924288,0 34.41678326927825,35.64134583101479,0 34.41677021126321,35.64127533799224,0 34.41673104562415,35.64118233442629,0 34.41671543482388,35.64116685897112,0 34.4166080299365,35.64116205434443,0 34.41652861009943,35.64119467803793,0 34.41647177852951,35.64114732285138,0 34.41643296427485,35.64113850557827,0 34.41638687569164,35.64114503099182,0 34.41628908818524,35.64121190960282,0 34.41611008146121,35.64124187927467,0 34.41602363808089,35.64123112457657,0 34.41588294600872,35.64125618404799,0 34.41581811051727,35.64129000209341,0 34.41579331548505,35.64129550728246,0 34.41568626562091,35.64135195155639,0 34.41561973078586,35.64140592054185,0 34.41559163591631,35.64147915955874,0 34.41553921356396,35.64156789389887,0 34.41549604519034,35.64160460423529,0 34.41544445620898,35.64175273868945,0 34.41543412363774,35.64184652633351,0 34.41534349641279,35.6418810320928,0 34.41529506525472,35.64192822888886,0 34.41528383156874,35.64198739864383,0 34.41529631442462,35.64204669343643,0 34.41533630276359,35.6421094772308,0 34.41532929843543,35.64211429197654,0 34.41528822564905,35.64209293484949,0 34.41526386845289,35.64219533464633,0 34.41525045012168,35.64245447265695,0 34.41518954180142,35.64270928490124,0 34.41516953393707,35.6427362833332,0 34.41489569623061,35.64276012769096,0 34.41479041030301,35.64278789002768,0 34.41476899822206,35.64280369793319,0 34.41460825700816,35.6428227927265,0 34.41432644465841,35.64290110777629,0 34.41430147192772,35.6428706939018,0 34.41429773027529,35.64284119419164,0 34.41436193541368,35.64276185985955,0 34.41436586251587,35.64274519120872,0 34.41432628645673,35.6426525296448,0 34.41430396443639,35.6426331257687,0 34.41411975406064,35.64258080162884,0 34.4140268489137,35.6425717048731,0 34.41381914158496,35.64250507764898,0 34.41379833356314,35.64247496625607,0 34.41390752967997,35.64237010888733,0 34.41398088550309,35.64232022809682,0 34.41398588740798,35.64229124306384,0 34.41397518504343,35.64226978214389,0 34.41394411640767,35.64224960758843,0 34.41388912927206,35.64224466817187,0 34.41383650184822,35.64220033021311,0 34.41377395796489,35.64210142480492,0 34.41376301066242,35.64206248442172,0 34.41368172169785,35.64190264154205,0 34.41369154923385,35.6418914354781,0 34.41384046076998,35.64185954796387,0 34.41392496805091,35.64183358506704,0 34.41418240095531,35.64176745638417,0 34.41435918968876,35.64170612350237,0 34.4144461723814,35.64164899141176,0 34.41446814996533,35.64161416789765,0 34.41448460306702,35.64151183854852,0 34.41442921332719,35.64144851434818,0 34.41433191481534,35.64139303464985,0 34.41427007247001,35.64137390021303,0 34.41422388926728,35.64137363414264,0 34.41417493283226,35.64135370574812,0 34.41410160239235,35.6414052842977,0 34.41401594167217,35.64140842875739,0 34.41402261343477,35.64137985220363,0 34.41414053843718,35.64130411134763,0 34.41419348724896,35.64122318159087,0 34.41421848371235,35.64116626473738,0 34.41421749658087,35.6411255374234,0 34.41418802132828,35.6411003414096,0 34.4141210444555,35.64107106781417,0 34.41410086900622,35.64102677788421,0 34.41412308493737,35.64100892655154,0 34.41412494580294,35.64099329336182,0 34.41396965142035,35.64089623864539,0 34.41404629129826,35.64084327305808,0 34.41405710780399,35.64081364114561,0 34.41403782331037,35.64077341706518,0 34.413943003146,35.64083528769051,0 34.41387015709807,35.6408620798214,0 34.41381770848886,35.64086017388443,0 34.41379888085726,35.6407635932494,0 34.41374682826724,35.64067104366855,0 34.41366930639374,35.64060180628879,0 34.41351235386412,35.64050493535329,0 34.41342863888224,35.64046868391828,0 34.41335109045977,35.64039741072838,0 34.41333147290797,35.64037674021264,0 34.41327761492887,35.64031998917204,0 34.41322472183872,35.6402861769531,0 34.41314686578107,35.64016330562738,0 34.41311363714046,35.64013746392987,0 34.41315279862616,35.6400820330534,0 34.41314540023944,35.63985091840933,0 34.41315921571905,35.63964931750693,0 34.41312137157144,35.63947219671606,0 34.41312131637504,35.63943858998287,0 34.41312807532199,35.63941620849626,0 34.41318782866153,35.63931612269023,0 34.41318979345374,35.63927816898696,0 34.41317667705963,35.63924773378143,0 34.41308575735668,35.63918701854612,0 34.4130179632394,35.6391288969681,0 34.41296409136299,35.63905486547756,0 34.41293561228554,35.63898196362267,0 34.41290922831018,35.63873200854395,0 34.41291530829979,35.63869087744255,0 34.41290845859108,35.63861761276924,0 34.41288455144516,35.63857411982357,0 34.41280215445695,35.63848679968732,0 34.4127599204545,35.63844204186201,0 34.41249981619882,35.63828685503385,0 34.41214973515583,35.63800415209952,0 34.41178502613585,35.63774636053825,0 34.4116595119327,35.63763613609656,0 34.41158859345791,35.63710176071883,0 34.41139316423173,35.63687062973512,0 34.41118903723926,35.63679098145094,0 34.4111069318337,35.63675030057741,0 34.41101844476739,35.63672936497472,0 34.41078536968924,35.63663968001811,0 34.41072795573156,35.63636397240183,0 34.41071894808846,35.63623545139071,0 34.41064498253859,35.63620176673794,0 34.41051999381158,35.63612887795152,0 34.4101928697553,35.63599940647941,0 34.40982563338854,35.63588709471131,0 34.40975357368919,35.63585288880321,0 34.40970945262404,35.63583194480396,0 34.40940564459165,35.63561122299114,0 34.40934879712343,35.63557620073375,0 34.40916684510875,35.63550947737022,0 34.40905556723218,35.63542000322089,0 34.40895870367414,35.63538156276426,0 34.40889268397376,35.63535165670706,0 34.40861131082593,35.63525436985679,0 34.40853283453993,35.63523210313843,0 34.40840079783396,35.63518222490423,0 34.40824840549951,35.63515156385453,0 34.40820867776774,35.6351610660555,0 34.40809558060177,35.63523864992203,0 34.4080564666827,35.63526237825952,0 34.40799762788697,35.63521140046041,0 34.40795164520167,35.63509982673769,0 34.40792809492678,35.63507835139426,0 34.40768445542666,35.6349949690603,0 34.407637075546,35.634991663693,0 34.40741040597883,35.63508313490575,0 34.40723074514155,35.63524076660975,0 34.40720513755964,35.6352504820205,0 34.4071402890738,35.635244960718,0 34.40703965263971,35.63520384192447,0 34.40698200284641,35.63508915332662,0 34.40692764714586,35.63488312016427,0 34.40690762900001,35.63484704283788,0 34.40684183283715,35.63480324213594,0 34.40676533270247,35.6347957910741,0 34.40664852058644,35.63481546691743,0 34.40653803937931,35.63487235773584,0 34.40638769894886,35.63501871547818,0 34.40623519619277,35.63515882381321,0 34.40606948413341,35.63524500604854,0 34.40570293617832,35.63536973801637,0 34.40546866785017,35.63535925890294,0 34.40516698888519,35.63522609612284,0 34.40502938095955,35.63512397629052,0 34.40491542633919,35.63502079900324,0 34.40452011758509,35.63492842297879,0 34.40444698152276,35.63490356871706,0 34.40419795960286,35.63487148145665,0 34.40409407977469,35.6348358099702,0 34.40397984708478,35.63483208115853,0 34.40380324800804,35.63479214252752,0 34.40374072256507,35.63471003239514,0 34.40362736940993,35.63471441772509,0 34.40292764487081,35.6345866202126,0 34.40268787737139,35.63457231354071,0 34.40252664793898,35.63459271808299,0 34.40230753310471,35.63454078647278,0 34.40203943471149,35.63442965586309,0 34.40178404580281,35.63431409310111,0 34.4017382211705,35.63429594631362,0 34.40164404312831,35.63424121197991,0 34.40161207722204,35.63424149566227,0 34.40120214078448,35.63441132335862,0 34.40110175486189,35.63441797258719,0 34.40092574469289,35.63439039245664,0 34.40090039981906,35.63437072195524,0 34.40084977721388,35.63433143062473,0 34.40078070926611,35.63435101680913,0 34.40069815028095,35.63438563041338,0 34.40065069082025,35.63442859589043,0 34.4005870248852,35.63448623103559,0 34.40055136308558,35.6345344910893,0 34.40047881105492,35.63470708971439,0 34.40044808623194,35.63473700965303,0 34.40040023904984,35.63475979613605,0 34.40037286598849,35.63476207191717,0 34.40034204730094,35.63475522839062,0 34.40031458341939,35.63472091101968,0 34.40031432319298,35.63461214896659,0 34.40029578424235,35.63459266056861,0 34.40021813841184,35.634592331291,0 34.40017150845611,35.63458325710021,0 34.40011251289238,35.63455057339971,0 34.39990121588247,35.63425342377585,0 34.39983356643768,35.63419540464726,0 34.39974774795947,35.63414466150825,0 34.39950406272656,35.63405719658637,0 34.39934424615356,35.63408961208546,0 34.39905859076051,35.63418581309055,0 34.39895679518647,35.63426448558176,0 34.39893150918276,35.6342674199366,0 34.39874744594672,35.63420236079133,0 34.39854909558908,35.63422480975049,0 34.39834494552762,35.63430547053055,0 34.39826272577648,35.63436481414485,0 34.39820913563471,35.63445270578082,0 34.39797295551262,35.63466783151858,0 34.39784482404642,35.63480000573367,0 34.39775255858184,35.63491356651388,0 34.39750281054492,35.63534905212229,0 34.39746196096009,35.63545766935942,0 34.39749405947595,35.63558715839256,0 34.39747008225398,35.63571493952303,0 34.39744872320188,35.63573173063109,0 34.3973684678582,35.63575310748228,0 34.397336913244,35.63578320389849,0 34.39715579367906,35.63625764108804,0 34.39714080995671,35.63640533359382,0 34.39714974777934,35.63669173697528,0 34.3971764963513,35.63685464775729,0 34.39716357253133,35.63691100750543,0 34.39679656571624,35.63745518937522,0 34.39662154798211,35.63792093182284,0 34.39651940414252,35.63804394943293,0 34.39645839466642,35.63805998705586,0 34.39643797318474,35.63806535553869,0 34.39630050696302,35.63806152928,0 34.3962286137459,35.63803319304345,0 34.39613355320646,35.6379579189603,0 34.39548765028473,35.63757444959094,0 34.39511034207389,35.63734893726389,0 34.3949035376814,35.63712945843226,0 34.39476348359887,35.63693342090548,0 34.39467678458481,35.63670194209246,0 34.39462055326838,35.63652848053371,0 34.39453086792412,35.6363992501476,0 34.39425737235282,35.63632723281768,0 34.39415340500837,35.63627793320545,0 34.39356568062633,35.63620778126023,0 34.39260510814275,35.6360724998334,0 34.39221312836301,35.63600086632023,0 34.39192806672443,35.63592339683246,0 34.39174982587775,35.63584174884783,0 34.39139230882896,35.63565209895216,0 34.3911721287077,35.63563452929717,0 34.39093320116194,35.63574579632809,0 34.3908217256342,35.63582408084046,0 34.3906183741526,35.63586422997739,0 34.39035826317119,35.63589030494479,0 34.3900198110254,35.63588472147963,0 34.38976833618662,35.63597569795566,0 34.38947582183604,35.63604893407992,0 34.38894244505099,35.63595341397347,0 34.38843900530315,35.63591112011979,0 34.38779992556052,35.63594181916755,0 34.38746133983418,35.63593043322435,0 34.3871596483272,35.63596535108446,0 34.38718068852504,35.6358970195006,0 34.38715352294899,35.63583897210066,0 34.38716260880744,35.63578160939553,0 34.3870869403598,35.63579113376785,0 34.3869278425747,35.6358077671753,0 34.38689043273681,35.63580405943916,0 34.38697196916153,35.6356197499581,0 34.38700178873017,35.63559079554692,0 34.38699558694942,35.6355791922067,0 34.38695208784461,35.63557217493491,0 34.38683954195459,35.63545748577986,0 34.3867976693419,35.63544888515653,0 34.38662700231405,35.63550328116703,0 34.38640559963768,35.63554377252292,0 34.38630966526028,35.63559930856587,0 34.38626128801688,35.63559704089147,0 34.38618367001666,35.63554571055759,0 34.38576029349949,35.63552071348315,0 34.38557428817944,35.63549812596499,0 34.38554379566968,35.63551811945324,0 34.38546562791185,35.63566765246095,0 34.38541969161516,35.63568329660711,0 34.38505235777768,35.6356587041271,0 34.38493107698486,35.63562837848242,0 34.38479424211699,35.63558563391205,0 34.38473973916766,35.63559477285494,0 34.38476406763599,35.63562893792908,0 34.38518659838608,35.63583328392321,0 34.38554326945815,35.63596198461185,0 34.38566628746551,35.63603892290213,0 34.38576117000498,35.63614748963052,0 34.38572396247794,35.63615857588948,0 34.38552148452322,35.63605632638916,0 34.38507841891671,35.63587726794055,0 34.3848656413764,35.63582532355046,0 34.38446234645232,35.6357463739365,0 34.38439255800032,35.63586172925665,0 34.38433449915083,35.63587478966516,0 34.38414303825209,35.63585493755179,0 34.38399292102418,35.63580513473526,0 34.38384617140618,35.63567998024992,0 34.38369333367726,35.63559164391001,0 34.38342861409986,35.63551773095238,0 34.38333580051667,35.63547998207288,0 34.38331443835705,35.63544430007934,0 34.38333761761518,35.63537146625727,0 34.3834080148549,35.63529642817632,0 34.38364370319128,35.63533652011686,0 34.38381420341124,35.63535027810172,0 34.38391239006021,35.63532591214593,0 34.38394242568906,35.63524514505248,0 34.38366404727794,35.6351363814688,0 34.3833604991547,35.63511571132866,0 34.38327549995947,35.6350868616879,0 34.38309022628263,35.63496523907033,0 34.38297671857048,35.63489072589934,0 34.38269933848346,35.63476709511524,0 34.38237912860814,35.63466924880871,0 34.38223549352691,35.63460769188021,0 34.38215537308903,35.63458072853604,0 34.38183299063038,35.63444528848456,0 34.38159886365649,35.63432670064006,0 34.38143743384884,35.63430235212925,0 34.38081424318368,35.63427388467702,0 34.38066827498894,35.63428735090145,0 34.38064903496183,35.63427701513275,0 34.38056323177992,35.63425709152465,0 34.38050240698352,35.63430302328472,0 34.38040872076562,35.6343140009072,0 34.38032783989763,35.6342896298319,0 34.38027787117995,35.63424855759897,0 34.38033074001726,35.63407546353187,0 34.38038072565668,35.63402623765004,0 34.38051754893415,35.63401217362532,0 34.38061877275687,35.63406686281278,0 34.38072297884938,35.63406470662015,0 34.3807260431454,35.63404729541897,0 34.38091119772896,35.63404867854046,0 34.38093669116625,35.63399667350385,0 34.38094432521529,35.63391698139294,0 34.38092088856673,35.63387279782484,0 34.38088625232711,35.63382938975412,0 34.38080386770502,35.63378605683964,0 34.38057238955441,35.63373995375058,0 34.38050234465738,35.63371853814254,0 34.38046885577195,35.6336984987916,0 34.38052349273557,35.63368230437685,0 34.38064093032104,35.63362025823346,0 34.38068660574579,35.63355955015832,0 34.38070423688014,35.63345164792734,0 34.38066890345656,35.63341807229194,0 34.38053863977726,35.63336499036371,0 34.3805409182099,35.63334938436158,0 34.38062065556099,35.63328973418501,0 34.38083174615264,35.63324114151366,0 34.38083737198092,35.63322754026019,0 34.38071745925912,35.63320283102562,0 34.38065373921776,35.63315797992252,0 34.38065271607535,35.63308276802595,0 34.3805627922512,35.63293877977007,0 34.38055084983631,35.6329196587748,0 34.38049384716685,35.63288017142376,0 34.38027573145749,35.63277838322248,0 34.38008282520536,35.63239311173829,0 34.3800207296004,35.63234553612097,0 34.3796051060259,35.63237489532708,0 34.37949356074013,35.63241584593451,0 34.37933143297369,35.63240098818261,0 34.37929180702937,35.63238743927062,0 34.37918061836312,35.63236299178017,0 34.37903020576671,35.63241579953381,0 34.37891077302545,35.63242632181833,0 34.37877587793858,35.63246001996477,0 34.37865711565037,35.63245867749114,0 34.37864476911572,35.6325279058633,0 34.3785954999623,35.63262998289493,0 34.37856939748968,35.63275625554667,0 34.37852739814346,35.63287385536806,0 34.3785470377861,35.63291366766706,0 34.37820094827681,35.63304948923226,0 34.37817206237568,35.63306261479649,0 34.3781513000885,35.63318477423675,0 34.37788133143022,35.63305564708246,0 34.37777865705977,35.63301621496898,0 34.37766043993136,35.63298062412776,0 34.37762774493126,35.63300176738375,0 34.37759227736993,35.63298454101979,0 34.37753214899612,35.63301217428253,0 34.37754243963363,35.63301826168582,0 34.37735243931795,35.63321371921896,0 34.37735022978752,35.63329572120337,0 34.37786375563076,35.63356574150426,0 34.3778835614314,35.63361775041305,0 34.37781158925477,35.63369901564911,0 34.37775658945314,35.63380724132512,0 34.37770752657347,35.63386323477453,0 34.37752625650077,35.63378416239431,0 34.37711736252743,35.63357559379491,0 34.37692420965587,35.63323233530659,0 34.37682777558643,35.63304071369677,0 34.37669022888664,35.63294025374086,0 34.37649857723002,35.6328300971819,0 34.37637837591753,35.6327227107971,0 34.37631227809766,35.63268601109908,0 34.37614600189707,35.63251803274111,0 34.37608405207846,35.63248095836645,0 34.37599389441088,35.63244582215959,0 34.37589173047754,35.63244399442379,0 34.37578662425046,35.63246997671666,0 34.37561784495167,35.63245449507153,0 34.37542022765454,35.6324555253463,0 34.37529904774657,35.63241500642038,0 34.3752700787817,35.63240532071532,0 34.3750317085697,35.63246294909927,0 34.37486139753759,35.63245696592477,0 34.37466911518099,35.63242271053251,0 34.3744790125429,35.63236539491877,0 34.37411606240861,35.63229872870219,0 34.37406417277192,35.63226868180475,0 34.37381007268555,35.63202284989917,0 34.3739598790924,35.63198631770015,0 34.37403063336045,35.63193759291229,0 34.37402436242994,35.63190376394368,0 34.37382253655405,35.63183909432605,0 34.37309553105478,35.63193075195568,0 34.37282344526152,35.63195139541695,0 34.37259128739067,35.63179279059681,0 34.37256554884311,35.6317920006089,0 34.37236364857186,35.63167297949919,0 34.37237328295375,35.63163677286119,0 34.37291125818001,35.63181307195914,0 34.37346295941796,35.63183745425861,0 34.3734692165941,35.63180893856202,0 34.37271576864048,35.63158944419999,0 34.37233446853543,35.63147836169886,0 34.37232247243129,35.63144053863277,0 34.37277926235395,35.63144676647354,0 34.37289002991951,35.6314594904417,0 34.37309403171668,35.63138950092333,0 34.37313027435816,35.63139850580759,0 34.37311422926632,35.63124854590375,0 34.3730737532743,35.63120992463311,0 34.37276838407344,35.63119459996031,0 34.37263246565585,35.63121406765451,0 34.37247892512298,35.63121325870073,0 34.37244390771629,35.6311757610588,0 34.37252237866617,35.63097885041194,0 34.37260698348898,35.63089510736914,0 34.37304062394358,35.63093965244027,0 34.37304407050867,35.63088744249444,0 34.3726148620727,35.63086352790881,0 34.37264404281462,35.63081075702772,0 34.37269440008764,35.63078897671601,0 34.37325583797536,35.63084023610764,0 34.37350048139258,35.63076201015633,0 34.37360286271171,35.63066898812328,0 34.37367949759589,35.63047180477546,0 34.37362579522202,35.630341669297,0 34.37357569801292,35.63008517888444,0 34.37359414228764,35.62999395310875,0 34.37356723847205,35.62995767007025,0 34.37292535807535,35.62962929424929,0 34.37280516889764,35.6295836405384,0 34.3722515816657,35.62955327330404,0 34.37164111039837,35.62931413318489,0 34.3714521639684,35.62958818204053,0 34.37139818428417,35.62983396107835,0 34.37128987058843,35.63005310217804,0 34.37128367721381,35.63008636123128,0 34.37125744651564,35.63011166054633,0 34.37120357112475,35.63011890078416,0 34.37112362793979,35.6301019697021,0 34.37109653081519,35.63012456608226,0 34.37108315172007,35.63011773459233,0 34.37104891040346,35.63004145319893,0 34.37097059571766,35.62999130231547,0 34.37083899120026,35.62986876112156,0 34.3708231614304,35.62983399710168,0 34.37075485809981,35.6297873173062,0 34.37074456441397,35.62970134250855,0 34.3707858136612,35.62968133576183,0 34.37086186069547,35.62971727552912,0 34.37105275713041,35.6297780865934,0 34.37114562851796,35.62981037476596,0 34.37129142808865,35.62986063145579,0 34.37130540565196,35.62985034677349,0 34.37127944568415,35.62977263821017,0 34.37138675549843,35.62954063057771,0 34.37153021884951,35.62928052656836,0 34.37154864249206,35.62919972606942,0 34.3714943997332,35.62908862291921,0 34.37135799465164,35.62892702085808,0 34.37131063981217,35.62879324754822,0 34.37129023929726,35.62857961306617,0 34.37110474759651,35.6285477358468,0 34.37107947869459,35.62852118604798,0 34.37116324787397,35.62832936292895,0 34.3709426132244,35.62763851792608,0 34.37087548744604,35.62754361235494,0 34.37045457582994,35.62712955391527,0 34.37002389570944,35.62659417409272,0 34.3699821271822,35.62653152193997,0 34.36983182200359,35.62641799020574,0 34.36970360191434,35.62635161384721,0 34.3696483769243,35.62632955552486,0 34.36958116068079,35.62630270638206,0 34.36942518838895,35.62621035126915,0 34.36936176828912,35.62614187151346,0 34.3692124652338,35.6259806559111,0 34.36918062891339,35.6259639562113,0 34.36903717419153,35.62593633215234,0 34.36883648892651,35.62585929740796,0 34.36864552806145,35.62576316787559,0 34.36837922650464,35.6256755320493,0 34.36829542585363,35.62564803601806,0 34.3680196445895,35.6254922066402,0 34.36771020893883,35.62536993381659,0 34.36744469721771,35.6253145409104,0 34.36722957541124,35.62525999133372,0 34.36711097984225,35.62522502418445,0 34.36700437691085,35.62521575338799,0 34.3668789154538,35.62522701341215,0 34.36666835368452,35.62528177615057,0 34.36654204896293,35.6253541484446,0 34.36643829586711,35.62537133169867,0 34.36637390911475,35.62540854745559,0 34.36637624341265,35.62552055465387,0 34.36633487005675,35.62559898853451,0 34.36622481157571,35.62558024173725,0 34.36593377886614,35.62557149173761,0 34.36585145528004,35.62552980145836,0 34.36578568166278,35.6255256120078,0 34.36567308615169,35.62556595519197,0 34.36566220678787,35.6256230809005,0 34.36559983128672,35.62581032642812,0 34.36562269398204,35.62590246804555,0 34.36561596282598,35.62595887889051,0 34.3655844605133,35.62602908123144,0 34.36546581996432,35.62599071706424,0 34.36541668092046,35.62598638570947,0 34.36537117723064,35.6260071967999,0 34.36528871727108,35.62636973073214,0 34.36526616434494,35.62642491854233,0 34.36517389678431,35.62649224595473,0 34.36502642065115,35.62666120943131,0 34.3649210291155,35.62668044228587,0 34.36481378666047,35.62662364841441,0 34.3648103194583,35.6266752789447,0 34.36483231421573,35.62676471236658,0 34.36479264868174,35.62684652589475,0 34.36464515653652,35.6269523465083,0 34.36455479123163,35.62697552392209,0 34.36445948469252,35.62694035523993,0 34.36417250789909,35.62681788202801,0 34.36409980023573,35.62685516648809,0 34.36405152654105,35.62679107900863,0 34.36370923694481,35.62670030801037,0 34.36364433569366,35.62663704128932,0 34.3635889882874,35.62654178189357,0 34.36343300780071,35.62651052481369,0 34.36331657138251,35.62645041341109,0 34.36306583584729,35.62636293299768,0 34.36284842784918,35.62627924146662,0 34.36268137620099,35.62616660305047,0 34.36254866381636,35.62619557360549,0 34.36248045727315,35.62619615586706,0 34.36239945669963,35.6261733015428,0 34.36229624907464,35.62610674787007,0 34.36222882823105,35.62610392788858,0 34.36202940622327,35.62605878167999,0 34.3618451758831,35.62609226435123,0 34.3617700890647,35.62609473461304,0 34.36154169032777,35.62604121539714,0 34.3611509057983,35.62605608922002,0 34.36107554469282,35.62609375784483,0 34.36103560563906,35.62614329853361,0 34.36075527046435,35.62626895767738,0 34.36064437088217,35.62624915360306,0 34.36056633707641,35.62626136108825,0 34.36045836880965,35.62633696543182,0 34.3603364124933,35.62636176815536,0 34.36010942477895,35.62637049058957,0 34.36000167126618,35.62633745967199,0 34.35980300059749,35.62628619259895,0 34.35978517883408,35.62625986542977,0 34.35962109988181,35.62618250292858,0 34.35945256284072,35.62620770165229,0 34.35930028284827,35.62620424432065,0 34.35916749491452,35.62616531527056,0 34.35878962775019,35.62608841346535,0 34.35871898140289,35.62609308756834,0 34.35845823311881,35.6260654310213,0 34.35828364856225,35.62607370409997,0 34.35814948710944,35.62605651229484,0 34.35808541260136,35.62605502036104,0 34.35788753656954,35.62612595548746,0 34.35783173534104,35.62612099766619,0 34.35774690204853,35.62605993334387,0 34.35769844939711,35.62604473370866,0 34.35762222458865,35.62606778169486,0 34.35747601056208,35.62608260318408,0 34.35715177549664,35.62616004053381,0 34.35689572065303,35.62617239921065,0 34.35670013322481,35.62616523290672,0 34.35657343053399,35.62614593923084,0 34.35653891331289,35.62611500042555,0 34.35646170878429,35.62600193080995,0 34.35637663086428,35.62573295737715,0 34.3563375208214,35.62551296937826,0 34.35632487705008,35.62546211346069,0 34.35631250748116,35.62543605062098,0 34.35625730919531,35.62534931731355,0 34.35618074364482,35.62524290145687,0 34.3561738123821,35.6252128911698,0 34.35618183584163,35.62519103738215,0 34.35623964562439,35.62513412218424,0 34.35630744943077,35.62505524175072,0 34.35632323970313,35.62503810507875,0 34.35636074584414,35.62497757189401,0 34.35637325095747,35.62491703903131,0 34.35635669297153,35.62473522017221,0 34.35646116397098,35.62464674840579,0 34.35659688036972,35.62459331776193,0 34.35666369362119,35.62455065521749,0 34.35668516892405,35.62447689995172,0 34.35669954353052,35.62442753324958,0 34.35679324025214,35.62419108867839,0 34.35680862964455,35.62409726164073,0 34.35679074950109,35.62403511887078,0 34.35669982428245,35.62392233367931,0 34.35656549631253,35.62379854534178,0 34.35646615933036,35.62373953422428,0 34.35628980259684,35.62372755874373,0 34.35627714262022,35.6237266990956,0 34.3562206021077,35.62367668798213,0 34.35616948202442,35.62365318114934,0 34.35602380068809,35.62361197565281,0 34.35587481907336,35.62361450618428,0 34.35569471226153,35.62366924313778,0 34.35556456402823,35.62374572814364,0 34.35547349617069,35.62384278416653,0 34.35516062464252,35.62395248918266,0 34.35498073137992,35.6240819708072,0 34.3546290658092,35.62419263626408,0 34.35445508296801,35.62418270789538,0 34.35423673588215,35.62422193040204,0 34.35411162017645,35.62415140974482,0 34.35407764596631,35.62410608821038,0 34.35406259124007,35.62390731119913,0 34.35403689254957,35.62384228355047,0 34.35393081808242,35.62374436234606,0 34.35377352888556,35.62370578556594,0 34.35373029423423,35.62366434425228,0 34.35378621311417,35.6236087600823,0 34.35376150863995,35.62356019340183,0 34.35366620291529,35.62351349082444,0 34.35359886321636,35.6234101744183,0 34.35359411816243,35.62334496888319,0 34.353605317214,35.62321941560277,0 34.35353602203221,35.62311931697199,0 34.35336629729807,35.62302066753149,0 34.35297541561508,35.62292452189676,0 34.35288713346157,35.6229392034849,0 34.35279857983684,35.62299189482015,0 34.35275031498569,35.6230980898977,0 34.35273719090225,35.62345483445079,0 34.35263758411598,35.62355196172693,0 34.35259707128899,35.62365745773904,0 34.35255455713641,35.62367048597399,0 34.35236361911109,35.62366956551565,0 34.3521593476891,35.62354080020335,0 34.35205898102653,35.62340482270339,0 34.35191413676829,35.62325084967578,0 34.3518365601032,35.62315223091964,0 34.35169612515541,35.62302211388402,0 34.35160844693301,35.6229652101943,0 34.35144776540812,35.62290448855269,0 34.3510334095881,35.62273513243582,0 34.35088828320056,35.62285291184011,0 34.35061657232301,35.62281814745769,0 34.35052923907699,35.62278721143466,0 34.35029798795424,35.62267197307604,0 34.35008343732294,35.62264591001875,0 34.35002901954953,35.62266838163053,0 34.34996927467105,35.622706148616,0 34.34985345131249,35.62277936574745,0 34.34979619106317,35.62281556275994,0 34.34975515377305,35.62282287663307,0 34.34971524963894,35.62279850863374,0 34.3496855444656,35.62260618942825,0 34.34963784365324,35.62246153096913,0 34.34946534619971,35.62232869181087,0 34.34913352214297,35.62217882507274,0 34.34906477034559,35.62208565284717,0 34.34903837804325,35.62208524183762,0 34.34876194676659,35.6223099115385,0 34.34875304501516,35.6223410260676,0 34.34886964234759,35.62247243556686,0 34.34883670952176,35.62250565324548,0 34.34859285466402,35.62255268110588,0 34.34852668524199,35.62259631347082,0 34.34837854935687,35.62260389479501,0 34.34817726215768,35.62270060642205,0 34.34803759233755,35.62258522639988,0 34.34797318977674,35.62248017681529,0 34.34787021951271,35.62252811765435,0 34.34792073045852,35.62261028127698,0 34.34803650155328,35.62273789844223,0 34.34818907942655,35.62283163187108,0 34.34813582062662,35.62297144015628,0 34.348069262099,35.62322094829548,0 34.34786292844642,35.62317074026853,0 34.34764476541334,35.62310606301063,0 34.34733333567784,35.6230313999385,0 34.34716454513089,35.62300304707453,0 34.34682026527543,35.62290902249111,0 34.34663353415826,35.62287385139911,0 34.34636706635552,35.62279500784077,0 34.34623403229377,35.62277078731483,0 34.34600897789586,35.62271313275148,0 34.34592671146338,35.62271319037361,0 34.34598415443543,35.62265506291813,0 34.3461594448837,35.62258771271049,0 34.34619774490717,35.62254938333885,0 34.34601436110427,35.6225325531456,0 34.34596556374915,35.6225399308107,0 34.34595369025232,35.62252229434851,0 34.34597806340555,35.62248724981293,0 34.3462449503586,35.62218538438433,0 34.34647763953745,35.62211565009888,0 34.34662593353315,35.62212010560572,0 34.34679423737679,35.62217063374719,0 34.34686108244765,35.62217830678665,0 34.34703100565385,35.62223389054949,0 34.34706398343548,35.62220384076285,0 34.34701192276667,35.62214029958766,0 34.34685755300688,35.62208712038123,0 34.34644749950842,35.62200758231145,0 34.34639453100137,35.62199282509629,0 34.34640350934315,35.62196741121004,0 34.34645364993572,35.62194418511871,0 34.34676336921552,35.62193591369498,0 34.3470848661018,35.6218451297108,0 34.34713147001715,35.62184790622584,0 34.34728777516184,35.62193020820264,0 34.3473653681098,35.62198783264121,0 34.34737031638399,35.62195105117969,0 34.34727195324001,35.62184862426948,0 34.34720443941116,35.62179028140129,0 34.34706010950697,35.62179212800378,0 34.34699702734734,35.62177555546557,0 34.34698115547297,35.62174908285322,0 34.34699486453995,35.62172933087936,0 34.347083246479,35.62172225367557,0 34.34710159606032,35.62170119524944,0 34.34708068515749,35.62164562792763,0 34.3471271045457,35.62157555721414,0 34.34714856225334,35.62146658090106,0 34.34713533869391,35.62143486132867,0 34.34713497975373,35.62134871443102,0 34.34715583914286,35.62122374843923,0 34.34715098276949,35.62114967547128,0 34.34716553455578,35.62107607220961,0 34.34720605229985,35.62097057876632,0 34.34726525223424,35.62063371719883,0 34.3472255841538,35.62056817099114,0 34.34720799215368,35.62029339947485,0 34.34718879145347,35.62013203097476,0 34.34718042028408,35.61979130253555,0 34.34728789862036,35.61958452612891,0 34.34735986412233,35.61939198470045,0 34.34740758975958,35.61918571066138,0 34.3474336967703,35.6189878536959,0 34.34748073870367,35.61890637680307,0 34.34746639478701,35.61887799090702,0 34.34739706454206,35.6187993928836,0 34.3473317394597,35.61867135044421,0 34.3473146081182,35.61854923726449,0 34.34729535298663,35.61837730122945,0 34.3473067605514,35.61789494550556,0 34.34750160270234,35.61760445204533,0 34.34747662945865,35.6175349823669,0 34.34742760134237,35.61746571414758,0 34.34738767369431,35.61733459914149,0 34.3473848192771,35.61730570619005,0 34.34733176439195,35.61676876945405,0 34.3475435976136,35.61658943864017,0 34.34754738141717,35.61656162233699,0 34.34741042046456,35.61650042785382,0 34.34743980270768,35.61627316227543,0 34.34743765130226,35.61623590772314,0 34.34731941462036,35.6159577013542,0 34.34731239059255,35.61592862070068,0 34.34728196061588,35.61588753843512,0 34.34727707739186,35.61570596398571,0 34.34731544020772,35.61553012453778,0 34.34730563905575,35.61547938172674,0 34.34720619490641,35.61524099968454,0 34.34713101843374,35.61495429935376,0 34.34705243383503,35.61478689748822,0 34.34701784643593,35.61468214828026,0 34.34683992711286,35.6142844956291,0 34.34678592637809,35.61402946722552,0 34.34675866642677,35.61391381463179,0 34.34669391991042,35.61353621837007,0 34.34653301779704,35.61291750058346,0 34.34633715646071,35.61229162156142,0 34.34619659881148,35.61195667774943,0 34.3461364347196,35.61173761661902,0 34.34611000772686,35.61155893328777,0 34.34599948599947,35.61129828027802,0 34.34575385282191,35.61086392147582,0 34.34567264233209,35.61074872157785,0 34.3455851795969,35.61060002867267,0 34.34548852868031,35.61038381525761,0 34.34532093467455,35.61007333306817,0 34.34515801430186,35.60979452716285,0 34.34500920439642,35.60962966614523,0 34.3448407964057,35.60950935379888,0 34.34472192745203,35.609459911954,0 34.34463394368134,35.60939423974178,0 34.34431907812604,35.60911865149649,0 34.34402956532655,35.6089282538383,0 34.34387833896525,35.60887363839453,0 34.3435992400038,35.60876681060005,0 34.34329322827507,35.60863057499658,0 34.34319758884744,35.60856947532021,0 34.34300986430775,35.60850624950379,0 34.34288542682827,35.60842160981748,0 34.34276372901786,35.60831155917136,0 34.34273804033568,35.60828832807906,0 34.34268653978515,35.60818647960993,0 34.34245427846976,35.60793965941237,0 34.34232847095388,35.60782940534968,0 34.34230944250796,35.60777986166239,0 34.34237522266018,35.60763707624825,0 34.34237825698374,35.60760084075053,0 34.34233215698661,35.60754078901452,0 34.34225530910791,35.60746796563158,0 34.34210926419429,35.60735873799889,0 34.34188669051756,35.6071607767142,0 34.34152234744639,35.60679287990274,0 34.34146535387517,35.60675576714127,0 34.34122100395912,35.60640130307308,0 34.34109357589952,35.60621644969626,0 34.34100139934856,35.60604919381674,0 34.34086147051136,35.60584195959058,0 34.34081878776447,35.60579907240613,0 34.34077397231464,35.6057640183348,0 34.34062588917168,35.60573816249327,0 34.34053840235417,35.60568535880772,0 34.34044065497283,35.60536054532759,0 34.3404056023316,35.60531551012063,0 34.34032828607639,35.60525962618232,0 34.34009414928769,35.60519280676073,0 34.34000768828724,35.60519404959676,0 34.33976196252215,35.60524142788756,0 34.33962047325029,35.6053293551483,0 34.33945939695277,35.605456783119,0 34.33942029244045,35.60535235833105,0 34.33939704236005,35.6051783027571,0 34.33935987433111,35.60504471424789,0 34.33935619212082,35.60493376980261,0 34.33937760316996,35.60491401144471,0 34.33956643722501,35.60483302500852,0 34.33973183433904,35.60473370053678,0 34.33973092280552,35.60460045521634,0 34.33970133261429,35.60428978994153,0 34.33966448430832,35.60416631367087,0 34.3395980435569,35.60407768908861,0 34.33939726584535,35.60393492147659,0 34.33915084887625,35.60370082171032,0 34.33898487296775,35.60352636498119,0 34.33877587735746,35.60335630379846,0 34.33870913417206,35.60327896941275,0 34.33841818840865,35.60306426400976,0 34.33834530849767,35.60288193702333,0 34.33833239881166,35.60284964053645,0 34.33825449456248,35.60278306650532,0 34.33805681659975,35.60271073872723,0 34.33797904640067,35.60267028959748,0 34.33776727969938,35.6026060281316,0 34.33771795702186,35.60246886619569,0 34.33769373581178,35.60235803880784,0 34.3373836674964,35.60212158395368,0 34.33709045356477,35.60198352538615,0 34.33704292037684,35.60197658233512,0 34.3369856258438,35.60198704813784,0 34.33678275661484,35.60209331422291,0 34.33655927345842,35.60211229734805,0 34.33643422529042,35.6019613212784,0 34.33608282475138,35.60199765924133,0 34.33593664613604,35.60204530738803,0 34.33586797590817,35.60217784537687,0 34.33565158044964,35.60239749636383,0 34.3355290700502,35.60242379220021,0 34.33534999208687,35.60220959845517,0 34.33536975926981,35.60194106207929,0 34.33514534528552,35.60179255217617,0 34.3349934987858,35.60179383364782,0 34.33481800626627,35.60169933245501,0 34.33478682083287,35.60160759182624,0 34.33497359895367,35.60149269666013,0 34.3351041796725,35.60128082301659,0 34.335186200745,35.60122898400757,0 34.3351879258412,35.60119246841902,0 34.33510460028093,35.60108307678093,0 34.33493347550287,35.60075057788492,0 34.33490635497258,35.60072682736296,0 34.33433469979038,35.60048156122377,0 34.33394028119471,35.60033560836582,0 34.33358618376771,35.60029491930961,0 34.33327107096554,35.60021462100458,0 34.3328835453204,35.60016285647473,0 34.3323426188634,35.60005773812421,0 34.33194167042401,35.60002395489221,0 34.33180295191627,35.59999411631049,0 34.33175265847726,35.60000783148671,0 34.331775522025,35.6002662906654,0 34.33175153060341,35.60030318391637,0 34.33143897882259,35.60045777654244,0 34.33135714181594,35.60056139824829,0 34.33112477943337,35.60071531128015,0 34.33096843378053,35.60087679564192,0 34.33095871824479,35.60089131229562,0 34.33047009719858,35.60118936294504,0 34.33015484178453,35.60156440672288,0 34.32999103780323,35.60167992142563,0 34.32962579585091,35.6019581795904,0 34.32946899590244,35.60208505598456,0 34.32942804154668,35.60209086134883,0 34.3293631446,35.60216943356819,0 34.3293046273268,35.60224028187447,0 34.32906021804487,35.602439191275,0 34.32893778833769,35.60251455220595,0 34.32880982596083,35.60253716474358,0 34.32869458712914,35.60254107540034,0 34.32856888930456,35.60253299375681,0 34.32855720408259,35.60254628820076,0 34.32848305397334,35.60272947742053,0 34.32845758798843,35.60276048303469,0 34.32825570466815,35.60285937604442,0 34.32812353275073,35.60288994281606,0 34.32805512370106,35.60289226595874,0 34.3279644978744,35.6028850949213,0 34.32775586631698,35.60285760217064,0 34.32757568128232,35.60286366224966,0 34.32756292509794,35.60287740550975,0 34.32756750826275,35.60289979276486,0 34.32764589523417,35.60297059178347,0 34.32769048059747,35.60301086084527,0 34.32773173799161,35.60305495455621,0 34.32776265734346,35.6031422603992,0 34.32783569715001,35.60350988036689,0 34.32780988802428,35.60357838832157,0 34.32770292163851,35.60369308339923,0 34.32759683695022,35.60378060651629,0 34.32748921918178,35.60388756947066,0 34.32736725338739,35.60403867365471,0 34.32711010322342,35.60416895703656,0 34.32691262018172,35.60421458540687,0 34.3268575236993,35.60421305258608,0 34.32679287453104,35.60412728779353,0 34.32673277321645,35.60399432800919,0 34.32671659270052,35.60389840129177,0 34.3267345745502,35.60376393997482,0 34.32670990588229,35.60373848876836,0 34.32645259744068,35.60356755988607,0 34.32627398527154,35.6034268360232,0 34.32626841319424,35.60333327452418,0 34.32628605216657,35.60326773273846,0 34.32639639254143,35.60310396422406,0 34.32638364405999,35.6029809880113,0 34.32638052025548,35.60295085363848,0 34.32635353498105,35.6028231294891,0 34.3262591865978,35.60273220804289,0 34.32623863225057,35.60268895933271,0 34.32621048295916,35.60248599818586,0 34.32624852441488,35.60220294984577,0 34.32619775879914,35.60204087361709,0 34.32603213064782,35.60173383574423,0 34.32604216814141,35.60170760496707,0 34.32607531553128,35.60167694701598,0 34.32607125346886,35.60165454404569,0 34.32586887267539,35.60146623950296,0 34.32575802942338,35.60144874271386,0 34.32556938061647,35.60122334661531,0 34.32552991238139,35.60115064087712,0 34.32547743330672,35.60094649791278,0 34.32544922930335,35.60093243127585,0 34.32528075660897,35.6008943180687,0 34.32510284270122,35.60082249227953,0 34.32483733320411,35.60078716157903,0 34.32464019402541,35.60074189031737,0 34.32461564208528,35.60071733051845,0 34.32456663128077,35.60064593433798,0 34.3245410624481,35.60057667599197,0 34.32454079190143,35.60052282957738,0 34.32457365215338,35.6004645650867,0 34.32463961835599,35.60040011179058,0 34.32471837147471,35.60033763854064,0 34.32470055728483,35.6000410972057,0 34.32467434576986,35.60002469944627,0 34.32453604235045,35.59998701504981,0 34.32450706039293,35.59996481655486,0 34.32450056106734,35.59994133266297,0 34.32449968760237,35.59991538236643,0 34.32451978859473,35.599883212633,0 34.3245517653695,35.59986898081154,0 34.32463051185234,35.59987449335141,0 34.32467920797262,35.59988993193295,0 34.32480562322903,35.59997742523778,0 34.32481936886904,35.59997764812627,0 34.32486381361512,35.59990400505828,0 34.32485605927887,35.59983043303317,0 34.32474643049631,35.59967028669125,0 34.32473421755071,35.5995535617667,0 34.32472934941593,35.5993483866211,0 34.32463969120849,35.59924881600837,0 34.32460540138534,35.59918046556653,0 34.32460494720794,35.59914527364205,0 34.3248035817474,35.59900373968079,0 34.32489350064473,35.59887277665091,0 34.32492784722702,35.59877834616508,0 34.32493559589217,35.59871053125042,0 34.32489804774626,35.59863516885901,0 34.32483063327471,35.59853145583467,0 34.32476630940772,35.59857761992916,0 34.32460788432476,35.59866401972089,0 34.32449684827871,35.59866423721006,0 34.32447021956887,35.59864465712677,0 34.32434996722344,35.59851032838588,0 34.32416253223075,35.59834996770016,0 34.32399245784892,35.59794749420207,0 34.32388040744629,35.59783950339922,0 34.32376553184217,35.59773971705722,0 34.32373906949473,35.59769999000017,0 34.32363774087962,35.59749589150839,0 34.32371110606692,35.5974115801673,0 34.32378686593295,35.59731509257902,0 34.32382783483718,35.59721501622685,0 34.32383405984496,35.59714763448034,0 34.32378678966229,35.5970448621275,0 34.32361707669465,35.59683311420091,0 34.32359058100285,35.59670046838745,0 34.32359946446026,35.59663704281915,0 34.32363634192622,35.59657162798967,0 34.32368872434381,35.59653229835151,0 34.32402590547181,35.59638607838401,0 34.32421014375125,35.59628939440326,0 34.32425898129108,35.59627879240834,0 34.32432310498972,35.59627870593604,0 34.32432609491261,35.59620855408997,0 34.3242968430936,35.59611724169762,0 34.32408428488461,35.5960721604577,0 34.32353823228594,35.59591727906827,0 34.32339526410861,35.59588520076807,0 34.32323301637705,35.59585156934671,0 34.32315235583913,35.59581915710255,0 34.32305295815362,35.59575861489375,0 34.3230226604801,35.59574016077191,0 34.32300244406365,35.59571239588368,0 34.3229574480263,35.59557182003682,0 34.32294938454008,35.59553054879884,0 34.32292600778392,35.59547132853447,0 34.32290293803425,35.5953507028828,0 34.32289279904697,35.59532612865532,0 34.32287205996376,35.59518546039902,0 34.32286793780558,35.59504346060293,0 34.32288888525151,35.59496727505503,0 34.32295143366836,35.59483532508562,0 34.32301535018996,35.59475071231969,0 34.32305565979533,35.59471216351427,0 34.32320687056191,35.59459964173156,0 34.32320184608398,35.59456146450895,0 34.32312566172597,35.59451339142863,0 34.32309612271891,35.59450808649741,0 34.32305233097972,35.59451091150846,0 34.32285649953011,35.59458474333649,0 34.32268595412058,35.5946027859159,0 34.3225500478353,35.59460212994101,0 34.32240473142754,35.59458517142627,0 34.32192183516235,35.59445480039443,0 34.32179460295133,35.59441386477102,0 34.32165216436959,35.59441842563603,0 34.32160930535482,35.59440180689604,0 34.32155318940942,35.59433905556814,0 34.32151111185653,35.59378203641535,0 34.3214799093389,35.59372431123413,0 34.32144436640132,35.59365553370657,0 34.32140115092055,35.59361115904142,0 34.32134475767652,35.59356854932905,0 34.3212170630201,35.59350830140573,0 34.3210995689799,35.59346352342123,0 34.32092143924636,35.59337934083397,0 34.32070913283785,35.59321376200366,0 34.32059167424433,35.59310728546025,0 34.32036299920733,35.59286841903862,0 34.32016652866833,35.59260450207037,0 34.32001973492576,35.59240652937748,0 34.31997332638618,35.59235058450691,0 34.31991459307108,35.5922139999284,0 34.31988291396826,35.5921190042331,0 34.31987631371343,35.59207930023675,0 34.31984659578854,35.59198553490063,0 34.31980893200156,35.59189887110347,0 34.31979235899173,35.59187332970313,0 34.3197218419852,35.59177915226758,0 34.31962227052423,35.59169465076672,0 34.31940444241294,35.59158939286645,0 34.3193044499152,35.59155128005337,0 34.31916798232258,35.59150957927613,0 34.31903289317241,35.59146829225477,0 34.31891221946223,35.59146961849662,0 34.31874115565199,35.59150038062385,0 34.318650669005,35.59151950062576,0 34.31847359348819,35.59158261226861,0 34.31831675717192,35.59164316346149,0 34.31810019297728,35.59167640072354,0 34.31796011326968,35.59165482541462,0 34.31783086477597,35.59159543349886,0 34.31770770313818,35.59152811948114,0 34.31738663381075,35.59127209617044,0 34.31717272595309,35.59117399601732,0 34.31711419773728,35.59114327272064,0 34.31706120621028,35.59111590827044,0 34.31685714032496,35.59095866549079,0 34.31654837480308,35.59064095189559,0 34.31629111849317,35.59042137209468,0 34.31609645541072,35.59022037441802,0 34.31603516229894,35.59016781975287,0 34.31588824834997,35.59007189577529,0 34.31571415296998,35.58995822331013,0 34.31559993933806,35.58986190137834,0 34.31549255409616,35.58968852704557,0 34.31547713743484,35.58967777834376,0 34.31541081592518,35.58959884870995,0 34.31524144563492,35.589401192061,0 34.31520550359936,35.58936847734996,0 34.31507494499835,35.58928165864943,0 34.31505062881129,35.58927071049445,0 34.31496777668279,35.58921136157893,0 34.31486838702091,35.58911730155926,0 34.31484726738363,35.58910615355304,0 34.31478726633094,35.5890607176241,0 34.31471291944522,35.58903687200932,0 34.31454539557488,35.58903646892374,0 34.31441644560895,35.58901456703594,0 34.31425151112175,35.58893577859673,0 34.31414077379174,35.58890053466508,0 34.31401862677265,35.58891255199764,0 34.31390176543147,35.58891515556559,0 34.31384535580754,35.58891235390295,0 34.31369329407785,35.58885681211817,0 34.31364497897846,35.58884788095364,0 34.31357381248127,35.58888373837775,0 34.31355947641354,35.58892519682586,0 34.31356161974779,35.58904038732203,0 34.3135581115792,35.58908485872942,0 34.31354380377085,35.5891285222574,0 34.31349037889166,35.58917801612697,0 34.31335406822463,35.58923864447608,0 34.31314194004701,35.58926097774206,0 34.31294888024414,35.5892354846498,0 34.31286733110771,35.58919846959765,0 34.31284135515463,35.58917356228772,0 34.31281516761585,35.58913191090762,0 34.31280854044731,35.5890951250492,0 34.31282985201702,35.58899161083166,0 34.31288618925505,35.58890240290704,0 34.31299615531241,35.58883369119678,0 34.31306980560723,35.58879918057262,0 34.31310430236089,35.58876792200424,0 34.3131396111965,35.58871991091119,0 34.313203854718,35.58858923428993,0 34.31325553440749,35.58848579553305,0 34.31324056388057,35.58833060344269,0 34.31319874941286,35.58811638993915,0 34.31307212671381,35.58796872419619,0 34.31279850548248,35.5877305849121,0 34.31265165978528,35.5876027793369,0 34.31258888024273,35.5875706986217,0 34.31243311688289,35.58755091438599,0 34.31213231512936,35.58750446815571,0 34.31179027620127,35.58741965534619,0 34.31163384816475,35.58734759501246,0 34.31147912723853,35.58727891545974,0 34.31139595780181,35.5872782316163,0 34.31127587130886,35.58731722648257,0 34.31116875342597,35.58732963705782,0 34.31093865913578,35.58741569374743,0 34.31083648987214,35.58749052758829,0 34.3107643508211,35.5875725882027,0 34.31067064876117,35.58772475645728,0 34.31061268313199,35.58794045810254,0 34.31054469683632,35.58808766541629,0 34.31043448481816,35.58824947269371,0 34.31035208166934,35.58830921042566,0 34.31027261705427,35.58833837052941,0 34.31009406989458,35.5883581468223,0 34.30981183995438,35.5883991326857,0 34.30962397326426,35.58840540500494,0 34.30934241431454,35.58836830241017,0 34.30914885652707,35.58838480477997,0 34.30872628649978,35.58844185901243,0 34.30854853622476,35.5884589115624,0 34.30836127784488,35.58844752496083,0 34.30823007258568,35.58839698252216,0 34.30814024620285,35.58833049083661,0 34.30801456682426,35.5881909595766,0 34.30791423772389,35.58808313529475,0 34.30754297775365,35.58759523985887,0 34.30745722953778,35.5874567437746,0 34.30740736894784,35.58713124256381,0 34.30744473154102,35.5869951474111,0 34.30749984668772,35.58688199418346,0 34.30761816632298,35.5867690086345,0 34.30772695460831,35.58669140728249,0 34.30781287309167,35.58664658064285,0 34.30785236539884,35.58661299275042,0 34.3078561755619,35.58651994365642,0 34.3078321088454,35.58645835199021,0 34.30768930486234,35.58634526808877,0 34.30761953709753,35.58628642273418,0 34.30745758258952,35.58617145630986,0 34.3073496553064,35.58612004743947,0 34.30723930492698,35.58613994844151,0 34.30712921274657,35.58618021691515,0 34.30705671121551,35.58623376148397,0 34.30691380209556,35.58650650086552,0 34.30687568438183,35.58657696409153,0 34.30668861549967,35.58704605922257,0 34.30663142954791,35.58712731807672,0 34.30656711362157,35.5871706118498,0 34.30649995697303,35.58718676958278,0 34.30636333922519,35.58716818038431,0 34.30611627179606,35.58709616434141,0 34.30589205921746,35.58705587607762,0 34.30582028386957,35.58703540653563,0 34.30571106940952,35.58694801996847,0 34.30548513409936,35.58677127205873,0 34.30544661669055,35.58668467404488,0 34.30544661551453,35.5866188141691,0 34.30547844175529,35.58643931157795,0 34.30555043598051,35.58608227357704,0 34.30557449594389,35.58594628611412,0 34.30556212470244,35.58588867342508,0 34.30543193665616,35.58572065955028,0 34.30531033795663,35.58564016260684,0 34.30513613202079,35.58554243620647,0 34.3049219622188,35.5854409577161,0 34.30473725608348,35.58530189796919,0 34.30464365643819,35.58519944792083,0 34.3045018451859,35.58503288367902,0 34.30439080051562,35.58486607277965,0 34.3042685802009,35.58473601552388,0 34.30419976361155,35.58468632550352,0 34.30412638554249,35.58467062012526,0 34.3040505473756,35.58465765052394,0 34.30396509324156,35.58460741577954,0 34.3039109167198,35.58453180723328,0 34.30389765574036,35.58446944889933,0 34.30390598024985,35.58440420099292,0 34.30394208998811,35.58433329714205,0 34.30410005349987,35.58416568037477,0 34.30416576681183,35.58410132825443,0 34.30420150105326,35.58403348457868,0 34.30420038105697,35.58401075238028,0 34.3041992631216,35.58398801114684,0 34.30416718158145,35.58394990766466,0 34.30407129194509,35.58389653144429,0 34.30394698799632,35.58386477119146,0 34.30386464064282,35.5838301261721,0 34.30369361206854,35.58378601101621,0 34.30360094499385,35.58372776246514,0 34.30342596875909,35.58359805142958,0 34.30338843728543,35.58355625741322,0 34.30312650747815,35.58339269387723,0 34.30278265248525,35.58317341775416,0 34.30270951579841,35.58314124907768,0 34.30248065182008,35.5829708799217,0 34.30243209935399,35.58293473666966,0 34.30235770467464,35.58291458892599,0 34.30226707902812,35.58290931796243,0 34.30173415070404,35.58291374970324,0 34.30142183002219,35.5828567560207,0 34.3011974319496,35.58278824222918,0 34.30128259575587,35.58266543196962,0 34.30127561823306,35.58266260974133,0 34.30131768833458,35.58264386700687,0 34.30164958957368,35.58218064102115,0 34.30172865154601,35.58191778563295,0 34.30117594390975,35.58171580074493,0 34.30126256316509,35.58152692733618,0 34.30108936765023,35.58143249161088,0 34.30099456393446,35.58138080002983,0 34.30123629474699,35.58111901517609,0 34.3011047772702,35.58102237559226,0 34.30113226062575,35.58089186492915,0 34.30135080453086,35.58070697199565,0 34.30047318131938,35.58011025208486,0 34.30009857651878,35.57995309596211,0 34.2992606465471,35.5794740055291,0 34.29939400142161,35.57928100915611,0 34.29894194444846,35.5791315231795,0 34.2986719952652,35.57907650521543,0 34.29738727827596,35.57843642700491,0 34.29676358423876,35.57816684788939,0 34.29692486760572,35.57770248964907,0 34.29708980116332,35.57687541138628,0 34.29765224333368,35.57698086808679,0 34.29778820026029,35.57651583502886,0 34.29830761581554,35.57662604201313,0 34.2985506194691,35.57610731562226,0 34.29824676066818,35.57583249418102,0 34.29870154257461,35.57528122968393,0 34.29779074010673,35.57482737094839,0 34.29792611579082,35.57462379510032,0 34.29779066074427,35.57455623467234,0 34.29785781609046,35.57421736612174,0 34.29797317481404,35.5742439964617,0 34.29799358281817,35.57420445170641,0 34.29800593694376,35.57418051349877,0 34.29801359169421,35.57406988346194,0 34.29765074867311,35.57390293819714,0 34.29768963979661,35.57373623931775,0 34.29769314139128,35.57367018651065,0 34.29773166569264,35.57356159354659,0 34.29786465629495,35.57351561194704,0 34.29797514675609,35.57356753109787,0 34.29804834622639,35.57347626099481,0 34.29781230330703,35.57319736055597,0 34.29788111051897,35.57309908362676,0 34.29773236959979,35.57300169992159,0 34.29775847797386,35.57284654957475,0 34.29804000015849,35.57305729413964,0 34.29832019909655,35.57315976864863,0 34.29852275667053,35.57316603956605,0 34.29895967262456,35.57309293004089,0 34.29931359937709,35.57314726318199,0 34.29935959459412,35.57312135882876,0 34.29966153864967,35.57324037826538,0 34.2997993628394,35.57323749237828,0 34.29997995078756,35.57329675972414,0 34.30014921053224,35.57331034300894,0 34.3003685027084,35.57336401268084,0 34.30037470732097,35.57347488266714,0 34.3006785918969,35.57348824471591,0 34.30068130479097,35.57335793463016,0 34.30061494403211,35.57321586484409,0 34.30061171086014,35.57295179341406,0 34.30066654468674,35.57285627037081,0 34.30068782113725,35.57248283788981,0 34.30091290984868,35.57204259576692,0 34.30145861243748,35.57175114821447,0 34.30173317069101,35.57148128216186,0 34.30182498105249,35.57123932246544,0 34.30224681858898,35.57121122094392,0 34.30217616609588,35.57089488251353,0 34.30221971122267,35.57075719508061,0 34.3022211533922,35.57069908203049,0 34.3021321098953,35.57046388321925,0 34.30206410795061,35.57018801717845,0 34.30208295224045,35.57014384710335,0 34.30231584398648,35.57007260943784,0 34.30255950447511,35.56999807708609,0 34.30255932773921,35.56991588434634,0 34.30249250502235,35.56975272095183,0 34.30238320137949,35.56963044736801,0 34.30230959687105,35.56956320869385,0 34.30229798836809,35.56955260363,0 34.30227092967309,35.56931304175973,0 34.30221620687098,35.5690661179753,0 34.30229135826039,35.56889138852353,0 34.30230100007417,35.56886220316318,0 34.30232057703672,35.56880294242374,0 34.30229944396689,35.56873531704748,0 34.30228442068506,35.56868723993454,0 34.30225696922808,35.56861859137836,0 34.30223716823489,35.56849197356922,0 34.30229532436081,35.5683993276732,0 34.30234366026912,35.56832232569978,0 34.30233852086375,35.56817428138481,0 34.30229114318342,35.56805837025919,0 34.30228388091356,35.56804060272685,0 34.30218936113251,35.56788670143228,0 34.30228843377756,35.56783738444988,0 34.30232998145646,35.56781670211045,0 34.30253033460338,35.56741665567042,0 34.30242516940041,35.5673115461272,0 34.30242157376372,35.56708605001799,0 34.3022783497138,35.56701497964576,0 34.30216560209497,35.56695903210215,0 34.30216807183719,35.56691704150672,0 34.30217219969639,35.56684684405519,0 34.30205284554241,35.56671832020115,0 34.30201290684593,35.56657287514763,0 34.30192386550183,35.56648139388387,0 34.30201394202215,35.56645421389453,0 34.30217816435101,35.56625082277107,0 34.30227014590721,35.56634588346397,0 34.30231127260219,35.56638838724108,0 34.30251428933759,35.56644028775529,0 34.30268177746193,35.56623280045908,0 34.30228275561951,35.56606858131762,0 34.30226670684993,35.56606541009882,0 34.30191542814003,35.56599600640076,0 34.30198481351071,35.56570185830031,0 34.30226337136683,35.56579337867715,0 34.30232912464356,35.56581498097508,0 34.30243925683587,35.5656649169601,0 34.30448115921535,35.56592447312766,0 34.30489996607449,35.56592035918671,0 34.30498456315393,35.566054928166,0 34.30516325497471,35.56621957381554,0 34.30524165388985,35.56625486482926,0 34.30530617637933,35.56624077511533,0 34.30537370654054,35.56620157413447,0 34.30543365231641,35.56608514184889,0 34.30543850648908,35.56600780921923,0 34.3053952260177,35.56592815888175,0 34.30550510811577,35.56596047887758,0 34.3056879293657,35.5659888101227,0 34.30588907670835,35.56609089332606,0 34.30597535295902,35.56609221898692,0 34.3060986994663,35.56607289955987,0 34.30625460082324,35.56600313840305,0 34.3063119457665,35.56594503684737,0 34.30636262151616,35.56588427760441,0 34.30932888707244,35.56583782519776,0 34.31088308791526,35.56684539927799,0 34.311404329159,35.56718896397168,0 34.31508351930251,35.56955777758559,0 34.3156234339483,35.5698516150583,0 34.32217065162862,35.57341442750366,0 34.3235318132662,35.57399358437389,0 34.3270260729708,35.57548023859772,0 34.327948748181,35.5758938717409,0 34.32901621742149,35.57638174512984,0 34.33334680776384,35.57836082708895,0 34.33335888872935,35.57834730067913,0 34.33745376809136,35.57387635353304,0 34.34222901004622,35.5686617686907,0 34.34356627901694,35.56719630164331,0 34.34377827301902,35.56701334979423,0 34.34382072935602,35.56678348082082,0 34.34387006815918,35.56669751720051,0 34.34426330676158,35.56636856068624,0 34.3442205211439,35.56631046838006,0 34.34418839769995,35.5661753857672,0 34.34410423905888,35.56608616462381,0 34.34388975004753,35.56599812706491,0 34.34359887141031,35.56580706829315,0 34.34323976039448,35.56541959810006,0 34.34297842718737,35.56541436708163,0 34.34272589161152,35.56557856324289,0 34.34253675396643,35.56564119516376,0 34.3424035432546,35.56566673886896,0 34.34226331692009,35.56566250891991,0 34.34219028492791,35.5656263883879,0 34.34191696941333,35.56549121011072,0 34.34161084493807,35.56542059063111,0 34.34140606313793,35.56542708038224,0 34.34108112464164,35.56537695995259,0 34.34098242607725,35.56537712158168,0 34.34060693236932,35.56552540936159,0 34.34046343427651,35.56552459433932,0 34.34034543610778,35.56550729179128,0 34.34003616976407,35.56538516719912,0 34.33996598032795,35.565344404643,0 34.33976614498086,35.56502269296723,0 34.33968517158691,35.56472099016088,0 34.33961264308428,35.56456159574983,0 34.33950325628199,35.56437336127416,0 34.33939151943747,35.56419599319751,0 34.33925204095024,35.56411988555426,0 34.33893215042442,35.56387919587541,0 34.33853559998141,35.563740857806,0 34.33823817235338,35.56350540098524,0 34.33796400562127,35.56340331289551,0 34.33786441990474,35.56339873303253,0 34.33767382532569,35.56347696445813,0 34.33746004817969,35.5636238704431,0 34.33737835243111,35.56365642924089,0 34.33727551820616,35.56365730062952,0 34.33660203426873,35.5635253717604,0 34.33625953664267,35.56359403832744,0 34.33616481578708,35.56358060229,0 34.33583184827837,35.56348510943287,0 34.3355847765846,35.56336109070125,0 34.33526464538784,35.56316582108894,0 34.33498406821444,35.56301564172298,0 34.334803230429,35.56301310194047,0 34.33404688595077,35.56308322754703,0 34.33388485257007,35.56299374330725,0 34.33347950991694,35.56314293768138,0 34.33310414245253,35.56336713769722,0 34.33293557405653,35.56341669941541,0 34.33266412728381,35.56346373828164,0 34.33223199834048,35.56339687069853,0 34.3320172255958,35.56333427110021,0 34.33170562743233,35.5631572257611,0 34.33147645654358,35.56300524811864,0 34.33130737269374,35.56301413107491,0 34.33100755958565,35.56304784605738,0 34.3308069537841,35.5631220818803,0 34.33067852417522,35.56313197787798,0 34.33041336171773,35.56308539373513,0 34.33029415560668,35.56303758048688,0 34.33011850673999,35.56292040763284,0 34.32992775208918,35.56272335534049,0 34.32971818942552,35.56261324702984,0 34.32949584634801,35.56247612509375,0 34.32927479373942,35.5623098379928,0 34.32916593007318,35.56216091290023,0 34.3289745027221,35.56204183668818,0 34.32883488204419,35.56198302357185,0 34.32865528275988,35.5619073691856,0 34.32841445269216,35.56177122675298,0 34.32827826279919,35.56170878272954,0 34.32822827219934,35.56170449286453,0 34.32790800917837,35.5616663602628,0 34.32773125137411,35.56166156399614,0 34.32760118745099,35.56170426272493,0 34.32743819508526,35.56180140524607,0 34.32713598961222,35.56197743408038,0 34.32681515197478,35.56212300259849,0 34.32659618093798,35.5621978472595,0 34.3264443868698,35.56219284018102,0 34.32614377530736,35.56211371612317,0 34.32598764745859,35.56191641079108,0 34.32579241383753,35.56181677827937,0 34.3256248559506,35.56177971518231,0 34.32517623009183,35.56176698662945,0 34.32510937938158,35.56179659355134,0 34.32473823313828,35.56206582786511,0 34.32458480571415,35.56208359785068,0 34.32423520174074,35.56192637642105,0 34.32393750628617,35.56192651174279,0 34.32367533584839,35.56207943084817,0 34.32342450214374,35.56206425694815,0 34.32332449009127,35.56197638465856,0 34.32312676189851,35.56190738396653,0 34.32258275260213,35.56156258842363,0 34.32252681452592,35.56154342926923,0 34.32236640029895,35.5615400590827,0 34.32212194043866,35.56157350161693,0 34.32204652471327,35.56160945827847,0 34.32195874718458,35.56173187100296,0 34.321906192353,35.5618296542652,0 34.32182106798376,35.56193398994601,0 34.321642530082,35.56209405751655,0 34.32132095868455,35.56233539167469,0 34.32126072982454,35.56235708919026,0 34.32093872362147,35.56233308450913,0 34.32070864352404,35.56236483447602,0 34.32027857339187,35.5626078547683,0 34.32013504821648,35.56257293890489,0 34.32005665435855,35.56260106881101,0 34.31985117550034,35.56260356573436,0 34.31968000157428,35.56258458090596,0 34.31952881509267,35.56262823133979,0 34.31937536503224,35.5626444258568,0 34.31901757290237,35.56275416897128,0 34.31849031801544,35.56290535822423,0 34.31837590266533,35.56297146834034,0 34.31814878764348,35.56308718713409,0 34.31807484920638,35.56308780185597,0 34.31789259144159,35.56310423378044,0 34.31755623568568,35.56316198211339,0 34.31731136065267,35.56308551367588,0 34.31727647881821,35.56306068193771,0 34.31727204250442,35.56301283171977,0 34.31726497796019,35.56298541398878,0 34.31676298415101,35.56254289797539,0 34.31636497252631,35.56235308423665,0 34.3163268825467,35.56222465421975,0 34.31613580560852,35.561917720624,0 34.31602696564075,35.56185507940402,0 34.31994119550049,35.55955108639746,0 34.32878430841014,35.55427416237568,0 34.32986772300841,35.55363670760337,0 34.32986223386534,35.55333370390079,0 34.33006448882316,35.55335075255486,0 34.33037211487805,35.55344948701058,0 34.33080107958522,35.55348472188976,0 34.33105093528599,35.55352801192036,0 34.33142898885326,35.553654138727,0 34.33178223134581,35.55387361484876,0 34.33199882103668,35.55338217983026,0 34.33183700652782,35.55334352415039,0 34.3314413744292,35.55324282188637,0 34.33110342454813,35.5531909068722,0 34.3307856120608,35.55318274950121,0 34.33043146019354,35.55313761321457,0 34.33016263013186,35.55301595164039,0 34.32999618037727,35.55287485802801,0 34.32996039830893,35.55263692193181,0 34.32934868812475,35.55221717941321,0 34.32932160716509,35.5522035913069,0 34.32919587518867,35.55214050280486,0 34.329184927966,35.55200613832979,0 34.32890293490414,35.55199000857947,0 34.32873268902483,35.55188887299062,0 34.32865122718047,35.55184047961839,0 34.32864291486244,35.55177751321315,0 34.32872933120976,35.55163875717146,0 34.32884502063107,35.55145299821756,0 34.32888374002614,35.55130330637612,0 34.32897588483944,35.55123264439662,0 34.32925590826432,35.55054530129151,0 34.32909906032123,35.5505017103298,0 34.3290018055781,35.55043931975798,0 34.3289406779129,35.55046763813057,0 34.3287117194937,35.55032678909667,0 34.32868807421192,35.55031224277806,0 34.32859651895681,35.55005526144615,0 34.32852358957682,35.54994752374559,0 34.32831124270282,35.54979436071559,0 34.32825340244985,35.5495720858289,0 34.32821645125811,35.54954385426169,0 34.32807433431516,35.54948317114721,0 34.32792280232279,35.54946398224678,0 34.32791045817989,35.54959717134243,0 34.32801775199155,35.54960244530843,0 34.32808342346677,35.5497268763349,0 34.32820458509958,35.54989840817883,0 34.32838330516271,35.550023314068,0 34.32844063921512,35.55008398019208,0 34.32846061983474,35.55014833308987,0 34.32844163128765,35.55021978114969,0 34.32804328131581,35.55001849981712,0 34.32788496241335,35.55023702987879,0 34.32780141068454,35.55026688076405,0 34.32760735450659,35.55011391250996,0 34.32732469271871,35.55017180019178,0 34.32718941914553,35.55006352861379,0 34.32709307072048,35.54975871092052,0 34.32701249073808,35.54957599807158,0 34.32686980206398,35.54947253757524,0 34.32638768610667,35.54922233425815,0 34.32624863609687,35.5493904622768,0 34.32631967355702,35.54954337209159,0 34.32632294874191,35.54960174447805,0 34.32624453373356,35.54958062609883,0 34.32617212281612,35.54951124906865,0 34.32569859308747,35.54928134600814,0 34.32570585371016,35.5491407279677,0 34.32545420380479,35.54903132399855,0 34.32516288299634,35.54887673248499,0 34.32516011826203,35.54873211847653,0 34.32460704608783,35.54852048513621,0 34.32434420041169,35.54838162761394,0 34.32415528933574,35.5482398188029,0 34.32371477786017,35.54786739177967,0 34.3236830863261,35.54798375450027,0 34.32363781779579,35.54795490712007,0 34.32360573762087,35.54791780893588,0 34.32353195968928,35.54774590534031,0 34.32365621268523,35.5473409085249,0 34.32328191485332,35.54725825668871,0 34.32322677036746,35.54736122070206,0 34.32304528727188,35.54696606869043,0 34.32305357695635,35.54690217336587,0 34.32341396805564,35.54656596384388,0 34.32313895992561,35.54620039693339,0 34.32323322115392,35.54616367584752,0 34.32330444215204,35.5460198440256,0 34.32335362489941,35.54596853398021,0 34.32347397308326,35.54589358299527,0 34.323783587668,35.54586333700227,0 34.32379643799679,35.54595422847735,0 34.32406893417346,35.54619385035793,0 34.32419223895597,35.54634024370783,0 34.32430240495141,35.54656075639688,0 34.32447453061729,35.54675294555471,0 34.32458520399959,35.5468247423134,0 34.32495840629136,35.54701197173065,0 34.3252925956087,35.54757569350673,0 34.32527360729814,35.54770961337465,0 34.32545889867917,35.54801577750672,0 34.3255081430261,35.5481552768513,0 34.32557764981468,35.54819412066243,0 34.32608339172014,35.54859557052442,0 34.32624147750396,35.54866971293574,0 34.32635317387064,35.54881755288841,0 34.32654186230371,35.54894238436678,0 34.32669499022767,35.54883254376858,0 34.32650476693625,35.54871723147496,0 34.32651368131054,35.54870018596603,0 34.32645167535419,35.54860084914286,0 34.32632285386762,35.54847758866441,0 34.32644295712812,35.54838430204676,0 34.32641539937158,35.54812648048135,0 34.32605483066845,35.5478281337832,0 34.32606706418161,35.5477485903641,0 34.32581505159531,35.54730136628726,0 34.32564653852098,35.54737940968499,0 34.3255437020834,35.5472722431406,0 34.32542144748317,35.5470803455076,0 34.3254301743826,35.54698724867119,0 34.32551484459692,35.54685485534053,0 34.325516529375,35.54679440682642,0 34.32519465297995,35.54684037138531,0 34.32517246954588,35.54673529307389,0 34.32542928406529,35.5466721798137,0 34.32533336531986,35.54652285773178,0 34.32506452060577,35.54649439360612,0 34.32500459778167,35.54630201052813,0 34.32485819888245,35.54610690591754,0 34.32482274996756,35.5459421741714,0 34.32485452114586,35.54570765585662,0 34.32485246553929,35.54549173647285,0 34.32475624058465,35.54519506354622,0 34.32436354177629,35.54522731609252,0 34.32420630632846,35.54534058222401,0 34.32395684022323,35.54526918443948,0 34.3238454189786,35.54526563657888,0 34.32377888709238,35.54529365476947,0 34.32378186671241,35.54523676195728,0 34.32371355275451,35.54516259768611,0 34.32344704588554,35.54499874096899,0 34.32309272328535,35.54478089161117,0 34.32296500827953,35.54471952962835,0 34.3229924443765,35.5446623846945,0 34.32310648356609,35.54450696958457,0 34.32313146446846,35.54439020022381,0 34.32323852495689,35.54420908440008,0 34.32313762931633,35.54416852423252,0 34.32319459436986,35.54408675069764,0 34.32326698734885,35.54410448808355,0 34.32366786508464,35.54331889910698,0 34.3235515992887,35.54324524850191,0 34.32366501225744,35.5429810566467,0 34.32370735750532,35.54282623604107,0 34.32368773277757,35.54275721875669,0 34.32378125644622,35.54256584771002,0 34.32401200582535,35.54233568522476,0 34.32402115278393,35.54229764588864,0 34.32398138163983,35.54225615109731,0 34.32403096177263,35.54212694518833,0 34.3240297490666,35.54203613407989,0 34.32419543913183,35.54171223181314,0 34.32414250720164,35.5416611334854,0 34.32431342547224,35.54135616696703,0 34.32418736042943,35.54123176236827,0 34.32437818992648,35.54092731792034,0 34.32439304570794,35.54054968994503,0 34.32448828672616,35.54029140009725,0 34.32460424042797,35.53965950233722,0 34.32426097384741,35.53960320595336,0 34.32428456788493,35.53956913482679,0 34.32446404072866,35.53947014198736,0 34.32463302507694,35.53945527226864,0 34.32489498531666,35.53957116514908,0 34.32509572038764,35.53951199373252,0 34.3254117351354,35.53926689572988,0 34.325674842638,35.53897273221553,0 34.32570999675585,35.53887282762691,0 34.32566652743975,35.53878505692047,0 34.32577057741486,35.53831794708032,0 34.32560394156543,35.53826027916807,0 34.32565044384273,35.53783089375703,0 34.32564889725176,35.53773094652546,0 34.325625922401,35.53624596462964,0 34.32516972131427,35.53611751550014,0 34.32494195040105,35.53607792735845,0 34.32444111220232,35.53603430307439,0 34.3245200684328,35.53553560892092,0 34.32472179242405,35.53479484059215,0 34.32452711280207,35.53473299443856,0 34.32494493635664,35.53396502453171,0 34.32572242010261,35.53267153403696,0 34.3258250637931,35.5326161752491,0 34.32590797362531,35.5325345693803,0 34.32599790150145,35.53241418937371,0 34.32604603275787,35.5323090948101,0 34.32581893167114,35.5321577424921,0 34.32637323203287,35.5314503059187,0 34.32630045551571,35.53132327298744,0 34.32575774632424,35.53096493940218,0 34.32545341502345,35.53067514770331,0 34.32563093514717,35.53048044449377,0 34.32598532630476,35.53009174742755,0 34.32566260204516,35.52988273737612,0 34.32542877449238,35.52985875350485,0 34.32533728862829,35.53003941275333,0 34.32482561966568,35.52986921803054,0 34.32480172090641,35.52969760567269,0 34.32482326307611,35.52944415446905,0 34.32500117893381,35.52938844620009,0 34.32541634373972,35.52948843119779,0 34.32553587383887,35.5294786733918,0 34.32618852767283,35.52962773465144,0 34.32632926903923,35.52934008224618,0 34.32641829686819,35.52941068821007,0 34.32652330473634,35.52918510612494,0 34.32712904669972,35.5294302733213,0 34.32793803999651,35.52989793732846,0 34.32834779637776,35.53021388977437,0 34.32844069502924,35.53012534684066,0 34.32886911142053,35.52971701104123,0 34.32942996080727,35.53045081310763,0 34.32944795624523,35.53047444428207,0 34.32959002854844,35.53057391292563,0 34.32974641314154,35.53044833973945,0 34.32975864593579,35.53043851710324,0 34.33002038824369,35.53029996248522,0 34.33004885991192,35.53019245057804,0 34.33012795060006,35.53014158210748,0 34.3303452409309,35.53011000477751,0 34.33103336231796,35.5297447265702,0 34.3312037395762,35.52956140866479,0 34.33148894125337,35.52901865561375,0 34.331466170755,35.52893191560208,0 34.33159445421865,35.52809025374732,0 34.33228067013948,35.52622633147357,0 34.33284921114999,35.52537578392058,0 34.33328625774816,35.52488072612054,0 34.33364111113871,35.52439106674338,0 34.33523634689259,35.52524465542696,0 34.33501060817516,35.52551125806369,0 34.33532559127129,35.52563915784525,0 34.33545282270665,35.52570809847511,0 34.3349951493377,35.52572052460767,0 34.33495353190919,35.52590012071317,0 34.33488257488804,35.5259373462823,0 34.33474544874167,35.52593570780761,0 34.33454155738487,35.52597397810257,0 34.33439429890416,35.52602198963148,0 34.334273483109,35.52612072027645,0 34.33364026905046,35.52624079054042,0 34.33295002175587,35.52632158148342,0 34.33284027757088,35.52637880293656,0 34.33268324736838,35.5263800345402,0 34.33264838033218,35.52644413780428,0 34.33256332712974,35.5268542684776,0 34.3325979230263,35.52695517537206,0 34.33236754973694,35.52761938965076,0 34.33241847055793,35.52776023172279,0 34.33239020458652,35.5278826813576,0 34.33247037832745,35.52791260992726,0 34.33246216421053,35.5281666369506,0 34.33220397351308,35.52867828399079,0 34.33209245557424,35.52866557686099,0 34.33210468076219,35.5287096184378,0 34.3320577605929,35.52886616717939,0 34.33179693947967,35.52887364258517,0 34.33180310364481,35.52908477797219,0 34.33194343879233,35.52913936000325,0 34.33248547359534,35.52940469188604,0 34.33265031844955,35.52955143101645,0 34.33259178239371,35.52964763494653,0 34.33270816156401,35.52965079660788,0 34.33277183486781,35.52950430270771,0 34.33266024143847,35.52942437128323,0 34.33249448051615,35.52939477483748,0 34.3325315476031,35.52918533838685,0 34.33274434016818,35.52894328799486,0 34.33283776479112,35.5290933036795,0 34.33307479398329,35.52917021348947,0 34.33332643113616,35.52922120394419,0 34.33342529205906,35.5290343700895,0 34.33368984004122,35.52905673872705,0 34.33411203654554,35.52918515820244,0 34.33406609582265,35.52935256434175,0 34.33482810497298,35.52966165362582,0 34.33509112062339,35.52969353819832,0 34.33540285293346,35.52964083670268,0 34.33557483330379,35.5295770131332,0 34.33566455020795,35.52957494875823,0 34.3359316406023,35.52966248116994,0 34.33616646200519,35.52969865933689,0 34.33623160008729,35.52972259268751,0 34.33647777463393,35.52998412293959,0 34.33657277923415,35.53012733245502,0 34.33667305315792,35.53016864373414,0 34.33662404457499,35.53023150156842,0 34.33689019229022,35.53037200440674,0 34.33687196185362,35.53039242016345,0 34.33683205228749,35.53043711308139,0 34.33706591243408,35.53058669772358,0 34.33700039603405,35.53065783483424,0 34.33709598340474,35.53078270383902,0 34.33724080950205,35.53086169024719,0 34.33729879965416,35.53091012483983,0 34.33793626148448,35.53104090739776,0 34.33805007834009,35.53110044500814,0 34.33790362509113,35.53133111648467,0 34.33787125564677,35.53145699524718,0 34.33794332767308,35.53150192236859,0 34.33744558530781,35.53217877876754,0 34.33731758104081,35.5322992992006,0 34.33727420022295,35.53240964668731,0 34.33752060527851,35.53268747055148,0 34.33757833553097,35.53277800699851,0 34.3378341207266,35.53288905102428,0 34.33773743379707,35.53299031223474,0 34.33779131933557,35.53304217274603,0 34.33808225407266,35.53317161320345,0 34.33819916693758,35.53296833625372,0 34.33836621060627,35.53303084914043,0 34.3384650448264,35.53284265252312,0 34.33891154493521,35.53298444376664,0 34.33903630254577,35.53293117248022,0 34.3391696882494,35.53296271279693,0 34.33923432677827,35.53288818740411,0 34.33919664146387,35.53286675559216,0 34.33928180253329,35.53265082584299,0 34.33910368963646,35.53256871019025,0 34.3392304462237,35.53241764064997,0 34.33916395686781,35.53241680814681,0 34.33908952183719,35.53250431330041,0 34.33890309717663,35.5324833766887,0 34.33889584700231,35.53237750231717,0 34.33883263503214,35.53237324898004,0 34.33871948373658,35.53224037037716,0 34.3389366006209,35.53201185600209,0 34.3391051276699,35.53193854654482,0 34.3392353758356,35.53192257886186,0 34.33929869166826,35.53205720917379,0 34.33928413711217,35.53214831507471,0 34.33932820201178,35.53215000493352,0 34.33943328400274,35.53211658049126,0 34.33955395231388,35.53200698068967,0 34.33963184216195,35.53205186108103,0 34.3396993009253,35.5320628722952,0 34.33991419422534,35.53191585912163,0 34.34027426641612,35.53211876261052,0 34.34067666414857,35.53170475965671,0 34.34077732293736,35.53165167700599,0 34.3408722709864,35.53148388130379,0 34.34079777866531,35.53144440669235,0 34.34020530730099,35.53132279013069,0 34.34024573214518,35.53117851289063,0 34.34034647093827,35.53094752120016,0 34.3404711709995,35.53089017446233,0 34.34089818181951,35.53075981642615,0 34.34095076164675,35.53065414840658,0 34.340936454151,35.53057956714876,0 34.34086773349112,35.53053665223617,0 34.34080344690538,35.53036138723587,0 34.3407668514276,35.53026161637248,0 34.34069583861302,35.53023365814978,0 34.34039848063014,35.53030459310489,0 34.34037412831938,35.53004063809671,0 34.34031144594103,35.52976883725819,0 34.34032241617404,35.52947472432907,0 34.34063851511492,35.52956050105106,0 34.34082795607351,35.52925275406243,0 34.34100924827816,35.52907952155306,0 34.34108075954815,35.52908302986565,0 34.34137737452074,35.52877409462008,0 34.34144004011129,35.52879940275258,0 34.34143605149627,35.52875054340517,0 34.34153224325011,35.52861329352741,0 34.34146452004365,35.52858259353499,0 34.34154861532213,35.52847260187143,0 34.34151091333777,35.52844981362809,0 34.34156348427311,35.52828235267042,0 34.34150687776513,35.52815242376083,0 34.34159024365152,35.52804990718822,0 34.34172159876275,35.52804275879893,0 34.34174159794593,35.5280416701674,0 34.34191427793731,35.52789795223602,0 34.34195477907577,35.52782090005243,0 34.34201510453245,35.52761263510342,0 34.3421325820305,35.52745212947649,0 34.34217340486902,35.52745995418937,0 34.3421581735908,35.52737858956588,0 34.34218034224087,35.52723649401321,0 34.34217223909265,35.52712926927216,0 34.34225133521782,35.52714086609543,0 34.34229458851625,35.5270828044328,0 34.34226345998428,35.52699341702378,0 34.34212195858603,35.52685329718609,0 34.34231100050926,35.52663925898843,0 34.34238066449861,35.52650697317255,0 34.34257382944862,35.52647420585699,0 34.34263334522512,35.52651244020327,0 34.34267280380055,35.52635866358765,0 34.34281107425488,35.52644448489813,0 34.34285979044206,35.52629946280754,0 34.34285052526295,35.52616780233573,0 34.3429915853518,35.52596976132251,0 34.3430615706657,35.52592235210052,0 34.34317547338066,35.52562131263056,0 34.34321265763044,35.52560607801738,0 34.34337577011957,35.52560693701759,0 34.34339104213036,35.52559042599723,0 34.34339007382285,35.5255323347102,0 34.34323761128466,35.52548568983241,0 34.34326603446509,35.52531946683932,0 34.3433323708114,35.5252352064831,0 34.34397413268901,35.52311459578843,0 34.34403514411565,35.52308515457167,0 34.34404703841845,35.52307946749536,0 34.34408764080112,35.52301304302005,0 34.34397958046172,35.52273644562435,0 34.3440347995005,35.52264903085482,0 34.34404319124911,35.52257987310519,0 34.34416823277514,35.52249487691572,0 34.34422163946604,35.52244695242665,0 34.34431506413211,35.52229634191711,0 34.34433864914783,35.52226391994481,0 34.34436358396,35.52226457300578,0 34.34450490916942,35.52260080029132,0 34.34459039002827,35.52274755802129,0 34.34468042030043,35.52281279477607,0 34.34479482454049,35.52286949774432,0 34.3448291912962,35.52288444239822,0 34.34488091500366,35.52288062374745,0 34.34493796272027,35.52284841342001,0 34.34499125630803,35.52284585160869,0 34.34518334566219,35.5229058480567,0 34.34530474379901,35.52300697266096,0 34.34536799765315,35.52307578188871,0 34.3454084804535,35.52311982049333,0 34.34540683874837,35.52315270176337,0 34.34538732862298,35.52318268290808,0 34.3453453749528,35.52320844683077,0 34.34524646285399,35.52325434144179,0 34.34516278887796,35.52332382705288,0 34.34506730854017,35.5234733768921,0 34.34500551419726,35.52359892602008,0 34.34496848379461,35.52371579731672,0 34.34495901047153,35.52378398388924,0 34.3449864527897,35.52388472806619,0 34.34501418221683,35.52400749513289,0 34.34501973208801,35.52408301000532,0 34.34504247999916,35.5241736284942,0 34.34511226322883,35.52437295970942,0 34.34512376381883,35.52445960645893,0 34.34511759031559,35.52452640973502,0 34.34507332126034,35.52462877115358,0 34.34504161240469,35.52467715159931,0 34.34498222870749,35.52473355824789,0 34.34480131132292,35.52484993866202,0 34.34475675482943,35.52489876602634,0 34.34473911486084,35.52494499590816,0 34.34474475791755,35.52502762525891,0 34.34477685075736,35.52510359581472,0 34.34483046077499,35.52514448608517,0 34.34489137868471,35.52517345487216,0 34.34490984199022,35.52519024238369,0 34.34490845401493,35.52521092394513,0 34.34488890446887,35.52523785555448,0 34.34489072326618,35.52525276928744,0 34.34490409713334,35.52529199475238,0 34.34494164137082,35.52533872680416,0 34.34530366661444,35.52572163391875,0 34.34539891735619,35.5258075797502,0 34.34553209617994,35.52590845543575,0 34.3458865924207,35.52622263920374,0 34.34592875004618,35.52627548321557,0 34.34600268928719,35.52641209414555,0 34.34616780720453,35.52664010417891,0 34.34626095505838,35.52675520625512,0 34.34663916839182,35.52710680043033,0 34.34685564437704,35.52729846282923,0 34.34692663854384,35.52736834642803,0 34.34703637809341,35.52745213547131,0 34.34717412212193,35.52755296998775,0 34.34749610910364,35.52775882358559,0 34.34771429812027,35.52792268456798,0 34.34803056016116,35.52816602671077,0 34.34810207686684,35.52824403768651,0 34.34812607064895,35.52833430538365,0 34.34813052571899,35.52845252350354,0 34.34817764913487,35.52844128512719,0 34.34816097547696,35.52824527911871,0 34.34816835791749,35.52819176494303,0 34.34844308852662,35.52828793273987,0 34.34867032201473,35.52833528220692,0 34.3492856488939,35.52838046973421,0 34.34940100536615,35.5283551025233,0 34.349501137208,35.52830716209505,0 34.34963039871975,35.52823559601653,0 34.34970755526511,35.52817497305297,0 34.34977072439961,35.528106800764,0 34.34997218833613,35.52783458454701,0 34.35001917399997,35.5277971282303,0 34.35007210349902,35.52778600978206,0 34.35013437988583,35.52779192336255,0 34.35018364177787,35.52781709129351,0 34.35021925155009,35.52786846499422,0 34.35022488793559,35.52791072990512,0 34.35020053056824,35.52805269625861,0 34.35021563028499,35.52812880865532,0 34.35024788038341,35.52817686454189,0 34.35028847921954,35.52820553531229,0 34.35058672190761,35.52830785375011,0 34.35067037678498,35.52836271877902,0 34.35076818234666,35.52845308478205,0 34.35095441031721,35.52870831494591,0 34.35098275792877,35.52878266284493,0 34.35103527140169,35.52883435973527,0 34.35108679951549,35.52884273562262,0 34.35112017597676,35.52885816809635,0 34.3511724707014,35.52892469051469,0 34.35139940772356,35.52909084313178,0 34.35148483274477,35.52912265225432,0 34.35154555141462,35.52912048827099,0 34.35159236012578,35.52910107669613,0 34.35165845653462,35.52905070940511,0 34.35173215962983,35.5290269207968,0 34.35182759231882,35.52896855569458,0 34.35184925381281,35.52893681899575,0 34.3518483328829,35.5288905321372,0 34.35190102467242,35.52880626781964,0 34.35194724564205,35.52878160921271,0 34.35200962064991,35.5287792191379,0 34.35205887433469,35.52878812211429,0 34.35224021192015,35.52884512723779,0 34.35243037625494,35.52892687831814,0 34.3524734928247,35.52895768764714,0 34.35250767951747,35.52901881388868,0 34.35262799232324,35.52911775651969,0 34.35276445893818,35.52921520737532,0 34.35278796849686,35.5292527896436,0 34.35282208033114,35.52927672946015,0 34.35285447815398,35.52928086062624,0 34.35291925103121,35.52925591691456,0 34.35295116177838,35.52925454677923,0 34.35322470506858,35.52927578736654,0 34.35342325497496,35.52930147228805,0 34.3536890100233,35.52936089757222,0 34.35385087120302,35.52940298570262,0 34.35404868173249,35.52946705021584,0 34.35424056901721,35.52955344220331,0 34.35427699357059,35.52957981788914,0 34.35431602391894,35.52963082205045,0 34.35431747124789,35.52966189859075,0 34.35428458324632,35.52968352341227,0 34.3542361757944,35.52975441089396,0 34.35423182065546,35.52980137703482,0 34.3542506780302,35.5298320516689,0 34.35430250394874,35.52984720034937,0 34.35434852277877,35.52984647262466,0 34.35449296182869,35.52980958919348,0 34.35466415919058,35.52980509303553,0 34.35476522678331,35.52981237096227,0 34.35481987201532,35.52982122664782,0 34.35490726317333,35.52986047010965,0 34.35492866436488,35.52984826083345,0 34.35494093839819,35.52985137559478,0 34.35497285252056,35.52989727270396,0 34.35504670415176,35.52998264539947,0 34.35512949835434,35.53007835782498,0 34.35515577564865,35.53024319526055,0 34.35517037301142,35.53033475940438,0 34.35522504990831,35.53050562527991,0 34.3552375105692,35.53060564026347,0 34.35528119575713,35.53073805092939,0 34.3554567931753,35.53103531931042,0 34.3554894788488,35.53112873857051,0 34.35548130680962,35.53130334800889,0 34.35543720574238,35.53148629334206,0 34.35531655874475,35.5317271743826,0 34.35525144382943,35.53190654887323,0 34.35519965939873,35.53220199357997,0 34.35510883403559,35.53241906397663,0 34.3551088809206,35.53247206870935,0 34.35512255701929,35.53251532089568,0 34.3551303265754,35.53260734387368,0 34.35511489640253,35.53267921839506,0 34.35512936689095,35.53298052745452,0 34.3551438043133,35.53303180316065,0 34.35518809694751,35.53306141127955,0 34.35533996808556,35.53310041548134,0 34.35567159283684,35.53325501846505,0 34.35599495517835,35.53342883017992,0 34.35624392004664,35.53357569717897,0 34.35698154737175,35.53395908872012,0 34.35802057516208,35.5345390877543,0 34.35838588328537,35.53481172011449,0 34.35851143622118,35.53489150066801,0 34.35876471230523,35.53501677621974,0 34.35913450299551,35.53518255580465,0 34.35976951504782,35.53548474958309,0 34.35993206028682,35.5355374439329,0 34.36004103851636,35.53555311534085,0 34.36028003637342,35.53554051004348,0 34.36053285948942,35.5354836151396,0 34.36059781259231,35.53549002297525,0 34.36065186528788,35.535514191532,0 34.36080365148693,35.53564474380847,0 34.36108786142197,35.53582918122145,0 34.36119278904553,35.5358850414407,0 34.36125527905229,35.53590324814217,0 34.36144282217167,35.53591396661651,0 34.36167709562638,35.53589109149853,0 34.36198707801169,35.53589487731895,0 34.36207450583739,35.53586669321072,0 34.3621924248602,35.5358647518976,0 34.36221947210348,35.53587844208505,0 34.36223346560971,35.5358959911459,0 34.3622061710897,35.53601133511846,0 34.36220087526707,35.53615486726984,0 34.36221335321789,35.53620615967801,0 34.36228358613601,35.53626445584423,0 34.36247031230201,35.53636137888574,0 34.3626401334465,35.53646808302702,0 34.36301366474928,35.53681505162754,0 34.36336672974911,35.53710115821936,0 34.36356314524801,35.53723654497936,0 34.36373145334879,35.53732773405557,0 34.36383479537771,35.53736272485516,0 34.36407384615219,35.5374029813513,0 34.36440882514899,35.53741434793448,0 34.36481251958516,35.53742804428777,0 34.36504590156205,35.53751523775939,0 34.36517758156808,35.53754432686042,0 34.36531568838327,35.53755672553847,0 34.36536044681048,35.53754819657845,0 34.36543472554543,35.53751021798161,0 34.36545873993929,35.53750390306482,0 34.36553105218567,35.53750532110303,0 34.36554531345365,35.53751538443723,0 34.36558480626287,35.53767256645871,0 34.36562053821546,35.5377347257265,0 34.36574797289774,35.53781918636869,0 34.3661458784644,35.5379339250153,0 34.36634837965235,35.53797700464897,0 34.36641488602101,35.53797915217338,0 34.36644972838575,35.53797478095193,0 34.36653035544639,35.53791434234621,0 34.36656840293089,35.53790111680082,0 34.36659845092541,35.53791104434911,0 34.36660374415737,35.53793408375041,0 34.36672601960723,35.53806747284654,0 34.36674601402459,35.53807137490226,0 34.36686376267519,35.53805271517573,0 34.36693691779229,35.53805497450418,0 34.36708197764614,35.53809022678087,0 34.36710180061029,35.53808123093247,0 34.36710758455857,35.53801667992947,0 34.36711809637055,35.53799486372186,0 34.36713049479323,35.53799000413036,0 34.36719489914018,35.53802136428749,0 34.3672586903546,35.53806902440859,0 34.36729501009484,35.53811284659237,0 34.36731557725833,35.53815951964178,0 34.36724698796341,35.5383121945944,0 34.36723674085233,35.53835369952232,0 34.36723881987486,35.5383849137494,0 34.36728602035783,35.53843475376522,0 34.36743108083247,35.53853196207507,0 34.36761446095353,35.53863850527909,0 34.36790026688315,35.53875675540249,0 34.36792609806695,35.53876196547046,0 34.36800089489226,35.53876268328627,0 34.36847249838769,35.53877553823517,0 34.36868235798511,35.53878125773738,0 34.36875563388777,35.53880265471548,0 34.36882901092482,35.5388006708244,0 34.36899546357708,35.53881211888297,0 34.36910514279274,35.5388267655458,0 34.36918300426971,35.53884981718758,0 34.36934360338557,35.53867207312248,0 34.369460345996,35.53856399802355,0 34.36965627361507,35.53845405901352,0 34.36968154486831,35.53845214787446,0 34.36980325764336,35.53840536048524,0 34.36990135915597,35.53839164270985,0 34.3700565315922,35.53845875602068,0 34.37014792185973,35.5385320078055,0 34.37020096128304,35.53859051084634,0 34.3702947322939,35.53865577910854,0 34.37041630367818,35.53875299926383,0 34.37050020135495,35.53885511686902,0 34.37054920688364,35.53892212575666,0 34.37059151721733,35.53892277861323,0 34.37069830454456,35.53890729141237,0 34.37080379056204,35.53885201191707,0 34.37096347781823,35.53888925711995,0 34.37105235244635,35.53892949379007,0 34.37111144914243,35.53900674952043,0 34.37115689834216,35.53905583010916,0 34.37123293523485,35.53919020355826,0 34.3712883451991,35.53927071051938,0 34.37133148013883,35.53927101756479,0 34.37155576235328,35.53920352424659,0 34.37156700740537,35.53920715460066,0 34.37161243382271,35.53928537490867,0 34.37163643868726,35.53934344961028,0 34.37165225060015,35.53934737949736,0 34.37168778381929,35.53933758681532,0 34.37186191300317,35.53921037978217,0 34.37187799339078,35.53920346439081,0 34.37192587578792,35.53927929171979,0 34.3719680887119,35.53942700158237,0 34.3719836684233,35.53944448726077,0 34.37221322956938,35.53949198428137,0 34.37232143861174,35.53953636387592,0 34.37249618245279,35.53956240059185,0 34.37262320346802,35.53957113442799,0 34.37266698521433,35.53955788134005,0 34.37275531575622,35.53949596117224,0 34.37281331959511,35.53946089958012,0 34.37290787584426,35.53946110276901,0 34.37304172451602,35.53945334372308,0 34.37346288361944,35.53958566702224,0 34.37385790795395,35.53982462931148,0 34.37416678205287,35.54006440810737,0 34.37423812909034,35.54009623688991,0 34.37430898737315,35.54009198374347,0 34.37447857958209,35.54005917876878,0 34.37461107798399,35.54001263310727,0 34.37482322993068,35.53987594599338,0 34.37498094425901,35.53982342093661,0 34.37503901104957,35.53982393670799,0 34.37514289762017,35.53987013942641,0 34.37518754402804,35.53992091838017,0 34.37519309409846,35.53996356410939,0 34.37517976758919,35.54002094356839,0 34.37518388446956,35.54008020509632,0 34.3752100580746,35.54014520575058,0 34.37529595318865,35.54024103335573,0 34.37546630001469,35.54038712799549,0 34.37559459551026,35.54045954987604,0 34.37571681225876,35.54046928877668,0 34.37626369538073,35.5403175614921,0 34.37635096762965,35.54026945543237,0 34.37642406075932,35.54021562593002,0 34.37649898943002,35.54014416205914,0 34.37652267186359,35.54017817931943,0 34.37654585866657,35.54032901664565,0 34.37658452554302,35.54036697167513,0 34.37669550323318,35.54038532688754,0 34.37677713630418,35.54038038687609,0 34.37685149850722,35.54035907458976,0 34.37713089476096,35.54022705468356,0 34.37717964112936,35.54018224504406,0 34.3772153106507,35.540028951103,0 34.37735570347001,35.53992235940317,0 34.37757937461662,35.53980979427758,0 34.37773622168968,35.53978539672864,0 34.37784563807794,35.53981088058975,0 34.37787010748092,35.53981100833933,0 34.37789898750081,35.53979991543675,0 34.37806773301249,35.53970459725215,0 34.37812975349522,35.5396908462326,0 34.37816267800044,35.53970275952528,0 34.37822496483931,35.53976998922825,0 34.37834773383887,35.53986295432336,0 34.37852750216832,35.53996948864717,0 34.37879211150283,35.53997092524051,0 34.37886707733863,35.53999433445358,0 34.37911670210949,35.5400836597242,0 34.37917185151888,35.54011367813847,0 34.37949477659561,35.54025658145765,0 34.3795441630983,35.54025920417946,0 34.37990191494189,35.54033996787216,0 34.38018068500122,35.54043767796476,0 34.38051391286051,35.54057540810406,0 34.38070098465825,35.54066967675271,0 34.38081685187765,35.54074270849217,0 34.38102064954656,35.54087766271219,0 34.38110846665826,35.54093111467966,0 34.38119088229384,35.54101443227783,0 34.38122990791777,35.54104814754809,0 34.38137237853389,35.54114271605393,0 34.38164414878604,35.5413489985608,0 34.38168200715743,35.54138831487602,0 34.38181850849563,35.54145824135393,0 34.3820441158832,35.54156943983998,0 34.38291522904685,35.54194992677039,0 34.3832457608438,35.54215617687944,0 34.3835693383859,35.54250537918261,0 34.38346924522285,35.54254292064784,0 34.3834747041759,35.5425914846538,0 34.38355051220627,35.54265760281775,0 34.38376225567102,35.54277991912863,0 34.38379932852651,35.54280133480742,0 34.38432942259035,35.54314225682148,0 34.38432265586395,35.5431568583339,0 34.38428076848876,35.54314963617757,0 34.38416025571077,35.54316522631514,0 34.38406868976758,35.54354538387787,0 34.38432269766307,35.54378596410642,0 34.38441040157424,35.54386170576794,0 34.38453549683832,35.54401236069148,0 34.38468346388771,35.54413752651643,0 34.38473332584044,35.5441403975794,0 34.38508103378809,35.54443881807382,0 34.38512232638153,35.5444855337091,0 34.38526625768176,35.54464837188323,0 34.38523950851908,35.54474998631633,0 34.38535904797866,35.54494379253061,0 34.38549193214502,35.54501567054589,0 34.38569636730045,35.54526900241898,0 34.38579358904263,35.5453616205908,0 34.38578551857307,35.54538876017867,0 34.38568887334802,35.54543020598196,0 34.38577300589902,35.54554872992052,0 34.38598784500503,35.54571667793275,0 34.38606183419665,35.54589351444393,0 34.38614932667014,35.54600613677456,0 34.38628864697831,35.54611421920732,0 34.38635558955978,35.54611797740265,0 34.38663309179019,35.54638829160123,0 34.38683473398875,35.54650502429408,0 34.38697377576992,35.54668435732885,0 34.38716906306413,35.54679348381354,0 34.3872340033863,35.54690247044159,0 34.3875172927333,35.54714818272188,0 34.38734835106405,35.54724213470296,0 34.38726090761305,35.54736266599591,0 34.38730890042805,35.54742072630305,0 34.38728844866561,35.54745678401662,0 34.38726290934136,35.54752136656302,0 34.38734721071447,35.54766273701443,0 34.38759906431006,35.54799992363993,0 34.38787574106913,35.54836932607619,0 34.38810773838448,35.54855684712081,0 34.38827865854071,35.54868942274431,0 34.38867678648449,35.54895612488227,0 34.38930239267847,35.5493306448443,0 34.38967820655782,35.54958808972096,0 34.39000899071232,35.54976408123274,0 34.39004294861471,35.54977859653774,0 34.39025670034522,35.54987695750477,0 34.39053819761435,35.55004891044247,0 34.39103716143924,35.55032774496752,0 34.39119510833039,35.55037973392447,0 34.39132550581091,35.55045162677232,0 34.39155813822589,35.55054739447237,0 34.39169476492797,35.55059471698921,0 34.39212968950097,35.55073927392681,0 34.39227456446521,35.55077247874627,0 34.39260369492916,35.55083854112222,0 34.39276575790026,35.55084861156818,0 34.39283752066417,35.55083878884076,0 34.3928846015935,35.55082994790926,0 34.39305097440626,35.55053864491313,0 34.39309132485473,35.55054058862729,0 34.39329628244037,35.55069252193396,0 34.39353936139089,35.55086608156117,0 34.39361986238594,35.55094632739542,0 34.39378547345228,35.55112388591787,0 34.39393060335581,35.55124391213597,0 34.39409812309653,35.55136341519621,0 34.39429480860129,35.55147386373459,0 34.39449101805958,35.55155743200797,0 34.3946425331219,35.55160736651438,0 34.3947751016822,35.55165080655383,0 34.39486050353154,35.55167879123452,0 34.39497924936757,35.55168823868874,0 34.39512842285858,35.55173188996137,0 34.39523881097151,35.55177134393816,0 34.39527015409863,35.55177481334387,0 34.39535990618894,35.55178474648584,0 34.39555902656122,35.55190768682367,0 34.39574313002487,35.55199416453236,0 34.39621897813572,35.55209230459588,0 34.3964444069511,35.552167574929,0 34.39657725292571,35.55226670029064,0 34.39669249077398,35.55232193274124,0 34.39691364566379,35.55238809130935,0 34.39699208913107,35.55239180489624,0 34.39732573333114,35.55249424340128,0 34.39747964798235,35.55255692721995,0 34.39757050700346,35.55261881060191,0 34.39766667377101,35.55273486106854,0 34.39767329501912,35.552763942703,0 34.39765191230269,35.55283765934699,0 34.39756230002198,35.55295670262834,0 34.39747269086646,35.55301577159918,0 34.39731803610782,35.55308015751167,0 34.39724671024575,35.55314160731912,0 34.39719833977133,35.55324351438123,0 34.39720815023369,35.55335354971974,0 34.39719288850984,35.55338994004283,0 34.39724683773643,35.55360293002064,0 34.39734349131835,35.55381452913666,0 34.3974645643062,35.55396204055012,0 34.39758096856683,35.5540716449812,0 34.3976509429172,35.55418318273851,0 34.39779241224336,35.5543357666422,0 34.39799689732928,35.55451625798883,0 34.39822815552188,35.55465280226105,0 34.3984217226263,35.55473309330009,0 34.3984521075818,35.55475542187738,0 34.3984791299909,35.55477528035306,0 34.39849500678773,35.55479088710641,0 34.39858845554082,35.55488274248249,0 34.39877715885089,35.55508567119656,0 34.3990246079568,35.55528922378249,0 34.39907990597469,35.55535887469941,0 34.39911663891035,35.5554358042091,0 34.39913780259673,35.55552676402686,0 34.39920103271826,35.55563022902412,0 34.39925414875766,35.55566194962741,0 34.39934207061152,35.55569099051777,0 34.39953510401858,35.55573231824858,0 34.39972050267318,35.55573135809966,0 34.39976307259038,35.55575029672379,0 34.40006513554194,35.55575711560449,0 34.40047218378018,35.55579722868269,0 34.40065545382739,35.55582237600584,0 34.40077698680593,35.55582231847596,0 34.4008819218656,35.5557315997758,0 34.40099669014171,35.55560216676801,0 34.40109331835898,35.55548068628184,0 34.40111278707563,35.55547881972084,0 34.40109757257694,35.55566853272273,0 34.40112588532103,35.55564625804794,0 34.40122992558071,35.55546329857458,0 34.40149358068331,35.55532992274708,0 34.40154538044833,35.55532641487918,0 34.4015932982143,35.55537207243631,0 34.40163856613192,35.55546620695484,0 34.40163866669339,35.55556345142138,0 34.40170502353129,35.55562283788789,0 34.40180085257951,35.55577378909589,0 34.40186269941599,35.55583694199355,0 34.40191197207347,35.55586056324771,0 34.40199365778734,35.5558584849104,0 34.40213268267853,35.5558935103972,0 34.40216355148885,35.55590611233428,0 34.40235972173063,35.55587421967383,0 34.40241832779614,35.55576290140689,0 34.40252460004045,35.55570910195302,0 34.40255501754097,35.55562920673515,0 34.4025831806745,35.55559609044105,0 34.4026467275832,35.55557214821648,0 34.40273525210446,35.5555547603694,0 34.40275433708332,35.55552511315937,0 34.40274503252085,35.5554821638788,0 34.40268609454576,35.55538950648742,0 34.40265782712695,35.5553250386208,0 34.40265646975671,35.55525694552487,0 34.4026712555298,35.55518633665119,0 34.40269370538746,35.55516004713564,0 34.40273592813543,35.55515391307365,0 34.40319158072188,35.55519934654347,0 34.40333044494913,35.55522285176205,0 34.40336608141182,35.55525032000356,0 34.40344518895517,35.55539159127033,0 34.4034963874406,35.55543450789597,0 34.40354409639765,35.55543510154958,0 34.40362178539618,35.55541408276981,0 34.40362500299836,35.55543675607674,0 34.40358249331636,35.55557198981681,0 34.40372142003089,35.55551010607591,0 34.40375169135151,35.55550949943471,0 34.40375298041642,35.55554269303303,0 34.40372153051548,35.55560802814134,0 34.40373062122614,35.55563539349519,0 34.40376964224896,35.55566757542953,0 34.40380079832123,35.55567102674582,0 34.40394163972461,35.55562742407901,0 34.4039498750272,35.55565310231097,0 34.40392740880982,35.5557380099841,0 34.40393589166333,35.55581146275497,0 34.40395278189218,35.5558329980543,0 34.40409973238192,35.55584118236491,0 34.40419730507129,35.55590808353534,0 34.4042871905859,35.55598894631387,0 34.40432845637635,35.55600348865338,0 34.40436987420694,35.55599905505137,0 34.40440039017165,35.55601606496239,0 34.40442562740151,35.55601143680722,0 34.40455009001306,35.55589343353875,0 34.40458427388538,35.55587585009442,0 34.40460920963306,35.55587935655126,0 34.40462607120018,35.55589885885281,0 34.40464878871843,35.55598167198782,0 34.4046903096997,35.55607448356191,0 34.40473611252941,35.55602731793057,0 34.40479195738445,35.55601631804967,0 34.40493906738236,35.55603602023544,0 34.40514090267412,35.55608369836995,0 34.40523604175407,35.55612453026612,0 34.40530095160643,35.55616901938907,0 34.40536462765047,35.55627417111176,0 34.40539234669621,35.55635863366568,0 34.40545922038697,35.55642512921519,0 34.405520682159,35.55646016097328,0 34.40559928421345,35.55647504894424,0 34.40571300519171,35.55644998202597,0 34.40572926725727,35.55651591036846,0 34.40580870638667,35.55659110412244,0 34.40590019810693,35.55663806690232,0 34.40600709787947,35.55665948043948,0 34.40612023515146,35.55659240247245,0 34.40619052936272,35.55660634690878,0 34.40626055496193,35.55663079857954,0 34.40631879103513,35.55667263598738,0 34.40647363753989,35.55680137193804,0 34.40653239401388,35.55682084119722,0 34.40667983114842,35.5568341006447,0 34.40674884745867,35.55687550201348,0 34.40680197056604,35.5568223406504,0 34.40688344629191,35.55674080488886,0 34.40688170010054,35.55664492980301,0 34.40695352673894,35.55661989550253,0 34.4069892581409,35.55656434772794,0 34.40697116957109,35.55651639390958,0 34.40697685722635,35.55641808158428,0 34.40708254908725,35.55623315393114,0 34.40711276567747,35.5561664958124,0 34.40713205268993,35.55612394769147,0 34.4071781462735,35.55609778693903,0 34.40732993943476,35.55603646266882,0 34.4074266427022,35.55607050252362,0 34.40753522434714,35.55612341110383,0 34.40765249477575,35.55620470503285,0 34.40773075303573,35.55628431212907,0 34.40777116575962,35.55635680229674,0 34.40777413057136,35.55639099738291,0 34.40779122378319,35.55642710126826,0 34.4078580341574,35.55648885198976,0 34.40806955707238,35.55651712606483,0 34.40825489056017,35.55651141021414,0 34.40834399973679,35.5565360288796,0 34.40852999714174,35.55663771744432,0 34.40865022012077,35.55669061695635,0 34.40920513933782,35.55693478683572,0 34.40927353728147,35.55725073993932,0 34.40930169650834,35.55734037229723,0 34.40983207588082,35.55757743127396,0 34.40991238009798,35.55764393214358,0 34.40993213031792,35.55768941554045,0 34.41012491025987,35.55798372061448,0 34.41012237910117,35.55813022769446,0 34.41014572621246,35.55816532436327,0 34.41028005631254,35.55826138683972,0 34.41058360781904,35.55866079017219,0 34.41062529243958,35.55873628453705,0 34.41062999549764,35.55876008393201,0 34.41069959472071,35.5591122524653,0 34.41071329787337,35.55922189565249,0 34.41065763498787,35.55926267634096,0 34.41055896345203,35.5592801914642,0 34.41033935869386,35.55929810571929,0 34.41027234310943,35.55926102080321,0 34.41004974662687,35.55909411572421,0 34.40998975154904,35.55911332205763,0 34.40995657272023,35.55914824444191,0 34.40987577566905,35.55931514032406,0 34.40986973152333,35.55935864792349,0 34.40988488776777,35.55943312074891,0 34.40993758203037,35.55951556053212,0 34.41003947558337,35.55961004599092,0 34.41005125453522,35.55970974838325,0 34.41006875165085,35.55977239546279,0 34.41007006857846,35.55989680196845,0 34.41005407525806,35.55994209597793,0 34.41001720431704,35.55997473722797,0 34.40996277016632,35.55998541121235,0 34.4098604950061,35.55997878904368,0 34.40985480531337,35.55998800513309,0 34.40989069503053,35.5600284230582,0 34.41002270758149,35.56013689791892,0 34.41006795673336,35.56019284759661,0 34.41009435074898,35.56023776294222,0 34.41008483120077,35.56027043755427,0 34.41006114896874,35.56030086246862,0 34.40999792763151,35.56032722646843,0 34.40979973985173,35.56036602279335,0 34.4096059562828,35.56035363637253,0 34.40942390637142,35.56032300803032,0 34.40930852558808,35.56027481230639,0 34.40926037230346,35.56030884969267,0 34.4092459691205,35.56038533818667,0 34.40914878945749,35.56044393828554,0 34.40911723028186,35.56047579165988,0 34.40907230954642,35.56059280221531,0 34.4090615808277,35.56059832975019,0 34.40891230241526,35.56059320973188,0 34.40888635396611,35.56061007538293,0 34.40886943859878,35.56064892612579,0 34.40887747875696,35.56077870576365,0 34.40888836885823,35.56081459355038,0 34.40891181941814,35.5608571588364,0 34.40896529130344,35.56090658596696,0 34.40902897201956,35.5609430220139,0 34.40903829862693,35.56098605248421,0 34.40898634362625,35.56104558475128,0 34.40898868565707,35.56106457476528,0 34.40923124078581,35.56122192940946,0 34.40933872841601,35.56125037633402,0 34.40945379551556,35.56124612532133,0 34.40949477152827,35.56126375242089,0 34.4095439546431,35.56133358608425,0 34.40976181610355,35.56145843891307,0 34.40982194399159,35.56150823122322,0 34.40990099768878,35.56164874960279,0 34.40996789902875,35.56170747606436,0 34.41026204648149,35.56192313743563,0 34.41037780009246,35.56199797885139,0 34.41041103309441,35.56205641222402,0 34.41022323828857,35.56218530781243,0 34.41010312061026,35.56242935429585,0 34.40999448205455,35.56243737280138,0 34.40983803281001,35.56261244465425,0 34.40983343191796,35.56269138171192,0 34.40988209777784,35.56278362645728,0 34.40992007022399,35.56282436426101,0 34.41000307347988,35.56290509844975,0 34.41002351215052,35.56305954896717,0 34.41006899206534,35.56318982509755,0 34.41012745969385,35.56327130584215,0 34.41022486799333,35.56340147551487,0 34.41024722074441,35.5634545736986,0 34.41025086706858,35.5635075004898,0 34.41019919548661,35.56358739920946,0 34.41007070860633,35.56370278036444,0 34.40998993245648,35.56381179381888,0 34.40996822423722,35.56386460712346,0 34.40997314496668,35.56403888469107,0 34.4100416560694,35.56424703199477,0 34.41016354186664,35.56444176333135,0 34.41030963622527,35.5645933935844,0 34.41040383591079,35.56467216059447,0 34.41051743873341,35.5647414193576,0 34.41086634985817,35.56490414016223,0 34.41120587680849,35.56510937923398,0 34.41147151794848,35.56526181012772,0 34.41172409604131,35.56534187668372,0 34.4119500033034,35.56535717284157,0 34.41213781774241,35.56535328823512,0 34.41231654914263,35.56533339623469,0 34.41232969201167,35.56534240709663,0 34.41252847182776,35.56526068274869,0 34.41276526330473,35.5651624936723,0 34.41286041351351,35.56507100154713,0 34.41289048939825,35.56502218676955,0 34.41290486902331,35.56492089388006,0 34.41296580849312,35.56481524291041,0 34.41307455513718,35.56480938524106,0 34.41316643101777,35.56487034868473,0 34.41317477779005,35.56490252474421,0 34.41313483555864,35.56510792742017,0 34.41316654328949,35.56520575274512,0 34.41329401512902,35.56531545225769,0 34.41348675220874,35.5654556291887,0 34.41341891979974,35.5655858753487,0 34.41293569321141,35.56534233578835,0 34.41289824651668,35.56533961493351,0 34.41280298279736,35.56542296017859,0 34.41279374051041,35.56550519710127,0 34.41281214170446,35.56554305400706,0 34.41278068955029,35.56557110287346,0 34.41263149029571,35.56564328812455,0 34.41258118850914,35.56570212838964,0 34.41255727514076,35.56578081143908,0 34.41268436897654,35.56591779247407,0 34.41269355694411,35.56595064005194,0 34.41267061662267,35.56599156809238,0 34.412628510281,35.56606668991748,0 34.41263207676495,35.56612891847474,0 34.41269932767856,35.56616186244684,0 34.41270665176143,35.56619610357585,0 34.41269189613873,35.56621643846999,0 34.4126554225467,35.56627482739373,0 34.41261602652676,35.56638283034852,0 34.41264120404898,35.56647813220592,0 34.41274350973789,35.56665935511418,0 34.41294127257604,35.56678433919915,0 34.41301627614821,35.56683750006176,0 34.4130446027388,35.56687553527541,0 34.41306110810491,35.56692858426251,0 34.41306289885328,35.56702716856771,0 34.4130492570511,35.56710484174339,0 34.41300982506571,35.56716279589632,0 34.41293100426665,35.56722237348174,0 34.41272686853893,35.56730983919319,0 34.41265424733173,35.5673825328886,0 34.41262350714899,35.56743905389771,0 34.4126097829453,35.56749610099011,0 34.4126036275282,35.56759001349506,0 34.41264500706182,35.56783491655721,0 34.41270511138947,35.56826202923747,0 34.41270998474234,35.56834364464511,0 34.41269935530123,35.56850345788847,0 34.41270642484136,35.56877945881295,0 34.4127647856147,35.56901485009223,0 34.41281403953347,35.56911051135253,0 34.41291333205885,35.56922444566759,0 34.41298508462053,35.5693268945218,0 34.4131303224918,35.56950750642316,0 34.41320151798286,35.56970368933997,0 34.41328134106455,35.57007200780538,0 34.41332532896236,35.57022116679503,0 34.41341793154421,35.57040551111471,0 34.41353601477084,35.57054269855899,0 34.41361688300221,35.57061475526917,0 34.41381340248275,35.57069169296631,0 34.41390199155826,35.57069494735691,0 34.41413875993558,35.57065627544549,0 34.41420219104412,35.57065295452903,0 34.41426744077315,35.57066122218539,0 34.41430631822566,35.57069605727857,0 34.41432616557702,35.57076636998948,0 34.41431856207619,35.57081595063438,0 34.41429751654309,35.57085374920469,0 34.41426012250864,35.57088442052306,0 34.41402310876411,35.57107881951143,0 34.41399082030312,35.57111367034546,0 34.41395190746212,35.57117907476317,0 34.41393809854214,35.57123002328173,0 34.41393678242259,35.57128424820505,0 34.41402765962848,35.57158228550432,0 34.41405049782615,35.57170232495766,0 34.41405991908682,35.57187169959565,0 34.41405141096403,35.57194564179088,0 34.41401187037054,35.57202562144452,0 34.41391122404007,35.57218619780141,0 34.41386048658772,35.57229618079081,0 34.41386087665239,35.57235377890854,0 34.41387994369203,35.57241188704572,0 34.41395823846689,35.57252198401941,0 34.41404941731162,35.57260418290149,0 34.41422872339339,35.57272811394436,0 34.41437640132267,35.57287482011905,0 34.41440071830195,35.57289294104793,0 34.41447236295595,35.57300225140435,0 34.41484600886,35.57322176135991,0 34.41487541423779,35.57323903656476,0 34.41488656695418,35.57325942807029,0 34.41488799145247,35.5734833068936,0 34.41486253513159,35.57361675412135,0 34.41482887675368,35.57371330840637,0 34.41482880210419,35.5737384190876,0 34.41491641156313,35.57392769736167,0 34.41498764709414,35.57401459351614,0 34.41514245059997,35.57421547584512,0 34.41534230164655,35.57440130708275,0 34.41541213227825,35.57444880678837,0 34.41546332489571,35.57450693661263,0 34.4156846667243,35.57488577766047,0 34.4158329986384,35.57505114549163,0 34.41601643902281,35.57516249234918,0 34.41604378589685,35.57522502079267,0 34.41603020774592,35.5753224407843,0 34.41605057934282,35.57543559972164,0 34.4160292525129,35.57546752571093,0 34.41598160403189,35.57551015058094,0 34.41592139878725,35.57554033335661,0 34.41588592121848,35.57559836901748,0 34.41580356250824,35.57563188886469,0 34.41571925127111,35.57564799055428,0 34.41555516347113,35.57566864141712,0 34.41551365926193,35.57572324278355,0 34.41547789292387,35.57579121982916,0 34.41539441543021,35.57613484736593,0 34.41535095938467,35.57617841413251,0 34.41540782956999,35.57639796007559,0 34.41546277902578,35.57644977843911,0 34.41547959713004,35.57649217410459,0 34.41549797164087,35.57658477467554,0 34.41558003163211,35.57665169409746,0 34.4155695968085,35.5766992162219,0 34.41539713943548,35.57694557929137,0 34.41539318847742,35.57702931237431,0 34.41535859191939,35.57705891654068,0 34.41518342587762,35.57717278196765,0 34.41504890301762,35.57720118907078,0 34.41501113408638,35.57724825970442,0 34.41492086307344,35.57743647267912,0 34.41491234834357,35.57751139731118,0 34.41496737952887,35.57772154421967,0 34.41503596448851,35.57792389654836,0 34.41520041501192,35.57844727754074,0 34.4152798240859,35.57862965521718,0 34.41547627859428,35.57899895317939,0 34.41554499008782,35.57908831280412,0 34.41558285826783,35.57917027579315,0 34.41579800182898,35.57953243203333,0 34.41588050583962,35.57975279400858,0 34.41599716496845,35.57997284924912,0 34.41613873541637,35.58014246148787,0 34.41626450388895,35.58034220784383,0 34.41627224339016,35.5804586352179,0 34.41627233488597,35.58046000945276,0 34.41625271971327,35.58049673254594,0 34.41643248371538,35.58080174663377,0 34.41669785679623,35.58099784904151,0 34.41680389933674,35.58112290652262,0 34.4168416068149,35.58125999420007,0 34.41686209925668,35.58141510289889,0 34.41687778008116,35.58151526478257,0 34.41698672519875,35.58173512844688,0 34.41705764771959,35.58193289699219,0 34.41713385200163,35.58207175797229,0 34.41726461120479,35.58220931040656,0 34.41737906095018,35.58232110297973,0 34.41767648229614,35.58248104108986,0 34.41786959772718,35.58263259924771,0 34.41810635503329,35.58280985102715,0 34.41834302596874,35.58295624810906,0 34.41861764506229,35.58313876897308,0 34.41870936758528,35.58319603170264,0 34.41915463174761,35.58331080505546,0 34.41936263174797,35.58330415292154,0 34.41944684966558,35.58330729593023,0 34.41979791622365,35.58337012422371,0 34.41994889055279,35.58341425785851,0 34.4202182224157,35.58335326075942,0 34.42035593354474,35.58327190321153,0 34.42048086827091,35.58308990111886,0 34.42066881942564,35.582846945277,0 34.42077118063086,35.58279442222248,0 34.42079461896752,35.58275837074571,0 34.42079149512358,35.58267053922616,0 34.42078108679471,35.58263518059206,0 34.42074297541697,35.58258087891149,0 34.42082406201131,35.58253602481726,0 34.42085040083515,35.58253182809096,0 34.42119916273818,35.58260347120667,0 34.42129605696895,35.58265434238464,0 34.42129769279297,35.58272474141766,0 34.42124347172986,35.58284239025954,0 34.4212465495057,35.58298445776795,0 34.42128524758166,35.58306075188984,0 34.42144177821273,35.58319034140321,0 34.42164563119935,35.58329363274693,0 34.42167331563277,35.58329626856841,0 34.42168142981767,35.58329687491955,0 34.42172273622919,35.58329832440668,0 34.42182457100112,35.58330595433451,0 34.42214596408737,35.58336736931631,0 34.42221453718766,35.58336573272416,0 34.42230442728536,35.58334268494728,0 34.42233787628609,35.58334170165372,0 34.42236054317477,35.58334103487177,0 34.42246382930742,35.58329592307193,0 34.42251819858514,35.58328291525192,0 34.4225822912347,35.58328795102325,0 34.42261916922803,35.58328135924864,0 34.42265289493869,35.58324313383238,0 34.42263226590416,35.58310709926949,0 34.42263420251302,35.5830685164046,0 34.42264071960285,35.58305106155823,0 34.42267070196377,35.5830031134749,0 34.42270107536574,35.58299897416075,0 34.42276315724973,35.58301365262321,0 34.42278704994611,35.5830189204448,0 34.42293488661272,35.58307466303276,0 34.42308796119129,35.58314652102931,0 34.4232096259174,35.58328569195032,0 34.42327401838855,35.58356767715512,0 34.4232914651646,35.5835899780276,0 34.42341066204441,35.58366109561806,0 34.42345117569563,35.58369004831729,0 34.42351654545912,35.58378896256189,0 34.42353329780441,35.58379396579181,0 34.42370114449936,35.58378354187889,0 34.42383024203775,35.58381374067712,0 34.42384705606622,35.5838231610631,0 34.42401379631841,35.58381760392073,0 34.42405506151857,35.58380250433449,0 34.42407012924927,35.58378395970243,0 34.4240803908646,35.58371244319962,0 34.42410233319198,35.58360400683735,0 34.42412662677096,35.58357028246756,0 34.42428484249818,35.58347202485647,0 34.42458184556945,35.58337230043888,0 34.42476020397596,35.58329174348606,0 34.42482637370785,35.58331617995319,0 34.42499889755943,35.58343280045519,0 34.42512926061394,35.58353323444661,0 34.42520313567739,35.58365626917272,0 34.42521328343621,35.5838001292724,0 34.42518560983838,35.58401133825216,0 34.42506432270452,35.58426628518976,0 34.42504351622693,35.58445294849022,0 34.42502068298778,35.58449623065075,0 34.42493865330407,35.58459380831107,0 34.42486510069749,35.584632525087,0 34.4248298403006,35.58467806847817,0 34.42478304708965,35.58471743765941,0 34.42479678458636,35.58489200778804,0 34.42478003020629,35.58491885133184,0 34.42468052940964,35.58499264770824,0 34.42463776296473,35.58499726840035,0 34.42438491330401,35.58493954366804,0 34.42399882868187,35.58490328523644,0 34.42395618600398,35.58494268346503,0 34.42381777961219,35.58517377528672,0 34.42366346967675,35.58536324313794,0 34.42365136646979,35.58538760361249,0 34.42361689655025,35.58558167864609,0 34.42353128720976,35.58574058265359,0 34.42351693360484,35.5857519412272,0 34.42335546160381,35.58594833467897,0 34.42331715076762,35.58605000476118,0 34.42328259591339,35.58611710448339,0 34.42323411272568,35.58622732947975,0 34.42318106996073,35.58631152612974,0 34.42311980735468,35.58638274990088,0 34.42309618306061,35.5865585950879,0 34.42304988585674,35.58663264595879,0 34.42300441331182,35.58695704169085,0 34.4230161896996,35.58705670794557,0 34.4230271636203,35.58741925122487,0 34.42300993619993,35.58747647132943,0 34.42301759320876,35.58763581741446,0 34.42301943197069,35.58764757323376,0 34.4230448604408,35.58781010806494,0 34.42310003340833,35.58794719722382,0 34.42312415401963,35.58805259201604,0 34.42316382426567,35.58816423988608,0 34.42321555557161,35.58825322306335,0 34.42327987071796,35.58833405359005,0 34.42337502722658,35.58841823654519,0 34.42370931616024,35.58862056193107,0 34.42364101580726,35.5886398471748,0 34.4235927778601,35.58871599133663,0 34.42364087966188,35.58875709684996,0 34.42364518763861,35.58877800271188,0 34.4235692300679,35.58889307396165,0 34.42353983088226,35.58900227689281,0 34.42346039765035,35.58917145509402,0 34.42346566131163,35.5893067308569,0 34.42343366323859,35.58932331059887,0 34.42348882354386,35.58944082543934,0 34.42353511610601,35.58961671439264,0 34.42350029533151,35.58975885262419,0 34.42353019553919,35.58988033571724,0 34.42364710872594,35.59001628241059,0 34.42365979434895,35.59009730626985,0 34.42374369151144,35.59029308482164,0 34.42390122075188,35.59063925082795,0 34.42410426471199,35.59102798815338,0 34.42410324083939,35.59104537002981,0 34.42407846237054,35.59106685393748,0 34.42393271081824,35.59111502132167,0 34.42413681877039,35.59131004409878,0 34.4242148085966,35.59127978218132,0 34.42425925321315,35.59127963990503,0 34.42447454650164,35.59141770072078,0 34.42440132012428,35.59156250032294,0 34.42445071876129,35.59168626622553,0 34.42452150312739,35.59179763315436,0 34.42454147671227,35.59181819425205,0 34.42463934141102,35.59186890414063,0 34.4246012129592,35.59201834129625,0 34.4245290170572,35.59210480535522,0 34.42452867058066,35.59212529123617,0 34.42457169229186,35.5921788233222,0 34.42465726993073,35.59225741438575,0 34.42480787317364,35.59238229974347,0 34.42488311086235,35.59251670107094,0 34.42502622986799,35.59278663961911,0 34.42521025069205,35.59301862028299,0 34.42534637358215,35.59310495133822,0 34.42537569531261,35.59311298250135,0 34.42542817272125,35.59311950773208,0 34.42569621262084,35.5930805237324,0 34.42560676005044,35.59294941214733,0 34.42580804335764,35.59297372739207,0 34.4266442177745,35.59340818734605,0 34.42685010492864,35.59354428405379,0 34.42687103854037,35.59371858637283,0 34.42672598972793,35.59390848006991,0 34.4267256126972,35.59393038306951,0 34.42677505771545,35.59402314982744,0 34.42683316305828,35.59409618392093,0 34.42690082647496,35.59421293070697,0 34.4269810814097,35.59430694214954,0 34.4270231651919,35.59430524149673,0 34.42715738530954,35.59426731983854,0 34.42732379357778,35.59416847088988,0 34.42753625028355,35.59406050170383,0 34.42761637251009,35.59404629239071,0 34.42773359185368,35.5941183444647,0 34.42797145298649,35.59430208605819,0 34.42825824796028,35.59451002426707,0 34.42841268720733,35.59469995754747,0 34.42844939635128,35.59473644200307,0 34.42872576622929,35.59483856002693,0 34.42871978578216,35.59484558046172,0 34.42861600193611,35.59496742682537,0 34.4285253137778,35.59512016403939,0 34.42850420794923,35.5952441249753,0 34.42855133729473,35.59549209889642,0 34.42872543599327,35.59573978222762,0 34.428940373444,35.59594057302431,0 34.42921215849135,35.59610559455185,0 34.4295225718637,35.59622297594785,0 34.429597169197,35.5963089910198,0 34.42960696300565,35.59632311813984,0 34.4297295894623,35.59645984696728,0 34.42994831386979,35.59665163706116,0 34.43022787044418,35.59682024829801,0 34.43051488729093,35.59695623435959,0 34.43097367900613,35.59707794809781,0 34.43109580630101,35.5971328355197,0 34.43180047576568,35.59706927522478,0 34.43205490185962,35.59710836870961,0 34.43220593828644,35.5970882692005,0 34.43242159332012,35.59700665815856,0 34.43245623718389,35.59695532673135,0 34.43240588491867,35.59675484803542,0 34.43263949995529,35.59675838113819,0 34.43266754248269,35.59662803827933,0 34.43272622862897,35.59655025409237,0 34.43276965856039,35.59651252697733,0 34.43303543307967,35.59637972915957,0 34.43348197011147,35.59639346276759,0 34.43404405239914,35.59669129956574,0 34.43411121150487,35.59676391494036,0 34.4341250837114,35.596873487483,0 34.43453621740875,35.59709286599185,0 34.43456375352324,35.59710823336928,0 34.43473020980004,35.59720112841456,0 34.43486850126688,35.59734875248598,0 34.4347262775077,35.59737313135859,0 34.43503424009452,35.59760895680839,0 34.43489013977921,35.59769068113597,0 34.43489105635909,35.59780439135613,0 34.43457321609872,35.59763841263247,0 34.4342354729114,35.59746203885179,0 34.43421641972289,35.59745790541196,0 34.43421121841824,35.59746312155509,0 34.43421136936493,35.59747374546073,0 34.43448089036467,35.59762836701391,0 34.43457404291466,35.59768473769629,0 34.43468986272032,35.59775482485744,0 34.4348985991053,35.59786462829372,0 34.43501785727287,35.59798931948443,0 34.43527275561392,35.59815441101366,0 34.43558178895104,35.59833050291584,0 34.43587099124506,35.59850179146204,0 34.43631416082773,35.59876426796767,0 34.43685856385658,35.59908531077902,0 34.43687001384429,35.59910248717883,0 34.43686737961432,35.5991214853244,0 34.43682143417085,35.5991296983312,0 34.4365546028856,35.5990135486402,0 34.43587374871673,35.59869505617979,0 34.43569414199104,35.59861103724148,0 34.43517253828423,35.59829187507313,0 34.434987963452,35.59820366845943,0 34.43473389168102,35.59809227718971,0 34.43458012021114,35.59802523483334,0 34.43452739919194,35.59800224895779,0 34.43458092814591,35.59807050115393,0 34.43477885032187,35.59832285938057,0 34.43493907109283,35.59847061693432,0 34.43511397317255,35.59862480914461,0 34.43534880422298,35.59857872683646,0 34.43546128777068,35.59858602705976,0 34.43553231660929,35.59864611502111,0 34.43551598734776,35.59880822754737,0 34.43539904118249,35.59911685397754,0 34.43565618841374,35.59934050786476,0 34.43568633051789,35.59962883690397,0 34.43565725512434,35.59980973276965,0 34.4357119591246,35.59995704398185,0 34.43583379662301,35.6004482197287,0 34.43589935519337,35.60048922293984,0 34.43596763011393,35.60053192593618,0 34.43615159642048,35.60062857205938,0 34.43626000716339,35.600716917756,0 34.43639801240712,35.60085549118321,0 34.43647952389951,35.60099305627097,0 34.4365653982284,35.60106261261114,0 34.43667467960397,35.60120916984182,0 34.43682130779878,35.60128859389228,0 34.43714990521082,35.60157025538926,0 34.43794136486407,35.60190861747366,0 34.43796329021227,35.60197137722339,0 34.4379998424864,35.6019785583031,0 34.43811830137052,35.60194505466136,0 34.43860993910988,35.60199432183253,0 34.43866760043489,35.60200445098442,0 34.4389042170587,35.60204601805188,0 34.43921039417998,35.60208561278028,0 34.43938099182399,35.60207263281257,0 34.43961628392718,35.60199575456484,0 34.43994674289121,35.60188778112671,0 34.440333548271,35.60171600275683,0 34.44060632553745,35.60149308995749,0 34.44060558435962,35.60147039554072,0 34.44041700438586,35.60116870327781,0 34.4404413907141,35.60110393211067,0 34.4405234273322,35.60108022369774,0 34.44063973032956,35.60108762658178,0 34.44091245747723,35.60135347724061,0 34.44106964438321,35.60149163194157,0 34.44132496580298,35.60165777051146,0 34.44147532683288,35.60178277332977,0 34.44154430195904,35.60181771672438,0 34.44159873121965,35.60188006885713,0 34.4416215822605,35.60193983190754,0 34.44164899554658,35.60197709574731,0 34.44166258230167,35.60199556462191,0 34.4419653411567,35.60225597491596,0 34.44204967933355,35.60228700028444,0 34.44251922540303,35.60267948652898,0 34.44263347375031,35.6027415293183,0 34.44279778543906,35.60298627404252,0 34.44276811563569,35.60307624284611,0 34.44263228653742,35.60321529837567,0 34.44266967917529,35.60324593908958,0 34.44274172052233,35.60325506223459,0 34.44283126801214,35.60323140739975,0 34.44286232998922,35.60323845987249,0 34.44292782739611,35.6033135891544,0 34.44299267159865,35.60329585742373,0 34.44303650669555,35.60333552343634,0 34.44297781883301,35.6034215796501,0 34.44266515123412,35.60334790880886,0 34.44245916394237,35.60319161179257,0 34.44207032513763,35.60282090954829,0 34.44201938884394,35.60275125180652,0 34.44195433883369,35.60274206527848,0 34.44192071354296,35.60276520522115,0 34.44189722728015,35.60279885310199,0 34.44188917578876,35.60286416086362,0 34.44190422047211,35.60293822539995,0 34.44211138449958,35.60345492717204,0 34.44224270321755,35.60362771016776,0 34.44233848801002,35.60362112181081,0 34.44240214492188,35.60367241745185,0 34.44245540717868,35.60397353015613,0 34.44253376649862,35.6040748391308,0 34.4426415810706,35.60417567278815,0 34.44256258280497,35.60420371551847,0 34.44255388348333,35.60422387508302,0 34.44256584061763,35.60429144425539,0 34.44259034548416,35.60432872825665,0 34.44261547543636,35.60433991282451,0 34.44264609309487,35.60431598496385,0 34.44267700382268,35.60431243884629,0 34.44274546927777,35.60442025957429,0 34.44288258398539,35.60471825716276,0 34.44306375946966,35.60495469183147,0 34.44320791112221,35.60504713802688,0 34.44374324818715,35.60511641427397,0 34.44377065672231,35.60511239072377,0 34.44380225062764,35.60505226860193,0 34.44380783295556,35.60502367730907,0 34.44383430277,35.60502686413701,0 34.44385727932575,35.60512841141123,0 34.44387866381592,35.60519171451414,0 34.44392114330293,35.60519387219856,0 34.44401445038774,35.60515377056156,0 34.44412813214448,35.60514141008409,0 34.44432220074446,35.60502383436795,0 34.44436728181068,35.6049638928896,0 34.44436615903712,35.60492058442004,0 34.44433409392613,35.60487857968333,0 34.44420619138468,35.60473542890606,0 34.44426010509286,35.60473411660759,0 34.44426176331127,35.60471045437722,0 34.44416347743738,35.60461269479488,0 34.44417821086324,35.60459543509509,0 34.44426660656321,35.60463049917193,0 34.44427552324431,35.60462552465976,0 34.44427638235601,35.60461573134961,0 34.44418151379261,35.60454729517036,0 34.44420019381791,35.60452673737085,0 34.44435409683693,35.60460278431829,0 34.44437287200697,35.6045887494624,0 34.44423184583491,35.60450524539538,0 34.44424845958014,35.60447981409225,0 34.44447588657592,35.60452909034736,0 34.44459007922872,35.60462181115278,0 34.44465011450734,35.60462941339458,0 34.4446776543281,35.60459980353207,0 34.44463791062495,35.60454472105933,0 34.44466872616566,35.60453465326412,0 34.44480747672835,35.60459860726603,0 34.44484941800263,35.6045982214596,0 34.4448790841091,35.60457756244937,0 34.44487845026435,35.60453353523702,0 34.4450001407127,35.60459194006349,0 34.44503478817514,35.60457042006426,0 34.44500243324784,35.60454299391002,0 34.44493409215948,35.60451345332042,0 34.44473998314356,35.60448914844501,0 34.44472224373688,35.60443630939646,0 34.44473770683594,35.6044002886814,0 34.4448552875252,35.60431195631833,0 34.44470878571463,35.60419506967558,0 34.44456554165406,35.60402678274945,0 34.44457028838077,35.60400961570447,0 34.44459922561046,35.60400771860331,0 34.44468395320569,35.60406564768316,0 34.44470464254391,35.60404588764826,0 34.44470499599889,35.60400103566867,0 34.44467095134043,35.6039255158276,0 34.44461185647597,35.60384441661638,0 34.44461264598067,35.60382983312046,0 34.44464148796443,35.60382141394214,0 34.44467455984382,35.60382926287643,0 34.44494765009421,35.60399798424103,0 34.44496010788505,35.60399613688772,0 34.44496248760961,35.60398806293553,0 34.44493407877707,35.6039572368006,0 34.4448968738666,35.60393974191395,0 34.44489770800251,35.60392831854703,0 34.44491261800868,35.60392328833471,0 34.44498279124339,35.60394139631195,0 34.44508236842108,35.60405953040679,0 34.44510196274636,35.60417187707012,0 34.44515786127663,35.6042390414707,0 34.4452507309932,35.60430749634987,0 34.44532569734709,35.6043810074164,0 34.44542736682223,35.60450564472174,0 34.44549943204915,35.60458570647739,0 34.44554782292444,35.60461706148602,0 34.44577356028491,35.60468755191774,0 34.4461889889778,35.60489165113908,0 34.44652118514032,35.60503770501972,0 34.44663951219472,35.60510521055613,0 34.44733354684263,35.60544402983991,0 34.44739662189458,35.60555852320291,0 34.44754002319495,35.60570234226208,0 34.44763236293058,35.60587231865261,0 34.44770755575273,35.60596131964365,0 34.44777778459793,35.60598299331552,0 34.44790750201601,35.6059399033169,0 34.44796025506947,35.60596183917632,0 34.44807286411029,35.60611735808219,0 34.44812263119572,35.6061400363327,0 34.4482274124034,35.60609921403145,0 34.44826776382185,35.60609231842631,0 34.4482928888292,35.60610309358663,0 34.44831665880034,35.60622763283676,0 34.44834025648242,35.60627103876126,0 34.44839501951137,35.60629377219656,0 34.44852350352025,35.60626893753991,0 34.44867515197772,35.60629199750139,0 34.4488213189865,35.60628126886274,0 34.44892248710511,35.60630153426268,0 34.44899255370464,35.60634654958275,0 34.44904429549422,35.60640233432255,0 34.44908278766308,35.60647414299859,0 34.44909703008457,35.60656126076319,0 34.44908104889838,35.60666496624322,0 34.44910331337353,35.60668514586795,0 34.44930850938342,35.60668616901512,0 34.44942227330944,35.60668673628724,0 34.44945518712127,35.60672604730606,0 34.44943789653126,35.6068462153763,0 34.44946574804995,35.60687890637394,0 34.44951229178702,35.60689255630567,0 34.4497513278959,35.60683886169607,0 34.44981289267167,35.6067926440898,0 34.44984952374167,35.60678162987843,0 34.44988472119753,35.60678394517952,0 34.4500371346868,35.6068425960299,0 34.45015480929193,35.60682808639999,0 34.45020165749172,35.60683603834222,0 34.45027656942855,35.60688505737986,0 34.45032671770959,35.60696498792468,0 34.45049524438779,35.60710654427621,0 34.45061848574012,35.60714148419321,0 34.45066017450885,35.6071921404149,0 34.45068577803107,35.60727638588692,0 34.45069329081622,35.60746046363341,0 34.45068958278036,35.6075953631484,0 34.4505782790702,35.60794758716067,0 34.450535771106,35.60812964904952,0 34.45053752743793,35.60825107766308,0 34.45057318372726,35.6083504105878,0 34.45065335585872,35.60843481192701,0 34.45080967272013,35.60854886824298,0 34.45093090005679,35.60862144725073,0 34.45109859769174,35.60866680132965,0 34.45116358305833,35.60870575529025,0 34.45122976749292,35.60871724200029,0 34.4513008140179,35.6086961415302,0 34.45135211367342,35.6086809062725,0 34.45141430868073,35.60864028869926,0 34.45146395018985,35.60859802616012,0 34.45151073644108,35.6084699879289,0 34.45157130044073,35.60826085833873,0 34.45161428813149,35.6081777369328,0 34.45172965416603,35.60803146115479,0 34.4517495881125,35.60802838834157,0 34.45183350839979,35.60807538178202,0 34.45198553625367,35.6082851777516,0 34.45212103555255,35.60841934213764,0 34.45230216489575,35.60857670316504,0 34.45245065682917,35.60881812339208,0 34.45251953697112,35.60890416827205,0 34.45258151802589,35.60895111565376,0 34.45288268969691,35.60910342606571,0 34.45296393770849,35.60911002025588,0 34.45305060934931,35.60901833512273,0 34.45311026180253,35.60903176244435,0 34.45319116020816,35.60909975426948,0 34.45324058594934,35.60911960907676,0 34.45335494337755,35.60916554752045,0 34.45339816304205,35.60929799009538,0 34.45340711759971,35.60938576766777,0 34.45338759714092,35.60946356772978,0 34.45329507942014,35.60954121286335,0 34.45329152462845,35.60959416771406,0 34.45336754035128,35.60976947611793,0 34.45338697493712,35.60988440066505,0 34.45336643112829,35.61002429607611,0 34.45339011014706,35.61006759000804,0 34.45362772655258,35.61012732076977,0 34.45385723511116,35.61015772603278,0 34.4539103331775,35.61018183516256,0 34.45390987050565,35.61020725128411,0 34.45382123019542,35.61035720358842,0 34.45385064516101,35.61036555461836,0 34.45390411755805,35.61024470966719,0 34.45397963921324,35.61018716593284,0 34.45419436784683,35.61013328446491,0 34.45431805408539,35.6100448566465,0 34.45436318838193,35.60997818581032,0 34.45439448586348,35.60988459605426,0 34.45447879320236,35.60993619458311,0 34.4547318163728,35.6101309767182,0 34.45481521408735,35.61021904215144,0 34.4549740230261,35.61024221307172,0 34.45504796218839,35.61027411087586,0 34.45511453337624,35.61032793293138,0 34.45520786857839,35.6103066799061,0 34.45524310959371,35.61031928888804,0 34.45532341746689,35.61039307414356,0 34.4553971856843,35.6103862176642,0 34.45547945736546,35.61030650470602,0 34.45552307181669,35.61021946480292,0 34.45553424620786,35.61012919743553,0 34.45546790735879,35.60976838436351,0 34.45551620004304,35.6097208930439,0 34.45568764966519,35.60968087380456,0 34.45579030458525,35.60970618307504,0 34.45595397076251,35.60979913580512,0 34.45612781100422,35.60993139018662,0 34.45623371992745,35.61001527564825,0 34.45629001820836,35.61001552970797,0 34.45633123407365,35.60999549434459,0 34.45636133965217,35.60995353717156,0 34.45630587265239,35.60989131538306,0 34.45621211701062,35.60976755451057,0 34.45616904763891,35.60966267209171,0 34.45609435339909,35.60957869228162,0 34.45608812465166,35.60954660582503,0 34.45615942152195,35.60952893861241,0 34.45623601075187,35.60954503281901,0 34.45632583189693,35.60962015612386,0 34.45650769217032,35.60982782450535,0 34.45663619843496,35.6100162454894,0 34.45676553770394,35.61006213739325,0 34.4568025371194,35.61009465923406,0 34.45690008574597,35.61033287298495,0 34.45708408341019,35.61063497018188,0 34.45715449840721,35.61072173276521,0 34.45721258534539,35.61075333699382,0 34.45735103728396,35.61079634399601,0 34.45742169255555,35.61086663961783,0 34.45747747179985,35.61100371696207,0 34.45761140207466,35.6111320295533,0 34.45770302921269,35.61135638732537,0 34.45777676570646,35.61144037496123,0 34.45791623682184,35.61149494360983,0 34.45797247905626,35.6114910797743,0 34.45808201816026,35.61146129462729,0 34.45816412101922,35.6114930655409,0 34.45863934010035,35.61194023259274,0 34.45872371089316,35.61199584684623,0 34.45878820100488,35.61207129567718,0 34.45889423782049,35.61213067599801,0 34.45899139550217,35.61223992491979,0 34.45909862246723,35.61224911671128,0 34.45926064111348,35.61222839492061,0 34.45943042536391,35.61218035683083,0 34.459822030053,35.61232664486408,0 34.45992885678245,35.6123083979563,0 34.46052040654634,35.61246594851094,0 34.46080702711647,35.61259204567733,0 34.46085982757682,35.61259564304347,0 34.46094853084007,35.61258053051844,0 34.46112042407093,35.61261126451911,0 34.4613534128442,35.61271492914121,0 34.46160783140711,35.61297068995159,0 34.46183608060628,35.61327589351312,0 34.46198424696182,35.61335878961525,0 34.46220983805672,35.61358051837891,0 34.46235463122862,35.61376125313193,0 34.46246580633942,35.61384331879051,0 34.46260920439711,35.61405993594234,0 34.46264670866256,35.61403018304662,0 34.46265417374425,35.61398228788133,0 34.46264293314287,35.61390320707469,0 34.46268130030572,35.61386678171784,0 34.46273438740268,35.61388673680105,0 34.46276079260716,35.61389666238978,0 34.46282467233398,35.61412314725366,0 34.46286631254041,35.61416972243824,0 34.46297334881583,35.61419203602605,0 34.46332944243103,35.61413307868937,0 34.46337521939279,35.61413293718998,0 34.46345990667041,35.61416636105258,0 34.46360084052812,35.61429437978589,0 34.4636719334567,35.61433970551838,0 34.46375411163751,35.61438356538132,0 34.46442802885694,35.61465498753166,0 34.4649308175761,35.61491429065061,0 34.46524446548566,35.61502646935897,0 34.46544359240347,35.61520583549061,0 34.46575411258718,35.61534477537562,0 34.4657883389684,35.61537348520938,0 34.46591709841189,35.61553295926691,0 34.46596109976517,35.61555582902427,0 34.466026931881,35.61557849347421,0 34.46616288047943,35.61561298227307,0 34.46617826637028,35.61563307382031,0 34.46617180111664,35.61565963004901,0 34.46613561816381,35.61566571850002,0 34.46605146853502,35.61566679670621,0 34.46593237584852,35.61563830860474,0 34.4658266636137,35.61556169085257,0 34.46565450562053,35.61554059845767,0 34.46551741314386,35.61547914796857,0 34.46550515541869,35.61548997318429,0 34.46566678205274,35.61561324138023,0 34.46586402983854,35.61568436633403,0 34.46592081791715,35.6157181973091,0 34.46598682813612,35.61577347189485,0 34.4660507002271,35.61580980045381,0 34.46612705907009,35.61587155240411,0 34.46618048185262,35.61589151807296,0 34.46623301446881,35.61589343279574,0 34.46629289937272,35.61587923304976,0 34.46631695810633,35.61590276268765,0 34.46631220893202,35.61603716567951,0 34.46625753624675,35.61615122069955,0 34.46620321554897,35.61624810728988,0 34.46613611053805,35.61636779401427,0 34.46613549146927,35.61643908875026,0 34.46637117539032,35.6168557870061,0 34.46643109216867,35.61711835313096,0 34.46642081612015,35.61725108398771,0 34.46653300053106,35.6173995359203,0 34.46663633017123,35.6174346573687,0 34.46684506851229,35.61752366102682,0 34.46710580844106,35.61766022480322,0 34.46723211072261,35.6177079221319,0 34.46733714193096,35.61772322921308,0 34.46742024208197,35.61771769452074,0 34.46826023620684,35.61758459033041,0 34.46835279897986,35.61754733227937,0 34.46851523907678,35.61751457117981,0 34.46861018467613,35.61746615086956,0 34.46866461020862,35.61740897689037,0 34.4687154543841,35.61732164060027,0 34.468379683146,35.61727286274805,0 34.46835312072475,35.61723704861537,0 34.46834081714234,35.61707896971093,0 34.46839141289097,35.61689925138235,0 34.46834545731987,35.61665865688266,0 34.46839259243423,35.61652649770122,0 34.46839391110654,35.6164463695086,0 34.46827814850985,35.61643659526158,0 34.46824867120137,35.61641175227151,0 34.46825150945983,35.61637845741701,0 34.46829012876458,35.61634618284675,0 34.46839392920159,35.6163343424595,0 34.46854905961703,35.61636275557973,0 34.46900779934374,35.61656144180619,0 34.4691820350546,35.61664466974593,0 34.46931452803131,35.61671742677856,0 34.46951341532608,35.61678005311913,0 34.46994954552943,35.6167983489948,0 34.47002298343386,35.6168146304707,0 34.47028150865086,35.61691675097116,0 34.47060262952218,35.61708957054611,0 34.47096553299107,35.61733192697856,0 34.47112030368668,35.61739225042436,0 34.47148659051545,35.61746874038268,0 34.47171339821491,35.61756300966515,0 34.47183753666891,35.61763312797069,0 34.47217441876008,35.61768969359823,0 34.47233975307359,35.61773294305636,0 34.47258676239817,35.61784331493464,0 34.47278128415246,35.61794807163091,0 34.47328927525935,35.61810078604164,0 34.47345675481247,35.61817660282069,0 34.47348964241992,35.61820684446828,0 34.47356665627166,35.61835276920701,0 34.4736524758085,35.61849296694054,0 34.47390256149876,35.61855735776885,0 34.4739540845599,35.61858944141163,0 34.47399833989316,35.61864066885698,0 34.47403898819123,35.61873801806362,0 34.47410927469127,35.61904441551813,0 34.47415855157878,35.61917412891371,0 34.47431896092192,35.61939055301688,0 34.47436161529549,35.61952913354651,0 34.47435505655471,35.61962074813272,0 34.47428931236846,35.61976984891929,0 34.47429831615328,35.61986835856744,0 34.4743379505836,35.61994439404137,0 34.4744252871748,35.61999450820335,0 34.47450928299929,35.61999912540866,0 34.474637125642,35.61998162112798,0 34.47490793268851,35.61990029981477,0 34.47501523190294,35.61984361027255,0 34.4750951449611,35.61973490124991,0 34.47511041705579,35.61964719585211,0 34.47505947059856,35.61957229142024,0 34.47508356479386,35.61953301059469,0 34.47530398720342,35.61928821236431,0 34.47533001137645,35.61920481475264,0 34.47529418883011,35.6189215480618,0 34.47530601733896,35.61889473283821,0 34.47548895693054,35.61874601926205,0 34.47557241693836,35.61870856527292,0 34.47562181270746,35.61871025023554,0 34.47577948049604,35.61876091950567,0 34.47602200649246,35.6188606603755,0 34.47613061278695,35.61893453519863,0 34.47622391100904,35.61899799805509,0 34.47631631296785,35.61903136955307,0 34.47648262153241,35.61906322497997,0 34.47678079339747,35.61909464607903,0 34.47720378554688,35.61905475562716,0 34.47769218776197,35.61904686008209,0 34.47774907213612,35.6190590130154,0 34.47821328775012,35.61929061602335,0 34.47833481674346,35.61933430999495,0 34.47858096275812,35.61936051155062,0 34.47884957322746,35.61948679688779,0 34.47906445729395,35.6195605889942,0 34.47935288127088,35.61961926866709,0 34.47949096003771,35.61962258552104,0 34.47960556573371,35.61963497220537,0 34.48030147875016,35.61984564109906,0 34.48040560467449,35.61986095955223,0 34.48050945226644,35.61985752567449,0 34.48101315643113,35.6197361267156,0 34.48117295282207,35.61973297590635,0 34.48124509174512,35.61974696648442,0 34.48139294422941,35.61981405421843,0 34.48154971364664,35.6197102349266,0 34.48166587736872,35.61967291794866,0 34.48182186512363,35.6196498786498,0 34.4819246504873,35.61969483235842,0 34.48197174442786,35.61970416839669,0 34.48204810791344,35.61973361141127,0 34.48214944706896,35.61980108391859,0 34.48216394283106,35.61986460593587,0 34.48212550896751,35.62003457910598,0 34.48214093509894,35.62013146610989,0 34.4821657355192,35.62018631038872,0 34.48227063440422,35.62027928636223,0 34.48228358054036,35.62045301273066,0 34.4823127850735,35.62052136550285,0 34.4823477893868,35.62056672572037,0 34.4824822508095,35.62062320888437,0 34.48275381384816,35.62077171319505,0 34.48296058686068,35.62086069922576,0 34.4833224080916,35.62104631428395,0 34.4833996565029,35.62110163806496,0 34.48353280024956,35.6212664893128,0 34.48359682331449,35.62129341924036,0 34.48363943257934,35.62130340916895,0 34.48392137187995,35.62131743464266,0 34.48393723811234,35.62129345282792,0 34.48394531701981,35.62123302448132,0 34.48395665373042,35.62117860059736,0 34.48398566805645,35.62114082017685,0 34.48401399382329,35.62113022864603,0 34.48451187384954,35.62118785536989,0 34.48482790285281,35.62121011587647,0 34.48497852020898,35.62120699562438,0 34.48513642161085,35.62120591860499,0 34.48537117787115,35.62118772639399,0 34.48544961372379,35.62116371182053,0 34.48552112174965,35.62104252924474,0 34.48564644722893,35.62089712634666,0 34.4857384828021,35.62081413723725,0 34.48601655597974,35.62069381124056,0 34.4861719006685,35.62065954842484,0 34.48635572341203,35.62065999032861,0 34.48661849685667,35.62068049517762,0 34.48729193750746,35.62080188619648,0 34.4874059356958,35.62080915389397,0 34.48769376959059,35.62085002400987,0 34.48807171984722,35.62097136735882,0 34.48853418912735,35.62116630640805,0 34.4886394274505,35.621188945424,0 34.488974078237,35.62118716503952,0 34.48903870208803,35.62116616047094,0 34.48923873624018,35.62104763891387,0 34.48935717736546,35.6209510994772,0 34.48948712408964,35.62119300410316,0 34.48948766828313,35.62119401757366,0 34.48957776948973,35.62122872214,0 34.489818396682,35.6212926324168,0 34.48998224296262,35.62130291580701,0 34.49017057977119,35.62130302475817,0 34.49037987759022,35.62128673743133,0 34.49051037305713,35.62126958814493,0 34.49076238852212,35.62128306661941,0 34.49100870194589,35.62132276091143,0 34.49112676589901,35.62137096116766,0 34.49120574764493,35.62143438576053,0 34.49123849780827,35.62148604022731,0 34.49126563690714,35.62156678666046,0 34.49128660741201,35.62174063145002,0 34.49128267063105,35.62186951280078,0 34.49126537528419,35.62196834739395,0 34.49127122365241,35.62204540638306,0 34.49129324683687,35.62208602731479,0 34.49129593560279,35.62208923397014,0 34.4913647608493,35.62212078489558,0 34.49147232065386,35.62213352142556,0 34.4915778718836,35.62212963419694,0 34.49174064605386,35.62210735507036,0 34.49203319589895,35.6220337750449,0 34.49219855823534,35.62200799799115,0 34.49234997752373,35.62200039835025,0 34.49245257184543,35.62200567651178,0 34.49254701859449,35.62202428658777,0 34.49269137043073,35.62208420726727,0 34.49298823272498,35.62230182299344,0 34.49305115014332,35.62233788115083,0 34.49314576749949,35.62237656095976,0 34.49338700044225,35.62240214046814,0 34.49344035545241,35.62239971073525,0 34.49351993991047,35.62238577412707,0 34.49396837146954,35.62226075704147,0 34.49403863213276,35.62223146151608,0 34.4941788608143,35.62211443965113,0 34.49422856337935,35.62208366595249,0 34.4942570178362,35.6220567355308,0 34.49429597178831,35.62200123185136,0 34.49432432155856,35.62193558021774,0 34.4943603394838,35.62189212461126,0 34.49443730580442,35.62187964924383,0 34.49452859503741,35.62188332020059,0 34.49467211060796,35.62190708408124,0 34.49485277425658,35.62196270058826,0 34.494928690733,35.62199753298056,0 34.49504257576181,35.62206025956553,0 34.49523956106339,35.62220624437598,0 34.49541754997787,35.62237659977939,0 34.49568788794831,35.62271861562421,0 34.49572616701152,35.62278661977437,0 34.4957724713262,35.62284209351418,0 34.49621093265914,35.62321204220996,0 34.496341204865,35.62332195812738,0 34.49657365233735,35.62338190620419,0 34.49676174937803,35.62339661318173,0 34.49693315342537,35.62342818124493,0 34.4970409727995,35.62342036408101,0 34.49714338350412,35.62342486003061,0 34.49744012328972,35.62340634515801,0 34.49750888843299,35.62343933885029,0 34.49802947817395,35.623572056787,0 34.49831505873546,35.62367031096164,0 34.49834298406463,35.62370527938484,0 34.49835387430309,35.6237866795444,0 34.49838412233281,35.62386194301846,0 34.4983058855213,35.62401343959628,0 34.4983075351703,35.62451539699674,0 34.49835978791617,35.62460029401696,0 34.49829887972728,35.62474589994279,0 34.49822173630587,35.624750711395,0 34.49810718224435,35.62471411222361,0 34.49804386456157,35.62470841263601,0 34.49796524574884,35.62474407171555,0 34.49788103944821,35.62489766462599,0 34.49786752594353,35.62499266601407,0 34.49787234233919,35.62514712373306,0 34.49792620042469,35.62530517402631,0 34.49803744016432,35.62552433624731,0 34.49810546781742,35.62563074790955,0 34.49822976100782,35.62578481902322,0 34.4984306660966,35.62595478101424,0 34.49847490825449,35.62599259527165,0 34.49869609529757,35.6261801831673,0 34.49906280223379,35.62636394987101,0 34.4993171661889,35.62647626443297,0 34.49961970452539,35.62658040469255,0 34.50068003000587,35.62688321993898,0 34.50090115542125,35.62695562039968,0 34.50124934118609,35.62702950013042,0 34.50158163057828,35.62705224453325,0 34.50245422912559,35.62714607365981,0 34.50289762900166,35.62720987738942,0 34.50290096721243,35.62720953202032,0 34.5030536555868,35.62719373329606,0 34.50318214231356,35.62719281297559,0 34.50328865345501,35.62721653165267,0 34.5033126099779,35.62721727627851,0 34.50336180261165,35.62719790851285,0 34.50347557010721,35.6271736800373,0 34.50376445248902,35.62705974107077,0 34.50384472993296,35.62701630059188,0 34.50388484205245,35.62697754509352,0 34.50396666941983,35.62685668722639,0 34.50401112999023,35.62672585781569,0 34.50405796889035,35.62652477274852,0 34.5040555096666,35.62646779951766,0 34.5040129678526,35.62637854081315,0 34.50401106807904,35.62636445391717,0 34.50403181462941,35.62632602580111,0 34.50403233607901,35.62630778192177,0 34.5039503805887,35.62617049020849,0 34.5039542583594,35.62612022233421,0 34.50397250528614,35.62604470091108,0 34.50402506600378,35.62598573657184,0 34.50408419599056,35.62584871902578,0 34.50411863505791,35.62581351125257,0 34.50416631539219,35.62578771552548,0 34.50429963092124,35.62573928737758,0 34.50440539576704,35.62572343942973,0 34.50452938705288,35.62571572086497,0 34.50469870881617,35.62572352111373,0 34.50484304735808,35.62579868685616,0 34.50489759934047,35.62581019898263,0 34.50497135673225,35.62588730354301,0 34.5051697052217,35.62615147128631,0 34.5052317030229,35.62623994659307,0 34.50537561349586,35.62636149901349,0 34.50557308181867,35.62654115485051,0 34.50586028002859,35.62703277167203,0 34.50594463253653,35.62714056261404,0 34.5059674325767,35.6273092236671,0 34.50599272160755,35.62739789345652,0 34.50602275916491,35.62742793450752,0 34.50603341783862,35.62744993462555,0 34.50607562946053,35.62749519487692,0 34.50611066316927,35.62757001700293,0 34.50611203508914,35.62760778495864,0 34.50605641932835,35.62789635776155,0 34.50604683850566,35.62801514475678,0 34.50605886782099,35.62818087805023,0 34.5059981414636,35.62825093950234,0 34.50598254920819,35.62835879939607,0 34.50594058743892,35.62846017386598,0 34.50595554661558,35.62857825657171,0 34.50601474828884,35.62867876088331,0 34.50602102555325,35.62871180722114,0 34.50600481842235,35.62880236751621,0 34.50601072525539,35.62885838821678,0 34.50602399235205,35.62888114068741,0 34.50614168909546,35.62898819185404,0 34.50626309233453,35.62904231579018,0 34.50636977977573,35.62907742918701,0 34.50647097564802,35.62911878552298,0 34.50656937774951,35.62905496856743,0 34.50660637646231,35.62912626194392,0 34.50678230674153,35.62912194414155,0 34.50679053274471,35.62913187826457,0 34.50679291136749,35.62914974519361,0 34.50674229389682,35.62929918732652,0 34.5067563647498,35.62946385313288,0 34.50674711410298,35.62949319674757,0 34.50672104807195,35.62952966227614,0 34.50672176259384,35.62955049975881,0 34.5067343397003,35.6295640564837,0 34.5071641890537,35.62980300528739,0 34.5072580691817,35.62986185619558,0 34.50752869392364,35.62999633890831,0 34.50761856969137,35.63005425279861,0 34.50772664889971,35.63015449225553,0 34.50802764376304,35.63033899417375,0 34.50803477885849,35.63034690147462,0 34.50813451679588,35.63045742170922,0 34.50824515029436,35.63054113884153,0 34.50832643501958,35.63064021001369,0 34.50844743632409,35.63070474956072,0 34.50847252782066,35.63076295864715,0 34.50842569591541,35.63086706076545,0 34.5084599523192,35.63098831885723,0 34.5084055065797,35.63115316387041,0 34.50845320585143,35.63119349414777,0 34.50846849228287,35.63123934936795,0 34.5084852177688,35.63125862723859,0 34.50855637744221,35.63128368605215,0 34.5086419604231,35.63135125013421,0 34.508796936384,35.63138092764043,0 34.508932851163,35.63142181806223,0 34.50899683944826,35.631399274137,0 34.50937751420814,35.63120301740694,0 34.5094631240388,35.6311910206649,0 34.50970940703625,35.63120065918985,0 34.50990110757097,35.6312439368583,0 34.51012431690118,35.63132622373575,0 34.51042929925766,35.63153924937649,0 34.51046075941068,35.63158957438161,0 34.51045919956437,35.63161773401939,0 34.51036392419046,35.63174159106108,0 34.51062910647782,35.6318989171242,0 34.51098697602357,35.63204475348563,0 34.5114122782902,35.63223131368773,0 34.51184663063644,35.63240236030526,0 34.51203670405402,35.63242837562147,0 34.51231171284848,35.63254763897509,0 34.51244341806296,35.63259177310511,0 34.51251849439364,35.63266579655347,0 34.51270382875897,35.63289750347224,0 34.51275890811359,35.63299203941352,0 34.5127934996049,35.63308580797148,0 34.51281545999743,35.63311245192111,0 34.51290459418269,35.63317321264736,0 34.51301259296844,35.63327809674308,0 34.51315247771209,35.63333083862149,0 34.51318477281173,35.63339827037516,0 34.51331612633868,35.63343465915122,0 34.51340426297028,35.63349522654915,0 34.51351778576225,35.63360133492741,0 34.51358263230872,35.63361169886765,0 34.51367581982205,35.63357163325642,0 34.51375195643028,35.63350929796046,0 34.51386667597928,35.63333144174889,0 34.51392797701174,35.63317455085541,0 34.5139227387046,35.63305039815302,0 34.51392610680511,35.63288001313246,0 34.51394935438697,35.63277401004262,0 34.51397931894626,35.63275987967879,0 34.51407876826205,35.63277947318608,0 34.51420818975981,35.63285099997308,0 34.51436644279345,35.63298624706709,0 34.51493768903541,35.63330471121632,0 34.51518016132262,35.63341761613481,0 34.51533736215933,35.63348399944242,0 34.51561582018427,35.633651486179,0 34.51598656055829,35.63378193898723,0 34.51631315971851,35.63388836711182,0 34.5163271983885,35.63389829226197,0 34.5163680388608,35.63392716450632,0 34.51640811012542,35.63394763342893,0 34.51665285730665,35.63410056369493,0 34.51680709456265,35.63415468867301,0 34.51694407777637,35.63418120797009,0 34.51708021983342,35.63417536729111,0 34.51723141167539,35.63416121767515,0 34.51737316623039,35.63416151363898,0 34.517526550776,35.63416758578516,0 34.51763152409951,35.63418627668342,0 34.51782306521019,35.6342395607673,0 34.51793057705887,35.63427847006763,0 34.51807813235718,35.63434217659063,0 34.51827728035425,35.63444168371618,0 34.51840294624598,35.63451742594044,0 34.51854078321081,35.63456082891506,0 34.51860062311103,35.6345883793479,0 34.51867228017328,35.6346282042038,0 34.51898467741468,35.63469631520621,0 34.51936607491564,35.63475464806685,0 34.51958649527537,35.63477921766966,0 34.51976439916734,35.63479288587059,0 34.5199866585535,35.63478484844316,0 34.52018334021854,35.63479079251047,0 34.52045287351704,35.6348244459385,0 34.52068243986043,35.6348607447359,0 34.52097824658292,35.63485507170095,0 34.52102077600449,35.63485190119285,0 34.52117928374831,35.63485106452386,0 34.52148814138906,35.6348682815683,0 34.52167177611333,35.63487238549043,0 34.52191630874499,35.63489502394279,0 34.52213109672153,35.6349120852061,0 34.52227553776871,35.63493004068548,0 34.52260623097771,35.63494859205608,0 34.5229908195814,35.6349730823169,0 34.52328184457891,35.63501047889405,0 34.52341654648045,35.63502463042279,0 34.52396773020057,35.63505125041135,0 34.5245954970969,35.63509979055947,0 34.52486857227573,35.63511693457087,0 34.52541448974888,35.63518077500282,0 34.52595614845704,35.63523663334679,0 34.52618854339639,35.63525488008884,0 34.52650809097818,35.63528858725034,0 34.52666553605067,35.6352996945018,0 34.5268458107186,35.63533759406563,0 34.52712410750723,35.63539006163002,0 34.52740074916608,35.63542694835473,0 34.52756442967497,35.63544315380842,0 34.52775343752413,35.63545211811462,0 34.52815757189246,35.6354347881833,0 34.52844752797636,35.63540587963868,0 34.5285522687015,35.63539893024567,0 34.52869757858249,35.63540593324768,0 34.52888353429008,35.6354319524315,0 34.52893972702485,35.63543026934079,0 34.52901181730725,35.63540844559706,0 34.52913246532727,35.63535811404899,0 34.52924707389659,35.63527692437736,0 34.52952603277112,35.63507221312428,0 34.52958213739895,35.63500694913723,0 34.52959034856911,35.63497137787746,0 34.52958753197233,35.63472231930549,0 34.52959679868172,35.6344739841554,0 34.52961630410316,35.63433024991065,0 34.52961925416201,35.63421736321617,0 34.52963166293193,35.63414138339257,0 34.52965032421328,35.6340674204137,0 34.52965458358865,35.63405840268882,0 34.52967298259583,35.63401945399337,0 34.52970993471707,35.6339822577571,0 34.52990341411329,35.63387628223511,0 34.53008805095313,35.63379066035721,0 34.53020086619862,35.63375246048795,0 34.53034078482176,35.63373583672337,0 34.53049696647528,35.63374607004228,0 34.53083048446064,35.63381346905962,0 34.53116081879528,35.63388003523072,0 34.53147806604475,35.63396555843285,0 34.5315592632452,35.63400068139895,0 34.53166435840316,35.63407796449442,0 34.53174175234851,35.63411758056449,0 34.53183259246057,35.63409310679579,0 34.53187020883067,35.63411141716607,0 34.53189666890798,35.63413702338443,0 34.53198649785922,35.63427467723069,0 34.53203451083121,35.63440348926169,0 34.53205007258538,35.63453619282777,0 34.53203244540916,35.63462604968333,0 34.53200808719565,35.63469067844167,0 34.53195048529184,35.63480271833676,0 34.53187716036032,35.63487853052409,0 34.53169483831376,35.63499991890679,0 34.53130157331664,35.63520136972337,0 34.53121339500709,35.63525132936136,0 34.53114532557398,35.63531351800627,0 34.5310445582107,35.63544760597389,0 34.53098444229412,35.63556864099917,0 34.53096878237367,35.63564913596209,0 34.53090176456568,35.6357888267022,0 34.53088395059331,35.63594519555558,0 34.53089632931465,35.63608791812563,0 34.53093243913145,35.63624540126241,0 34.53106475592274,35.63647932112197,0 34.53121443726666,35.63672905740569,0 34.53132095484774,35.63694343647734,0 34.53140356659414,35.63713793280904,0 34.53154082411146,35.63731305708603,0 34.53161893725695,35.63736422138729,0 34.53183644515432,35.63750668794719,0 34.53210611599435,35.63774160542639,0 34.53220097108231,35.63783308458908,0 34.53250697808721,35.6380666303926,0 34.53271289929033,35.63827497474212,0 34.5328229413031,35.63834472255216,0 34.53310605885927,35.63844699410429,0 34.53333890752779,35.6385284711177,0 34.53352819763414,35.63861223270785,0 34.53396067978021,35.63872360413655,0 34.53422577296185,35.63877755164238,0 34.53449967740696,35.63885498944784,0 34.53474842603413,35.63890111861745,0 34.5353869593347,35.63904456686061,0 34.5356082195532,35.63910946849461,0 34.53592793252669,35.63921260770528,0 34.53638890634568,35.63931887548917,0 34.53692403797712,35.63945799473657,0 34.53710669898341,35.6394898902633,0 34.53752908221605,35.63959301965094,0 34.53793999324284,35.63970321908069,0 34.53855397970935,35.63988036872273,0 34.53888200147015,35.63997457262581,0 34.53913236802227,35.64006601361876,0 34.53959570650989,35.64021116637464,0 34.53981721249313,35.6402706424636,0 34.53998419488133,35.64030098747548,0 34.54022168497581,35.64031884793192,0 34.54034505084596,35.64034752875028,0 34.54060542549266,35.64034624206655,0 34.54077139016895,35.64042729030938,0 34.54090756979321,35.640447923571,0 34.54107869516395,35.64042773091895,0 34.54150420748583,35.64035087354042,0 34.54166633902563,35.64034176941945,0 34.54193833547192,35.64035972006498,0 34.54207925625175,35.64039042288373,0 34.54215391938103,35.64042207226887,0 34.54225779947294,35.64048278240396,0 34.54230869194808,35.64049657008484,0 34.54237249261686,35.64049932182544,0 34.54260789570785,35.64045887239364,0 34.54281796430602,35.64050392200188,0 34.54295333822409,35.64050484081962,0 34.54308105191916,35.64054908316953,0 34.54310135224871,35.64055611487365,0 34.54334541231947,35.64061081091571,0 34.54348479364926,35.64065183102095,0 34.54369988461983,35.64075698238567,0 34.54407566072341,35.64086885113502,0 34.54431382555921,35.64087385776282,0 34.54450927424099,35.64086768051589,0 34.54465158763198,35.64087594172818,0 34.54544124172806,35.6408859196219,0 34.54575442502014,35.64090699112014,0 34.54610472069407,35.64093998620409,0 34.54645727801687,35.64101075044413,0 34.54678154527183,35.64104905346138,0 34.5470310055514,35.64108432509462,0 34.54720254882501,35.64109046300626,0 34.54758960097795,35.64116213255731,0 34.54790325101578,35.64120714882861,0 34.54808408658648,35.64121319307578,0 34.54833158521937,35.64123303119445,0 34.54862215687142,35.6412334720794,0 34.5492607584466,35.64127591158496,0 34.54966807423624,35.64127313024211,0 34.55014511582385,35.64131488349068,0 34.55039898992062,35.64130220738544,0 34.55066438222878,35.64127775482012,0 34.5509130707682,35.64126372497504,0 34.55124929586093,35.64121186915315,0 34.55148051730459,35.64118186181178,0 34.55154799943256,35.64115428458264,0 34.55166750872842,35.64107575129252,0 34.55171585320993,35.64106318262667,0 34.55184136752756,35.64105717720347,0 34.55212594179041,35.64108909461996,0 34.55223554408426,35.64107506478256,0 34.55241848370294,35.64103978396003,0 34.55248940495886,35.64103990969638,0 34.55268310836207,35.64109778634221,0 34.55271747570545,35.64109406727331,0 34.55282098312914,35.64105958738222,0 34.5528504886306,35.64105816870858,0 34.55293939653823,35.6411510966168,0 34.55294272129736,35.64122420167941,0 34.5529695875683,35.64127551885214,0 34.5530853789034,35.64138200586191,0 34.55319194883835,35.64146963098872,0 34.55331394466174,35.6415212090169,0 34.55346624595393,35.64157332334482,0 34.55356244981586,35.64161824843346,0 34.5536262309996,35.64162860078151,0 34.55364706465343,35.64162177648862,0 34.55369500311735,35.64157951420052,0 34.55373655465922,35.64157676649602,0 34.55378727582779,35.64160574885399,0 34.55381126012718,35.64166983822213,0 34.55386280044095,35.64169043219062,0 34.5542258786623,35.64174042406734,0 34.55441624819767,35.64180136001191,0 34.55454978373446,35.64182051405332,0 34.55477901683406,35.64183897858586,0 34.55503555977063,35.641820927487,0 34.55531149067785,35.64187515690813,0 34.55548255657643,35.64189449119281,0 34.55556143486233,35.64194060456412,0 34.55557725293096,35.64196647987379,0 34.55555987777906,35.64202692324648,0 34.55556614066001,35.64204797516282,0 34.55560825451568,35.64207131991298,0 34.55575116189552,35.64211706474592,0 34.55597597126203,35.6421564357667,0 34.55620046093665,35.64216194878635,0 34.55642412579629,35.64216017032627,0 34.55643248434321,35.64216180976943,0 34.55668483217733,35.64221129485811,0 34.55696058163479,35.64224301923615,0 34.55712745228675,35.64228141853845,0 34.55721734122136,35.64229332665663,0 34.55729197247721,35.64228431542982,0 34.55746605738917,35.64221260039831,0 34.55754012501448,35.64220111974386,0 34.5576707846555,35.64222589959675,0 34.55774325965755,35.64221814344995,0 34.55784389796325,35.64217268881299,0 34.55796409927712,35.64207676388095,0 34.55807614148063,35.64195406267767,0 34.55814978340225,35.64185983944746,0 34.55822296089751,35.64180851234852,0 34.55826158380609,35.64179413372724,0 34.55838927276177,35.64178888009636,0 34.55857439453667,35.64177591836382,0 34.55873805127115,35.64173765744349,0 34.55882032197685,35.64173752078401,0 34.5589066898626,35.64172545379566,0 34.5590527877449,35.64173294238807,0 34.5593665435315,35.64163009950195,0 34.55944877194181,35.64160921588041,0 34.55954290666326,35.64152842054163,0 34.55962247401285,35.64142970729972,0 34.55971683257848,35.64127291860764,0 34.5597493541642,35.64123400880872,0 34.55980784924542,35.64117873971595,0 34.56011058981851,35.64112902687029,0 34.56069172975166,35.64097825890816,0 34.56087570211136,35.64096030135678,0 34.56108144960027,35.64096438277044,0 34.56112441928724,35.64095392128988,0 34.56125390420536,35.64090469947526,0 34.56136625344151,35.64085576909039,0 34.56151444791469,35.64081544733651,0 34.56164306696962,35.64081973118782,0 34.56187720962892,35.64084904589075,0 34.5620307096912,35.64089107161912,0 34.5621695931569,35.64091203319614,0 34.562264586907,35.64092011773834,0 34.56235292146339,35.64096144732895,0 34.56253587392754,35.64100526945595,0 34.56260111322774,35.64104602163372,0 34.56270737912259,35.64116855466862,0 34.5627509464228,35.64120074698449,0 34.56285813446159,35.64124067976798,0 34.5629282559217,35.64130290224185,0 34.56298710367253,35.64143493108113,0 34.56310772978745,35.64157729804251,0 34.56313398010099,35.64162924540476,0 34.56314644427088,35.64174846600791,0 34.56319639603198,35.64185378618104,0 34.56322877659742,35.6419499598971,0 34.56324234780022,35.64201299194465,0 34.56324044100251,35.64203678827159,0 34.56322287482251,35.64206400704563,0 34.56317204722199,35.64209820947217,0 34.56307153111709,35.64213991154247,0 34.56304338340522,35.64214835726229,0 34.56299443649448,35.64217822735554,0 34.56295095066181,35.6422306815096,0 34.562951366184,35.64227377983846,0 34.56297295644013,35.64233672315767,0 34.56306656093769,35.64251047897493,0 34.56314341724617,35.64267170610686,0 34.56314890604322,35.64280264932376,0 34.56319044101263,35.64293556063698,0 34.56319668625066,35.64300496119261,0 34.5631615548356,35.64328740643666,0 34.56313272020311,35.64340223790421,0 34.56311880586441,35.64365937623276,0 34.56305610452542,35.64383053033678,0 34.56304139970391,35.64391992429119,0 34.56304073335649,35.64412171594308,0 34.5630285176607,35.64421601448546,0 34.56303707988888,35.64429717927135,0 34.56304320606422,35.64435525298943,0 34.56308057417168,35.64438497785385,0 34.5632403795809,35.6444736530111,0 34.56349764134877,35.64467093076119,0 34.56362174945838,35.64474623780366,0 34.56390613287262,35.64485170365404,0 34.56401643028753,35.64486061268691,0 34.56413562188268,35.6448572134446,0 34.56430418802133,35.64483149377523,0 34.56457036658816,35.64475891188966,0 34.56462526700137,35.64476445035783,0 34.56467717929074,35.64479102522198,0 34.56470216463921,35.64484769120878,0 34.56471824185927,35.64497085792669,0 34.56469751438093,35.64512963795539,0 34.56470035162124,35.64523017035926,0 34.5647290063775,35.64531714184296,0 34.56478020244639,35.64536799949988,0 34.56496368263347,35.64551414115925,0 34.56512643838676,35.64562399829604,0 34.56523361739099,35.64567543938362,0 34.56533033468075,35.6457045569945,0 34.56537258102254,35.64574820018105,0 34.56538523717874,35.64579431344568,0 34.56542113589733,35.64583234250106,0 34.56546995443992,35.6459095086111,0 34.56552414387364,35.64595433208807,0 34.56555797332906,35.64596314873239,0 34.56572206685709,35.64594724184352,0 34.56579364478899,35.64595375703725,0 34.56586524016961,35.64598356766612,0 34.56595716505219,35.64604763881897,0 34.56608633778723,35.64609998543028,0 34.56618958138329,35.64610241967782,0 34.56627148780688,35.64613271599261,0 34.56640588145222,35.64615256475451,0 34.5664340799156,35.64617714648588,0 34.56644128040502,35.64622637672952,0 34.56642342933142,35.64631426004567,0 34.56638863604537,35.64644638395916,0 34.56636417104888,35.64663322191488,0 34.56632699495329,35.64680199617579,0 34.56631754734782,35.64695193288371,0 34.56632842036189,35.64699676335444,0 34.56637937465149,35.64707347049676,0 34.56638436098908,35.64713472210521,0 34.56641297894245,35.64715210031331,0 34.56650074388761,35.64713942205599,0 34.56661070174122,35.64719856181175,0 34.56670448039287,35.64720638458032,0 34.56673681856245,35.64722219754978,0 34.56677030729012,35.64725994931694,0 34.56679635413732,35.64733415862186,0 34.56679468295012,35.64743453147458,0 34.56680582808489,35.64745884833622,0 34.56720793747355,35.6477779293939,0 34.5673395158131,35.64786178066205,0 34.56754022151849,35.64800676483646,0 34.56771860258709,35.64812667081701,0 34.56801484283876,35.64829336446536,0 34.56819846043066,35.64840623417589,0 34.56832904107514,35.64844882946598,0 34.56845617525227,35.64850438311389,0 34.56857474981618,35.64856250756179,0 34.56860842092546,35.6485612893825,0 34.56871170782294,35.64853274225869,0 34.56888663851937,35.64843626748088,0 34.56911457755612,35.6483440485206,0 34.56919329613951,35.64828390165805,0 34.56924358096102,35.64821793840971,0 34.56930979845582,35.64814526608333,0 34.56952661209535,35.64802996595766,0 34.56956771581255,35.64798816414199,0 34.56974094701632,35.64776866376806,0 34.56977095653983,35.64773912163445,0 34.56984745190911,35.64770738010751,0 34.57002159792348,35.6476351189533,0 34.57008173825229,35.64763127425477,0 34.57011712114639,35.64764561185924,0 34.57018162043559,35.64772203617511,0 34.57023269893233,35.64772674860523,0 34.57049906555834,35.64766757843557,0 34.57060624725514,35.64765765222185,0 34.57066364705792,35.64766970718476,0 34.57070520449156,35.64770841512289,0 34.57071081155969,35.64775676102335,0 34.57068256533285,35.64783162716127,0 34.57065280595068,35.64786671147272,0 34.57050883329902,35.64795926034017,0 34.5704891375551,35.64799173139176,0 34.57049300647147,35.64806877774805,0 34.57056881841403,35.64816630150109,0 34.57057881650415,35.6482191557217,0 34.57051478563308,35.64833172523522,0 34.57040887333975,35.64846870077353,0 34.57013201510632,35.64871535174153,0 34.57006305101844,35.64879959956582,0 34.57000865791715,35.64888818060012,0 34.56999789439159,35.64901216772433,0 34.57002532161341,35.64909556785241,0 34.5700708047685,35.64918200397611,0 34.57013161358425,35.64926420997813,0 34.57020958458487,35.64930722693215,0 34.57030088028666,35.6493901113426,0 34.57035709265327,35.64951832865002,0 34.57042879435614,35.64960543566644,0 34.57046264158785,35.6496610204613,0 34.57046580621429,35.64974901050414,0 34.57043269539558,35.64990441999858,0 34.57061270751963,35.65036186627722,0 34.57072727921781,35.65055757073137,0 34.57075268704362,35.65065156562299,0 34.57075674267595,35.65079529987674,0 34.57080425804347,35.65088121980546,0 34.57088500852316,35.65098436826387,0 34.57090483250235,35.65104242766503,0 34.57090721273777,35.65113634171811,0 34.57089538716566,35.65122125855937,0 34.57090284183457,35.65130275066466,0 34.57096460805514,35.65146539751692,0 34.57098431360951,35.6515172877821,0 34.57098193245238,35.6515505793181,0 34.57071943484859,35.65202054621538,0 34.57065194497476,35.65211900451171,0 34.57057781407148,35.6521924098308,0 34.57043726183432,35.65230095396751,0 34.57033018395639,35.65239540518088,0 34.5702643104332,35.65249096097993,0 34.57022836972064,35.65258502149982,0 34.57020418442149,35.65268575095447,0 34.57020505675078,35.65281847232711,0 34.57027687245989,35.6531468437629,0 34.57032917542475,35.65326953160039,0 34.57034351123678,35.65333354311441,0 34.57039115699992,35.65342504812791,0 34.57045442127842,35.65350468130209,0 34.57056010128127,35.6536611066721,0 34.57065871943207,35.65376600663198,0 34.57072990479511,35.65382060765109,0 34.57119236169283,35.65391243476963,0 34.57139497637267,35.65393818902972,0 34.57157527496128,35.65394736877948,0 34.57187861715517,35.65398084940357,0 34.57191033013757,35.65394265261513,0 34.57191171864542,35.65392532564289,0 34.57189661785846,35.65386573489938,0 34.57184259723975,35.6537658098143,0 34.57185416350615,35.65370866111538,0 34.57198948730478,35.65368927828458,0 34.57199900006172,35.65368578622675,0 34.57200219318567,35.65367726675449,0 34.57197773383088,35.65365681114737,0 34.57192198169848,35.65360476802913,0 34.57191020826108,35.65357094210414,0 34.57191094977956,35.65353936446228,0 34.57192842481687,35.65351338574301,0 34.57197267992381,35.65349697623255,0 34.57203161305934,35.65348788404197,0 34.57212745937721,35.65349742204893,0 34.57226140211559,35.65352184456091,0 34.57242520385631,35.65356615625753,0 34.57263489273354,35.65367008166002,0 34.57299681508188,35.65390109711749,0 34.57330709598943,35.65407697095692,0 34.57340339123427,35.65414047796752,0 34.57364615280223,35.65426994525815,0 34.57378475875458,35.6543515163773,0 34.57425697673096,35.65466252411604,0 34.57450573365276,35.65481543578948,0 34.57459328334134,35.65490432188979,0 34.57473570258834,35.65511977053891,0 34.57481146313776,35.65532962552279,0 34.5748301753854,35.65539384595289,0 34.57487667343418,35.65562097608732,0 34.57513591059706,35.65608964853944,0 34.57531305603392,35.65644646349285,0 34.57544910435936,35.65667945928314,0 34.57553087131695,35.65690045441398,0 34.57560175583097,35.65714328785132,0 34.57567247378899,35.65734980065254,0 34.57559576136534,35.65765118558849,0 34.57555584557041,35.6577365018886,0 34.57551719880486,35.65804475249979,0 34.57553504330207,35.65830103133197,0 34.57547392923018,35.65847266623494,0 34.57542442943743,35.65861247487006,0 34.57538791975161,35.65866923826215,0 34.57536832761507,35.65869969989297,0 34.57530639282505,35.65881407294369,0 34.57530357099549,35.65884952328756,0 34.57525243096635,35.65896111810257,0 34.57489112285882,35.65916037392302,0 34.57484334918893,35.65924318734557,0 34.5748083756416,35.6593974937986,0 34.57478346767822,35.65942708579573,0 34.57472130031901,35.65957219768452,0 34.57472243269579,35.65964279522752,0 34.57484232618607,35.65990464539456,0 34.57494149037417,35.66012121985866,0 34.57494141529816,35.66022034506518,0 34.57509065494706,35.66060036555982,0 34.5751215162658,35.66076027521454,0 34.57561486455883,35.66162545020218,0 34.57567317416665,35.66184223417381,0 34.57568171107238,35.66195926110153,0 34.57565524436414,35.66207325481586,0 34.57559087915548,35.66221106264553,0 34.57550908462555,35.66230016683769,0 34.57539851977971,35.66235969453123,0 34.57490534579055,35.66243301101955,0 34.57469551883698,35.66242668666698,0 34.57450492879237,35.66237433564589,0 34.57425880935207,35.6622845365824,0 34.57391860390824,35.66214003285575,0 34.57376756351613,35.66211477066222,0 34.57357847416977,35.66210415743765,0 34.57348404455585,35.66208000876836,0 34.57324878239803,35.66209634831838,0 34.57318021991063,35.66212828493463,0 34.57305971100603,35.66224256694976,0 34.57299389282611,35.66239396749564,0 34.57297892601356,35.66249867655328,0 34.57299564337178,35.66271100892141,0 34.57295340136594,35.66287947871623,0 34.57296559483554,35.66296523805275,0 34.57315349304231,35.66331702703836,0 34.57323082570203,35.66341671335061,0 34.57327182855641,35.66343054838111,0 34.57336649875855,35.66341769269211,0 34.57342700385666,35.66345407184368,0 34.57350897079665,35.66363518203462,0 34.57357759225401,35.66371051476531,0 34.57370153854307,35.66375880058227,0 34.57378258684223,35.66383061190989,0 34.57378230909315,35.66386524037797,0 34.57371653971269,35.66391581946222,0 34.5733997903763,35.66404094813209,0 34.57329376306611,35.66412418968502,0 34.57307192343112,35.66425139546464,0 34.57282816448743,35.66441302808835,0 34.57277751689395,35.66449850078238,0 34.57271215049521,35.66465227176396,0 34.57267232793643,35.66481596400385,0 34.57263559981396,35.66486115145735,0 34.57256807165781,35.66490597698628,0 34.57252274990185,35.66498621692227,0 34.57252668128616,35.66517967172933,0 34.57251094538644,35.66528846245141,0 34.57255323021954,35.66564208920882,0 34.57252106856216,35.66581656623816,0 34.57245072031006,35.66594890265868,0 34.57242809273378,35.66599146897922,0 34.57246891594819,35.66625379250193,0 34.57251263318283,35.66638505448503,0 34.57259874064576,35.66656476199471,0 34.57267286793121,35.66667194894363,0 34.57271616845447,35.66672513738516,0 34.57279320474101,35.66685809265166,0 34.57294831901081,35.66703301678244,0 34.57311056239365,35.6671854630733,0 34.57326313263604,35.66730541954136,0 34.57348422466762,35.66744232346159,0 34.57368900422853,35.66754816340882,0 34.57376759748207,35.66757043792569,0 34.57386165449564,35.66757082690972,0 34.57396950901276,35.66754934850582,0 34.57400465735636,35.66756120681732,0 34.57403604333935,35.66759805463234,0 34.57433824648822,35.66729146301234,0 34.57446610093504,35.66721953826892,0 34.57471874574384,35.66714429046026,0 34.5747888653796,35.66715714566657,0 34.57488269414114,35.66740262861083,0 34.574890265937,35.66745957938834,0 34.5748438632227,35.66757615430106,0 34.57477204205122,35.66766481390552,0 34.5745857580693,35.66777807786851,0 34.57433114063227,35.66789908804998,0 34.5742860483663,35.66798076846201,0 34.57424099757753,35.66802604179355,0 34.57391958919449,35.66817328388213,0 34.57362825377924,35.66827540635587,0 34.57350346478187,35.66833100514205,0 34.57338230930851,35.66840557652881,0 34.57329342997028,35.66852055028749,0 34.57328141506363,35.66854986713311,0 34.57321438438849,35.66862591735811,0 34.57318051502845,35.6686418816493,0 34.57308528632252,35.66862045679669,0 34.57304690850696,35.66861474167072,0 34.57300551827917,35.66862874670422,0 34.57295469932755,35.6687297496823,0 34.57288755930968,35.6687990122783,0 34.57277504147429,35.66889318166056,0 34.57275085786898,35.66894231300837,0 34.57273872790321,35.66901644079029,0 34.57274930827866,35.66910527085626,0 34.57287151875038,35.66930429533884,0 34.57297273578372,35.66943971743221,0 34.57303124550484,35.66950700752197,0 34.57315503303664,35.66967444590764,0 34.57320239725438,35.66977342059192,0 34.57319336892474,35.66983325871048,0 34.57311605594161,35.66999495895689,0 34.5731446446099,35.67006493357081,0 34.57320111242151,35.67013462135261,0 34.57326313270096,35.67018727831768,0 34.57333753555559,35.67020755937012,0 34.57340175910253,35.67024186209396,0 34.57343812469807,35.67027780952748,0 34.57351273301992,35.67038872420214,0 34.57352943908509,35.67039245587728,0 34.57363170824213,35.67033369524901,0 34.57373369731792,35.67030956119731,0 34.57379810388802,35.67032926608477,0 34.57385743531473,35.67039586818963,0 34.57420657165832,35.67067945683244,0 34.57438164751296,35.67085281468712,0 34.57443622687592,35.67093440280895,0 34.57452787877217,35.67119959601548,0 34.574606848158,35.67134882318079,0 34.57466043191614,35.67142023684298,0 34.57478142556728,35.67149095612204,0 34.57500677163705,35.67158096684192,0 34.57580445512042,35.67175469335803,0 34.57588681896489,35.67180408336588,0 34.57592586462152,35.67185120517848,0 34.57602849713623,35.67207419084959,0 34.57611421934616,35.6721771808026,0 34.57625049966822,35.67226675015899,0 34.57637533023112,35.67231706084998,0 34.57649492574902,35.67235248876842,0 34.5767039595608,35.67246303142016,0 34.5770230900253,35.67253577632876,0 34.57724797013314,35.67264819223513,0 34.57738363848384,35.67275134513319,0 34.57746968270287,35.67282242135883,0 34.57753194182585,35.67291546997663,0 34.57754530984489,35.67297032492306,0 34.57756168929988,35.67300545961952,0 34.57764609485271,35.67302631342137,0 34.57772091062927,35.67314391325311,0 34.57775249053365,35.67319355205798,0 34.57783014677236,35.67326966219919,0 34.57784240116904,35.67333424952797,0 34.57792354505052,35.67339473725291,0 34.5779393749224,35.67344912368804,0 34.57796081162031,35.67346482577721,0 34.57801750345022,35.67347711513002,0 34.57801410843939,35.67349849595077,0 34.57798967860396,35.67355499266388,0 34.57783638446366,35.67373479505837,0 34.57776471067147,35.67379821677622,0 34.57772149077318,35.67387455848029,0 34.57772487910652,35.67390433985277,0 34.57781294049924,35.67403336646268,0 34.57782880378509,35.67424479495389,0 34.57794862309844,35.67472095231866,0 34.57817284680604,35.67543794642032,0 34.57817521751902,35.67561105802266,0 34.57814624618488,35.67582413583309,0 34.57809252791242,35.67604831030623,0 34.57798016214597,35.67634525988998,0 34.57797182814762,35.67647274170914,0 34.57798073829158,35.67658750931347,0 34.57803061594483,35.67679587555183,0 34.57812860104513,35.67699900044337,0 34.57823852205011,35.67716964481264,0 34.57824971114704,35.67724542470783,0 34.57822171148195,35.67728671155691,0 34.57808372368272,35.67738537800194,0 34.57806931585316,35.67741940847191,0 34.57807292165395,35.67746274036039,0 34.57815001163051,35.67758086872551,0 34.57826440794553,35.6778229586933,0 34.57826560659076,35.67794898621776,0 34.57824332376673,35.67811320425171,0 34.57827509039987,35.67848659250206,0 34.57826595139358,35.67853818800964,0 34.5783084026643,35.67859466938316,0 34.57835779231119,35.67887571768466,0 34.57835178306009,35.67899267072386,0 34.57837339359728,35.67909646522551,0 34.57835571301854,35.67915932979542,0 34.57830521269408,35.67922219392049,0 34.57816353325123,35.67924669821381,0 34.578109115249,35.67929842141676,0 34.57802672387222,35.67923828645598,0 34.57792338174946,35.67911534633975,0 34.57787742476884,35.67899587971378,0 34.57783936631678,35.6789542602468,0 34.57766812593088,35.67887132539686,0 34.57761191899971,35.67883768517017,0 34.5774932666076,35.67889922066306,0 34.57744522942706,35.67890852620506,0 34.57737370696374,35.67890418324945,0 34.57728189191621,35.67887785602269,0 34.577182955452,35.67889954512501,0 34.57711597230648,35.67894496088716,0 34.57704739119129,35.67904595934993,0 34.57696831506109,35.67921771008942,0 34.57691766974848,35.67942660596272,0 34.57693396226745,35.67948403703022,0 34.5770039768171,35.67962697284163,0 34.57700924178215,35.67969603707817,0 34.57697697556772,35.67991118092826,0 34.57699615483016,35.67996722684308,0 34.5771013534733,35.68010234498785,0 34.57711218369359,35.6801557668823,0 34.57709531330244,35.68024335634179,0 34.57702115740869,35.68040047627208,0 34.57696961538691,35.6804921635788,0 34.57693231165921,35.68058757651046,0 34.57693369915504,35.68067379301909,0 34.57708574714191,35.68100482290051,0 34.57710132333333,35.68116832204219,0 34.5768286258294,35.6815195776304,0 34.57685487492056,35.68167592912188,0 34.57688784480224,35.68171342307941,0 34.57696693902215,35.68180147568813,0 34.57711391190882,35.68208504450615,0 34.5772080889279,35.68230580525553,0 34.57730987668933,35.68246313593259,0 34.57749832967157,35.68264244691093,0 34.5777428201766,35.68281766061812,0 34.57818874447305,35.68304006467047,0 34.57825922690532,35.68312908544731,0 34.57826036035329,35.6831994654513,0 34.57822592024972,35.68333884485448,0 34.5782359670136,35.68342673035736,0 34.57828694725517,35.68351067432845,0 34.57840682408543,35.68358510550026,0 34.57856993502861,35.68366436962769,0 34.57881497270191,35.6837392658819,0 34.57882871143163,35.68378839838653,0 34.57869897799957,35.68390588642741,0 34.57866352113125,35.68398192291248,0 34.57867356737724,35.68406980836992,0 34.57886165503695,35.68435999031175,0 34.57913036381677,35.68469861078177,0 34.57925407057293,35.68501057282594,0 34.57934454156577,35.68513458167369,0 34.57944948956796,35.68521972662028,0 34.57965189510259,35.68532673837129,0 34.57971374910623,35.68541584712752,0 34.57971959003137,35.68591204806673,0 34.57969863687876,35.68621846857252,0 34.57972393024798,35.68631499469951,0 34.58033870435691,35.68656907869185,0 34.58075198120396,35.68677245410749,0 34.5808601973692,35.68679245106834,0 34.58118547126495,35.68675740364309,0 34.5813148939903,35.68675430373871,0 34.58143302908201,35.68678163462759,0 34.58174174327485,35.68699624962067,0 34.5817794167038,35.68705745167927,0 34.58179338611454,35.68712065953559,0 34.58176796357598,35.68721712081182,0 34.58177615472847,35.68725634037107,0 34.58185970261489,35.68735226351334,0 34.58188934219665,35.68745050559996,0 34.58219149954757,35.68758357352673,0 34.58233314781885,35.68767291520206,0 34.58240854925484,35.68779883833027,0 34.58246303323789,35.68809919703772,0 34.58255481807382,35.68817039649245,0 34.5826974988464,35.68818651397962,0 34.58289383758442,35.68818447630716,0 34.58304276828515,35.68832019426285,0 34.5830739430727,35.68837970236169,0 34.58303028165304,35.68848222381134,0 34.58294903496759,35.68852882175359,0 34.58272941958099,35.68855925647635,0 34.58254897996586,35.68861040379858,0 34.58245098311627,35.68868885067361,0 34.58243346912585,35.68880693816386,0 34.58262263174621,35.68902846939476,0 34.58287467531952,35.68926870535677,0 34.58350598166324,35.68960883024473,0 34.58352219223053,35.68967729308601,0 34.58352214082331,35.68980751830391,0 34.58354471328796,35.68986887697735,0 34.58361401305473,35.68988399505785,0 34.58378020476687,35.68988578888254,0 34.58392737519108,35.68991241702577,0 34.58396263896787,35.68995780490197,0 34.58395316152389,35.69003885414661,0 34.58385121755411,35.69014022150179,0 34.58378561187292,35.69022009247693,0 34.58378476355749,35.69030105248663,0 34.58381656261848,35.69039926919832,0 34.58389747711851,35.69046530065147,0 34.58402131536896,35.69051680912052,0 34.58424658920062,35.69056902263407,0 34.58444562939346,35.69060039084446,0 34.58482764360045,35.69060345938266,0 34.58501254338012,35.69056106285109,0 34.58509228879331,35.69055495409916,0 34.58524372187973,35.69057801694373,0 34.58530061812024,35.69062669909725,0 34.58521689686387,35.69065396678151,0 34.58506087292467,35.69074709747926,0 34.58499441350215,35.69077418543548,0 34.58488874714111,35.69077880330203,0 34.58481178412455,35.69082359683588,0 34.58469502374881,35.69094271654,0 34.58456236903394,35.69114647110617,0 34.58448121065682,35.69133209196624,0 34.58447874580921,35.69144650466641,0 34.58453683794944,35.69156908537517,0 34.58485089336386,35.69163973199653,0 34.58537166266805,35.69181557711293,0 34.5857172646306,35.69196860307922,0 34.58591742119032,35.69206858870413,0 34.58608578603104,35.69220410153891,0 34.5861956672237,35.69232614306225,0 34.5863296015781,35.69260103586101,0 34.58642892388652,35.69273726444008,0 34.58689307745603,35.69274827278171,0 34.58696150700601,35.69284258816608,0 34.5869712792493,35.69291287740504,0 34.58692903703108,35.69296963136488,0 34.58678385615168,35.69306617029812,0 34.58643599404571,35.69317361802188,0 34.58634625625493,35.6932291053015,0 34.5862960123632,35.69332465630283,0 34.58644666080697,35.69343219590701,0 34.58645160376561,35.69347086038699,0 34.58636576317771,35.69363365423418,0 34.58635137096714,35.69367779881245,0 34.58642900263495,35.69380721440232,0 34.58650886404902,35.69380814342325,0 34.58719874681817,35.69363202164067,0 34.58737550704731,35.69361962200735,0 34.58748597692723,35.69364486783687,0 34.58769799851107,35.69394358257851,0 34.58813952255026,35.69442116398379,0 34.58837943170056,35.69478124699951,0 34.58852478289452,35.69499940378276,0 34.58853852603724,35.69506316342126,0 34.58850448793679,35.69518441485889,0 34.58835393580771,35.69543468784612,0 34.58826453042715,35.69553751827468,0 34.58802457303869,35.69562982919545,0 34.58781489557797,35.69563028688022,0 34.58767560678849,35.69566109941645,0</coordinates>
						</LinearRing>
					</outerBoundaryIs>
				</Polygon>
				<Polygon>
					<extrude>0</extrude>
					<altitudeMode>clampToGround</altitudeMode>
					<outerBoundaryIs>
						<LinearRing>
							<coordinates> 34.42167315640963,35.58228672097777,0 34.42172891671547,35.58236784446463,0 34.42172766122231,35.5823762697479,0 34.42171860781211,35.58249021803869,0 34.42156875871852,35.58253253932973,0 34.42146756361877,35.58254175591842,0 34.42148069053039,35.58245002499532,0 34.42148140770291,35.58236308008534,0 34.42152184207509,35.58232314818918,0 34.42163319667155,35.58227866653719,0 34.42167315640963,35.58228672097777,0</coordinates>
						</LinearRing>
					</outerBoundaryIs>
				</Polygon>
				<Polygon>
					<extrude>0</extrude>
					<altitudeMode>clampToGround</altitudeMode>
					<outerBoundaryIs>
						<LinearRing>
							<coordinates> 34.42493239560734,35.58542508440783,0 34.42493707328365,35.58546821609099,0 34.42494854830264,35.58548886863547,0 34.42502486234699,35.58552886135271,0 34.42519517816494,35.58563732874408,0 34.42527645828608,35.58566897377181,0 34.42536091486712,35.585673605865,0 34.42534857779278,35.58569987090687,0 34.42522845847211,35.58576198085756,0 34.42520918333614,35.58576506217665,0 34.42507079027403,35.58582899862145,0 34.42495741422756,35.58586447954469,0 34.42481118197777,35.58587742644951,0 34.42474595883952,35.58586680759408,0 34.42466564174926,35.58583141784712,0 34.42459362935256,35.58580799129869,0 34.42456186725124,35.58579084286932,0 34.42435009590855,35.58562670678577,0 34.42431632792463,35.58557553638018,0 34.42425821417433,35.58552832179033,0 34.42418073716604,35.58547796172969,0 34.42409833326518,35.58543864607835,0 34.4241362803774,35.58535382531475,0 34.42416866519831,35.58530703723334,0 34.42421895201187,35.58526797668346,0 34.42426808251587,35.58525507774548,0 34.42441710749989,35.58525995767032,0 34.42448792178089,35.58527052594157,0 34.42458287214548,35.58529831112528,0 34.42463462213559,35.58529078586823,0 34.42473163137613,35.58524839510105,0 34.42478735291431,35.58523419323008,0 34.42485741889424,35.58522774642108,0 34.42488152597323,35.58524288898074,0 34.42493239560734,35.58542508440783,0</coordinates>
						</LinearRing>
					</outerBoundaryIs>
				</Polygon>
				<Polygon>
					<extrude>0</extrude>
					<altitudeMode>clampToGround</altitudeMode>
					<outerBoundaryIs>
						<LinearRing>
							<coordinates> 34.42417338245048,35.58821386719834,0 34.42417496117297,35.58825204349829,0 34.42416195632017,35.58828780466472,0 34.42416815871256,35.58835903552617,0 34.42415104623682,35.58839822852742,0 34.42415350845553,35.58842536399172,0 34.4241435133968,35.58845345960614,0 34.42415835813622,35.58847454194075,0 34.42415882625244,35.58850763569986,0 34.42417249049024,35.58851003375936,0 34.4241757172779,35.58853573350855,0 34.4241679883184,35.58856780749574,0 34.4241846960571,35.58857359703634,0 34.42417804674192,35.58861778818174,0 34.42416234636765,35.58860290574452,0 34.4241384223543,35.58859883454846,0 34.42412881076142,35.58858959046545,0 34.42412583357317,35.58852596769004,0 34.42410950148612,35.5885099904828,0 34.42410652611509,35.5884832846695,0 34.42408774645711,35.58847793778289,0 34.42408755563903,35.58846436091059,0 34.42409376630374,35.58844486288231,0 34.42408277097866,35.58830952419392,0 34.42409619197689,35.58826654541723,0 34.42414043607044,35.58819867666574,0 34.42414943628271,35.58810015023698,0 34.42415925932343,35.58809666797864,0 34.42418165143066,35.58810028412127,0 34.42420074581459,35.58809120007103,0 34.42420449700263,35.5880992282299,0 34.42419687357091,35.58814809575976,0 34.42423749510932,35.58811802583632,0 34.42426166294214,35.58806442587428,0 34.42428529604108,35.5880446083592,0 34.42428806777216,35.58805688847136,0 34.42427419421488,35.58814145627477,0 34.42430781696173,35.58809405149838,0 34.42432056084049,35.58811145360848,0 34.42435950658414,35.58803842105584,0 34.42436910749524,35.58806774238524,0 34.42435827285301,35.58809826329049,0 34.42435714600293,35.58812882446466,0 34.42433225382531,35.58816893679386,0 34.42433298350239,35.58818378166371,0 34.42432854078258,35.58820037120399,0 34.4243364048874,35.58820539194252,0 34.4243498639055,35.5882018757047,0 34.42435379346058,35.58818571581652,0 34.42436978315843,35.58817750840124,0 34.42437676298249,35.58815665299769,0 34.42441065970736,35.58812876511958,0 34.42442222787368,35.58817533744092,0 34.42444036314014,35.58817177853498,0 34.42445518890877,35.58815467060733,0 34.42446119652138,35.58817540854409,0 34.42450134725159,35.58818565428744,0 34.42451900649321,35.58822198669726,0 34.42454888078767,35.58824038764305,0 34.42455714062025,35.58827341001846,0 34.42454709773348,35.58829811212485,0 34.42445723572843,35.58826285674393,0 34.4243781525477,35.58825508547152,0 34.42437879267342,35.58826356677487,0 34.42441902767461,35.58827975078364,0 34.42446418318082,35.58831328965692,0 34.42448031158075,35.58831484112,0 34.4244911618211,35.58834741650134,0 34.42448255180896,35.58836319461507,0 34.42446637120572,35.58835782517517,0 34.42443726596093,35.58835723913123,0 34.42441347905156,35.58840200868631,0 34.42442696677671,35.58841300311917,0 34.42443499615569,35.58845400698865,0 34.42442331128062,35.58847278295085,0 34.42439741337669,35.5884416165397,0 34.42437295453682,35.58843886753586,0 34.42436758484499,35.58842661092476,0 34.42434991157872,35.5884259212766,0 34.42434131967261,35.58844297263205,0 34.42434648538665,35.58847772143643,0 34.42429770480022,35.5885553908933,0 34.42428175658283,35.58856656742639,0 34.424273396288,35.58856324779995,0 34.42427220142923,35.5885522261217,0 34.42425241352723,35.58854901001551,0 34.42424547225158,35.58853591849046,0 34.42425229460384,35.58846711577583,0 34.42427719519868,35.58846434483682,0 34.42429150865493,35.58848458265439,0 34.42430410158269,35.58845646263153,0 34.42429751889882,35.58843191108782,0 34.42430357370381,35.58841912649686,0 34.42432378628312,35.58841554936383,0 34.4243291828348,35.58839301111805,0 34.42433785900096,35.58838189980447,0 34.42435241583674,35.58838261727801,0 34.42438015959493,35.58839721764334,0 34.42437838011235,35.58838153350244,0 34.42435480928546,35.58833125201034,0 34.42437836456153,35.58830685164178,0 34.42442938174857,35.58831402818758,0 34.42440405679704,35.58828667630207,0 34.4243549974338,35.58827099494424,0 34.42434756865044,35.58826002982696,0 34.42434850542939,35.58825280785652,0 34.42439130548157,35.58822993114106,0 34.42439222523278,35.5882214368072,0 34.42437764388449,35.5882190225749,0 34.4243315124624,35.58822686526226,0 34.42431278725926,35.58822533726212,0 34.42430644564615,35.58821775700311,0 34.42429284154296,35.58821108992941,0 34.42430602655503,35.58818805677025,0 34.42428009860596,35.5881916861303,0 34.42426051446699,35.58820289572067,0 34.42423750146106,35.58819207152722,0 34.42417338245048,35.58821386719834,0</coordinates>
						</LinearRing>
					</outerBoundaryIs>
				</Polygon>
				<Polygon>
					<extrude>0</extrude>
					<altitudeMode>clampToGround</altitudeMode>
					<outerBoundaryIs>
						<LinearRing>
							<coordinates> 34.42436452054429,35.58897236814202,0 34.42439049507456,35.58899122168122,0 34.42439554088828,35.58901751727596,0 34.42438913742085,35.58902750040244,0 34.42437791478923,35.58902722028471,0 34.42436841128444,35.58901623463198,0 34.4243412012313,35.58900922729492,0 34.4243350399874,35.58900317522875,0 34.42433420622321,35.58897722369146,0 34.42431992443803,35.58895902863987,0 34.42430867006551,35.58895645791458,0 34.42429433857746,35.58896765769909,0 34.42428446369352,35.588963547555,0 34.42427726818593,35.5889174210343,0 34.42426100089278,35.58889084438993,0 34.42423835058717,35.58887577913932,0 34.42424611876324,35.58886311038991,0 34.42424310835073,35.58884863134703,0 34.42422271520028,35.58882781918506,0 34.42420688307289,35.58883216106269,0 34.42418892497883,35.58881819935293,0 34.42418208419072,35.5887972648652,0 34.42416034220779,35.58878028182018,0 34.42414549993811,35.58878843238789,0 34.42413805009807,35.58882362139693,0 34.42412225081469,35.58883025385158,0 34.42411421973817,35.58882421846392,0 34.42411358870916,35.58877955909367,0 34.42409472012191,35.58876751337115,0 34.42408896097027,35.58875687638974,0 34.424094864962,35.58874460640254,0 34.42412080631421,35.58872795657012,0 34.42412300798701,35.58871839262683,0 34.42415335507449,35.58871582772037,0 34.42417232431456,35.58870191265282,0 34.42417968500484,35.58872666049253,0 34.42418673865424,35.58872965129066,0 34.42419552165837,35.58872269979371,0 34.42420175855318,35.58870088343691,0 34.42422335758744,35.58867472895449,0 34.42422499762553,35.58869151156601,0 34.424230692191,35.58869756735163,0 34.42423863149266,35.58869711391856,0 34.42426479806661,35.58866328357768,0 34.42428028137055,35.58866734275745,0 34.42428529992044,35.58869172893328,0 34.42429821474528,35.58871260964825,0 34.42431516913637,35.58870989837321,0 34.42433199721012,35.58875467903041,0 34.42434188228104,35.5887595524089,0 34.42436328544983,35.58875248778028,0 34.4243621473654,35.58877120396211,0 34.4243650853497,35.58878072157837,0 34.42438364576056,35.58877100933044,0 34.42441945060848,35.58875770634696,0 34.42443707805585,35.58878121526148,0 34.42444012338748,35.58876515414641,0 34.42445620236749,35.58875930243124,0 34.42448849166898,35.58878123117135,0 34.42449196577542,35.58879522616293,0 34.424480889352,35.58880525191635,0 34.4244537757124,35.58880511549138,0 34.42444306846046,35.58880826575142,0 34.42444037300172,35.58881592578932,0 34.42444081497328,35.58884722546557,0 34.42442377454042,35.58886532210416,0 34.42443406276914,35.58886561055943,0 34.42445263906779,35.58885704360115,0 34.42447409097158,35.58885341393965,0 34.42449490888701,35.58887116940624,0 34.42449693858472,35.58888260299729,0 34.42450418826271,35.58889933461222,0 34.42451546872336,35.58890381385726,0 34.42451882228371,35.58890950976519,0 34.4245106093006,35.58896152513108,0 34.42450205737005,35.58896433087544,0 34.42445551900376,35.58896162028731,0 34.42444608575802,35.58895559699089,0 34.42442079319957,35.58895200797576,0 34.42440833819723,35.58893074241418,0 34.42438305696233,35.58892791661546,0 34.42435699067402,35.58890257426127,0 34.42433398137128,35.58889514775666,0 34.42432333870719,35.58890287919518,0 34.42433753326529,35.58891496750989,0 34.42434921934382,35.58894807377084,0 34.42436452054429,35.58897236814202,0</coordinates>
						</LinearRing>
					</outerBoundaryIs>
				</Polygon>
				<Polygon>
					<extrude>0</extrude>
					<altitudeMode>clampToGround</altitudeMode>
					<outerBoundaryIs>
						<LinearRing>
							<coordinates> 34.42593037420244,35.59257408741217,0 34.42593138049463,35.59259436712001,0 34.42591713268929,35.59258243826007,0 34.42590684729568,35.59255925728365,0 34.42588223800216,35.5925429357743,0 34.42585303772863,35.59250646979702,0 34.42582611350356,35.59245903932495,0 34.42581986181562,35.59243845307188,0 34.42580878872543,35.59242709677839,0 34.42582160384618,35.59241467554069,0 34.42582362750881,35.5924046621536,0 34.42581030970506,35.5923876203062,0 34.42581179400644,35.59236915688374,0 34.42584223439304,35.59240387960333,0 34.42587746151698,35.59243326435475,0 34.42593251236871,35.59250490118067,0 34.42595714821719,35.59255687126057,0 34.42595291536338,35.5925633265263,0 34.42594060187277,35.5925625367447,0 34.42593037420244,35.59257408741217,0</coordinates>
						</LinearRing>
					</outerBoundaryIs>
				</Polygon>
				<Polygon>
					<extrude>0</extrude>
					<altitudeMode>clampToGround</altitudeMode>
					<outerBoundaryIs>
						<LinearRing>
							<coordinates> 34.42644134674178,35.59262610623364,0 34.42645163712812,35.59265571571009,0 34.42644069753234,35.59265369303004,0 34.42639852923094,35.59261121796322,0 34.42640148097309,35.59263622692073,0 34.42639582506142,35.59264052163024,0 34.42636975194823,35.59259705211165,0 34.42634182576694,35.59256972335486,0 34.42633646300988,35.59255789125199,0 34.42629879715312,35.5925030689192,0 34.42627194017559,35.59247785263386,0 34.42626932751069,35.59244011042136,0 34.42628176719743,35.59243787678879,0 34.42630867004414,35.59246648753324,0 34.42631909752242,35.59246893897318,0 34.42632316246998,35.59246253705351,0 34.4263372261273,35.59246495536464,0 34.4263564032725,35.59249830348378,0 34.4263818082684,35.5925311714153,0 34.42638953799788,35.59256335002681,0 34.4264126850731,35.59258350823242,0 34.42644134674178,35.59262610623364,0</coordinates>
						</LinearRing>
					</outerBoundaryIs>
				</Polygon>
				<Polygon>
					<extrude>0</extrude>
					<altitudeMode>clampToGround</altitudeMode>
					<outerBoundaryIs>
						<LinearRing>
							<coordinates> 34.42570442588391,35.59259502028392,0 34.42577183253867,35.5926339984412,0 34.42582461851306,35.59264468632485,0 34.42585964681992,35.59266932565335,0 34.42589936175577,35.59271601534215,0 34.4258978570532,35.59272723116352,0 34.42586907683685,35.59272036263788,0 34.42585143444298,35.59270728338945,0 34.42580385912959,35.59269413473857,0 34.42568422676178,35.59267077580995,0 34.42560970790693,35.59263342919222,0 34.42555251483913,35.59258489854339,0 34.4255704829539,35.59257870528374,0 34.42557383882948,35.59256311363215,0 34.4255975828129,35.59256971736285,0 34.42560714326063,35.59256963129178,0 34.42561536482583,35.59256161655206,0 34.4256222516513,35.59256295544205,0 34.42566399512611,35.59259220097368,0 34.42567442340092,35.59259482189477,0 34.42569023724381,35.59258729682486,0 34.42570442588391,35.59259502028392,0</coordinates>
						</LinearRing>
					</outerBoundaryIs>
				</Polygon>
				<Polygon>
					<extrude>0</extrude>
					<altitudeMode>clampToGround</altitudeMode>
					<outerBoundaryIs>
						<LinearRing>
							<coordinates> 34.42622196257276,35.59267403588215,0 34.42624387724847,35.59268051693628,0 34.42624454230363,35.59269816362548,0 34.42631181328066,35.59278140430622,0 34.42631157490214,35.59279383985346,0 34.42630097932959,35.59279410586546,0 34.42628969130823,35.59280434968576,0 34.4262691817086,35.59279435155953,0 34.42626411182729,35.59277390185233,0 34.42623502818204,35.59273083925343,0 34.42612936628194,35.59263337336141,0 34.42615315922931,35.59263682473544,0 34.42615985121045,35.59262805028484,0 34.42622196257276,35.59267403588215,0</coordinates>
						</LinearRing>
					</outerBoundaryIs>
				</Polygon>
				<Polygon>
					<extrude>0</extrude>
					<altitudeMode>clampToGround</altitudeMode>
					<outerBoundaryIs>
						<LinearRing>
							<coordinates> 34.4267808955165,35.59297458709432,0 34.42675979676756,35.59295228857808,0 34.42672462674883,35.59292714739698,0 34.42672228093524,35.59294499105451,0 34.42669995056823,35.59290912439211,0 34.42668526037687,35.59289907455933,0 34.42667884849573,35.59292331925958,0 34.42664169957389,35.59286631260336,0 34.42664410110673,35.59285446789943,0 34.42666701316051,35.5928580792075,0 34.42666063214666,35.59284539037264,0 34.42659873498969,35.59276958916583,0 34.42657987504897,35.59275872709215,0 34.42661735562358,35.59277175341524,0 34.42660630579827,35.59275382051062,0 34.42657313634872,35.59272314446215,0 34.42656701345431,35.59269434544977,0 34.42658265443841,35.59269747777293,0 34.42664467791524,35.59274838050023,0 34.4266344878524,35.59272598344808,0 34.42666824064396,35.59275222383689,0 34.4267299194258,35.59284027556202,0 34.42673611088421,35.59285745305315,0 34.4267666759483,35.59288772819416,0 34.42680546065492,35.59294805546864,0 34.42676202710518,35.59292638461838,0 34.4267808955165,35.59297458709432,0</coordinates>
						</LinearRing>
					</outerBoundaryIs>
				</Polygon>
				<Polygon>
					<extrude>0</extrude>
					<altitudeMode>clampToGround</altitudeMode>
					<outerBoundaryIs>
						<LinearRing>
							<coordinates> 34.42664862620104,35.5929906371524,0 34.42665034107799,35.5930016535394,0 34.42660749342593,35.59298464506573,0 34.42661445677518,35.59299943322665,0 34.426529765476,35.59296286012715,0 34.42649762456023,35.59293132651187,0 34.42648463104629,35.5929310188938,0 34.42648214201448,35.5929386801331,0 34.42647330213102,35.59293833595957,0 34.42644177061084,35.59291316153525,0 34.42643083098002,35.59291113885521,0 34.42640233807234,35.5928804209191,0 34.42638689318878,35.59285382855136,0 34.42642942395664,35.59286094424488,0 34.42640687384568,35.59283370327446,0 34.42645460092333,35.59286509566726,0 34.42649107143671,35.59289824174482,0 34.42648119305933,35.59287164477641,0 34.4266270313686,35.5929700406359,0 34.42664862620104,35.5929906371524,0</coordinates>
						</LinearRing>
					</outerBoundaryIs>
				</Polygon>
				<Polygon>
					<extrude>0</extrude>
					<altitudeMode>clampToGround</altitudeMode>
					<outerBoundaryIs>
						<LinearRing>
							<coordinates> 34.42695743687296,35.59331438522647,0 34.42694526826979,35.59330634869639,0 34.42692889208276,35.59328001797861,0 34.42689560229282,35.59324823851973,0 34.42688800293152,35.59322522319989,0 34.42682712746327,35.59318283192409,0 34.42681949892995,35.59315282505842,0 34.42684666419094,35.59315566316715,0 34.42684444242761,35.59314338112401,0 34.42682006470571,35.59312433710169,0 34.42681170897108,35.59310675985391,0 34.42681324005243,35.5930974101966,0 34.42682009083111,35.59309683879707,0 34.42685175325346,35.59312701530143,0 34.42690141866064,35.59315992299062,0 34.42699261972135,35.59324506812768,0 34.426990304139,35.59325764994205,0 34.42696578323284,35.59325795655088,0 34.42698455998821,35.59329153551568,0 34.42696222654527,35.59328565618519,0 34.42695743687296,35.59331438522647,0</coordinates>
						</LinearRing>
					</outerBoundaryIs>
				</Polygon>
				<Polygon>
					<extrude>0</extrude>
					<altitudeMode>clampToGround</altitudeMode>
					<outerBoundaryIs>
						<LinearRing>
							<coordinates> 34.44259152643838,35.60338502403293,0 34.44257961653908,35.60345974466779,0 34.44232987460365,35.60356029895249,0 34.44221041183465,35.60323930766175,0 34.4422032482944,35.60319248630282,0 34.44223704849751,35.60307720178037,0 34.44259152643838,35.60338502403293,0</coordinates>
						</LinearRing>
					</outerBoundaryIs>
				</Polygon>
				<Polygon>
					<extrude>0</extrude>
					<altitudeMode>clampToGround</altitudeMode>
					<outerBoundaryIs>
						<LinearRing>
							<coordinates> 34.45082607551533,35.60691625207323,0 34.45084576908403,35.60701111323284,0 34.45081670190659,35.60708794550145,0 34.45062738429819,35.6070021358199,0 34.45051834857783,35.60696200495011,0 34.45037200621823,35.60682013469511,0 34.45016734824731,35.60671686530116,0 34.45015934739902,35.60668525855713,0 34.4501723326208,35.60661429604688,0 34.45020756299738,35.60655368692551,0 34.45029209700749,35.60658590541182,0 34.45044876419024,35.60661261583454,0 34.45052028318577,35.60663923460461,0 34.45056938868154,35.60668102165417,0 34.45061533304042,35.60676507902017,0 34.4506232791194,35.60685806919073,0 34.45063674670879,35.60686696452962,0 34.45069174830473,35.60683213340847,0 34.45072994924966,35.60682781969943,0 34.4507699301574,35.60683492943643,0 34.45082607551533,35.60691625207323,0</coordinates>
						</LinearRing>
					</outerBoundaryIs>
				</Polygon>
				<Polygon>
					<extrude>0</extrude>
					<altitudeMode>clampToGround</altitudeMode>
					<outerBoundaryIs>
						<LinearRing>
							<coordinates> 34.42139330815725,35.64816791189691,0 34.42143513272629,35.64827175223302,0 34.42142704919174,35.64831799301796,0 34.4213936857336,35.64834197232364,0 34.42116328358583,35.64823109290217,0 34.42086673462532,35.64812072496211,0 34.42079821719398,35.64810063540728,0 34.42067471216347,35.64807595022542,0 34.42054825362875,35.64807776922427,0 34.42035558014356,35.64813416242646,0 34.4201961029969,35.64815495050517,0 34.42014066811922,35.64814798247343,0 34.42010223340982,35.64812944567312,0 34.42006880711615,35.64809736992598,0 34.42003234026955,35.64807092313032,0 34.420012338951,35.64804661817885,0 34.42000096517884,35.64791873992544,0 34.42000894110217,35.64762875876024,0 34.42002892300832,35.64754099543084,0 34.42005326554008,35.64749698372967,0 34.42015586561016,35.647396593027,0 34.42019798288777,35.64737380861065,0 34.42028504790792,35.64735197570156,0 34.42035116380138,35.64734934293828,0 34.42037625302173,35.64732874834333,0 34.42038483556309,35.64728827418382,0 34.4203674043107,35.64720288434869,0 34.42034500556753,35.64717830400701,0 34.42028152367907,35.64713169068694,0 34.42019712212824,35.64708428942553,0 34.42015047440364,35.6470439303897,0 34.42012790097169,35.64700679235958,0 34.42012628852281,35.64698100701865,0 34.4201732332077,35.6468875678034,0 34.42023776187867,35.64686084740816,0 34.420384314235,35.646779409468,0 34.42045005174987,35.64675730257868,0 34.42057183177714,35.64674105503936,0 34.4206702610425,35.64669909104467,0 34.42068765639408,35.64666396901121,0 34.42071375298376,35.64662639117783,0 34.42079968742926,35.64655398724327,0 34.42092659325228,35.64654719868918,0 34.42096465422897,35.64656879305439,0 34.42098757002736,35.64660049780662,0 34.42103830275517,35.64677554666235,0 34.42108713692068,35.6469043598598,0 34.42127007062629,35.64713074861888,0 34.42134741758895,35.64726049231734,0 34.42138688701053,35.64734491980575,0 34.42140725712624,35.64747628137165,0 34.42139672152675,35.64758466827936,0 34.42135056021394,35.64764517094098,0 34.42124331211533,35.64768144459445,0 34.42119055317843,35.6477166316794,0 34.42116565107375,35.64775046437406,0 34.42115815350032,35.64777930156387,0 34.42139330815725,35.64816791189691,0</coordinates>
						</LinearRing>
					</outerBoundaryIs>
				</Polygon>
				<Polygon>
					<extrude>0</extrude>
					<altitudeMode>clampToGround</altitudeMode>
					<outerBoundaryIs>
						<LinearRing>
							<coordinates> 34.42051752418979,35.64833252339445,0 34.42065282202995,35.64836905882426,0 34.42067784343704,35.64840105061077,0 34.42068714997604,35.6484520312979,0 34.42066513322345,35.64847330349262,0 34.42062251341842,35.64847521583972,0 34.42052847440387,35.64845993883298,0 34.42045082325325,35.64844128886431,0 34.42036080658244,35.64840149196383,0 34.42029799346381,35.6483580963279,0 34.42026561649659,35.64834145734632,0 34.42026616549342,35.64833610650839,0 34.4202995969128,35.64832430428692,0 34.4204204183839,35.64832100911195,0 34.42051752418979,35.64833252339445,0</coordinates>
						</LinearRing>
					</outerBoundaryIs>
				</Polygon>
				<Polygon>
					<extrude>0</extrude>
					<altitudeMode>clampToGround</altitudeMode>
					<outerBoundaryIs>
						<LinearRing>
							<coordinates> 34.42141349253722,35.64847766737453,0 34.42147180334764,35.64849674599735,0 34.42155272374541,35.64857001970781,0 34.42157260813488,35.64863747991853,0 34.42156869425497,35.64871389641977,0 34.42155170676445,35.64874842073831,0 34.42147278752117,35.6487578753972,0 34.42135952925116,35.64872223525266,0 34.42121160663945,35.64864786770986,0 34.42114757744381,35.64862162759056,0 34.42109074001716,35.64857427479879,0 34.42106681171794,35.64852976547578,0 34.42107759833387,35.64848333059132,0 34.42128162127975,35.64846443001191,0 34.42141349253722,35.64847766737453,0</coordinates>
						</LinearRing>
					</outerBoundaryIs>
				</Polygon>
				<Polygon>
					<extrude>0</extrude>
					<altitudeMode>clampToGround</altitudeMode>
					<outerBoundaryIs>
						<LinearRing>
							<coordinates> 34.43319760176286,35.65142148557019,0 34.43314301399244,35.65152756858338,0 34.4330974277774,35.65154460201073,0 34.43306064015789,35.65152945288899,0 34.4330481268005,35.65146347065274,0 34.43308791468559,35.65142949355226,0 34.43317399507477,35.65133050792027,0 34.43320895282531,35.65130770235485,0 34.43323799423001,35.65136634823109,0 34.4332483896578,35.65142286289957,0 34.4332195396828,35.65141714364682,0 34.43319760176286,35.65142148557019,0</coordinates>
						</LinearRing>
					</outerBoundaryIs>
				</Polygon>
				<Polygon>
					<extrude>0</extrude>
					<altitudeMode>clampToGround</altitudeMode>
					<outerBoundaryIs>
						<LinearRing>
							<coordinates> 34.43426962156465,35.65193897375378,0 34.43419452848251,35.65202917378527,0 34.4341060374783,35.65208890201475,0 34.43405383598098,35.65209655428119,0 34.43396604989196,35.6520640961523,0 34.43396797802924,35.65204106725314,0 34.43402856213754,35.65197792141755,0 34.43418844899278,35.65191616949465,0 34.43428962898147,35.65185173249679,0 34.43426962156465,35.65193897375378,0</coordinates>
						</LinearRing>
					</outerBoundaryIs>
				</Polygon>
				<Polygon>
					<extrude>0</extrude>
					<altitudeMode>clampToGround</altitudeMode>
					<outerBoundaryIs>
						<LinearRing>
							<coordinates> 34.44397167054804,35.65577534489363,0 34.44408499709359,35.65581588703406,0 34.44428202085338,35.65594902047683,0 34.44433141665322,35.65600378468091,0 34.44445482115372,35.65611115760802,0 34.44447495417648,35.65617321412329,0 34.44443026437673,35.65625762570377,0 34.44436675763277,35.65627776593212,0 34.44427524672522,35.6562793863468,0 34.4440343532462,35.65621335435664,0 34.44388626352942,35.65614972297188,0 34.44376072570083,35.65605820527205,0 34.44364180601392,35.65593399049708,0 34.44363934954313,35.65588058376906,0 34.44362070025203,35.65585128732606,0 34.44363088304651,35.65580836726834,0 34.4436827539971,35.65577718078013,0 34.44397167054804,35.65577534489363,0</coordinates>
						</LinearRing>
					</outerBoundaryIs>
				</Polygon>
				<Polygon>
					<extrude>0</extrude>
					<altitudeMode>clampToGround</altitudeMode>
					<outerBoundaryIs>
						<LinearRing>
							<coordinates> 34.50367141530261,35.67100769981786,0 34.50367416039712,35.67102209328349,0 34.50367047187761,35.67102882466184,0 34.50365595477273,35.67102999553539,0 34.50364135240215,35.67102550235521,0 34.50363225784738,35.67100910996412,0 34.50363836528258,35.67099514486141,0 34.50365097036653,35.67099296236133,0 34.50367141530261,35.67100769981786,0</coordinates>
						</LinearRing>
					</outerBoundaryIs>
				</Polygon>
				<Polygon>
					<extrude>0</extrude>
					<altitudeMode>clampToGround</altitudeMode>
					<outerBoundaryIs>
						<LinearRing>
							<coordinates> 34.50337604250399,35.6708890859159,0 34.50341655036477,35.67093070613011,0 34.50341112548519,35.67095650933609,0 34.50337434211983,35.67099616939582,0 34.50331161355207,35.67102320730374,0 34.50320393668428,35.67104458256364,0 34.50306413883422,35.67102967610677,0 34.50303485220766,35.67101573026505,0 34.50303774182865,35.67098724152659,0 34.50309348751379,35.67093790895647,0 34.50322974426128,35.67088373002519,0 34.50330610336616,35.67087892286606,0 34.50337604250399,35.6708890859159,0</coordinates>
						</LinearRing>
					</outerBoundaryIs>
				</Polygon>
				<Polygon>
					<extrude>0</extrude>
					<altitudeMode>clampToGround</altitudeMode>
					<outerBoundaryIs>
						<LinearRing>
							<coordinates> 34.50349485084839,35.67105395437937,0 34.50349036967611,35.67108720255986,0 34.50347231141559,35.67110160890633,0 34.50344886788197,35.67108963868324,0 34.50344938992674,35.67106930407233,0 34.50347813452429,35.67104733995512,0 34.50349485084839,35.67105395437937,0</coordinates>
						</LinearRing>
					</outerBoundaryIs>
				</Polygon>
				<Polygon>
					<extrude>0</extrude>
					<altitudeMode>clampToGround</altitudeMode>
					<outerBoundaryIs>
						<LinearRing>
							<coordinates> 34.50361051579865,35.67113683223769,0 34.50360999949546,35.67114657825341,0 34.50360374319219,35.67117180244833,0 34.50359591142059,35.67118080800088,0 34.50357603583451,35.67118370675466,0 34.5035706925811,35.67118159342095,0 34.5035678356759,35.67116836303207,0 34.50356928230604,35.67115427950429,0 34.50357808519898,35.67114364141702,0 34.50360019744139,35.67113503879555,0 34.50361051579865,35.67113683223769,0</coordinates>
						</LinearRing>
					</outerBoundaryIs>
				</Polygon>
				<Polygon>
					<extrude>0</extrude>
					<altitudeMode>clampToGround</altitudeMode>
					<outerBoundaryIs>
						<LinearRing>
							<coordinates> 34.50379951265406,35.6711438244478,0 34.50381653458868,35.67116825678505,0 34.50381506676837,35.67118580039273,0 34.5038058854208,35.67119804650838,0 34.50379240136272,35.671201005147,0 34.50377324751857,35.67117320090772,0 34.5037777992921,35.6711530827229,0 34.50378874791127,35.6711430811208,0 34.50379951265406,35.6711438244478,0</coordinates>
						</LinearRing>
					</outerBoundaryIs>
				</Polygon>
				<Polygon>
					<extrude>0</extrude>
					<altitudeMode>clampToGround</altitudeMode>
					<outerBoundaryIs>
						<LinearRing>
							<coordinates> 34.50370243512318,35.67122283103328,0 34.50371262238889,35.671234473818,0 34.50370808054301,35.67125700626509,0 34.50369005345441,35.67125976839379,0 34.50367503072768,35.6712513565239,0 34.50367142206233,35.67123885380621,0 34.5036794699719,35.67122205894252,0 34.503688708263,35.67121938226109,0 34.50370243512318,35.67122283103328,0</coordinates>
						</LinearRing>
					</outerBoundaryIs>
				</Polygon>
				<Polygon>
					<extrude>0</extrude>
					<altitudeMode>clampToGround</altitudeMode>
					<outerBoundaryIs>
						<LinearRing>
							<coordinates> 34.51406559958281,35.67444082550996,0 34.51407033265223,35.67447872651095,0 34.51405222180073,35.67454395881206,0 34.51400117550413,35.67457427458739,0 34.51392049661379,35.67456828943126,0 34.51383488575755,35.6745115280959,0 34.51381516883175,35.67447174089096,0 34.5138171227746,35.67443648379756,0 34.51384034925578,35.67440694873867,0 34.51386404325755,35.67440807200422,0 34.51391019890951,35.67443828283416,0 34.51395840059138,35.67443916545845,0 34.51403382584921,35.67442758418423,0 34.51406559958281,35.67444082550996,0</coordinates>
						</LinearRing>
					</outerBoundaryIs>
				</Polygon>
				<Polygon>
					<extrude>0</extrude>
					<altitudeMode>clampToGround</altitudeMode>
					<outerBoundaryIs>
						<LinearRing>
							<coordinates> 34.53314795782902,35.6786378186458,0 34.5330954373342,35.67863285763174,0 34.5329993599068,35.67859378128286,0 34.53289973070089,35.67849935012633,0 34.53281641585085,35.67845959650285,0 34.53270450177542,35.67843987165529,0 34.53261842131418,35.67839521080123,0 34.53240459943041,35.67835072518632,0 34.53233900892855,35.67832669903223,0 34.53219778904715,35.67823816529781,0 34.53219967815246,35.67822992119875,0 34.53226737828636,35.67821663338458,0 34.53245106761736,35.67822577298689,0 34.53277807167034,35.67832836025336,0 34.53307315032824,35.67849652514146,0 34.5332180811244,35.67856418150355,0 34.53326518255177,35.67860977912539,0 34.53326678163269,35.6786262150817,0 34.53325611972262,35.67863235393256,0 34.53318619031513,35.6786319540906,0 34.53314795782902,35.6786378186458,0</coordinates>
						</LinearRing>
					</outerBoundaryIs>
				</Polygon>
				<Polygon>
					<extrude>0</extrude>
					<altitudeMode>clampToGround</altitudeMode>
					<outerBoundaryIs>
						<LinearRing>
							<coordinates> 34.53375673593106,35.6788308259511,0 34.53384455284334,35.67885737180598,0 34.53391719009853,35.67890216522247,0 34.53405464250026,35.67896441118584,0 34.53412857202522,35.67900590124409,0 34.53414736245992,35.67904684492274,0 34.53413681990784,35.67906065984374,0 34.53401092464916,35.67909317443166,0 34.53392827274189,35.67909619237506,0 34.53387699647155,35.67908463872983,0 34.53357018736319,35.6788973977417,0 34.5335176068971,35.67884527399941,0 34.53351793702669,35.67882333403694,0 34.53354441812392,35.67879674676237,0 34.53355508942901,35.67879115661097,0 34.53375673593106,35.6788308259511,0</coordinates>
						</LinearRing>
					</outerBoundaryIs>
				</Polygon>
				<Polygon>
					<extrude>0</extrude>
					<altitudeMode>clampToGround</altitudeMode>
					<outerBoundaryIs>
						<LinearRing>
							<coordinates> 34.53242541946579,35.67869574199825,0 34.53249835425186,35.67871640496218,0 34.53251711674239,35.67875570363131,0 34.53251877707434,35.67881930250596,0 34.53253839180176,35.67895675780192,0 34.53253678362613,35.67898309758311,0 34.53250906078335,35.67901627847318,0 34.53250409219913,35.67908597650066,0 34.53248161890878,35.67911087770839,0 34.53243411060261,35.67912561010215,0 34.53238705409973,35.67912607848209,0 34.53234044833828,35.67911228376313,0 34.53231587344151,35.67908839786931,0 34.53230987342405,35.67904842391253,0 34.53234513623384,35.67902449186156,0 34.53234746777951,35.67900143504023,0 34.5323432564649,35.67898996020988,0 34.53227552974413,35.67895827830024,0 34.53227552973082,35.67891495382165,0 34.53231075827136,35.6788888277398,0 34.53231238307121,35.67886358453677,0 34.53227654099699,35.67876358239682,0 34.53227420940884,35.67874331383717,0 34.53229648679145,35.67870580074657,0 34.53231445025889,35.67869355697643,0 34.53242541946579,35.67869574199825,0</coordinates>
						</LinearRing>
					</outerBoundaryIs>
				</Polygon>
				<Polygon>
					<extrude>0</extrude>
					<altitudeMode>clampToGround</altitudeMode>
					<outerBoundaryIs>
						<LinearRing>
							<coordinates> 34.53383343771653,35.67931019478079,0 34.53383927555385,35.67933975078342,0 34.53379973585061,35.67943447200918,0 34.53364824721955,35.67963724864039,0 34.53360341965563,35.67965140570602,0 34.53355923794263,35.67962058623151,0 34.53353173593265,35.6795813747474,0 34.53353123278576,35.67954902366697,0 34.53357199110827,35.67948938871421,0 34.53368575170939,35.67941147780235,0 34.53375038702083,35.67933076628956,0 34.53377433263791,35.67931407425025,0 34.53382397558118,35.67930699885262,0 34.53383343771653,35.67931019478079,0</coordinates>
						</LinearRing>
					</outerBoundaryIs>
				</Polygon>
				<Polygon>
					<extrude>0</extrude>
					<altitudeMode>clampToGround</altitudeMode>
					<outerBoundaryIs>
						<LinearRing>
							<coordinates> 34.57768383833766,35.68140097686047,0 34.57765319572536,35.68140612520195,0 34.57763300103396,35.68140603751634,0 34.57759150259862,35.68140490606092,0 34.5775346647816,35.68140237326784,0 34.5774759726023,35.68140349935496,0 34.57741763335901,35.68140039047959,0 34.57738828269459,35.68140069310661,0 34.57734487842492,35.68140010113602,0 34.577321655519,35.6813985831975,0 34.57731740843439,35.68139830540223,0 34.57731099253741,35.68139738462119,0 34.57730229918854,35.68139613770335,0 34.57729374207707,35.68139490972759,0 34.57728530232145,35.681393078201,0 34.57727773227682,35.68139143534724,0 34.57727566731835,35.68138209606651,0 34.57728318993077,35.68137369819144,0 34.57729391672585,35.68136399842814,0 34.57731281403427,35.68135227290732,0 34.57731526456551,35.68135078623229,0 34.57732585037292,35.68134436153085,0 34.5773336796263,35.68133992588671,0 34.57734802614226,35.68133179726888,0 34.5773670269229,35.68132650686958,0 34.57738733155503,35.68132039729826,0 34.57740946256543,35.68131784792564,0 34.5774114154676,35.68131762316415,0 34.57743378455302,35.68131712363752,0 34.57745812825311,35.68131660453719,0 34.57749074117047,35.68131868070747,0 34.57756519937666,35.68132407916493,0 34.57759152073447,35.68132380718642,0 34.5776361165378,35.68132416085092,0 34.57766310554517,35.68132441813201,0 34.57768268911767,35.68132645594365,0 34.57768420219264,35.68132661365099,0 34.5776872009348,35.68132710786568,0 34.57769018085065,35.68132759962341,0 34.5777010299804,35.68132938872645,0 34.57770698116065,35.68133099869976,0 34.57771821611102,35.68133403813816,0 34.57773640734158,35.68133974952369,0 34.57773936107139,35.68134121133196,0 34.57774967680109,35.68134631578654,0 34.5777538065572,35.68134893736514,0 34.57775965110118,35.68135264856708,0 34.5777676246397,35.68135739259341,0 34.57777084172618,35.68136072908317,0 34.57777197612607,35.6813619065224,0 34.57777279905718,35.68136403882733,0 34.57777338226037,35.6813655524355,0 34.57777403642758,35.68136724806033,0 34.57777400035575,35.68136822094534,0 34.57777380666587,35.68137341809383,0 34.57776994427627,35.68137882104433,0 34.57775982174676,35.68138375270528,0 34.57774867850868,35.68138654924544,0 34.5777269798927,35.68139007804211,0 34.57770797914085,35.68139536939897,0 34.57770025742627,35.68139735595472,0 34.57769060914754,35.68139983909808,0 34.57768383833766,35.68140097686047,0</coordinates>
						</LinearRing>
					</outerBoundaryIs>
				</Polygon>
				<Polygon>
					<extrude>0</extrude>
					<altitudeMode>clampToGround</altitudeMode>
					<outerBoundaryIs>
						<LinearRing>
							<coordinates> 34.57776744153058,35.68170092955083,0 34.57780638480219,35.68170843539357,0 34.57783558383036,35.68171360863714,0 34.57786112825276,35.68172368643417,0 34.57786653965462,35.68173047375131,0 34.57786897060611,35.68173797695169,0 34.57786998801028,35.68174572128233,0 34.57787028697943,35.68174800194586,0 34.57786978659841,35.68175018944805,0 34.57786776873581,35.68175900726229,0 34.57786024771264,35.68177006464082,0 34.5778447086421,35.68178528259697,0 34.57782307136224,35.68180432774567,0 34.57774533411954,35.68183386932267,0 34.5777031143353,35.6818418343253,0 34.57766136616226,35.68185512652833,0 34.57761408779231,35.68185969352882,0 34.57758214964195,35.68186065105656,0 34.57753940859202,35.68186015140301,0 34.57750351522914,35.68185456204321,0 34.57747633904557,35.68185137101963,0 34.57742703940981,35.68184999838611,0 34.57739660127573,35.68184842992461,0 34.57737225635482,35.68184839027645,0 34.57737042156579,35.68184838728436,0 34.5773673892895,35.68184826660492,0 34.57735020159944,35.68184758251584,0 34.57734538179346,35.68184739063293,0 34.57734010024524,35.68184697318815,0 34.5773252911317,35.68184580371259,0 34.57731377440098,35.68184489389973,0 34.5773043809116,35.68184360208457,0 34.57728517417682,35.68184096176859,0 34.57726124873489,35.68183877621281,0 34.57725664357411,35.68183091486822,0 34.57725728162161,35.68182421678024,0 34.5772608093497,35.68181140572869,0 34.57726965837196,35.68180462257587,0 34.57730007710258,35.68179274968575,0 34.57735658060731,35.68177817467588,0 34.5774345561179,35.68175242704966,0 34.57753335361758,35.68172159849353,0 34.57759952202025,35.6817044895535,0 34.57765242182226,35.68169785989575,0 34.5777076383013,35.6816960727243,0 34.57776744153058,35.68170092955083,0</coordinates>
						</LinearRing>
					</outerBoundaryIs>
				</Polygon>
				<Polygon>
					<extrude>0</extrude>
					<altitudeMode>clampToGround</altitudeMode>
					<outerBoundaryIs>
						<LinearRing>
							<coordinates> 34.58581239914003,35.69039683435439,0 34.58587716436323,35.69047062039888,0 34.58582620378885,35.69051323707197,0 34.58566346577219,35.6905230226416,0 34.58559776325724,35.69051399382673,0 34.58536375047346,35.69041606854223,0 34.58540044019684,35.69035093937541,0 34.58556704575773,35.69033463790632,0 34.58581239914003,35.69039683435439,0</coordinates>
						</LinearRing>
					</outerBoundaryIs>
				</Polygon>
				<Polygon>
					<extrude>0</extrude>
					<altitudeMode>clampToGround</altitudeMode>
					<outerBoundaryIs>
						<LinearRing>
							<coordinates> 34.5903403563449,35.69535602465423,0 34.59075914147591,35.69554819781124,0 34.59104555870885,35.69576782480075,0 34.59124398603833,35.69587004204493,0 34.5913568628086,35.69600524087178,0 34.59137826689913,35.69611131349232,0 34.59141052849742,35.69612902648006,0 34.59146308469494,35.69618463381279,0 34.59157008786617,35.69641215095547,0 34.5916702479573,35.69652141042589,0 34.59167447008172,35.69662966765576,0 34.59187689230922,35.6968261022494,0 34.59189767472488,35.69689407432675,0 34.59197265766369,35.69696749822056,0 34.59200901048865,35.69708544558559,0 34.59197440895063,35.69722619767896,0 34.59187977504546,35.69730540523567,0 34.59177176805115,35.69731856764978,0 34.59150775783871,35.69726717646157,0 34.59134159197045,35.69718267182084,0 34.59125667577354,35.69710333714851,0 34.59111524303455,35.6968761785294,0 34.59102597548552,35.69668056554433,0 34.59098070032233,35.69661886510362,0 34.59040533526419,35.69617562607355,0 34.59009225813256,35.69598034279584,0 34.58970366827297,35.695829968654,0 34.58948308000528,35.69572597505474,0 34.58935613429288,35.69563303783233,0 34.58927309337693,35.69551758066418,0 34.58926359897724,35.69538731771283,0 34.58929558228118,35.69523656498315,0 34.58938523269813,35.69515340133455,0 34.5893842884942,35.69509524954507,0 34.5894988553278,35.69503188172739,0 34.58956023476232,35.69502522397284,0 34.58963993548272,35.69508656580398,0 34.58970183693789,35.69511199235852,0 34.58987068441232,35.69521050843684,0 34.59003160084889,35.69527501365923,0 34.59017662345228,35.6952694881753,0 34.5903403563449,35.69535602465423,0</coordinates>
						</LinearRing>
					</outerBoundaryIs>
				</Polygon>
				<Polygon>
					<extrude>0</extrude>
					<altitudeMode>clampToGround</altitudeMode>
					<outerBoundaryIs>
						<LinearRing>
							<coordinates> 34.5969416313622,35.69782735747592,0 34.59711517513804,35.69795504153382,0 34.59718054611027,35.69797937362124,0 34.59732265819174,35.69799105968332,0 34.59737305416215,35.69800434782008,0 34.5974710708665,35.69807129637073,0 34.59757170140171,35.69808994037719,0 34.59771316872081,35.69809067310451,0 34.59781052042324,35.69813844972846,0 34.59787958658275,35.69820315979116,0 34.59799022936762,35.69823194250571,0 34.59811759053962,35.69836812931368,0 34.59818908662114,35.69841506928957,0 34.59825059290448,35.69843327611095,0 34.5982790056294,35.69850728560809,0 34.59826495483377,35.69864606762988,0 34.59821050474222,35.69872649385452,0 34.59811151959367,35.69874527836262,0 34.59788979698948,35.698744280677,0 34.59768778564015,35.69870092893713,0 34.59749193821687,35.69861869699933,0 34.59733202792255,35.69856416860797,0 34.59721290683989,35.69852354956281,0 34.59694764258528,35.6984159587051,0 34.59677648008159,35.69832356940106,0 34.59665127048773,35.69828220506621,0 34.59656689240647,35.69819920547723,0 34.59638095610936,35.69808636665007,0 34.59632600432373,35.69803690623369,0 34.59629037264335,35.69795486668063,0 34.59629501549425,35.69790772492086,0 34.5964124552475,35.69780494844984,0 34.59649548710129,35.69780554845276,0 34.59662663889162,35.69776885322469,0 34.59675822253602,35.69775864142477,0 34.59683798136456,35.6977798799978,0 34.5969416313622,35.69782735747592,0</coordinates>
						</LinearRing>
					</outerBoundaryIs>
				</Polygon>
				<Polygon>
					<extrude>0</extrude>
					<altitudeMode>clampToGround</altitudeMode>
					<outerBoundaryIs>
						<LinearRing>
							<coordinates> 34.60547655056423,35.70746698617332,0 34.60552652359797,35.70750581397209,0 34.60557438688747,35.70754131379916,0 34.60562841562322,35.7075767493616,0 34.60569392855128,35.70762294889311,0 34.60577836055137,35.70767521338864,0 34.60583540419795,35.70770642971761,0 34.60587696423477,35.70773362328768,0 34.60592486937232,35.70777163498111,0 34.6059602775679,35.70779973162509,0 34.60599145384595,35.70783300540671,0 34.60600342257144,35.70784577890643,0 34.60601573265546,35.70786009071771,0 34.6060404704865,35.70788885065067,0 34.6060526719703,35.70790303593581,0 34.60606193610911,35.70791483347075,0 34.60609571448094,35.70795784699954,0 34.60613439925509,35.70799763088542,0 34.60617151472003,35.70805287250449,0 34.60624427494059,35.70822711059634,0 34.60626488940029,35.70829304359018,0 34.60630000743187,35.70841876829665,0 34.60631141373515,35.70848731153661,0 34.60630686882982,35.70852336556786,0 34.60629304711831,35.7085578437588,0 34.60627090740788,35.7085865471946,0 34.60624056690266,35.70862594388835,0 34.60620924804772,35.70865893162364,0 34.60616236219837,35.70868287353628,0 34.60611324181336,35.70869595325316,0 34.60605379132998,35.70870579310068,0 34.60599417349768,35.70870558577826,0 34.60593758502763,35.70870199721608,0 34.60586741589213,35.7086851546578,0 34.60579926111613,35.70866577801447,0 34.60572737604694,35.7086345046928,0 34.60565691731331,35.70860008059512,0 34.60560605312492,35.70856963608265,0 34.60554591327352,35.70853761473374,0 34.60546301264368,35.70849662270248,0 34.60540062392187,35.70845290205614,0 34.60532828378764,35.70839611143644,0 34.60525443906795,35.70834330075369,0 34.60521897697895,35.70831185573222,0 34.60517716877818,35.70826959163487,0 34.6051091559447,35.70821318564505,0 34.60507688612974,35.70818840569187,0 34.60501415330863,35.70812375435229,0 34.60496429011111,35.70809162446552,0 34.60482833389872,35.70801183695866,0 34.6047505048593,35.7079666041855,0 34.60467541812639,35.70792929516588,0 34.6045523721824,35.70788453998502,0 34.60439527810225,35.7078317709008,0 34.60432194376407,35.70780993637684,0 34.60423864488556,35.70778202893261,0 34.60416844884055,35.70776351037751,0 34.60408801828066,35.7077476119471,0 34.60402501620227,35.70772901813356,0 34.60394979323918,35.70771725162626,0 34.60388290146236,35.70771209614102,0 34.60381707745935,35.70770944166034,0 34.60378153899146,35.70770497039864,0 34.60372660948907,35.70770373606285,0 34.60367241246466,35.70770188993247,0 34.60361591136798,35.70769523228872,0 34.6035831494428,35.70768832404637,0 34.60354733996955,35.70767661150894,0 34.6035188012908,35.70765575483424,0 34.60347453329465,35.70762599563487,0 34.6034562858372,35.70760722148413,0 34.60344032888937,35.7075844181448,0 34.60342494496994,35.70755133248505,0 34.60340449647158,35.70752615843117,0 34.60338796765429,35.70751363828806,0 34.60336254476968,35.70750181613142,0 34.60333190887004,35.7074888404896,0 34.6033162697676,35.70748537824769,0 34.60328135232354,35.70748272350969,0 34.60323431867212,35.70748318796213,0 34.60320390269231,35.70748350849711,0 34.60317295215034,35.70749652967402,0 34.60313535441691,35.70751143461095,0 34.60308379031325,35.707534346294,0 34.60305292987913,35.70755280683823,0 34.60301684540482,35.70756950931708,0 34.60298406494772,35.70757651311923,0 34.60295044471227,35.70758186086291,0 34.60290446704123,35.70758109719156,0 34.60286526962958,35.7075733967012,0 34.60282586763411,35.70755321627785,0 34.60278935525183,35.70752239372704,0 34.60276824310812,35.70749640289455,0 34.60273567394808,35.70747240492931,0 34.60271552279589,35.70745826209851,0 34.60266139195711,35.7074024277035,0 34.60260770052334,35.7073518144428,0 34.60257102491355,35.70731100860048,0 34.60248901042437,35.70722356877926,0 34.60244442922713,35.70716786665182,0 34.60238821520731,35.70710354884975,0 34.60231373111865,35.70701162964671,0 34.60227929190494,35.70696705481311,0 34.60224810001757,35.70693368021451,0 34.60220438851866,35.70689508037258,0 34.60213760464782,35.70684023610495,0 34.60209869230291,35.70680319810587,0 34.60203427830692,35.70675269759598,0 34.60200609221519,35.7067283319547,0 34.60198036552521,35.70670114071692,0 34.6019492663844,35.70667338293999,0 34.60192485610341,35.70663307058258,0 34.60190059893173,35.70660211974518,0 34.60186870345342,35.70657249713096,0 34.60182788425282,35.70652756279467,0 34.60178197613045,35.7064843571133,0 34.60175436907659,35.70643596467286,0 34.60172691620611,35.70639693283606,0 34.601692446776,35.70635048641327,0 34.60163857529839,35.70626429985452,0 34.60153512183975,35.70611290469375,0 34.60141049003929,35.70587144504399,0 34.601318119501,35.70567860335789,0 34.60126494180979,35.70560667442636,0 34.60122324053798,35.70552991728248,0 34.60112959291431,35.70539195355269,0 34.60106570923538,35.70530130916789,0 34.60101700002544,35.70521991924414,0 34.60098839295538,35.70516655982829,0 34.60092041712882,35.70504525567996,0 34.60087511046306,35.70496006418252,0 34.60079959316037,35.70479932061569,0 34.60077438972787,35.70474215962141,0 34.60075259187393,35.70468119707603,0 34.60073384296155,35.70459478436111,0 34.60072618569766,35.70455061880238,0 34.60072661512213,35.70443969580807,0 34.60074321667793,35.70432466896388,0 34.60075530590952,35.70421627916993,0 34.60077282631692,35.70415157446097,0 34.60080483220295,35.70405992013391,0 34.60083602260409,35.70398898644614,0 34.60087097178406,35.70393589896832,0 34.60091989298294,35.70388925489817,0 34.60095215637708,35.70385833864199,0 34.60098138592098,35.70383428399722,0 34.60102108733017,35.70380778382523,0 34.60107180125669,35.70378272414838,0 34.60112124835259,35.703767800089,0 34.60115472308544,35.70375641039469,0 34.60119234794777,35.70374900649347,0 34.60123095396786,35.70374315042005,0 34.60126960562142,35.70374001808403,0 34.60131830761907,35.7037379478998,0 34.60135081794457,35.70373916268664,0 34.60138304037243,35.70374034614878,0 34.60140458269574,35.70374284420607,0 34.60144215858525,35.70375006120337,0 34.6014773429247,35.70376222070826,0 34.60154146516995,35.70378795030258,0 34.60163481878819,35.7038242981764,0 34.6017656271354,35.70389576142778,0 34.6018398809174,35.70392593684797,0 34.60210863406985,35.70405650137149,0 34.60222253418573,35.70411903654081,0 34.60228787920387,35.70415112640659,0 34.60233773018719,35.70419248511369,0 34.60241897299092,35.70423988564714,0 34.60256477289014,35.70431344645692,0 34.60267082176582,35.70437424367761,0 34.60277614277637,35.70445872166275,0 34.60286782963446,35.704529685483,0 34.60296604009683,35.704619470603,0 34.60302060093893,35.70467534694147,0 34.60306608753108,35.70472312511095,0 34.60312969303567,35.70478527949128,0 34.60315820972372,35.70482048923372,0 34.60318590902379,35.70487391698985,0 34.60324030981109,35.70497132848455,0 34.60328554730038,35.70507191894281,0 34.60331798593862,35.70514168642754,0 34.6034034978477,35.70529711951719,0 34.60344854178243,35.70538587510087,0 34.60352654817896,35.7055030093837,0 34.6035787846256,35.70555344698504,0 34.60365389338956,35.70563551229061,0 34.60368126392535,35.70566891222389,0 34.60372930184702,35.70573578338275,0 34.60376793589378,35.70577452785147,0 34.6038129695923,35.70582788302736,0 34.60390798706232,35.70592929132088,0 34.60398744366962,35.70603111693919,0 34.60401743631888,35.70605640340102,0 34.60414651695838,35.70618565719356,0 34.60428586046618,35.70633089393713,0 34.6043323873394,35.70638412626045,0 34.60438897285104,35.70643208666013,0 34.60445862579945,35.70650636653391,0 34.60452338466788,35.70656932214643,0 34.60460784643819,35.70664295476035,0 34.60467775695528,35.70670669323064,0 34.60474351659607,35.70676796363024,0 34.60480334358224,35.70681058689653,0 34.60484483433172,35.70683359384426,0 34.60490386331499,35.70686060344555,0 34.60496280930317,35.70688258988548,0 34.60500011998604,35.70690145470148,0 34.6050199755308,35.70692134178987,0 34.60506400263464,35.70697363024754,0 34.60511211344392,35.70702420058332,0 34.60517252807124,35.70707296656999,0 34.60524292233363,35.70715230086977,0 34.6052987502901,35.70723460878005,0 34.60532532252287,35.70728791945459,0 34.60535907404471,35.70734031604398,0 34.60538983815798,35.70738165409561,0 34.60543588009489,35.70743140926498,0 34.60547655056423,35.70746698617332,0</coordinates>
						</LinearRing>
					</outerBoundaryIs>
				</Polygon>
			</MultiGeometry>
		</Placemark>
	</Document>
</kml>