<?xml version='1.0' encoding='UTF-8'?>
<kml xmlns="http://www.opengis.net/kml/2.2">
	<Document>
		<name>XYLOFAGOU</name>
		<Style id="PolyStyle70">
			<LabelStyle>
				<color>00000000</color>
				<scale>0.000000</scale>
			</LabelStyle>
			<LineStyle>
				<color>ff0055ff</color>
				<width>2.000000</width>
			</LineStyle>
			<PolyStyle>
				<color>00828282</color>
				<outline>1</outline>
			</PolyStyle>
		</Style>
		<Placemark id="ID_70320">
			<name>XYLOFAGOU</name>
			<snippet />
			<description>&lt;html xmlns:fo="http://www.w3.org/1999/XSL/Format" xmlns:msxsl="urn:schemas-microsoft-com:xslt"&gt;

&lt;head&gt;

&lt;META http-equiv="Content-Type" content="text/html"&gt;

&lt;meta http-equiv="content-type" content="text/html; charset=UTF-8"&gt;

&lt;/head&gt;

&lt;body style="margin:0px 0px 0px 0px;overflow:auto;background:#FFFFFF;"&gt;

&lt;table style="font-family:Arial,Verdana,Times;font-size:12px;text-align:left;width:100%;border-collapse:collapse;padding:3px 3px 3px 3px"&gt;

&lt;tr style="text-align:center;font-weight:bold;background:#9CBCE2"&gt;

&lt;td&gt;4&lt;/td&gt;

&lt;/tr&gt;

&lt;tr&gt;

&lt;td&gt;

&lt;table style="font-family:Arial,Verdana,Times;font-size:12px;text-align:left;width:100%;border-spacing:0px; padding:3px 3px 3px 3px"&gt;

&lt;tr&gt;

&lt;td&gt;DIST_CODE&lt;/td&gt;

&lt;td&gt;4&lt;/td&gt;

&lt;/tr&gt;

&lt;tr bgcolor="#D4E4F3"&gt;

&lt;td&gt;VIL_CODE&lt;/td&gt;

&lt;td&gt;107&lt;/td&gt;

&lt;/tr&gt;

&lt;tr&gt;

&lt;td&gt;VIL_CCD&lt;/td&gt;

&lt;td&gt;4107&lt;/td&gt;

&lt;/tr&gt;

&lt;tr bgcolor="#D4E4F3"&gt;

&lt;td&gt;VIL_NM_E&lt;/td&gt;

&lt;td&gt;XYLOFAGOU&lt;/td&gt;

&lt;/tr&gt;

&lt;tr&gt;

&lt;td&gt;VIL_NM_G&lt;/td&gt;

&lt;td&gt;ΞΥΛΟΦΑΓΟΥ&lt;/td&gt;

&lt;/tr&gt;

&lt;/table&gt;

&lt;/td&gt;

&lt;/tr&gt;

&lt;/table&gt;

&lt;/body&gt;&lt;script type="text/javascript"&gt;

				function changeImage(attElement, nameElement) {

				document.getElementById('imageAttachment').src = attElement;

				document.getElementById('imageName').innerHTML = nameElement;}

			&lt;/script&gt;&lt;/html&gt;

</description>
			<styleUrl>#PolyStyle70</styleUrl>
			<MultiGeometry>
				<Polygon>
					<extrude>0</extrude>
					<altitudeMode>clampToGround</altitudeMode>
					<outerBoundaryIs>
						<LinearRing>
							<coordinates> 33.86263350969975,35.00783969701366,0 33.86238446442281,35.00798887764257,0 33.86204834780174,35.00822020617802,0 33.86181240387243,35.00783268149425,0 33.86139657297575,35.00798062940239,0 33.86120270947225,35.00765969352304,0 33.86074832248463,35.00779193290314,0 33.86075640038527,35.0078128897654,0 33.86030481303328,35.00801794460625,0 33.86007189475239,35.00769716922517,0 33.85989067581804,35.00776885822418,0 33.8596214896024,35.00787427541709,0 33.85947145037225,35.00793036341678,0 33.85941432250253,35.00779007056572,0 33.85934029429399,35.00759273015825,0 33.85909084669213,35.00766789362586,0 33.85892044458834,35.0077175935847,0 33.85879863394159,35.007529330855,0 33.8586806361356,35.00732972584473,0 33.85913515895628,35.00720850824072,0 33.85877929670325,35.00680691448935,0 33.85833129269393,35.00698789292768,0 33.85845708042661,35.0071809775179,0 33.85855497766355,35.0073370804359,0 33.8582242479679,35.00746065302063,0 33.85831386524404,35.00757640346377,0 33.85834778215392,35.0076263170692,0 33.85832165232328,35.00763827583381,0 33.85779548469107,35.00783861167033,0 33.85749919992383,35.00801537067335,0 33.85742585206398,35.00805141630775,0 33.85741264148358,35.00802722883159,0 33.85712388741931,35.0073944944194,0 33.85631599176912,35.0077575114086,0 33.85596012287337,35.00685496691881,0 33.85587607091878,35.00663816632183,0 33.85566851771366,35.00669843470781,0 33.85476333937101,35.00694726904125,0 33.85498959005111,35.0076158787839,0 33.85499921713878,35.00764382984799,0 33.85497041355727,35.00764840719945,0 33.85386971238626,35.0080194707104,0 33.85330749628139,35.00818035065728,0 33.85278768368001,35.00743280963965,0 33.85266479952293,35.00746149533739,0 33.8525492019127,35.00749410397045,0 33.85259901052862,35.0076388260198,0 33.85218077218597,35.00783452957634,0 33.85178389177562,35.0072947861513,0 33.85152086667578,35.00731849226339,0 33.85150365151683,35.00728880398037,0 33.85116647849051,35.00738258363889,0 33.85103429670578,35.00698009129834,0 33.85084620430175,35.00700923234396,0 33.85099861795621,35.00726651110482,0 33.85080317661286,35.00728576665879,0 33.85073295196827,35.00726837344993,0 33.85042359874061,35.00748318075868,0 33.85026532965902,35.0075935906413,0 33.85044350784528,35.00777318514714,0 33.85001681544198,35.0080861909716,0 33.84966381993552,35.00781839166527,0 33.84983588343744,35.00764031848177,0 33.85001019614438,35.0074463305381,0 33.84988286065084,35.00727830300821,0 33.85061352763458,35.0069313711395,0 33.85051717603558,35.00675025613822,0 33.85014326201924,35.00697587211668,0 33.84997822967129,35.00705048601667,0 33.84982565192249,35.0070961535009,0 33.84954370768845,35.00727390151415,0 33.84944252247399,35.00735593785448,0 33.84925277082356,35.00749041760332,0 33.84834629770794,35.0074718827185,0 33.84795014439796,35.00817020171248,0 33.84738337311873,35.00801716434591,0 33.84681801700669,35.00776673695947,0 33.84684114483006,35.00766721144767,0 33.84666197133627,35.00739024104535,0 33.84542879521548,35.0073480423609,0 33.8453820150547,35.00735417316174,0 33.84514888225004,35.00739304135281,0 33.84497126447651,35.00742207333536,0 33.84474969751154,35.00745737365644,0 33.84450581632194,35.00749896641839,0 33.84433641709087,35.0075292995929,0 33.84424148420572,35.00754683852691,0 33.84398878869517,35.00759279300942,0 33.84393674507852,35.00744989285132,0 33.84385150098211,35.00723346878961,0 33.84377609846419,35.00725313227044,0 33.84355068129026,35.00730440191487,0 33.84326362500036,35.00737165834325,0 33.84287064858269,35.00746121641219,0 33.84287038737632,35.00746127771803,0 33.84248271031178,35.00755243556721,0 33.84244004267124,35.00756168345506,0 33.84209796440534,35.00760279191009,0 33.84208574712712,35.00760709338965,0 33.84164993204059,35.00775074257844,0 33.84161516562812,35.00775863197358,0 33.84160553043169,35.00773115851109,0 33.84135539684814,35.00674284892515,0 33.84130963635114,35.00656201936056,0 33.84120212531852,35.00658387063428,0 33.8410039555034,35.00663943745615,0 33.84101564702286,35.00668845896139,0 33.84097471637249,35.00669794939224,0 33.84101715239692,35.00688970086835,0 33.84106857870157,35.00708220849107,0 33.84073079600591,35.0072041365169,0 33.84054079718089,35.00726420704394,0 33.8398502157987,35.00746854779381,0 33.83975251292099,35.007500068581,0 33.83946975463115,35.00757780198163,0 33.83936760650813,35.00763964092999,0 33.83903450779373,35.00733229454,0 33.8394014096429,35.00705431257254,0 33.83916527793003,35.00681776016965,0 33.83916509195065,35.00681757126139,0 33.83912553553278,35.00677810498956,0 33.8388167396224,35.00699892743292,0 33.83875383897296,35.00704247577094,0 33.83792415298105,35.00762091491266,0 33.83789701527058,35.00763478360795,0 33.83786545831489,35.00760129203015,0 33.83733376160721,35.00788476730082,0 33.83730587661969,35.00789875098992,0 33.83729069162571,35.00787944242541,0 33.83702589057382,35.00761941843818,0 33.83699797867815,35.00759612600487,0 33.83746367872237,35.00730991934073,0 33.83743348184319,35.00727483541514,0 33.83730895227212,35.00712687171304,0 33.83726051582421,35.00706974198074,0 33.8369663782112,35.00724394401066,0 33.8369029432644,35.00720352573891,0 33.83671465258699,35.00728024979669,0 33.83666066981548,35.0072303376594,0 33.83652231879488,35.00733500110943,0 33.83642418947174,35.00726339549725,0 33.83644879209044,35.00724122653717,0 33.83615227080848,35.00700442274432,0 33.83595983362078,35.00686118269999,0 33.83581833369232,35.00703186440322,0 33.83535847704201,35.00725973503964,0 33.83536431815078,35.00727069454936,0 33.83544434918854,35.00725285858986,0 33.83553347170341,35.00737795352052,0 33.83560052633278,35.00758648279078,0 33.83524490031935,35.00773506720261,0 33.83523861919945,35.00786867626523,0 33.83503158036283,35.00798009609355,0 33.83495913389275,35.00780460183277,0 33.8349977999424,35.0076629134467,0 33.83511401984281,35.00763540106164,0 33.83493896430047,35.00713534109903,0 33.83496367795857,35.00712417138406,0 33.83489495542323,35.00693922375702,0 33.83477676318363,35.006960464073,0 33.83465475209718,35.00698173053454,0 33.83470399382538,35.00712910064834,0 33.83440285481227,35.00718931109702,0 33.83421101672153,35.00672864993714,0 33.83412235573349,35.0065043506028,0 33.83412148908831,35.00650466663804,0 33.83410942294999,35.00648049754703,0 33.83405028711733,35.00638011272027,0 33.83364438588418,35.00657197672098,0 33.83375704225813,35.00675923915841,0 33.8340176066536,35.00719236718186,0 33.83403162011677,35.00721679782304,0 33.83400210898851,35.0072288377084,0 33.83366862406167,35.00735759696391,0 33.83264081375778,35.00775491060798,0 33.83261051753532,35.00776616592122,0 33.83259755674894,35.00774309440821,0 33.83210976255408,35.00698456131282,0 33.83210927836946,35.00698380836238,0 33.83190501678101,35.00666616992131,0 33.83162567931039,35.00680385664438,0 33.83151905055998,35.00685613610431,0 33.83148291361343,35.00687025702013,0 33.8314706275404,35.00687505908122,0 33.83101271923822,35.00706044521831,0 33.83098110341384,35.0070699081746,0 33.83096772782938,35.00704638772211,0 33.83084124302625,35.00679401766146,0 33.83077067923381,35.00665356133291,0 33.83034783422998,35.00683709418337,0 33.83053892069561,35.00713044812118,0 33.83055699268282,35.00716111428829,0 33.82954883574044,35.00736169578456,0 33.82956534688481,35.00738265753938,0 33.82939254028077,35.00745432301353,0 33.82915326017555,35.00702301266635,0 33.82880679220639,35.00715823638668,0 33.82894807257216,35.00734244686041,0 33.8289585344162,35.00736616861817,0 33.82893749579604,35.00737998284947,0 33.8281509469007,35.0077723882211,0 33.8276520450616,35.00802035302596,0 33.82757505853858,35.00800645384978,0 33.82732286474432,35.00764450009182,0 33.82691355016091,35.00786364025967,0 33.82688506015515,35.00787559755108,0 33.82686758920723,35.00785522156433,0 33.82633057099476,35.00714215376232,0 33.82621009294945,35.00719182138611,0 33.82562943285841,35.00742816378147,0 33.82502186653326,35.00774693766655,0 33.82501884909884,35.0077483273951,0 33.82499182517191,35.00776076824302,0 33.82499133821325,35.00776006035245,0 33.82453065479423,35.00802317638181,0 33.82449924162015,35.00798329122996,0 33.82409835812032,35.00754858488485,0 33.82381021809329,35.00720995335733,0 33.82362960401235,35.0069721724222,0 33.82358872876532,35.00687220565197,0 33.82359177054735,35.00673366585061,0 33.82383168584094,35.00591732447683,0 33.82395555094447,35.00545718326605,0 33.82397720688668,35.00536963969402,0 33.8238856254275,35.00533189616977,0 33.82374577063811,35.00530186081374,0 33.8234904261946,35.00524162431626,0 33.8233366140526,35.00521184092106,0 33.82308558867179,35.00515072605724,0 33.82254989922178,35.00502369744358,0 33.82223039494735,35.00493832767339,0 33.82217342862398,35.00491788861086,0 33.82215442140438,35.00489871938191,0 33.82214552724027,35.00486425708506,0 33.82214549083282,35.00485317197192,0 33.82229226108408,35.00426854861553,0 33.82232639042968,35.00415896101549,0 33.82235880553832,35.00406166562973,0 33.82269221486708,35.00340912795224,0 33.82267122509531,35.00339510748505,0 33.82266810243904,35.00339374410519,0 33.82141993821816,35.00284865807398,0 33.82157767024464,35.00241566159773,0 33.82157858178916,35.00241249423324,0 33.82164652092989,35.00208834136232,0 33.82164864767295,35.00207819347535,0 33.82164881577864,35.0020521645345,0 33.82161074450464,35.00203164956374,0 33.82133234491217,35.0019608315391,0 33.82109702623173,35.00190633869722,0 33.82097561187663,35.00188223272477,0 33.82065430110135,35.00181170335087,0 33.82078819396347,35.00119654812718,0 33.82078892258739,35.00101359587232,0 33.82105791203571,35.00107906775071,0 33.8208116501855,35.00021856681808,0 33.82058497728597,35.00029580218725,0 33.82055698809317,35.00005206097745,0 33.82033313404794,34.99964351982199,0 33.82010035700876,34.99910886734768,0 33.82033775160583,34.99908202871185,0 33.82019980880306,34.99870339815224,0 33.81969766734782,34.99883296018253,0 33.81951998475608,34.99844092747119,0 33.82002974853078,34.99830710877657,0 33.81961959985708,34.99754649683257,0 33.81936382171236,34.99771168188492,0 33.81932538036312,34.99765377873176,0 33.81909556240198,34.99737438144093,0 33.81882298251254,34.99704980478474,0 33.81850530032509,34.99667263222464,0 33.81846480238105,34.9966044441895,0 33.81885295179656,34.99649416014483,0 33.81842725862145,34.99595466127113,0 33.81848364626815,34.99591737160181,0 33.81867319859502,34.9957886809804,0 33.81860510779395,34.99567360540703,0 33.81836062167454,34.99524541453342,0 33.81821281794152,34.99498896641694,0 33.8180367189484,34.99469593177227,0 33.81758035849824,34.99402781222496,0 33.81727697646394,34.99357473051546,0 33.8174502832417,34.99350760751652,0 33.81753572401701,34.99347184882222,0 33.81682394484336,34.99211586335804,0 33.81664848875026,34.9921676130618,0 33.81655023739458,34.99219803899665,0 33.81642287251858,34.99223119357208,0 33.81623583741319,34.99177050296974,0 33.81614178906364,34.9914906320089,0 33.81600684595247,34.99112146303853,0 33.81575795636786,34.99049540041403,0 33.81569974942629,34.99035966420269,0 33.81556109903843,34.98993094615636,0 33.81538540430159,34.98941527005589,0 33.81499363508927,34.9895242493903,0 33.81498807931288,34.98950277391867,0 33.81497969978724,34.98947654179502,0 33.81485303784338,34.98908003765886,0 33.81487866417582,34.98907203340799,0 33.81487882032025,34.98907198458584,0 33.81526613580345,34.98895290832745,0 33.81529520839815,34.98894341066619,0 33.81528570336443,34.98891877528483,0 33.81510944639466,34.98849116274936,0 33.81505946998705,34.98836991587313,0 33.81498067397807,34.98817933488075,0 33.81497020763913,34.98815173311174,0 33.8149358093826,34.98816349109394,0 33.81458040043464,34.98829834392554,0 33.81450365860091,34.98808668585496,0 33.8143324872192,34.9876145855099,0 33.81556915496962,34.98726783272436,0 33.81559857194238,34.98726010122257,0 33.81543609566885,34.98686960618577,0 33.81499119582269,34.98696078904426,0 33.81496050479392,34.98687002051745,0 33.8148394967473,34.98654360883071,0 33.81483248531928,34.98651735037333,0 33.81479980935514,34.9865253370229,0 33.81396202497127,34.98670445694514,0 33.81370000033913,34.98605441737472,0 33.81362506442859,34.98586708790981,0 33.81379338945565,34.98583122888099,0 33.8138253105498,34.98582478534888,0 33.81381606303945,34.98579587547808,0 33.81376934536034,34.98568934942789,0 33.81365239034027,34.98542266571623,0 33.81415117589829,34.98531350591609,0 33.81412249951588,34.98523866847626,0 33.81393275509193,34.98475444001809,0 33.81301121911403,34.98505023926788,0 33.8128822954633,34.98472240107253,0 33.81306062292206,34.98467983188675,0 33.81331690052553,34.98460865540611,0 33.81330003791933,34.98455669003857,0 33.81318999308463,34.98425338435487,0 33.81312839415384,34.98425942344377,0 33.81304413805933,34.98426214384124,0 33.81293675960922,34.98426522992845,0 33.8114424693155,34.98431016236867,0 33.8100792841233,34.98434465412956,0 33.80980168621183,34.98434904521319,0 33.80972948810216,34.98422257997357,0 33.80963517310114,34.98404294620622,0 33.8093179984474,34.98347380348338,0 33.80904797239693,34.98299320835435,0 33.80888469866446,34.98270232027939,0 33.8087027445512,34.98239378439155,0 33.80850810350354,34.98204978779405,0 33.80819989203974,34.98207722859482,0 33.80771341389205,34.98211357333565,0 33.80728316946347,34.98215265298232,0 33.80685916104905,34.98218651653261,0 33.80614000724281,34.98225338188049,0 33.80421789944837,34.98311079246547,0 33.80291347011527,34.98370538695346,0 33.80276638768079,34.98377232937523,0 33.80257706113267,34.98385895260268,0 33.80260212538557,34.98406531836331,0 33.80263285896955,34.98426194486623,0 33.80267295327466,34.98453202403153,0 33.80273762569207,34.98495845521325,0 33.80279632764309,34.98536358426614,0 33.80202366520929,34.98531889026285,0 33.80132400524344,34.98537331060702,0 33.80089543643184,34.98545202367276,0 33.80059963709367,34.98555357563573,0 33.80013619159271,34.98560168813171,0 33.79953753407535,34.98567203180198,0 33.7980897052545,34.98583095838555,0 33.79630224599551,34.9860300392923,0 33.79438652192413,34.98624508757287,0 33.79326843705231,34.98636767270189,0 33.79028641956585,34.98670015015868,0 33.78892811580164,34.98686425122814,0 33.78890897250047,34.98676480421818,0 33.78703023257638,34.98696912478398,0 33.78459783712812,34.98722906856747,0 33.78449139420469,34.98681974793925,0 33.78443262035839,34.98664301324465,0 33.78438668134091,34.98659547721206,0 33.78436907858898,34.98653615977354,0 33.78433188075113,34.98646803964382,0 33.78430272567175,34.98638305191233,0 33.78429724957676,34.9863206057821,0 33.78429724689553,34.98625245448172,0 33.7843261942698,34.98618085399373,0 33.7843741029411,34.98610042256601,0 33.78441989669412,34.98602000478321,0 33.78444890925071,34.98595537167275,0 33.78448013846461,34.98590117507516,0 33.78453023601641,34.98583805436775,0 33.784582229928,34.98575076744451,0 33.78465411346301,34.98569743843622,0 33.7847700319088,34.98566053133003,0 33.78485781319262,34.98563305077617,0 33.78492285690618,34.98559536456884,0 33.78496204278565,34.98553061779013,0 33.78499148029673,34.98543552526494,0 33.78502210193601,34.98530546153322,0 33.78502050475425,34.98513814388778,0 33.78493937141707,34.9849039102614,0 33.78486834268923,34.98477450368917,0 33.7846236431665,34.98469434443536,0 33.7845601700304,34.98464047043058,0 33.78448980297004,34.98459733335611,0 33.78441456639709,34.98456738815748,0 33.78430751650033,34.98455492017192,0 33.78421063156101,34.98456048026234,0 33.78344516177165,34.98466905523088,0 33.7830091198233,34.98474013392612,0 33.78273731244072,34.98474188654492,0 33.78259112509222,34.98471239670354,0 33.78252391410368,34.98468568871368,0 33.78244541348877,34.98462779825411,0 33.78240850793658,34.98453016103056,0 33.782426088252,34.98448727804907,0 33.78248219547888,34.98439726579237,0 33.78258319220642,34.98429873979232,0 33.78268371321467,34.98425532304434,0 33.78270748400009,34.98423296288237,0 33.78285066975098,34.98415719367851,0 33.78300836611088,34.98403115963037,0 33.78312763075706,34.98396212459782,0 33.78320991335888,34.9838925050358,0 33.78328545164388,34.98384924894624,0 33.78343887920648,34.98379973299608,0 33.78355726863339,34.98374386274922,0 33.78363537415398,34.9836553530486,0 33.78385764500796,34.98327968886831,0 33.7838682138509,34.98323520678599,0 33.78389993165122,34.98320785991149,0 33.78393146912986,34.98316159738322,0 33.78393221031243,34.9831344505001,0 33.78392412158566,34.98312463328158,0 33.78389802245334,34.98311246430787,0 33.78386008137537,34.98311599937707,0 33.78381385671809,34.98308915569726,0 33.78378587651859,34.98308933632389,0 33.78372264030126,34.98306013528844,0 33.7837075414518,34.98303943922048,0 33.78315051416345,34.98298627937553,0 33.78288051312331,34.98300298839688,0 33.7827258429453,34.98300398560183,0 33.78261695803411,34.98299076354793,0 33.78254636245293,34.98293751126383,0 33.78251947473611,34.98290585877283,0 33.78243213272206,34.98287061618426,0 33.78214235369371,34.98289635325684,0 33.7820674351544,34.98289683584751,0 33.7818133027267,34.98285868914744,0 33.78155425981664,34.98281261775161,0 33.78144986916502,34.98276356114336,0 33.78132591693434,34.98269075940776,0 33.78126946327676,34.98259962229745,0 33.78119769756224,34.98242304967021,0 33.7810306409014,34.98188307421975,0 33.78098666855621,34.98183362853365,0 33.78079676989011,34.98168765274198,0 33.78119266536548,34.98120023225243,0 33.78159061839897,34.98073677992001,0 33.78186148040711,34.9804311896793,0 33.78190830241771,34.98038019782892,0 33.78207906920047,34.98019422137943,0 33.78332664246845,34.97878643624941,0 33.78521953532147,34.97850450325618,0 33.78705865888602,34.97823996011498,0 33.78772962252569,34.97813660272665,0 33.78918518397278,34.97792456643769,0 33.79098101853773,34.97765116104585,0 33.79221531690725,34.97746899954529,0 33.79240271232036,34.97754629875698,0 33.79236236538718,34.97830959304068,0 33.79231920779629,34.97856592496101,0 33.79225508459063,34.97858341320772,0 33.79212827746361,34.97919876192915,0 33.79212270876713,34.97969724254558,0 33.79219915321298,34.98031297144922,0 33.79219923269009,34.98031349103917,0 33.79222793883445,34.98050226176871,0 33.79223532485288,34.98083849208979,0 33.79211041182304,34.98121996874443,0 33.7919817755326,34.98164585182317,0 33.79233305131284,34.98172549556238,0 33.79253451797315,34.98132474286229,0 33.79258565645871,34.98125100796864,0 33.79273206334446,34.98116299486373,0 33.79282025262166,34.98105999915995,0 33.7928652032662,34.98098971815833,0 33.79290880367758,34.98099455429841,0 33.79295869134079,34.98100617747511,0 33.79337631253726,34.98108367855743,0 33.793478261083,34.98111715201985,0 33.79351954150707,34.98109639880614,0 33.79354386730496,34.98103820131923,0 33.79351629814374,34.98097522303372,0 33.79346585056489,34.98090556523861,0 33.79337593350186,34.98082933811813,0 33.79329651694133,34.98076669764831,0 33.79318388642069,34.98070086049792,0 33.79310256164619,34.98065530219598,0 33.79299003017504,34.98059970683608,0 33.79279755756396,34.9804268490837,0 33.7927786196493,34.98030970946063,0 33.79277770780485,34.98030407444585,0 33.79272848137893,34.97993056224007,0 33.79262903531563,34.97994145408523,0 33.79259287744111,34.97963272222172,0 33.79260250580308,34.97955584465845,0 33.79262444627368,34.97946523049235,0 33.79267362565998,34.97940345731233,0 33.79282620114034,34.97931028295942,0 33.79288752670376,34.97921770431693,0 33.79289955903632,34.97917495070243,0 33.79291616711787,34.97874638455708,0 33.79304011951422,34.97826590691921,0 33.7930940374462,34.97826555475664,0 33.79320347142846,34.97800025425938,0 33.79326790781652,34.9780151967943,0 33.79367201417364,34.97801144192695,0 33.79413070948672,34.97785860558629,0 33.79503814162066,34.97756964001508,0 33.79609164086597,34.97722143993257,0 33.79490358456349,34.97568089941885,0 33.79523924931054,34.97561835002514,0 33.79545115287995,34.97556909672809,0 33.79562272673239,34.97553259443765,0 33.79636102312515,34.97527386228836,0 33.79671927676195,34.97519451268374,0 33.79686102715193,34.97547244733817,0 33.79700439868882,34.9756567227619,0 33.79726582929533,34.97576114205433,0 33.79735255333454,34.97583965345998,0 33.7975475401099,34.97613180521706,0 33.7978940485208,34.97588396091109,0 33.79759178858122,34.97548013574991,0 33.79752401940135,34.97527039206692,0 33.79744348721749,34.97504824503901,0 33.79783432296181,34.97493954307548,0 33.79816743255937,34.97487492106672,0 33.79848298708217,34.97482498113647,0 33.79884412876975,34.97478306583457,0 33.79906872863879,34.97473996672803,0 33.79940909821876,34.97464199577679,0 33.79986980665732,34.97443917886451,0 33.80007136898394,34.97436709366119,0 33.8001363331523,34.97454772020053,0 33.8015197301568,34.97488211342736,0 33.80446540884806,34.9756138551616,0 33.80668379709256,34.97562945642436,0 33.80581497252621,34.97435074784743,0 33.80533424043573,34.973627963955,0 33.80496449993667,34.9731195454963,0 33.8051951847531,34.9730485549824,0 33.80537154111209,34.97298912878804,0 33.80605466057144,34.97269779193058,0 33.80644749611683,34.97250696838324,0 33.80677548711868,34.97236586843663,0 33.80687358609142,34.97237642015584,0 33.80704336973097,34.97358972890205,0 33.81117967259377,34.97412890007431,0 33.81124006794104,34.97412071931563,0 33.8112416051834,34.97408492974947,0 33.80847545435299,34.97197816409086,0 33.80844600380999,34.97189584589994,0 33.80888694040017,34.97182004385852,0 33.80928229467251,34.97173987926,0 33.80938154533094,34.97169133173218,0 33.80969567074273,34.9715204962002,0 33.80986671657283,34.97144866589079,0 33.81008746667491,34.97136054266119,0 33.8105018718358,34.97124604245077,0 33.81102971133697,34.97111710181256,0 33.81131385379589,34.97103755435331,0 33.81144860608994,34.97098663343027,0 33.8119589434047,34.97085736583758,0 33.81229363807451,34.97080672132314,0 33.81247407536556,34.97081680876461,0 33.81287863075256,34.97089316502544,0 33.81299854652133,34.97092786032027,0 33.8130621763441,34.97082094098645,0 33.81297359033974,34.97078280899526,0 33.81260898602459,34.97058355640567,0 33.8131803663567,34.97028445326765,0 33.81342898965577,34.97015289803097,0 33.81376405545235,34.97014016443248,0 33.81388662995509,34.97021821645964,0 33.81393529732794,34.97024899130747,0 33.81400472935297,34.97029506524161,0 33.81403590711407,34.97027630090611,0 33.81405485631748,34.97026560675484,0 33.81408492718986,34.97024985419655,0 33.81409715700371,34.97018756922974,0 33.81410498898289,34.97013899881476,0 33.81410320098902,34.9701110195959,0 33.81409589546663,34.97006006189412,0 33.81406594021755,34.97001112193108,0 33.81396803992914,34.96988573708193,0 33.8139810317742,34.96987767710579,0 33.8139369035772,34.96981280609942,0 33.81395409464274,34.96980914656364,0 33.81414303457824,34.96976893045368,0 33.81426451027223,34.96968893510744,0 33.81413073148504,34.96957964750042,0 33.81429516868221,34.96950794993774,0 33.81435136600946,34.96938975546013,0 33.81458260099915,34.96933430439442,0 33.81474624685851,34.96953402069006,0 33.81486985338056,34.9694897131381,0 33.81501545522713,34.96948359442763,0 33.81515755461155,34.96945675511176,0 33.81525100628068,34.96942666727649,0 33.81532844742379,34.96939305602309,0 33.81540119556289,34.96935296541297,0 33.81547779369111,34.96929960552193,0 33.81551323911437,34.96915741485565,0 33.81529906219522,34.96915656342777,0 33.81563012182247,34.96895343063243,0 33.81575830986036,34.96890792319367,0 33.81576075322793,34.96894396732955,0 33.81585771778703,34.96897536974405,0 33.81596716667101,34.96893342231895,0 33.81606255744781,34.96893332757248,0 33.81612338896635,34.96891004931942,0 33.8162666177576,34.96883868272825,0 33.81634456458411,34.96870536436383,0 33.81622282490914,34.96869988639632,0 33.81613747056709,34.96864722692334,0 33.81635368239948,34.96857308015496,0 33.81641540705179,34.96842022115125,0 33.81651946250253,34.968321831305,0 33.81671871564566,34.96836055868396,0 33.81684888456217,34.96834156771538,0 33.81704242870251,34.96830609988277,0 33.81723345390484,34.96826234138224,0 33.81746633085788,34.96819665912399,0 33.81764148536496,34.968137799281,0 33.81776164698688,34.9680924330183,0 33.81793011045718,34.96802156338233,0 33.81833892089082,34.96787526830367,0 33.8184402475534,34.96800475316032,0 33.81848407959937,34.96798542916824,0 33.81889084753334,34.96780610244783,0 33.81893077695597,34.96769547466387,0 33.81879422507448,34.96748495380018,0 33.8184865004838,34.96762111163297,0 33.81829361585838,34.96774139644541,0 33.818273829684,34.96772055416776,0 33.81824919430696,34.96774173182114,0 33.81821550681091,34.96776658507854,0 33.81814648952847,34.96780971338826,0 33.81813760949031,34.96779985780259,0 33.81805351229135,34.96781089862202,0 33.81805043140795,34.96780279775257,0 33.81814867566991,34.96779059797191,0 33.81821045657278,34.96774984403215,0 33.8182859611559,34.967671968033,0 33.81835294663093,34.96764697149742,0 33.81884386648569,34.96743037277121,0 33.81897656625162,34.96767853502271,0 33.81898202123545,34.9676765151522,0 33.81901053039933,34.96768260564764,0 33.81903199045151,34.9676911774614,0 33.81914032755846,34.96742556104512,0 33.81925138545996,34.96740592301813,0 33.81934775834615,34.96733935066874,0 33.81933209872662,34.96729438446945,0 33.81922002947424,34.9672596018964,0 33.8192439885457,34.96715183101163,0 33.81944526883156,34.96704515328577,0 33.81964700375428,34.96705409487073,0 33.81992673618769,34.9669354390252,0 33.81993871461007,34.96692578166505,0 33.81998329884123,34.966889838334,0 33.81990464595991,34.96681195110288,0 33.82009788179986,34.96666583172632,0 33.82030641460536,34.9666592717945,0 33.82036463477782,34.96657073050562,0 33.82044231318743,34.96655074449112,0 33.82057047289388,34.96657277417021,0 33.82073332704329,34.96651786902893,0 33.82089804540013,34.96651045940932,0 33.82095529347669,34.9665335403917,0 33.82115715142581,34.9664852396814,0 33.82116648857081,34.96651476593388,0 33.82093452204859,34.96664524991385,0 33.82094249592149,34.96667928338985,0 33.82116594217643,34.96662889330266,0 33.82127912123767,34.96659176182296,0 33.82140646750724,34.96645722998157,0 33.82146774545235,34.96642207820039,0 33.8215072687803,34.96642200734875,0 33.8215228574367,34.96637980015964,0 33.82150381249425,34.96635790055659,0 33.8213885858655,34.96638468539031,0 33.82136743645746,34.96641370031089,0 33.82130367023658,34.96642302840788,0 33.82128100404604,34.96644928356631,0 33.82122161267733,34.96646073277663,0 33.82121402052693,34.96642666518809,0 33.8214560687106,34.96605725383264,0 33.82192162417005,34.96595919259167,0 33.82199185517163,34.96600778500637,0 33.82207290447604,34.96613789896404,0 33.82210417885743,34.9661488790477,0 33.82216643505165,34.96610406719053,0 33.82229273412833,34.96621826237791,0 33.82244099387015,34.96623385769633,0 33.82280517388493,34.96614724951893,0 33.82281835838899,34.96621412976895,0 33.82272703395836,34.96625996727811,0 33.82275176919055,34.96629986697101,0 33.82288852993843,34.96634759346088,0 33.82303357779871,34.96632294784556,0 33.8230527022962,34.9663196975825,0 33.82308150219288,34.96631480428878,0 33.82309386090118,34.96615731700197,0 33.82305417987927,34.96615529277946,0 33.8230424521761,34.96609351272427,0 33.82309513506317,34.9660788873894,0 33.82311538078007,34.96601750448278,0 33.82322132947493,34.96597385710776,0 33.82324305150249,34.96592105001583,0 33.82320736352577,34.96589839545297,0 33.82322790111026,34.96586620241721,0 33.82331746522167,34.96585298644884,0 33.82332832393519,34.96589585827483,0 33.82336736232301,34.96590589661417,0 33.82350566102475,34.96582940345004,0 33.82385813174557,34.96567193578717,0 33.82379551676998,34.96561164669247,0 33.82382265072923,34.96556265447136,0 33.82416150156475,34.96528919681587,0 33.82422189760022,34.96534888783211,0 33.82421802405945,34.96537867837998,0 33.82418555740532,34.96540007713931,0 33.82412441384216,34.96540449881221,0 33.82408544259994,34.96547058897482,0 33.82411053535601,34.96547671498188,0 33.82415951547368,34.96543803158689,0 33.82424216191485,34.96542831244884,0 33.82423854799293,34.96541459962712,0 33.82434183510072,34.96531373038636,0 33.82437535859449,34.96525912581558,0 33.82440180744162,34.96526180821998,0 33.82443499109183,34.96524269409399,0 33.82441120865168,34.96522854580412,0 33.8244225121836,34.96517695400647,0 33.82445294339562,34.96516072050873,0 33.82453947159014,34.96516721175222,0 33.82454338113063,34.96509599887263,0 33.82458535655407,34.9650522122604,0 33.82457533610048,34.96502366081843,0 33.82471391321592,34.96497521058416,0 33.82473352977507,34.96498995949623,0 33.82473093799766,34.96500886685531,0 33.82479112199605,34.96504738061497,0 33.82483553754823,34.96510832463795,0 33.82485580927199,34.96511906235268,0 33.82490143871163,34.96509299489055,0 33.82491149480889,34.96505572126124,0 33.82489858417959,34.96501631407651,0 33.82491644551813,34.96498430659585,0 33.82491809286722,34.96495092824804,0 33.82489281775958,34.96485722803759,0 33.82493108644739,34.96482306189709,0 33.82502838091867,34.96481007790785,0 33.82508731959447,34.96476533397247,0 33.82510637389475,34.96479739354261,0 33.8250926407604,34.9648146585353,0 33.8252324912943,34.96489327044922,0 33.82534883132576,34.96492139497197,0 33.82532052802791,34.96503023046877,0 33.8252863406389,34.96503777676774,0 33.82526457927392,34.96505429499108,0 33.82522810265513,34.96506624845532,0 33.82524303448744,34.96508498716902,0 33.82525947868204,34.96508834761997,0 33.82534154850509,34.96505338972618,0 33.82536673332061,34.96502808300009,0 33.82535900186964,34.96501150830501,0 33.82537600636574,34.96500162605758,0 33.82538103913826,34.9649613623311,0 33.82540662846154,34.96494582223025,0 33.82542952974765,34.96494328867966,0 33.825474147267,34.96495500559245,0 33.825488578576,34.96494283503647,0 33.82551826081338,34.96493427187737,0 33.82552527538284,34.96492260423614,0 33.82549368993639,34.96489305468202,0 33.82547383927449,34.96488521672241,0 33.82543032326793,34.96488375477144,0 33.82542285085621,34.96487390186862,0 33.82542526645254,34.96486255484097,0 33.82540562052725,34.96485624155024,0 33.82538265391137,34.96485815447498,0 33.82536900070831,34.96484757287848,0 33.82538486380941,34.96482258459819,0 33.8253807155014,34.96481881969704,0 33.82535694440084,34.96482611403955,0 33.82533225176107,34.96481641872608,0 33.82530629144819,34.96478786389845,0 33.82531071412087,34.9647801169493,0 33.82534735150423,34.96477263421804,0 33.82537621795068,34.96477870276925,0 33.82539360051378,34.9647728949862,0 33.82546786644574,34.96477465633211,0 33.82547616742561,34.96476842891796,0 33.82547391568422,34.96476106805994,0 33.82542068327915,34.96476379155138,0 33.82539882756866,34.96475800978143,0 33.82535011022351,34.96476012475673,0 33.82529849494442,34.96474885647596,0 33.82529665923656,34.96472314386998,0 33.82530702663206,34.96470066548947,0 33.82533060891222,34.96471287064356,0 33.82533287897777,34.96472555415232,0 33.82536574056193,34.9647350749625,0 33.82536545465982,34.96470623928724,0 33.82535471768637,34.96470442021822,0 33.82535402209918,34.9646948935322,0 33.82533275169015,34.96469626489566,0 33.82532718280777,34.96468481709134,0 33.8253356103961,34.96468062328818,0 33.82531218507609,34.96465699000863,0 33.8253052876176,34.96463949922609,0 33.82534844554117,34.96458441336711,0 33.82538814013637,34.96460565822672,0 33.82537544067193,34.96462455317003,0 33.82541000399198,34.96468267585639,0 33.82548291131109,34.96470870583063,0 33.82551297121894,34.96474042281127,0 33.82554019582454,34.96478912612707,0 33.82555935315478,34.96480655068081,0 33.82552152461997,34.96483959538696,0 33.82558919085901,34.96484929328501,0 33.82558574898609,34.96489957789528,0 33.82563286861797,34.9649309499127,0 33.82566896766272,34.96491771800387,0 33.82578568745258,34.96481419713932,0 33.82573024295484,34.96477695597499,0 33.82569158380656,34.96471934438112,0 33.82569969863264,34.96470427817886,0 33.82580673856671,34.96471349010616,0 33.82577682799051,34.96463195265711,0 33.82579680977993,34.96455901333801,0 33.82579632547682,34.96446393145384,0 33.82581738049154,34.96443760889384,0 33.8259430643549,34.9644357067473,0 33.82605241484631,34.96442173043322,0 33.82605504554767,34.96441142394924,0 33.82608655418834,34.96440092103395,0 33.82609283055442,34.96439415569243,0 33.82606556724283,34.96437019711879,0 33.82606819794103,34.96435989063448,0 33.82608483471605,34.96436237620743,0 33.8261238486815,34.96434078727938,0 33.82613385905415,34.96434287353118,0 33.82612162096677,34.9643581868516,0 33.82613902575909,34.96436475234157,0 33.82615766999754,34.96435080432936,0 33.82617067774171,34.96435086096482,0 33.82618711340326,34.96433276710625,0 33.82622813731318,34.96431866592952,0 33.82634459397944,34.96430196474787,0 33.82632689849637,34.96428924019,0 33.82632160668098,34.96427289954475,0 33.82630361670067,34.96427359343838,0 33.82628337211164,34.96425955755322,0 33.82628796231069,34.96425280367406,0 33.82631143721438,34.964247332897,0 33.82630348305174,34.96423007200724,0 33.82633625541338,34.96421675617092,0 33.82636557910622,34.96421526763743,0 33.82636180870649,34.96419439701702,0 33.82632235070091,34.96417392787249,0 33.82631979457941,34.96415272448406,0 33.82633734521579,34.96415026232478,0 33.82636698973685,34.96415619194052,0 33.82639642718065,34.96414247962915,0 33.82641792704408,34.96414881800387,0 33.82643587386684,34.96414317479469,0 33.82644265011481,34.96413549021007,0 33.8264801668105,34.96413764704639,0 33.82647400498472,34.96414599989677,0 33.8264252502529,34.96416507090666,0 33.82641911677534,34.96417624765044,0 33.82643567541629,34.9641833858374,0 33.8264605916624,34.96416857662508,0 33.8264753637057,34.96416866629158,0 33.82648372536355,34.96415312061473,0 33.82649309433999,34.96415239883125,0 33.8264956400355,34.96416165602034,0 33.82659762099047,34.96416578443193,0 33.82660088373931,34.96414068344814,0 33.82664263107294,34.96412536482393,0 33.82666140115987,34.9640997589616,0 33.82666126553197,34.96408625599775,0 33.82675428334296,34.96405837344543,0 33.82683628348615,34.96401272170274,0 33.82688061457881,34.96401536024143,0 33.82692078254023,34.96401167133326,0 33.82695956188886,34.96400229681657,0 33.82699921205459,34.96398576283999,0 33.82703579289038,34.96396213409405,0 33.82706473301075,34.96393436315423,0 33.82708670471082,34.96390255722099,0 33.82710135929947,34.96386623101489,0 33.82712621936708,34.9638637216648,0 33.82715601523854,34.96388177389984,0 33.82722910672152,34.96382755345912,0 33.82717096016768,34.96382073740764,0 33.82728280041032,34.96373091809018,0 33.82729187321272,34.96370095501437,0 33.82740642445931,34.96361529150345,0 33.82751840061967,34.96356485325028,0 33.82756883892873,34.96357029745045,0 33.8275882313521,34.96366237681183,0 33.82757862588637,34.96370861202239,0 33.82759052800558,34.96373636617481,0 33.8275848726386,34.96374400081886,0 33.82758899746608,34.96375620652292,0 33.82760398591374,34.96375571948418,0 33.82761145810561,34.96373156149796,0 33.82762294001443,34.96372765319879,0 33.82761481182469,34.96370552150924,0 33.8276202777807,34.96368329807967,0 33.82762878557696,34.9636713136651,0 33.82763685631353,34.96366911242821,0 33.82762249319951,34.9636522955233,0 33.82763028329614,34.96362294870838,0 33.82767262008659,34.96358397565935,0 33.82769433223859,34.9635241071696,0 33.82766890137828,34.96347093377928,0 33.82776876145588,34.96341026223722,0 33.82782211394105,34.96341423881993,0 33.82784868427753,34.96338713736321,0 33.8279000221714,34.96341322548799,0 33.82792860671273,34.96345933017749,0 33.82791191811823,34.96350915350357,0 33.82794044710767,34.96352317320323,0 33.82792663843275,34.96355483620425,0 33.82797860294375,34.96359748506632,0 33.82797612738192,34.96363396180683,0 33.82799043168942,34.96366854478014,0 33.82801173972788,34.96369075334321,0 33.82804016235062,34.9637069262889,0 33.8280729287824,34.96371548882829,0 33.82810730381486,34.96371578986799,0 33.82813843577544,34.96370849437277,0 33.82839358003894,34.96361137162462,0 33.828959232038,34.96337600782952,0 33.82920077029361,34.96325484215958,0 33.8294120575192,34.96311835869041,0 33.82963469510118,34.96310839185352,0 33.82984605192753,34.96298087519511,0 33.82990961174329,34.96301898476813,0 33.82992196506628,34.96308207953234,0 33.82989168465662,34.96312568169365,0 33.82990303478132,34.96315400546866,0 33.83001909025003,34.9631182830603,0 33.83018713615888,34.96311858929243,0 33.83017733367269,34.96304472791567,0 33.83018691423961,34.96298043581508,0 33.83013141937598,34.96282916799333,0 33.83001833949061,34.96270475433992,0 33.82994619295764,34.96257985262635,0 33.82994162473004,34.96253358429023,0 33.83000133228764,34.96248027753374,0 33.83004067443412,34.9624214996207,0 33.83028392963775,34.96237643075921,0 33.8303761149919,34.96239702126601,0 33.8304876429906,34.96236056948968,0 33.83067162171282,34.96223010534931,0 33.83069436310592,34.96217829772766,0 33.83068700038185,34.96215428879764,0 33.83065614466887,34.96216457299958,0 33.83061850225637,34.96214987891934,0 33.8306241954231,34.96213344259805,0 33.83060181994041,34.96211105790476,0 33.83059935590585,34.96209647747079,0 33.83060375200401,34.96208149496685,0 33.8305559693114,34.96201937540446,0 33.83056970383628,34.96200175643898,0 33.83061735561951,34.96200761234868,0 33.83064336314248,34.96198194736085,0 33.83062486114133,34.96190917400754,0 33.830645730303,34.9618873282433,0 33.83068510961078,34.96186691439167,0 33.83070165507002,34.96185355423344,0 33.83070256425688,34.96182939948387,0 33.83066844114671,34.96179778278188,0 33.83063495976584,34.96180685993308,0 33.83060595344695,34.96183840273221,0 33.83056040404696,34.9618327640993,0 33.83055359601865,34.96175933296063,0 33.83048801403889,34.96174895381677,0 33.83040216985878,34.96170499898402,0 33.83035680125803,34.9615859456681,0 33.83032458478555,34.96152829148237,0 33.83035554119728,34.96146104173894,0 33.83037410284943,34.96145966458567,0 33.8303893541667,34.9614810442984,0 33.83040492573898,34.96146394822191,0 33.83042422517273,34.96146548114718,0 33.83044835164091,34.96145415592924,0 33.83045446240716,34.9614001058018,0 33.8304373667827,34.96134894650317,0 33.8304036029077,34.96131025487333,0 33.83043912790646,34.96117893383288,0 33.83039707824031,34.96116374069159,0 33.83040874507967,34.96102084293646,0 33.83046972493348,34.960972664332,0 33.8304697919396,34.96094805111763,0 33.83046448542567,34.96090893324525,0 33.83045147102513,34.96086800848774,0 33.83040957595479,34.96079964064132,0 33.83041409032972,34.96076469400249,0 33.83044521971858,34.96074902662743,0 33.83052414365729,34.96074920715352,0 33.83058149359913,34.96067998036082,0 33.83061769744256,34.96068488426693,0 33.83074672506912,34.96090454033688,0 33.83076035318413,34.96094149109311,0 33.83075767884022,34.96099546364766,0 33.83074588309498,34.96102279278691,0 33.8307284190739,34.96104645053047,0 33.83074290713412,34.96110416278375,0 33.83070656817382,34.96115478163709,0 33.8307616417062,34.96116928705199,0 33.83091207256573,34.96115015690859,0 33.83096742869992,34.96108755715865,0 33.83115091264953,34.96102295383714,0 33.83123591741143,34.96097200177604,0 33.83120086111942,34.96094304983681,0 33.83117815716365,34.96089798643985,0 33.8312023762648,34.96081768523248,0 33.83115573403573,34.96074302140025,0 33.83117369438788,34.96073145069089,0 33.83128677226072,34.96077532314711,0 33.8313359238527,34.96082306743725,0 33.83135579493614,34.96086299959138,0 33.83134297547939,34.96088944430969,0 33.83140407217514,34.96089300575908,0 33.83141637818659,34.96087231548788,0 33.83138552793771,34.96084676914559,0 33.83141018189768,34.96074070738656,0 33.83145899407798,34.9606929532162,0 33.83143950475699,34.9606758572624,0 33.83142650463731,34.96063584833681,0 33.83153056906175,34.96061338507148,0 33.83160011637868,34.96054858219669,0 33.83158233691571,34.96049080334224,0 33.83161523573428,34.96039129055095,0 33.83172996529135,34.96039222206376,0 33.83174371617937,34.9604424801543,0 33.83176815557739,34.96044970967591,0 33.83181934860566,34.96036184473694,0 33.83187630501475,34.9603563031163,0 33.83193713774433,34.96032154304319,0 33.83195428891605,34.9602978557207,0 33.83202248262688,34.96030435909465,0 33.83205255181559,34.96025263802422,0 33.8320460807344,34.96023150393987,0 33.83200060163619,34.96023566629208,0 33.83198883846275,34.9602332355728,0 33.83197835516395,34.96021823055397,0 33.83198857769715,34.96020310352186,0 33.83208828965483,34.96017636000001,0 33.83215004011301,34.96023326692121,0 33.83219626180097,34.96023161974201,0 33.83221053166888,34.96019889575064,0 33.83221183036016,34.96012104185714,0 33.83226753749395,34.96008866579265,0 33.83232357504276,34.96011062749924,0 33.83232660776773,34.9601890051693,0 33.83237806901982,34.96019660283783,0 33.83246168812512,34.96007754505113,0 33.83243405350672,34.96002621939606,0 33.83247813096516,34.95998470521922,0 33.83253431079773,34.95997115515951,0 33.83256208935429,34.9600356249365,0 33.83266539480532,34.96014540774698,0 33.83275386617789,34.9601879403997,0 33.83278399349908,34.96019158099889,0 33.83281096621386,34.96017994734906,0 33.83285293856262,34.96010331536913,0 33.83287105620187,34.96008438609665,0 33.8328995308746,34.96007619359171,0 33.83292802712711,34.96008171214277,0 33.83294864015109,34.96009882358771,0 33.83295507814135,34.96011699043769,0 33.83295280383534,34.96017507789327,0 33.83295789573768,34.96023215303276,0 33.83298281984609,34.9603196271081,0 33.83303255848877,34.96040864814269,0 33.83306562534899,34.960449463917,0 33.83311049521632,34.96049317424115,0 33.83319311322694,34.9605518808945,0 33.83330504533359,34.96060568465214,0 33.8333613240829,34.96061171826752,0 33.83339536985027,34.96060622947957,0 33.83344197840626,34.9605903262194,0 33.83346098916696,34.96059050674013,0 33.83347877953086,34.96059602922227,0 33.83349949228693,34.96061409897662,0 33.83355364075286,34.96071326633937,0 33.83357948188223,34.96074460555776,0 33.83361887464174,34.96076759402012,0 33.83366335228708,34.96077728886027,0 33.83371049932593,34.96077357504998,0 33.83382305423042,34.96074741889329,0 33.83390838595888,34.96071996314931,0 33.83399099614519,34.96067591411865,0 33.83406067635686,34.960618687013,0 33.83411438179817,34.96055078522399,0 33.83414976436594,34.96047517338202,0 33.83416527874234,34.9603951585394,0 33.83416024542839,34.96031423649576,0 33.83412023723357,34.96020219943484,0 33.83411442221708,34.96016990071401,0 33.83411819413598,34.96013488603123,0 33.83413400315732,34.96009583513186,0 33.83413375375893,34.96007122409303,0 33.83407134033287,34.96008710725958,0 33.83399561001688,34.96008943192798,0 33.83402420596646,34.960032705099,0 33.83400735742061,34.96001271234886,0 33.83399976850895,34.95997391047668,0 33.83400170944777,34.95994664419234,0 33.83401746586641,34.9599226074021,0 33.83404408444284,34.9599063057534,0 33.8340771552374,34.95990080093656,0 33.83416647848865,34.95990245178147,0 33.83422078858178,34.9598983712843,0 33.83427259118366,34.95988433849332,0 33.83431923072634,34.95986107114173,0 33.83435609701363,34.95983196583703,0 33.83446104044231,34.95972941447484,0 33.83454122594895,34.95964526308016,0 33.83459657863519,34.9595792390921,0 33.83466370961484,34.95948766955675,0 33.83470887522775,34.95941658385127,0 33.8347619505963,34.95931896150439,0 33.83479625561683,34.95924387427753,0 33.8348551192643,34.95907238375602,0 33.8349126484326,34.95887459679091,0 33.83496381647405,34.95875187893754,0 33.83502778078411,34.95863329975232,0 33.83510405557526,34.95851976125273,0 33.83517355106815,34.95843314189167,0 33.83527045978476,34.9583308244567,0 33.83537783108446,34.95823584900477,0 33.83555166551447,34.95810962527418,0 33.83549656812147,34.95802414495675,0 33.83553805384925,34.95800153636363,0 33.8355590958898,34.95801970807286,0 33.83554804813478,34.9580272251436,0 33.83565124459399,34.95819365383712,0 33.83567822021936,34.95824841763746,0 33.83574581906488,34.95829342096279,0 33.83576596679054,34.95837263986346,0 33.83587275900834,34.95850923337674,0 33.83594881104369,34.95853561225087,0 33.83602607875526,34.95865053003026,0 33.8360910317643,34.95866987766762,0 33.83608968282503,34.95870900595246,0 33.83618964319078,34.95869937587425,0 33.83651375185632,34.95851445794488,0 33.83653698550684,34.95846716005742,0 33.8365757447858,34.95842245582146,0 33.83662252781235,34.95838899716568,0 33.83668056477764,34.95836400804843,0 33.83675039672845,34.95818894812751,0 33.8368045792377,34.95817330328863,0 33.83682648574234,34.95816166760179,0 33.83683986043368,34.95814234225494,0 33.83684064938868,34.95812011007359,0 33.83682912911197,34.95810062904948,0 33.836785522939,34.95805721515296,0 33.83678343490212,34.95801929227549,0 33.83675502167479,34.95795995951077,0 33.83676331758132,34.95795532323839,0 33.83680095750534,34.95796479453212,0 33.8368164323584,34.95798243198935,0 33.83687397720918,34.95796658096889,0 33.83691575346236,34.95797258938757,0 33.83691054372355,34.95793885429875,0 33.83691773928525,34.95792366658689,0 33.83693406015155,34.95791520804885,0 33.83695330144409,34.95791626260052,0 33.83696812344021,34.95792643733147,0 33.83700003879871,34.9579199211033,0 33.83701832469315,34.95794040111039,0 33.83708381353514,34.95795368711387,0 33.83709277763966,34.95793928584388,0 33.83711142380635,34.95793403556674,0 33.8371196382061,34.9579213863772,0 33.83712084818533,34.95790363395897,0 33.83709895348972,34.95787001387914,0 33.83706943226548,34.95786367678093,0 33.83704439479246,34.95785089801007,0 33.83702537881022,34.9578323745713,0 33.83701424545627,34.957809920781,0 33.83701286315272,34.95778036074861,0 33.83702941496614,34.95772710367994,0 33.83702978138364,34.95763123174715,0 33.83707381172415,34.95763561377459,0 33.83709272706821,34.95774696327565,0 33.83710279664763,34.95776396911196,0 33.83712077538386,34.95777707054982,0 33.83714563360979,34.95778352901542,0 33.83717246178284,34.95778042986338,0 33.83724766731387,34.95773619981273,0 33.8373412513543,34.95773695272085,0 33.83740491257024,34.95764366769636,0 33.83742668703047,34.95758926043326,0 33.83743785554913,34.95753271966608,0 33.83743814215418,34.95747543635932,0 33.83742754151133,34.95741882124234,0 33.83740631308057,34.95736426879336,0 33.83737498185067,34.95731312208036,0 33.8373179073794,34.95725018944318,0 33.83730907603496,34.95722843822411,0 33.83732019082365,34.95720740852993,0 33.83734554344272,34.95719790334061,0 33.83737199172439,34.9572047293877,0 33.83741532894539,34.95722742352748,0 33.83745245591294,34.95723622030542,0 33.83756381592688,34.95725043729362,0 33.83758486836562,34.95726164345461,0 33.83759974656127,34.95727939039242,0 33.83760502090992,34.95730051350602,0 33.83759372771605,34.95733897574901,0 33.8375982899325,34.95735779348301,0 33.8376130478231,34.95737264594836,0 33.83763454889426,34.95738005591072,0 33.83775322913298,34.95739208591699,0 33.83784198570445,34.95739135648534,0 33.83792997286162,34.95738172735669,0 33.83800378341394,34.9573664955207,0 33.83807525495697,34.9573449943109,0 33.83815464129177,34.95731230523587,0 33.83822859609277,34.95727189523733,0 33.83828805567175,34.95723061713771,0 33.83833821899951,34.95717357367408,0 33.83836927957122,34.95710950222479,0 33.83838058984864,34.95704114843433,0 33.83837147846435,34.9569725723452,0 33.83826532668875,34.9568834876374,0 33.83816896782372,34.95677925571415,0 33.83805896716815,34.95662931765271,0 33.83811502031757,34.95649857023664,0 33.83829693993094,34.95627534201549,0 33.83847396561047,34.95611327852922,0 33.8385408543546,34.95612900861063,0 33.83855196695841,34.95612780243216,0 33.83856028268811,34.95612148568915,0 33.83856262374023,34.95611237258571,0 33.83854490775845,34.95608495979975,0 33.83855031179824,34.95606312030019,0 33.83857207839851,34.95604986725121,0 33.83859891509571,34.95605196520778,0 33.83865482495539,34.95608192212697,0 33.83869513588486,34.95605336772053,0 33.83870209490869,34.95598577767881,0 33.83874913438125,34.95596255725443,0 33.83876415576778,34.95597007126003,0 33.83878136658291,34.9559671328197,0 33.83879151819095,34.95595531925775,0 33.83878924054967,34.95594110186347,0 33.83877018477617,34.95591318636677,0 33.83882537396817,34.95587101986877,0 33.83883440671092,34.9558612575069,0 33.83883181933795,34.95584941564162,0 33.83881953540747,34.955842897716,0 33.83877038327596,34.95586185200337,0 33.83874438090976,34.95585566948233,0 33.83872750459282,34.95583749028528,0 33.8387273152918,34.95581461042546,0 33.83874327222995,34.9557966038136,0 33.83877653726231,34.95578607107467,0 33.83877347661902,34.95575861750394,0 33.83881053259754,34.95571085324231,0 33.83879923711434,34.95565563389494,0 33.83880522934691,34.95563103473763,0 33.83881922553581,34.95560874828316,0 33.83888756046991,34.95556035512909,0 33.8389384791283,34.95550848835099,0 33.83892552168945,34.95548808900219,0 33.83874805914689,34.95552860491703,0 33.83861748421442,34.95552844921968,0 33.8386008984358,34.95546827351728,0 33.83860590979643,34.95540670656418,0 33.83867591894614,34.95540229305242,0 33.83872406635923,34.95533546691419,0 33.83879071600309,34.95526567446795,0 33.83886851480518,34.95520419702735,0 33.83894454839851,34.95515817183184,0 33.83903902240812,34.9551153670064,0 33.83912693429426,34.95508711189192,0 33.83921837271355,34.95506788782406,0 33.83931765240334,34.95505768661202,0 33.83933782855367,34.95507661722957,0 33.83936531016231,34.95509088398597,0 33.83939475454814,34.95509771232949,0 33.83942573160111,34.95509754872074,0 33.83945680588267,34.95508974054987,0 33.83948232310044,34.95507585026599,0 33.8395022019361,34.95505670772381,0 33.83956170857972,34.95496808438072,0 33.83962194168721,34.95490390018465,0 33.83968702333554,34.95485019367851,0 33.83976484116604,34.95480045358249,0 33.83975676426448,34.95478271937167,0 33.83975567185584,34.95476352978253,0 33.83976183514696,34.95474500123306,0 33.83977378413054,34.95472974623137,0 33.83979145601769,34.95471762008435,0 33.83981309901546,34.95471044311306,0 33.83983637724153,34.95470912385441,0 33.83985780950455,34.95471337990279,0 33.83988849417627,34.95469830721963,0 33.83991132763846,34.95467464077866,0 33.83992234322972,34.95464580990328,0 33.83992007789534,34.95461564304969,0 33.84009918799465,34.9545222486591,0 33.84016544210537,34.95447030774573,0 33.84023983020165,34.9544264627992,0 33.84032090707827,34.95439156931778,0 33.84040321796618,34.95436720642744,0 33.84049272051465,34.95435161032094,0 33.84058398906495,34.95434642212479,0 33.84067524555818,34.95435174157761,0 33.84076084240198,34.95436655944351,0 33.84082988038982,34.95431914556735,0 33.84090767541602,34.95431231069745,0 33.84093890033478,34.95433108432945,0 33.84097777246993,34.95433665085657,0 33.84101486352535,34.95432766215919,0 33.8410438718555,34.95430564377883,0 33.84110033147024,34.95431732076815,0 33.84112894143688,34.95433218505448,0 33.84115370158069,34.95435322715745,0 33.84117184860472,34.95437916819912,0 33.84137224978924,34.95438150742962,0 33.84157143961308,34.95436323517151,0 33.84168708487915,34.95438462722085,0 33.84165920385905,34.95431331317755,0 33.84166765686309,34.95429379875893,0 33.84168831330576,34.95428235474859,0 33.84164923015273,34.95421609316304,0 33.84162018648151,34.95420293294865,0 33.84158612421832,34.9541632224763,0 33.8415956002536,34.95410594398245,0 33.84153529511485,34.95402683931101,0 33.84153069819036,34.95400480125403,0 33.84154109332737,34.95398399159463,0 33.84156319324715,34.95397099440528,0 33.84159047364491,34.95396964618028,0 33.84166477269364,34.95399057116621,0 33.84167567948974,34.95397162204755,0 33.84173344017569,34.95396675442467,0 33.84177227888242,34.95394743234206,0 33.84178468851953,34.95390093048476,0 33.84186499258028,34.95382633461136,0 33.84177707536855,34.95376346548014,0 33.84183587253377,34.95374658846898,0 33.84189884361861,34.95378682322188,0 33.84197208691739,34.95377089614261,0 33.8420446509643,34.95369637093214,0 33.8420654487649,34.9536882772877,0 33.84208835331942,34.95368652932032,0 33.84213359009798,34.95369772387063,0 33.84215809447209,34.95369557449111,0 33.84217919963975,34.95368509989834,0 33.84219258039668,34.95366902166887,0 33.84222842405295,34.95366720829333,0 33.8422626768696,34.95367609205007,0 33.84229078761851,34.9536944921174,0 33.84230874079284,34.95371933642802,0 33.84233719580588,34.95371455997399,0 33.84236218738561,34.9537028874766,0 33.84233765089285,34.95369108883816,0 33.84233292754445,34.9536845359581,0 33.8423277381445,34.9536676364215,0 33.84233098106206,34.95365041068998,0 33.84236578203204,34.95362116405011,0 33.84238216096963,34.95358952034286,0 33.84240794863526,34.95355796371434,0 33.8424473854224,34.95353474682145,0 33.84249430769788,34.95352470785894,0 33.84254107932833,34.95352883544312,0 33.84263733941035,34.95349210711383,0 33.84275926091158,34.95354927809529,0 33.84282549308509,34.95360356241419,0 33.8428181965638,34.95363409302425,0 33.84282485619019,34.95366861734918,0 33.84284417531612,34.95367768659509,0 33.8428643136584,34.95366956494016,0 33.84285944528158,34.95364606854852,0 33.84286955223282,34.9536290151126,0 33.84290747225673,34.95363763436713,0 33.84294834052771,34.95363469160824,0 33.84298386652134,34.95362078250986,0 33.84301243418432,34.9535965411614,0 33.84292734637644,34.95350211500346,0 33.84293399918422,34.95347287695624,0 33.84300221878479,34.95351125478245,0 33.84305267091433,34.95338447768305,0 33.84302803542552,34.95335488440866,0 33.84301343698012,34.95335498573257,0 33.84300035778601,34.95336766908471,0 33.8429751289494,34.95341592492314,0 33.84289429063556,34.95339702469195,0 33.84283072014477,34.95336712917815,0 33.84280028524738,34.9533822225009,0 33.84275391491207,34.95335707425988,0 33.84272575034812,34.95336785753592,0 33.84273247154636,34.95327737331918,0 33.84276350087853,34.95327404278022,0 33.84275310140312,34.95325299600866,0 33.84278306414338,34.95319402576272,0 33.84281411797321,34.95317148708246,0 33.84281551211131,34.95310393451336,0 33.84292200241632,34.95298013172532,0 33.84293741687438,34.95292393055047,0 33.84306287216945,34.95289452957429,0 33.84289029328868,34.95282293557112,0 33.84287004244912,34.95265823594928,0 33.84274416018408,34.95244961475556,0 33.84263083643692,34.95234918893796,0 33.84258607521215,34.95208323630773,0 33.84244876614679,34.95189090304484,0 33.84245421447983,34.95170498906575,0 33.84258742961256,34.95147588876225,0 33.84257399268879,34.951446636848,0 33.84256786664108,34.95141864936274,0 33.84256773547919,34.95139021105533,0 33.84257451707458,34.95135943884085,0 33.84260445116277,34.95130841918513,0 33.84262951253051,34.95128491886049,0 33.84268708554148,34.95125387990532,0 33.84272326750833,34.95124436337057,0 33.84275753419237,34.95124079043458,0 33.84279545546748,34.95124258161051,0 33.84283226486922,34.95125029819066,0 33.84286362362329,34.95126221886088,0 33.84291711380922,34.95129906833728,0 33.84295841651654,34.95123643987381,0 33.84318551781656,34.95128519782894,0 33.84327586989929,34.95124998831255,0 33.84336636102086,34.95125722115291,0 33.84335706904666,34.95122960092745,0 33.84346083019926,34.9512419660816,0 33.84361366270971,34.95138783132005,0 33.84373042824716,34.95140565855252,0 33.843747845279,34.95143107516856,0 33.843777469374,34.95144570554527,0 33.84381290408587,34.95144639053001,0 33.84384332955088,34.95143292134619,0 33.84405999709067,34.95144395167947,0 33.84427617875131,34.95140759022109,0 33.8443401433863,34.95138890122911,0 33.84439284435454,34.95138352217797,0 33.84444102523646,34.95138586258101,0 33.84448362705389,34.95139386289286,0 33.84452827552594,34.95140895380472,0 33.84456908822984,34.95143016664716,0 33.84504271789464,34.95131411163253,0 33.8451027848901,34.95131196483173,0 33.84511847948932,34.95130019149957,0 33.84511316717036,34.95128660918927,0 33.84514312162884,34.95127506294339,0 33.84518073001767,34.95128166993538,0 33.84520552615411,34.95125917418969,0 33.84523855990429,34.95127265733661,0 33.84522763010857,34.95123293923109,0 33.84523309896444,34.95121654885359,0 33.84525264948251,34.95121118287422,0 33.84527285994501,34.95121400783982,0 33.8452668124774,34.95120208111797,0 33.8452752224099,34.95117581795515,0 33.84528513184451,34.95116338357074,0 33.84530213502462,34.95115836342093,0 33.84531938395592,34.95116277832879,0 33.84532997196303,34.95117495919224,0 33.84536240761607,34.95116878960997,0 33.84536035006522,34.95113206461555,0 33.84536919099153,34.95112037951423,0 33.84538380459357,34.95111368946235,0 33.84540007647211,34.9511135780119,0 33.84540841820505,34.95113249985803,0 33.84550768881731,34.95113517650966,0 33.84552169740937,34.95110986950466,0 33.84554600396313,34.95110741074188,0 33.84557138769938,34.95114214981391,0 33.84562467286436,34.95111831087279,0 33.84562509173848,34.95109140473355,0 33.84563331591329,34.95107989968028,0 33.84565577299853,34.95107740689879,0 33.84566698814282,34.95108530261172,0 33.8456878433857,34.95107927666696,0 33.84572974247787,34.95108558860343,0 33.84573041383353,34.95105747282824,0 33.84576702719901,34.95103489468661,0 33.84576471006828,34.95102226416095,0 33.84576905275426,34.95101050488854,0 33.84579275607356,34.95099653848109,0 33.84582091919195,34.95100246558715,0 33.84583789072941,34.95103039450441,0 33.845877264489,34.95104537472392,0 33.84589030632937,34.95104533257484,0 33.84589641612352,34.95101919896499,0 33.84588842456674,34.95100943655674,0 33.84588685788831,34.95099227577276,0 33.84589562568399,34.95099191725,0 33.84592652087733,34.95101143285859,0 33.84594507837143,34.95098102915083,0 33.84595769197311,34.95098491377691,0 33.84602912587422,34.9510359313226,0 33.84603812158026,34.95103186193581,0 33.84603221934768,34.95099870443797,0 33.8460404316945,34.95098605466022,0 33.84605707397299,34.95098193201044,0 33.84608808979236,34.95099144839456,0 33.84608552856147,34.95095464038775,0 33.84609975530596,34.95094099502843,0 33.84611340484228,34.95094320032279,0 33.84611396015222,34.9509354471077,0 33.84610345960072,34.95092549937595,0 33.8461104893757,34.95091794624134,0 33.84614039636753,34.95092215657585,0 33.84612454892177,34.95090283997095,0 33.84612347365793,34.95088130126638,0 33.84616089372809,34.9508695927937,0 33.84623678888084,34.95088108424232,0 33.84630341768461,34.95080277500701,0 33.84632575145022,34.95074366324246,0 33.84636012613122,34.95070621838625,0 33.84636179974941,34.95066613943686,0 33.84634276621378,34.95064051361756,0 33.84635072551587,34.95060325281916,0 33.84636632546732,34.95056536639017,0 33.84648653257231,34.95049183521476,0 33.84655831336799,34.95052208355325,0 33.8465915740488,34.9505093033271,0 33.84664409426035,34.95051803780341,0 33.84661739604224,34.95044055284927,0 33.84665802622543,34.9503562743677,0 33.84669329273697,34.95036758270231,0 33.84668044321025,34.95028442335277,0 33.84668068519856,34.95024034764784,0 33.84669731031692,34.95016696495748,0 33.84673322898892,34.95015663600455,0 33.84681573176777,34.95023265021489,0 33.84681422971741,34.95017931485465,0 33.84687753769489,34.95016633137652,0 33.8468734051664,34.95011994613319,0 33.84690192422332,34.95012356652754,0 33.84692112820018,34.95009614540689,0 33.84694931358511,34.95009904429146,0 33.84697726936587,34.95007972703046,0 33.84699787028675,34.95005497061455,0 33.84705576198824,34.95000162490623,0 33.84704595560331,34.94995837194367,0 33.84706827537975,34.94996023182634,0 33.84705394744497,34.94989717235526,0 33.84704732701903,34.94972664544123,0 33.84716382730613,34.94956327423719,0 33.84716287898009,34.94953866808618,0 33.8471524318679,34.94952060745714,0 33.8471498201807,34.94948383046676,0 33.84717907369934,34.94942350476654,0 33.84719885842474,34.94941627004052,0 33.84720139319006,34.94937203952296,0 33.84720893331565,34.94935537590644,0 33.84717660587862,34.94931877462641,0 33.84717713511861,34.94928987561089,0 33.84712361153907,34.94923557440014,0 33.84712339484882,34.94921919294008,0 33.84714114733273,34.94921341824461,0 33.84711426263205,34.94917506181739,0 33.84709327943406,34.949192856693,0 33.84706115046263,34.94917819861489,0 33.84706528631122,34.94910719342165,0 33.84707901195343,34.94906488867759,0 33.84710155695858,34.94905141865346,0 33.84710490895117,34.94903937508808,0 33.84709843496458,34.94901824180965,0 33.84709887103315,34.94899305361116,0 33.84711740982437,34.94897060111381,0 33.84712755410119,34.9489430556491,0 33.84713997805138,34.94893438315269,0 33.84714115379948,34.94896715712193,0 33.84715319081731,34.94895843774569,0 33.84716270484932,34.94892858548022,0 33.84720169518081,34.94892627096215,0 33.84718411500519,34.94899539676332,0 33.8472245644173,34.94902742537258,0 33.84723159804111,34.94901250409026,0 33.84725217926812,34.94899384664922,0 33.84724842233236,34.94897834080572,0 33.84726258978009,34.94897654013872,0 33.84725506545661,34.94894695995063,0 33.84727477083782,34.94893915427748,0 33.84727866615931,34.94893118846331,0 33.84726239476741,34.94891576991284,0 33.84726457393325,34.94890103662917,0 33.84725926266102,34.94889449074164,0 33.84723080990253,34.94891142642592,0 33.8472164480852,34.94886688018312,0 33.847217714678,34.94885485115987,0 33.84723019160243,34.9488513297943,0 33.8472558331535,34.94885366945761,0 33.84726815439956,34.9488062887802,0 33.84730210029684,34.948818473305,0 33.84731080387353,34.94878093502224,0 33.84735546264617,34.94879722279832,0 33.84736111360554,34.94882624726515,0 33.84738678250952,34.94882443665762,0 33.84742311050305,34.94880469311492,0 33.84743162227994,34.94878235198819,0 33.84744536452902,34.94877168357456,0 33.84743741004723,34.94873903081633,0 33.84744730751745,34.9487285785205,0 33.84744387916987,34.9486746869115,0 33.84746826159618,34.94861212629407,0 33.84745685746434,34.94859957271726,0 33.84747305402145,34.9485659158609,0 33.84746366202033,34.94851931673299,0 33.84746770800695,34.94849078348412,0 33.84748182257439,34.94844374902949,0 33.84749701185206,34.9484250849977,0 33.84752043363751,34.94841247772983,0 33.84752691374997,34.94839824715972,0 33.84751864303266,34.94839390332384,0 33.84753866942641,34.9483609273362,0 33.84755859005857,34.94836245773415,0 33.84754389279236,34.94830447216749,0 33.84755627125642,34.94829894583741,0 33.8475448539867,34.94827564585039,0 33.84755358047166,34.94827055784424,0 33.84757165553914,34.94827040738434,0 33.84757405882102,34.94825841639658,0 33.847562264312,34.94825207260378,0 33.84756363650131,34.94824137420945,0 33.84757164508651,34.94823737559738,0 33.84757650051024,34.94818665680911,0 33.84760522425245,34.94814066517809,0 33.84763847804151,34.948129557718,0 33.84767464720173,34.9481502547872,0 33.84767331637961,34.94809892474845,0 33.84773463309644,34.94810228361735,0 33.84776636793854,34.94806826498294,0 33.84777793167236,34.94803528492079,0 33.84777482123774,34.94800325279,0 33.84778644969256,34.94798485514979,0 33.84783228033179,34.94797995614618,0 33.84792044324139,34.94790035002688,0 33.848158060824,34.94782027365306,0 33.84850483578329,34.94774172391843,0 33.84871350117845,34.94782040072511,0 33.84879402060872,34.94767387865723,0 33.84902351353293,34.94754749378315,0 33.84910336435783,34.94760589179465,0 33.8491132778361,34.94764565362629,0 33.84913689994541,34.94764636195419,0 33.84914267697606,34.94760687083041,0 33.84918114045043,34.94759790702123,0 33.84918577607771,34.94757555140506,0 33.8492022227383,34.94755254082693,0 33.84921167560148,34.94745802949389,0 33.84921916249024,34.94744252262206,0 33.84924621287614,34.9474366096033,0 33.84928865018355,34.9474397472365,0 33.84930608703551,34.94744534921962,0 33.8493115949307,34.94747594303659,0 33.84932695767181,34.94750292183343,0 33.84935199800707,34.94752597586236,0 33.84938285201122,34.94754154726247,0 33.84943038272743,34.94753890459755,0 33.84946486800574,34.94747285932431,0 33.84948413576066,34.94746991040256,0 33.84950342906482,34.94747506309584,0 33.84951726997294,34.94748727132936,0 33.84952218721322,34.94750336751945,0 33.8495574303251,34.94749200855509,0 33.84958190128372,34.94746909774612,0 33.84958909950761,34.94745310070577,0 33.84959061209499,34.9473975683003,0 33.84962816588975,34.94739902280172,0 33.84965968637456,34.94735472829712,0 33.84973462856962,34.94734161148408,0 33.84975001376228,34.94728312008022,0 33.84977085529854,34.94728182949931,0 33.84976902804163,34.947239485425,0 33.84984257805198,34.94715883626925,0 33.84986987064118,34.94716155504164,0 33.8498953927576,34.94708977995071,0 33.84994590039823,34.94709186303739,0 33.84999078035563,34.94707563294821,0 33.85001653648145,34.94705305829562,0 33.85003098555806,34.9470258682645,0 33.85011219877742,34.94695799226334,0 33.85017962457596,34.94694640968586,0 33.85031011146623,34.94679209581042,0 33.85038975921786,34.94676349112724,0 33.85046008681811,34.94670747692766,0 33.85052806540139,34.94669326360378,0 33.85064435631615,34.94662548055804,0 33.8507371169441,34.94654011540865,0 33.85078230469148,34.94654037131026,0 33.85081553676005,34.94650204621919,0 33.85080018553885,34.94647292579775,0 33.85090043169437,34.94640102551151,0 33.85094151372824,34.94641427497334,0 33.85097607380145,34.94639599491704,0 33.85099342600627,34.94635803071299,0 33.8510379922169,34.94633554580925,0 33.85108375964662,34.94634179997107,0 33.85112128617152,34.94630040788577,0 33.85117726760426,34.94628231840505,0 33.85119551457142,34.94629418278843,0 33.85121783531203,34.94629918960359,0 33.85124171031772,34.94629633431525,0 33.85126211156877,34.94628573058078,0 33.85132263876942,34.9462904579028,0 33.85134778366657,34.94623475984535,0 33.85147305596215,34.946248763928,0 33.85155768379147,34.94620893627992,0 33.85162237543853,34.94616815494588,0 33.85172409130238,34.94613272430149,0 33.85180148441952,34.94607760535838,0 33.85184818051103,34.94608929808749,0 33.85199968311755,34.94603978160227,0 33.85212987857644,34.94597055472418,0 33.85218203863998,34.94598269124466,0 33.85232978031301,34.94587413549922,0 33.85233508047797,34.94584891315099,0 33.85251082395666,34.9457692624492,0 33.85261282746858,34.94563956768634,0 33.85281239740859,34.94564560780407,0 33.85292646606762,34.94558470596625,0 33.85300852304439,34.94558756410624,0 33.85321127174681,34.94554782971321,0 33.85338605114011,34.9454951932164,0 33.85346567942953,34.94549620491363,0 33.85348954513159,34.94545138991329,0 33.8535588881565,34.94543314416273,0 33.85361409930579,34.94543822769926,0 33.85361997004477,34.94529192143371,0 33.85365418006126,34.94523902114978,0 33.85386766446807,34.94511216728724,0 33.85388505779949,34.94512119244514,0 33.85390615746738,34.94512511395179,0 33.85392761234781,34.94512285655461,0 33.85394596605018,34.94511522877116,0 33.85396110143789,34.94510212506091,0 33.85396993787774,34.94508490746644,0 33.85397069439351,34.94506622691178,0 33.85396363546495,34.94504910213423,0 33.85404105249779,34.94500677249216,0 33.85406326575335,34.94500375436485,0 33.85408628687069,34.9450116059624,0 33.85409891129397,34.94502239260709,0 33.85416843233863,34.94502304854983,0 33.85435967908037,34.94496389220954,0 33.85445784132364,34.94497808389831,0 33.85452221194864,34.94488433152831,0 33.85456400461732,34.94488495514954,0 33.85472608519991,34.94480340798587,0 33.85491225361844,34.94467399973296,0 33.85502361633399,34.94456942224885,0 33.85531030758763,34.94439683175127,0 33.85563245539128,34.94395725621801,0 33.85570240871264,34.94399633949809,0 33.85586208040522,34.94371180045515,0 33.85596933943888,34.94346434371759,0 33.85624979783037,34.94329465688427,0 33.85637542215272,34.94320905670207,0 33.85639181237877,34.94318089404332,0 33.85645021328067,34.94317735354232,0 33.85656591864554,34.94311989544569,0 33.85680530489973,34.94290323105152,0 33.85685816024554,34.94290572018507,0 33.85694400407024,34.94294136900555,0 33.85702966240267,34.94294329764115,0 33.85705417202464,34.94290433741038,0 33.85712441016572,34.94290727617492,0 33.8571740062885,34.94288059357428,0 33.85723029870424,34.94286538992091,0 33.85727086698774,34.94286216866831,0 33.85731029538405,34.94286480644435,0 33.8573485680455,34.94287304195546,0 33.85738556707833,34.94288711670897,0 33.85743373958579,34.94284041310587,0 33.85756353407668,34.94282906766963,0 33.85771656148117,34.94276457817964,0 33.8577869927433,34.94280982608399,0 33.85779683194898,34.94277673466208,0 33.85781415821282,34.94274579699979,0 33.85783587595897,34.9427204999418,0 33.85786551538236,34.94269672979821,0 33.85789926313343,34.94267842557701,0 33.85793748823883,34.94266538816289,0 33.85797428890111,34.94265894733849,0 33.85801564868139,34.94265805487764,0 33.85808749590008,34.94267266478629,0 33.85827659700325,34.94267533558824,0 33.8583461725081,34.94274811080352,0 33.85851850853333,34.94274288532753,0 33.85853319811334,34.94272146516771,0 33.8585577793711,34.94270562507929,0 33.85858791427174,34.94269895354908,0 33.85861753564114,34.94270214156479,0 33.85896628557828,34.94288739737935,0 33.85900892331252,34.94288076623563,0 33.85905624123847,34.94288131319075,0 33.85910238574771,34.94288994948958,0 33.85914384449495,34.94290556691315,0 33.8592011969582,34.94294500411331,0 33.8592241871224,34.9429714103064,0 33.85924063845721,34.94299936267852,0 33.85931895359553,34.94297210829181,0 33.85939893522561,34.94295444289093,0 33.85948330177576,34.94294576583474,0 33.85956610239396,34.94294668980964,0 33.85963744580091,34.94298755207009,0 33.85971867418984,34.94301298805625,0 33.85977133773767,34.94302026552196,0 33.85982728230733,34.9430208547797,0 33.8598826491004,34.94301422967988,0 33.85993369968245,34.94300132710333,0 33.86041501302131,34.94309522516414,0 33.86059079368049,34.94315350851267,0 33.86080875514705,34.94312391707091,0 33.86140425020387,34.94322993081416,0 33.86156526543073,34.94327710672145,0 33.86165352155642,34.94334116076786,0 33.86177010272253,34.94332201730039,0 33.86181981881326,34.94329018315943,0 33.86247573895248,34.94339599908518,0 33.86263148217071,34.94351708982957,0 33.86281713068003,34.9436030693182,0 33.86289242447469,34.94357744399667,0 33.86297055826252,34.9435584399755,0 33.86305067709579,34.94354626523717,0 33.86313653300711,34.94354096793398,0 33.86321796069716,34.94354317375051,0 33.86329866151317,34.94355237684536,0 33.86337775318018,34.94356847532251,0 33.86345862885097,34.94359278725185,0 33.86360519340758,34.94352153253825,0 33.86378838379209,34.94355152036587,0 33.86426764603022,34.94351548524912,0 33.86458742651042,34.94358361356663,0 33.86475576154593,34.94339581634645,0 33.86508992629783,34.94324518814192,0 33.86516521278552,34.94328816618654,0 33.86525936085755,34.943329791141,0 33.86535896751664,34.94336165733091,0 33.8654528795065,34.94338173492772,0 33.86554351158512,34.9433927244627,0 33.86565031462492,34.94339560687443,0 33.86575674861873,34.94338774892798,0 33.86585172399226,34.94337141015813,0 33.86618205570998,34.94349740561068,0 33.86646571336455,34.9436150138366,0 33.86688168677269,34.94380743903434,0 33.8669657670847,34.94383750102186,0 33.86706727017575,34.94386304786772,0 33.86715739271976,34.94387683146646,0 33.86724877053158,34.94388278187918,0 33.86762421775984,34.94387139240757,0 33.86776318199894,34.94388679535447,0 33.86786636304058,34.94390356612735,0 33.86803551055254,34.94394132057778,0 33.86817363654874,34.94398217738206,0 33.86819661163052,34.94402450789996,0 33.86823616356899,34.94406121327518,0 33.86828446979252,34.94408503724633,0 33.86833937067063,34.94409620887302,0 33.86838906032816,34.94409466922212,0 33.86843958118666,34.94408142883902,0 33.86849098696504,34.94405161797344,0 33.86853090791541,34.9440063093972,0 33.86855052294172,34.94399200634522,0 33.86858528593042,34.94398170896881,0 33.86862275963311,34.94398492943105,0 33.86911209819166,34.94418267237828,0 33.86960692439851,34.94450138703564,0 33.87032473040646,34.94454146499007,0 33.8712840269084,34.9451333079347,0 33.87132546710046,34.94519713809171,0 33.87137027764533,34.9452486237207,0 33.87143036929163,34.94530144735599,0 33.87149880435395,34.94534687100064,0 33.87158030272821,34.94538650132262,0 33.87167212718551,34.94541667662043,0 33.87176855283867,34.94543465172973,0 33.87187397355807,34.9454398831074,0 33.87202288444754,34.94558534576854,0 33.87243052189054,34.94587433797318,0 33.87249962791651,34.94588297189757,0 33.87256950685037,34.9458725960174,0 33.87261001973161,34.94585652598727,0 33.87264558911982,34.94583387067591,0 33.87264997715329,34.94580828536779,0 33.8726701643821,34.94578850334471,0 33.87269704120829,34.9457806835093,0 33.87272605561763,34.94578491264584,0 33.87274622561031,34.94579790653401,0 33.87275732354864,34.94581646864705,0 33.87301058451663,34.94590336900235,0 33.87315597754257,34.94597902408344,0 33.87319361867115,34.9460543088348,0 33.87324071212494,34.94606706492762,0 33.87327563997854,34.94609603540675,0 33.87328937721074,34.94612582706216,0 33.87328911101353,34.94615822708588,0 33.87345003206026,34.94628081962929,0 33.87362724733729,34.94638708849934,0 33.87379752845717,34.94646709422929,0 33.87383635369149,34.94645291715241,0 33.87387338514468,34.94644507989216,0 33.87391570076046,34.94644208297879,0 33.87395800662504,34.9464451822867,0 33.87399592081678,34.94645337183358,0 33.87403462671308,34.94646776992101,0 33.87406970855659,34.94648748348698,0 33.87410010028578,34.94651191266261,0 33.87418495480457,34.94660007004886,0 33.87428210094765,34.94668315416451,0 33.87438926244768,34.94675742162816,0 33.87450526476447,34.94682205879321,0 33.87460948333248,34.94686874098307,0 33.87473841172515,34.9469138146203,0 33.87487235624475,34.94694754393425,0 33.87502540582491,34.94697258209427,0 33.8750572845021,34.94698360191149,0 33.87508334837512,34.94699878300683,0 33.87511778710561,34.94703478467932,0 33.87513426936422,34.94707855777665,0 33.87513440549169,34.94710702659651,0 33.87512585946564,34.94713685508122,0 33.87510880280212,34.94716409566652,0 33.87508583421479,34.94718594881002,0 33.87512205704662,34.94725838120587,0 33.87524354200748,34.94730787610492,0 33.87530530198781,34.94726710607215,0 33.87538261902779,34.94723846760311,0 33.8754638465785,34.94722735024607,0 33.87554272199232,34.94723285627034,0 33.87560509643453,34.94724917629533,0 33.87605616283144,34.94750178254821,0 33.87610404616066,34.94749399524053,0 33.87612760800609,34.94746824087864,0 33.87616028826798,34.94745301218269,0 33.87619347076856,34.94744928531617,0 33.87623925129274,34.94746096622234,0 33.87624565951459,34.94747522970911,0 33.87623495189903,34.94751423027471,0 33.87665927232214,34.94773554491616,0 33.8766946066722,34.94778442066072,0 33.87674348961204,34.94783545119908,0 33.87679298415141,34.94787513139034,0 33.87684798184856,34.94790955002924,0 33.87692137167139,34.94794368803468,0 33.87700442620338,34.94796951832843,0 33.87709136586143,34.94798433245538,0 33.877185416717,34.94798760503092,0 33.87761022527266,34.94824429088106,0 33.87795203883529,34.94843024741965,0 33.87804077148269,34.94842711456761,0 33.87813868644053,34.94843707659503,0 33.878231376838,34.94846034491155,0 33.87831938715379,34.94849705440694,0 33.87879827797491,34.9487761467402,0 33.87922329457679,34.94899630336345,0 33.87932436209355,34.94902132922167,0 33.87938438862437,34.9491090424488,0 33.87946715250956,34.94913966407735,0 33.87956018491693,34.94918326174422,0 33.87963442327055,34.94922621573399,0 33.87971576668598,34.94928351175454,0 33.87984311459473,34.9493073093268,0 33.88025816273797,34.94955833526681,0 33.88030491454011,34.94955850663845,0 33.88035542410032,34.94956640548934,0 33.88040317603843,34.94958209526483,0 33.88044271327182,34.94960263820429,0 33.8804804649965,34.94963137606909,0 33.88050843450588,34.94966222109384,0 33.88052947466043,34.94969659664484,0 33.88054370169806,34.94973656879011,0 33.88063336718611,34.94978635108867,0 33.88074528218076,34.94983872125523,0 33.88084311102831,34.949876677346,0 33.88107732782095,34.94994867785987,0 33.88119122009456,34.94999702204395,0 33.88129121096491,34.95005354351387,0 33.88138693031607,34.95012368357661,0 33.881636252486,34.95016537563934,0 33.88163127258291,34.95018462148827,0 33.88161646458909,34.95020108214043,0 33.88159555783791,34.95021061383771,0 33.88157153891724,34.9502122989106,0 33.88166212342985,34.95028104009167,0 33.88178462693977,34.95029503290905,0 33.88181916740371,34.95031917399405,0 33.88185986071472,34.95033975223973,0 33.88190396346474,34.95035483603125,0 33.88194515028658,34.95036332741896,0 33.88199022658873,34.95036709065845,0 33.88203791742215,34.95036504611459,0 33.88207952666052,34.95035808802599,0 33.88212440887077,34.95034465304224,0 33.88215767136819,34.95038336269795,0 33.88219976655602,34.95041409842097,0 33.88225321448564,34.95043756301655,0 33.88230766895843,34.95044921376088,0 33.88233056063464,34.95045818494948,0 33.8823471607317,34.95047503498964,0 33.8823530984342,34.95049532920615,0 33.88234800906201,34.95051589011634,0 33.88241792530341,34.95055339507281,0 33.88249917241902,34.9505872039577,0 33.88257731369607,34.95061130926732,0 33.88266553997028,34.95062977871057,0 33.88276994493171,34.95069439838049,0 33.88283544715942,34.95065601850722,0 33.88287319570003,34.95065686997869,0 33.88291027076995,34.95066862964758,0 33.88294022462418,34.95069012118703,0 33.88295916206872,34.95071808191265,0 33.88306711046761,34.95073618594942,0 33.88309611650431,34.95076422939333,0 33.88313152169944,34.95078666918304,0 33.88317186885027,34.95080258296132,0 33.88321529550176,34.95081123610563,0 33.88324783110919,34.95091173437763,0 33.88326094673211,34.95092970302376,0 33.88327962604824,34.95094348477738,0 33.88330238240217,34.95095216741543,0 33.88332870817474,34.95095496860814,0 33.88335339826342,34.95095133398938,0 33.88337691394071,34.95094119620627,0 33.88339547375964,34.9509255715957,0 33.88340680751608,34.95090714931698,0 33.88345112183077,34.95092526510837,0 33.88348460801695,34.95095525444,0 33.88350281787711,34.95099313124317,0 33.88350340447826,34.95103351682649,0 33.88363175192909,34.9510737960016,0 33.88359861350196,34.95111335876943,0 33.88363913785266,34.95113760001961,0 33.88368984271207,34.95108553955221,0 33.88382143133628,34.95112850995547,0 33.88380598991935,34.95117956483018,0 33.88388293329996,34.9511942836351,0 33.88394917033944,34.95121926520492,0 33.88401295969619,34.9512576268783,0 33.88406201400284,34.95130197739005,0 33.8841656373008,34.95130300158241,0 33.88426779007454,34.95131735995709,0 33.88436793967397,34.95134540163107,0 33.88445954586796,34.95138529391707,0 33.88478114663599,34.95161377716214,0 33.88503751862947,34.95172867645587,0 33.88506228036661,34.95176856316429,0 33.88519124077419,34.95184307400284,0 33.88533109812131,34.95187707487396,0 33.88530054896616,34.95194541257741,0 33.88564319620537,34.95213123015676,0 33.8856767067405,34.95211908915811,0 33.88571278910983,34.95211398463703,0 33.88574930074899,34.95211621795886,0 33.88578505214777,34.95212604207673,0 33.88583278201914,34.95215583131993,0 33.88586291841152,34.95219945912249,0 33.8859789716927,34.95225985811692,0 33.88600872751604,34.95224704853598,0 33.88635432345086,34.95238361723696,0 33.88637471997823,34.95237448956915,0 33.88639797359082,34.95237854922868,0 33.8864086798574,34.95238751211507,0 33.88641353117161,34.95239943104738,0 33.88640650338814,34.95245595310141,0 33.88659958994181,34.95249973990136,0 33.88659773252624,34.95252093179889,0 33.88663518558749,34.95257732477159,0 33.88694254432471,34.95264244217216,0 33.88759564153532,34.95287024177258,0 33.88766455515368,34.95287709986422,0 33.88774332486553,34.9528925401973,0 33.88780859823073,34.95291198578825,0 33.88788113063494,34.95294161995864,0 33.88794358804591,34.95297516138369,0 33.88799727545903,34.95301138996111,0 33.88804606970065,34.95305203958948,0 33.88808943499571,34.95309666619752,0 33.88811778554416,34.95313201272143,0 33.88808840632767,34.95317973569551,0 33.88828805762792,34.95319144062595,0 33.8883384951333,34.95316245237257,0 33.88843733043088,34.95318544432831,0 33.88854612951689,34.95319238874685,0 33.88862054401459,34.95318658288073,0 33.88869939856444,34.95317068759073,0 33.88879642883518,34.95322290855382,0 33.88891228062545,34.95326096684963,0 33.88902632330849,34.9532780852933,0 33.8891510338679,34.95327613669745,0 33.8891769062566,34.95335436435867,0 33.88920887104997,34.95335298557175,0 33.88921610360796,34.95331458267025,0 33.88924802511378,34.95330919747877,0 33.88928591721486,34.9533584978067,0 33.88934906372248,34.95333078079967,0 33.88940975244933,34.95334979757715,0 33.88937176684168,34.95342299787369,0 33.88952119943937,34.95344098345142,0 33.88961421104203,34.95339265166459,0 33.88964315413563,34.95340018898288,0 33.88966654984686,34.95341482486909,0 33.88968251485257,34.95343461258253,0 33.8896898318155,34.95345804218862,0 33.88980522418839,34.95346881949703,0 33.88983615982634,34.95343653917081,0 33.88984475766589,34.95339583668301,0 33.88988154524851,34.95339041567463,0 33.88990040105971,34.95339829094601,0 33.88992064372061,34.95346569785167,0 33.88993104976594,34.95347803384746,0 33.88994692290063,34.95348617524414,0 33.88997050886321,34.95348791789297,0 33.88999235227647,34.95347946858719,0 33.88999180783723,34.95342910249602,0 33.89007394762236,34.95343880355805,0 33.89008888621219,34.95347017538425,0 33.89012229703208,34.95347393724517,0 33.89013008607129,34.95348704506932,0 33.89009271468243,34.95350277340235,0 33.89010258300252,34.95351529360324,0 33.89018531284322,34.9535152596814,0 33.89025842807334,34.95352617153394,0 33.89028728226884,34.95355858611067,0 33.89031014818404,34.95355154985506,0 33.89032511980295,34.95352167597268,0 33.89042675505546,34.95353409582241,0 33.89060361964794,34.95368848840617,0 33.89080672648461,34.95382666231826,0 33.89085511366215,34.95384530346777,0 33.89088949795936,34.95388093588613,0 33.89090061068674,34.95392395828447,0 33.89088681537385,34.95396802692148,0 33.89115799453652,34.95410054851838,0 33.89116552850241,34.95415429853389,0 33.89130913080758,34.9541568269542,0 33.8913295697275,34.95416062688473,0 33.89134658076721,34.95417069955128,0 33.89135745769381,34.95418544410398,0 33.89135838462942,34.95424446528806,0 33.89149326495622,34.95428555165913,0 33.89167855544328,34.95440696266706,0 33.891693984195,34.95441306092263,0 33.89171108186767,34.95441151299214,0 33.89172458468593,34.95440274061481,0 33.89173039072519,34.95438941049415,0 33.8917573091714,34.95438949138954,0 33.89178057144356,34.95440064213855,0 33.8917939462417,34.95441987529549,0 33.89179398890544,34.95444160315682,0 33.89178311269373,34.95446756753049,0 33.89178323742565,34.95449434531643,0 33.89179394290459,34.95451963112208,0 33.89183034907447,34.95455244417332,0 33.89184109956654,34.95456894643179,0 33.89184400630169,34.95458662852451,0 33.89183931816995,34.95460421044359,0 33.89180806025217,34.95465845437199,0 33.89186947270725,34.95463912998028,0 33.89193135366279,34.95463435246688,0 33.89199605837958,34.95464394138058,0 33.89205203203084,34.95466618329588,0 33.89206673637161,34.95468978924807,0 33.89207461437606,34.9547155140425,0 33.89207526198007,34.95474203829898,0 33.89206843575877,34.95476852009804,0 33.89208483404867,34.9547799195083,0 33.89210583483705,34.95478432812934,0 33.89212705630815,34.9547807108904,0 33.89214420476766,34.95476979971572,0 33.89215380833895,34.95475380419419,0 33.8921539237377,34.95473596199731,0 33.89214452659148,34.95471988339872,0 33.89212827648242,34.95470912470258,0 33.8921302503465,34.9546988072372,0 33.89215863130698,34.95469714391398,0 33.89218454154796,34.95470470470013,0 33.8922807058247,34.95477261981228,0 33.8922786788559,34.95478399590996,0 33.89226727002706,34.95479060673915,0 33.89225357966961,34.95478833844196,0 33.89223885207191,34.95480148714304,0 33.8922347324242,34.95481908653362,0 33.89224247013695,34.9548358001805,0 33.89225977370053,34.95484667641597,0 33.89236440842556,34.9548697929043,0 33.89239669383184,34.95489834811197,0 33.89243758637591,34.95491443233955,0 33.89248485509739,34.95491716778649,0 33.89252807822259,34.95490595137757,0 33.89253514779455,34.95491677477943,0 33.8924132625639,34.95495627092281,0 33.89248144585427,34.95496524991059,0 33.89261967253296,34.95501803849685,0 33.892743133134,34.95518369569488,0 33.8927513071412,34.9552083221671,0 33.89274087998972,34.95523236514864,0 33.89281800446264,34.95522623931996,0 33.89288992019188,34.95520249697731,0 33.89288242163614,34.95522814095518,0 33.89286795155309,34.95525281670325,0 33.89284822451204,34.95527360100475,0 33.89282264083859,34.95529112744031,0 33.8928219948251,34.95532433694238,0 33.89284147271423,34.95535407145628,0 33.89287553154885,34.95537187245097,0 33.89291650333322,34.95537373098869,0 33.89304201929747,34.95551882451404,0 33.89300640927541,34.95556756796661,0 33.89302128543762,34.95557750104896,0 33.89303954471557,34.95558218836423,0 33.89305864107968,34.9555809779927,0 33.89307581302942,34.9555740452799,0 33.8930813708759,34.95559386308338,0 33.89307763548626,34.95561396916212,0 33.89306513758955,34.95563151300203,0 33.89304564688712,34.95564401085965,0 33.89305931978158,34.95564889324482,0 33.89311175850435,34.95562132242876,0 33.89317318528096,34.95561317098578,0 33.89321738601232,34.95567598966907,0 33.89327434476518,34.95573141048622,0 33.89324319243742,34.95575214817767,0 33.89326668615583,34.95578154841271,0 33.89326049466177,34.95579828871701,0 33.89328233192563,34.95580952987586,0 33.89329431408908,34.95582830707921,0 33.8932931677118,34.95584949021977,0 33.89327920468047,34.95586731527592,0 33.89329383223242,34.95588056278493,0 33.89332256425483,34.95587701268595,0 33.89333103187085,34.95581334875791,0 33.89338082186146,34.95583508657912,0 33.89336984742548,34.95584742900153,0 33.89336607809432,34.95586238385565,0 33.89337018363488,34.95587730151782,0 33.89340554694876,34.95592457835021,0 33.89334924554582,34.95596839833672,0 33.89333530468697,34.95596516210345,0 33.89332559700338,34.95597811266112,0 33.8933352327634,34.95601190816077,0 33.89331930532433,34.95601790782518,0 33.89330736178904,34.95602842302755,0 33.89330115795976,34.95604190848078,0 33.89330164476902,34.95605630020452,0 33.89326136818807,34.95606324964157,0 33.89323000536803,34.95608518412956,0 33.89325742482678,34.95610263091646,0 33.89325602191767,34.95611813353823,0 33.89326698700728,34.95613075627592,0 33.89328525997482,34.95613467456079,0 33.89334136141503,34.95611004771025,0 33.89338612074516,34.95610979329718,0 33.89339135530891,34.95616508612271,0 33.89345898625955,34.95620417886611,0 33.89353416881352,34.95634144931219,0 33.893480714069,34.95635139556598,0 33.89348915707767,34.95639099039656,0 33.89356329392189,34.95636643447875,0 33.89357389362419,34.95638220394707,0 33.89356714931447,34.9564067174694,0 33.89356780856457,34.95643184716072,0 33.89357583325525,34.95645609788441,0 33.89359086102959,34.95647816167445,0 33.893611810396,34.95649644560514,0 33.89363750846174,34.95651001454126,0 33.89366643117334,34.95651806122584,0 33.89369705689215,34.95652010198669,0 33.89368718395065,34.95662463567495,0 33.89369742869201,34.95664229526758,0 33.89371598380961,34.95665444116021,0 33.89373919056398,34.95665868002305,0 33.89376224282404,34.95665413410658,0 33.89380901122423,34.95671949993678,0 33.89386745998281,34.95678892350338,0 33.89392539269383,34.95684791897726,0 33.8939956041779,34.95690951380814,0 33.89406269621428,34.95689900271873,0 33.89408399358553,34.95695283778296,0 33.89411787322361,34.95701121068834,0 33.89416129014954,34.95706513348317,0 33.89420947271366,34.95711035244499,0 33.89426875802594,34.95715281519385,0 33.89432609006662,34.95718408343206,0 33.8943967044229,34.9572124658115,0 33.89446607155665,34.95723135661719,0 33.89455766007089,34.95732831860698,0 33.89465918616105,34.95741835580802,0 33.8947470143851,34.95748491150493,0 33.89487186453614,34.95756644508482,0 33.89489002461881,34.95759066159726,0 33.89489750378621,34.95761695520308,0 33.89489429289812,34.95764529171865,0 33.89488103422356,34.95766999302269,0 33.89492829090208,34.95770017150348,0 33.89497221539922,34.95770270976784,0 33.89501358993427,34.95771511726587,0 33.89504054484954,34.95773003323691,0 33.8950636016979,34.95774955251531,0 33.89508468610683,34.9577787862507,0 33.89509577636816,34.95781103038794,0 33.8952788312192,34.95807488722576,0 33.89533594895422,34.95813528066419,0 33.89538090256071,34.95820231239627,0 33.89540971734377,34.95826609548043,0 33.89542889214583,34.9583409908314,0 33.89541341020578,34.95841374127671,0 33.89542078006488,34.95847233898301,0 33.89544862376158,34.95852655548585,0 33.89549454979819,34.9585717337642,0 33.8958033564587,34.95849405556359,0 33.89583588944068,34.95852630461899,0 33.89561059436403,34.95860761627508,0 33.89548831790206,34.95869474365895,0 33.89547351270444,34.95887479490899,0 33.89561976329578,34.95900393486306,0 33.89558339411093,34.95905676075504,0 33.89545155976018,34.9590250338003,0 33.89538686290079,34.95897545176489,0 33.89530645390008,34.95888958354376,0 33.89526652845448,34.95887235201597,0 33.89517405808127,34.95885200224996,0 33.89503169498956,34.95894184981239,0 33.89510798488488,34.95904041589381,0 33.89519003878694,34.9589382535261,0 33.89521339868823,34.95895479683008,0 33.89528849028704,34.95899178915322,0 33.89531365771377,34.95901969112533,0 33.89542260517577,34.95909960884477,0 33.89537653170517,34.95917719185339,0 33.89543801403299,34.95927216124645,0 33.89578506526622,34.95914502273922,0 33.89579507100358,34.95912817305845,0 33.89577909617661,34.95900419029166,0 33.89578906745554,34.95896214143874,0 33.89580743127516,34.95894777835549,0 33.89586997260984,34.95894294256426,0 33.89589004409491,34.95897713769372,0 33.89589134774837,34.95899048406148,0 33.89587991195136,34.95900440124131,0 33.89588826105131,34.95902628053326,0 33.89590464371992,34.95904094618338,0 33.89590505381743,34.95907862601693,0 33.89588540794702,34.95908354022397,0 33.89588692329174,34.95914259391812,0 33.89592385918756,34.95915623630061,0 33.89595018715517,34.95912646908018,0 33.89602134626656,34.95911688057372,0 33.89603733120393,34.95912799583692,0 33.89605773437554,34.95913169787022,0 33.89607791410722,34.95912714476176,0 33.89610004190767,34.9591060195342,0 33.89611264068502,34.9591024823414,0 33.89612503651747,34.95910645256882,0 33.8961669841249,34.95918127349896,0 33.89621352145168,34.95924924058276,0 33.89626287045495,34.9593080476449,0 33.8963236214891,34.95936793153489,0 33.89631623051213,34.9593808652262,0 33.89636171489012,34.95940771833995,0 33.89635661974947,34.95941872593263,0 33.89634056279274,34.9594150829148,0 33.89632597672754,34.95942173650129,0 33.89632121685314,34.959434877025,0 33.89632899259463,34.95944702183428,0 33.8962881925038,34.95946645326792,0 33.89627144417028,34.95946789380775,0 33.89625548687926,34.95946344960371,0 33.8962432408172,34.95945393289757,0 33.89623693104996,34.95944107417574,0 33.8961891237856,34.95941376131769,0 33.89617994229219,34.95942193802613,0 33.89610470068762,34.95942917075445,0 33.89608273530796,34.95948704920187,0 33.89611656466194,34.95950778679647,0 33.89615433089553,34.95951752534399,0 33.89616704555338,34.95951456959198,0 33.89618569306423,34.9595244483027,0 33.89625219328222,34.95951250984534,0 33.89628830405644,34.95952989178521,0 33.8963338794653,34.959511907003,0 33.89635421881973,34.95951748075423,0 33.89635672082553,34.95953931392684,0 33.89636600168812,34.9595598693664,0 33.89638539554902,34.95958107218217,0 33.89641185693916,34.95959623575846,0 33.8964147252652,34.9596217439207,0 33.89643477189296,34.95964175657456,0 33.89646000197064,34.95964881576452,0 33.89649461693489,34.95964093895201,0 33.89651616659545,34.95965127392839,0 33.89654391201335,34.9596489147772,0 33.89656897460934,34.95965899215263,0 33.89655566718761,34.9596910619995,0 33.89656768281677,34.95970002331174,0 33.89659467350219,34.95967400898148,0 33.89660934691539,34.95964200025608,0 33.89661797411566,34.95963621270113,0 33.89663670635428,34.95963878490306,0 33.896645282121,34.95963249745124,0 33.89664738068785,34.95962311645506,0 33.89665607022902,34.95962305230066,0 33.89666788114997,34.95964347546094,0 33.89664963093534,34.9596805304739,0 33.89669737252228,34.9596914337212,0 33.89676267982298,34.95972958804705,0 33.89678019376402,34.95975439854419,0 33.896804247406,34.95976321415526,0 33.89682657263948,34.95976181979506,0 33.89684589587945,34.95975250810506,0 33.89687686405465,34.95969954235254,0 33.89689528727713,34.95969485425046,0 33.89691538063862,34.95970628158502,0 33.89692271276943,34.95974080768286,0 33.89693566891753,34.95976152072036,0 33.89695843172516,34.95977536390421,0 33.89697504862602,34.95979310594215,0 33.89700137721757,34.95984148139463,0 33.89700744749614,34.95989032285818,0 33.89699408576307,34.95994100787576,0 33.89701409359514,34.95994789549426,0 33.89702600741223,34.95996277787933,0 33.89702580451538,34.95998063061933,0 33.89701355389244,34.95999532641779,0 33.89703604721696,34.96002683262306,0 33.89703958090301,34.96004837151427,0 33.8970344652373,34.96012189198066,0 33.89705118800483,34.96015245467731,0 33.89712579363198,34.96024634733116,0 33.89707802607131,34.96028744686743,0 33.89707163558136,34.96030356775878,0 33.89707629597872,34.96032008566393,0 33.89717131090323,34.96038243011655,0 33.89717244467412,34.9603988532828,0 33.89713587964599,34.96044502516608,0 33.89713544978265,34.96046395134072,0 33.89714986226704,34.96047611917954,0 33.8972055090194,34.96048997719051,0 33.89723782001052,34.96052092226856,0 33.89726496539362,34.96053450676303,0 33.89729530458822,34.9605422599623,0 33.8973257116987,34.96056779268107,0 33.8973407314426,34.9605947821652,0 33.89733443682335,34.96062401316037,0 33.89735286954308,34.96066728277062,0 33.89738108039069,34.96065787287617,0 33.89740291155495,34.96066376443427,0 33.89742255751942,34.96068203117095,0 33.89741924608994,34.96069766060111,0 33.89742405385711,34.96071302451721,0 33.89747612555166,34.96075938520149,0 33.89750889591189,34.96076837512303,0 33.89754059227209,34.96076161026827,0 33.89761641332171,34.96071303435897,0 33.89766197866901,34.96069409457529,0 33.89771967265167,34.96072467252679,0 33.89772733078195,34.96076124052249,0 33.89774206133475,34.96077083515801,0 33.8977607814862,34.96076956191965,0 33.89778416688032,34.96074136736421,0 33.89782702525464,34.96074167159306,0 33.89786275552707,34.96072218428183,0 33.89789292693791,34.96071605076953,0 33.89792357187177,34.96072030323404,0 33.89791960962295,34.9607348801519,0 33.89792388925463,34.96074939703473,0 33.89795779873515,34.96077728878993,0 33.89798300307957,34.96078435415843,0 33.89799528145878,34.96079739850716,0 33.89800347121194,34.96082838832313,0 33.89801830835075,34.96085146160539,0 33.8980430780299,34.9608713714559,0 33.89807425951874,34.96088375050183,0 33.89807701960881,34.96092427396073,0 33.8981176417198,34.96094078548919,0 33.89814158399545,34.96097286486864,0 33.89814399560245,34.96099860711469,0 33.89813430389583,34.9610235410787,0 33.89807018154328,34.96104125715797,0 33.89810094198899,34.96104795601106,0 33.89813080995504,34.96106116592632,0 33.89815457584137,34.96107858180353,0 33.89817397363689,34.96110147440946,0 33.89820132485725,34.96110509314268,0 33.89822114163134,34.96112012337499,0 33.89822776230388,34.9611422676663,0 33.89821868118424,34.96116315255895,0 33.89824034641582,34.96119074358343,0 33.89823904046872,34.96122357936104,0 33.89817396405503,34.96125983524274,0 33.89816910550392,34.96126863093578,0 33.89817571883081,34.96127665672663,0 33.89821857640467,34.96127445404021,0 33.8982509682438,34.96127953450178,0 33.89828373676465,34.96129374691,0 33.89830957234421,34.96131559403057,0 33.89830427222397,34.96133098129434,0 33.89828722696388,34.96133865475606,0 33.89834160689281,34.96138404340679,0 33.89834692533712,34.96140103322843,0 33.89836003567216,34.96141494934292,0 33.89837870133327,34.96142341779173,0 33.8984220906019,34.96142869178041,0 33.89843613844326,34.9614432310265,0 33.89843540783908,34.96146176190987,0 33.89842024437197,34.96147552031042,0 33.89841764938262,34.96150320513514,0 33.89838817064282,34.96150962390433,0 33.89837379113165,34.96151926974238,0 33.89837199628654,34.96153619950697,0 33.89833146491735,34.96156966706782,0 33.89833576353565,34.96158149853595,0 33.89835072465074,34.96158240283894,0 33.89840156611357,34.96153441324021,0 33.89842084306624,34.96153036939747,0 33.89844293352947,34.96154223329585,0 33.89846823516938,34.96153942936403,0 33.89851569512783,34.9615107726239,0 33.89854004460138,34.9615161324487,0 33.89855461371913,34.96152997465078,0 33.89857359035124,34.96153954317487,0 33.898595188689,34.9615439372174,0 33.89861739507376,34.96154274802095,0 33.89865403318299,34.96160830131595,0 33.89864719932903,34.96162049908767,0 33.89865298334893,34.96163309024579,0 33.89866478961174,34.96163827244073,0 33.89869894558684,34.96163563459948,0 33.89873785169125,34.96164345564108,0 33.89873268563333,34.96167041314235,0 33.89870952885928,34.96168113263504,0 33.89870002058534,34.9616809406906,0 33.8986839493477,34.96169489242992,0 33.89870899676392,34.9617071084769,0 33.89873205670475,34.961696444686,0 33.89874719764556,34.9617034870129,0 33.89873578749938,34.96174641567418,0 33.89874652106401,34.96175784345498,0 33.89876391050814,34.96175902449242,0 33.89878390059073,34.96172181838818,0 33.8988271119763,34.96169955682064,0 33.89883039016918,34.96168140639954,0 33.89885451102854,34.96167414741639,0 33.89887984174777,34.96167721216849,0 33.89890000634303,34.96168947783688,0 33.89890432317068,34.96171329500293,0 33.8989136546056,34.96171894979454,0 33.89898610524693,34.96172127544032,0 33.89901789333506,34.96175275932907,0 33.89902003748782,34.96176190704148,0 33.8990153599795,34.96177043100843,0 33.89897700619506,34.96179002911797,0 33.89897948892428,34.96185403504624,0 33.89898853667496,34.96186218519115,0 33.89900153172001,34.96186522855579,0 33.89905261274585,34.96186525243983,0 33.89906993823711,34.96187851891339,0 33.89906829030384,34.96189364931502,0 33.89903022180945,34.96194057293035,0 33.89903074045523,34.9619581832563,0 33.89904772478848,34.96196838300725,0 33.89906731120043,34.96196409519679,0 33.89909046360442,34.96193944099879,0 33.89909973776537,34.96193984917763,0 33.89909877364801,34.96195763814007,0 33.89910878039964,34.96196617238144,0 33.89915392619724,34.96195730733588,0 33.89916954776212,34.96196052864174,0 33.8991783179386,34.96197012846807,0 33.89917830245606,34.96198214147749,0 33.89911222063721,34.96207492098356,0 33.89910712437605,34.96209162010332,0 33.89910899511221,34.96210791159238,0 33.89912032376512,34.96212629550719,0 33.89924268262986,34.96224263313783,0 33.89933943938083,34.96250150856399,0 33.89945922848658,34.96249383391935,0 33.89945829134316,34.96247420757182,0 33.8995665499974,34.96247999492365,0 33.89957996412372,34.96248520568049,0 33.89958904089593,34.96249539812526,0 33.89959103892578,34.962507498076,0 33.89958559813223,34.96251931600729,0 33.89951805500657,34.96257496276034,0 33.89948145627272,34.96261911735704,0 33.89935060848492,34.96268114061267,0 33.89933610793438,34.96267981748089,0 33.89931016755131,34.96269193413192,0 33.89930748423668,34.96271151067146,0 33.89926254945871,34.96273521568487,0 33.89923825800289,34.96273921206136,0 33.89922656205483,34.96276679392029,0 33.89923233464908,34.96277541719027,0 33.89924388789681,34.96277826838923,0 33.89932463364568,34.96274271256699,0 33.89944174956346,34.96270741284513,0 33.89953656365626,34.96265548881631,0 33.89959085530904,34.96263194965626,0 33.89966506470342,34.96260998458705,0 33.89973623636834,34.96259860723048,0 33.89975009854549,34.96260473677599,0 33.89975538799555,34.9626169367308,0 33.89975048853326,34.96263620429483,0 33.89973450592178,34.96265826356369,0 33.89975294456862,34.96266605923451,0 33.89976653964567,34.96267900440257,0 33.89977311692126,34.96269442451376,0 33.89977375877095,34.96271567735935,0 33.89979788465542,34.96274391238629,0 33.89981167458048,34.96277407725876,0 33.89983496410395,34.96278439874011,0 33.89982544851232,34.96281499679284,0 33.89987904140022,34.96284131073168,0 33.89990386510173,34.96283301783972,0 33.89997893859795,34.96284510719147,0 33.90002313903879,34.96286140135474,0 33.90006317899532,34.9628838296826,0 33.8999840615419,34.9629607335381,0 33.90005258834316,34.96297501307313,0 33.90027065460377,34.96283506954844,0 33.90030853645511,34.96290824520766,0 33.90028779927589,34.96302526119873,0 33.90042943543006,34.9629960686843,0 33.90047872284496,34.96305246498426,0 33.90056747548375,34.96306182317161,0 33.90058544610562,34.96311558972375,0 33.90054311401772,34.96315759315517,0 33.9005250508664,34.9632090507254,0 33.9005793236741,34.96320539693908,0 33.90063199850214,34.96318679362553,0 33.9006118720771,34.96325372092608,0 33.900792608095,34.96335588675165,0 33.90079601172021,34.96345507534096,0 33.90070373064042,34.96354686468059,0 33.90079948279286,34.96352050889315,0 33.90096535875179,34.96341661402792,0 33.90103120837842,34.963450945467,0 33.90097212408453,34.96352510350128,0 33.90095073417875,34.96361562702639,0 33.90104205443437,34.96359491601137,0 33.90110341588712,34.9636426366765,0 33.90113376775295,34.96376881406281,0 33.90103988448868,34.96382007080167,0 33.9011265029623,34.96384614004177,0 33.9011759434529,34.96391272517588,0 33.90120558039791,34.96397999357927,0 33.90121910050934,34.96405094749579,0 33.90121590775087,34.9641224563031,0 33.90119619839106,34.96419214877684,0 33.90116439255603,34.96425200665345,0 33.90120853771165,34.9642831602767,0 33.90123113853821,34.96444211667266,0 33.90136002204176,34.96456173701324,0 33.90148932357801,34.96469149660155,0 33.90150903620759,34.96471127920294,0 33.90165024977255,34.96486586653506,0 33.90176091409377,34.96499726862071,0 33.90193698860138,34.965229017518,0 33.90205127205662,34.96539801484958,0 33.90215678874546,34.96557083240195,0 33.9023188187094,34.96587114775072,0 33.90234800174488,34.96593591333734,0 33.90237021579411,34.96600252717921,0 33.90238529320295,34.96607048033675,0 33.90239319793899,34.96614058253262,0 33.90239276650278,34.96622346354408,0 33.90238436714408,34.96629219418172,0 33.90233625741988,34.96652984913828,0 33.90228942146239,34.96672660826004,0 33.90223281844314,34.96692161910844,0 33.90217705409629,34.96708588164417,0 33.90206811919218,34.96735720291302,0 33.90198027565074,34.96754420965212,0 33.90183912801625,34.96780527863706,0 33.90167968351905,34.96805910810497,0 33.90138176738932,34.96847725823402,0 33.9013289956265,34.96857837531952,0 33.90129037796165,34.96868848690432,0 33.90127154233879,34.96878155141984,0 33.90126459839102,34.96888029118818,0 33.9012702602667,34.96897452236855,0 33.90128785792692,34.96906775094658,0 33.90131312214257,34.96914830310104,0 33.90135255214089,34.96923689149418,0 33.90148845675266,34.96945222623363,0 33.9014690580505,34.96945670594729,0 33.90142262728113,34.96950056090699,0 33.90140356851119,34.96950708425128,0 33.90138719854787,34.96950215795811,0 33.90132612128509,34.96941072500928,0 33.90100648706132,34.96932993892041,0 33.9005827234064,34.96924421754929,0 33.90036999101626,34.96920580558411,0 33.90034684614542,34.9692281929482,0 33.90037088229045,34.96928725886343,0 33.90022753767271,34.96934164086914,0 33.90013080753511,34.96921646470895,0 33.89982828385416,34.96902912736581,0 33.89219235108938,34.96720588331944,0 33.8900018416947,34.96668474798444,0 33.89008954983821,34.96656690572826,0 33.89023913636688,34.96629373836122,0 33.89040806235025,34.96592834335134,0 33.89048895724933,34.96588589299543,0 33.89055065371917,34.96571382569643,0 33.89045807250432,34.9656161407034,0 33.89007698052366,34.96563986306062,0 33.88981275867304,34.96565644973082,0 33.88980706304464,34.96559998387865,0 33.88998590234861,34.96544589493686,0 33.88994418716182,34.96534992979441,0 33.89022300446459,34.96527254308835,0 33.89010074156647,34.9650160178256,0 33.88878099430468,34.96569539817757,0 33.8889051766185,34.96612980293131,0 33.8890178798875,34.96649544206517,0 33.88662799892813,34.96724993580524,0 33.88297875483106,34.96846538889037,0 33.88169487820435,34.96831546055908,0 33.88103267749697,34.96823878772899,0 33.8798748542475,34.96809533316924,0 33.87882492788417,34.96794367997082,0 33.87822111047099,34.96970010164808,0 33.87817862894809,34.96982316817756,0 33.87645939439273,34.974803316817,0 33.87426668999693,34.97896927286261,0 33.87421754846203,34.97907463829372,0 33.87407348375276,34.97934297691064,0 33.8738651511893,34.97974861145033,0 33.87386275567259,34.97975321498801,0 33.87237606782369,34.98261054005752,0 33.87189385239063,34.98271265069086,0 33.87165459225493,34.98275573631939,0 33.8714089810794,34.98280154330099,0 33.8715391229693,34.98301246845131,0 33.87149904816652,34.98303802129955,0 33.87154772806117,34.9830795398424,0 33.87160100351045,34.98305822341524,0 33.87163196675673,34.98308326632046,0 33.87168085836597,34.98306198133005,0 33.87191670218849,34.98327704440706,0 33.87180406644777,34.98335649089012,0 33.8718990086394,34.98344530497345,0 33.87191492969192,34.98346202237769,0 33.8719031011056,34.98347626101842,0 33.87182424923996,34.98359288178592,0 33.87140564074827,34.98421940310432,0 33.87143104207558,34.98422732432502,0 33.87142668104575,34.98430052090571,0 33.87165407678827,34.98434072588906,0 33.87167752818895,34.98428205793019,0 33.87195796896086,34.98429577260821,0 33.87183464412495,34.98471176293779,0 33.87069110637653,34.98467091523695,0 33.87068785138057,34.98476898775186,0 33.87038422008834,34.98477911423136,0 33.87070584741938,34.98492623763926,0 33.87074621303383,34.98521136023356,0 33.87065264568636,34.98521400170324,0 33.87067733579464,34.98542927229896,0 33.87065073614367,34.98543357521275,0 33.87070502031298,34.98572200705664,0 33.87070913181347,34.98575210126366,0 33.87067214859259,34.98575294608586,0 33.87057312371286,34.98575213914225,0 33.87057036069707,34.98577254939326,0 33.8705665586725,34.98579641042027,0 33.87054015119799,34.98579642760581,0 33.87037563864705,34.98580698249655,0 33.86991667665123,34.98647288678503,0 33.8699882855183,34.98648288212502,0 33.87006524691407,34.98651595802152,0 33.87020747798826,34.98656327681109,0 33.87037638799491,34.98659779457171,0 33.87054261178974,34.98661972175513,0 33.87065556068853,34.98660004383569,0 33.87064767647201,34.98699547074209,0 33.8703716689265,34.98691996501849,0 33.87020697593174,34.98686948939857,0 33.87012708533099,34.98684820679726,0 33.86962429054579,34.98671562393888,0 33.86934686992639,34.98716632023701,0 33.86838923757674,34.9875304601646,0 33.86843703644447,34.98762534244126,0 33.86805235415554,34.98791327388302,0 33.86813488885148,34.98811129240219,0 33.86829419755288,34.98808283097756,0 33.86842914470304,34.98864932034085,0 33.8686409913335,34.98864804726117,0 33.86871942814273,34.98960799963614,0 33.86867512527764,34.98981099323704,0 33.86844877903059,34.98944815112518,0 33.86819987346237,34.98944625550171,0 33.86795291737776,34.98982784165187,0 33.8679782667576,34.98984201691797,0 33.86795043132071,34.98988068290753,0 33.86748371898857,34.98966242181071,0 33.86734965933949,34.98996116864861,0 33.86733183138283,34.98998716421831,0 33.86730463869993,34.98997641916983,0 33.86690986262316,34.98982233587277,0 33.86687779961105,34.98987001329727,0 33.86695759007466,34.98991411030214,0 33.86698234817888,34.98992997921166,0 33.86696823203375,34.98994952669133,0 33.86680921306749,34.99019037707047,0 33.86613398843507,34.99121270137368,0 33.86650242960085,34.99151282690507,0 33.86652360936949,34.99153334468996,0 33.86650147019758,34.991551706357,0 33.86626107257838,34.99173623632834,0 33.86590202705081,34.99194634189111,0 33.86573467424483,34.99204830765197,0 33.86475019649176,34.99103434604142,0 33.86458703014308,34.99109097725331,0 33.86490237136952,34.99158498355873,0 33.86507350515166,34.99154847645456,0 33.86510958040837,34.99166584406822,0 33.86495857639833,34.99170849142108,0 33.86539224266524,34.99229674038224,0 33.86518123010373,34.99244062673934,0 33.86540875504321,34.9926429516433,0 33.86535061201084,34.9927238172948,0 33.8657123805759,34.99298478386787,0 33.86578925288847,34.99292181685459,0 33.86582146509244,34.99293961949832,0 33.86571988902688,34.99304010563479,0 33.86568066654362,34.99311821075138,0 33.86566532854876,34.99312592878722,0 33.86552736551518,34.9930431955646,0 33.86549029872607,34.99310113730254,0 33.86530369891879,34.99311933617125,0 33.86520656392862,34.99321079341706,0 33.86521357983923,34.99336963476308,0 33.86530227715463,34.99342477720497,0 33.8652388742044,34.99353879838912,0 33.86543483692307,34.99359280479606,0 33.86540923630001,34.9936803224133,0 33.86539044365462,34.99374456618877,0 33.8652091482236,34.99436432701735,0 33.86559039669546,34.9944663916833,0 33.8655884058856,34.99447289591057,0 33.86552335061445,34.99468542966814,0 33.86529015628062,34.99466196752421,0 33.865222662447,34.99488684415519,0 33.8651816613647,34.99505960536858,0 33.86491408749604,34.99554553863344,0 33.86484860084814,34.995533024231,0 33.86479163122358,34.99568735380144,0 33.86470334518459,34.99586416091446,0 33.86471925633279,34.99587702944209,0 33.86486623890008,34.99592419968823,0 33.86486068826989,34.9960392182466,0 33.86486178083292,34.9961430635778,0 33.86507767510451,34.99631399422264,0 33.86478048883849,34.99634207450202,0 33.86463591423096,34.99673811463976,0 33.86454558001616,34.99672021276051,0 33.86449112374363,34.9971137567012,0 33.86440108165059,34.99712367052987,0 33.86435743583975,34.99725935973446,0 33.86428530344381,34.99725801915717,0 33.8642758549322,34.99733755414204,0 33.86423660070996,34.99777021021719,0 33.86467636730853,34.99779860475402,0 33.86467080837901,34.99804927936162,0 33.86480524276622,34.99866703055953,0 33.86483114665255,34.99866841804162,0 33.86475309432811,34.99896766231636,0 33.86461601709657,34.99891730262555,0 33.86452792350045,34.99911265343196,0 33.86432125698477,34.9996055689635,0 33.8642460375488,35.00016802010737,0 33.86429383849374,35.00042731059096,0 33.86377237132974,35.0004474818171,0 33.86372408009382,35.00014732275659,0 33.86311927513136,35.00018876567475,0 33.86317619508998,35.00052938123357,0 33.86307800615893,35.00055709054234,0 33.86297535054364,35.00015940030215,0 33.86287141475565,35.00022598049546,0 33.86247018745023,35.0003115545334,0 33.86242171553354,35.00058032557214,0 33.86198109893321,35.00062734855241,0 33.86149639319881,35.00077428855605,0 33.86093187157126,35.00098582679545,0 33.86109134136955,35.00147439709691,0 33.8605548979396,35.00157949446545,0 33.86087919993846,35.00237572244865,0 33.86066102543083,35.00250557380848,0 33.86079924021445,35.00296885416689,0 33.86133346373006,35.00284688924911,0 33.86139255078053,35.00241597390001,0 33.8615235681887,35.00238803294729,0 33.86141774694266,35.00198685842003,0 33.86133694361901,35.00180860994366,0 33.86207494991141,35.00155520307772,0 33.86270286036121,35.00136841377858,0 33.86290779669299,35.00193251061238,0 33.86345302117602,35.00186615525325,0 33.86316578830211,35.00090592728674,0 33.86380872573964,35.00078317845853,0 33.86390563912139,35.0016395940752,0 33.86429877984818,35.00163773378776,0 33.8642620433306,35.00148563389312,0 33.86450975232132,35.00141852531812,0 33.86476276903766,35.00170149997089,0 33.86418341677601,35.00193062161822,0 33.86416670246381,35.00221080142149,0 33.8639720479031,35.00222487055145,0 33.86382728515715,35.00192331872791,0 33.86359855515957,35.00192431978451,0 33.86375701984994,35.00259897065521,0 33.86370819192018,35.00260498966099,0 33.86329074937189,35.00264559238893,0 33.86314152600963,35.00265816256188,0 33.86309151615797,35.00284465568755,0 33.86298715741449,35.00284696069413,0 33.86285195221959,35.0028521989785,0 33.86284116211438,35.00381966702525,0 33.86307253965966,35.0038232474352,0 33.86310494289539,35.00382352271269,0 33.86310467628291,35.00385175080409,0 33.86307671921618,35.00427315393339,0 33.86313464792453,35.00427688391724,0 33.86313805481291,35.00429178764632,0 33.8631413093393,35.00485289911273,0 33.86316903858535,35.00486226118868,0 33.86322165779494,35.00504808033003,0 33.86319173848991,35.00534887578836,0 33.86318973148626,35.00538892178031,0 33.86363798724053,35.0054001194052,0 33.86361938827891,35.00573656556904,0 33.86419796922517,35.00589028396963,0 33.86416698925451,35.00620678579421,0 33.86391250218781,35.00621223989974,0 33.86394552182441,35.00633523865557,0 33.86396851240561,35.00642743521728,0 33.8639794041517,35.00642680964324,0 33.86397969204581,35.00642678776338,0 33.86398585428719,35.00650190014158,0 33.86388433047275,35.00655567507307,0 33.86394105571754,35.00684042299507,0 33.86362629624109,35.00697693970164,0 33.86319489929649,35.00716404196384,0 33.86300211639171,35.00718700836483,0 33.86315323854128,35.00750511116829,0 33.86273548574064,35.0077364226882,0 33.86275834362531,35.00776348404455,0 33.86263350969975,35.00783969701366,0</coordinates>
						</LinearRing>
					</outerBoundaryIs>
				</Polygon>
			</MultiGeometry>
		</Placemark>
	</Document>
</kml>