<?xml version='1.0' encoding='UTF-8'?>
<kml xmlns="http://www.opengis.net/kml/2.2">
	<Document>
		<name>Dimos Lefkosias</name>
		<Style id="PolyStyle80">
			<LabelStyle>
				<color>00000000</color>
				<scale>0.000000</scale>
			</LabelStyle>
			<LineStyle>
				<color>ffa9e600</color>
				<width>2.000000</width>
			</LineStyle>
			<PolyStyle>
				<color>00828282</color>
				<outline>1</outline>
			</PolyStyle>
		</Style>
		<Placemark id="ID_80005">
			<name>Dimos Lefkosias</name>
			<snippet />
			<description>&lt;html xmlns:fo="http://www.w3.org/1999/XSL/Format" xmlns:msxsl="urn:schemas-microsoft-com:xslt"&gt;

&lt;head&gt;

&lt;META http-equiv="Content-Type" content="text/html"&gt;

&lt;meta http-equiv="content-type" content="text/html; charset=UTF-8"&gt;

&lt;/head&gt;

&lt;body style="margin:0px 0px 0px 0px;overflow:auto;background:#FFFFFF;"&gt;

&lt;table style="font-family:Arial,Verdana,Times;font-size:12px;text-align:left;width:100%;border-collapse:collapse;padding:3px 3px 3px 3px"&gt;

&lt;tr style="text-align:center;font-weight:bold;background:#9CBCE2"&gt;

&lt;td&gt;Δήμος Λευκωσίας&lt;/td&gt;

&lt;/tr&gt;

&lt;tr&gt;

&lt;td&gt;

&lt;table style="font-family:Arial,Verdana,Times;font-size:12px;text-align:left;width:100%;border-spacing:0px; padding:3px 3px 3px 3px"&gt;

&lt;tr&gt;

&lt;td&gt;NAME_GR&lt;/td&gt;

&lt;td&gt;Δήμος Λευκωσίας&lt;/td&gt;

&lt;/tr&gt;

&lt;tr bgcolor="#D4E4F3"&gt;

&lt;td&gt;NAME_ENG&lt;/td&gt;

&lt;td&gt;Dimos Lefkosias&lt;/td&gt;

&lt;/tr&gt;

&lt;tr&gt;

&lt;td&gt;DISTRICT_N&lt;/td&gt;

&lt;td&gt;ΛΕΥΚΩΣΙΑ&lt;/td&gt;

&lt;/tr&gt;

&lt;tr bgcolor="#D4E4F3"&gt;

&lt;td&gt;SHAPE.AREA&lt;/td&gt;

&lt;td&gt;103455935,096801&lt;/td&gt;

&lt;/tr&gt;

&lt;tr&gt;

&lt;td&gt;SHAPE.LEN&lt;/td&gt;

&lt;td&gt;81615,73926&lt;/td&gt;

&lt;/tr&gt;

&lt;/table&gt;

&lt;/td&gt;

&lt;/tr&gt;

&lt;/table&gt;

&lt;/body&gt;&lt;script type="text/javascript"&gt;

				function changeImage(attElement, nameElement) {

				document.getElementById('imageAttachment').src = attElement;

				document.getElementById('imageName').innerHTML = nameElement;}

			&lt;/script&gt;&lt;/html&gt;

</description>
			<styleUrl>#PolyStyle80</styleUrl>
			<MultiGeometry>
				<Polygon>
					<extrude>0</extrude>
					<altitudeMode>clampToGround</altitudeMode>
					<outerBoundaryIs>
						<LinearRing>
							<coordinates> 33.38447386818878,35.21117295868314,0 33.38450707052068,35.21155742935919,0 33.38426269040863,35.21171777280181,0 33.38404430141866,35.21182479633737,0 33.38395542865386,35.21186834941174,0 33.38389457704545,35.21188364695437,0 33.38382357631211,35.21188923802683,0 33.38376947647868,35.21189343061559,0 33.38376950267418,35.21192256975564,0 33.38379675356926,35.21216259464349,0 33.38376463321212,35.21216400076783,0 33.38357868042355,35.21218630540174,0 33.3833284825772,35.21220726007403,0 33.38310195328791,35.21222958787424,0 33.38303940375101,35.21223517247849,0 33.38304275859215,35.21220325808059,0 33.38306278528058,35.21188827892347,0 33.38305933015214,35.21180086587252,0 33.38303898118357,35.21172733989456,0 33.38304570326883,35.21167738434304,0 33.38304060848735,35.21165102399546,0 33.38302535229241,35.21160108298854,0 33.38296603523511,35.21142767558002,0 33.38289310430059,35.21114466072837,0 33.38284837496299,35.21093463141974,0 33.3827225482185,35.2103437832651,0 33.38173301152864,35.21044364696154,0 33.38092093872366,35.21051692216649,0 33.38047588039152,35.21051826654735,0 33.38030934134419,35.20907384884354,0 33.38001892168039,35.20908172933954,0 33.37976950775676,35.20993598683116,0 33.37951447110933,35.21048677774417,0 33.37928036253437,35.21092751312136,0 33.37927544583822,35.2109365757739,0 33.3792555775905,35.21097319928704,0 33.37923867541157,35.21097737158111,0 33.37922007785712,35.21097738025434,0 33.37895742383537,35.21093674227917,0 33.37891456794846,35.21093011147312,0 33.37852917949989,35.21086690811653,0 33.3785357545257,35.21067489329361,0 33.37693037990152,35.21076841815533,0 33.37619628617004,35.2108449325255,0 33.37619015717704,35.2109381679205,0 33.37618793324555,35.21097200760455,0 33.37612370424409,35.21099007720438,0 33.37547967431846,35.21112360157658,0 33.37522273884016,35.21117784241715,0 33.37520921342005,35.21117646193856,0 33.37518722234348,35.21115982372176,0 33.37495066364846,35.21094416251033,0 33.37494453126998,35.21093878848379,0 33.37475950043044,35.21077661174004,0 33.3745625734738,35.21062805095152,0 33.37513571308942,35.21034567289743,0 33.37569174984444,35.21008436922364,0 33.37614377801017,35.20996826029153,0 33.37616205708709,35.20961826308619,0 33.37622879248807,35.20922142148079,0 33.37637705448675,35.2091370683046,0 33.37646108255539,35.20897783337053,0 33.3764079527659,35.20849794597754,0 33.37638647786459,35.20838909773051,0 33.37608980731165,35.20836115345016,0 33.37561054875192,35.20828530992908,0 33.37567026899919,35.20804298142424,0 33.37566016671581,35.20788145293928,0 33.37511106607678,35.20785714566343,0 33.37496919040304,35.20692547599126,0 33.37480194661556,35.20640467355609,0 33.37460185398525,35.20581248496048,0 33.37442035626581,35.20529520084654,0 33.37417464605198,35.20472293349408,0 33.37396075390047,35.20476283541721,0 33.37358855353766,35.20478993718599,0 33.37324771158008,35.2047971231698,0 33.37266440876659,35.2047798445424,0 33.37242481254948,35.20477059338533,0 33.37227502067026,35.20470394453433,0 33.3721837226107,35.2046688708274,0 33.37211669777954,35.20467358558031,0 33.37187429782316,35.20473339572065,0 33.37179016941932,35.20475333323175,0 33.37162335740334,35.2048201318031,0 33.37140104643569,35.20506253453122,0 33.37113453683601,35.20532251424143,0 33.37100337427557,35.2053857828076,0 33.37078511622281,35.20561066155248,0 33.37053346105674,35.20586994633995,0 33.37050845830109,35.20599463835081,0 33.3705322128881,35.20608499230365,0 33.37066289552014,35.20623431697545,0 33.37078563661621,35.20637456627849,0 33.37086791724934,35.20646858355516,0 33.37093516673372,35.20679161903247,0 33.37091122109961,35.20723057597249,0 33.37087867958341,35.20761335298744,0 33.37083614224866,35.20797506624017,0 33.37083337128148,35.20809680122741,0 33.37095049609805,35.20835426361697,0 33.37102202470027,35.20867378482902,0 33.37100923197738,35.20873582888267,0 33.37092227316109,35.20879556544875,0 33.37081264801918,35.2087927436558,0 33.37078727954454,35.20878731835507,0 33.37024228021817,35.20867074707289,0 33.36972727373104,35.20851218781713,0 33.36943540279087,35.20837017403204,0 33.36882819965009,35.20799267487631,0 33.3685175347312,35.20773797735372,0 33.3683223748227,35.20754853725285,0 33.36815058692143,35.20730658374958,0 33.3679710309009,35.20711329535494,0 33.36787264970186,35.20698528219736,0 33.36779298365213,35.20684061029172,0 33.36767267868316,35.20658710790335,0 33.36731044241085,35.2061877255623,0 33.36717154630065,35.20613271938401,0 33.36700772049641,35.20613535144453,0 33.36671132527805,35.20621743414241,0 33.36644763837695,35.20621370385386,0 33.36616394724066,35.20617430053963,0 33.36580137696487,35.20610098838243,0 33.3656296579631,35.20610627989406,0 33.36570834449946,35.20511588385382,0 33.36572761785177,35.20505600030287,0 33.36323632289487,35.20472065149841,0 33.36322128705453,35.20469423986203,0 33.36324693430569,35.20452516825607,0 33.36239716374394,35.20435291843907,0 33.36111387598163,35.20399591625792,0 33.36110956926742,35.20396774078315,0 33.3613079247457,35.20369248604445,0 33.36157535384986,35.20332137536115,0 33.36189628336612,35.20286059418682,0 33.3620449187831,35.20264408356748,0 33.36230163297144,35.20223050174637,0 33.36250769225233,35.20192793951127,0 33.36261239207056,35.20173919636782,0 33.36283530877354,35.20136170174508,0 33.36266623180548,35.2013034915699,0 33.36227059223994,35.20117044415881,0 33.36198316560368,35.20107897863117,0 33.36170587591339,35.20097640853807,0 33.36142856415351,35.20083498697281,0 33.36116475551194,35.2006519333608,0 33.36088403907009,35.20046056193165,0 33.36079610151468,35.20039676924313,0 33.36068788659311,35.20034963332164,0 33.36051204582733,35.2002830978795,0 33.35993721419488,35.20011680818511,0 33.35943000065698,35.19995326712617,0 33.35915610164443,35.19985623907438,0 33.35898364070371,35.19978137513066,0 33.35872325702837,35.1996676933664,0 33.35862856665035,35.19961499990764,0 33.35850342506865,35.19951791822477,0 33.35841886322444,35.19943747139006,0 33.35834783609566,35.19938199537772,0 33.35822946590496,35.19930156101455,0 33.35812801389223,35.19924887093625,0 33.35828326951559,35.19875485695702,0 33.35842161610265,35.19825252426417,0 33.35875971441295,35.19829680364484,0 33.35897272085401,35.19833002690847,0 33.35909781911005,35.19835218270992,0 33.35913474891279,35.19786930988158,0 33.35917838154676,35.19728098302791,0 33.35920874551344,35.1971671957996,0 33.35948934692509,35.19717541853134,0 33.36022635982377,35.19721122211593,0 33.3602192991627,35.19666453944303,0 33.3602259486944,35.1964591823976,0 33.35970870327935,35.19645659873591,0 33.35970769913563,35.1964407985005,0 33.35968723976438,35.19611907916775,0 33.35965107192143,35.19609750808932,0 33.35953252004926,35.19568070541342,0 33.35936457671637,35.19509799184934,0 33.35852977967668,35.19518867742072,0 33.35845722504607,35.19472464143728,0 33.35857717375888,35.19469222198088,0 33.3585013765114,35.19430912897208,0 33.35794102272082,35.19438757076686,0 33.35791292276473,35.19407460898707,0 33.35892669089455,35.19371271081019,0 33.35892830601067,35.19365875042863,0 33.35887203744772,35.19326346785607,0 33.3584066307965,35.19331579917203,0 33.35844136441803,35.19350119409361,0 33.35808687945913,35.19353138571756,0 33.35752439882592,35.19352100677245,0 33.35738870585502,35.19351850300115,0 33.35688629679181,35.19344668961809,0 33.35685493545483,35.19344130967509,0 33.35663364248815,35.19340334766452,0 33.35622001548224,35.19331913637384,0 33.35609351909861,35.19356850928384,0 33.35514768651725,35.19345143384392,0 33.35409636470499,35.19335600899463,0 33.35310695760437,35.19330701637179,0 33.3528503819055,35.19329431000465,0 33.35279988416158,35.19299819252013,0 33.35276016366473,35.19281676126008,0 33.35271267273271,35.19259984131101,0 33.35254684323585,35.1922191608646,0 33.35247097434117,35.19223695887555,0 33.35185167406664,35.19104188279766,0 33.35183863067085,35.19101671141015,0 33.35111788279989,35.18919111956098,0 33.35101091260018,35.18898899724182,0 33.35082229912665,35.18861997122195,0 33.3507444857599,35.18846667293348,0 33.3507106487283,35.18838620610595,0 33.35062182209882,35.18817394066177,0 33.35057952244385,35.18806572543183,0 33.35054651258424,35.1879464087661,0 33.35053041079046,35.18784165475625,0 33.35051513667727,35.18769874502729,0 33.35050834712446,35.18763006400276,0 33.35050156070353,35.18757387178731,0 33.35053447824712,35.18747742917606,0 33.3505496689716,35.1874288613451,0 33.35057497172267,35.18731577037227,0 33.35058677230367,35.18724430971865,0 33.3503180494585,35.18726311878586,0 33.35015072913676,35.18727149254612,0 33.35015831197085,35.18722084560645,0 33.35016505740762,35.1871861548676,0 33.35016673128443,35.1871466103598,0 33.35016500510145,35.18706543936975,0 33.35015985358257,35.18687326974617,0 33.35015553450467,35.1866568177462,0 33.35015379740361,35.18654442788186,0 33.35014022591126,35.1864257976213,0 33.35011738805422,35.18637793559164,0 33.35011737584956,35.18634949121935,0 33.35014525801522,35.18633699570704,0 33.35014266251229,35.18619546893469,0 33.35013668836213,35.18606157411944,0 33.35013159043452,35.18599705531096,0 33.35008927174491,35.18584097135722,0 33.3500283376472,35.18563147225421,0 33.35003169503474,35.18557458364412,0 33.35004606000061,35.18557388591238,0 33.3500464620817,35.18556548916003,0 33.35004977899847,35.18549634981019,0 33.35000761118941,35.18544859409552,0 33.34999155124552,35.1852941621792,0 33.34996696839722,35.18521001590192,0 33.34995038663114,35.18514820109094,0 33.3499532074423,35.18501966666413,0 33.34994718164575,35.18499733489231,0 33.34992544296058,35.18499061740902,0 33.34987269617254,35.18500115025365,0 33.34977918503085,35.18474558105903,0 33.34977307454401,35.18470807994812,0 33.3497917064321,35.1846828835335,0 33.34978986256631,35.18460745472899,0 33.34984998631559,35.18449394779767,0 33.34985230072262,35.18446241933363,0 33.34990990504934,35.18433777209714,0 33.34995069804716,35.18430854098685,0 33.34995478533442,35.18423750917425,0 33.35002937059699,35.18416033705632,0 33.35016084705106,35.1837276804549,0 33.35022951189139,35.18336189864385,0 33.34984968464855,35.18342155638936,0 33.34983454823485,35.18345428649613,0 33.34972740462613,35.18343213585682,0 33.34946223170174,35.18349045261282,0 33.34937150635637,35.18351055855828,0 33.34908334798917,35.18355099130612,0 33.34896686563598,35.183567165382,0 33.3488867333738,35.18358710613565,0 33.34882622886686,35.18360215612781,0 33.34868597922011,35.18361959002623,0 33.34850514003034,35.18367899052961,0 33.3483228301199,35.18371361384046,0 33.34796022674563,35.1837792536748,0 33.34718106006291,35.18387959475886,0 33.34685478900893,35.18390564693416,0 33.3462931732559,35.18394424181151,0 33.34586745198145,35.18403192007015,0 33.34539079285106,35.18412608882575,0 33.34496873257307,35.18420653421506,0 33.34452513524061,35.18429244596751,0 33.34437678534542,35.18428705566851,0 33.34426939179771,35.18427246181529,0 33.34368264456223,35.18425444892311,0 33.34365130093445,35.1842869213798,0 33.34324409656154,35.18469715710012,0 33.34241648741529,35.18531569424664,0 33.34225369296605,35.18539326061298,0 33.34210728281477,35.18544822577696,0 33.34177158198146,35.18556758619145,0 33.3415367152198,35.18563972483707,0 33.34127447875998,35.18574462563444,0 33.34127129131294,35.18574618952216,0 33.34097589143727,35.18589111581198,0 33.34081789820084,35.18599316664587,0 33.34070140265034,35.1860805457219,0 33.34052613031952,35.18623744057653,0 33.34028027689783,35.18645193162075,0 33.34017948521273,35.18656345950808,0 33.3399924962245,35.18673136007329,0 33.33985309786716,35.18684557134169,0 33.33977809738185,35.1869068729079,0 33.339623978376,35.18701014982459,0 33.33930139687596,35.18714686892896,0 33.33911848211732,35.18723693480307,0 33.33895256829091,35.18732094051926,0 33.33888823512609,35.18729638086531,0 33.33813888556028,35.18764269995219,0 33.33809031736389,35.18730162695941,0 33.33804905741152,35.18725820295671,0 33.33782476847563,35.18716645834033,0 33.33768326488471,35.18718965734464,0 33.33723098763633,35.18783859764352,0 33.33705131489839,35.1881629680339,0 33.33692641154849,35.18846956082098,0 33.3368002985172,35.18885468903638,0 33.33672439233683,35.18892900916291,0 33.33640444605267,35.18897097393653,0 33.33632016129049,35.18890932277153,0 33.3361248697834,35.18825485384843,0 33.33580536825203,35.1883157514027,0 33.33544061638118,35.18845758258979,0 33.33536511177745,35.18836796139261,0 33.3333480940482,35.18919529896868,0 33.33301991341845,35.18932990749403,0 33.3328718320903,35.18945221289258,0 33.33277350198166,35.18959590221558,0 33.33270413929912,35.18975435424677,0 33.33261120847669,35.19034824094174,0 33.33223160370452,35.19031244198707,0 33.3322713759682,35.19019525794545,0 33.3319513141489,35.1901215190894,0 33.33101992791615,35.18998940360864,0 33.3308386529369,35.18996719911643,0 33.33067701761666,35.18990496117222,0 33.3305740821196,35.18986532482046,0 33.33018832496159,35.18985857016575,0 33.32987267873015,35.1900903324828,0 33.32997773698045,35.19044128732686,0 33.33005855755108,35.19079644551569,0 33.33007749030295,35.19092551508056,0 33.33004109855869,35.19116512560217,0 33.32992394966424,35.19130335815623,0 33.33041878647332,35.19148801545448,0 33.33044203862178,35.19156692408161,0 33.33045367584329,35.19157888988875,0 33.33047405286546,35.19158608600447,0 33.33051190218751,35.19157895905102,0 33.33061093218992,35.19148585413646,0 33.33064005016603,35.19147393753205,0 33.33068339340926,35.19147858035669,0 33.33073029257633,35.19148360556166,0 33.33068654555404,35.19163892621324,0 33.33068405357222,35.1916415092029,0 33.33058751135934,35.1917415922895,0 33.33033841014944,35.19207112682158,0 33.3301383869974,35.19200088214703,0 33.32998089736788,35.1921218737627,0 33.32986604981181,35.19222945256452,0 33.32966914384794,35.19245273228788,0 33.32962638513402,35.19268426904632,0 33.32914400960682,35.19282019073693,0 33.32881076546332,35.19291099744034,0 33.32848985929849,35.19298155960088,0 33.32865102824172,35.19402025678281,0 33.32858296682758,35.19535345901512,0 33.32763180659451,35.19542483133284,0 33.32765125171257,35.19563678026705,0 33.32694703812891,35.19577417566427,0 33.32609022482131,35.1958279347076,0 33.32509710420615,35.19590521230014,0 33.32507912959868,35.19554914683173,0 33.32214484942035,35.19583517075872,0 33.32214675272472,35.19584748324539,0 33.32217407397469,35.19605340794542,0 33.32224450288135,35.19628189429999,0 33.32229445023794,35.19644867069993,0 33.32236789560778,35.1966939238788,0 33.3223884495396,35.19691140075007,0 33.32238262459686,35.19701632858909,0 33.32231487373826,35.19706186797296,0 33.32219667978297,35.19709912342097,0 33.32206244812119,35.1971242525898,0 33.32168765695309,35.19713612047624,0 33.32118802323757,35.19713645784314,0 33.32099999328371,35.19713091616351,0 33.32075256830419,35.19709467050154,0 33.3205764359064,35.19709090755089,0 33.32050254097702,35.19711405353504,0 33.32045735328192,35.19714480068325,0 33.32026079518312,35.19731016217214,0 33.32016850866768,35.19734927881144,0 33.31976994612066,35.19741381076186,0 33.31933101134487,35.19743454187245,0 33.3180820835646,35.19750308069633,0 33.31806727301429,35.19750389299332,0 33.31781336253854,35.19738670327003,0 33.31776877131208,35.19734448541909,0 33.31752012954715,35.19710908055427,0 33.31729121660946,35.19704219407542,0 33.31709348198306,35.19694341533155,0 33.31703704743404,35.19683345960948,0 33.31697127780433,35.19665053069624,0 33.31684855302716,35.19660144825085,0 33.31672076820195,35.19656960004868,0 33.31627545118988,35.19652675963807,0 33.31615372318528,35.19660384562407,0 33.31581461590824,35.19668445695815,0 33.31563666794439,35.19670245751789,0 33.31558556178562,35.19670163613468,0 33.31540400065499,35.19690706453282,0 33.31532084753528,35.19691862692421,0 33.31517429908357,35.19689753450902,0 33.3150572261609,35.19680756092107,0 33.31471989951275,35.19663144931234,0 33.31448743995237,35.19644887459522,0 33.31446588907445,35.19643195009542,0 33.31445706393685,35.19640298507579,0 33.31443196203454,35.19637615084875,0 33.31432359679763,35.19635581367498,0 33.31416901353541,35.19636948963932,0 33.31402227395537,35.19639884104488,0 33.31395384878177,35.19644887096523,0 33.3138209939739,35.19654601243768,0 33.31367155160025,35.19664452177916,0 33.31342847956275,35.19675429374761,0 33.31298261610585,35.19682561593322,0 33.31288691930796,35.1968069213268,0 33.31256595169936,35.19657466406948,0 33.312406267692,35.19644884486804,0 33.31233439364621,35.19639221538257,0 33.31228120361737,35.19631768375834,0 33.31216158002782,35.19588772061311,0 33.31211172979334,35.1957589208647,0 33.31201955598768,35.1955989148049,0 33.31185020299203,35.19538352565644,0 33.31157118396615,35.19537974948604,0 33.31154746666367,35.19544862205289,0 33.3116338846453,35.19570592447732,0 33.3116333461879,35.19581594915884,0 33.31170767567381,35.19610398230833,0 33.31184122805524,35.19639549913331,0 33.31195867617956,35.19644883320429,0 33.31217657311736,35.19654778291876,0 33.31226261217308,35.196691178433,0 33.31225487200015,35.19688785826867,0 33.31241855687874,35.19697576461406,0 33.3127385293987,35.19720079112561,0 33.31211207691877,35.1976066519322,0 33.3117717936404,35.19786186943786,0 33.3113924177178,35.19818953690319,0 33.31147444344776,35.19850897919267,0 33.31105399156282,35.1986084867218,0 33.31174485352621,35.20118810358957,0 33.31144484232818,35.20117097299516,0 33.31094133868145,35.20130579126307,0 33.31080046057001,35.20137855375908,0 33.31081350005795,35.20144276080696,0 33.31026753555847,35.20152466888953,0 33.30994413512267,35.2014814288541,0 33.30993687453666,35.20138156311381,0 33.30991144110581,35.20135622242957,0 33.30927220958329,35.20138671573561,0 33.30907619159989,35.20134475425925,0 33.30884324290423,35.20128414488433,0 33.30845652018153,35.20119215183292,0 33.30825802748823,35.20115359719186,0 33.30815228270311,35.20115843639809,0 33.30803485943899,35.20117594906907,0 33.30789343117637,35.20120512179793,0 33.30760123305999,35.20129545481119,0 33.30760347917158,35.20131389432418,0 33.30729668750053,35.20171466488127,0 33.30698250636202,35.20185334344578,0 33.30668712137508,35.2019191653267,0 33.30638933140672,35.20201992427877,0 33.30626675372968,35.2020134243364,0 33.30615013028133,35.20199400576688,0 33.30611662011817,35.20198900482134,0 33.3058698795997,35.20191901134261,0 33.30560487491181,35.20173655420331,0 33.30554700474692,35.20165407849479,0 33.30534820218625,35.20147516295452,0 33.30521486148172,35.20121222273767,0 33.3050343226196,35.20097612758739,0 33.30486158524165,35.20089906075017,0 33.30477251284554,35.20086828242449,0 33.30470260155555,35.20078608718919,0 33.30451574736141,35.20072004967566,0 33.30437111992232,35.20066893648483,0 33.30387108940782,35.20058456257014,0 33.30344243661846,35.20052122205259,0 33.30283796048588,35.2006132234921,0 33.30252477922164,35.20039994327534,0 33.30206435089389,35.20021025945049,0 33.30192223680331,35.20012634704528,0 33.30181260292804,35.20009933154029,0 33.30114952547065,35.20010290863357,0 33.30094976338458,35.19880547703175,0 33.30082082645161,35.1982131973656,0 33.30071744690222,35.19797276471347,0 33.30044867865583,35.19718418169602,0 33.30036011928862,35.19689326357488,0 33.3002538333126,35.1964479524903,0 33.30025083089311,35.19643536925468,0 33.30016357833012,35.19644794096897,0 33.29956371691026,35.19653437104354,0 33.29954236697863,35.19745349563687,0 33.29953982363535,35.19780644742764,0 33.29957710720439,35.19800111317786,0 33.29986930750725,35.19901768644923,0 33.2989023313166,35.19924228249075,0 33.29852640638367,35.19930869879843,0 33.29728788994864,35.19960766617098,0 33.29706202044898,35.1993884172856,0 33.29681044592562,35.19911190319888,0 33.29701388017451,35.198955669611,0 33.29721650874751,35.19874518453451,0 33.29708601711756,35.19841905936053,0 33.29711759819747,35.19825161006528,0 33.29679034298249,35.19749155358733,0 33.29743104112153,35.19722031867046,0 33.29729350174313,35.19656551738975,0 33.29726968214184,35.19644754724501,0 33.29718289550328,35.19601771745427,0 33.29595900071361,35.19617632339509,0 33.29589941718106,35.19586194982335,0 33.29862959388594,35.195279025208,0 33.29853047748735,35.19491492668692,0 33.29728868715352,35.19515569912121,0 33.29685030285063,35.19411559841869,0 33.29672578501272,35.19370341437194,0 33.29642271376321,35.19249228931073,0 33.29830001728789,35.19194139643167,0 33.29931071813153,35.1916052584837,0 33.30039243484656,35.19127317073396,0 33.30049941018268,35.1912599504947,0 33.30071224711057,35.19117623062584,0 33.30087514175336,35.19106221417587,0 33.30143427904162,35.19077504900824,0 33.30188655974791,35.19054373040817,0 33.30230691175482,35.19032550236423,0 33.3025144505058,35.19021415486483,0 33.30291099454332,35.19003898706126,0 33.30337564560193,35.18987134529009,0 33.30368629468887,35.18975406677143,0 33.30451721634917,35.18952718856136,0 33.30464078115769,35.18949345045972,0 33.30535835715786,35.18919616319856,0 33.30627809222759,35.18881511493269,0 33.30661366059436,35.18862870005484,0 33.30656037793029,35.18855072630462,0 33.30646604111588,35.18846401733597,0 33.30638681847478,35.1882131962214,0 33.30632267513975,35.1881110067981,0 33.30630758954365,35.18803049713645,0 33.30619815849791,35.18794997905039,0 33.30559811379595,35.1880397313217,0 33.30537923177416,35.18805519610835,0 33.30520186164299,35.18806447147664,0 33.30503956469091,35.18826263394818,0 33.30480908192918,35.18834170506457,0 33.30460540376114,35.18831912644595,0 33.30451737793245,35.18828879860312,0 33.30437581508114,35.1882400238842,0 33.30428974453066,35.1882237175797,0 33.30410438033054,35.18806615406413,0 33.30385722887277,35.18785244771684,0 33.30375006979258,35.18777511084777,0 33.30359979678941,35.18771157326621,0 33.30340625437574,35.18770034463346,0 33.3033356618301,35.18774517660541,0 33.30328328617284,35.18777319695818,0 33.30323774417027,35.18778253407444,0 33.30311088122731,35.18787375290052,0 33.30297019910122,35.18794647076175,0 33.30274088411554,35.18796384079624,0 33.30266573658834,35.1879290481493,0 33.30233047419827,35.18770290773976,0 33.3022098252501,35.18764057085329,0 33.30189439327732,35.18754131790987,0 33.30167359153488,35.18747658449367,0 33.30131872133285,35.18743124791791,0 33.30128191776786,35.18743987208939,0 33.30084814262648,35.18764257370256,0 33.30070214565848,35.18774032308495,0 33.30025479270436,35.18736060309286,0 33.3002101618204,35.18728065174081,0 33.30025028588543,35.18722579788073,0 33.30025296512846,35.1872016608686,0 33.30024495115586,35.18714680104456,0 33.30018612994294,35.18707876886253,0 33.30008262827084,35.18668004223171,0 33.2998814950075,35.18595028516187,0 33.29977900074477,35.18542982123223,0 33.29980172711759,35.18518307355394,0 33.29975927808668,35.18501541975583,0 33.30012948003133,35.18492583350702,0 33.29987453787378,35.18380413361986,0 33.29953752769723,35.1838417995033,0 33.29948008331226,35.18384807736012,0 33.29910285968373,35.18389987800629,0 33.29898622529418,35.18351408793058,0 33.29851344874682,35.18360057846062,0 33.29840972926863,35.18325293101968,0 33.29815756464012,35.18328997385922,0 33.29815901430475,35.18332585488959,0 33.29814735066319,35.18333900883717,0 33.29804781993644,35.18337371869884,0 33.29744227364946,35.18343118492336,0 33.29737455733223,35.18299263784774,0 33.29736057036921,35.18263894068499,0 33.29736269244953,35.18256472979173,0 33.29723868626775,35.18256023784172,0 33.29723052099471,35.18284823430192,0 33.29716207768648,35.18280071565253,0 33.29712832540502,35.1827890172018,0 33.2970857382382,35.18278489862366,0 33.29704966963658,35.18276392595318,0 33.29703163619894,35.18275035548285,0 33.29679237439038,35.1827620697443,0 33.29639300303816,35.18238284304888,0 33.29586353725023,35.18203654088525,0 33.29573591589673,35.18194974246529,0 33.29573181406145,35.18194276665459,0 33.2957237816363,35.18192910937145,0 33.29555709855829,35.18182248976031,0 33.29530398533471,35.18176488320029,0 33.29531298451313,35.18167340102063,0 33.29530559379872,35.1815493742016,0 33.29526691585956,35.18155707448238,0 33.29512876327089,35.18130464595347,0 33.29498394189618,35.18113065323413,0 33.29492905532526,35.18114766284747,0 33.29488896233,35.18084439438933,0 33.29499857774345,35.18082305010165,0 33.29501715061008,35.1807916587828,0 33.29511579922425,35.18079103627533,0 33.2951251985592,35.18079260974786,0 33.29513955082781,35.18078879882461,0 33.29515580090844,35.1807784833008,0 33.29517796452497,35.18075183627395,0 33.29524020220111,35.18061577553934,0 33.29533977194478,35.18053538597601,0 33.29533235399371,35.18052885992019,0 33.2951475765129,35.18055008841927,0 33.29519165793418,35.18036658995096,0 33.29524023781514,35.18012647636082,0 33.29537125249814,35.18012612900012,0 33.29544367083165,35.18008098347993,0 33.2958373363797,35.1799888246689,0 33.29595813293383,35.17994581686903,0 33.29605671747051,35.17988481186195,0 33.29626294849693,35.17969151227568,0 33.29631493069247,35.17959757761478,0 33.296470113049,35.17957990638341,0 33.29663310543294,35.17955611967773,0 33.29680079071217,35.17960227508493,0 33.29700625934024,35.17959695707719,0 33.29709598197108,35.17960483609322,0 33.29719319307221,35.17960028623284,0 33.29734746535867,35.1796116293819,0 33.29739015372027,35.17960901689311,0 33.29768600320134,35.17962016065525,0 33.29772619480204,35.17962804194028,0 33.2978120959154,35.17962511846115,0 33.29807823895796,35.17964830575628,0 33.29826104926023,35.17965045356645,0 33.29848582521047,35.17962858452852,0 33.29864658935755,35.17963447910657,0 33.29868459193093,35.17964417727878,0 33.29893696678702,35.17961941436577,0 33.29894867388571,35.17961740870826,0 33.29888975446966,35.17959603956538,0 33.29884265048059,35.1792446965277,0 33.29907804904517,35.1792467241666,0 33.29920981440063,35.17928024981681,0 33.29935554685864,35.17928675477669,0 33.29945707569139,35.17929395476094,0 33.29952909878741,35.17931068057957,0 33.29970627201424,35.1793658170636,0 33.29930187800897,35.1785496598496,0 33.29923588110969,35.17842128996364,0 33.2993020104868,35.17823866663463,0 33.29933195913227,35.17816856667559,0 33.2993248647017,35.17813172426708,0 33.29931912685262,35.17810436030441,0 33.29928321663068,35.17806807855506,0 33.29926388047592,35.17801700267666,0 33.29927298281608,35.17797175708179,0 33.29936350847419,35.1779242010088,0 33.29937340378313,35.17791738722747,0 33.29937523982603,35.17790402578328,0 33.29936745059328,35.17787800186148,0 33.29934687279901,35.17786287588986,0 33.29929903093343,35.1778469131837,0 33.29909452686415,35.17780260264996,0 33.29897470873762,35.17779668061081,0 33.29892198705768,35.17780112932449,0 33.29869845292454,35.17764275537891,0 33.29851617709417,35.17767206296613,0 33.29845361592074,35.17755471726806,0 33.29842504835487,35.17754625141951,0 33.29835665142325,35.17754945311233,0 33.29829066106898,35.17756349535578,0 33.29821569188108,35.17762428901477,0 33.29807164822795,35.17756710375576,0 33.29810465768613,35.17744415032843,0 33.29813599431061,35.17738745732863,0 33.29817928883227,35.17729441397369,0 33.2981880662396,35.17724181835684,0 33.29814647097304,35.17715949245042,0 33.2981265514435,35.17711616713093,0 33.29805662558143,35.17697229859098,0 33.29873010803108,35.17691157093781,0 33.29897105735294,35.17689625394252,0 33.29944781414623,35.17686732134639,0 33.3000273046615,35.17684664795824,0 33.30052254068012,35.17678008159143,0 33.3008880464423,35.17671793327503,0 33.30126433184015,35.17664102731002,0 33.30130942937229,35.1766250216979,0 33.30135371308176,35.17659703491511,0 33.30166600852772,35.17655103265166,0 33.30175206475292,35.17652534390898,0 33.30186458012027,35.1764699737547,0 33.30205946523355,35.17631662443169,0 33.30212372235277,35.17627550467437,0 33.30217230652845,35.17630348185011,0 33.30233162437754,35.17620005817752,0 33.3024141862372,35.1761623872958,0 33.30248827180145,35.17614581129851,0 33.30253955961582,35.17613397676146,0 33.30271062379598,35.17612184113319,0 33.30284458601649,35.17610277433973,0 33.3029073160193,35.17610027565855,0 33.3030639552777,35.17604368802798,0 33.30316646214179,35.17600128487177,0 33.30333721933059,35.17590719676588,0 33.30339979257418,35.17586255067519,0 33.30348226767993,35.1758014654808,0 33.30357567008755,35.17575119665767,0 33.30363152050012,35.17574360572178,0 33.30397661520647,35.17571840337204,0 33.30430716458602,35.17570500612934,0 33.30437335166496,35.17570083492617,0 33.30453770110327,35.17568537932245,0 33.30462080328194,35.1756796619254,0 33.30457508339645,35.17558971375486,0 33.30458727957134,35.17552152571275,0 33.30460596950034,35.17552488689947,0 33.30462759349997,35.17551812612232,0 33.30464531617657,35.17550263610355,0 33.3046659411265,35.17546850509157,0 33.30464301881968,35.17544300451537,0 33.30462834102409,35.17540214682246,0 33.30471322816688,35.17534911141472,0 33.30471937014364,35.17532694592069,0 33.30466528000757,35.17529129919656,0 33.30472333660361,35.17527752132537,0 33.30472757536531,35.17530136524866,0 33.30476089331095,35.17533195238235,0 33.30478999047802,35.17534380736661,0 33.30482525087186,35.17533860681404,0 33.30485014105111,35.17533513689306,0 33.30487933199702,35.17532211755288,0 33.30518711056092,35.17509307167452,0 33.30537689183157,35.17486239895748,0 33.30539021307374,35.17485102308696,0 33.30542238015454,35.1748362960763,0 33.30549923927209,35.17482619770277,0 33.305587792875,35.17483413288649,0 33.30591180913134,35.17469164687673,0 33.30593857159933,35.17467987914544,0 33.30607154169218,35.17466670733446,0 33.30633342555685,35.17457282459426,0 33.30644692797617,35.17451698346446,0 33.30648484353835,35.17449833046427,0 33.30654915202688,35.17446953123416,0 33.30658452349076,35.17445369249482,0 33.30677602912187,35.17441872648279,0 33.30696847624237,35.17441698330099,0 33.30701752858887,35.17441428819944,0 33.3070988429437,35.17436852093152,0 33.30711741404058,35.17434207821994,0 33.30714107368912,35.17430838978812,0 33.30721592574245,35.17416592245853,0 33.30750034707543,35.17397877821367,0 33.30751436759549,35.17396955287167,0 33.30754762044079,35.17392587685593,0 33.30759750182427,35.1738603592038,0 33.30759727539955,35.17386028586414,0 33.30758285431153,35.1738532158631,0 33.30755465033261,35.1738540392409,0 33.3075127755694,35.17387591250485,0 33.30734243345639,35.17400466689929,0 33.30720638876537,35.1741366638394,0 33.30690884331896,35.173971614076,0 33.3068777660654,35.17375296323384,0 33.30723787515915,35.17348623541143,0 33.30736291808235,35.17334968453554,0 33.30736315205291,35.1733494297477,0 33.30738433275923,35.17317843671884,0 33.30738293996018,35.17317560175128,0 33.30737590840079,35.17316126753715,0 33.30735747948209,35.17316618094547,0 33.30734628179196,35.1731842292015,0 33.30721672182977,35.17349096821754,0 33.3072148286086,35.17349226562348,0 33.307094603817,35.1735746021788,0 33.30680902341207,35.1737529120154,0 33.3066534099463,35.17376156015303,0 33.30639591452296,35.17377900026731,0 33.30638655190266,35.17377769078135,0 33.30635063587133,35.17377266889068,0 33.30632023357677,35.17374730472336,0 33.30630503458244,35.17374675634715,0 33.30628593566167,35.17374607000074,0 33.30612983597224,35.1737983950243,0 33.30608080984733,35.17380008734518,0 33.30606326201186,35.17378970611666,0 33.30605156418809,35.17378278499391,0 33.30599170887462,35.17376326770641,0 33.30570617865003,35.1737704570655,0 33.3053993007988,35.17383587488813,0 33.30533073302116,35.1738324060923,0 33.30527085668138,35.17381691955244,0 33.30523805180028,35.1738106996462,0 33.30521582961725,35.17380649022586,0 33.30504286676629,35.17383353336932,0 33.30499576957408,35.17376177179426,0 33.30498417567281,35.17374561368285,0 33.30497037798551,35.17372638374636,0 33.30493375515684,35.17371667955151,0 33.30490806852504,35.17370987375584,0 33.30487425688377,35.17365832859255,0 33.30485986896502,35.17365124916893,0 33.30485353176701,35.1736481300559,0 33.30482037088398,35.17365797654602,0 33.30477815212971,35.17369639218594,0 33.30475119483,35.1737209239461,0 33.3047398063407,35.17376009399551,0 33.30471048462871,35.17377499575166,0 33.3047065761596,35.17377698144733,0 33.30468334765048,35.17377786194999,0 33.30466124422785,35.17377869815422,0 33.3046479516879,35.17375949124818,0 33.3046346979266,35.1737362576989,0 33.30458127771116,35.17374130194509,0 33.30451928241836,35.17376074502059,0 33.30448341728531,35.17377199267918,0 33.30435019133617,35.173887044781,0 33.30432486951845,35.17388975941063,0 33.30416578849854,35.17383647170949,0 33.30390703624496,35.17368660213424,0 33.30386734627259,35.17364325793132,0 33.30293920339629,35.17357073866349,0 33.30281334571479,35.17362524449072,0 33.30269750484134,35.17358394621961,0 33.30272634354249,35.17349285639763,0 33.30260619166193,35.17347521518356,0 33.30253524436235,35.17345162163063,0 33.30241648944988,35.1733878567124,0 33.3022472599996,35.17338726771165,0 33.30185860692371,35.17324755203832,0 33.30182327291249,35.17319045990011,0 33.30176490166325,35.17303502943486,0 33.30186777514241,35.17301661445582,0 33.30189997583206,35.17292725433757,0 33.30185543384398,35.17279715388264,0 33.30193195948123,35.17271892552936,0 33.30197561282728,35.17273514914692,0 33.30197160840567,35.17269634312539,0 33.3019544136515,35.17265862642216,0 33.30182034577616,35.1725870343781,0 33.3013875668112,35.17240080318123,0 33.30079360425707,35.1720950983299,0 33.30048437679247,35.17197002427359,0 33.30036426733842,35.17173900533074,0 33.30012267005462,35.17161589984397,0 33.3002059300768,35.17149019906167,0 33.3001321514846,35.17111758606118,0 33.30001536316671,35.17103877044097,0 33.30004537302404,35.17089237481731,0 33.29996666527195,35.17068524810468,0 33.29997057207916,35.17058328395694,0 33.29990786031624,35.17040486137806,0 33.29984956223736,35.17032851932844,0 33.29971871145358,35.17026124276472,0 33.29899017578256,35.16999896846909,0 33.29837245302748,35.16980730287084,0 33.29815698762273,35.16973590717603,0 33.2979016964675,35.16967031759752,0 33.2976887609452,35.16960642259441,0 33.29762469902331,35.16950899007541,0 33.29751193006013,35.16944076799075,0 33.29733735619123,35.16936147690316,0 33.29710615429393,35.16928912911811,0 33.29706855022103,35.16923398993447,0 33.29677560720338,35.1691226316356,0 33.29644874423294,35.16894611058855,0 33.29633103899761,35.16892377436257,0 33.29613305738746,35.16890243653062,0 33.29604061804149,35.16884499908162,0 33.29595260926606,35.16881633330321,0 33.29588769580813,35.16878763899606,0 33.29580409857761,35.16876796009714,0 33.29564104838702,35.1686825521643,0 33.29552904609073,35.1686352225749,0 33.29541355179872,35.16860209752755,0 33.29535311131529,35.16863454472654,0 33.29500354508297,35.16871411114639,0 33.29494671899454,35.16872035378845,0 33.29473548302221,35.16871574615637,0 33.2946098653657,35.16872821338963,0 33.29437713827464,35.168723420328,0 33.29431480987772,35.16872620565862,0 33.29424255016969,35.16873811740579,0 33.29413267841334,35.16877650528449,0 33.29397212091776,35.16880431466458,0 33.29387300906352,35.16880274873316,0 33.29334860950117,35.16882534501266,0 33.29317935943934,35.16886439139955,0 33.29279749236564,35.16890875788747,0 33.29267155654794,35.1688954024079,0 33.29257654430782,35.16883979656228,0 33.29218841426387,35.16876935335745,0 33.29196750880714,35.1687139045879,0 33.29183751911375,35.16866849524919,0 33.29173629430149,35.16865678380829,0 33.29142319869662,35.16861503373972,0 33.29148051587196,35.1685580878757,0 33.29170041602057,35.16833961291658,0 33.29229643317542,35.16844975236236,0 33.29251196441199,35.16848427131032,0 33.29262259858683,35.1684946649665,0 33.29273184659962,35.16850390357347,0 33.29310261321211,35.1685037579399,0 33.29331577639145,35.16849466789927,0 33.29349894453524,35.16847048592386,0 33.29367231191119,35.16844567301531,0 33.29387881193171,35.16840097214668,0 33.29405810582738,35.16834234365155,0 33.29478258346187,35.16808145685107,0 33.2949991905717,35.16800868785873,0 33.29521560591152,35.16795829076762,0 33.29559953724189,35.16791688083556,0 33.29599157505657,35.16791338165056,0 33.29676836120299,35.16794765345983,0 33.29794309336902,35.16805650648705,0 33.29849218879229,35.16816696609519,0 33.29872531335219,35.16822799035111,0 33.29895971679391,35.1683045222717,0 33.29935073015263,35.16845026114088,0 33.29979605154799,35.16865086049466,0 33.30074393795825,35.16918909962116,0 33.30094131160563,35.16925914210193,0 33.30126851020432,35.16933798091365,0 33.30144802973623,35.16936428693767,0 33.30181651332968,35.16938250613129,0 33.3020533406945,35.16936091146652,0 33.30241006149583,35.16928143756446,0 33.30258261715814,35.16922328923054,0 33.30275040141152,35.16914845777228,0 33.30307369736693,35.1689567944485,0 33.30301836233488,35.16889997079157,0 33.30289973548014,35.16876514330038,0 33.30220811344873,35.16816317147892,0 33.30219862988654,35.1678103038268,0 33.30250381048116,35.16743899963272,0 33.30250561386995,35.16743421140585,0 33.3024983670713,35.16736375904063,0 33.30252402227856,35.16730902423411,0 33.30261366368132,35.16724988762022,0 33.30262600371966,35.16724174600756,0 33.30264536678875,35.16715681921324,0 33.30268174626544,35.16712156475317,0 33.30283499706833,35.167134762231,0 33.30290315199219,35.16714063301418,0 33.30300963993127,35.16709845346495,0 33.30314810117814,35.16704361389439,0 33.30300611538694,35.16690526906065,0 33.30276182078806,35.16672568929491,0 33.30265676636046,35.16668271349364,0 33.3025158372503,35.16665739004745,0 33.30240593152839,35.16663764347511,0 33.30240104430793,35.16665952992338,0 33.30240049466408,35.16666198580477,0 33.30238847325718,35.16668412712844,0 33.30237938252066,35.1667008725729,0 33.30234323534448,35.16672591621874,0 33.30229784981783,35.16672753211173,0 33.30225377514451,35.16670190444061,0 33.30224705385839,35.16665977720265,0 33.3022398511345,35.16660798095688,0 33.30209281645769,35.16656148576821,0 33.30198768330933,35.16652824198537,0 33.30178368522029,35.16646324927495,0 33.30168702800126,35.16643245665291,0 33.30163157267767,35.16640683906586,0 33.30150677551996,35.1663491915707,0 33.30144587114974,35.16631223163432,0 33.30136773707838,35.16626481503353,0 33.30128913961835,35.16617149668819,0 33.30123455215766,35.16610668663151,0 33.30112538853099,35.16600298975023,0 33.30104874207215,35.16593018494201,0 33.30071869054306,35.16583564475768,0 33.30040164892111,35.16575790594186,0 33.30015228819471,35.16569676194697,0 33.29992227756019,35.16565043180353,0 33.29976314629292,35.16561837528937,0 33.29967667370845,35.16552282277085,0 33.29955218796565,35.16545296572813,0 33.29954363798724,35.16544816798859,0 33.29934840650531,35.16531522273462,0 33.29926129510937,35.16527759450649,0 33.29916894850758,35.16526323975155,0 33.29914023957384,35.16525877750706,0 33.29892266161384,35.16524651198834,0 33.29852075898579,35.16508098840013,0 33.29816103871872,35.16493197064766,0 33.29795359252259,35.16486889270826,0 33.29780176442175,35.16482272767522,0 33.29774741299179,35.16481113045669,0 33.29770167634536,35.16480137433567,0 33.29759971985418,35.16482305470358,0 33.29751424550576,35.16484123403789,0 33.29739179665921,35.16475931534382,0 33.29729971279755,35.16471073418327,0 33.29727103669721,35.16469560605641,0 33.29699843040289,35.16458192944693,0 33.29672805485651,35.16446146642958,0 33.29667653986596,35.16442377437998,0 33.29667426404843,35.16441915126693,0 33.29663117728976,35.16433162812469,0 33.29657599886792,35.16426625491038,0 33.29657338502322,35.16426315688932,0 33.29654647773005,35.16421843582081,0 33.2965195737693,35.16417371744195,0 33.29646197131405,35.16409730075129,0 33.29640929561912,35.16404879553241,0 33.29639880129691,35.16396000000273,0 33.29642913261402,35.16382759042317,0 33.29644082313413,35.16377654711027,0 33.29645085471838,35.16374991324849,0 33.29647210511488,35.16369350123925,0 33.29646816474949,35.16364306225186,0 33.29646672922466,35.16362467360774,0 33.29645536828772,35.1636174018749,0 33.29642128770399,35.16359559207285,0 33.29634345558389,35.16360750608568,0 33.29625228748674,35.16362204778974,0 33.29619073182023,35.16362797176322,0 33.29613463296847,35.16363337307629,0 33.29602691776346,35.16363801532376,0 33.29596322922546,35.16363634559473,0 33.29592635275996,35.16363538013785,0 33.29588376621626,35.16361986830793,0 33.29584667749732,35.16360636127109,0 33.29583598731994,35.16359636831941,0 33.29578923406133,35.16355266183694,0 33.2957230137966,35.16345622049961,0 33.29567690034661,35.1633663373128,0 33.29566542408571,35.16334961461149,0 33.29565325704915,35.16333188582998,0 33.29565328968863,35.16332816567399,0 33.29565448733223,35.16318987542406,0 33.29565239547682,35.16318480024049,0 33.29563069178839,35.16313214025222,0 33.29559278734553,35.16310941470913,0 33.29555487853964,35.16308669096747,0 33.29549493180188,35.16305056847896,0 33.2954578358795,35.16301525107149,0 33.29542521848795,35.16298419356339,0 33.29537646567317,35.16287606965521,0 33.29535480641018,35.16282803548929,0 33.29530308863988,35.16279846494736,0 33.2952037845711,35.16274169072072,0 33.29475635154254,35.16245090328274,0 33.29469289986568,35.16243886350495,0 33.29463597605115,35.16242806617264,0 33.29448856425476,35.16245424698379,0 33.29435135129057,35.1624930882364,0 33.29429129233679,35.16254956982691,0 33.29409464505082,35.16264717317639,0 33.29403349877914,35.16263706907252,0 33.29398113241737,35.16262841561888,0 33.29391368722901,35.16260075665406,0 33.29386895867403,35.16258241350363,0 33.29383048148463,35.16252444586451,0 33.29378264006965,35.16244872261155,0 33.29367980136546,35.16248126278995,0 33.2936565435599,35.16249237393386,0 33.29361755701512,35.16251100391105,0 33.29357103826404,35.16249723328304,0 33.29352459748942,35.16245108416614,0 33.29353037730697,35.16242499356675,0 33.2935410350264,35.16237688617527,0 33.29353600501844,35.16233182025734,0 33.29353296334541,35.16230460805546,0 33.29351460608135,35.16227738428391,0 33.29350121693844,35.16225753093869,0 33.29341770188389,35.16221194842926,0 33.29340425584416,35.16220497351088,0 33.29331617207175,35.16215927940482,0 33.2932891048937,35.16214332525433,0 33.29327066046,35.16213245485267,0 33.29324841826489,35.16209745415153,0 33.29326464718467,35.1620323617388,0 33.29324931607748,35.16199468067102,0 33.29324813225404,35.16199177291616,0 33.29321345698595,35.16195033385539,0 33.29315736910664,35.16192732524241,0 33.2931512898301,35.16192565613749,0 33.29302815730189,35.16189183873497,0 33.29299148768718,35.16188986411697,0 33.29296948658229,35.16188868060119,0 33.29293012848538,35.16186762802634,0 33.29288665864983,35.16181412596675,0 33.29279562511011,35.16176046662729,0 33.29279484585281,35.16175742358151,0 33.29278731356663,35.16172795158371,0 33.29281881877051,35.16169718006842,0 33.29286400792758,35.16167855698638,0 33.29287311630852,35.16164858234851,0 33.29287437985179,35.16162565939684,0 33.2928755865658,35.16160372451684,0 33.29287891849371,35.16159561828473,0 33.29289785553669,35.16154952088032,0 33.29291816681474,35.16152148961432,0 33.29293328340319,35.16150062982388,0 33.29296905092576,35.16147025269143,0 33.29297467567846,35.16146547609205,0 33.29301672822947,35.16143202800068,0 33.29304789679809,35.16140599770159,0 33.29305881964158,35.16139687705598,0 33.29306422446917,35.16138648436097,0 33.29307640544732,35.16136304914239,0 33.29306893426886,35.161324314226,0 33.29306483782645,35.16131573199025,0 33.29304762261947,35.16127966985692,0 33.29301169468975,35.16123253691428,0 33.29299780652811,35.16121577561691,0 33.29297498663199,35.16118822903199,0 33.29291795961139,35.16114588844528,0 33.2928562635352,35.16112658087493,0 33.2928492461545,35.16112438580164,0 33.29276121394923,35.16109236449317,0 33.29270238865175,35.16112555736188,0 33.29254483799155,35.16104243309574,0 33.29236192172417,35.16094592996106,0 33.29196880550543,35.16080298386615,0 33.29187390841636,35.16079004667134,0 33.291790335657,35.16077865236785,0 33.29172628324623,35.16079585569862,0 33.29140563252393,35.16063297546703,0 33.2913479327977,35.16062142848367,0 33.29127429426924,35.16054457098465,0 33.29122384318267,35.16049940411851,0 33.29106603928182,35.16052899681463,0 33.29054037503074,35.16051275426137,0 33.2904937168775,35.16053803503996,0 33.29037980686754,35.16056484983952,0 33.29015496242857,35.16048776986207,0 33.29006275486461,35.16043454934151,0 33.29001805524677,35.16038760055466,0 33.28995992273811,35.16030781434051,0 33.29001019830472,35.1601846988412,0 33.29016297082047,35.15981058634853,0 33.28925469334521,35.1596771831174,0 33.28920493204899,35.15972317056944,0 33.28770350513347,35.1594957055124,0 33.286737782022,35.15934615671881,0 33.28621624988264,35.15925094094395,0 33.28512140581618,35.15890972915334,0 33.28434079396047,35.15867704897582,0 33.28347874641955,35.15801938161738,0 33.28329759452744,35.15760203760795,0 33.28323801157246,35.15757314729829,0 33.28322049561739,35.15740576114916,0 33.28297668114962,35.15730698655061,0 33.28301444626993,35.15722472122776,0 33.28304637267355,35.15716510100503,0 33.28309949134668,35.15710711327179,0 33.28314265681654,35.15710734141564,0 33.28316433683814,35.15709482888115,0 33.28328774052814,35.15708537766879,0 33.28343934320254,35.15701798862434,0 33.28348567858722,35.15700686780402,0 33.28349139291415,35.15694684456877,0 33.28334640215483,35.15667834721035,0 33.28331982512452,35.15659342437534,0 33.28334765399591,35.15651771372655,0 33.283277673215,35.15641025008481,0 33.28327840316113,35.15631654503816,0 33.28335522311503,35.15624555494657,0 33.28343145101842,35.15625042089077,0 33.28335109761674,35.1560759641851,0 33.28347170382784,35.15597843171363,0 33.28347739403398,35.15594722541644,0 33.2835174725994,35.15569754449362,0 33.28339022666203,35.15559791555749,0 33.28338032551292,35.15546085363004,0 33.28350408046069,35.15506171212965,0 33.28342680936612,35.15458451531773,0 33.28483472843078,35.15391236854701,0 33.28541294190271,35.15358594814533,0 33.28566286217371,35.15342650161028,0 33.28622025131026,35.15312086768692,0 33.28645234075571,35.152964671528,0 33.28666959595375,35.15281840380268,0 33.28688616618711,35.15267388963242,0 33.28703054738001,35.15257754663381,0 33.28707907804009,35.15252828905381,0 33.2873956354413,35.1523263935824,0 33.28750777751759,35.15225674035609,0 33.28759409818952,35.15218180841391,0 33.28852069224374,35.15148087964422,0 33.28889201286309,35.15120968979463,0 33.28900378680126,35.1510606135563,0 33.28949063360295,35.15073747250874,0 33.28978537137998,35.1505573854353,0 33.28997557961746,35.15042657327866,0 33.29015971648191,35.15027242274632,0 33.29042401324276,35.15011022411218,0 33.29108778429139,35.14980650941877,0 33.29127746304469,35.14972899006186,0 33.291277465024,35.14971845807859,0 33.29210753429464,35.14940586745082,0 33.29255760814328,35.14920823816384,0 33.29270854909955,35.14902326022865,0 33.29280138909344,35.1488192614117,0 33.29318663108808,35.14888310553427,0 33.29348036065068,35.14885214252341,0 33.29378924118407,35.14881157278518,0 33.29409248553174,35.14873246748913,0 33.29424466329044,35.1486535670161,0 33.29454147738139,35.1485530706211,0 33.29487559645762,35.14852241347989,0 33.29513391691894,35.14848427994782,0 33.2953911721587,35.1484420777313,0 33.29551144465608,35.14841566184793,0 33.29573418948794,35.14834914391584,0 33.29606637101872,35.14825082539182,0 33.29655735401728,35.14808698571742,0 33.29667340619537,35.14807154546544,0 33.29688109284752,35.14811858755006,0 33.29697094596084,35.14811239558347,0 33.29719443695281,35.14800051910436,0 33.29727149404778,35.14797878027124,0 33.29741668149261,35.147996568317,0 33.29778310113031,35.14778941952951,0 33.29815537653346,35.14758752391742,0 33.29839591462051,35.14742276219094,0 33.2985179496649,35.14738230956492,0 33.2988760111219,35.14714065616354,0 33.2990241580025,35.1469840380454,0 33.29948978321467,35.14672169066795,0 33.29970167944689,35.14661860074249,0 33.29992303469378,35.14652288213651,0 33.30022048852285,35.14634390500373,0 33.30037848246275,35.14623908963798,0 33.30052618517342,35.14611780933953,0 33.30085300343221,35.14593880739665,0 33.30118587927485,35.14568178758422,0 33.30132596884975,35.1455946748473,0 33.30162927823459,35.14544948496882,0 33.30195238651953,35.14525800847438,0 33.30240446940025,35.14500140932194,0 33.30276302535579,35.1448452682023,0 33.30314352860128,35.14472443673313,0 33.30375715191399,35.14456092895506,0 33.30384551503681,35.14453800200263,0 33.30397940725586,35.14447188367261,0 33.30402733902093,35.14444179270234,0 33.30452316698079,35.14406268167737,0 33.30484565967269,35.14381534991978,0 33.30505272290382,35.14358107990105,0 33.30506022503968,35.14340910319643,0 33.30504110016757,35.14326160890106,0 33.3050575557675,35.14321370210966,0 33.30513952019385,35.14312722162241,0 33.30532879685839,35.14300118401793,0 33.30550712542139,35.14291716104257,0 33.30567517706879,35.14281273073831,0 33.30626572705034,35.14231730717251,0 33.30678384749285,35.14189445753028,0 33.30714543155624,35.1415964717818,0 33.30733149177594,35.14143802745455,0 33.30780248019486,35.14110145982514,0 33.30793761111383,35.14099508182672,0 33.30808083181699,35.14083550035496,0 33.30816406428971,35.14073988156707,0 33.3083083621333,35.14051783798995,0 33.30857258800095,35.14030386385331,0 33.3086119606237,35.1402531245908,0 33.30862597811505,35.14023506083835,0 33.30878119007465,35.14003504441172,0 33.30884792108378,35.1399551029228,0 33.30900494261778,35.13985527431181,0 33.30914437182671,35.13980034958624,0 33.30960390119982,35.13938259135269,0 33.30966557350303,35.13940733232574,0 33.30987515192597,35.13914751439756,0 33.3100196964655,35.13895458432709,0 33.31023414512149,35.13879666952187,0 33.31042189294114,35.13866428375902,0 33.31058906487811,35.13852431465542,0 33.31066861855503,35.13843023052954,0 33.31073993025393,35.13831744354242,0 33.31076628196481,35.13821389040523,0 33.31077294040428,35.13812635972278,0 33.31075542073992,35.13798840345871,0 33.31073398243878,35.13788968178829,0 33.31070017076438,35.13781204230027,0 33.31059363126599,35.13761231569843,0 33.31061144572836,35.13750267835839,0 33.31064280695274,35.13738101762929,0 33.31069853732544,35.1372795840981,0 33.31071270023268,35.13716690665264,0 33.31070356393412,35.13705916372812,0 33.31067487500069,35.13694429125055,0 33.31064994691759,35.13681533912158,0 33.31059674765172,35.13670338058446,0 33.31056422556166,35.13661466039277,0 33.3105647434359,35.13650397756889,0 33.31058664552356,35.13655334627941,0 33.3106351756381,35.13662804106601,0 33.31070830185656,35.13666052496463,0 33.31083941003246,35.13671382134428,0 33.31100363661945,35.1368275104374,0 33.31125834821414,35.13705541809418,0 33.31149570651843,35.13728891704275,0 33.31169532119004,35.1374860156885,0 33.31182816615559,35.13758822295662,0 33.31202799028032,35.13775008556049,0 33.31232566853681,35.13792844735063,0 33.31264877496785,35.13815119097958,0 33.31298311717587,35.13843029467691,0 33.31330399703175,35.13871962349795,0 33.31349920677616,35.13892119874656,0 33.31369415633785,35.13916311211709,0 33.31378064590736,35.13924900100949,0 33.31395961888998,35.13942496090797,0 33.31422880576223,35.13971918413684,0 33.31448281051979,35.14012497488496,0 33.31455601203636,35.14010564812322,0 33.31464998122379,35.14021956951039,0 33.31466481976603,35.14023755903267,0 33.314672408273,35.14024675887345,0 33.31480935095352,35.14052958060697,0 33.31497062817388,35.14078578901646,0 33.31510519681889,35.14103325363804,0 33.31522632296494,35.14117953098764,0 33.31545192271577,35.14142426960358,0 33.3157159971859,35.14165890108706,0 33.31609838994864,35.14204983934572,0 33.31614952700164,35.14212879407497,0 33.3161928863373,35.14221864359175,0 33.31619425606648,35.14224792206816,0 33.31582959475037,35.14306644476266,0 33.31587113839853,35.1431058233006,0 33.31584938590213,35.14322827327354,0 33.31589229174364,35.14333019834331,0 33.31595900686198,35.14341962828069,0 33.31606851434094,35.14377935184674,0 33.31610066268577,35.14390620251341,0 33.31621460233126,35.14408052662868,0 33.31628661806953,35.14425881265468,0 33.31639201234233,35.14439863971011,0 33.31650606671174,35.14456994263656,0 33.31666339323891,35.14473430155479,0 33.31692372589163,35.14483881726331,0 33.3171301462949,35.14497219127218,0 33.31713352815074,35.14511241168928,0 33.31724846464287,35.14522729014368,0 33.31737524508858,35.145321306974,0 33.31739899992025,35.14550842802701,0 33.31744973418146,35.14568257753294,0 33.31743822789028,35.14572503755265,0 33.31756960316852,35.14598686418288,0 33.31758435523071,35.14605532212637,0 33.31776717108639,35.14616509147748,0 33.31778338290857,35.14617877190038,0 33.31778186454497,35.14607048600445,0 33.31788830707654,35.14604400036507,0 33.31798173414919,35.14611320642385,0 33.31809444635288,35.14611690921599,0 33.31834433000527,35.14637192833075,0 33.31846458185003,35.14641588198341,0 33.31850045053638,35.14648827120787,0 33.31870682109411,35.14661050669363,0 33.31889714119354,35.146706611874,0 33.31895899411384,35.14683429484527,0 33.31903820516071,35.14685896049009,0 33.3193817548015,35.14712805764488,0 33.31939015794771,35.14735051937944,0 33.31952296718782,35.14746087395028,0 33.31959358364078,35.14762979511302,0 33.3197067590994,35.14773315680684,0 33.31973427065764,35.14782111145864,0 33.3197863510636,35.1479876097638,0 33.31976698136096,35.14803598500082,0 33.31955518510748,35.14805773116875,0 33.31961291154574,35.14835048653788,0 33.31951390725762,35.14836907492762,0 33.319537284958,35.14852672964233,0 33.31961343609321,35.14851973043591,0 33.3198061471471,35.14854923412283,0 33.31980637457606,35.14859754772269,0 33.31976635121575,35.14868120602335,0 33.3196882576887,35.14874383591446,0 33.31955716777514,35.14873615832801,0 33.31957807830991,35.14901389697435,0 33.31982419433456,35.14900010699046,0 33.31990055065531,35.14934913704216,0 33.31989762092843,35.1495071576711,0 33.31987278749443,35.14969543125073,0 33.31984369863383,35.14975992215157,0 33.31973370537594,35.1498095506249,0 33.31974388833206,35.14989104014751,0 33.31988438611319,35.15033746130333,0 33.31990948585612,35.15046619891281,0 33.31992229954938,35.15084653910714,0 33.32001727527683,35.15099016358922,0 33.32002622265367,35.15106963178822,0 33.32009519941791,35.15115395861444,0 33.32010672657263,35.15126159056592,0 33.32020394193396,35.15136092856398,0 33.32024985752998,35.15148959033586,0 33.32032053760432,35.15167653789312,0 33.32034845046226,35.1518837258556,0 33.32030213294247,35.15193013883221,0 33.32028152304466,35.15197446740716,0 33.32027559859151,35.1520167407285,0 33.32035046966205,35.15231433310834,0 33.32042217356755,35.15245900398851,0 33.32043092965496,35.15249821429171,0 33.32042498222474,35.15253545605955,0 33.32038741540745,35.15262006981253,0 33.32043786609447,35.15293494072152,0 33.32043723839993,35.15301334529344,0 33.32038847705252,35.15311767613294,0 33.32032069478954,35.15329130462238,0 33.32029947489131,35.15346823891768,0 33.32029793734477,35.15363825520895,0 33.32030852338279,35.15382343976033,0 33.32038138960675,35.15417301387186,0 33.32052502972117,35.15429061465,0 33.32189136402072,35.15442181487909,0 33.32192642957691,35.15420365947907,0 33.32206854147721,35.15422365435664,0 33.32249757121727,35.15425950484018,0 33.32248033606278,35.15440431558741,0 33.32320372162008,35.15445607820664,0 33.32339519810539,35.1544482010472,0 33.32412972230453,35.15450406042223,0 33.32421436603914,35.1545076009085,0 33.3243568022144,35.15449841300683,0 33.32448826576459,35.15448110476567,0 33.32531792076912,35.15434226020602,0 33.32577268851792,35.15427256976984,0 33.32621892991618,35.15419879200285,0 33.32653477298373,35.15415944692652,0 33.32683461282112,35.15412704802008,0 33.32730155055991,35.15408358491864,0 33.32778945817471,35.15403319642373,0 33.32806598951141,35.15400568001774,0 33.32831060669699,35.15397796822445,0 33.32871893491368,35.1539079508777,0 33.32869255884766,35.15383126641285,0 33.32866324716989,35.15381195771111,0 33.32865349837781,35.15380283674661,0 33.32861956805684,35.15374826066314,0 33.3286052735961,35.15369581631118,0 33.32848546521281,35.15333967978691,0 33.32834274799601,35.15293434007414,0 33.32811029398477,35.15240638774282,0 33.32814693935967,35.15238213548198,0 33.32820568723791,35.15237090266118,0 33.32829878765536,35.15237366111886,0 33.32849520057194,35.15247876207952,0 33.32886573656834,35.15293428372626,0 33.3290300523651,35.15309722813589,0 33.32917993581628,35.15323607473478,0 33.32934326662367,35.15338306299598,0 33.32948833729387,35.15351182299871,0 33.32965798869323,35.15363973263135,0 33.32983620550604,35.15377273505236,0 33.3300058938081,35.15389864207936,0 33.3300840425233,35.15395450800618,0 33.33019528451481,35.15401964113404,0 33.33038112085286,35.1541265246426,0 33.33053256216331,35.15421885394746,0 33.33101306343848,35.15451180239978,0 33.33150219963609,35.15480997414912,0 33.3323359462565,35.15511590938033,0 33.33328127705831,35.15543881449215,0 33.33558097660284,35.15679803486035,0 33.33734561279044,35.15784583900077,0 33.33748322400635,35.15818855894866,0 33.33786106233294,35.15856938273405,0 33.33896764667382,35.15816721089273,0 33.34083313515179,35.15753458554178,0 33.34111037114682,35.1578168969352,0 33.3411570965626,35.15793621878398,0 33.34114475829698,35.15831527741236,0 33.34134564575405,35.15849726383319,0 33.34150042588877,35.15874750581465,0 33.34165323853576,35.15894934260272,0 33.34184954193739,35.15922817566663,0 33.34193339609307,35.1593226075522,0 33.34208225329382,35.15942963048333,0 33.34250100680445,35.15958305713656,0 33.34293727472367,35.15958227103213,0 33.34306189132169,35.1596588652386,0 33.34333943916874,35.15993738823705,0 33.34340484677367,35.16010202812332,0 33.34351235265115,35.16018410218302,0 33.34394894165595,35.16067420870758,0 33.34414861965438,35.16103655825111,0 33.34426117998843,35.16119028566361,0 33.34437817005062,35.16132013314568,0 33.34449478249795,35.16139860097027,0 33.3445658369218,35.16136628929065,0 33.34465401665728,35.16130978128849,0 33.34480256416304,35.16141844314885,0 33.34488605325414,35.16148485400836,0 33.34509235606632,35.16166499512943,0 33.34530240125514,35.16188140019994,0 33.34546330664646,35.16204244503009,0 33.34567088951995,35.16225079616014,0 33.34583540026362,35.1623654947175,0 33.34600724672552,35.16246507457771,0 33.34619381714224,35.16256766695638,0 33.3464932682588,35.16269937682268,0 33.34674008872777,35.16289057562982,0 33.34739962529342,35.16346527451422,0 33.34757057433819,35.16332118426535,0 33.34815571980158,35.163791266992,0 33.34792102970982,35.16400358585836,0 33.34830308525839,35.16411124892088,0 33.34852991811034,35.16414710407813,0 33.34928000005516,35.16497595785617,0 33.34931691415438,35.1650545064923,0 33.34953081819305,35.16535153286787,0 33.34962937405921,35.16546556643726,0 33.3497161034467,35.16541852725317,0 33.34992210190291,35.16528447237229,0 33.34983367959076,35.16519988638365,0 33.34979192026172,35.16515658393095,0 33.34961378814819,35.1649259617125,0 33.34942954249918,35.16471448181166,0 33.34932635762949,35.1645885990142,0 33.34917032852044,35.16437307659571,0 33.34863967137736,35.16372653671758,0 33.34836335099104,35.16344659478234,0 33.34794342482176,35.16308613449502,0 33.34770894275962,35.16291498859923,0 33.34692321217091,35.16227970743108,0 33.34694033962522,35.1622424162134,0 33.34696976647854,35.16223232191227,0 33.34702986300748,35.16222926080275,0 33.34731442421875,35.16222403752231,0 33.34746406015978,35.16221084285299,0 33.34794241779637,35.16215712306676,0 33.34810923801908,35.16213484443381,0 33.3482920234576,35.1621236393235,0 33.34999126998727,35.16189672793947,0 33.34973267858306,35.16099478740124,0 33.34970806509251,35.16092525336966,0 33.34966133029775,35.16082347796177,0 33.3495839065305,35.1607146700423,0 33.34913666135558,35.16018256710075,0 33.34900982137884,35.16004513846864,0 33.34873171971179,35.15976515723223,0 33.34854857468827,35.15950297614125,0 33.34840018418657,35.15923068749382,0 33.34823085151977,35.1588701208676,0 33.34820415075922,35.15871213102925,0 33.34819117475868,35.15848800126352,0 33.34816333232667,35.15829772207405,0 33.34795617717572,35.15808324522896,0 33.34757796856865,35.15773192081989,0 33.34719405322144,35.15752155970615,0 33.34680713267102,35.15735547006454,0 33.34639214127433,35.15715634473916,0 33.3461944914425,35.15704093295088,0 33.34607233581519,35.15693872885728,0 33.34588012201131,35.15674989378189,0 33.34579430158519,35.15662855082142,0 33.34573506620725,35.15655738674411,0 33.34568553456497,35.15648673849466,0 33.34567886873045,35.15647188442674,0 33.345638780321,35.1563775321618,0 33.34556990698314,35.15615726440326,0 33.34551147379388,35.1559413449211,0 33.34544688796507,35.15571140094626,0 33.34537839986702,35.15545451530961,0 33.34530874461694,35.15524443540649,0 33.34524113613737,35.15503838699082,0 33.3451970208619,35.15490867962198,0 33.34517606936551,35.15483636234671,0 33.3451654364946,35.15479093416315,0 33.34514753836395,35.15469520965604,0 33.34511956608255,35.15455768800346,0 33.34511496373488,35.15449003395528,0 33.34511447065364,35.15443200776772,0 33.34511862552495,35.15438642117461,0 33.34512920124087,35.15431255651565,0 33.34513324879138,35.1542888607141,0 33.34513637196135,35.15427056422437,0 33.34515061114364,35.1542091500737,0 33.34516246574874,35.15418161460403,0 33.34519473887317,35.15410831189328,0 33.34522270590912,35.15404271398611,0 33.34527341374256,35.15395187427971,0 33.34535443838961,35.1538175727949,0 33.3454797976106,35.15362352808223,0 33.34556019158247,35.1534811724444,0 33.34573727312725,35.15319788108646,0 33.34588988422659,35.15298255905258,0 33.34595751226951,35.15290078479705,0 33.34602475200382,35.152825055497,0 33.34607515954096,35.15277410053219,0 33.34616161560071,35.1526973391503,0 33.34623834414155,35.15262834402027,0 33.34632901877227,35.15253863447549,0 33.3463638397404,35.15249873814293,0 33.34637870890606,35.15247438759024,0 33.34652901403376,35.15215310817732,0 33.34659642852425,35.15215716185086,0 33.34678625375732,35.15216857216826,0 33.34689249744851,35.15217939221898,0 33.34693960382612,35.15219333540815,0 33.34702613635615,35.15223340451224,0 33.34707010971906,35.15226551982845,0 33.34714931378223,35.15233751578046,0 33.34736187308554,35.15255826242184,0 33.3474566414781,35.15267281730094,0 33.34750972870273,35.15277376514049,0 33.34753925886637,35.15293073941574,0 33.34758726727904,35.15310839646857,0 33.34769852834278,35.15341700941266,0 33.34777960341002,35.15362395169507,0 33.34790368034331,35.15382907311368,0 33.34798708151429,35.15391912589527,0 33.34807036910482,35.1539819512718,0 33.34835197879055,35.15414410235367,0 33.34870338254905,35.15433946950765,0 33.34916191535417,35.15458523517782,0 33.34927932686649,35.1546238173886,0 33.34939650550065,35.15463819578204,0 33.34950229738542,35.15463108059136,0 33.34963109727925,35.1546014189201,0 33.34972476325152,35.15459093754612,0 33.34979170660602,35.15460390653428,0 33.34982829194717,35.15463921598564,0 33.34985102611841,35.15468321074184,0 33.34987938064619,35.15476971097238,0 33.34989687395485,35.15485187347855,0 33.34991488964941,35.15495119080447,0 33.34994271978447,35.15502053529706,0 33.35149011009182,35.15618322562912,0 33.35149746229117,35.1561785359543,0 33.35157200442499,35.15613100073521,0 33.35365145754689,35.15480487973254,0 33.3541265580965,35.15581969331573,0 33.35608705891696,35.15513738880079,0 33.35614648290347,35.15524497008522,0 33.35645330697607,35.15605447953696,0 33.35669106387674,35.1559317060762,0 33.35684977943639,35.15584974865474,0 33.3571648679446,35.15571333095718,0 33.35718730380074,35.15568056837469,0 33.3572103814525,35.15567838024827,0 33.35731742261942,35.15569276643446,0 33.35738955651855,35.15571056723705,0 33.35750509138052,35.15577152421567,0 33.35776564622822,35.15592769948297,0 33.35778453972389,35.1559392329773,0 33.35785011934158,35.15597033226634,0 33.35788276638776,35.15598084710518,0 33.35798072008738,35.15601199040905,0 33.35801946899463,35.15602761974708,0 33.35820499599907,35.15610245086251,0 33.35855548173125,35.15625867579671,0 33.35859446788803,35.15627129177269,0 33.35874869187288,35.15631005688374,0 33.36052041443074,35.15649225551203,0 33.36084712139823,35.1565188909649,0 33.36099121150801,35.15652650672089,0 33.36106931919973,35.15652153712593,0 33.36148548477803,35.15644186278782,0 33.3617293519339,35.15639123983289,0 33.36192072711059,35.15633186197275,0 33.36354110758317,35.15602120053522,0 33.36364438035692,35.15640265096247,0 33.36374253253486,35.15655151075362,0 33.36384825836055,35.156732667361,0 33.36385810768004,35.1567560119477,0 33.36420467338335,35.158021689641,0 33.36443635492894,35.15844140513403,0 33.3650188219569,35.15822368567636,0 33.36470268053578,35.15774884995167,0 33.36618851960355,35.15720030492976,0 33.36633657942124,35.157139429399,0 33.3665589559055,35.15706625734156,0 33.36740178683129,35.1570477479133,0 33.36743702618809,35.15676444781689,0 33.36907021660645,35.15673053634837,0 33.36910076190609,35.15727966619063,0 33.370557180085,35.15725334090996,0 33.37058659318067,35.15725481036656,0 33.37075205605831,35.15726717251302,0 33.37094058796858,35.15728122423749,0 33.37176320511053,35.15725725593349,0 33.37212968952038,35.15723977137828,0 33.37357902055044,35.15696462852932,0 33.3735996741519,35.15691839613188,0 33.37389770088141,35.15635905068293,0 33.3740396206557,35.15610356560531,0 33.37411896191824,35.15595715530338,0 33.37421697724041,35.1558357605667,0 33.37441562787549,35.15560803864175,0 33.37454162126114,35.155465320231,0 33.37464959603723,35.15535692766951,0 33.3747479132686,35.1552626852872,0 33.37476842011473,35.1552313577571,0 33.37482187047885,35.15507305378698,0 33.37484396218908,35.15496325551037,0 33.37475201095166,35.15463498652764,0 33.37471805330796,35.15444813880402,0 33.37472013079136,35.15430328214605,0 33.37474268126764,35.15412408197921,0 33.37478196866413,35.15390553536578,0 33.37484756776161,35.15370724468911,0 33.37488104380529,35.15343976645717,0 33.37488130744863,35.15334961135444,0 33.3748206692086,35.15307948842079,0 33.3748213432827,35.15292038585823,0 33.37479024756184,35.15278477646976,0 33.37477458471826,35.15273281601273,0 33.37472631149133,35.15253153514332,0 33.37456685095958,35.1519261655963,0 33.37446327609909,35.15149412975074,0 33.37441979349241,35.15124867707629,0 33.37439804378272,35.15105640737126,0 33.37436215239396,35.15059755922552,0 33.37432370545054,35.15014064251385,0 33.37423658193526,35.14896185438452,0 33.37423639939178,35.14895937790293,0 33.37422348533585,35.1487160345558,0 33.37421770213916,35.14843061889286,0 33.37421589351826,35.14797704749162,0 33.37420248092165,35.14709274926129,0 33.3741858752833,35.14668703819918,0 33.37416620395408,35.14647873950487,0 33.37413220950832,35.14626287630892,0 33.37409336545923,35.14599947652513,0 33.37401657431968,35.14566832475253,0 33.3739217306718,35.14525931431704,0 33.37381647941717,35.14464638783128,0 33.3738028155261,35.14448053542559,0 33.37383478191636,35.14418027691324,0 33.37388649849503,35.14396218676374,0 33.3740487191202,35.1432757305542,0 33.37427900095192,35.14235834054352,0 33.37446932985221,35.14159160009945,0 33.37463868127409,35.14108493940925,0 33.3746867881601,35.14090713906117,0 33.37475706854419,35.14055608673806,0 33.37479240952091,35.14030937768118,0 33.37481344938555,35.14006645094624,0 33.37481501165623,35.14004841810167,0 33.37483099989348,35.13986381317822,0 33.37488310419808,35.13933267922217,0 33.37492740532553,35.13899051196221,0 33.37500184451512,35.13841555838832,0 33.37507717608812,35.13783370443567,0 33.37518452952013,35.1371906173324,0 33.37521585049421,35.13683865575228,0 33.37518706593808,35.13668200113298,0 33.37504793489418,35.13631154667883,0 33.37495024404636,35.13606759718454,0 33.37477513531805,35.13563138378013,0 33.37465353858154,35.13533789481,0 33.37456444638966,35.13489847742837,0 33.37447564349265,35.13443695398421,0 33.37438536975954,35.13399667200075,0 33.37428636352078,35.13366828262593,0 33.37412284328203,35.13310260182596,0 33.3740205849933,35.13274307067509,0 33.37400741091473,35.13252029022488,0 33.37402937268174,35.13203686465816,0 33.3740611290462,35.13155459326234,0 33.37447074852853,35.13145894523217,0 33.37498134672791,35.13133482904736,0 33.37562280347033,35.13116286804122,0 33.37586167070911,35.13109883285261,0 33.37585588895414,35.13106053038447,0 33.37731572819974,35.13074325026478,0 33.37688628536274,35.12984607524692,0 33.37693609699674,35.12962183899318,0 33.37753312502944,35.12946569405251,0 33.37730814807399,35.12736239464857,0 33.37868825557219,35.12600937784146,0 33.37907300221769,35.125214973287,0 33.3792443811956,35.12497224199206,0 33.37961624384231,35.12452520174072,0 33.37979178152496,35.12436809349943,0 33.38035146923649,35.12390811758078,0 33.3804650865608,35.12381474253365,0 33.38171189060913,35.12292576295735,0 33.38134468334619,35.12259957702437,0 33.38123994115159,35.12255003639272,0 33.38134421774508,35.12242811451201,0 33.38218103880574,35.1219874925538,0 33.38300214035831,35.12181407593225,0 33.38292594474938,35.12234566399707,0 33.38288276570459,35.12235927367005,0 33.38312670855013,35.12267901739724,0 33.38328978870867,35.12283409296884,0 33.38344912285719,35.12314040942207,0 33.38352580690783,35.12342163073361,0 33.38377424581115,35.12390622901953,0 33.38385786553655,35.12406933535547,0 33.38397040686133,35.12417180459817,0 33.38405670512626,35.12422383777874,0 33.38422221618659,35.124278041891,0 33.38442257628485,35.12432017995054,0 33.38479084563786,35.12439041238654,0 33.38492390275058,35.12443057735827,0 33.38519718553297,35.12443155614659,0 33.38553287930024,35.1244071758711,0 33.38556424315896,35.12390520398034,0 33.38556483476266,35.12389571123001,0 33.38574545540683,35.12382764221272,0 33.38581700053712,35.12379273663773,0 33.38592597226821,35.12361598522137,0 33.38611460243705,35.12349125321822,0 33.38630575279286,35.1234421820389,0 33.38663698117955,35.12338667849887,0 33.38686754570336,35.12338527036891,0 33.38727869695314,35.12332536440632,0 33.38768217712942,35.12314426185672,0 33.38943188822267,35.12390289619717,0 33.38944708746982,35.12390948619166,0 33.39039119217853,35.1240671988655,0 33.39101580464989,35.12414379588044,0 33.39123313125143,35.12417044494164,0 33.39159104236329,35.12420611774704,0 33.39206656554329,35.12390125410952,0 33.39349836050128,35.12298328991365,0 33.39426601487948,35.12248273530725,0 33.39441317560289,35.12238265696907,0 33.39449210482717,35.12233728761772,0 33.39491394118547,35.12213833464571,0 33.39543415689506,35.12189952648376,0 33.39557491936917,35.12184059680413,0 33.39573146408181,35.12178609720979,0 33.39601025099448,35.12167622605981,0 33.39618470203231,35.1216020158995,0 33.39635774526319,35.12153280746784,0 33.39645982619016,35.12149204391412,0 33.39663681111639,35.12141587688468,0 33.39648947998403,35.12118733863461,0 33.39687506707655,35.12100957850683,0 33.39709384244436,35.12093143240519,0 33.39720798256199,35.120921849697,0 33.39765472514849,35.12086867595428,0 33.39773185044825,35.12086047974916,0 33.39815419590258,35.12080834962073,0 33.39862077326141,35.12081047672418,0 33.39876280402779,35.12080014280419,0 33.39914484948514,35.12078431508462,0 33.39917582823928,35.12141427362696,0 33.39918954747978,35.12151187287201,0 33.39920229858173,35.12171213152306,0 33.39920326862773,35.1220976049681,0 33.39919856152426,35.12265923290598,0 33.39921007496358,35.12285447478314,0 33.39923380135499,35.12303459596691,0 33.39927097488093,35.12320563628778,0 33.39934123147545,35.12338165331028,0 33.39942252472049,35.12356268086783,0 33.3996291381502,35.12389622081909,0 33.40099093010017,35.12496852276666,0 33.40280735618533,35.12482170083949,0 33.40351080941105,35.12476754752138,0 33.4039574689618,35.12473749248925,0 33.4041473136143,35.12473154135523,0 33.40439104747426,35.12472375246316,0 33.40457623546756,35.1247279443446,0 33.40472310361149,35.12471862749698,0 33.40522738876852,35.12468767676827,0 33.40535235318215,35.12468474129795,0 33.40539637030552,35.12468003299009,0 33.40559939787903,35.12466078127719,0 33.40581350687523,35.12464337425005,0 33.40641936958536,35.12465516633459,0 33.40659220701525,35.12465451095062,0 33.40722284777654,35.12472735887671,0 33.40762349513001,35.12476850872552,0 33.40822636804643,35.12521850741692,0 33.40845517908849,35.12540534706975,0 33.40859991165383,35.12551088930559,0 33.40864424894482,35.12551926979322,0 33.40934241795278,35.12564447213199,0 33.40961014199451,35.12566249799275,0 33.41045388853048,35.1258223682262,0 33.41064153406359,35.12584522855867,0 33.41086875489017,35.12589115652365,0 33.41191850551239,35.12607249611235,0 33.41217654734194,35.12612372257231,0 33.41223338906249,35.12614482486492,0 33.41247471193948,35.12623441169696,0 33.41401913212365,35.12681372718783,0 33.41463173818236,35.12639723278427,0 33.41484880883223,35.12636685553852,0 33.4150831637393,35.12634009011983,0 33.4158251053817,35.12618334605414,0 33.41637743376788,35.12607142936037,0 33.41707209842246,35.1259319405553,0 33.41748517878571,35.12658052054952,0 33.41826180127555,35.125761457556,0 33.41832452734209,35.12586969225563,0 33.4185969032469,35.12571114008583,0 33.41911646091692,35.12588291299959,0 33.41947250609942,35.12593779622021,0 33.41952674414762,35.12598079011525,0 33.41969635246061,35.12599584854709,0 33.42005117956704,35.12595008384223,0 33.41996501616253,35.12550014881094,0 33.42019036467784,35.12522899252351,0 33.42017449045587,35.12502805312486,0 33.42011777231536,35.12505155816311,0 33.41995469045902,35.12474342405671,0 33.42020477664755,35.12458041325029,0 33.42030312037489,35.12465757474511,0 33.42102164438636,35.12437566016196,0 33.42109691362995,35.12469392142118,0 33.42138867365409,35.12493654895437,0 33.42226061830377,35.12533737722353,0 33.42232236625593,35.12521712521422,0 33.4230484100009,35.12531243221999,0 33.42344702854995,35.12422397939235,0 33.42369294149495,35.12427623058124,0 33.42438874854855,35.1244127022215,0 33.42427610006869,35.12474428847366,0 33.4245326588688,35.12478878739238,0 33.42454856886931,35.12473133765869,0 33.42502734059705,35.12482535786278,0 33.42548769543209,35.12489718974,0 33.42580325380955,35.12501430301748,0 33.42618877997538,35.12512036977986,0 33.42609948668954,35.12554470630847,0 33.42617560249073,35.12555684828313,0 33.42618060023906,35.12567378116007,0 33.42621994162131,35.12575646082553,0 33.42633536922896,35.12580995322642,0 33.42637478004597,35.1259873842401,0 33.42636884176706,35.12625550335029,0 33.42669444253516,35.12667702701351,0 33.42663682498866,35.12678080798873,0 33.42702122643393,35.12703807062618,0 33.42716966370105,35.12689907259794,0 33.42795076941378,35.12741461975087,0 33.42786982288149,35.12752644483474,0 33.42796563729388,35.12761721830918,0 33.42811793058952,35.12771911471118,0 33.42819891474281,35.12765768663282,0 33.42823699158292,35.12768895689562,0 33.42818547218789,35.12775141126478,0 33.42830826552422,35.12779684785984,0 33.42810710771158,35.12805472719426,0 33.42917793291564,35.12853519037979,0 33.43000933449888,35.12890866642233,0 33.43078283624337,35.12888602031143,0 33.43114882616964,35.12904350145344,0 33.43128263431067,35.12898815895486,0 33.43179114870592,35.12928382031672,0 33.4321362820379,35.12944229849372,0 33.43266444747224,35.12971278028761,0 33.43288676573022,35.12980969278247,0 33.4332590167725,35.1301475909729,0 33.43334066486028,35.13012726906278,0 33.43349723178468,35.13008829870866,0 33.43367901245705,35.13014285371972,0 33.43384344688942,35.12985471414667,0 33.43407054749671,35.12962204291534,0 33.43421777973784,35.12928346890123,0 33.43428405481338,35.12917364373804,0 33.43451492533798,35.12910122076226,0 33.43463528886709,35.12909222858931,0 33.43486744919445,35.12914983988453,0 33.43498415576991,35.12920233416101,0 33.43498786374574,35.12925979411418,0 33.43515983283612,35.12929216532402,0 33.43517844816125,35.12977500815916,0 33.43508637770885,35.12989791467321,0 33.43536531955642,35.13022770688941,0 33.43498123475396,35.1311052907028,0 33.4351715935087,35.13108023620232,0 33.43518510993382,35.13111853321114,0 33.43519790159847,35.1311686781136,0 33.43545163746212,35.1311182690639,0 33.43575007694952,35.13105748230101,0 33.43580536677529,35.13111791794955,0 33.4358982891841,35.13120836193242,0 33.43647654825567,35.13123390596443,0 33.43656568516288,35.13111715924,0 33.43669950696984,35.13092715154275,0 33.43694385494884,35.13103315972349,0 33.43710722933782,35.13111661530392,0 33.43723277856276,35.13116607202667,0 33.43768032447604,35.13154753789683,0 33.43791979029545,35.13150981013389,0 33.43810185115167,35.13158727013646,0 33.43821534156333,35.13155657100999,0 33.43856367265514,35.13133448798528,0 33.43860452946143,35.13133679374231,0 33.43877112676981,35.13141293226472,0 33.43885505864016,35.13147042881184,0 33.43887708536485,35.13148551780046,0 33.43915725861273,35.13167744475319,0 33.43896862305522,35.13196943067721,0 33.43887997419819,35.13202390960848,0 33.43885810041161,35.13203735206316,0 33.43840667923092,35.13231476989902,0 33.43853527021233,35.13266951729909,0 33.43828041412934,35.13329913996312,0 33.438502259,35.13344796073836,0 33.43879521447805,35.1334606909147,0 33.43886571118267,35.13345577271366,0 33.43888764926958,35.13345424291791,0 33.43918891969488,35.13343322609606,0 33.43929939835059,35.13338235364125,0 33.4393842300026,35.1334434926924,0 33.43949819702897,35.13345658781992,0 33.43960252006188,35.13350434867551,0 33.43964472819175,35.13366434804978,0 33.43972200549221,35.13380993479563,0 33.43971878731652,35.13388709992331,0 33.4398794648973,35.13393249900374,0 33.44027021895173,35.13391741127782,0 33.44045122178968,35.13378844123978,0 33.44058330289018,35.13364241404028,0 33.44063555801588,35.13361658556719,0 33.44076124053631,35.13363347326328,0 33.44082775341982,35.13369335105845,0 33.44088038105322,35.13377612438677,0 33.4409052301822,35.13389610033761,0 33.44096143981918,35.1340017254827,0 33.44105615079163,35.13414442474386,0 33.44108454136759,35.13427867583565,0 33.44128057459618,35.13445545666703,0 33.44137849551579,35.13451812679278,0 33.44128871531332,35.13478979012934,0 33.44134342214624,35.13493840104978,0 33.4411780310309,35.13498512241686,0 33.44113482289777,35.13508511232853,0 33.44111785020192,35.13521715331876,0 33.44096138518038,35.13532092748717,0 33.44101000406298,35.13552061772719,0 33.44117991669857,35.13552384556449,0 33.44119763703754,35.13560585972111,0 33.44109354150815,35.13573807271591,0 33.44135212469873,35.13617991814587,0 33.44151759814384,35.13615818120989,0 33.44178981419363,35.13601923460381,0 33.44181273091613,35.13614795822399,0 33.44196663233823,35.1362464670751,0 33.44177984005731,35.13645316190262,0 33.44182918664451,35.13649335925372,0 33.44187486383337,35.13656766085824,0 33.44203763028072,35.1365673322836,0 33.44204181634692,35.13668200375762,0 33.44206111457877,35.13678735102391,0 33.44197790888506,35.13680920694662,0 33.44198194596531,35.13688048834068,0 33.44193274800854,35.13688369014898,0 33.44181582600118,35.13700479931043,0 33.44187765854678,35.13737040554798,0 33.44201773392044,35.13737632349186,0 33.44217274557836,35.13732332365488,0 33.4422105581929,35.13751474457084,0 33.44230113250487,35.13762974074812,0 33.44234469065095,35.1377123409541,0 33.4424212465595,35.13794547770032,0 33.44260161577367,35.13795692936896,0 33.44294280800265,35.13753985869057,0 33.44322436649699,35.1376072138437,0 33.44355960219564,35.13755043141422,0 33.44374699224232,35.13750280507714,0 33.44388018187659,35.13742575613471,0 33.44440106399066,35.1360732097272,0 33.44495778763623,35.1358570442202,0 33.44522961122251,35.13585648667374,0 33.44542354183879,35.13598435314191,0 33.44554841685405,35.13612367667777,0 33.44564134634798,35.13635737949802,0 33.44573456818595,35.1366778380541,0 33.44584256456898,35.13727739621586,0 33.44605485154918,35.13757495443092,0 33.44622689718305,35.1377082499063,0 33.44632294771247,35.13764294684722,0 33.44640625760722,35.13752626497261,0 33.44656098748844,35.13748483452471,0 33.44669062868682,35.13745372993255,0 33.44706732113386,35.13745296283668,0 33.4473478800526,35.13749008820329,0 33.44828875772356,35.13751437717213,0 33.44904389121033,35.13755402920302,0 33.44940048936365,35.13745589808534,0 33.45019616291434,35.13737313957335,0 33.45054247800316,35.13733711808158,0 33.45072701944758,35.13805562131048,0 33.45119993860344,35.13802959041679,0 33.45122292767002,35.13835397563508,0 33.45122421043572,35.13837207092924,0 33.45126059962504,35.13850623650998,0 33.45156799701612,35.13848336055609,0 33.45174400314594,35.1384844271548,0 33.4524043541625,35.13835264200618,0 33.45262994761332,35.13830762211055,0 33.45265185535929,35.13835236319346,0 33.45270446777369,35.13845980799112,0 33.45310207615977,35.13835185070706,0 33.45346079036263,35.13825445421725,0 33.45337803036019,35.13808090404834,0 33.45325298471403,35.13783276806293,0 33.45259882395563,35.13786961840578,0 33.45248267259658,35.13739918076755,0 33.45216482255226,35.13735286705534,0 33.45209684926331,35.13723451109259,0 33.45215370277059,35.13704016037369,0 33.45210961972207,35.13692467636636,0 33.45183743753142,35.13693105479835,0 33.45173007944625,35.13669587822839,0 33.45240425759602,35.13655380888351,0 33.45263743860301,35.13646383767507,0 33.45294495713078,35.13632085370663,0 33.45311861933728,35.13625540750905,0 33.45348602858704,35.13617729359551,0 33.45361591728686,35.13616713458109,0 33.45413579160176,35.13605545855016,0 33.45456510614548,35.13600421171176,0 33.45492355533129,35.13596075516456,0 33.45539149494164,35.13587310617095,0 33.45587941047395,35.13574012283426,0 33.45630208953228,35.13566082617487,0 33.45671461167402,35.13555684457648,0 33.45706706309038,35.1355353497388,0 33.45731371991275,35.13550589628102,0 33.45786689536634,35.13539092280475,0 33.45834359651126,35.13521999422677,0 33.4587306939926,35.13512282545864,0 33.45915935587798,35.13503686191187,0 33.45985816389396,35.13499543775276,0 33.4601209276935,35.13494383682281,0 33.46055002101649,35.13493706175502,0 33.46146186823538,35.13486080521911,0 33.46163725623173,35.1348464621517,0 33.4620619997913,35.1348869721188,0 33.46225995915409,35.13485406613637,0 33.46283211548789,35.13493582598226,0 33.46343463901594,35.13494651075953,0 33.46371628828906,35.13495150431461,0 33.46396193562699,35.1349858538616,0 33.46418490584339,35.13498233821535,0 33.46455942713422,35.13493040683205,0 33.46488615790209,35.13493285777802,0 33.46512849662344,35.13495858766756,0 33.46515601219328,35.13509695028686,0 33.46519228768741,35.13528415756664,0 33.46526168420996,35.13561165471469,0 33.46529646826665,35.13573586537976,0 33.46511380457182,35.1357867726152,0 33.46495223830622,35.13583382899026,0 33.46467717140966,35.13591102235716,0 33.46439959663785,35.13602144482238,0 33.46444074540883,35.13622978041882,0 33.46428075023233,35.13625556320359,0 33.4643633630495,35.13645298718752,0 33.46450449122419,35.13677216305868,0 33.464567374091,35.13676129634158,0 33.46463914316982,35.13694360648769,0 33.46474510384301,35.13694909622377,0 33.46474986285084,35.13737406797854,0 33.46475621372814,35.13753599680751,0 33.4647806650045,35.13784140014964,0 33.46495356530912,35.13781271156059,0 33.46522944606606,35.13777508038017,0 33.46554284596185,35.13773879265375,0 33.46588564490487,35.13769442454995,0 33.46593863633787,35.13785694558241,0 33.46599167885486,35.13802974141846,0 33.46611179548848,35.13833634498166,0 33.46616106346201,35.13846209780066,0 33.46626838360557,35.13879070663902,0 33.4662820437258,35.13885353915508,0 33.46633207824855,35.13902432274559,0 33.46648767137059,35.13963716431365,0 33.46663386913614,35.13959737084245,0 33.46682931383752,35.13958171529938,0 33.46834296901061,35.13915982243574,0 33.46839666913363,35.13933507993804,0 33.46840764689573,35.13939274043825,0 33.46835433476628,35.13972300472803,0 33.46835142259252,35.13974104392292,0 33.46834370556617,35.13978885139348,0 33.46837229626276,35.14010101634916,0 33.46848871478267,35.14054608986326,0 33.46830015832195,35.1405958375379,0 33.46812870870535,35.14063185636433,0 33.46817222098935,35.14089882443376,0 33.46822551292108,35.14232104959741,0 33.46771586758096,35.14235477214864,0 33.46766502331099,35.14241453267095,0 33.46754920291213,35.14253105785081,0 33.46732805848052,35.14270205762096,0 33.46724598918085,35.14284330835305,0 33.46720936102586,35.14287774321295,0 33.46712537225541,35.14291915807086,0 33.46707811714444,35.14293672636044,0 33.4676846426745,35.14308720977791,0 33.46798168225264,35.14302639505311,0 33.46816866493285,35.14300685253728,0 33.46820255031206,35.14308891816197,0 33.46849557702176,35.14306939353042,0 33.4687251922435,35.14303954551472,0 33.46874322134261,35.14342487143579,0 33.46878607206927,35.14354329879253,0 33.4688293424527,35.14366503623805,0 33.46886324147779,35.14376079833049,0 33.46893357386246,35.14397321154817,0 33.46898799448467,35.14413285996976,0 33.46913862378771,35.14439580821414,0 33.46929107377245,35.14466357077331,0 33.46932544197673,35.1447175926499,0 33.46868244194261,35.14515627418219,0 33.4687045852307,35.1451858805239,0 33.46884404146251,35.14542984653397,0 33.46964972607142,35.14498954851085,0 33.46993519583972,35.14516589870868,0 33.46997550277469,35.14518918138864,0 33.47009255883044,35.14524857011748,0 33.4706224003154,35.1451244644325,0 33.47122687121131,35.14512093624074,0 33.47116513311801,35.14492295120135,0 33.4712186147882,35.14490150364087,0 33.47124206220141,35.14476673035832,0 33.47121132315353,35.14468018696836,0 33.47159233467266,35.14454548200246,0 33.4716302731056,35.14464078228227,0 33.47173202411361,35.14474374389601,0 33.47178004587947,35.14476660113075,0 33.47184923349895,35.14480087954662,0 33.47201155983694,35.14486733195018,0 33.4720802066311,35.14487614699932,0 33.47216205567451,35.14487818615282,0 33.47231856968517,35.14490346428676,0 33.47258307370056,35.14489972431636,0 33.47252919200665,35.14477785206565,0 33.47266259701089,35.14471245920067,0 33.47292686567447,35.14510352094325,0 33.47311828421215,35.14527605176813,0 33.47321082826048,35.14524590467309,0 33.4734232446568,35.14555810272431,0 33.47342406424855,35.14557929584686,0 33.47344285308639,35.14606571209628,0 33.47343980216009,35.14618091158579,0 33.47328188485726,35.14643747351343,0 33.47306884873387,35.14685424366677,0 33.47297283091149,35.1470600997581,0 33.47292699161661,35.14711202599902,0 33.47276128807162,35.14746540316775,0 33.47285255338956,35.14749567197075,0 33.47278964397162,35.1476684490798,0 33.47269867988509,35.14777058145278,0 33.47256765917246,35.14806967528838,0 33.47252291807155,35.14807345805777,0 33.47233126672698,35.14818653719569,0 33.47229946660229,35.14856751879331,0 33.47243522847196,35.14862323391552,0 33.47228982046003,35.14888842794591,0 33.47214670314239,35.1488773811339,0 33.47201157519222,35.14899819521553,0 33.47191874318138,35.14907280024152,0 33.47191355983465,35.14919255819406,0 33.47164673538238,35.15045376131811,0 33.47149414143083,35.15057505112257,0 33.47127161439609,35.1508742110515,0 33.47120019835089,35.15097814744637,0 33.47109067400382,35.15121312356235,0 33.47204314667545,35.15142659335329,0 33.47194962554999,35.1517533356927,0 33.47176851541904,35.15228134176289,0 33.4718409259887,35.15281802887985,0 33.47184665387677,35.15283379720974,0 33.4718777479217,35.15291938164377,0 33.47222341482828,35.15283330831912,0 33.47231246772349,35.15281113303251,0 33.47224505698341,35.15259762187748,0 33.4726215201256,35.15253652312065,0 33.47271136341182,35.15283267476565,0 33.47276059060491,35.15299493388078,0 33.4725775156972,35.15305591172652,0 33.47319591292425,35.15392464933271,0 33.47371928970665,35.1537467763141,0 33.47402187072495,35.1543158863549,0 33.4736628079762,35.15450262723456,0 33.4735185306404,35.15460849299701,0 33.47330284586506,35.15471799615111,0 33.4732399987376,35.15479046948545,0 33.47314685660578,35.15480201415088,0 33.47307783027878,35.15485897239079,0 33.47292844520381,35.15490518777899,0 33.47220707733752,35.15561726454776,0 33.47218836300098,35.15576962086646,0 33.47218378432655,35.15581716743694,0 33.47222596062488,35.15605124121635,0 33.47231103013807,35.15634401783397,0 33.47343479251537,35.15579351938786,0 33.47387497162958,35.15561071113889,0 33.47402997615695,35.15556682253539,0 33.47457511961447,35.15539086627236,0 33.47462534440545,35.15549834109403,0 33.47465298674542,35.1555426354928,0 33.47467655593008,35.15556970757673,0 33.47478310873947,35.15563563540746,0 33.47481861285483,35.15565817986209,0 33.47491835261901,35.15570056190861,0 33.47497772452755,35.15571578537723,0 33.47516816032053,35.15570763371126,0 33.4752311798409,35.1558776851658,0 33.47513073890853,35.15592129013171,0 33.47500128356019,35.15600487383256,0 33.47496394871416,35.1560344840728,0 33.47493985468525,35.15607219100274,0 33.47495284730599,35.15610952810299,0 33.47498681631544,35.1561498450044,0 33.47513494869111,35.15626760823044,0 33.47514816231818,35.15627799906339,0 33.47480284896304,35.15650584522144,0 33.47441770717739,35.15677338240869,0 33.47431401484941,35.15687542599762,0 33.47428012305944,35.15691308461599,0 33.47427434432365,35.15693482993564,0 33.47427851301541,35.15702543167505,0 33.47426504554763,35.1570471403886,0 33.47423551322764,35.15706418326925,0 33.47404908512545,35.1570998400679,0 33.47402383396032,35.15710772781212,0 33.47401244213006,35.15713117437721,0 33.47402458162257,35.15718742165182,0 33.47416369382395,35.15746507096236,0 33.47421451972033,35.15749745382841,0 33.47427249006738,35.15785836053482,0 33.47425483459092,35.15796431370072,0 33.47425391100531,35.15799240295119,0 33.47426340113387,35.15803085893291,0 33.47435591619469,35.15818616749244,0 33.47438921600669,35.15822303843206,0 33.47448990404225,35.15831934568737,0 33.4744594661608,35.15844930167601,0 33.4743603023946,35.15851008336894,0 33.47431166138276,35.15855394904518,0 33.4742127109058,35.15858835499557,0 33.47417619590016,35.15860477618686,0 33.47414945317391,35.15862296822053,0 33.47414457907782,35.15870606336609,0 33.47413799754558,35.15874156618514,0 33.47410762585108,35.1587763607636,0 33.47404212099019,35.15882929905015,0 33.47400882385246,35.1588801300309,0 33.47398007225641,35.15897512143557,0 33.47396970464844,35.15904500109252,0 33.47391891972884,35.15909515230351,0 33.47385916075881,35.15913092169919,0 33.47382664103688,35.15917143674039,0 33.47375382553579,35.15935043635019,0 33.47372617933699,35.15939384110415,0 33.47367129377294,35.15943307613942,0 33.47361358402957,35.15947458649147,0 33.4735986073641,35.15950832651939,0 33.47369473833328,35.16008374301972,0 33.47369613576145,35.16009210158843,0 33.47367738466179,35.16010753555292,0 33.47361912457445,35.16015548941625,0 33.47359124392642,35.16015982954855,0 33.47355876420461,35.16015412268887,0 33.4734475941231,35.16011904767249,0 33.47330665071684,35.16009732313577,0 33.47329392067327,35.1600842666023,0 33.47324270132305,35.16003173605075,0 33.47323553544793,35.15997420283798,0 33.47315286442558,35.15991433786567,0 33.47311694684588,35.15988147900817,0 33.47311590700271,35.15987875545125,0 33.47316248244044,35.15976472571948,0 33.47309123976771,35.15975846792979,0 33.47303692704372,35.15976099748721,0 33.47294807222956,35.16000013712456,0 33.47293837656743,35.16008463737368,0 33.47291622865156,35.160277650038,0 33.47291950491747,35.16033963961776,0 33.47296896658026,35.16044804014,0 33.47299254548395,35.16056935680623,0 33.47303713896145,35.16064923907881,0 33.47312736344062,35.16070494083093,0 33.47315694686167,35.16073284782317,0 33.47320662792525,35.16084473126871,0 33.47327535804277,35.1608578196466,0 33.47326566467848,35.16087786664929,0 33.47319862186961,35.16087411191665,0 33.47310236419712,35.16090648551782,0 33.47307285400601,35.16094374538243,0 33.47306672830423,35.16101581048432,0 33.47307718650019,35.1611291721761,0 33.47313653795675,35.16121700475522,0 33.47310770263507,35.16131983747352,0 33.47317077550067,35.16148636969279,0 33.47331393852116,35.16156835107115,0 33.47332312827486,35.16174575358226,0 33.47326180143268,35.16188339167621,0 33.47313230840702,35.16210666243813,0 33.47301526911983,35.16231239649831,0 33.47295084913288,35.16248072813204,0 33.47284207930884,35.16261186647079,0 33.47271203938003,35.16280816650634,0 33.4726185094941,35.1630313008728,0 33.47254623592278,35.16325568901722,0 33.47239784369557,35.16362969064915,0 33.47228330622008,35.16389558581594,0 33.4722231985436,35.1640037358265,0 33.47222525266169,35.16407710212928,0 33.47240882610495,35.16444864017745,0 33.47226849925542,35.16448336001657,0 33.47196526331852,35.16462453442159,0 33.47146672542127,35.16491449146515,0 33.47127973420846,35.16500959129766,0 33.47037740733994,35.16529032163377,0 33.46994542905688,35.16538048699816,0 33.4691580576492,35.1654646876371,0 33.46797891993141,35.16559058579851,0 33.46760717698172,35.16565629600832,0 33.46739955226315,35.16564769931964,0 33.46666459304629,35.16574236395051,0 33.46593639609145,35.16581701423108,0 33.46559841967483,35.16587690873023,0 33.46535686889177,35.16593645986408,0 33.46512227526898,35.1660112975756,0 33.46467070536013,35.16621298566402,0 33.46403633116028,35.16645666255628,0 33.46379560351239,35.16653718735662,0 33.46362082073308,35.16655247698388,0 33.46349211079848,35.16656836619316,0 33.46260403978681,35.16667799168914,0 33.46199391756347,35.16675499052311,0 33.46200238367717,35.16680711285024,0 33.462062892278,35.16691205032743,0 33.46237431435345,35.1670485985868,0 33.46250927397898,35.16704114267177,0 33.46268101089233,35.16710474990006,0 33.46277499663356,35.16718143748335,0 33.46282514021421,35.16734981725589,0 33.4629344763333,35.16771695694806,0 33.46315174514633,35.16806690267566,0 33.46318100296981,35.16822819514545,0 33.46319463028025,35.16846690401254,0 33.46331798209665,35.16871230074282,0 33.46345710161775,35.16884106888352,0 33.4634962888687,35.16887034131948,0 33.46353809617683,35.16890034105629,0 33.46355222246302,35.16892830679912,0 33.46353842628601,35.16907476291868,0 33.46358280583853,35.16915371825803,0 33.46359904503743,35.16923597941796,0 33.46362935944553,35.16931823177547,0 33.46365555051011,35.16934783332729,0 33.46368773126036,35.169356039923,0 33.4637440474497,35.16936916856531,0 33.46380225787421,35.16931976932408,0 33.46387257757877,35.16929669032687,0 33.4639571086639,35.16934764323651,0 33.46402811917226,35.16942452325961,0 33.46433227322098,35.169748451403,0 33.46446323349065,35.16990795286583,0 33.46463445965515,35.17010525919176,0 33.46468765755358,35.17014284872577,0 33.46501372096943,35.17038280475299,0 33.4650942918819,35.17047651699244,0 33.46532024025046,35.17076988723875,0 33.46545919816935,35.170924409119,0 33.46559829351769,35.17113683756038,0 33.46585865077507,35.17146005030136,0 33.46620076464409,35.17173115833942,0 33.46661572914097,35.17201320531998,0 33.46669223454737,35.17209701409915,0 33.46669837082774,35.17215786057623,0 33.4666542600369,35.17221052669884,0 33.46672880734155,35.17232393750454,0 33.46679734872727,35.17249782057026,0 33.46684768932599,35.17255862377948,0 33.46689420337962,35.17272796572832,0 33.4668883643837,35.17283321855751,0 33.46685242733551,35.17296152240888,0 33.46676422566773,35.17307507355537,0 33.46676638460789,35.17315893796992,0 33.46678926058328,35.17319162263318,0 33.46697418796455,35.17323749110868,0 33.46707886315063,35.17335085222885,0 33.46722388227109,35.17355625653497,0 33.46727433224029,35.17368281838228,0 33.46733764921284,35.17393399127214,0 33.46740829264391,35.17412136326871,0 33.46752313099252,35.17430703859216,0 33.46763571907142,35.17435789048547,0 33.46775238421088,35.17444490749813,0 33.46788913043461,35.17452861353866,0 33.46797682408226,35.17459576468723,0 33.46804152539757,35.17464531029238,0 33.46833021874939,35.1749509534093,0 33.46847422105412,35.17512196837153,0 33.46878218386389,35.17536094914154,0 33.46886089531907,35.17540758086277,0 33.46899113803199,35.17546308913645,0 33.46908886201351,35.17553192588964,0 33.46912961681868,35.17558300135349,0 33.46920572636002,35.17570291795157,0 33.46922202644386,35.17572290356306,0 33.46963001961258,35.17600835344349,0 33.46988243960389,35.17618374980194,0 33.4699638269072,35.17621704694623,0 33.47010490892075,35.1762814222061,0 33.47014929927912,35.17631393437257,0 33.47029318998315,35.17644714318438,0 33.47028784633542,35.17650043346302,0 33.47012815606512,35.17668252419813,0 33.47006280339998,35.17681497950451,0 33.47004390162489,35.17686604817395,0 33.47004665247244,35.17689268893906,0 33.47005756662898,35.17693931161845,0 33.47027280046077,35.17754428777905,0 33.47028371840208,35.17759534165715,0 33.47022604088647,35.17782759181068,0 33.47018821479844,35.17791194481931,0 33.47005554529778,35.17801850572194,0 33.4700176141932,35.17803183035476,0 33.46997153675927,35.17803405440212,0 33.46989560784721,35.17801630944167,0 33.46979253054474,35.17797193266525,0 33.4697463941583,35.17793642461695,0 33.46967044874695,35.17790757984629,0 33.46958640948978,35.1779053718717,0 33.46945902007962,35.17791648857002,0 33.46940215295007,35.17795423027568,0 33.46936426288534,35.17799418885493,0 33.46928855771991,35.17811849560153,0 33.46925883290743,35.17817842708776,0 33.46922051182701,35.1782930008531,0 33.46901500907381,35.17861261794004,0 33.46881466790892,35.17894082297556,0 33.46881202589884,35.17898298675917,0 33.4688174971095,35.17901405366232,0 33.46891549414879,35.17927366346538,0 33.46893459194747,35.1793513227939,0 33.46895118850453,35.17946352499609,0 33.46885395659812,35.1798907127756,0 33.46883519668042,35.18002161057928,0 33.46883001447192,35.18016803276051,0 33.46883567629543,35.18030034315235,0 33.46887125104671,35.1805132978708,0 33.46888763433019,35.18058871692482,0 33.46891207782975,35.18062198637986,0 33.46898536929294,35.18069739421351,0 33.46909482199405,35.18078537337119,0 33.46952881956225,35.1810448210753,0 33.46959663775106,35.18109138811483,0 33.46966450399169,35.18116900603966,0 33.46979273304282,35.18137696077039,0 33.46997220255087,35.18179385901762,0 33.46997037352131,35.18184555996919,0 33.46996132051135,35.1821013845283,0 33.46986719487656,35.18240956199239,0 33.46992071942768,35.18250456011467,0 33.47009376120454,35.18263290645451,0 33.47036246744231,35.18291939960531,0 33.47048065302621,35.18307404103387,0 33.47051353351267,35.18311706467077,0 33.47064565424445,35.18320175707881,0 33.47082491816012,35.1832556251235,0 33.47099471997905,35.18326584651455,0 33.47116769970218,35.18333511981319,0 33.47124007933672,35.18343266071495,0 33.47136281625211,35.18362004097894,0 33.47145914571423,35.18369821049794,0 33.47161006403348,35.18369303035778,0 33.47179552004957,35.18360825613669,0 33.47197474298048,35.18362360622011,0 33.47208480862181,35.18365951410888,0 33.4722043319755,35.18374933233277,0 33.47231753571219,35.18378010427108,0 33.47238670660607,35.18378521670867,0 33.4724307148259,35.18376980074509,0 33.47245270481625,35.18373385315591,0 33.47249031849979,35.18351562675954,0 33.47251545007872,35.1834771105592,0 33.47254689085986,35.18347453340945,0 33.47258462519625,35.18348735718777,0 33.47295266200312,35.18385949098355,0 33.47310360291148,35.18392618845552,0 33.4732702401464,35.18394667142218,0 33.4736349713177,35.18404923635106,0 33.47377958999635,35.18405689140214,0 33.47386445839502,35.18402605994902,0 33.47396618764228,35.1839144618933,0 33.47403845138777,35.18381175771874,0 33.47415156499785,35.18365769552361,0 33.47422385202326,35.18360632892451,0 33.4742898679764,35.18359603975658,0 33.47436532118298,35.18360114989908,0 33.4744124893989,35.18363194052573,0 33.47447225636547,35.1837192034525,0 33.47449420713756,35.18381890495991,0 33.47446908607766,35.18389592440594,0 33.47425226998917,35.18414499119239,0 33.4742053029958,35.18460703927711,0 33.47425883923409,35.18484315610297,0 33.47446074423456,35.18514331962106,0 33.47478779869202,35.18551533419188,0 33.47493562768548,35.18576934135032,0 33.47480046876092,35.1857770905174,0 33.47477849097334,35.18584638719253,0 33.47475656281427,35.18604655375829,0 33.47473462239253,35.18624368538243,0 33.47476609849848,35.18635914451136,0 33.47478819607026,35.18661829578571,0 33.47483247691142,35.1872207111296,0 33.47487670332187,35.18784667631268,0 33.47487994487306,35.18811603395707,0 33.47486435067928,35.18839507605929,0 33.47478595250729,35.18909156435873,0 33.47470299356691,35.1898285481976,0 33.47442999348429,35.18971380475562,0 33.47433055337154,35.18970556436065,0 33.47426922121535,35.18962821206215,0 33.47413389126513,35.18951747264366,0 33.47390939400606,35.18943614822541,0 33.47361349037635,35.18933817456101,0 33.4734834850326,35.18934253002606,0 33.47326708747401,35.18949349324816,0 33.47297928336542,35.18963199203495,0 33.47232700548017,35.18980863475468,0 33.47205445189424,35.18992409004434,0 33.47122579992627,35.18985819227691,0 33.47090952875443,35.18977488655116,0 33.47081265820462,35.18977501169018,0 33.4705221482814,35.18983398287322,0 33.4702978372572,35.18984891942723,0 33.4701857335901,35.18988254657155,0 33.46984961051,35.19008597683321,0 33.46974255648867,35.19009448478743,0 33.46941109377109,35.19006769981392,0 33.46924784805538,35.19001977458841,0 33.46905918482901,35.19001164297968,0 33.46876864137761,35.19005386858448,0 33.46843773300031,35.19032216307969,0 33.46837149452677,35.19034526768986,0 33.46825935919026,35.19036215076795,0 33.46815736384966,35.19035181675032,0 33.46794821610168,35.19029557521569,0 33.46777221420705,35.19024347788476,0 33.46693582583551,35.19012733268332,0 33.46550560361307,35.19009563185917,0 33.46480194480398,35.19006929622087,0 33.46469499547571,35.19013639775548,0 33.46468246571261,35.19025360846225,0 33.46442595202989,35.19078339896056,0 33.46408213585841,35.19097007961432,0 33.46402380855899,35.19113966519934,0 33.46396532704395,35.19122344897348,0 33.46387881951902,35.19131773129019,0 33.46370814749355,35.19139118833532,0 33.46360110456206,35.1914080602272,0 33.46353727739819,35.19141126741242,0 33.46340905662765,35.19141770998973,0 33.46322041976552,35.19138606816727,0 33.46301329755725,35.19135596689141,0 33.46280976840453,35.19126818693307,0 33.4626988227258,35.19125769773996,0 33.4626249167126,35.19128510740353,0 33.46254738789529,35.19135198107616,0 33.4623200445615,35.19138564803282,0 33.46220910480631,35.19137971218931,0 33.46197418039668,35.1913101811928,0 33.4617336396238,35.19120119659448,0 33.46157631724897,35.19110425242209,0 33.46144299611203,35.19098906711299,0 33.46140140861154,35.1915112131058,0 33.46145896145852,35.19164622119199,0 33.46134460828061,35.19179813088238,0 33.46112868584398,35.19201694438954,0 33.46118516485204,35.19258450286041,0 33.4612823170109,35.19314897861899,0 33.46137002872842,35.1936041886422,0 33.46141511458081,35.19400177832556,0 33.46145621834227,35.19424152825511,0 33.46148986249829,35.19444486162005,0 33.46150511674219,35.19470285588299,0 33.46108127369417,35.19445294312703,0 33.46081487145867,35.19436220021851,0 33.46026936217078,35.19431276937802,0 33.46000312322417,35.19431308870998,0 33.4597646758873,35.19434524628286,0 33.45906610304652,35.19451909728397,0 33.45862808361313,35.19461523423508,0 33.45817704262323,35.19466433480152,0 33.45795515774736,35.19465397251872,0 33.45754828919393,35.1945891880233,0 33.45741161050991,35.19466978918652,0 33.45706250241789,35.1948614311512,0 33.45680192293932,35.19492699800178,0 33.45677775060879,35.1948481049402,0 33.45648017626742,35.19490460744888,0 33.45587589254077,35.19508288452016,0 33.45548228218198,35.19520172289088,0 33.4553473439229,35.19522009227639,0 33.45533820403735,35.19528081177791,0 33.45531061159583,35.19536431927353,0 33.45528659459502,35.19537345230759,0 33.45524035993677,35.19536743447899,0 33.45501081608954,35.19520378730115,0 33.45500149799445,35.19516130107182,0 33.4549570199554,35.1951006442264,0 33.45491629422708,35.19507033566793,0 33.45455568115496,35.19502673749202,0 33.45430800138674,35.19506800048462,0 33.45406212173425,35.19508194141868,0 33.45367376155517,35.19502926760274,0 33.4533576311763,35.19504783929791,0 33.45316922112357,35.19515277756146,0 33.45299732871687,35.19518484581729,0 33.45287529046132,35.19517891501597,0 33.45224657960539,35.19512954192545,0 33.45169546647373,35.19504517176124,0 33.45127919505136,35.19488476113093,0 33.45033477511799,35.19478983965331,0 33.45029121080585,35.19479003049136,0 33.44987209126683,35.19479187302252,0 33.44954336215312,35.19476512183277,0 33.44868430078844,35.19464947212698,0 33.4483108447202,35.19454141659203,0 33.44821992882698,35.19449677377596,0 33.44803786414802,35.19426241642481,0 33.44795347063693,35.19416624566392,0 33.44767895551235,35.19395774983996,0 33.44759464268282,35.1939103878824,0 33.44750871202736,35.19388336539622,0 33.44742116263367,35.19387532579007,0 33.44728076677494,35.19387276706599,0 33.44697528786711,35.19392191017573,0 33.44631307436547,35.19398770761265,0 33.4460785180468,35.19397440287717,0 33.44530692660554,35.1938098238053,0 33.44507717914903,35.19370567178468,0 33.44475002039082,35.19362467235837,0 33.44442784903302,35.1935612939448,0 33.44420154753063,35.19354661941286,0 33.44408753718409,35.1935169139913,0 33.4438296963538,35.19340194226482,0 33.44367767988034,35.1933600735657,0 33.44324818030083,35.19331714290019,0 33.44297727149788,35.19329166752927,0 33.44285504891506,35.19329179544692,0 33.44286186386528,35.19342601545888,0 33.44304557490901,35.19366715852572,0 33.44303950027594,35.19400612143607,0 33.4430133006527,35.19415122299225,0 33.44325779399959,35.19418079262167,0 33.4437782567737,35.19429955197231,0 33.44385101188362,35.19435099717868,0 33.4439353948191,35.19444445947105,0 33.44407789336283,35.19473174269605,0 33.44410781004276,35.19484966728656,0 33.44407328718788,35.19495274612744,0 33.4437650373485,35.19534355050621,0 33.44428751663403,35.19568737453975,0 33.44430077028187,35.19571312098408,0 33.44426121964784,35.19577010771995,0 33.44309213519651,35.19638145797917,0 33.44289145065112,35.19648640086297,0 33.44256160341254,35.1966653526873,0 33.4423532499946,35.19681092039364,0 33.44224388923696,35.1969280506819,0 33.44218107260859,35.19706114670149,0 33.44208801661541,35.19704521366752,0 33.44139455531983,35.19692647572627,0 33.44038144415215,35.19678587516081,0 33.43989510701491,35.19668906770021,0 33.43922708435679,35.19661077753226,0 33.43917620214879,35.19660481459428,0 33.4383102655284,35.19653795087555,0 33.43733483786953,35.19650321706538,0 33.43704147899065,35.19650473945928,0 33.43669818174838,35.19650651875696,0 33.43629929595413,35.19652634399027,0 33.43569758882258,35.19656024468717,0 33.43521419246732,35.19658570029573,0 33.43486937497956,35.19659159021192,0 33.43475104731507,35.19658893322102,0 33.43443669774089,35.19662531921684,0 33.43414601152116,35.19665890547971,0 33.43407503045914,35.19666730038394,0 33.43397365662949,35.19669792427784,0 33.43377087686764,35.19673974967618,0 33.43358497742837,35.19676490528546,0 33.43332137049633,35.1968234404377,0 33.43288204381379,35.19693487037893,0 33.43253392845,35.19699903489504,0 33.43215539614977,35.19707155017451,0 33.43187149916132,35.197127325118,0 33.43145243207691,35.19722208033188,0 33.43129022939537,35.19727218770586,0 33.43111456505293,35.19736393292332,0 33.43094227663066,35.19745289860501,0 33.43074302853026,35.19760294077633,0 33.43046947693943,35.19780578158284,0 33.43025337083966,35.1979891396535,0 33.43013181702141,35.19809748136882,0 33.42993928841231,35.19821976708384,0 33.42975013781037,35.19833927233599,0 33.42957784473808,35.19842823699277,0 33.42942243666941,35.19850330970085,0 33.42921635865493,35.19860895668451,0 33.42915857683145,35.19838700761908,0 33.42910752537822,35.19814285146048,0 33.42904952910203,35.19776827251374,0 33.42902521782923,35.19730486387279,0 33.42899080410756,35.19686921143099,0 33.42897013994685,35.19659727662098,0 33.42894723600931,35.19639556893007,0 33.42891510138175,35.19611256778659,0 33.42893147696838,35.19570179128836,0 33.42876314040548,35.19568225846543,0 33.42876081891625,35.19565632286755,0 33.42855159806529,35.1956376051304,0 33.42837371233336,35.19569079818435,0 33.42841898115898,35.19529734248435,0 33.42847089673283,35.19515492751265,0 33.42856425266556,35.19495184200679,0 33.42849174227538,35.19483590845736,0 33.42841099225176,35.19482877209849,0 33.42809494310239,35.19475583871686,0 33.42767700298461,35.19461473706907,0 33.42745461875018,35.19456955040714,0 33.42705883426765,35.19437868646258,0 33.4268057003008,35.19440170980297,0 33.42623657050431,35.19471082167067,0 33.42550346421492,35.19518183440518,0 33.42538304937643,35.19527421550071,0 33.42479532233708,35.19563491029938,0 33.42455762605961,35.19577269211982,0 33.4242188670564,35.19593889323858,0 33.42402394397741,35.19602587954176,0 33.42381664504161,35.19607251843789,0 33.42378824072494,35.19608018591692,0 33.42377381980143,35.19608407900987,0 33.42357393358336,35.19611860570708,0 33.42351058469483,35.19614856414093,0 33.42346996124419,35.19616777602045,0 33.42322114907634,35.19639716003812,0 33.42300883870995,35.19663668017508,0 33.42291812418105,35.1968206408938,0 33.4228776840235,35.19692192623514,0 33.42273237420284,35.19704660641086,0 33.42259362289224,35.19715091283361,0 33.42247217060687,35.19729311088723,0 33.422300649749,35.19741973433852,0 33.42194013014669,35.19758216143315,0 33.42166135101654,35.19767568362052,0 33.42156294682417,35.19770752170506,0 33.42132475292399,35.19786918755218,0 33.42095478885744,35.19810974553767,0 33.4206641996818,35.19827334180697,0 33.42030347769392,35.19840466857192,0 33.42010341246548,35.19850008990412,0 33.42007486302262,35.19855850619064,0 33.42003932041525,35.19888458661715,0 33.41995850813365,35.1992655951923,0 33.41995849061539,35.19962210497064,0 33.41991707173554,35.19968206936058,0 33.41974600761215,35.19992973616804,0 33.41961316875384,35.20030839187863,0 33.41953202806319,35.20043996318206,0 33.41932013496741,35.20065412823558,0 33.41918660690636,35.20095482641717,0 33.41908385700895,35.20105299008486,0 33.4189648237482,35.20117564037561,0 33.41881716310555,35.20122622789303,0 33.41875252309767,35.20128945499461,0 33.41870732339616,35.20138680906892,0 33.41856922318812,35.20148218393729,0 33.41843825473384,35.20154639999698,0 33.41831679186726,35.20156777697333,0 33.41820485175221,35.20157747408138,0 33.41797618597474,35.20153649859324,0 33.41764414376949,35.20142539237131,0 33.41750600953457,35.20139613727093,0 33.41742501575522,35.20134159215856,0 33.41727886574601,35.20128069138853,0 33.41719790261882,35.20127482287857,0 33.41711695353819,35.20129231919582,0 33.41701937379485,35.20137600591323,0 33.41692180458517,35.20148500084122,0 33.41685990634772,35.20150055560023,0 33.41677181280155,35.20150246961607,0 33.41669216412316,35.20153855053926,0 33.41662315928355,35.20162029526038,0 33.41650421138387,35.20182078146919,0 33.41643043961234,35.20188889362827,0 33.41636140374825,35.20190054622437,0 33.41629234807488,35.20186936750421,0 33.41610180046639,35.20164929726851,0 33.41597981572659,35.2014754353299,0 33.41591314208326,35.20142284920788,0 33.41582505339409,35.20138972368542,0 33.41571794406956,35.20139941813096,0 33.41550135328462,35.20141880676508,0 33.41521438386355,35.20149864920984,0 33.41502163457196,35.20156670420895,0 33.41494787577723,35.20160949898666,0 33.4148337013783,35.20176128043359,0 33.41477816655153,35.20180903341673,0 33.41469965009257,35.2018557167107,0 33.4144808093552,35.20210671797514,0 33.41436604522466,35.20225599422724,0 33.41415906732114,35.20238241466862,0 33.41405676747983,35.20243491713569,0 33.41386646344714,35.20258664246841,0 33.41359469806662,35.20274139410603,0 33.41356563883165,35.20276349628502,0 33.41349241580965,35.202819192642,0 33.41330211897229,35.20293392131543,0 33.41311582807633,35.20303178544023,0 33.41304684536198,35.2030589930559,0 33.41298024557535,35.20309398772486,0 33.41290889861871,35.20316985043515,0 33.4127614266506,35.20322815033754,0 33.41262254246703,35.20329297840824,0 33.4124822249989,35.20339409484777,0 33.41228006733562,35.20348933190272,0 33.41204883927345,35.20356012450426,0 33.41184192745006,35.20358723373699,0 33.41170161051419,35.20358908641816,0 33.411596970975,35.20359290889377,0 33.41137662874952,35.20366309263064,0 33.41129921962415,35.20368139690806,0 33.41079647216465,35.20367504421506,0 33.41054480875634,35.20367376684555,0 33.40998736923367,35.20379974267398,0 33.40985816889726,35.20382932920557,0 33.40944257725213,35.20386031880148,0 33.40927724294647,35.20385304556724,0 33.4090681671842,35.20375359592463,0 33.40895020038038,35.2036820229113,0 33.40878186093807,35.20367721002748,0 33.40872779599577,35.20370060242301,0 33.40868879897436,35.20374734402201,0 33.40859074246234,35.20409006519252,0 33.40850214127533,35.2041306878074,0 33.40839089627573,35.20411477583937,0 33.40827806891007,35.20405214916402,0 33.40817661681619,35.20402877832858,0 33.40798139850379,35.20400671670265,0 33.40782971119928,35.2040303618607,0 33.40770473930804,35.20407365101034,0 33.40767403522968,35.20412764758997,0 33.40755099451007,35.20421768697695,0 33.40748503190708,35.20423931878631,0 33.40712413029861,35.20418556149436,0 33.40702732171948,35.2041820226897,0 33.40672809606833,35.20417140832835,0 33.40669727593103,35.20416063116988,0 33.40650352424319,35.20408157906571,0 33.40643311670707,35.20407802236138,0 33.40632590722497,35.20407891218186,0 33.40618517576618,35.20411858128664,0 33.40601375028553,35.20421584650767,0 33.4059698489411,35.20426985085286,0 33.40595669583617,35.20429504733616,0 33.40593934446772,35.20442820294464,0 33.40590431909332,35.20452178368041,0 33.40582081919315,35.20457580893203,0 33.40572847770346,35.20460825112578,0 33.4053174854622,35.20459219917416,0 33.40470985866786,35.20438025240986,0 33.40444691204438,35.20492736517732,0 33.40435451695019,35.20493101791217,0 33.40377188188511,35.20522706856138,0 33.40331833971882,35.20506181844291,0 33.40302781525662,35.2050044162763,0 33.40270198741263,35.20571397388694,0 33.40137288618174,35.2055816180826,0 33.40113759087774,35.20557819102122,0 33.39951200402381,35.20542426727451,0 33.39864015615197,35.20540269141771,0 33.39861429918157,35.20561029185625,0 33.39858635488348,35.20572563106862,0 33.39823874809834,35.2070414231983,0 33.39810820075766,35.20704065634894,0 33.39794759382472,35.20753749494087,0 33.39784435586754,35.20785686307422,0 33.39729533009185,35.20778917404229,0 33.39610669245699,35.20766714601211,0 33.39615961582022,35.20711709169765,0 33.39582136324301,35.20710605799847,0 33.39486358519517,35.2070924004043,0 33.39448556068109,35.20707157917862,0 33.39421061294323,35.20714328873515,0 33.39383679229264,35.20711015052847,0 33.39361613079352,35.20724063756475,0 33.39337425237051,35.20746492055976,0 33.39317303574157,35.20767804974486,0 33.39290964949777,35.20768934641409,0 33.39254958620351,35.20787078595375,0 33.39242575002768,35.20799325990158,0 33.39220895743703,35.20812374084431,0 33.39189534596805,35.20827653682893,0 33.39183926779685,35.20836876555084,0 33.39186647522195,35.2084688886178,0 33.39200415730043,35.20865001260743,0 33.39210494533659,35.20873101505889,0 33.3921960191518,35.20878023343614,0 33.39231829561677,35.20905514698389,0 33.39247566361922,35.20957164979057,0 33.39243503698267,35.20961936132767,0 33.39223168096964,35.20962743959907,0 33.39203608395222,35.20964663989311,0 33.39173596312396,35.20973425374194,0 33.39130987999594,35.20974723962222,0 33.39124792062404,35.20976635190659,0 33.39113951637803,35.20982682393947,0 33.39103309346402,35.20993497930023,0 33.39099068697485,35.21015436486047,0 33.39094627160085,35.21029427234834,0 33.39067709681777,35.21034053696224,0 33.39061117957652,35.21026904769548,0 33.3905529241564,35.21010536207788,0 33.39044235950606,35.20992422114784,0 33.39031633929478,35.20978441899184,0 33.39000815363674,35.20952869267116,0 33.38992293055021,35.20952397705807,0 33.38987064219645,35.20952877767722,0 33.38979905696784,35.20961147811016,0 33.38958048847411,35.20992952213626,0 33.38944324992973,35.21023162091137,0 33.38927131659675,35.21071971744323,0 33.38918341376376,35.21093092879765,0 33.38909294350414,35.21114830662656,0 33.38903752309078,35.21121579507663,0 33.38865337469234,35.21131720922376,0 33.38854447039349,35.21131390271768,0 33.38841500526869,35.21129711779477,0 33.38791358537497,35.21123333850814,0 33.38755192346732,35.21120488693159,0 33.38716763637083,35.2111511532379,0 33.3869601109468,35.2111580218277,0 33.38646085009658,35.21121059271184,0 33.38615883605316,35.21124786970303,0 33.38580137302741,35.21132565081072,0 33.38557337179143,35.21141347477864,0 33.38545425768311,35.21148942925508,0 33.38521399118305,35.21165314443236,0 33.38497166219362,35.21181011518254,0 33.38481287307535,35.2111390377821,0 33.38447386818878,35.21117295868314,0</coordinates>
						</LinearRing>
					</outerBoundaryIs>
				</Polygon>
			</MultiGeometry>
		</Placemark>
	</Document>
</kml>