<?xml version='1.0' encoding='UTF-8'?>
<kml xmlns="http://www.opengis.net/kml/2.2">
	<Document>
		<name>Dimos Akama</name>
		<Style id="PolyStyle80">
			<LabelStyle>
				<color>00000000</color>
				<scale>0.000000</scale>
			</LabelStyle>
			<LineStyle>
				<color>ffa9e600</color>
				<width>2.000000</width>
			</LineStyle>
			<PolyStyle>
				<color>00828282</color>
				<outline>1</outline>
			</PolyStyle>
		</Style>
		<Placemark id="ID_80019">
			<name>Dimos Akama</name>
			<snippet />
			<description>&lt;html xmlns:fo="http://www.w3.org/1999/XSL/Format" xmlns:msxsl="urn:schemas-microsoft-com:xslt"&gt;

&lt;head&gt;

&lt;META http-equiv="Content-Type" content="text/html"&gt;

&lt;meta http-equiv="content-type" content="text/html; charset=UTF-8"&gt;

&lt;/head&gt;

&lt;body style="margin:0px 0px 0px 0px;overflow:auto;background:#FFFFFF;"&gt;

&lt;table style="font-family:Arial,Verdana,Times;font-size:12px;text-align:left;width:100%;border-collapse:collapse;padding:3px 3px 3px 3px"&gt;

&lt;tr style="text-align:center;font-weight:bold;background:#9CBCE2"&gt;

&lt;td&gt;Δήμος Ακάμα&lt;/td&gt;

&lt;/tr&gt;

&lt;tr&gt;

&lt;td&gt;

&lt;table style="font-family:Arial,Verdana,Times;font-size:12px;text-align:left;width:100%;border-spacing:0px; padding:3px 3px 3px 3px"&gt;

&lt;tr&gt;

&lt;td&gt;NAME_GR&lt;/td&gt;

&lt;td&gt;Δήμος Ακάμα&lt;/td&gt;

&lt;/tr&gt;

&lt;tr bgcolor="#D4E4F3"&gt;

&lt;td&gt;NAME_ENG&lt;/td&gt;

&lt;td&gt;Dimos Akama&lt;/td&gt;

&lt;/tr&gt;

&lt;tr&gt;

&lt;td&gt;DISTRICT_N&lt;/td&gt;

&lt;td&gt;ΠΑΦΟΣ&lt;/td&gt;

&lt;/tr&gt;

&lt;tr bgcolor="#D4E4F3"&gt;

&lt;td&gt;SHAPE.AREA&lt;/td&gt;

&lt;td&gt;141602321,76923&lt;/td&gt;

&lt;/tr&gt;

&lt;tr&gt;

&lt;td&gt;SHAPE.LEN&lt;/td&gt;

&lt;td&gt;85760,87043&lt;/td&gt;

&lt;/tr&gt;

&lt;/table&gt;

&lt;/td&gt;

&lt;/tr&gt;

&lt;/table&gt;

&lt;/body&gt;&lt;script type="text/javascript"&gt;

				function changeImage(attElement, nameElement) {

				document.getElementById('imageAttachment').src = attElement;

				document.getElementById('imageName').innerHTML = nameElement;}

			&lt;/script&gt;&lt;/html&gt;

</description>
			<styleUrl>#PolyStyle80</styleUrl>
			<MultiGeometry>
				<Polygon>
					<extrude>0</extrude>
					<altitudeMode>clampToGround</altitudeMode>
					<outerBoundaryIs>
						<LinearRing>
							<coordinates> 32.30924573556857,35.007158438974,0 32.30594436711554,35.00921798895752,0 32.303310510241,35.01091899510516,0 32.30328442218904,35.01085782935606,0 32.30327994273204,35.01081061787598,0 32.30327918016595,35.01073568703978,0 32.3032940884288,35.01062065077269,0 32.30331915046488,35.01050292350327,0 32.3033278102575,35.01034759558091,0 32.30334364284722,35.01015764174452,0 32.30333766594916,35.01009515549548,0 32.30332281298652,35.01006866903283,0 32.30324778003597,35.00999866890232,0 32.30312920860651,35.00990333089356,0 32.30304424533836,35.00981798581738,0 32.3029995500187,35.00974962631688,0 32.30296018761216,35.0096591111789,0 32.30294610442181,35.00957019517153,0 32.30292987801744,35.00938136068186,0 32.30285265439581,35.00921560603567,0 32.30286543288317,35.0091366254274,0 32.30294018613277,35.00895548771437,0 32.30301967256415,35.0088007522008,0 32.30306103593441,35.00872894862582,0 32.30309404795603,35.00865013644519,0 32.30319268402427,35.00844699810541,0 32.30320338278777,35.00839991250029,0 32.30324174662901,35.00829755838558,0 32.30327133902622,35.00822288108923,0 32.30330583518061,35.0081607307974,0 32.30332869650077,35.00808460956031,0 32.30335816806156,35.00801964327106,0 32.3034062917994,35.00794650733044,0 32.30343559086035,35.00789541443907,0 32.30352800802945,35.00764921248668,0 32.30353218348594,35.00758403609535,0 32.30351457297505,35.00750757711624,0 32.30351210480381,35.00743401920685,0 32.3035192105604,35.00740494102655,0 32.30356372058754,35.00735120051923,0 32.30361175757237,35.00728500029173,0 32.30364417399965,35.00725474585732,0 32.30370234700878,35.00718724352387,0 32.30376208522391,35.00712946727479,0 32.30378758545807,35.00711303041297,0 32.30379645989825,35.00707702966058,0 32.30382916692693,35.00702318980188,0 32.3039401453757,35.00691311491919,0 32.30399996717546,35.0068484018217,0 32.30417279604067,35.00664588090351,0 32.30421359216027,35.00661985866659,0 32.30426440595945,35.00660224354279,0 32.30439130295598,35.006568613816,0 32.30441848991119,35.00655219099166,0 32.30448676230588,35.00648615954461,0 32.30453653450859,35.00641581250238,0 32.30459477396578,35.00634276015901,0 32.30463430994999,35.00628203911572,0 32.30464875601291,35.00620446049169,0 32.30457953637535,35.00607346037673,0 32.30457819154417,35.00604569933662,0 32.3046091578804,35.00599600745812,0 32.3047121464691,35.00584979022943,0 32.30477890097605,35.00576987279175,0 32.30482693603602,35.0057036729452,0 32.30489329990191,35.00565566291709,0 32.30505261263104,35.00559177678599,0 32.30512054171972,35.00555349183033,0 32.30515488153857,35.00550382813182,0 32.30520623959711,35.00544181975271,0 32.305260847872,35.00538954709298,0 32.30532209970347,35.00534565853292,0 32.30541367096176,35.00530479548602,0 32.30551566825724,35.00523904565463,0 32.30572466629638,35.00511174604799,0 32.30600040019927,35.00490591599913,0 32.3060565076465,35.0048689204342,0 32.30613460588143,35.00482655739258,0 32.3062376906434,35.00480937722947,0 32.30633385773844,35.00480601293551,0 32.30644849245009,35.00480974087284,0 32.30652933074338,35.00481873813618,0 32.30662337173444,35.00485143297226,0 32.30666183283843,35.00487811430046,0 32.30669159177434,35.00492692316817,0 32.30669259366239,35.00498243107263,0 32.30666249775329,35.0050987305488,0 32.30666362209738,35.00514452651768,0 32.30674904393487,35.00519241116887,0 32.30693680708126,35.00527105556588,0 32.30698562014668,35.00529150048918,0 32.30720155281909,35.00542371802945,0 32.30733868808905,35.00551781946831,0 32.30742390795895,35.0055823514349,0 32.30752970113923,35.00561930505918,0 32.30764036880135,35.00567155979362,0 32.30769581097029,35.00568867009041,0 32.30778119965646,35.00573932835184,0 32.30788009838967,35.00578871058077,0 32.30794719198714,35.00581840680657,0 32.30802425217071,35.00586067040688,0 32.30810148402374,35.00588906051898,0 32.308178781269,35.00591190190875,0 32.30824625034983,35.00591107404649,0 32.30835446242583,35.005888384888,0 32.30843577902601,35.0058585339795,0 32.30854434787584,35.00580671058462,0 32.30867007054714,35.00573144010554,0 32.30872796508589,35.00568613352096,0 32.30877788752704,35.00560329750206,0 32.30886547503344,35.00540561343198,0 32.30886950896097,35.00535153409513,0 32.30888037548648,35.00529057628182,0 32.30885868246372,35.00499624600325,0 32.30880904606958,35.00491813518613,0 32.30873309108861,35.00478569553906,0 32.30869384357267,35.00468546928117,0 32.30865759610477,35.00461579518149,0 32.30865008066191,35.00454080868637,0 32.30865105272147,35.00450717199531,0 32.30865300747065,35.00443954622394,0 32.3087040500284,35.00426514468656,0 32.30877163519719,35.00411724397932,0 32.30885066339164,35.00399857424004,0 32.30890111174332,35.00387273150466,0 32.30891722314727,35.00379655356624,0 32.30892172172475,35.0037157339786,0 32.308955126977,35.00362858614007,0 32.30886242023601,35.00351792557539,0 32.30888061974905,35.00341437754945,0 32.30892287315078,35.00334353152211,0 32.30916301579899,35.00324337053729,0 32.30933532176329,35.0029987055787,0 32.30940163076621,35.00296056130538,0 32.30982073622362,35.00284021329069,0 32.31030350071497,35.0025903790311,0 32.3105664766772,35.0024687346795,0 32.3106994369234,35.00236458784717,0 32.31071885114855,35.002315220861,0 32.31061330914343,35.00202336937038,0 32.31033812345856,35.00191274879957,0 32.31004506581768,35.0018793674951,0 32.30975145153469,35.00173763792017,0 32.3094887118931,35.00153270456877,0 32.30920328643676,35.00133687103923,0 32.30918506241334,35.00128873955576,0 32.30924846218122,35.00118092269999,0 32.30936179408844,35.00114316678825,0 32.30943562172972,35.0009518569999,0 32.30962532861553,35.00082186903033,0 32.30967892454974,35.00074647381332,0 32.30967107178009,35.00061949235071,0 32.30953647479376,35.00008904479489,0 32.30954598626221,34.99992660974541,0 32.30973240514588,34.99975790012321,0 32.30990787552458,34.9995612420832,0 32.31054807453818,34.99904959222692,0 32.31070329742501,34.99897039284659,0 32.31096968285053,34.99887663559761,0 32.31120341122819,34.99883832812591,0 32.3114964667819,34.99871693070028,0 32.31162219723191,34.99858795939517,0 32.31162515411997,34.99849976278778,0 32.31143637840741,34.99824591723484,0 32.31144464026762,34.99818562218755,0 32.31157849825264,34.99800718999862,0 32.31162695823076,34.9978899602378,0 32.31182645622449,34.99772754746688,0 32.31172820211199,34.99760910546259,0 32.31172505367862,34.9974047767387,0 32.31177351307128,34.99728754780261,0 32.31191769009423,34.99718813416617,0 32.31203307337426,34.99698168827957,0 32.31212412082304,34.9967657549942,0 32.31251248443567,34.99638666831572,0 32.31301500731169,34.99634107970377,0 32.31336602483963,34.99630923314243,0 32.31340734309217,34.99630340488095,0 32.31351679210549,34.99624568574347,0 32.31362539728082,34.99610311145955,0 32.31368601602206,34.99589843292303,0 32.31367055619007,34.9956283337559,0 32.31338964353576,34.99529433904307,0 32.31328940579981,34.99521174949422,0 32.31302960325272,34.99514397483819,0 32.31286032969855,34.99509981782723,0 32.31273994283671,34.9950258934745,0 32.31248917369022,34.99480503337951,0 32.31239599044302,34.99454069370763,0 32.31225457644583,34.99427851272524,0 32.31216727902909,34.99416903719496,0 32.31214941725583,34.9941036363023,0 32.31218099703266,34.99406423356934,0 32.3122339545928,34.99405699423868,0 32.31238686451098,34.99414142261265,0 32.31244453554155,34.99413038341711,0 32.31256713656661,34.99402264211877,0 32.31260427625845,34.99378240853211,0 32.31259109820078,34.99358781938778,0 32.31255209442948,34.99347106648593,0 32.3123454417667,34.99320322938109,0 32.31234330128801,34.99312388445816,0 32.31247106366838,34.99297524229382,0 32.31246565616917,34.99290866532117,0 32.31221273193068,34.99273768527758,0 32.31218731601528,34.99265430989584,0 32.31224988709207,34.99249617274332,0 32.31217835791563,34.99236891433624,0 32.3121272277529,34.99222647099132,0 32.31210708382015,34.99209323980465,0 32.31219244704052,34.99197879139139,0 32.31219375790586,34.99187132768942,0 32.31205918631324,34.99168597150413,0 32.31204951983582,34.99158609313078,0 32.31210457659757,34.99153409015667,0 32.31221728410305,34.99147232793631,0 32.31224609722718,34.99140475314381,0 32.3122628832815,34.99117586744433,0 32.31225286148053,34.99072285096998,0 32.31224754695984,34.99064859810981,0 32.3121916764869,34.99051251257001,0 32.31199859175909,34.99053522737375,0 32.31182506829236,34.99048389399961,0 32.31171586919867,34.9903857517389,0 32.31150861119181,34.99004114047356,0 32.31137202061541,34.98989415125704,0 32.31125040632346,34.98966667818345,0 32.31108978552632,34.98945039997159,0 32.31097765599906,34.98922853490765,0 32.31091640453968,34.98913368554916,0 32.31089292432882,34.98890666268819,0 32.31088912957318,34.98875695707815,0 32.31086127667167,34.98858081995709,0 32.31087435508747,34.98843125248006,0 32.31091664003542,34.98834673496651,0 32.31098911377214,34.98824703689937,0 32.31118470364996,34.98804651635565,0 32.31147385299958,34.98786219797802,0 32.31157017158791,34.98780590232884,0 32.31165315934173,34.98776646846621,0 32.31179234013354,34.98773212964775,0 32.31190873605062,34.98772074838323,0 32.31229854141559,34.98773939867066,0 32.31236058456497,34.98772602435733,0 32.31243614421412,34.98768035701807,0 32.31249142143903,34.98760674742866,0 32.31250121063995,34.98757288109611,0 32.31242398277584,34.98714019181895,0 32.31236936589085,34.98669842896189,0 32.31235739975969,34.98664841509554,0 32.31233903309542,34.98657164905714,0 32.3123229370335,34.98635394637085,0 32.31232676829066,34.9861935021855,0 32.31235170863347,34.98614741655559,0 32.31245893605357,34.98611898407196,0 32.31260336024732,34.98611554810351,0 32.31281369194053,34.98608950993663,0 32.3128948380211,34.98604697475079,0 32.31305014120783,34.98592018447761,0 32.31314353720585,34.9857962627193,0 32.31319992664158,34.98572144306635,0 32.31326898561688,34.98563578711191,0 32.31332205572355,34.98550461784637,0 32.31337347118523,34.98535830636132,0 32.31343586401327,34.98506535279117,0 32.31344356987601,34.98488540052951,0 32.31343532879625,34.98450563763054,0 32.31342726101994,34.98441329504233,0 32.31340101647276,34.98430416189731,0 32.31337966529578,34.98409522908427,0 32.31339694966736,34.9838835887813,0 32.3133982037448,34.98378073349307,0 32.31337503882089,34.98326772831417,0 32.31336118442829,34.98319802790232,0 32.31336339979145,34.9828652459343,0 32.31340885611297,34.98275519045513,0 32.31345734638007,34.98269810714215,0 32.31364539838466,34.98250149148982,0 32.31366885430133,34.98238671615652,0 32.31369685137953,34.9822008814238,0 32.31370485517076,34.9818454562763,0 32.31368245854585,34.98157146738409,0 32.31366169013035,34.9814654047513,0 32.31362100061672,34.98133497440249,0 32.31359145000718,34.98119555957239,0 32.3135889709034,34.98109721090589,0 32.31356429105699,34.98101078315262,0 32.31356169940626,34.98095741953986,0 32.31355841260269,34.98088971599543,0 32.31353627117308,34.98059454988672,0 32.3135215540603,34.98044466880135,0 32.31348671266392,34.9802870570267,0 32.31344802560434,34.98014302755313,0 32.31335707166714,34.97991385651314,0 32.31328863283318,34.97979832262507,0 32.3132362783363,34.97974533287049,0 32.3132174285859,34.97973148247608,0 32.3129141006441,34.97950859047388,0 32.31281454571502,34.97941673241217,0 32.31228525705835,34.97889171645701,0 32.31211960290337,34.97871645737858,0 32.31196419132372,34.97851673599155,0 32.31190576203704,34.97841601139164,0 32.31182857905051,34.97832433698736,0 32.3117294739305,34.97819565713262,0 32.31168202417336,34.97801012521546,0 32.31167563992668,34.9779221052135,0 32.31170260403976,34.9777494597908,0 32.31179505096006,34.97750678007195,0 32.31184993583105,34.9773885801996,0 32.31188368132493,34.97727122681444,0 32.311913542125,34.97706485169053,0 32.31193169871965,34.97679905334736,0 32.31197319585856,34.97645366392258,0 32.31197630995646,34.97630025813694,0 32.31202955677058,34.9761124889337,0 32.31207213852647,34.97598395667688,0 32.31209135390068,34.97593706336035,0 32.31210577924929,34.9758509947046,0 32.31210084157491,34.97577041320319,0 32.312063564672,34.97566781726062,0 32.31197263171651,34.97548090144903,0 32.3119979883745,34.97533790854789,0 32.31199639025213,34.97526527024656,0 32.31197966529059,34.97520989656083,0 32.31193092921227,34.97512970957732,0 32.31184761022647,34.97503184736517,0 32.31179884960618,34.97495370548628,0 32.31177618518424,34.9748757791019,0 32.31177474995613,34.97478984502812,0 32.31177489289902,34.97473086662765,0 32.31177505917753,34.97466216034955,0 32.31171124737877,34.97431569083199,0 32.31167112651509,34.97425811755058,0 32.31151579573406,34.97410128501801,0 32.31139747168311,34.97400946627281,0 32.31129064799224,34.9739662733658,0 32.31110070683578,34.97391990552332,0 32.31088836294344,34.97385095073596,0 32.31072862875578,34.97380732184832,0 32.31065774032976,34.97379304675524,0 32.31062464812189,34.97377908355301,0 32.31051424071461,34.97378190369513,0 32.31039954010807,34.9737647773077,0 32.31029104100068,34.97373525920663,0 32.31022668552109,34.97368121833718,0 32.3100283673398,34.97345434088512,0 32.30995091079911,34.97335912566734,0 32.30974900253556,34.97305506580787,0 32.30960486753079,34.97293149428547,0 32.30953893288938,34.97289663688215,0 32.3092930880442,34.97275455218333,0 32.3092456801922,34.97273525376406,0 32.30918880177665,34.97272497864282,0 32.30908576325533,34.97273252854692,0 32.30904324665693,34.972730774968,0 32.30901461253705,34.97270673009306,0 32.30904018325678,34.97263341703711,0 32.30908824696804,34.97252947947017,0 32.30910511164376,34.9724721998104,0 32.30908663318024,34.97238311654625,0 32.30901790943119,34.97222849344594,0 32.30901811257942,34.9721423658257,0 32.30906099406997,34.97204468790577,0 32.30917445962053,34.97194969570936,0 32.30926657261119,34.97186152821075,0 32.30930133542841,34.97180159561468,0 32.30932994418717,34.97168839436114,0 32.30944522929192,34.97137494030263,0 32.3094658471528,34.97128898284144,0 32.30947317628114,34.97110698213049,0 32.30947249875987,34.9709536223473,0 32.30949926561865,34.97078228585898,0 32.30952994710624,34.97070831485716,0 32.30958217467477,34.97040274183753,0 32.30968278988154,34.97010597299293,0 32.30967851718144,34.96989866770354,0 32.3096936760898,34.96977204989896,0 32.30973494221074,34.96966735494788,0 32.3097509125006,34.96961357025645,0 32.3098167152944,34.96945025813377,0 32.30982309430101,34.96940974626447,0 32.30984708744144,34.96926214423512,0 32.30991740318054,34.96914718769253,0 32.3099985965975,34.96904702555815,0 32.31000826303342,34.96902189688863,0 32.31013133582403,34.96890597618467,0 32.31019426475289,34.96883857286051,0 32.31028288280381,34.96875737870734,0 32.3103799236092,34.96868325610615,0 32.31051424770653,34.96862134558624,0 32.31055868749956,34.96860490828406,0 32.31071256700741,34.96854385943735,0 32.31089994722307,34.96845647920747,0 32.31105883032081,34.9683338505289,0 32.31114372508562,34.96820921007377,0 32.31126427368203,34.96802114031838,0 32.31133781295329,34.96785088975753,0 32.31139191229251,34.96773999946073,0 32.3114430567795,34.96766199566275,0 32.31148344829029,34.96762871744925,0 32.31153305969965,34.96760671945894,0 32.31157857884528,34.96757138441907,0 32.31175588411497,34.96747271505053,0 32.31188000723154,34.96741001863974,0 32.3120709752715,34.96723723563667,0 32.31216224513782,34.96714765935433,0 32.31220485776849,34.96707168554931,0 32.31223659122029,34.96698091566007,0 32.31224850405207,34.96684096613441,0 32.31230025792026,34.96664322563937,0 32.31239181920237,34.96645981848918,0 32.31243992648019,34.96635167911766,0 32.31246106095482,34.96622300973389,0 32.31246527621681,34.96608649783489,0 32.31244643834221,34.96595679718131,0 32.31244144039155,34.96587832993377,0 32.31246502396982,34.96575808276316,0 32.3126290590824,34.96549124547009,0 32.31275573301115,34.96535854457915,0 32.313024283611,34.96510167189895,0 32.31322521657157,34.96487855357049,0 32.3134002734656,34.96471638352989,0 32.31344100208539,34.96467865267061,0 32.31347865200974,34.96460463792878,0 32.31349185978912,34.96455461938429,0 32.31351240829181,34.96450552571562,0 32.31349131715138,34.96442670430456,0 32.31342149107909,34.96443877337695,0 32.31340368722095,34.96443594415197,0 32.31337169472751,34.96443086140327,0 32.31334810688813,34.96442688352163,0 32.31332733451926,34.96440725683571,0 32.31329388006318,34.96440481955408,0 32.31327653764168,34.96437332985526,0 32.3132802345396,34.96433931348318,0 32.31329221498072,34.96432590152796,0 32.31329914970445,34.96429569479759,0 32.31332553397874,34.96428564361641,0 32.31334428383696,34.96425553433576,0 32.31338441607542,34.96424883930411,0 32.31340611637376,34.96423637919412,0 32.31342896422794,34.96422326032642,0 32.3134916697195,34.96422533559981,0 32.31352300733805,34.96423855796154,0 32.31359752547015,34.96424090186771,0 32.31367354826241,34.96411966808237,0 32.31377141970977,34.96392861001191,0 32.31375229562767,34.96368819027432,0 32.31374508767371,34.96350404354531,0 32.31371758236427,34.96334825047924,0 32.31366892649253,34.96311882148999,0 32.31363955530617,34.96303042537916,0 32.31360024270681,34.96280971532325,0 32.31349546526092,34.9625331542553,0 32.31342844369112,34.96240203740727,0 32.31335251356914,34.96225348733923,0 32.31330550851424,34.96215448999774,0 32.31312727525902,34.96197443838594,0 32.31301530389017,34.96187189691171,0 32.31291546204927,34.96179290752303,0 32.31283310499266,34.96171766860105,0 32.31277054933482,34.96163597939852,0 32.3126094364338,34.96137008605039,0 32.31236583625285,34.96085999195895,0 32.3123257048742,34.96079652441571,0 32.31227895343678,34.96073661149696,0 32.31223590217472,34.96067312198102,0 32.31220387718115,34.96060371042344,0 32.312151599453,34.96051789655237,0 32.31209529707752,34.96046271506206,0 32.3120262583496,34.96037375582358,0 32.31197991906679,34.96034030335133,0 32.31194421702453,34.96033279245003,0 32.31190147032377,34.96030417924646,0 32.31187773554864,34.96027391960127,0 32.31185085249431,34.96022720217132,0 32.31182350002607,34.96017966539667,0 32.31181925596338,34.96015152181855,0 32.3117676289357,34.95980920671938,0 32.31175627566823,34.95967445347649,0 32.31150062057637,34.95920103529996,0 32.31115551792364,34.95879168821194,0 32.31103327203672,34.95866168100621,0 32.31071726376964,34.95837402061233,0 32.3105037458602,34.95820676051937,0 32.31024767306974,34.95801901538402,0 32.31005097240027,34.95785189417118,0 32.30969657348329,34.95764131088557,0 32.3096224560177,34.95757651258899,0 32.30944493786445,34.95746618380491,0 32.30891921091987,34.95720194913034,0 32.30874740203672,34.95712501666813,0 32.30848401248931,34.95704120762652,0 32.30837582796864,34.95700678417893,0 32.30811539758735,34.95692596855426,0 32.30757962542788,34.95679630572688,0 32.30744757020963,34.95678136549251,0 32.30736045388014,34.95677938409292,0 32.3072769530721,34.95679442297409,0 32.30716030152541,34.95683246781984,0 32.30690509701427,34.95694927605392,0 32.30664399350649,34.95704841845947,0 32.30619555467142,34.95702770319802,0 32.30607092583079,34.95703044361085,0 32.3058694043942,34.95707029907883,0 32.30572325201597,34.95708292719968,0 32.30559173908513,34.95708623892542,0 32.30541630338671,34.95711813097629,0 32.30534168691587,34.95715652442124,0 32.30518539905073,34.95731001968604,0 32.3050745048405,34.95750164637616,0 32.30505592925991,34.95758266531325,0 32.30502120171484,34.95767172976571,0 32.30501122011617,34.95786230943116,0 32.30502663828725,34.95797633063937,0 32.3050583604342,34.95803927742212,0 32.30515051081738,34.95822213762776,0 32.3051843416516,34.95833065016065,0 32.30518937580734,34.95835648997048,0 32.30510416572237,34.95857287210423,0 32.30503049713188,34.95865846504928,0 32.30490427646882,34.95879081626813,0 32.30475927117467,34.95889658177038,0 32.30462989807653,34.95897416113274,0 32.30442502094524,34.9591624898069,0 32.30431438760426,34.95930278455713,0 32.30412529290917,34.95954257632565,0 32.30401482687084,34.95963667353129,0 32.30387846550673,34.9597852981972,0 32.30380252577933,34.95980668877536,0 32.3036784496814,34.95982642147073,0 32.30357097384105,34.95980161406341,0 32.30345307301076,34.95975406817439,0 32.30341060409344,34.95972665697552,0 32.30333710738712,34.95961152185259,0 32.30335067295893,34.95950277502275,0 32.30339279327328,34.95937224171318,0 32.30342917412815,34.95927312389566,0 32.30343337315238,34.95924232603125,0 32.30339381684666,34.95916459944272,0 32.3033447915739,34.95911070501818,0 32.30328868241061,34.95907374170448,0 32.30322456921638,34.95906565602212,0 32.30293292950704,34.95909846240537,0 32.30273703459555,34.95899111655373,0 32.30248609565186,34.95882227370885,0 32.30244491509428,34.95881437971234,0 32.30226323627046,34.95885628294659,0 32.30218302152866,34.95885246794335,0 32.30215799342801,34.95883652781373,0 32.30210307286544,34.95876496471441,0 32.30213288331683,34.95870291791569,0 32.30220187512723,34.95862483837819,0 32.3022767341477,34.95856694174687,0 32.30230079184413,34.95853756865412,0 32.3023117985837,34.95838852857669,0 32.30237006252421,34.95825057958572,0 32.30244752215032,34.9581675357907,0 32.30244424302301,34.9581234622917,0 32.3024277019688,34.95803900512296,0 32.30242410192158,34.95783446867837,0 32.3022201733271,34.95751059474416,0 32.30219147453774,34.9574203725722,0 32.30219138129124,34.9573656266291,0 32.30220840006977,34.95728711413723,0 32.30225035644342,34.95716979492811,0 32.30225559953714,34.95711635243185,0 32.30224592005226,34.95709550577359,0 32.30222753781169,34.95709849831812,0 32.30220270127958,34.95712912530111,0 32.30212629042254,34.95718889603931,0 32.30196538345071,34.95722027434761,0 32.30191302717613,34.95718900364666,0 32.30188303540515,34.95714156035385,0 32.3018586125562,34.95682799116545,0 32.30179224940458,34.95663048275572,0 32.30174480454664,34.95657282616025,0 32.30170239805656,34.95654037943853,0 32.30161438215193,34.9564874193463,0 32.3015729873772,34.95643484537528,0 32.30157262397204,34.95627815906737,0 32.30155552116516,34.95617733791586,0 32.30156038027073,34.95609305865676,0 32.30160083979185,34.95597321069732,0 32.30172918840666,34.9557301330926,0 32.30181394709655,34.95555087620062,0 32.30207276057852,34.95520317489203,0 32.30209103136356,34.95508502820579,0 32.30223791342692,34.95464011686685,0 32.30224148073714,34.95459861563661,0 32.30217563016315,34.95435958318123,0 32.3021570126343,34.95425748959924,0 32.30215251405557,34.95418823533598,0 32.30217832598993,34.95407833118313,0 32.30221999360699,34.95398429281797,0 32.3022816257994,34.95388286847554,0 32.30254011381847,34.9535609607663,0 32.30258460627906,34.95348582306244,0 32.302602535218,34.95339536025964,0 32.302632454951,34.95319991395798,0 32.30261274088059,34.95312486910491,0 32.30256356704161,34.95302126332315,0 32.30253993887567,34.95295373539096,0 32.302539037184,34.95290275897636,0 32.30256586593739,34.95283439490801,0 32.30263309402942,34.95271288207617,0 32.30269283106183,34.95264101743326,0 32.30276673153261,34.95259852905003,0 32.30277542501977,34.95257531982026,0 32.3027634486532,34.95255476918992,0 32.30267660874392,34.95246846706701,0 32.30263320337035,34.95239322489823,0 32.30254782758048,34.95218800780464,0 32.30249054342728,34.95206042292217,0 32.30245986110364,34.95194501471773,0 32.30243379591014,34.95182712709467,0 32.30238005560844,34.95165992832033,0 32.30232163599378,34.95156253864138,0 32.30228770926577,34.95152449978166,0 32.3022566380361,34.95150284605769,0 32.30211150757859,34.95149534273148,0 32.30206590611825,34.95147419860204,0 32.30202283262302,34.95143419521609,0 32.30198586610278,34.95133257843575,0 32.30202776484776,34.95103340705925,0 32.30204096736081,34.95100547965433,0 32.30209917731208,34.95088235401168,0 32.3021372775501,34.95076751937181,0 32.30214887029209,34.95057066076274,0 32.30212137740325,34.95050687842777,0 32.30205541194649,34.95027728199504,0 32.3020716952676,34.95019624394777,0 32.30210866018733,34.95011160369599,0 32.30215758960242,34.95004845783834,0 32.30221859962898,34.9499973683399,0 32.30228101199014,34.94995635924634,0 32.30247516988499,34.94989253571099,0 32.30272120220037,34.94983669690258,0 32.30281206063638,34.94984437565404,0 32.30290360695178,34.94985835194648,0 32.30297621696079,34.94985832874308,0 32.30308342043926,34.94984223348785,0 32.30318512579001,34.94983804670543,0 32.30322020301014,34.94984462992628,0 32.30335731541908,34.94994456543018,0 32.30343899501243,34.94995279591793,0 32.30349424525485,34.94993500877585,0 32.3035373061743,34.94991397243676,0 32.30358083726313,34.94985455663747,0 32.30368230468611,34.94974528231516,0 32.3037548685754,34.94968673778399,0 32.30380176594573,34.94966447578458,0 32.30384155339691,34.94966103146839,0 32.3038658160635,34.94967696416895,0 32.30388680330098,34.94971048989019,0 32.30390809542682,34.94971947640094,0 32.30392724538734,34.94971586060446,0 32.30397999482437,34.9496527449035,0 32.30401217120804,34.9496467203442,0 32.30405800175677,34.94964898948141,0 32.30414820457098,34.94971014788441,0 32.30417943763864,34.94971858915279,0 32.30419169668405,34.94971617508492,0 32.30423797465932,34.94968195032906,0 32.30431691678161,34.94953976837756,0 32.30434160212204,34.94952109637544,0 32.30437309907211,34.9495081431778,0 32.3044318679411,34.94951492482405,0 32.30448873747046,34.9495518955901,0 32.30451994911534,34.94956222240326,0 32.30455208462781,34.94955934339604,0 32.30463295429691,34.94950904693845,0 32.30467962719472,34.94950503150772,0 32.30473950716313,34.94954580171675,0 32.30477229955748,34.94955173771862,0 32.30481590105075,34.94954895401398,0 32.30502593405091,34.94949910259348,0 32.30511463080138,34.94949606478233,0 32.30515273445915,34.94950519141834,0 32.30518838396149,34.94952751150125,0 32.30525865413961,34.94959353717289,0 32.30528139743822,34.94960882811061,0 32.3052997082347,34.94961149735449,0 32.30532042710922,34.94960474708513,0 32.305337054269,34.9495576937914,0 32.3053486724052,34.94954520445834,0 32.30541549183503,34.94951870193859,0 32.30554026359692,34.94950337922388,0 32.3056758035539,34.94948248230195,0 32.30575088342988,34.94946800388334,0 32.3057879977339,34.949433074434,0 32.30585565138512,34.94933861984092,0 32.305967397732,34.9492011132844,0 32.30605366848708,34.94902186539189,0 32.30612128292631,34.94893055814983,0 32.30616532947572,34.94889128010227,0 32.30623739086163,34.94887363099417,0 32.30639202684424,34.9488535219934,0 32.30645713946825,34.94884147772201,0 32.30650162664391,34.94882863238996,0 32.30656853733488,34.94873228377961,0 32.3066310698001,34.94861890949294,0 32.30679934869057,34.94835853955147,0 32.30688824417582,34.94827684608779,0 32.30706732954256,34.94813234643592,0 32.30713456451417,34.94807186656502,0 32.30724402857572,34.94793308198324,0 32.30734162189331,34.94776525368775,0 32.30738255255716,34.94766805966069,0 32.30747860961727,34.94750084716392,0 32.30756281346903,34.94736499838773,0 32.3076395576049,34.94727691166877,0 32.30771427835123,34.94722908039076,0 32.30786363070608,34.94720326137665,0 32.30793624482086,34.94720260422798,0 32.30813380098581,34.94723507625535,0 32.30817703031634,34.94726249196244,0 32.3081994411631,34.94730483728084,0 32.30818943217004,34.94737334175652,0 32.30812767437007,34.9474860948174,0 32.30811235403822,34.94755140957903,0 32.30808767961013,34.94769404384364,0 32.30805765862515,34.9478366350236,0 32.30802326450978,34.947961569642,0 32.30802282725192,34.94805972922131,0 32.30801268770971,34.94812146151473,0 32.30800631298939,34.94816027249188,0 32.30796044314248,34.94834866608027,0 32.3079568979652,34.94851349897969,0 32.30791557414704,34.9486427821484,0 32.30788278572074,34.94876143759986,0 32.30788037988737,34.94883315201643,0 32.30789605195229,34.94886411560511,0 32.30795991058248,34.9489546279377,0 32.30798692470596,34.94897528898383,0 32.30806970657019,34.9490385980579,0 32.30823415838309,34.949090931485,0 32.30837112708925,34.94914051754638,0 32.30861867903926,34.94920989967197,0 32.30880411919779,34.94923346060829,0 32.30922371411982,34.94923441878844,0 32.30930628160711,34.94923258610501,0 32.30940697178053,34.94921747943407,0 32.30957657757723,34.9491920348971,0 32.30978261036765,34.94915661475652,0 32.30996505802192,34.9491121894805,0 32.31038960107153,34.94902068676686,0 32.31076728457829,34.94888600401367,0 32.31088344257515,34.94882467017902,0 32.31109129502783,34.94870242500967,0 32.31127005341416,34.94858434670978,0 32.31152067485346,34.94840204685961,0 32.31162238716572,34.94833429890195,0 32.31171191953294,34.94826267607574,0 32.31188265214059,34.94811306681704,0 32.3119343695398,34.94807133499561,0 32.31201801526869,34.94798078406946,0 32.31213977537499,34.94783580344802,0 32.31237576195947,34.94753697163394,0 32.31239559998473,34.94750486381371,0 32.31260106237069,34.94718431947111,0 32.31270403828302,34.94701275383401,0 32.31272440563164,34.94697202152275,0 32.31282161253774,34.94670916764175,0 32.31287894579333,34.94658253328577,0 32.31300970281067,34.94626332423582,0 32.31304462825756,34.94615664114534,0 32.31317054484502,34.94579651639606,0 32.31317644177568,34.94573381855984,0 32.3132002951827,34.94548016762029,0 32.3132542932701,34.94478691525988,0 32.31324299272643,34.94475957188729,0 32.3132448551731,34.94472132821785,0 32.31330424581959,34.94402441313802,0 32.31335207279112,34.9439826550675,0 32.31350718675787,34.94387368635494,0 32.31365479556273,34.94379643906107,0 32.31378763663218,34.94372692252201,0 32.31389726432045,34.94352820396039,0 32.31415316562948,34.9432747011868,0 32.31408662644152,34.94325259059968,0 32.31401490398436,34.94324124423839,0 32.3138870870996,34.9431881962011,0 32.31378598567837,34.94308874271181,0 32.31370278053313,34.94298562594067,0 32.31366542125315,34.94292261875989,0 32.31362808472435,34.94285964685098,0 32.31361085963987,34.94281353774356,0 32.31359378610657,34.94275489352375,0 32.31356911691145,34.94269409797325,0 32.31354922481309,34.94265841396425,0 32.31350772597331,34.9426049572607,0 32.31347250828534,34.9425489048127,0 32.31343705758412,34.94251188259403,0 32.31342011726868,34.94248074845773,0 32.31337870320236,34.94236815942052,0 32.31345083384034,34.9423020634631,0 32.31361331560707,34.94217607784288,0 32.31367502745142,34.94213261327741,0 32.31393024646999,34.9419303506371,0 32.3143005131789,34.94142880389654,0 32.31488087442104,34.94107313696686,0 32.3154519684092,34.9407211865114,0 32.31571526129509,34.9406664297297,0 32.3161395001817,34.94063574846262,0 32.31659385011781,34.94040803533249,0 32.31683577155258,34.94022031800339,0 32.31707883305334,34.93994155919286,0 32.31727150527188,34.93963962526929,0 32.31748564149894,34.93909506418473,0 32.31802313332505,34.93848105423793,0 32.31820345102096,34.93806141109367,0 32.31831276701335,34.93742494127223,0 32.31848111212276,34.93685724238877,0 32.3186256671996,34.93671804900712,0 32.31891819600953,34.9365345332097,0 32.31903064578233,34.93638369603939,0 32.3190611306072,34.93615631630654,0 32.31904502741802,34.93597028928033,0 32.31904905847779,34.93564784851333,0 32.3189475705113,34.93529040471217,0 32.31893583896924,34.93512338145951,0 32.31920119027755,34.93453370771637,0 32.31961226224362,34.93334200329838,0 32.31951960707777,34.93301498161701,0 32.31963811785462,34.93237858491642,0 32.31968094934881,34.93226891420472,0 32.31972302025473,34.93221993606687,0 32.32005778978688,34.93197226744036,0 32.32005156312681,34.93173320678197,0 32.32014087875025,34.93158976757044,0 32.32029506103769,34.93141650637787,0 32.3202822291971,34.93128785027042,0 32.32024931730622,34.93095785686184,0 32.32032103642612,34.93077666778476,0 32.32054124679502,34.93048898924425,0 32.32068986063443,34.93037240086093,0 32.32086362053331,34.93020552401294,0 32.32098071851919,34.92999104825464,0 32.32098285360151,34.92981601322021,0 32.32091941544525,34.9296539003775,0 32.32079011391523,34.92952826922998,0 32.32046903668007,34.92937074608147,0 32.32046114849854,34.92934711640006,0 32.32048191764546,34.92932035862856,0 32.32056801445724,34.9293008755465,0 32.32067026109785,34.92929835812093,0 32.32078448373736,34.92931950574321,0 32.32086228235839,34.92931005299814,0 32.32126448145485,34.92918547117602,0 32.32135058013846,34.92916598754742,0 32.32146402226853,34.92925108928548,0 32.32164149727726,34.92911454035045,0 32.32183647144423,34.9288838781623,0 32.32180185380054,34.92870517197915,0 32.32180218267215,34.92867824308934,0 32.32190111877007,34.92861173620475,0 32.32218827136991,34.92853332512603,0 32.32230356109915,34.92846695421081,0 32.32242367400378,34.92834002856365,0 32.32248688196095,34.92818569881798,0 32.32247997595739,34.92808128254921,0 32.32241931136422,34.92802691693272,0 32.32239498819526,34.92800988332575,0 32.3224158390962,34.92797639208416,0 32.32260082902044,34.92789376669786,0 32.32302272180318,34.92782993789803,0 32.32312521124477,34.92780722350115,0 32.32327340667402,34.92772429023691,0 32.32338848946653,34.92767474837639,0 32.32356550513946,34.92757522330712,0 32.32387456770265,34.92737580046017,0 32.32396127726358,34.92730582458295,0 32.32426964323852,34.92716362239756,0 32.3243754468909,34.92686825660525,0 32.32447155903271,34.9266973648992,0 32.32461317041307,34.92648308842322,0 32.32477939355751,34.92626228256493,0 32.32491564628307,34.92615231949101,0 32.32499781618264,34.92611933432558,0 32.32504307118789,34.92609614436996,0 32.32511767733455,34.92601260077807,0 32.32517307167624,34.92582790786509,0 32.32518186052324,34.92577748451732,0 32.32529424077874,34.92561346021964,0 32.32537150279923,34.92531112384968,0 32.32545915031522,34.92482708865288,0 32.32546560936765,34.92463189009446,0 32.32552255318569,34.92431928630536,0 32.32560868607695,34.92395979498663,0 32.3256964119871,34.92346902543896,0 32.3257146424551,34.92331432253347,0 32.32577448809491,34.92309936721214,0 32.32581029676358,34.92284381744544,0 32.32587161326018,34.92250768450081,0 32.32591555439566,34.92225556822327,0 32.32594396431655,34.92193599468545,0 32.32597355630165,34.9215188059114,0 32.32601758004535,34.92125995731814,0 32.32603650483468,34.92104803072431,0 32.32608759824157,34.92054349290176,0 32.32609916430685,34.92026417780058,0 32.32617302610225,34.9199045843977,0 32.32621786334023,34.91957841413318,0 32.32622644545784,34.91920817979239,0 32.32624197500603,34.91893899689871,0 32.32646793940426,34.91884660392471,0 32.32679249631893,34.91871462923392,0 32.32691986559549,34.91866181758986,0 32.32713683755908,34.91863667796336,0 32.32739497127579,34.91858831358523,0 32.32764983244738,34.918472592779,0 32.32752531939058,34.91828977936639,0 32.32742009971201,34.9182013844362,0 32.32727323139669,34.91817660813341,0 32.32717954288067,34.91814890354383,0 32.32703725143592,34.9180837669421,0 32.32698869356498,34.91807781367099,0 32.3267884460029,34.91802751313201,0 32.32665530177744,34.91796479298459,0 32.32655047255159,34.917840687066,0 32.32643402341618,34.91770026947877,0 32.32632084587686,34.9176150123981,0 32.32623082524482,34.9175688636568,0 32.32619715493175,34.91742264263686,0 32.32614714010644,34.91732493636577,0 32.32615919074945,34.91730557671643,0 32.32621861375744,34.91727687783025,0 32.32623893298011,34.91722515711677,0 32.32622857566966,34.91710507398938,0 32.32623440106399,34.91694945020892,0 32.32625499653698,34.91687502788919,0 32.32626580781025,34.91683228937087,0 32.32631529267919,34.91663670435556,0 32.32632374052952,34.9163545728554,0 32.32627144744494,34.9162109681676,0 32.32618727203897,34.91605181658228,0 32.32618280820606,34.91600173604221,0 32.32621699255984,34.91582546022485,0 32.32620544593697,34.91580312574767,0 32.32617172251109,34.91580007494785,0 32.3261210896076,34.91579966978161,0 32.32608755134598,34.91578132921694,0 32.3260378513031,34.91570308265516,0 32.32593993220985,34.9152824729267,0 32.32588611818204,34.91512495342923,0 32.32590067214002,34.91503749195945,0 32.32598747581915,34.91469621214821,0 32.32599345715398,34.91461980048209,0 32.32596412703781,34.91453198651867,0 32.32584796780895,34.91436562709489,0 32.3257561071774,34.91428426377204,0 32.32525988250552,34.91400086353644,0 32.32521066848822,34.91388230515709,0 32.32504683894228,34.91375031728176,0 32.32495533038427,34.91363976195009,0 32.32481646628334,34.91353716709741,0 32.32467637056286,34.91346714703632,0 32.3245564012815,34.91340718494002,0 32.32451639511083,34.91336516016332,0 32.32451169967689,34.91333453989858,0 32.32459266074687,34.91319895492707,0 32.32459145682194,34.9131586304611,0 32.32454316375505,34.91310402720405,0 32.32445277833439,34.9130407454504,0 32.32445096438622,34.91303695571614,0 32.32444923271398,34.91303314119949,0 32.32444758221606,34.91302930279572,0 32.32444601288501,34.91302544140626,0 32.3244445247209,34.91302155703108,0 32.32444312097685,34.91301765329395,0 32.32444179947178,34.91301372928133,0 32.3244405601909,34.91300978679598,0 32.32443940530795,34.91300582765284,0 32.32443833591714,34.91300185185797,0 32.32443734872832,34.9129978602945,0 32.32443644698736,34.91299385748759,0 32.32443563072372,34.91298983983172,0 32.32443489879149,34.91298581363048,0 32.3244342534087,34.91298177529048,0 32.32443369343675,34.91297773021393,0 32.32443321889779,34.91297367569671,0 32.32443283084174,34.91296961715314,0 32.32443252710967,34.91296555096558,0 32.32443231093257,34.91296148346188,0 32.32443218123098,34.91295741283328,0 32.32443213799752,34.91295333998107,0 32.32443218010834,34.9129492685047,0 32.32443230976673,34.91294519661363,0 32.32443252365298,34.91294112879645,0 32.32443282615149,34.91293706417615,0 32.3244332117762,34.91293300452502,0 32.324433685991,34.91292895077488,0 32.3244342455057,34.91292490380886,0 32.32443489029077,34.91292086723251,0 32.32443562036835,34.91291683834165,0 32.3244364357015,34.91291282164315,0 32.32443733628283,34.91290881803841,0 32.32443832211231,34.91290482752745,0 32.32443939208094,34.9129008519069,0 32.32444054399279,34.91289689206602,0 32.32444178111586,34.91289294982575,0 32.32444310345011,34.91288902518613,0 32.32444450550952,34.9128851199195,0 32.32444599164894,34.91288123675432,0 32.32444756078146,34.91287737478309,0 32.32444921071123,34.91287353489506,0 32.32445094140865,34.91286972069572,0 32.32445275288114,34.91286593128372,0 32.32445464401226,34.91286216935706,0 32.32445661590364,34.91285843402049,0 32.32445866524299,34.91285472886119,0 32.32446079422618,34.91285105299004,0 32.32446299955568,34.9128474081915,0 32.32446528121672,34.91284379626829,0 32.32446764031093,34.91284021632517,0 32.32447214366324,34.91283376736571,0 32.32451106147832,34.91282573931523,0 32.32456824382346,34.91284288033459,0 32.32461486327792,34.91288656350389,0 32.32469843506315,34.91296486818754,0 32.32472555536454,34.9129553556764,0 32.32474956854325,34.91292357436132,0 32.32479323091513,34.91280159263051,0 32.32479615086421,34.91279700530612,0 32.32479916565848,34.91279246177676,0 32.32480227748642,34.91278796205455,0 32.32480548305788,34.91278350702265,0 32.32480878344498,34.91277909939124,0 32.32481217645181,34.91277474004956,0 32.32481566207839,34.9127704289976,0 32.32481923701242,34.91276616982262,0 32.32482290453662,34.91276196254286,0 32.32482665807077,34.91275780892453,0 32.32483049870908,34.9127537089738,0 32.32483442752367,34.91274966540082,0 32.32483844122441,34.91274567908869,0 32.32484253761539,34.91274175092669,0 32.32484671558761,34.91273788271143,0 32.3248509773296,34.91273407445513,0 32.32485531844954,34.91273032793615,0 32.3248597378311,34.91272664585257,0 32.32486423330788,34.91272302548808,0 32.32486880811837,34.91271947226919,0 32.32487345571182,34.91271598435666,0 32.32487817497923,34.91271256354715,0 32.32488296809433,34.91270921165555,0 32.32488783068015,34.91270592865757,0 32.32489276271453,34.9127027172573,0 32.32489776092214,34.91269957653518,0 32.32490282638244,34.91269650829996,0 32.32490795471846,34.91269351252737,0 32.32491314590806,34.9126905919215,0 32.32491839995129,34.91268774648239,0 32.3249237113842,34.9126849752782,0 32.32492908127161,34.91268228192055,0 32.32493450741762,34.91267966729866,0 32.32493998764853,34.9126771295976,0 32.32494552193479,34.91267467242287,0 32.32495110700846,34.91267229395349,0 32.32495674175316,34.91266999688749,0 32.32496242398776,34.91266778031131,0 32.32496815259591,34.91266564692305,0 32.32497392649815,34.91266359491383,0 32.32497974130267,34.9126616260621,0 32.32498559699481,34.91265974217063,0 32.32499149358194,34.91265794233804,0 32.32499742558544,34.91265622743523,0 32.32500339299794,34.91265459836367,0 32.32500939581947,34.91265305512329,0 32.32501542857144,34.91265159858514,0 32.32502149234071,34.91265022965663,0 32.32502758385935,34.91264894651675,0 32.32503370090932,34.91264775275889,0 32.3250398435054,34.9126466465803,0 32.32504600727065,34.9126456279566,0 32.32505219329192,34.9126446977953,0 32.32505843660736,34.91264385358674,0 32.32546252112434,34.91258731833116,0 32.32585243436726,34.91244586963923,0 32.32601178654935,34.91241269609873,0 32.32615201784576,34.91234458908669,0 32.32625258490278,34.91229499531275,0 32.3263803071553,34.91209451014137,0 32.32641342867265,34.91206938367547,0 32.32639465913751,34.91200846267206,0 32.32626716338614,34.91187452971916,0 32.32612091010886,34.91168994011485,0 32.3259471461317,34.91151177360157,0 32.32596062583716,34.91132979317624,0 32.32582206044761,34.91125683076627,0 32.32575591285404,34.91123387962555,0 32.32561386152216,34.91109373377112,0 32.32550239510113,34.9110363401554,0 32.32538381539027,34.91097220399536,0 32.32536838909365,34.91090348517842,0 32.32535785321147,34.9108308777409,0 32.32537588514844,34.91059726498605,0 32.32537259273165,34.91041023188852,0 32.32534250251757,34.91014886769205,0 32.32514822887575,34.90972483481699,0 32.32506768811938,34.9095143765855,0 32.32494258931855,34.90932522644945,0 32.32481662945013,34.90920790734201,0 32.3247463565388,34.90917997673048,0 32.32462482506939,34.90915505501942,0 32.32448089840518,34.90915047814615,0 32.32431379151481,34.90911607044634,0 32.32411695773073,34.90902098579118,0 32.32401257258181,34.90895173055199,0 32.32390021109045,34.9088550448162,0 32.32383307753346,34.90868118227009,0 32.32369009679599,34.90848276571502,0 32.32361058793843,34.90841713074701,0 32.32351152080819,34.90836616203181,0 32.32337772385152,34.9083251778146,0 32.32313733538412,34.90828333482398,0 32.32313373197307,34.90828307768152,0 32.32313013445464,34.90828276919081,0 32.32312654392307,34.90828240935803,0 32.32312296146512,34.90828199909055,0 32.3231193882046,34.90828153478905,0 32.32311582519134,34.90828102186781,0 32.32311227354909,34.90828045672747,0 32.32310873546624,34.90827983938021,0 32.32310520982643,34.90827917252407,0 32.32310169882543,34.90827845526984,0 32.32309820356485,34.90827768672224,0 32.3230947251167,34.90827686959152,0 32.32309126569891,34.90827600028435,0 32.32308782418037,34.90827508330155,0 32.32308440276419,34.90827411685252,0 32.32308100364621,34.90827310004807,0 32.32307762461585,34.90827203558018,0 32.32307426896307,34.90827092256571,0 32.32307093887625,34.90826976101694,0 32.32306763215224,34.90826855272434,0 32.32306435208842,34.90826729590349,0 32.32306109975673,34.90826599326461,0 32.32305787517202,34.90826464300495,0 32.32305467942108,34.90826324603201,0 32.3230515135759,34.90826180505596,0 32.32304837874549,34.90826031828018,0 32.32304527711081,34.90825878661827,0 32.32304220648349,34.90825721005798,0 32.32303917122549,34.90825559042648,0 32.32303617133684,34.90825392772377,0 32.32303320573813,34.90825222014102,0 32.32303027658072,34.90825047219729,0 32.32302738607523,34.90824868120065,0 32.32302453311267,34.90824684894775,0 32.32302171877242,34.90824497724746,0 32.32301894744604,34.9082430643214,0 32.32301621364779,34.90824111194186,0 32.3230135239354,34.90823912104675,0 32.3230108750263,34.90823709161786,0 32.32300827129728,34.90823502367954,0 32.32300571054512,34.90823291902234,0 32.32300319385664,34.90823077855378,0 32.32300072561599,34.90822860139683,0 32.3229983014242,34.90822639023126,0 32.32299592677445,34.90822414238338,0 32.32299359834712,34.90822186234183,0 32.32299131833803,34.90821954921745,0 32.32298908892814,34.90821720392378,0 32.32298690792909,34.90821482644863,0 32.32298477861602,34.90821241771167,0 32.32298270098154,34.90820997861432,0 32.32298067501085,34.90820751095928,0 32.32297870180553,34.90820501385129,0 32.3229767813582,34.90820248819172,0 32.3229749158424,34.90819993579559,0 32.32297310415657,34.90819735755811,0 32.32297134630068,34.9081947534793,0 32.32296964554992,34.90819212447882,0 32.3229679997085,34.9081894714459,0 32.32296640987058,34.90818679438662,0 32.32296487929657,34.90818409602335,0 32.32296340471126,34.90818137543648,0 32.32296198609986,34.90817863442877,0 32.32296062893332,34.90817587303072,0 32.32295932773327,34.90817309211316,0 32.32295808686168,34.90817029350329,0 32.32295690741272,34.90816747720719,0 32.32295578499484,34.90816464500324,0 32.32295472399218,34.90816179601445,0 32.32295372328835,34.90815893293885,0 32.32295278287596,34.90815605667781,0 32.32295190385657,34.90815316633608,0 32.32295108621538,34.90815026371641,0 32.32295032994498,34.90814734972017,0 32.32294963612477,34.9081444261562,0 32.32294900475473,34.90814149302452,0 32.32294843474068,34.90813855031905,0 32.32294792824878,34.90813560075608,0 32.32294748309803,34.90813264342205,0 32.32294678322978,34.9081267244064,0 32.32292015312543,34.9080387092507,0 32.32291101277519,34.90787785494785,0 32.32288545311184,34.90781607616128,0 32.3227855789952,34.9077172072197,0 32.32266204935101,34.90762841313546,0 32.32262078162371,34.90760641564398,0 32.32259578189723,34.90761305588031,0 32.32256098069976,34.90774390941256,0 32.32251806258608,34.90808906899931,0 32.32256023475948,34.90815098372985,0 32.32273810961272,34.90821056739284,0 32.32299391644064,34.90835173887196,0 32.32303204553125,34.9084044977314,0 32.32303603206719,34.90853338239797,0 32.32302042206289,34.90856518497057,0 32.32297590363893,34.90858307173774,0 32.32288342982808,34.9085595216699,0 32.32275758041248,34.90854824767558,0 32.32252500491871,34.90854751749607,0 32.32225633826546,34.908554477536,0 32.32215697046495,34.90852859165328,0 32.32210332668758,34.90849965343671,0 32.32209811906154,34.90847224466705,0 32.32224720126054,34.90827845603667,0 32.32229973885257,34.90816941220989,0 32.32230166030161,34.90816582085119,0 32.32230272828376,34.90816368954039,0 32.32230375262422,34.90816154266205,0 32.32230473002564,34.90815938200069,0 32.3223056604806,34.90815720845766,0 32.32230654619228,34.9081550202424,0 32.32230738495011,34.90815282004682,0 32.32230817784088,34.90815060877845,0 32.3223089226762,34.90814838642504,0 32.32230962055027,34.90814615299276,0 32.32231027144086,34.90814391118569,0 32.32231087318183,34.90814165828751,0 32.32231142792453,34.9081393988173,0 32.32231193568377,34.90813713097234,0 32.3223123942638,34.90813485564176,0 32.32231280473652,34.90813257553584,0 32.322313168211,34.90813028885792,0 32.32231348028825,34.9081279982877,0 32.32231374536724,34.90812570114547,0 32.32231396339614,34.90812340374087,0 32.32231413112943,34.90812110154872,0 32.32231424854487,34.90811879727313,0 32.32231432000442,34.90811649274132,0 32.32231434224034,34.90811418613212,0 32.32231431303461,34.90811188103897,0 32.3223142367714,34.9081095765848,0 32.32231411236394,34.90810727186221,0 32.32231393868842,34.90810497047052,0 32.32231371574484,34.90810267240981,0 32.32231344354061,34.90810037677866,0 32.32231312423448,34.90809808719478,0 32.32231275566772,34.90809580004051,0 32.32231233779588,34.90809352072402,0 32.32231187282954,34.90809124655351,0 32.32231136075395,34.9080889793316,0 32.32231079935846,34.90808672175032,0 32.32231018976692,34.9080844702102,0 32.32230953304388,34.9080822283229,0 32.32230882918195,34.90807999698977,0 32.32230807818851,34.90807777530944,0 32.32230728113558,34.90807556599214,0 32.32230643475537,34.90807336721679,0 32.32230554340244,34.90807118171195,0 32.32230460709158,34.90806900767489,0 32.32230362360484,34.90806684869886,0 32.32230259512315,34.9080647056975,0 32.32230152058195,34.90806257505914,0 32.3223004021326,34.90806046130288,0 32.32229923757933,34.90805836531797,0 32.3222980291327,34.90805628441238,0 32.32229677785732,34.90805422219779,0 32.32229548266638,34.90805217776668,0 32.3222941435525,34.90805015202043,0 32.32229276268182,34.90804814767542,0 32.32229133898235,34.90804616202136,0 32.32228987353352,34.9080441968671,0 32.32228836741468,34.90804225402155,0 32.32228681844486,34.90804033257112,0 32.32228523208758,34.90803843344764,0 32.32228360395129,34.90803655842952,0 32.3222819362392,34.90803470572617,0 32.32228022893646,34.90803287714036,0 32.32227848421667,34.90803107448703,0 32.32227669989143,34.90802929775398,0 32.32227488035229,34.90802754516289,0 32.32227302338128,34.90802582030701,0 32.32227113008739,34.90802412138973,0 32.3222691993542,34.90802245110909,0 32.3222672355659,34.90802080858808,0 32.32226523653408,34.90801919381452,0 32.32226320334554,34.90801760769589,0 32.3222611381664,34.90801605294852,0 32.32225903883054,34.90801452685603,0 32.32225690860572,34.90801303123954,0 32.3222547474919,34.90801156609905,0 32.32225255438007,34.90801013323117,0 32.32225033147348,34.90800873084535,0 32.32224807984403,34.90800736165187,0 32.32224579841237,34.90800602384183,0 32.32224349043885,34.90800472013767,0 32.32224115374247,34.90800344962581,0 32.32223879159841,34.90800221322596,0 32.32223640181829,34.90800101092589,0 32.32223398877144,34.90799984365137,0 32.32223155137848,34.90799870959358,0 32.32222908962461,34.90799761055524,0 32.32222660458179,34.9079965492466,0 32.32222409846801,34.90799552207433,0 32.32222157016686,34.90799453173652,0 32.3222190218593,34.9079935791467,0 32.32221645247336,34.90799266159463,0 32.32221386636357,34.90799178180889,0 32.32221126026218,34.90799093796836,0 32.32220863633535,34.90799013278944,0 32.32220599677142,34.9079893662843,0 32.32220334049105,34.90798863664406,0 32.32220066966777,34.90798794568373,0 32.32219798539576,34.90798729340937,0 32.32219528658084,34.9079866798149,0 32.32219257541139,34.90798610491252,0 32.32208012004767,34.90789739814609,0 32.32205051757427,34.90782646254976,0 32.32202946731825,34.90773507096026,0 32.32199957619769,34.90768807905558,0 32.32192409803455,34.90763273805437,0 32.32183458743826,34.90759324769387,0 32.32166703605745,34.90748129195638,0 32.32158617318267,34.90741336481453,0 32.32145273536086,34.90734273279347,0 32.32122393626118,34.90714362143201,0 32.32111190969452,34.90701956969072,0 32.32107545449571,34.90694287606498,0 32.32105450186508,34.90684350367513,0 32.32095985092073,34.90642653871695,0 32.32096595049155,34.90637983687806,0 32.32099282954564,34.9063321604162,0 32.3210456643637,34.90631320126079,0 32.32130707202501,34.90633355149564,0 32.3213860861187,34.90632506505079,0 32.32143642780407,34.90628328047029,0 32.32150135423107,34.90618003915314,0 32.32152075045663,34.90606388589081,0 32.3215192181215,34.90596124796383,0 32.32150029053611,34.90592346564463,0 32.3214345485158,34.90586478303985,0 32.32122151261413,34.90573649589304,0 32.32111724304021,34.90565811734486,0 32.32106819301059,34.90559272566492,0 32.32101013155167,34.90535622023406,0 32.32096648806476,34.90507193802862,0 32.32092179823196,34.90498947881989,0 32.32084254269278,34.904903319017,0 32.32078407908563,34.90481504614907,0 32.32070198580634,34.90473456466607,0 32.32064465871493,34.90466682612362,0 32.3206372225471,34.90465832833498,0 32.32063037009171,34.90464551780902,0 32.3206268531207,34.90463677871261,0 32.32062528399447,34.90462828307062,0 32.3206245250307,34.90462185711093,0 32.32062435546796,34.90461268601583,0 32.3206264366008,34.90460192748101,0 32.32063019142112,34.90459095474957,0 32.32063480514875,34.9045821114664,0 32.32063848680921,34.90457709851578,0 32.32064414801044,34.90456980882578,0 32.3206523188138,34.90456231051249,0 32.3206646780886,34.90455415864372,0 32.32067393239281,34.9045494193224,0 32.32068401254865,34.90454537600561,0 32.32068767063056,34.90454402268758,0 32.32069478702093,34.90453660952131,0 32.32070325252636,34.90452773728449,0 32.32070636863447,34.90452363611225,0 32.32071627434762,34.90451087959173,0 32.32072422249378,34.90449879450452,0 32.32073134070399,34.90448624325116,0 32.32073618874758,34.90447711281901,0 32.32074226385728,34.90446114746538,0 32.32074602352781,34.90444971593416,0 32.3207498167925,34.90443553345615,0 32.32075252576676,34.90441882004015,0 32.32075378776838,34.90440667955465,0 32.32075396133762,34.90439277701958,0 32.32075252437978,34.90437327938255,0 32.32074885275746,34.90435422086787,0 32.32074305553202,34.90433378482172,0 32.32071874017677,34.90429103969206,0 32.32061062608027,34.90426549218844,0 32.32038674325423,34.90425781336118,0 32.31988369590447,34.9042126281264,0 32.31974301543341,34.90416684101047,0 32.31954897915325,34.90405011973765,0 32.31928577054041,34.90387291036567,0 32.31919408648024,34.90378639052208,0 32.31895041764627,34.90352708215784,0 32.31851336209271,34.90321568495128,0 32.31850098273035,34.90320997715438,0 32.31849413700151,34.90320700194145,0 32.31848722919062,34.90320412463483,0 32.31848026256514,34.90320134705566,0 32.31847323711017,34.90319867100668,0 32.31846615610802,34.90319609650631,0 32.31845902284853,34.90319362267156,0 32.31845183620774,34.9031912531018,0 32.31844460275779,34.90318898693244,0 32.3184373213971,34.90318682505874,0 32.31842999430646,34.9031847683943,0 32.31842262695641,34.90318281696984,0 32.31841521825285,34.90318097077918,0 32.31840777145576,34.90317923254489,0 32.31840028875335,34.90317760227918,0 32.31839277233384,34.90317607999437,0 32.31838522439288,34.90317466480133,0 32.31837765038617,34.90317335853349,0 32.31837004702388,34.90317216207379,0 32.31836242197969,34.90317107366244,0 32.31835477304301,34.90317009599132,0 32.31834710459773,34.90316922818354,0 32.31833941991874,34.90316847115893,0 32.31833171901349,34.90316782401612,0 32.31832400733759,34.9031672885885,0 32.31831628380439,34.90316686396856,0 32.31830855388447,34.90316655018702,0 32.31830081757031,34.90316634814522,0 32.31829307815916,34.90316625605882,0 32.31828533782436,34.90316627574285,0 32.31827759984819,34.90316640721574,0 32.31826986642633,34.90316664958836,0 32.31826213755878,34.90316700286074,0 32.31825441761451,34.90316746795877,0 32.31824670989075,34.9031680430981,0 32.31823901438005,34.90316872918017,0 32.31823133655295,34.90316952623562,0 32.31822367423609,34.90317043244944,0 32.31821603287771,34.90317145055644,0 32.31820841578995,34.90317257696955,0 32.31820082296527,34.90317381259013,0 32.31819325658451,34.90317515833183,0 32.31818571994487,34.90317661241034,0 32.31794020026093,34.90318872819717,0 32.31787862111706,34.90320820664122,0 32.31777627781656,34.90329550986038,0 32.31777451858218,34.90329694135625,0 32.31777272783439,34.90329834653403,0 32.31777090775395,34.90329972630737,0 32.31776906054399,34.90330107888577,0 32.31776718291476,34.90330240515222,0 32.31776527705446,34.90330370511899,0 32.31776334626782,34.90330497610037,0 32.31776138726504,34.90330621897929,0 32.31775940221944,34.90330743557083,0 32.31775739116831,34.90330862136807,0 32.3177553562775,34.9033097790874,0 32.31775329756942,34.90331090602471,0 32.31775121392755,34.90331200487804,0 32.31774910865665,34.90331307296163,0 32.31774697956845,34.90331411026317,0 32.31774483103202,34.90331511770864,0 32.31774265978732,34.90331609257549,0 32.31774046800027,34.90331703758011,0 32.31773825678734,34.9033179500245,0 32.31773602723518,34.90331883081623,0 32.31773378043797,34.90331967996138,0 32.31773151421486,34.90332049654633,0 32.31772923075415,34.90332128058335,0 32.31772693116483,34.90332203027582,0 32.3177246165187,34.903322748334,0 32.31772228793223,34.90332343205993,0 32.31771994430385,34.90332408234881,0 32.31771758781436,34.90332470011434,0 32.31771521739944,34.90332528174482,0 32.31771283631166,34.90332583086423,0 32.31771044347926,34.90332634476228,0 32.31770803889479,34.90332682434033,0 32.31770562584807,34.90332726871546,0 32.3177032043242,34.90332767969041,0 32.31770077433809,34.90332805546238,0 32.31769833480308,34.90332839512393,0 32.31769589006583,34.90332870230509,0 32.31769343907697,34.90332897159145,0 32.31769098290825,34.9033292056933,0 32.31768852154476,34.90332940641339,0 32.31768605611792,34.90332956925099,0 32.31768358877869,34.90332969872523,0 32.31768111736118,34.90332979211972,0 32.31767864514779,34.90332984945292,0 32.31767617323263,34.90332987073091,0 32.31767370049921,34.9033298586517,0 32.31767122807894,34.90332980871456,0 32.31766875703614,34.90332972453114,0 32.3176662873857,34.90332960429868,0 32.31766382350413,34.90332944804175,0 32.31766135990589,34.90332925753239,0 32.31765890206908,34.90332903189998,0 32.31765645109527,34.90332877024918,0 32.31765400370208,34.90332847256168,0 32.31765156314954,34.90332814155995,0 32.31764913164825,34.9033277745522,0 32.31764670590837,34.90332737242136,0 32.31764429139311,34.90332693609951,0 32.3176418859291,34.90332646377166,0 32.317639489494,34.90332595814189,0 32.31763710538507,34.90332541742588,0 32.3176347324933,34.90332484342026,0 32.31763237192024,34.90332423522981,0 32.31763002586163,34.9033235919654,0 32.31762769320096,34.90332291632502,0 32.31762537395317,34.90332220650597,0 32.31762307138568,34.9033214643294,0 32.31762078441187,34.90332068888777,0 32.31761851521993,34.90331988019341,0 32.31761626270089,34.90331904004288,0 32.31761402795629,34.90331816754102,0 32.3176118131893,34.9033172608973,0 32.31760961617441,34.90331632460632,0 32.31760744020888,34.9033153568838,0 32.31760528530019,34.90331435682836,0 32.31760315142594,34.90331332714409,0 32.31760104188346,34.90331226604671,0 32.31759895228129,34.90331117531438,0 32.31759688809756,34.90331005407645,0 32.31759484493338,34.90330890501249,0 32.31759282938332,34.90330772455381,0 32.31759083814263,34.90330651538614,0 32.31758887447132,34.90330528023205,0 32.31758693511685,34.90330401546764,0 32.31758502335414,34.90330272201263,0 32.3175831391608,34.90330140257121,0 32.31758128363843,34.90330005624816,0 32.31757937306156,34.90329861947393,0 32.31749172861352,34.90323210642035,0 32.31740792187468,34.90320205116144,0 32.31735230541197,34.90320042632592,0 32.31727907385488,34.90323978654302,0 32.31717020823586,34.90327650908142,0 32.31707609241914,34.90327339771535,0 32.31703691942401,34.90320962657692,0 32.31690381018572,34.90300996304499,0 32.31687281237404,34.90297798671902,0 32.31684288534058,34.90297539368662,0 32.31670095616,34.9030329988495,0 32.31664813570012,34.90303609662759,0 32.31661127378518,34.90301699650236,0 32.31652976494421,34.9029152816456,0 32.31640841079494,34.9026875106892,0 32.31630674531633,34.90260090819805,0 32.31619215621097,34.90252125136934,0 32.31607567256794,34.90248035475527,0 32.31592753681506,34.90246152963864,0 32.31581208138419,34.90245354400162,0 32.31574103044183,34.90243064276298,0 32.31559273623053,34.90230723357998,0 32.31555613242107,34.90226698456785,0 32.31557872883736,34.90219592305813,0 32.31562293986992,34.90215603898218,0 32.31578565370186,34.90210018274379,0 32.31579268784415,34.90209624888201,0 32.31591254747658,34.90202920437178,0 32.31602489170078,34.90188608265021,0 32.31600117319817,34.90172277677886,0 32.31595404971519,34.90158046305959,0 32.31593804792062,34.90141722223316,0 32.3159436320942,34.9013960216076,0 32.31594401496982,34.90139471129449,0 32.3159444524531,34.90139341300718,0 32.31594494563073,34.90139212765322,0 32.31594549338609,34.90139085793056,0 32.31594609243696,34.90138960382075,0 32.31594674713725,34.90138836805252,0 32.31594745090748,34.90138715239174,0 32.31594820702244,34.9013859577582,0 32.31594901328646,34.90138478504102,0 32.31594986859048,34.90138363603673,0 32.31595077291958,34.90138251254814,0 32.31595172407806,34.90138141546427,0 32.31595272095689,34.90138034658174,0 32.31595376244703,34.90137930769719,0 32.31595484636775,34.90137829789686,0 32.31595597268166,34.90137732168767,0 32.31595714140374,34.90137637726682,0 32.31595834704109,34.90137546730772,0 32.31595959176691,34.90137459362538,0 32.31596087340798,34.90137375440483,0 32.31596218865214,34.90137295323297,0 32.31596353749936,34.9013721901099,0 32.31596491883314,34.90137146773356,0 32.31596632829947,34.90137078337517,0 32.31596776586104,34.90137014154165,0 32.31596923153278,34.90136954043024,0 32.31597071982924,34.90136898181287,0 32.31597223292369,34.90136846750465,0 32.31597376426647,34.90136799566589,0 32.31597531711751,34.90136756901916,0 32.31597688491964,34.90136718662612,0 32.31597846984613,34.90136685030189,0 32.31598006642652,34.9013665600157,0 32.31598167576982,34.90136631397088,0 32.3159832945639,34.90136611575449,0 32.31598491844727,34.90136596353918,0 32.3159865495932,34.90136585914,0 32.31598818582845,34.90136580074186,0 32.31598982058095,34.90136578920918,0 32.31599145603146,34.90136582545573,0 32.31599308889766,34.90136590946301,0 32.31599471700633,34.90136603941589,0 32.31599633925585,34.90136621620964,0 32.31599795237148,34.90136643892442,0 32.31599955525159,34.90136670845543,0 32.31600114681709,34.90136702299373,0 32.31600272377817,34.90136738342228,0 32.31600428175846,34.90136778971644,0 32.31600582404772,34.90136824099327,0 32.31600734737117,34.90136873633296,0 32.31600884736734,34.90136927390809,0 32.31601032294213,34.90136985371257,0 32.31601177299398,34.90137047664152,0 32.31601319753784,34.90137114089227,0 32.31601459109578,34.90137184733535,0 32.31601595590079,34.90137259057489,0 32.31601728754661,34.90137337419168,0 32.31601858496158,34.90137419547551,0 32.31601984596495,34.90137505351264,0 32.3160210716658,34.90137594650649,0 32.31602225659362,34.90137687442625,0 32.31602340293659,34.90137783728427,0 32.31602450744982,34.90137883055517,0 32.31602557011833,34.90137985604171,0 32.31602658658072,34.90138091191653,0 32.31602755904758,34.90138199548776,0 32.3160284842366,34.90138310673698,0 32.31602936435844,34.90138424297233,0 32.31603019284845,34.90138540415688,0 32.31603097409057,34.9013865894139,0 32.31603175116854,34.90138788101511,0 32.31611408804406,34.90153305835115,0 32.3162230328384,34.90166740602614,0 32.31635369209434,34.90170872928057,0 32.31655186488462,34.90169764758464,0 32.31659339890824,34.90166621333298,0 32.31682333718536,34.90158125180947,0 32.31696155208718,34.9014256321918,0 32.31699609666074,34.90133482883227,0 32.31694723645258,34.90133442715278,0 32.31687060607821,34.90129143230456,0 32.31676324066963,34.90102787906506,0 32.31654687899329,34.90063421480651,0 32.3165574029402,34.90060905764719,0 32.316557870428,34.90060796595143,0 32.31655838374793,34.9006068889361,0 32.31655894181344,34.90060582569369,0 32.31655954349306,34.90060478072495,0 32.31656018989578,34.90060375223325,0 32.31656088098431,34.90060274472545,0 32.31656161239721,34.90060175637426,0 32.31656238630028,34.90060078989606,0 32.31656319939631,34.90059984707518,0 32.31656405277936,34.90059892791775,0 32.31656494644199,34.90059803332515,0 32.31656587489884,34.90059716506941,0 32.31656684033057,34.90059632406417,0 32.31656784054159,34.90059551119853,0 32.31656887551694,34.90059472827522,0 32.31656994198183,34.90059397437444,0 32.31657103990641,34.90059325310165,0 32.31657216930559,34.90059256265417,0 32.31657332468655,34.9005919057053,0 32.31657450933901,34.90059128137216,0 32.31657571885676,34.90059069323564,0 32.316576951074,34.9005901385793,0 32.31657820815659,34.90058962011957,0 32.3165794857206,34.90058913873324,0 32.31658078377359,34.90058869351893,0 32.31658209901085,34.90058828716231,0 32.31658342925917,34.90058791784831,0 32.31658477669924,34.90058758649063,0 32.31658613584571,34.90058729486127,0 32.31658750778519,34.90058704386772,0 32.31658888926528,34.90058682988606,0 32.3165902780605,34.90058665741084,0 32.31659167309169,34.90058652463319,0 32.31659307435138,34.90058643245445,0 32.31659447857223,34.90058637905344,0 32.3165958835437,34.90058636712199,0 32.31659728817915,34.90058639575252,0 32.31659868919633,34.90058646492663,0 32.31660008879836,34.90058657285384,0 32.31660148258647,34.90058672221369,0 32.31660286838746,34.90058691119113,0 32.31660424619383,34.90058714068751,0 32.31660561273079,34.90058740978301,0 32.31660696801329,34.90058771667488,0 32.31660830765751,34.90058806223989,0 32.31660963384418,34.9005884473917,0 32.31661094221933,34.90058886940163,0 32.31661223058734,34.90058932915868,0 32.31661350113634,34.90058982667519,0 32.31661474841837,34.9005903592163,0 32.31661597243337,34.90059092678193,0 32.31661716989164,34.90059153025506,0 32.31661834409785,34.90059216695003,0 32.31661948848001,34.90059283773128,0 32.31662060632782,34.90059354171585,0 32.31662169219328,34.90059427616891,0 32.31662274498228,34.90059504108427,0 32.31662376578893,34.9005958364681,0 32.31662475134589,34.9005966604992,0 32.31662570274725,34.90059751318369,0 32.31662661672567,34.9005983927004,0 32.31662749439019,34.90059929725268,0 32.31662819046223,34.90060006557088,0 32.31676152028652,34.90074824786839,0 32.31684045625794,34.9006027335661,0 32.31690926114761,34.90044442519773,0 32.31689471457089,34.90037228298438,0 32.31667739517485,34.90005698845346,0 32.31662632629673,34.90002691298843,0 32.31657749098686,34.90002439206509,0 32.31657905274467,34.90010702054808,0 32.31660321360599,34.90023431709045,0 32.31656895181714,34.90030182112566,0 32.31647354502421,34.9003222201141,0 32.316384808159,34.90021769351732,0 32.31632750482586,34.90006682315865,0 32.31627973385257,34.8999774616411,0 32.3162880980483,34.89992457186808,0 32.31620196135685,34.89981794863451,0 32.31616871236137,34.89980284757061,0 32.31598755477216,34.89947513896654,0 32.31596496568973,34.89939739231479,0 32.31596461049094,34.89939602556499,0 32.31596431337508,34.89939464742355,0 32.31596407430476,34.89939326239747,0 32.31596389546812,34.89939187049899,0 32.31596377355304,34.89939047531519,0 32.31596371292834,34.89938907777202,0 32.31596371140589,34.89938767785725,0 32.31596376894829,34.89938628007769,0 32.31596388446894,34.89938488352586,0 32.31596406011866,34.89938349272096,0 32.31596429481078,34.89938210675543,0 32.31596458742884,34.89938072832727,0 32.31596493904449,34.89937936014675,0 32.31596534746958,34.8993780022016,0 32.31596581268916,34.89937665629451,0 32.31596633578236,34.89937532423443,0 32.31596691452366,34.89937401051597,0 32.31596754893548,34.89937271243494,0 32.31596823680726,34.89937143268318,0 32.31596898028975,34.89937017577991,0 32.31596977502914,34.89936893899635,0 32.31597062427021,34.89936772685784,0 32.31597152036198,34.89936653841995,0 32.31597246983149,34.89936537822647,0 32.31597346503519,34.89936424443159,0 32.315974510312,34.89936314156678,0 32.31597559910497,34.89936206869376,0 32.31597673577544,34.89936102763989,0 32.31597791264994,34.89936002016479,0 32.31597913300325,34.89935904718839,0 32.31598039463973,34.8993581095997,0 32.31598169426224,34.89935720918302,0 32.31598303077671,34.89935634593218,0 32.31598440306661,34.89935552254517,0 32.31598581003793,34.89935473901581,0 32.3159872495025,34.89935399533182,0 32.31598871815569,34.89935329417884,0 32.31599021817816,34.89935263647055,0 32.315991743013,34.89935202126868,0 32.3159932937393,34.89935145038208,0 32.31599486816148,34.89935092469987,0 32.31599646189576,34.89935044509876,0 32.31599807713775,34.89935001068967,0 32.31599970949627,34.89934962325079,0 32.31600135568159,34.899349283665,0 32.31600301679527,34.89934899103702,0 32.31600468954765,34.89934874624984,0 32.31600637064905,34.89934855018633,0 32.3160080601069,34.89934840194512,0 32.31600975353751,34.89934830240296,0 32.31601145093337,34.89934825246121,0 32.31601315012877,34.89934824940343,0 32.31601484671756,34.89934829681053,0 32.31601654180126,34.89934839378729,0 32.31601822993195,34.89934853759873,0 32.31601991218876,34.89934873005383,0 32.31602158528202,34.89934897203548,0 32.31602324704598,34.89934926082719,0 32.31602489637167,34.89934959822563,0 32.3160265289052,34.89934998150201,0 32.31602814463911,34.89935041155771,0 32.31602974137778,34.89935088928176,0 32.31603131696298,34.89935141105636,0 32.31603286919162,34.89935197867197,0 32.31603530187937,34.89935297941693,0 32.3160694692213,34.89936827408162,0 32.31610983827109,34.8993942340852,0 32.31622891861825,34.89950677846205,0 32.31632196246029,34.89948926623649,0 32.31640986012633,34.89945121226849,0 32.31644621442808,34.89944818783736,0 32.3164755736257,34.8994672629486,0 32.31651691505035,34.89950516670081,0 32.31651879845383,34.89950683320145,0 32.3165199327871,34.89950779057889,0 32.31652108695556,34.89950873094089,0 32.31652225985768,34.89950965518263,0 32.3165234526025,34.89951056150753,0 32.31652466516759,34.89951145261972,0 32.31652589648873,34.89951232490755,0 32.31652714437782,34.89951317835867,0 32.31652841210211,34.89951401479434,0 32.31652969638687,34.8995148332947,0 32.31653099723954,34.89951563295838,0 32.31653231576169,34.89951641289017,0 32.31653365085175,34.89951717398526,0 32.31653500250974,34.89951791624365,0 32.31653636855498,34.89951863875168,0 32.31653775008154,34.89951934151553,0 32.31653914490127,34.89952002452282,0 32.31654055411572,34.89952068687838,0 32.31654197990553,34.89952132949587,0 32.31654341681533,34.89952195054177,0 32.31654486701829,34.89952255183115,0 32.3165463294353,34.89952313155509,0 32.31654780514545,34.89952369152253,0 32.31654929198303,34.899524229017,0 32.31655078884651,34.89952474493372,0 32.31655229792401,34.89952523928502,0 32.31655381592586,34.8995257129538,0 32.31655534505511,34.89952616414962,0 32.31655688313111,34.89952659195877,0 32.31655842794331,34.89952699907315,0 32.3165599838904,34.89952738281314,0 32.31656154658113,34.89952774495694,0 32.31656311711707,34.89952808460934,0 32.31656469331006,34.89952840175798,0 32.31656627844979,34.89952869552,0 32.3165678681525,34.89952896677212,0 32.31656946241816,34.89952921551438,0 32.31657106234834,34.89952944085151,0 32.31657266794306,34.89952964278355,0 32.31657427700664,34.89952982219953,0 32.31657588845253,34.899529978192,0 32.3165775044614,34.89953011167457,0 32.31657912285999,34.89953022083218,0 32.31658074363344,34.89953030746761,0 32.31658236460847,34.89953036976579,0 32.31658398686426,34.89953040953564,0 32.31658560931418,34.89953042586964,0 32.31658723413893,34.89953041968142,0 32.31658885807119,34.89953038914981,0 32.31659048000197,34.89953033607144,0 32.31659209994622,34.8995302586435,0 32.31659371788898,34.89953015866878,0 32.31659533492434,34.89953003615342,0 32.31659694888653,34.89952988838097,0 32.3165985597457,34.89952971895695,0 32.31660016643018,34.8995295251711,0 32.31660176782349,34.89952930972137,0 32.31660336613616,34.89952906991594,0 32.31660495696205,34.89952880933571,0 32.3166065436207,34.89952852349226,0 32.31660812389409,34.89952821597881,0 32.31660969778972,34.89952788589394,0 32.31661126202534,34.89952753321923,0 32.31661282207131,34.89952715798542,0 32.31661437137067,34.89952675925425,0 32.31661591317578,34.89952634064965,0 32.31661744423425,34.89952589854768,0 32.31661896781343,34.89952543476953,0 32.31662048063848,34.8995249483954,0 32.31662198269454,34.899524441228,0 32.31662347398159,34.8995239132674,0 32.31662495342047,34.89952336270461,0 32.31662642100373,34.89952279044106,0 32.31662787671641,34.89952219827951,0 32.31662931947943,34.89952158441105,0 32.31663074818372,34.89952095063224,0 32.31663216502493,34.89952029605406,0 32.31663356671334,34.89951962155941,0 32.31663495324897,34.89951892714829,0 32.31663632573337,34.89951821192549,0 32.31663768196344,34.89951747768144,0 32.31663902303328,34.89951672442233,0 32.31664034894286,34.89951595214811,0 32.31664165751152,34.89951515994515,0 32.3166429487243,34.89951434961616,0 32.31664422258869,34.89951352025979,0 32.31664547908231,34.89951267458019,0 32.31664671823497,34.89951180897181,0 32.31664793674958,34.89951092521897,0 32.31664913787844,34.89951002694566,0 32.31665031947077,34.89950910963266,0 32.31665148151162,34.89950817508273,0 32.31665262289948,34.89950722419108,0 32.31665374581498,34.89950625787144,0 32.3166548469834,34.89950527520395,0 32.31665592640475,34.89950427618861,0 32.31665698515815,34.89950326263433,0 32.31665802215701,34.89950223363358,0 32.3166590374013,34.89950118918635,0 32.31666002978206,34.89950013108931,0 32.31674709699271,34.89940512135151,0 32.31681400900491,34.89940143476925,0 32.31697904809094,34.89942950589646,0 32.31698075075118,34.8994297453268,0 32.31698207784936,34.89942988619467,0 32.31698341073132,34.89942998923534,0 32.31698474503571,34.89943005262146,0 32.31698608292081,34.89943007997091,0 32.31698742004764,34.89943006675211,0 32.31698875529975,34.8994300156631,0 32.3169900897712,34.89942992671002,0 32.3169914179991,34.89942979896077,0 32.31699274107005,34.89942963332283,0 32.31699405569438,34.89942943067919,0 32.31699535970633,34.89942918831336,0 32.31699665417013,34.89942890983707,0 32.316997935811,34.89942859433044,0 32.31699920244083,34.89942824178119,0 32.31700045514621,34.89942785309687,0 32.31700168954339,34.89942742915426,0 32.31700290563236,34.89942696995332,0 32.31700410122498,34.89942647548181,0 32.31700527521228,34.89942594753632,0 32.31700642650015,34.89942538611069,0 32.31700755290794,34.89942479029124,0 32.31700865221018,34.89942416457262,0 32.31700972442179,34.899423507152,0 32.31701077062937,34.89942281893696,0 32.31701178535513,34.89942210079813,0 32.31701276858415,34.89942135453827,0 32.3170137203164,34.89942058015737,0 32.31701463945033,34.89941977855063,0 32.31701552268886,34.89941895150245,0 32.31701637112601,34.89941809901889,0 32.31701718255128,34.89941722379183,0 32.31701795587805,34.89941632491378,0 32.31701869217802,34.89941540509497,0 32.31701938818387,34.89941446251424,0 32.3170200438434,34.89941350348119,0 32.31702065809239,34.8994125243842,0 32.31702123090098,34.89941152882878,0 32.3170217611676,34.89941051771016,0 32.31702224779824,34.89940949102215,0 32.31702269077795,34.89940845056762,0 32.31702309008435,34.89940739905057,0 32.31702344462338,34.89940633646493,0 32.31702375328603,34.89940526460732,0 32.31702401715891,34.89940418438523,0 32.31703859059453,34.89933337404388,0 32.31717644938208,34.89937414553168,0 32.31717914483847,34.89937486197965,0 32.31718107122061,34.89937530277941,0 32.31718301667195,34.8993756868968,0 32.31718497790283,34.89937601521468,0 32.31718695054444,34.89937628680713,0 32.31718893351014,34.89937650076665,0 32.31719092459688,34.89937665888365,0 32.31719292053732,34.89937675933697,0 32.31719492023745,34.89937680212044,0 32.31719692040758,34.89937678811703,0 32.31719891887445,34.89937671551168,0 32.31720091234841,34.89937658518728,0 32.31720290082199,34.8993763980453,0 32.31720487881737,34.89937615495636,0 32.31720684524794,34.89937585501286,0 32.31720879793302,34.89937549730121,0 32.31721073466205,34.89937508451323,0 32.31721265216034,34.8993746157291,0 32.31721454931135,34.89937409364683,0 32.31721642175379,34.89937351643903,0 32.31721826948019,34.89937288500716,0 32.31722009028744,34.89937220114162,0 32.31722188088588,34.89937146572539,0 32.31722363798585,34.89937067964138,0 32.31722536158735,34.89936984288962,0 32.31722704839325,34.89936895725441,0 32.31722869620046,34.89936802452624,0 32.31723030392984,34.89936704289619,0 32.31723186825445,34.8993660177541,0 32.31723338918916,34.89936494729722,0 32.31723486453093,34.899363833316,0 32.31723629096771,34.89936267939753,0 32.31723766633375,34.89936148282541,0 32.31723899277988,34.89936024811881,0 32.31724026482082,34.89935897704974,0 32.31724148136253,34.89935766961207,0 32.31724264238257,34.89935632850992,0 32.31724374678695,34.89935495373719,0 32.31724479126358,34.89935354888092,0 32.31724577580499,34.89935211484249,0 32.31724669930968,34.89935065251719,0 32.31724756065373,34.89934916550431,0 32.31724835764902,34.89934765379162,0 32.31724909026568,34.89934612098461,0 32.31724975631561,34.899344567071,0 32.31725035904368,34.89934299657612,0 32.31725089299452,34.89934140766648,0 32.31725136031149,34.89933980576268,0 32.31725175771238,34.89933819084621,0 32.31725208736295,34.89933656563353,0 32.31725234815421,34.89933493192129,0 32.31725254007127,34.89933329151222,0 32.31725266199767,34.89933164710434,0 32.31725271392595,34.89932999959895,0 32.31725269473968,34.89932835169411,0 32.31725260769869,34.89932670611238,0 32.31724321918901,34.89921431111299,0 32.31716531628091,34.89906538965748,0 32.31715884410241,34.898963657712,0 32.31723518034473,34.89882023961898,0 32.31742991100447,34.89866931952906,0 32.31769824956444,34.89838766732201,0 32.31770944086025,34.89831361892428,0 32.31769265898063,34.89821392041476,0 32.31770740740469,34.8980594059117,0 32.31781246790339,34.89788020990918,0 32.31776339515081,34.89768704210765,0 32.31758239113435,34.8973466265837,0 32.31758066166387,34.89734421007965,0 32.31757898381481,34.89734176952705,0 32.31757735868125,34.89733930493203,0 32.31757578406764,34.89733681718364,0 32.31757426324119,34.89733430810311,0 32.3175727984049,34.89733177589999,0 32.31757138514532,34.89732922505659,0 32.31757002457883,34.8973266528749,0 32.31756872106671,34.89732406118227,0 32.31756747131193,34.89732145176303,0 32.31756627858169,34.89731882643834,0 32.31756513961621,34.89731618248567,0 32.31756405876929,34.89731352263374,0 32.31756303275883,34.8973108468641,0 32.31756206593114,34.8973081588068,0 32.31756115392496,34.89730545663457,0 32.31756030111646,34.89730274037198,0 32.31755950420116,34.89730001270473,0 32.31755876644624,34.89729727545399,0 32.31755808567853,34.89729452680474,0 32.31755746406377,34.89729176947339,0 32.31755690160936,34.89728900255857,0 32.31755639610488,34.89728622875212,0 32.31755595083246,34.89728344807246,0 32.31755556359652,34.89728066140872,0 32.31755523548367,34.89727786966841,0 32.31755496758046,34.89727507375905,0 32.31755475769883,34.89727227366832,0 32.31755460801192,34.89726947121132,0 32.31755451850486,34.89726666819077,0 32.31755448591035,34.89726386278551,0 32.31755451567631,34.89726105773036,0 32.31755460231758,34.89725825479739,0 32.31755475023267,34.89725545130705,0 32.31755495609472,34.89725265264914,0 32.31755522211419,34.89724985613182,0 32.31755554827616,34.89724706355788,0 32.31755593128358,34.89724427671163,0 32.31755637442605,34.89724149471012,0 32.31755687657966,34.89723872115268,0 32.3175574366653,34.8972359542305,0 32.31755805575462,34.89723319665374,0 32.31755873385511,34.89723044752114,0 32.31755946875627,34.89722770952449,0 32.31756026266113,34.89722498087333,0 32.31756111443829,34.89722226606838,0 32.31756202301616,34.89721956239941,0 32.31756298837231,34.89721687257051,0 32.31756401050675,34.89721419658171,0 32.31756509049119,34.89721153714327,0 32.31756622505834,34.89720889243402,0 32.31756741746801,34.89720626517651,0 32.31756866226484,34.89720365353726,0 32.31756996378033,34.89720106294914,0 32.31757132095021,34.89719848980047,0 32.31757273155659,34.89719593768447,0 32.3175741967084,34.89719340480456,0 32.31757571419521,34.89719089385255,0 32.31757728510359,34.89718840573601,0 32.31757890834694,34.89718593954733,0 32.31758058499695,34.89718349799686,0 32.31758231067745,34.89718108106004,0 32.31758408867056,34.89717868875523,0 32.31758591677326,34.89717632287294,0 32.31758779498558,34.89717398341317,0 32.31758972330749,34.89717167037592,0 32.31759169843455,34.89716938644685,0 32.31759372255477,34.89716713163833,0 32.3175957945816,34.89716490504276,0 32.31759791339863,34.89716270935816,0 32.31760007791182,34.89716054457841,0 32.31760228812117,34.89715841070345,0 32.31760454292517,34.89715630862857,0 32.31760684121485,34.89715424015036,0 32.31760918517836,34.89715220528108,0 32.31761157043945,34.89715020399619,0 32.31761399699818,34.8971482362957,0 32.3176164670128,34.89714630579738,0 32.31761897613696,34.89714440887115,0 32.31762152542741,34.89714255003004,0 32.31762607235058,34.89713938993458,0 32.31767778669607,34.89711651372684,0 32.31773168561342,34.89712542845753,0 32.31779192386021,34.89724666696366,0 32.31786597895288,34.89728964137851,0 32.31808151832279,34.8973295379925,0 32.31822840584125,34.89730532411088,0 32.31828037719401,34.89726126659458,0 32.31823476420542,34.89720581494384,0 32.31828118011986,34.89719560437449,0 32.31840193681855,34.89720506864567,0 32.31864287951045,34.89727059349499,0 32.31876373915323,34.89727158372465,0 32.31892122063908,34.89722203534548,0 32.31904272730311,34.8971700740364,0 32.31911802462761,34.89711137795152,0 32.31916269679157,34.89703336679879,0 32.31916432743525,34.89689992683635,0 32.31942281741652,34.89679189143406,0 32.3193885245612,34.89665180244695,0 32.31941423821866,34.89665201223082,0 32.31953367561028,34.8967694979148,0 32.31961357331885,34.89675532502739,0 32.31963193580713,34.8967258179272,0 32.31962260466648,34.89664736458244,0 32.31951800289639,34.896578722621,0 32.31951645057335,34.89657631254422,0 32.31951494984843,34.89657388112218,0 32.31951350181563,34.89657142836102,0 32.31951210535864,34.89656895695871,0 32.31951076050716,34.89656646330977,0 32.31950947049873,34.89656395284086,0 32.31950823316753,34.89656142283557,0 32.31950704959276,34.89655887510281,0 32.31950591865806,34.89655631234055,0 32.31950484366782,34.8965537318631,0 32.31950382459233,34.89655113727593,0 32.31950285924349,34.89654852856678,0 32.31950194870791,34.8965459066432,0 32.31950109517366,34.89654327151739,0 32.31950029753923,34.89654062408464,0 32.31949955689124,34.89653796525246,0 32.31949887102677,34.89653529681135,0 32.31949824213387,34.89653261877357,0 32.31949766910358,34.89652993293571,0 32.31949715413148,34.89652723840869,0 32.31949669719519,34.89652453789664,0 32.31949629720815,34.89652183049206,0 32.31949595306889,34.8965191170902,0 32.31949566802973,34.89651640131491,0 32.31949543992491,34.89651368044988,0 32.3194952687396,34.89651095629784,0 32.31949515665438,34.8965082297724,0 32.31949510256036,34.89650550267018,0 32.31949510535607,34.89650277588647,0 32.31949516504148,34.8965000494213,0 32.31949528380468,34.89649732328683,0 32.31949546053675,34.89649459927979,0 32.31949569412878,34.89649187919674,0 32.31949598568226,34.89648916214247,0 32.31949633518968,34.89648644901833,0 32.31949674152733,34.89648374342373,0 32.31949720471008,34.89648104355591,0 32.31949772474532,34.89647834851345,0 32.31949830377651,34.89647566371694,0 32.31949893853643,34.89647298734521,0 32.31949962902505,34.8964703193983,0 32.31950037631412,34.89646766258642,0 32.31950118040365,34.89646501690956,0 32.31950204019211,34.89646238326303,0 32.31950295458553,34.89645976164068,0 32.31950392574961,34.89645715475889,0 32.3195049515112,34.89645456080262,0 32.31950603293456,34.89645198338357,0 32.31950716674501,34.89644942158197,0 32.31950835731128,34.89644687632367,0 32.31950960025721,34.8964443475842,0 32.3195108966471,34.89644183897516,0 32.31951224540921,34.89643934778633,0 32.31951364652125,34.89643687672183,0 32.31951510106979,34.89643442668918,0 32.31951660687421,34.89643199677469,0 32.31951816281074,34.89642959057783,0 32.31951977217635,34.89642720631414,0 32.31952142948599,34.89642484575581,0 32.31952313693516,34.89642250801366,0 32.31952489448668,34.89642019759466,0 32.31952669888824,34.89641791087485,0 32.31952855339212,34.89641565147813,0 32.31953045362224,34.89641341938,0 32.31953240177408,34.89641121369134,0 32.31953439782534,34.89640903711628,0 32.31953643850136,34.89640688873507,0 32.31953852487386,34.89640477125798,0 32.31954065366818,34.89640268376524,0 32.31954282816642,34.89640062627519,0 32.31954504615822,34.89639860147978,0 32.31954730546293,34.89639660846534,0 32.31954960826121,34.89639464814552,0 32.31955195126351,34.89639272140326,0 32.31955433446982,34.89639082823865,0 32.3195567578653,34.89638897045441,0 32.31955922036333,34.89638714714301,0 32.31956172086243,34.89638535919972,0 32.3195642582612,34.89638360751979,0 32.31956683254473,34.89638189390601,0 32.3195694448219,34.89638021656167,0 32.31957208961516,34.89637857635761,0 32.31957477018428,34.89637697601626,0 32.31957748326949,34.8963754128152,0 32.31958022993508,34.89637389036596,0 32.31958300910187,34.89637240685972,0 32.31958581747294,34.89637096408088,0 32.31958865614971,34.89636956113413,0 32.31959152511735,34.89636819982227,0 32.31959442218781,34.89636688013305,0 32.31959775800051,34.89636542588364,0 32.31959297666422,34.89633573063965,0 32.31953964615339,34.89628021733717,0 32.31952746237035,34.89622504163882,0 32.31952896020012,34.89610219080468,0 32.3195009325504,34.89608077837991,0 32.31928295594481,34.89603027082795,0 32.31928086819256,34.89602924052981,0 32.31927880258115,34.89602817880589,0 32.31927676019721,34.89602708656368,0 32.3192747410184,34.89602596650732,0 32.31927274614622,34.89602481774159,0 32.31927077558806,34.89602363936508,0 32.31926883041567,34.89602243408808,0 32.31926691064393,34.89602120010784,0 32.31926501735199,34.89601993923318,0 32.31926315163386,34.8960186514703,0 32.31926131348954,34.89601733681918,0 32.31925950291906,34.8960159952798,0 32.31925772209557,34.89601462866722,0 32.31925596992505,34.89601323697529,0 32.31925424750899,34.89601181930877,0 32.31925255483248,34.89601037747037,0 32.31925089407615,34.89600891237378,0 32.31924926415342,34.89600742311146,0 32.31924766507171,34.89600590878207,0 32.3192460989819,34.89600437390473,0 32.31924456589886,34.8960028166767,0 32.31924306581515,34.89600123799935,0 32.31924160092628,34.89599963698356,0 32.31924016684866,34.89599801450622,0 32.31923877013162,34.89599637240683,0 32.31923740749305,34.89599471066702,0 32.31923608001956,34.89599303019428,0 32.31923478881259,34.89599133009339,0 32.31923353387214,34.89598961036431,0 32.31923231406704,34.89598787550786,0 32.31923113270906,34.89598612193689,0 32.3192299886819,34.89598435234938,0 32.3192288820004,34.89598256494259,0 32.31922781372884,34.89598076332819,0 32.31922678278069,34.89597894659865,0 32.3192257913439,34.89597711476625,0 32.31922483941112,34.89597526873232,0 32.31922392587338,34.89597341029356,0 32.31922305074561,34.89597153764716,0 32.31922221837412,34.89596965442318,0 32.3192214233111,34.89596775788683,0 32.31922066990293,34.89596585166809,0 32.31921995707042,34.89596393395818,0 32.31921928479871,34.8959620065598,0 32.31921865198632,34.89596007036817,0 32.31921806192278,34.89595812450038,0 32.31921751240517,34.89595617074683,0 32.31921700452749,34.89595420911376,0 32.31921653937633,34.89595224050858,0 32.31921611475619,34.89595026582047,0 32.31921573175369,34.89594828595694,0 32.31921539038367,34.8959462991152,0 32.31921509280443,34.89594430891301,0 32.31921483792198,34.89594231534432,0 32.31921462246905,34.8959403165879,0 32.31921445188607,34.89593831627997,0 32.31921432398497,34.89593631440825,0 32.31921423659255,34.89593430915773,0 32.31921419185972,34.89593230504757,0 32.31921419090276,34.89593029937973,0 32.31921423152622,34.89592829304335,0 32.31921431479433,34.89592628965007,0 32.31921444072945,34.89592428649578,0 32.31921460822264,34.8959222853771,0 32.3192148194471,34.89592028810902,0 32.31921507112816,34.8959182937718,0 32.31921536654047,34.8959163032852,0 32.31921570349597,34.89591431663696,0 32.31921608307383,34.89591233563595,0 32.3192165052666,34.89591036118359,0 32.31921696790107,34.89590839146483,0 32.319217472049,34.89590642918994,0 32.31921801770291,34.89590447526032,0 32.31921860486282,34.89590252967596,0 32.31921923353616,34.89590059153544,0 32.31921990370062,34.89589866354299,0 32.31922061316813,34.89589674568624,0 32.31922136413419,34.89589483707617,0 32.31922215548246,34.89589294041074,0 32.31922298721293,34.89589105568994,0 32.31922385713757,34.89588918290151,0 32.31922557028547,34.8958857562783,0 32.31932218748126,34.89576580437583,0 32.31944659807147,34.89568632678475,0 32.31960580495452,34.89563582442753,0 32.31969718644487,34.89561085182618,0 32.31969875629899,34.89560901089566,0 32.31970036425054,34.89560719361531,0 32.31970201139359,34.89560539999124,0 32.31970369553264,34.89560363091257,0 32.31970541776911,34.8956018854841,0 32.31970717481354,34.89560016458876,0 32.31970897101971,34.89559847095521,0 32.31971080093982,34.8955968018487,0 32.31971266564559,34.89559515997951,0 32.31971456514444,34.89559354444624,0 32.31971649941408,34.89559195795302,0 32.31971846628134,34.89559039868483,0 32.31972046573878,34.89558886754307,0 32.31972249887298,34.89558736543528,0 32.31972456239448,34.89558589324441,0 32.3197266552018,34.89558445186572,0 32.31972878059932,34.89558303861345,0 32.31973093418119,34.89558165706863,0 32.31973311813549,34.89558030724352,0 32.31973532808612,34.89557898911356,0 32.31973756732259,34.89557770179582,0 32.31973983364198,34.89557644708081,0 32.31974212593542,34.89557522676508,0 32.31974444422521,34.89557403814457,0 32.31974678521442,34.89557288300364,0 32.31974915217766,34.89557176226204,0 32.31975154184035,34.89557067500003,0 32.31975395528161,34.89556962302647,0 32.3197563892194,34.89556860632302,0 32.31975884475516,34.89556762399437,0 32.31976132188146,34.89556667694198,0 32.31976381622226,34.89556576514126,0 32.31976633213129,34.89556489132092,0 32.31976886416822,34.89556405184481,0 32.31977141559281,34.8955632494354,0 32.31977398202896,34.89556248406825,0 32.31977656457074,34.89556175574941,0 32.31977916211663,34.89556106537422,0 32.31978177358754,34.89556041113374,0 32.31978440006262,34.89555979483688,0 32.31978703825235,34.89555921736665,0 32.31978968817162,34.89555867692025,0 32.31979234871897,34.89555817439298,0 32.319795019887,34.89555771068623,0 32.31979769948762,34.89555728578769,0 32.31980038970892,34.89555689970969,0 32.31980308618225,34.89555655152628,0 32.31980579108077,34.89555624305251,0 32.31980850004328,34.89555597246113,0 32.31981121743099,34.89555574157936,0 32.31981393668723,34.89555554946912,0 32.3198166599926,34.89555539704402,0 32.31981938626793,34.89555528249518,0 32.31982211439696,34.89555520852063,0 32.31982484330793,34.89555517241008,0 32.31982757407256,34.89555517687381,0 32.31983030342369,34.89555522009069,0 32.31983303135387,34.8955553029621,0 32.31983575677651,34.89555542458052,0 32.3198384785976,34.89555558493987,0 32.31984119789632,34.89555578584901,0 32.3198439125069,34.89555602459153,0 32.31984662132047,34.89555630296415,0 32.31984932543847,34.8955566200715,0 32.31985202048487,34.89555697588917,0 32.31985470646705,34.89555736951575,0 32.31985738555823,34.8955578027663,0 32.31986005448374,34.89555827472098,0 32.31986271325108,34.89555878447848,0 32.31986536185276,34.89555933294017,0 32.3198679970216,34.89555991828494,0 32.31987061984421,34.8955605414202,0 32.3198732292117,34.89556120414273,0 32.31987582406721,34.8955619019394,0 32.31987840438101,34.89556263841579,0 32.31988096689335,34.89556341084936,0 32.31988351378482,34.89556422015377,0 32.31988604285996,34.89556506721812,0 32.31988855304706,34.89556594933219,0 32.31989104543269,34.89556686740345,0 32.3198935178214,34.89556782232106,0 32.31989596914144,34.89556881137476,0 32.31989839829139,34.89556983545976,0 32.31990080745183,34.89557089548975,0 32.31990319116753,34.89557198963134,0 32.31990555491603,34.89557311701377,0 32.31990789211838,34.89557427940305,0 32.31991020389083,34.89557547410118,0 32.31991249022597,34.89557670200951,0 32.31991475113126,34.89557796222671,0 32.31991698441122,34.89557925564187,0 32.31991919007326,34.89558058135367,0 32.31992136703823,34.89558193755318,0 32.31992351529128,34.89558332604321,0 32.31992563375324,34.89558474501481,0 32.31992772134496,34.89558619265915,0 32.31992977805155,34.89558767077903,0 32.31993180496707,34.89558917938047,0 32.3199337977377,34.8955907157349,0 32.31993575745003,34.89559228074987,0 32.3199376851981,34.89559387443141,0 32.31993957772214,34.89559549405711,0 32.31994143499983,34.89559714233103,0 32.31994452613574,34.89560001622995,0 32.31997701739125,34.89570959631573,0 32.31998067442046,34.89571363441039,0 32.31998342285062,34.89571654064502,0 32.31998623178652,34.89571940665415,0 32.31998910123558,34.89572223153636,0 32.3199920290098,34.8957250152794,0 32.31999501622539,34.89572775518525,0 32.31999806068697,34.89573045214308,0 32.32000116130048,34.89573310614671,0 32.32000431918968,34.89573571359676,0 32.32000753105761,34.89573827627767,0 32.32001079581772,34.8957407932819,0 32.3200141145937,34.89574326101,0 32.32001748408122,34.89574568214783,0 32.32002090539657,34.8957480539973,0 32.32002437635914,34.89575037564479,0 32.32002789587492,34.89575264708423,0 32.32003146394388,34.89575486831558,0 32.3200350762048,34.89575703751157,0 32.32003873483828,34.89575915558587,0 32.32004243769344,34.8957612180193,0 32.32004618473309,34.8957632293188,0 32.32004997269748,34.89576518676176,0 32.32005380270289,34.89576708765027,0 32.32005767035095,34.89576893466393,0 32.320061578946,34.89577072511699,0 32.32006552411938,34.89577245808354,0 32.32006950366816,34.89577413535415,0 32.32007351870866,34.89577575423075,0 32.32007756923345,34.89577731561477,0 32.32008165196787,34.89577881858641,0 32.32008576362983,34.89578026312734,0 32.32008990751627,34.89578164745311,0 32.32009407924366,34.89578297244071,0 32.32009827881941,34.89578423718869,0 32.32010250405546,34.89578544168483,0 32.32010675386522,34.89578658502158,0 32.32011102715462,34.89578766719288,0 32.32011532393114,34.89578868729734,0 32.32011964091266,34.8957896453166,0 32.32012397699775,34.89579054214585,0 32.32012833329523,34.89579137598855,0 32.32013270433501,34.895792146814,0 32.32013709339913,34.89579285464066,0 32.32014149501749,34.89579349943786,0 32.32014590919006,34.89579408120562,0 32.32015033702571,34.89579459814728,0 32.32015477303945,34.89579505203506,0 32.32015921832532,34.89579544287503,0 32.32016367289069,34.89579576976578,0 32.32016813236693,34.89579603178154,0 32.32017259784059,34.89579622982971,0 32.32017706493559,34.8957963638859,0 32.32018153584738,34.89579643306092,0 32.32018600728646,34.89579643823781,0 32.32019047707218,34.89579637850294,0 32.32019494628373,34.8957962556652,0 32.32019941055983,34.89579606789732,0 32.32020387207368,34.89579581701437,0 32.32020832646403,34.89579550118906,0 32.32021277372343,34.89579512132278,0 32.32035354027863,34.89577483867135,0 32.32049107703709,34.89580597290841,0 32.32061747406394,34.89589703071858,0 32.32066819699476,34.89590813397535,0 32.3207846244923,34.89584695612255,0 32.32089127855545,34.89584997146584,0 32.32103565374039,34.89596046748152,0 32.32109797077939,34.89597169391439,0 32.32151717874749,34.8957372005408,0 32.32154907959372,34.89568173295161,0 32.32154874969878,34.89549525223336,0 32.32160974191573,34.89540143826911,0 32.32171160884368,34.89537012077079,0 32.32184680433376,34.89537980009727,0 32.32192764698268,34.89536545697258,0 32.32196425610621,34.89535075167726,0 32.32201208196852,34.89526969219155,0 32.32203516791979,34.89508340065431,0 32.32192974078837,34.89497965568977,0 32.32188392329396,34.89489568776587,0 32.32188384475747,34.89489379524365,0 32.32188380451142,34.89489190293508,0 32.32188380584525,34.89489000995701,0 32.32188384766492,34.89488811630341,0 32.32188392885422,34.89488622467228,0 32.32188404941315,34.89488433506362,0 32.32188421045051,34.89488244568076,0 32.32188441193669,34.89488056012929,0 32.32188465278508,34.89487867750167,0 32.32188493299565,34.89487679779788,0 32.32188525473424,34.89487492373429,0 32.32188561363217,34.89487305438514,0 32.32188601296411,34.89487119067007,0 32.32188645273,34.89486933258912,0 32.32188693073445,34.89486748103144,0 32.32188744916547,34.89486563600921,0 32.3218880058202,34.89486379931306,0 32.32188860069126,34.89486197184429,0 32.32188923598147,34.89486015181238,0 32.32188990838657,34.89485834190318,0 32.32189061791397,34.89485654121528,0 32.32189136783087,34.89485475156978,0 32.32189215486267,34.89485297204693,0 32.32189297788571,34.89485120624619,0 32.32189383911763,34.89484945057425,0 32.32189473743482,34.89484770863049,0 32.32189567393866,34.89484597951972,0 32.32189664533973,34.89484426412491,0 32.32189765382603,34.89484256245829,0 32.32189869719474,34.89484087631047,0 32.32189977763389,34.89483920569357,0 32.32190089186881,34.89483754968794,0 32.32190204206534,34.89483591100996,0 32.32190322495625,34.89483428783851,0 32.32190444270732,34.89483268288998,0 32.32190569641259,34.89483109617039,0 32.3219069817034,34.89482952675404,0 32.32190830075297,34.89482797645584,0 32.32190965137325,34.89482644526364,0 32.32191103574489,34.89482493409096,0 32.32191244949182,34.89482344291339,0 32.32191389699008,34.89482197175539,0 32.32191537384883,34.89482052239527,0 32.32191688227091,34.89481909304251,0 32.32191842113265,34.89481768729648,0 32.32191998826087,34.89481630334222,0 32.32192158474215,34.89481494208727,0 32.32192321057652,34.89481360353155,0 32.32192486465513,34.89481228947177,0 32.32192654589878,34.89481099809904,0 32.32192825318383,34.89480973301278,0 32.32192998872799,34.8948084906197,0 32.32193174921952,34.89480727450695,0 32.32193353466585,34.89480608377323,0 32.32193534725501,34.89480491843069,0 32.32193718259617,34.8948037802577,0 32.32193904179069,34.89480266835896,0 32.3219409237446,34.89480158272837,0 32.32194282953711,34.89480052517482,0 32.32194475698758,34.89479949478472,0 32.32194670719,34.89479849156413,0 32.32194867576098,34.89479751639005,0 32.3219506670617,34.89479657108963,0 32.32195267673096,34.89479565383573,0 32.32195470694936,34.89479476554192,0 32.32195675333347,34.89479390708518,0 32.3219588191727,34.89479307758241,0 32.32196090227166,34.89479227792278,0 32.32196300263033,34.89479150810633,0 32.32196511804587,34.89479076992359,0 32.3219672474391,34.89479006156569,0 32.32196939409207,34.89478938305095,0 32.32197155361388,34.89478873615771,0 32.32197372601197,34.89478811998458,0 32.32197591127894,34.89478753543299,0 32.32197811050137,34.89478698341035,0 32.32198031931065,34.89478646299093,0 32.32198253771418,34.89478597327331,0 32.32198476788517,34.89478551607246,0 32.32198700764301,34.89478509047481,0 32.32198925479226,34.89478469736954,0 32.32199151151357,34.8947843376702,0 32.32199377345309,34.89478400864829,0 32.32199604386322,34.89478371392759,0 32.32199831839759,34.89478344987818,0 32.32200059920714,34.89478322101919,0 32.32200288522756,34.894783023739,0 32.32200517426332,34.89478285892674,0 32.32200746630711,34.89478272748381,0 32.32200976135888,34.89478262941024,0 32.32201205723803,34.8947825637924,0 32.32201435503119,34.89478253153783,0 32.32201665365174,34.89478253173898,0 32.32201895090424,34.89478256528508,0 32.32202124678871,34.8947826321761,0 32.32202354240657,34.89478273151679,0 32.32202583337436,34.89478286418407,0 32.32202812298154,34.89478302929491,0 32.32203101465554,34.89478328700454,0 32.32207482937156,34.89481793954467,0 32.32212335177137,34.89489335627322,0 32.32216987241887,34.89491945856077,0 32.32240170397747,34.89489991748115,0 32.32255282402486,34.89488400328572,0 32.3227358437175,34.89481262188146,0 32.32287265400797,34.89468941966332,0 32.32300202263848,34.89453614857839,0 32.32302971103451,34.89439919472949,0 32.32300785699134,34.89427041037425,0 32.32300627165912,34.89418680458522,0 32.32306338710817,34.89398364291888,0 32.3230695809076,34.89390224386104,0 32.32304915646385,34.89386992591754,0 32.32287675466259,34.89392424716266,0 32.32285372990514,34.8938919083916,0 32.32290920369987,34.89382377154532,0 32.32302212700714,34.89373895562908,0 32.32297386342402,34.89364210757702,0 32.32296168791632,34.89357341901798,0 32.32300703977749,34.89348162110871,0 32.32311486274207,34.8933881888449,0 32.32319840890231,34.89336529460049,0 32.32332329860635,34.89336631351878,0 32.32333141781296,34.89334065827483,0 32.32328731592582,34.8933295803728,0 32.32315974691232,34.89333497093338,0 32.3230871552189,34.89331294339604,0 32.32308507385734,34.89327005837328,0 32.32318899160384,34.8932837662387,0 32.32321855110528,34.8932068448182,0 32.3232790712652,34.89315160819385,0 32.32362733211944,34.89297225794301,0 32.32364356696805,34.89292094829052,0 32.32362847811086,34.89287795664176,0 32.32364317960472,34.89273875430997,0 32.32366490568237,34.89266391022981,0 32.32371803750262,34.89257432053738,0 32.32373765546184,34.89245873485504,0 32.32372519329945,34.89241361965522,0 32.32373893179524,34.89235371726124,0 32.3237814723569,34.89227904303652,0 32.32388916347611,34.89219632813082,0 32.3239517105008,34.89218826483846,0 32.32395561317814,34.8922954674444,0 32.32399989549271,34.89229154193423,0 32.32409163590314,34.89223656053788,0 32.32416815675244,34.89214930376536,0 32.32410795104213,34.89196447673367,0 32.32401618776391,34.89180725871732,0 32.32386627083463,34.89172458570464,0 32.32380068128419,34.89155471921983,0 32.32391685312412,34.89141634445358,0 32.32363937221308,34.89133905972587,0 32.32365266756608,34.89131559215723,0 32.32375965472607,34.89129074293973,0 32.32383830717949,34.89124208540228,0 32.32395041804015,34.89122370878429,0 32.32394825843989,34.89118725226843,0 32.32390673377279,34.8911783406221,0 32.32375559663574,34.89119639913814,0 32.3237350431934,34.89117479668909,0 32.32366659378228,34.89081199720496,0 32.3236733338622,34.89068559038453,0 32.32368972391664,34.89062142097405,0 32.32397925528976,34.89013507978429,0 32.32402642498977,34.89010759901659,0 32.32417212282748,34.89010878682843,0 32.32434082085866,34.89014445732395,0 32.32435094138993,34.89016811732473,0 32.32433114189317,34.89029870542441,0 32.32436959581789,34.89034617443019,0 32.32448048262047,34.89042852898007,0 32.32479586903479,34.89059828653657,0 32.324980126208,34.89063837030185,0 32.32507654784879,34.8906262938944,0 32.32529517485165,34.89062164471587,0 32.32570115302808,34.89040203296814,0 32.3257303173773,34.89035725882652,0 32.32569022319242,34.89023046948149,0 32.32559822346253,34.89009254083962,0 32.32561958369269,34.8900477026925,0 32.3257112428261,34.88999915033062,0 32.32578450747389,34.88996545138036,0 32.32578481931802,34.88993973281777,0 32.32577761160143,34.88989037510659,0 32.32584639992174,34.88979662375208,0 32.32596160423736,34.88973754425229,0 32.32596714496419,34.88970972552106,0 32.32589728109321,34.88957783406674,0 32.3258383589476,34.88960150497969,0 32.32561988895651,34.88959329722869,0 32.32558619738658,34.88958230495964,0 32.32560760782449,34.88953318082381,0 32.32574875199035,34.8894807437845,0 32.32584613388776,34.88938936851648,0 32.32587735537403,34.88938962278936,0 32.32592933721028,34.88939433342691,0 32.32610360150645,34.88940003840112,0 32.32607690435538,34.88924120573868,0 32.32605398353439,34.88920029379243,0 32.32605713069412,34.88915530861015,0 32.32623513872327,34.8890667318031,0 32.32632744707746,34.8889645983807,0 32.32635731153419,34.88886195570576,0 32.32641798273096,34.88879386038961,0 32.32661263825467,34.88861968059367,0 32.32664138714106,34.88860919764498,0 32.32679728108352,34.88862761268206,0 32.32686240240797,34.8886217120194,0 32.3269174277783,34.88859000717734,0 32.32681681719137,34.88851845669532,0 32.32681439671403,34.88851665216389,0 32.32681201590496,34.8885148126966,0 32.32680967256896,34.88851293918272,0 32.3268073699731,34.88851103344319,0 32.32680510923337,34.88850909277987,0 32.32680288812517,34.88850712168767,0 32.32680070994496,34.88850511838189,0 32.32679857467806,34.88850308466535,0 32.32679648233179,34.88850101963668,0 32.32679443397806,34.88849892600606,0 32.32679243073285,34.8884968010754,0 32.32679047255201,34.88849465025303,0 32.3267885605589,34.88849246993942,0 32.32678669472411,34.88849026374021,0 32.3267848772502,34.88848802986463,0 32.32678310484066,34.88848577009734,0 32.32678138185653,34.88848348626534,0 32.32677970830512,34.88848117746721,0 32.32677808418646,34.888478843703,0 32.32677650728327,34.8884764885661,0 32.32677498197861,34.88847411117935,0 32.32677350827981,34.8884717106414,0 32.32677208396229,34.888469291447,0 32.32677071124331,34.88846685000282,0 32.32676939227391,34.88846439082781,0 32.32676812268577,34.88846191299638,0 32.32676690795587,34.88845941563746,0 32.32676574586693,34.88845690234443,0 32.3267646364263,34.88845437221595,0 32.32676358179979,34.88845182796827,0 32.32676258090817,34.88844926779253,0 32.32676163483063,34.88844669349764,0 32.32676074136464,34.88844410687416,0 32.32675990597981,34.88844150795241,0 32.32675912321386,34.88843889580075,0 32.32675839631917,34.88843627404286,0 32.32675772640433,34.88843364088201,0 32.32675711234603,34.88843099991773,0 32.32675655195641,34.88842835113788,0 32.32675605071243,34.88842569367132,0 32.32675560313711,34.8884230283892,0 32.32675521358411,34.88842035801989,0 32.32675488095948,34.88841768255731,0 32.32675460525586,34.88841500290286,0 32.32675438537197,34.88841231995188,0 32.3267542213078,34.88840963370433,0 32.3267541163378,34.88840694507982,0 32.32675406825935,34.88840425586893,0 32.32675407488465,34.8884015660596,0 32.32675414058202,34.88839887657743,0 32.32675426315623,34.88839618831169,0 32.32675444258527,34.88839350396651,0 32.32675467778986,34.88839082173308,0 32.32675497095054,34.88838814252487,0 32.32675531877075,34.88838546812651,0 32.32675572561891,34.88838279946361,0 32.32675618711192,34.88838013741328,0 32.3267567076255,34.88837748199978,0 32.32675728277656,34.88837483410028,0 32.32675791255779,34.8883721946161,0 32.32675859913492,34.88836956626358,0 32.32675934142875,34.88836694723383,0 32.32676013942458,34.88836433932965,0 32.32676099202113,34.88836174344637,0 32.32676189921836,34.88835915958394,0 32.32676286209552,34.88835658955125,0 32.32676387846474,34.88835403333612,0 32.32676494940524,34.88835149274739,0 32.32676607272916,34.88834896777295,0 32.32676725061699,34.88834645932629,0 32.32676848088089,34.88834396739533,0 32.32676976349879,34.88834149468416,0 32.32677109957196,34.8883390402975,0 32.32677248580391,34.88833660601988,0 32.32677392548379,34.88833419096812,0 32.32677541311988,34.88833179781611,0 32.32677695308789,34.88832942658802,0 32.32677854319997,34.88832707727178,0 32.32678018344877,34.88832475076876,0 32.32678187053778,34.88832244886353,0 32.32678360665489,34.88832017156821,0 32.32678539178534,34.88831792068555,0 32.32678722485732,34.88831569350541,0 32.32678910364616,34.88831349452249,0 32.32679102925316,34.88831132284149,0 32.32679300057706,34.88830917935778,0 32.3267959718704,34.88830608770633,0 32.32693575778364,34.88815075242005,0 32.32698792140834,34.88814046032395,0 32.32706305850797,34.88816679219624,0 32.32706519211426,34.88820539122088,0 32.3269764827478,34.88844044824745,0 32.3270826850123,34.88847989202126,0 32.32713008546911,34.8884331226591,0 32.32718073838946,34.88833279250137,0 32.32724616973704,34.88830117304545,0 32.3274095831387,34.8883432263605,0 32.32749268285514,34.88835676215525,0 32.32766722904447,34.88833888971732,0 32.32784023956229,34.88823312249696,0 32.32790023324032,34.88822074955122,0 32.32792458279665,34.88814378365836,0 32.3278813652412,34.88805983767104,0 32.32778767821947,34.88806122074195,0 32.32774636215999,34.88803516469405,0 32.32774645614165,34.88803141619534,0 32.32774663105155,34.88802767084841,0 32.32774688360789,34.88802392863514,0 32.32774721599118,34.88802019046902,0 32.32774762709283,34.88801645814674,0 32.32774811691277,34.88801273166834,0 32.32774868762422,34.88800901284861,0 32.32774933484409,34.88800530256482,0 32.32775006074556,34.88800160263179,0 32.32775086641517,34.88799791395694,0 32.32775174966509,34.88799423652819,0 32.32775270937936,34.88799057304361,0 32.32775374773845,34.88798692441672,0 32.32775486255454,34.88798329063537,0 32.32775605382025,34.88797967260098,0 32.32775732151355,34.8879760730177,0 32.32775866672105,34.88797249279292,0 32.32776008725483,34.88796893191454,0 32.32776158310026,34.88796539218539,0 32.32776315315603,34.8879618745007,0 32.32776479632823,34.88795837885449,0 32.32776651477533,34.88795490886437,0 32.32776830631681,34.88795146361687,0 32.32777017094531,34.88794804401333,0 32.32777210535708,34.88794465273976,0 32.32777411392775,34.88794128982037,0 32.32777619228165,34.88793795523095,0 32.32777834149064,34.88793465168167,0 32.32778056046085,34.88793137916652,0 32.32778284808364,34.88792813948221,0 32.32778520435164,34.88792493353006,0 32.32778762707704,34.88792176129802,0 32.32779011844032,34.88791862369956,0 32.32779267404378,34.88791552341463,0 32.32779529498132,34.88791246044927,0 32.32779798233953,34.88790943571088,0 32.32780073173537,34.88790645007669,0 32.32780354425542,34.88790350445409,0 32.32780641880576,34.887900598837,0 32.32780935427778,34.88789773502224,0 32.3278123495629,34.88789491480642,0 32.327815405755,34.88789213819561,0 32.32781851957233,34.88788940517169,0 32.32782168990631,34.88788671753134,0 32.32782491674956,34.88788407617593,0 32.32782820010212,34.8878814811055,0 32.32783153776877,34.88787893320927,0 32.32783492864096,34.88787643428401,0 32.32783837161002,34.88787398612639,0 32.32784186561146,34.88787158512486,0 32.32784541060855,34.88786923578629,0 32.32784900441344,34.88786693809863,0 32.32785264593223,34.88786469205576,0 32.32785633515023,34.8878624994605,0 32.32786007206745,34.88786036031281,0 32.32786385012773,34.88785827367505,0 32.32786767477861,34.88785624228156,0 32.3278715405432,34.88785426700351,0 32.32787544851539,34.88785234784696,0 32.32787939431952,34.88785048478766,0 32.32788338123735,34.88784867784375,0 32.32788740487856,34.88784692879386,0 32.32789146524309,34.88784523763795,0 32.32789556121507,34.88784360707407,0 32.32789968954205,34.88784203347867,0 32.32790385128864,34.88784052046321,0 32.32790804426699,34.8878390680156,0 32.32791516291441,34.88783676096831,0 32.32796543511897,34.88780358257937,0 32.32797314214997,34.8877369379047,0 32.32799986867357,34.88773064858911,0 32.32787854153653,34.88764098483738,0 32.32786703809602,34.88761241733422,0 32.32787336881567,34.88757830282359,0 32.32795437485064,34.88749029402822,0 32.32799172101263,34.88742145147177,0 32.32810767237782,34.88730037503167,0 32.3281771904928,34.88726515032322,0 32.32823391212248,34.88730954247432,0 32.3282269103447,34.88739978401763,0 32.32818496508879,34.88752309316236,0 32.32818642597152,34.88752411443549,0 32.32818786588648,34.88752515812827,0 32.32818928376906,34.88752622062917,0 32.32819067849602,34.88752730553767,0 32.3281920501114,34.88752840744546,0 32.32819339857848,34.88752953085949,0 32.32819472282538,34.88753067306951,0 32.32819602175819,34.88753183406951,0 32.32819729647078,34.88753301386554,0 32.32819854587662,34.88753421155018,0 32.3281997699757,34.88753542712341,0 32.32820096877533,34.88753665968386,0 32.32820214118162,34.88753790922546,0 32.32820328610065,34.88753917574218,0 32.3282044046263,34.88754045924008,0 32.32820549457812,34.88754175880571,0 32.32820655816595,34.88754307174694,0 32.32820759317258,34.88754440165729,0 32.32820859962003,34.88754574583256,0 32.32820957860223,34.8875471042788,0 32.32821052793867,34.88754847608257,0 32.32821144871592,34.88754986215126,0 32.32821233876084,34.88755126067004,0 32.32821319916733,34.88755267164494,0 32.32821403102197,34.88755409598342,0 32.32821483216629,34.88755553006782,0 32.32821560148433,34.88755697659626,0 32.32821634008472,34.88755843377204,0 32.32821704906867,34.88755990069979,0 32.3282177262337,34.88756137917019,0 32.32821837269573,34.88756286648516,0 32.32821898627425,34.88756436173119,0 32.32821956913509,34.88756586762457,0 32.32822011803319,34.88756737964022,0 32.32822063732216,34.88756890050649,0 32.32822112263375,34.88757042929778,0 32.32822157617774,34.88757196332206,0 32.32822199793947,34.88757350438208,0 32.32822238683234,34.88757505157046,0 32.32822274177714,34.88757660307832,0 32.32822306386043,34.8875781598131,0 32.32822335418347,34.88757972087952,0 32.32822360945715,34.88758128716078,0 32.3282238329926,34.88758285506949,0 32.32822402368117,34.88758442640239,0 32.32822417932774,34.88758600204872,0 32.32822430325074,34.8875875775198,0 32.3282243932403,34.88758915550758,0 32.32822444822452,34.88759073330193,0 32.32822447256439,34.88759231272978,0 32.32822446079766,34.88759389285953,0 32.32822441731467,34.88759547191258,0 32.32822433992762,34.88759704987687,0 32.32822422973035,34.88759862675838,0 32.32822408454243,34.88760020164373,0 32.32822390765291,34.88760177364958,0 32.32822369576537,34.88760334456063,0 32.32822345219088,34.88760491078942,0 32.328223174727,34.88760647412671,0 32.32822286448959,34.88760803187431,0 32.32822252255791,34.8876095858411,0 32.32822214565756,34.88761113510752,0 32.32822173599104,34.88761267788289,0 32.32822129464489,34.88761421507468,0 32.32822082053259,34.88761574577541,0 32.32822031476269,34.88761726818839,0 32.32821977622659,34.88761878411034,0 32.32821920603291,34.88762029174454,0 32.32821860308038,34.88762179198632,0 32.32821796957884,34.8876232821436,0 32.32821730332579,34.8876247640071,0 32.32821660762497,34.88762623489079,0 32.32821587917997,34.88762769657927,0 32.32821512019331,34.88762914728191,0 32.32821433067226,34.88763058609727,0 32.32821351060957,34.88763201392679,0 32.32821266110645,34.88763342987511,0 32.32821178217024,34.88763483304084,0 32.32821087161309,34.88763622341188,0 32.3282099338107,34.88763760101246,0 32.32820896549594,34.88763896402163,0 32.32820796994329,34.88764031335891,0 32.32820694606611,34.88764164811688,0 32.32820589167661,34.88764296828346,0 32.32820481225166,34.88764427298749,0 32.32820370342298,34.88764556130337,0 32.3282025673637,34.88764683504601,0 32.32820023455791,34.88764931188489,0 32.32829661638609,34.88776154883921,0 32.32841896510914,34.88776580347126,0 32.32852128081336,34.88771213635519,0 32.32852271303446,34.88767472709292,0 32.32849440042362,34.88764846278104,0 32.32847614393536,34.88760682525488,0 32.3284863650547,34.88757762332362,0 32.32850699424457,34.88758592670639,0 32.32858325098905,34.88764756265547,0 32.32860906883865,34.88763475810854,0 32.32861140189632,34.88760467878443,0 32.3285332796029,34.88753407690903,0 32.32848983564411,34.88745237261827,0 32.32849055077285,34.88731001480396,0 32.32851010085325,34.88724346795782,0 32.32857591949465,34.88710489694693,0 32.32869023067069,34.88703831182973,0 32.32878803003152,34.88703178921259,0 32.32878736446364,34.88700493844861,0 32.32872662781762,34.88696620785607,0 32.32859567840593,34.8869382914533,0 32.32858900151987,34.88691871352297,0 32.32862362558028,34.8869124884188,0 32.32872593258782,34.88694179617919,0 32.32879584297754,34.88695619843187,0 32.32883944505569,34.88694191273176,0 32.32882793147406,34.88691415924417,0 32.32868903806602,34.88689024466971,0 32.32868932953011,34.88686584114542,0 32.32888972815081,34.88686422713693,0 32.32894446955019,34.88682643968879,0 32.32893288886345,34.88680438103249,0 32.32886701436589,34.88678269059728,0 32.3287812919217,34.88676978758585,0 32.32878264701273,34.88673888616436,0 32.32890320562817,34.88672766830278,0 32.32892528973021,34.88669693629841,0 32.32891168404256,34.88667892827465,0 32.32881685615122,34.88668466062644,0 32.32879963477851,34.88663896343851,0 32.32879280805866,34.88654942342371,0 32.32869862921129,34.88650065650903,0 32.32873987480244,34.88643591327774,0 32.32883565580474,34.88635046616728,0 32.32899147753581,34.88627933778893,0 32.32907546309245,34.88618972570292,0 32.32908939250815,34.88609791418075,0 32.32912883684852,34.88601851273854,0 32.3291598946379,34.8858975553543,0 32.32921810091717,34.88581749390664,0 32.32921283162518,34.88576294673994,0 32.32918187931255,34.88570981551307,0 32.32918633934148,34.88566673675723,0 32.32925193861994,34.88562903881889,0 32.32927536838545,34.88556821743973,0 32.32937798853829,34.88548851993525,0 32.32942051976781,34.88539856892918,0 32.3296011497299,34.88531625290479,0 32.32980745690022,34.88531549745084,0 32.32993115891909,34.88528884908879,0 32.33008985798386,34.88530722846777,0 32.33017905522988,34.88527704452218,0 32.33033119614456,34.88518310612491,0 32.33053466174898,34.88508958720344,0 32.33071800847146,34.88502762959818,0 32.33082682086152,34.88492520489519,0 32.33095194536287,34.88486195740164,0 32.3309975006381,34.88484931324022,0 32.33110589146825,34.88479074022615,0 32.33118560816739,34.88471906131386,0 32.33128707397962,34.88457908031523,0 32.3315482493693,34.88447622285526,0 32.3315495233525,34.8844757367815,0 32.33155080702727,34.88447526969094,0 32.33155210150212,34.88447481978677,0 32.33155340347349,34.88447438975514,0 32.33155471732425,34.88447397871875,0 32.33155603759952,34.88447358484468,0 32.33155736645063,34.88447321265195,0 32.33155870282019,34.88447285762758,0 32.33156004669357,34.88447252157437,0 32.33156139696234,34.88447220628906,0 32.33156275364107,34.88447190996885,0 32.33156411781635,34.88447163352119,0 32.33156548621385,34.88447137602661,0 32.33156686100671,34.88447113929995,0 32.33156824002909,34.884470920625,0 32.3315696232591,34.88447072270592,0 32.33157101069672,34.88447054554269,0 32.33157240126269,34.88447038732659,0 32.33157379604361,34.88447024896492,0 32.33157519284435,34.8844701313471,0 32.33157659167231,34.88447003357176,0 32.33157799252742,34.88446995563886,0 32.33157939540241,34.88446989844979,0 32.33158079811684,34.88446986109117,0 32.33158220175725,34.88446984447035,0 32.33158360633097,34.88446984768596,0 32.33158500965025,34.88446987072599,0 32.33158641280165,34.88446991449783,0 32.33158781469859,34.8844699780941,0 32.33158921423992,34.88447006241011,0 32.33159061362798,34.8844701656552,0 32.33159201065313,34.88447029052146,0 32.33159340314948,34.88447043429267,0 32.33159479220366,34.88447059787627,0 32.33159617889493,34.88447078308102,0 32.33159756106469,34.88447098628939,0 32.3315989386911,34.88447121020552,0 32.33160031178145,34.88447145392801,0 32.33160167814799,34.88447171744483,0 32.33160303998573,34.88447199986666,0 32.33160439400579,34.88447230207679,0 32.33160574238862,34.88447262498867,0 32.33160708515612,34.88447296589813,0 32.33160841901203,34.88447332658992,0 32.33160974506484,34.88447370526726,0 32.33161106328537,34.88447410553567,0 32.33161237262354,34.88447452198091,0 32.33161367305014,34.88447495820842,0 32.33161496457247,34.88447541331688,0 32.33161624501007,34.88447588639288,0 32.33161751654342,34.88447637834977,0 32.33161877589819,34.8844768882682,0 32.33162002634867,34.88447741706752,0 32.33162126353398,34.88447796292098,0 32.33162249072846,34.88447852674798,0 32.33162370356389,34.88447910762304,0 32.3316249064158,34.88447970557029,0 32.33162609490134,34.884480321467,0 32.33162726902783,34.88448095441182,0 32.33162843098304,34.88448160441674,0 32.33162957968038,34.88448227057439,0 32.33163071402596,34.88448295287878,0 32.33163183183207,34.88448365131783,0 32.33163293638759,34.88448436500824,0 32.33163402438901,34.88448509663611,0 32.3316350980533,34.88448584260791,0 32.33163615627925,34.88448660381904,0 32.33163719688644,34.88448737935607,0 32.33163822095413,34.8844881710278,0 32.33163922740304,34.88448897702543,0 32.33164021841361,34.88448979826238,0 32.33164119072614,34.88449063201645,0 32.33164214650645,34.88449148100382,0 32.33164308250214,34.88449234160092,0 32.33164400087907,34.88449321652395,0 32.33164490054331,34.88449410576688,0 32.33164578151681,34.88449500662556,0 32.3316466416045,34.88449591998932,0 32.33164748409528,34.88449684497483,0 32.33164830678685,34.88449778337286,0 32.33164910969378,34.88449873338062,0 32.3316498906356,34.88449969408469,0 32.33165065289398,34.88450066550313,0 32.33165139208607,34.88450164851326,0 32.3316521125947,34.88450264223778,0 32.33165281224672,34.88450364486187,0 32.33165348883974,34.88450465817624,0 32.33165414566273,34.88450568129759,0 32.33165477943405,34.88450671420788,0 32.33165539016828,34.8845077551043,0 32.33165598005318,34.88450880399893,0 32.331656547973,34.88450986358989,0 32.3316570928776,34.88451092846284,0 32.33165761582442,34.88451200313077,0 32.33165811574874,34.88451308398206,0 32.33165859154941,34.88451417191213,0 32.33165904540687,34.88451526783437,0 32.33165947515524,34.88451636903261,0 32.33165988188842,34.88451747551287,0 32.33166026559183,34.88451858907786,0 32.33166062628732,34.88451970702356,0 32.33166096178717,34.88452082933782,0 32.33166127425724,34.88452195873683,0 32.33166156154623,34.88452309070173,0 32.33166196395823,34.88452486601469,0 32.33169073999622,34.88466534885514,0 32.33173692538737,34.88468280912374,0 32.33182433991976,34.8846363380523,0 32.33186553279412,34.88457566065541,0 32.33192660217652,34.88442078010522,0 32.33205984297796,34.88433888864085,0 32.33242452721243,34.88430037189092,0 32.33259437174983,34.88429443289296,0 32.33283707744673,34.88430373187708,0 32.33307290775743,34.88426863719231,0 32.33317068601979,34.88426373888054,0 32.3331940139845,34.8842110506047,0 32.33316948533387,34.88411567160643,0 32.3330914575799,34.88403694048854,0 32.33308502928467,34.88403347260127,0 32.33307867502212,34.88402991317456,0 32.33307239916775,34.8840262622324,0 32.333066199512,34.88402252246701,0 32.33306008042309,34.8840186948037,0 32.33305404409602,34.88401477835319,0 32.33304809160281,34.88401077582557,0 32.33304222401551,34.88400668993106,0 32.33303644354373,34.88400251797752,0 32.33303075342537,34.88399826539126,0 32.33302515368229,34.88399392946813,0 32.33301964645122,34.88398951652985,0 32.33301423504294,34.88398502298887,0 32.33300891833443,34.88398045244477,0 32.33300369849886,34.88397580671233,0 32.33299857881786,34.88397108580954,0 32.33299355926956,34.8839662924406,0 32.3329886431137,34.88396142932768,0 32.33298383036488,34.88395649466796,0 32.33297912209505,34.8839514911717,0 32.33297452156404,34.88394642156099,0 32.33297002877178,34.88394128583591,0 32.33296564479032,34.88393608670656,0 32.33296137180006,34.88393082508637,0 32.33295721088033,34.88392550278414,0 32.33295316419699,34.88392012251602,0 32.3329492317573,34.88391468338062,0 32.33294541461142,34.88390919079227,0 32.33294171606281,34.88390364206486,0 32.33293813280069,34.88389804078589,0 32.33293467027254,34.88389238968958,0 32.33293132847104,34.88388668967726,0 32.33292810738165,34.88388094255176,0 32.33292500809088,34.88387514922045,0 32.3329197858719,34.88386470821646,0 32.33287397850194,34.88373254606967,0 32.33280224141969,34.8836229529774,0 32.33270648774223,34.88354082331164,0 32.33246022486258,34.88341597894562,0 32.33231668238151,34.88336844011646,0 32.3322310593277,34.88334740474253,0 32.33220783797152,34.8833081680057,0 32.33224411421538,34.88324582376412,0 32.33235102359733,34.88313687169627,0 32.33246616978178,34.88299951401162,0 32.33255619727387,34.88289937422609,0 32.33265991369209,34.88280991927645,0 32.33272686047478,34.88274131608431,0 32.33278001178218,34.88267097491469,0 32.33283179640782,34.88254937214321,0 32.33285079319927,34.8824462119432,0 32.33283151722716,34.88240700688625,0 32.33275535952191,34.88233723784841,0 32.33253186562214,34.88228986348945,0 32.33240519852724,34.88223432623384,0 32.33232278082117,34.88219298051199,0 32.33225864893598,34.88219082993922,0 32.33225710977248,34.88219218894575,0 32.33225554344503,34.88219352526747,0 32.33225394666481,34.88219483978772,0 32.3322523238218,34.88219613072778,0 32.33225067382943,34.88219739718023,0 32.33224899667312,34.88219864094782,0 32.33224729455515,34.88219986023987,0 32.33224556529511,34.88220105414291,0 32.33224381107341,34.8822022235704,0 32.33224203408506,34.8822033676329,0 32.33224023214961,34.88220448541706,0 32.33223840636092,34.88220557692886,0 32.33223655780558,34.88220664307571,0 32.33223468868582,34.88220768206685,0 32.33223279463357,34.88220869297686,0 32.33223088219734,34.88220967764456,0 32.33222894810284,34.88221063515055,0 32.3322269945597,34.88221156280269,0 32.33222502153872,34.8822124642065,0 32.33222302906177,34.88221333665783,0 32.33222101931656,34.88221418016868,0 32.33221899121651,34.8822149938317,0 32.33221694694205,34.88221577856027,0 32.33221488539206,34.88221653524977,0 32.33221280878335,34.88221726030662,0 32.33221071710138,34.88221795553369,0 32.33220861034613,34.88221862093093,0 32.33220648960418,34.88221925740573,0 32.3322043581862,34.88221986137053,0 32.33220221169496,34.88222043550553,0 32.33220005561429,34.88222097803801,0 32.33219788556148,34.88222148984522,0 32.33219570701308,34.88222197005589,0 32.33219351668755,34.88222241865201,0 32.33219132004683,34.88222283656494,0 32.33218911273011,34.88222322196794,0 32.33218689800437,34.88222357668176,0 32.33218467697802,34.88222389890969,0 32.33218244965107,34.88222418865166,0 32.33218021492241,34.88222444680312,0 32.33217797498699,34.88222467247463,0 32.33217573201794,34.88222486748104,0 32.33217348495058,34.88222502821075,0 32.33217123376303,34.88222515736796,0 32.33216898174415,34.88222525406927,0 32.33216672779277,34.8822253192101,0 32.3321644719308,34.88222535008627,0 32.33216221632404,34.88222534941395,0 32.33215995987865,34.88222531718714,0 32.33215770589806,34.88222525071968,0 32.33215545436036,34.8822251527158,0 32.33215320307792,34.8822250231634,0 32.33215095644066,34.88222486028378,0 32.33214871334747,34.88222466497233,0 32.33214647378376,34.88222443903179,0 32.33214424105294,34.88222417977607,0 32.33214201296734,34.88222388719313,0 32.3321397916855,34.88222356490053,0 32.33213757723654,34.88222320929273,0 32.33213537069975,34.88222282217849,0 32.33213317207515,34.88222240355786,0 32.33213098355042,34.88222195344282,0 32.33212880621941,34.88222147183937,0 32.33212663680058,34.8822209587295,0 32.33212448075589,34.88222041504468,0 32.33212233590491,34.88221983987144,0 32.33212020333421,34.88221923411721,0 32.3321180830438,34.88221859778198,0 32.33211597722138,34.88221793087779,0 32.33211388585965,34.88221723430602,0 32.33211180895861,34.88221650806661,0 32.3321097498144,34.88221575037495,0 32.33210770621014,34.8822149648244,0 32.33210567924697,34.88221415051969,0 32.33210366893948,34.88221330565803,0 32.33210167746079,34.88221243205422,0 32.33209970479632,34.882211531511,0 32.33209775096794,34.88221060132426,0 32.33209581814875,34.88220964330873,0 32.33209390633877,34.88220865746442,0 32.33209201443685,34.88220764468677,0 32.33209014462339,34.88220660588914,0 32.33208829692029,34.88220553836739,0 32.33208647239948,34.88220444483163,0 32.33208467214755,34.88220332618933,0 32.33208289398409,34.88220218152706,0 32.33208114118334,34.88220101176424,0 32.3320794137453,34.88219981690082,0 32.33207771167727,34.88219859603549,0 32.33207603604392,34.88219735277976,0 32.33207303582905,34.88219501242481,0 32.33190279195405,34.88206915941048,0 32.33190032306287,34.8820678045235,0 32.3318978839755,34.88206641644759,0 32.33189547472108,34.88206499157718,0 32.33189309527777,34.88206353261642,0 32.33189074782592,34.88206204047874,0 32.331888431279,34.88206051425671,0 32.33188615000511,34.88205895487584,0 32.33188389852773,34.88205736320737,0 32.33188168451105,34.88205573839205,0 32.33187950245667,34.88205408400534,0 32.33187735786303,34.88205239647178,0 32.33187524741937,34.88205067937883,0 32.33187317550107,34.88204893275061,0 32.33187113992778,34.88204715567365,0 32.33186914287255,34.88204534996277,0 32.33186718324156,34.88204351561196,0 32.3318652632152,34.88204165353465,0 32.3318633838946,34.88203976283545,0 32.33186154415675,34.88203784711383,0 32.33185974400892,34.88203590546848,0 32.33185798783381,34.88203393702205,0 32.33185627123413,34.88203194445466,0 32.33185459859255,34.88202992688894,0 32.33185296880798,34.88202788522029,0 32.33185138185846,34.88202582215286,0 32.3318498399609,34.8820237340931,0 32.33184834088382,34.88202162643736,0 32.33184688793065,34.88201949649947,0 32.33184547999296,34.88201734607622,0 32.33184411816455,34.88201517517362,0 32.33184280243088,34.88201298559441,0 32.33184153279191,34.88201077733863,0 32.33184030924035,34.88200855130766,0 32.33183913505044,34.88200630842087,0 32.33183800694794,34.8820040477589,0 32.33183692819249,34.88200177204391,0 32.33183589768294,34.88199948217135,0 32.33183491543388,34.8819971763383,0 32.33183398142343,34.88199485724903,0 32.33183309673814,34.88199252581091,0 32.33183226358026,34.88199018023319,0 32.33183147863908,34.88198782410337,0 32.33183074300845,34.88198545742749,0 32.33183005887607,34.88198308021754,0 32.33182942404692,34.88198069336291,0 32.33182884070869,34.88197829687559,0 32.33182830883949,34.88197589345975,0 32.33182782734549,34.88197348310939,0 32.33182739732779,34.88197106492912,0 32.33182701767068,34.88196864161708,0 32.33182669055458,34.88196621408672,0 32.33182641379902,34.88196378142457,0 32.33182618849788,34.88196134363667,0 32.33182601570124,34.88195890613737,0 32.3318258943517,34.88195646441365,0 32.33182582551394,34.88195402207717,0 32.33182580591368,34.88195157820844,0 32.33182584099831,34.88194913554167,0 32.33182592531315,34.88194669224408,0 32.33182606320439,34.88194425194519,0 32.33182634370714,34.88194081545497,0 32.33186352073265,34.88188580123523,0 32.33209872414759,34.8816127532797,0 32.33213371391391,34.88157561842504,0 32.33219131264513,34.8815459877153,0 32.33236749850864,34.88150430720282,0 32.33248632773272,34.88147192250861,0 32.33263629297281,34.88139423446644,0 32.33275627392889,34.88134802797902,0 32.33282711880646,34.88128352414603,0 32.33292271767061,34.88121271361881,0 32.33304790148574,34.88106079469978,0 32.33309206132924,34.88099932814097,0 32.33310541496022,34.88095550833369,0 32.33308583107323,34.88077637891201,0 32.33309213995517,34.88057793427503,0 32.33313948262958,34.88049778419949,0 32.33320236465861,34.88043890911928,0 32.33334334828967,34.88036928283471,0 32.33354118717578,34.88033265733127,0 32.33354704056916,34.88033156173663,0 32.33355072868235,34.88033080041913,0 32.33355439864435,34.88032998401511,0 32.33355805151259,34.88032911703749,0 32.33356168512125,34.88032819677014,0 32.33356529836922,34.88032722410845,0 32.33356889015543,34.8803261999478,0 32.33357246047981,34.88032512428819,0 32.33357600715476,34.88032399711766,0 32.33357953016571,34.88032282023893,0 32.33358302734685,34.88032159093594,0 32.33358649647413,34.88032031370353,0 32.33358993976431,34.88031898494818,0 32.3335933550006,34.88031760826347,0 32.33359673891615,34.88031618182865,0 32.33360009259744,34.88031470655105,0 32.33360341384958,34.88031318332013,0 32.333606702658,34.88031161393862,0 32.33360995794343,34.88030999659777,0 32.3336131796913,34.88030833310035,0 32.33361636462744,34.88030662252697,0 32.33361951273002,34.88030486758183,0 32.33362262291249,34.88030306735754,0 32.33362569516756,34.88030122275545,0 32.33362872840139,34.88029933376961,0 32.33363171932528,34.88029740128342,0 32.33363467011957,34.88029542621022,0 32.33363757967588,34.88029341034682,0 32.3336404436335,34.88029135186648,0 32.33364326525933,34.88028925258993,0 32.33364604127188,34.88028711249922,0 32.33364877165664,34.88028493339707,0 32.33365145641358,34.88028271528356,0 32.33365409225398,34.88028045904203,0 32.33365668027891,34.88027816377711,0 32.33365922045203,34.88027583399573,0 32.33366170952097,34.88027346607434,0 32.33366414854314,34.88027106452594,0 32.33366653535276,34.88026862663429,0 32.33366887210837,34.88026615601699,0 32.33367115662961,34.88026365176066,0 32.3336733856277,34.88026111474868,0 32.33367556128307,34.88025854589443,0 32.33367768248733,34.8802559469947,0 32.33367974705281,34.8802533180375,0 32.33368175826828,34.88025065813942,0 32.33368371062827,34.88024797177746,0 32.33368560634224,34.88024525625939,0 32.33368744319343,34.88024251517876,0 32.33368922338409,34.88023974674488,0 32.33369094469744,34.88023695455124,0 32.33369260605423,34.88023413678907,0 32.33369420743261,34.88023129616253,0 32.33369574773882,34.88022843266568,0 32.33369722696555,34.88022554719984,0 32.3336986461921,34.88022264157382,0 32.33370000322352,34.88021971667698,0 32.33370129807439,34.8802167707066,0 32.33370253070836,34.88021380816955,0 32.33370370004616,34.8802108272571,0 32.33370480606592,34.88020783067344,0 32.3337058476739,34.8802048184125,0 32.33370682705042,34.88020179138771,0 32.33370773980569,34.88019875137783,0 32.33370859031497,34.88019569840689,0 32.33370937528955,34.88019263335826,0 32.33371009362107,34.88018955802868,0 32.33371074969209,34.88018647154082,0 32.33371133800438,34.8801833774702,0 32.33371186074565,34.8801802758288,0 32.33371231901695,34.88017716572126,0 32.33371271060161,34.88017405074114,0 32.33371303769448,34.880170929999,0 32.33371329700687,34.88016780437825,0 32.33371348961079,34.88016467658908,0 32.3337136155135,34.88016154573009,0 32.33371367688084,34.8801584145174,0 32.33371367043863,34.88015528203167,0 32.33371359945379,34.88015215009363,0 32.33371346063033,34.88014902048808,0 32.33371325506931,34.88014589231963,0 32.33371298603042,34.88014276831041,0 32.33371264913837,34.88013964843642,0 32.33371224547243,34.88013653450648,0 32.33371177613372,34.88013342562515,0 32.33371124219423,34.88013032450263,0 32.33371064146633,34.88012723112685,0 32.33370997502931,34.88012414730665,0 32.33363083913731,34.88005598233748,0 32.33349927995744,34.87999715444342,0 32.33327311091892,34.87996765376624,0 32.33323119710537,34.87992338390154,0 32.33324815781329,34.87974211119115,0 32.33328005795819,34.87963254760288,0 32.33329726255278,34.87943093917175,0 32.33331963036645,34.87929282565257,0 32.33330176830772,34.87921783824046,0 32.33332642275656,34.87913668836617,0 32.33345624778534,34.87900921129472,0 32.33363158678461,34.87887234281408,0 32.33371179493811,34.87876723999247,0 32.33377641659727,34.87864492643606,0 32.3338876809762,34.87829358468067,0 32.33392954387065,34.87809299009239,0 32.33390960334202,34.87802693440279,0 32.33385243867203,34.87793698440998,0 32.33368684607771,34.87775259825698,0 32.333619978009,34.8776487400721,0 32.33352440356592,34.87746899127168,0 32.33351013236803,34.87742413295051,0 32.33348559339117,34.87728807886415,0 32.33349672959844,34.87714011240704,0 32.33366070577981,34.87704545205193,0 32.33375720567427,34.87698115761958,0 32.33384674041321,34.87692168543025,0 32.33394811925575,34.87686231141242,0 32.3340028210434,34.8768269624145,0 32.3341229476609,34.87676773962137,0 32.33421475714164,34.87676604654167,0 32.33427446306715,34.87680801932243,0 32.33431729576971,34.87685799088168,0 32.33437047079974,34.87686818597459,0 32.3344008313236,34.87688795638243,0 32.33443439751045,34.87688741539245,0 32.33444189541683,34.87692083080115,0 32.33448115692854,34.87693904718091,0 32.33452362190605,34.87693695124203,0 32.33457616785128,34.87691704061174,0 32.33464222076776,34.87692327309178,0 32.33468408494318,34.87688863146047,0 32.33482157925189,34.87686290351981,0 32.33511534857391,34.87689213638512,0 32.335308854225,34.87688719907537,0 32.33542274065066,34.87685477179799,0 32.33561708755568,34.87686204389242,0 32.33567254485579,34.87684622403872,0 32.33575144719514,34.87685093150504,0 32.33582629520167,34.87686455620582,0 32.33588661981708,34.87685446886508,0 32.33596140128415,34.87687378652096,0 32.33605678063418,34.87690384712425,0 32.33617408277178,34.87691618724666,0 32.33624391079401,34.87693709213602,0 32.33645315944855,34.87701932744538,0 32.33651520963159,34.87703040566078,0 32.3366261857903,34.8770768613205,0 32.33669993089184,34.87710023829663,0 32.33678387325533,34.87709603766415,0 32.33686665675443,34.87710647160155,0 32.33699457498663,34.87713923563896,0 32.33708610469467,34.87716112826429,0 32.33721049865869,34.87715806914975,0 32.33722212095923,34.87716170215189,0 32.33722929938183,34.87716379292789,0 32.3372365212943,34.87716578027661,0 32.33724378343697,34.87716766147602,0 32.33725108578087,34.87716944013168,0 32.33725842288601,34.8771711126082,0 32.33726579474516,34.87717267980697,0 32.33727320027894,34.87717413991924,0 32.33728063401122,34.87717549381661,0 32.33728809594918,34.87717674059765,0 32.33729558281146,34.8771778802445,0 32.33730309242495,34.87717891094244,0 32.33731062368136,34.87717983448827,0 32.33731817221999,34.87718064905538,0 32.33732573693982,34.87718135553919,0 32.33733331675427,34.87718195303237,0 32.33734090729541,34.87718244060963,0 32.33734850636843,34.87718281916047,0 32.33735611287227,34.87718308958029,0 32.33736372464104,34.87718324915303,0 32.33737133728513,34.87718329965764,0 32.33737895080449,34.87718324109404,0 32.33738656083846,34.87718307163571,0 32.33739416736529,34.87718279398675,0 32.3374017671036,34.87718240812926,0 32.33740935679374,34.87718191134126,0 32.33741693422638,34.87718130631492,0 32.33742449832223,34.87718059124156,0 32.33743204687919,34.87717976791202,0 32.3374395755149,34.87717883720384,0 32.33744708424375,34.87717779731425,0 32.33745456976995,34.87717665002813,0 32.33746202881213,34.87717539532763,0 32.33746946137022,34.87717403321276,0 32.33747686306189,34.87717256456106,0 32.33748423278605,34.87717099026793,0 32.33749156836236,34.8771693094201,0 32.33749886650224,34.87716752290108,0 32.33750612609738,34.87716563250767,0 32.33751334496025,34.87716363822798,0 32.33752051980218,34.87716154094549,0 32.33752764954389,34.87715933885153,0 32.33753473196882,34.8771570355397,0 32.33767591775212,34.87706950744151,0 32.33781188536129,34.8769225522359,0 32.33786007392249,34.87685379525298,0 32.33790204702043,34.87672641535992,0 32.33789433125616,34.87662791876215,0 32.33786387771944,34.87653249118198,0 32.33787032646491,34.87648780208168,0 32.33795931676798,34.87634900655019,0 32.3379850654857,34.87629999743648,0 32.3379821058944,34.87625807856045,0 32.33804872931979,34.87617442034762,0 32.3380408870817,34.8760864985845,0 32.33803044668102,34.87600953843013,0 32.33805722101251,34.87595728343997,0 32.33805731260658,34.87586617235794,0 32.33803497148873,34.87579399617599,0 32.33805379231334,34.87574655926818,0 32.33810814104473,34.87565751397016,0 32.33814825544877,34.87552035689707,0 32.33821458297085,34.87537812323611,0 32.33825391747339,34.87530685338135,0 32.33824138079038,34.87519855638425,0 32.33831592912767,34.87507062615308,0 32.33843259382937,34.87496988308142,0 32.33856158698374,34.87491154151935,0 32.33859163500247,34.87487436342485,0 32.33860992827947,34.87482976935183,0 32.33868742934048,34.8746188859172,0 32.33873610552049,34.87450864218086,0 32.33886314678625,34.87436486696298,0 32.33889441385482,34.87430817504215,0 32.33895114477443,34.87426795900195,0 32.3390208953392,34.87421157813517,0 32.3390294666739,34.87407091126244,0 32.3390169630761,34.87387638230031,0 32.33891819682425,34.87354855472558,0 32.3390190454496,34.87342189649716,0 32.33902773866672,34.87341098151565,0 32.3390331764329,34.8733921856979,0 32.33904102641683,34.87331429829824,0 32.33905755626591,34.8732840110035,0 32.33913801769519,34.87323331768422,0 32.33921682351531,34.87321113552876,0 32.33932751725349,34.87322723347927,0 32.3395508305117,34.87329176737868,0 32.3398036393188,34.87335297161029,0 32.33984458476491,34.87335805261836,0 32.33993947255836,34.87339208640246,0 32.33996516151068,34.8734174829134,0 32.33996999162373,34.87342952784633,0 32.34004879762738,34.87362603289388,0 32.34011074797051,34.87364524319393,0 32.34023970855334,34.8735893389017,0 32.34030476514237,34.87351258212121,0 32.34035546920683,34.87348126494292,0 32.34039793008768,34.87347916872031,0 32.34048330506035,34.87352053405417,0 32.34051833238036,34.87356311901353,0 32.3405099861069,34.8736012851902,0 32.34046973628543,34.87366685473499,0 32.3404738335726,34.87373766323672,0 32.34054729987594,34.87378462578413,0 32.34063719808816,34.87377721684905,0 32.34067151778319,34.87371241375539,0 32.34066165318817,34.8736285438714,0 32.34065857629756,34.87362238937636,0 32.34065562991448,34.87361619141905,0 32.34065281401011,34.87360995360511,0 32.34065013187278,34.87360367505092,0 32.34064758456748,34.87359735936791,0 32.34064516879855,34.87359100834117,0 32.3406428900274,34.87358462290169,0 32.34064074604501,34.87357820574179,0 32.34063873682972,34.87357175956564,0 32.34063686675644,34.87356528439695,0 32.34063513360888,34.87355878382944,0 32.34063353737984,34.87355225876451,0 32.34063208023515,34.87354571191814,0 32.34063076215317,34.87353914599454,0 32.34062958204013,34.87353256098778,0 32.34062854314844,34.87352596052116,0 32.34062764436991,34.87351934639157,0 32.3406268845964,34.87351272039587,0 32.34062626491439,34.87350608344131,0 32.34062578747537,34.87349944004678,0 32.34062545009898,34.87349278929898,0 32.34062525275644,34.87348613480347,0 32.34062519761356,34.87347947927621,0 32.34062528356221,34.87347282451416,0 32.34062551058794,34.87346617232002,0 32.34062587650327,34.87345952268194,0 32.34062638456054,34.87345287922324,0 32.34062703363006,34.87344624644497,0 32.3406284856149,34.87343480891323,0 32.3406292900808,34.87341926187438,0 32.34064982375556,34.87335211603074,0 32.34066845439349,34.87332673284664,0 32.34068837095657,34.87331180506173,0 32.34072234775263,34.87330047358207,0 32.3407518884172,34.87330651285811,0 32.34079246301422,34.87333352954183,0 32.34086250935766,34.87325285306537,0 32.34089102204698,34.87322639032553,0 32.34091356769531,34.87322164033398,0 32.34102368285232,34.87319844044352,0 32.3412237086452,34.87318276777675,0 32.34138573718938,34.87319691726669,0 32.34175588350136,34.87328469873783,0 32.34184057766859,34.87324425231331,0 32.34187243297416,34.87318796301932,0 32.34184581752693,34.87306438126213,0 32.34187552281793,34.87292582699318,0 32.34181696020668,34.87286624392473,0 32.34167440263359,34.87278799726128,0 32.34164400108303,34.87272092879903,0 32.34168382032095,34.87251820181535,0 32.3417187643329,34.8724645082577,0 32.34173644873858,34.87228730608069,0 32.34169048485325,34.87221754284094,0 32.3414672613893,34.87210266689495,0 32.3412510951346,34.87191845140475,0 32.34106117949171,34.87188865690323,0 32.34101736438976,34.87190115659514,0 32.34092951570058,34.87186978766196,0 32.34090070112484,34.87185958327008,0 32.34081725024794,34.8718098868597,0 32.34074974190997,34.87172595683136,0 32.34068673272529,34.8716118353531,0 32.34064374606677,34.87150578472023,0 32.34063998498345,34.87145464263629,0 32.3406497937692,34.87134901531157,0 32.34069402769755,34.87122839553827,0 32.34078569074787,34.87097692133504,0 32.3408226601104,34.87090721704916,0 32.34088726767209,34.87083773468918,0 32.34094200341506,34.87081123648804,0 32.34103813646916,34.87076469765641,0 32.34119984608812,34.87071004607346,0 32.34144392662037,34.87064260479445,0 32.34154157903809,34.87056114080925,0 32.3416213656146,34.87040756864776,0 32.34162521268939,34.87034591387606,0 32.34149922249148,34.86992082286672,0 32.34161037892064,34.86948734912777,0 32.34166833494479,34.86933360100181,0 32.34172032448686,34.86889194360781,0 32.34175920257427,34.86876888487279,0 32.34186645005387,34.86866693712586,0 32.34189258191388,34.86856690751153,0 32.34186754120689,34.8683096886561,0 32.34193845502291,34.86811492346166,0 32.34201418177808,34.86804099349484,0 32.34228099305949,34.8678966284992,0 32.34239738160424,34.86781274201724,0 32.34245454817573,34.86772581377369,0 32.34251628480349,34.86751554992937,0 32.34258916303468,34.86741846545858,0 32.34271787414978,34.86734752847476,0 32.34340654672804,34.86713456680248,0 32.34354806681358,34.86703546089048,0 32.34382032569866,34.86695795908688,0 32.34412101489357,34.86684984521537,0 32.34418692670936,34.86681438791948,0 32.34443892585485,34.86660307215608,0 32.34446853575886,34.86647222916697,0 32.34447625104593,34.86634635038317,0 32.34445877683791,34.86624083425662,0 32.34407650815489,34.86585996150061,0 32.34392433116874,34.86580477274246,0 32.34338941552247,34.86567455883751,0 32.34308218996159,34.86554359243118,0 32.34298330149077,34.86546569496129,0 32.34290021998599,34.86536993360971,0 32.34285767836887,34.86527451298626,0 32.34286533267226,34.86488904811754,0 32.34295707021954,34.86451452478984,0 32.34317206433771,34.86426694277625,0 32.34322304922199,34.86417482364465,0 32.34321756938913,34.86411052226408,0 32.34315392357924,34.86395322913291,0 32.34315498216772,34.86386328139435,0 32.34333449335922,34.86371564066615,0 32.34361324718809,34.86361506259295,0 32.34370743838247,34.86356184680255,0 32.34377713335034,34.86346987707777,0 32.3438160381842,34.86334424230949,0 32.34388921145282,34.86322146155584,0 32.3444629463897,34.86296645182516,0 32.34487576523183,34.86286951049176,0 32.34518560906874,34.86277688550206,0 32.34527359086917,34.86272103983194,0 32.34530013730134,34.86258503650025,0 32.34521774972463,34.86243016388114,0 32.34501110753458,34.86223318335482,0 32.34499306151401,34.86217649090131,0 32.34507733662616,34.86190472258448,0 32.34512186986291,34.86183054052509,0 32.34534280760079,34.86134140107086,0 32.34531888529239,34.86125382294159,0 32.34528251803506,34.86116357628249,0 32.34512217185649,34.86100808280111,0 32.34514350758286,34.86078465073305,0 32.34520032361119,34.86046125652611,0 32.34518527466706,34.86041486822442,0 32.34505139102296,34.86039581037146,0 32.34501730151292,34.86037754862398,0 32.34510004035192,34.86023684319748,0 32.34524775269944,34.86014035556286,0 32.34535967938778,34.86016952711201,0 32.34542210846969,34.86016488548211,0 32.34550115380592,34.86007298845831,0 32.3457175510929,34.85970459797816,0 32.34583364728815,34.85964384519995,0 32.34620246349435,34.85957481680499,0 32.34653006959058,34.85956200788613,0 32.34698676281349,34.85944483885947,0 32.34731683736521,34.85922135559782,0 32.34739270404985,34.85913456216964,0 32.34743347329258,34.85898457951768,0 32.34745057520314,34.85892166683986,0 32.3474394726365,34.85884570607596,0 32.34741275273539,34.85873663406197,0 32.34735602831289,34.85864222861652,0 32.34724518565533,34.85852584159115,0 32.34711440903911,34.85846473662876,0 32.34688638786902,34.858412517514,0 32.3468295988269,34.8583785450526,0 32.34682868232501,34.85837800197715,0 32.34682777576469,34.85837744633504,0 32.34682688133301,34.8583768781381,0 32.34682600122416,34.85837629649665,0 32.34682513106403,34.8583757013872,0 32.34682427520536,34.85837509553741,0 32.346823432576,34.85837447623724,0 32.3468226009746,34.85837384527773,0 32.34682178478247,34.85837320178096,0 32.34682098179825,34.858372547538,0 32.34682019312265,34.85837188165333,0 32.34681941874137,34.85837120592971,0 32.34681865758938,34.85837051675571,0 32.3468179129188,34.85836981775451,0 32.34681718145617,34.85836910800711,0 32.34681646647493,34.85836838843251,0 32.34681576688868,34.85836765812343,0 32.34681508159679,34.85836691797545,0 32.34681441277915,34.85836616890165,0 32.34681376045718,34.85836540819788,0 32.34681312241531,34.85836463945794,0 32.34681250302764,34.85836386270534,0 32.34681190012137,34.85836307612553,0 32.34681131368939,34.85836228061996,0 32.34681074263103,34.85836147708407,0 32.34681019021976,34.85836066643691,0 32.34680965428276,34.85835984686396,0 32.34680913589932,34.85835902017386,0 32.34680863507657,34.85835818546522,0 32.34680815180025,34.85835734454081,0 32.34680768717813,34.85835649560374,0 32.34680724009536,34.85835564135233,0 32.34680681165251,34.85835478089102,0 32.34680640185677,34.85835391331842,0 32.34680600849967,34.85835304132702,0 32.34680563487606,34.85835216313158,0 32.34680528097883,34.85835127963351,0 32.34680494352737,34.85835039081521,0 32.34680462688869,34.85834949760158,0 32.34680432887573,34.85834859998084,0 32.34680404839492,34.85834769794711,0 32.34680378871978,34.85834679241943,0 32.34680354876387,34.85834588249052,0 32.34680332522525,34.85834497084696,0 32.34680312358578,34.85834405571528,0 32.34680294166557,34.85834313618238,0 32.34680277834968,34.85834221494653,0 32.34680263363099,34.85834129290919,0 32.34680250971081,34.85834036827925,0 32.34680240549562,34.85833944105085,0 32.34680231987766,34.85833851302095,0 32.34680225395041,34.85833758419538,0 32.34680220772102,34.85833665367272,0 32.34680218226877,34.85833572326169,0 32.34680217650013,34.85833479295638,0 32.34680219041509,34.8583338627568,0 32.34680222292723,34.85833293175567,0 32.34680227620941,34.85833200176752,0 32.34680234807451,34.85833107278064,0 32.34680244070252,34.85833014570814,0 32.34680255191345,34.85832921963687,0 32.34680268388729,34.85832829547999,0 32.34680283443691,34.85832737322572,0 32.3468030046559,34.85832645287996,0 32.34680319452998,34.85832553624552,0 32.34680340297987,34.85832462151368,0 32.34680363327906,34.85832370960352,0 32.34680387995273,34.85832280138699,0 32.34680414736791,34.85832189778902,0 32.34680443335176,34.85832099699508,0 32.34680473788293,34.85832010170932,0 32.34680506207633,34.85831920923346,0 32.34680540590343,34.85831832317307,0 32.34680576719855,34.85831744081219,0 32.34680614812027,34.85831656576817,0 32.34680654651714,34.85831569352234,0 32.34680696453345,34.85831482949468,0 32.34680739891,34.85831397096349,0 32.3468078529274,34.85831311794639,0 32.34680832329079,34.85831227222852,0 32.34680881328075,34.85831143382745,0 32.34680931962382,34.85831060182421,0 32.34680984557924,34.85830977894066,0 32.34681038680135,34.85830896154764,0 32.3468109465494,34.85830815236701,0 32.34681152153561,34.85830735228244,0 32.34681211504777,34.85830656041028,0 32.34681272489167,34.85830577764011,0 32.34681335108151,34.8583050021692,0 32.34681399359601,34.85830423670166,0 32.34681465134154,34.85830348123164,0 32.34681532651235,34.85830273486948,0 32.34681601691425,34.85830199850483,0 32.34681672255432,34.85830127123635,0 32.3468174434112,34.85830055576817,0 32.34681817950629,34.8582998493961,0 32.34681892973179,34.85829915391707,0 32.34681969626765,34.85829847024419,0 32.34682047474684,34.85829779745261,0 32.34682126954354,34.85829713556582,0 32.34682207627642,34.85829648546171,0 32.34682289822614,34.8582958471579,0 32.34682373430627,34.8582952197471,0 32.34682458121485,34.85829460591592,0 32.3468261942777,34.85829349500546,0 32.34725946011048,34.85799648482564,0 32.34746490695763,34.85788098488061,0 32.34762398824513,34.85779481083991,0 32.34766860668957,34.85774402751698,0 32.34778473017693,34.85756844807985,0 32.34785858639261,34.85741397869167,0 32.34791014420209,34.85728407712042,0 32.34802397180805,34.85713322033236,0 32.34816031364724,34.85705925249906,0 32.34816159942464,34.85705859143204,0 32.34816291442121,34.85705796928309,0 32.34816425426999,34.85705738512732,0 32.34816561897102,34.85705683896479,0 32.34816700413598,34.85705633257478,0 32.34816841085841,34.8570558659632,0 32.34816983584353,34.85705544091517,0 32.34817127909846,34.85705505652937,0 32.34817273623489,34.85705471458513,0 32.34817420835347,34.85705441418689,0 32.34817569216654,34.85705415621847,0 32.34817718547996,34.85705394156955,0 32.3481786872002,34.85705377023425,0 32.34818019405384,34.8570536412936,0 32.34818170821369,34.8570535565621,0 32.34818322203223,34.85705351509736,0 32.34818473878293,34.85705351781831,0 32.34818625411302,34.85705356199736,0 32.34818776579994,34.85705365212974,0 32.34818927277861,34.85705378460404,0 32.34819077285493,34.8570539603099,0 32.34819226602171,34.85705418014873,0 32.34819374901269,34.85705444230016,0 32.34819521855439,34.8570547458452,0 32.34819667463261,34.85705509258663,0 32.34819811616094,34.85705548161727,0 32.34819954097371,34.85705591022113,0 32.34820094358906,34.85705638017177,0 32.34820232839532,34.85705688968977,0 32.34820368882426,34.85705743964144,0 32.34820502707004,34.85705802913706,0 32.34820633877991,34.85705865544902,0 32.34820762286039,34.85705931857146,0 32.34820887821079,34.85706001939991,0 32.34821010265834,34.85706075611991,0 32.34821129622437,34.85706152602722,0 32.34821245560698,34.85706233180847,0 32.34821358084175,34.85706316895671,0 32.34821466972738,34.85706403926298,0 32.34821572119886,34.85706493911588,0 32.3482167341555,34.85706586941094,0 32.34821770643163,34.85706682743224,0 32.3482186369266,34.85706781407534,0 32.34821952676239,34.85706882574054,0 32.34822037265132,34.85706986331162,0 32.3482211735212,34.85707092407853,0 32.34822192828565,34.85707200713411,0 32.34822263805238,34.85707311068134,0 32.34822330062724,34.85707423560996,0 32.34822391385877,34.85707537740128,0 32.34822447992685,34.85707653696836,0 32.3482249955723,34.85707771158953,0 32.34822546298213,34.85707890127645,0 32.34822587671718,34.85708010239427,0 32.34822624114446,34.85708131586783,0 32.34822655519883,34.85708253808572,0 32.34822681559265,34.85708376993173,0 32.34822702346209,34.85708500600335,0 32.34822717987934,34.85708624901068,0 32.34822729330676,34.85708767387624,0 32.34822991181328,34.85714472942809,0 32.34825502152192,34.85722079946672,0 32.34841581690386,34.85732762136419,0 32.34850102185409,34.85739756540308,0 32.3486267837437,34.85742164016933,0 32.34874876082807,34.85742754336587,0 32.34894301012791,34.85741256957368,0 32.34911705934925,34.8574139303223,0 32.34928693784209,34.8573902781917,0 32.34946524685487,34.85732783285582,0 32.34960710453416,34.85723666839858,0 32.34961340802225,34.85723247801432,0 32.34961715325257,34.85722986767443,0 32.34962084313889,34.85722720295269,0 32.34962447655923,34.85722448744885,0 32.34962805134789,34.85722171844701,0 32.34963156638998,34.85721889864553,0 32.34963502167849,34.85721602894582,0 32.34963841720631,34.85721311024923,0 32.34964174859224,34.85721014343379,0 32.3496450169298,34.85720712850534,0 32.34964822111842,34.85720406635947,0 32.34965135894264,34.85720096058997,0 32.34965443261083,34.85719780850444,0 32.34965743882109,34.85719461278951,0 32.3496603742858,34.85719137432901,0 32.34966324337198,34.85718809404772,0 32.34966604169133,34.85718477372505,0 32.34966877033739,34.85718141336688,0 32.3496714260083,34.85717801565978,0 32.34967400982597,34.85717457700409,0 32.34967652064017,34.85717110460508,0 32.34967895629219,34.85716759484548,0 32.34968131784013,34.85716405223813,0 32.34968360420463,34.85716047497435,0 32.34968581536445,34.85715686575842,0 32.34968795021896,34.85715322548575,0 32.34969000548052,34.85714955504031,0 32.34969198333618,34.85714585443373,0 32.34969388375758,34.85714212727163,0 32.34969570346415,34.85713837353642,0 32.34969744355654,34.85713459233258,0 32.34969910508568,34.8571307890743,0 32.34970068370592,34.85712696013265,0 32.34970218156175,34.85712311092766,0 32.34970359866021,34.85711924055796,0 32.34970493280725,34.85711534991322,0 32.34970618508925,34.85711143990068,0 32.34970735329794,34.85710751321287,0 32.34970843851976,34.857103570757,0 32.3497094407547,34.85709961253303,0 32.34971035888796,34.85709564123937,0 32.34971119292667,34.85709165597456,0 32.34971194174894,34.85708766033833,0 32.34971260425418,34.85708365522627,0 32.34971318481646,34.85707964066176,0 32.34971367904755,34.85707561842415,0 32.34971408803386,34.85707158942071,0 32.34971441176125,34.85706755545423,0 32.34971464913617,34.85706351651884,0 32.34971480232445,34.85705947533041,0 32.34971487022544,34.85705543278453,0 32.34971485174564,34.8570513888753,0 32.34971474684961,34.85704734810971,0 32.34971455775278,34.85704330689385,0 32.34971428222552,34.85703927062442,0 32.3497139213756,34.85703523750443,0 32.34971347516754,34.85703121204089,0 32.34971294361555,34.857027192431,0 32.34971232779186,34.85702318138477,0 32.3497116265888,34.8570191806991,0 32.34971084110698,34.85701518947852,0 32.34970997242572,34.85701120953161,0 32.34970901723616,34.85700724444639,0 32.349707978833,34.85700329243765,0 32.34970685828143,34.85699935711675,0 32.34970565340149,34.85699543757065,0 32.34970436635898,34.85699153651518,0 32.34970299495973,34.85698765484004,0 32.34970154467847,34.85698379167309,0 32.34970001001216,34.85697995149204,0 32.34969839642837,34.85697613432613,0 32.34969670174009,34.85697234016367,0 32.34969492483962,34.85696857080153,0 32.34969307118038,34.85696482807181,0 32.34969113748179,34.85696111195688,0 32.34959323571221,34.85677849252462,0 32.34957533991782,34.85671121060355,0 32.34957468160375,34.85665396994514,0 32.34966357683245,34.85650308280023,0 32.34974216345461,34.8564252094052,0 32.34985572462694,34.85635587017126,0 32.35003164555175,34.85630973969919,0 32.35070375614131,34.85625302348533,0 32.35095431710999,34.85625084811746,0 32.35107032816699,34.85639840287236,0 32.35120261438665,34.85644074479865,0 32.35139140887452,34.85645386436872,0 32.35154868002523,34.85647541700092,0 32.35179665433643,34.85647170449624,0 32.35204789913964,34.85642284640591,0 32.35219922783543,34.85636756206102,0 32.35226031865972,34.85629802309013,0 32.35226988069515,34.85618404231688,0 32.35230315088431,34.85615042312887,0 32.35240608769488,34.8561331572709,0 32.35243470416516,34.85614580256019,0 32.35246250017871,34.85631576181217,0 32.35246221946357,34.85631809231494,0 32.35246208208367,34.85631957533604,0 32.35246197420729,34.85632106121849,0 32.35246190022966,34.85632254728142,0 32.3524618557697,34.85632403440299,0 32.35246184411498,34.8563255216992,0 32.3524618619779,34.85632701005402,0 32.35246191484016,34.85632849769376,0 32.35246199615485,34.85632998278072,0 32.35246210918833,34.85633146713515,0 32.35246225503413,34.85633295076285,0 32.3524624315264,34.85633443094801,0 32.35246263865108,34.85633590949342,0 32.3524628786163,34.85633738370656,0 32.35246314813453,34.85633885447131,0 32.35246344939277,34.85634032179937,0 32.35246378240512,34.85634178388791,0 32.35246414607813,34.85634324073116,0 32.35246453931119,34.85634469322461,0 32.35246496431252,34.85634613867582,0 32.35246541998154,34.85634757798029,0 32.35246590522476,34.85634901113223,0 32.35246642223625,34.85635043724189,0 32.3524669666561,34.8563518544832,0 32.3524675428513,34.85635326378084,0 32.35246814862775,34.8563546660245,0 32.35246878510016,34.85635605851593,0 32.35246945008153,34.85635744124342,0 32.35247014356477,34.85635881510836,0 32.35247086665753,34.85636017831383,0 32.35247161827336,34.85636152995257,0 32.35247239839815,34.85636287182737,0 32.35247320813951,34.85636420214128,0 32.35247404422401,34.85636551997546,0 32.3524749088316,34.8563668262429,0 32.35247579978228,34.8563681200306,0 32.35247671927019,34.8563694004488,0 32.35247766510828,34.85637066748588,0 32.35247863839714,34.85637192024618,0 32.35247963694977,34.85637315871817,0 32.35248066185255,34.856374383809,0 32.35248171311967,34.8563755937159,0 32.35248279075817,34.85637678753748,0 32.35248389148754,34.85637796525626,0 32.35248501858121,34.85637912779113,0 32.35248616876575,34.85638027422319,0 32.35248734314172,34.8563814036569,0 32.35248854170913,34.85638251609223,0 32.35248976338152,34.856383610622,0 32.35249100924533,34.85638468815339,0 32.35249227712769,34.85638574687201,0 32.35249356592802,34.85638678767337,0 32.3524948778404,34.85638780966779,0 32.35249621177132,34.85638881284941,0 32.35249756554082,34.85638979630521,0 32.35249894133592,34.85639076004678,0 32.35250033477552,34.85639170495231,0 32.35250174916841,34.85639262743365,0 32.35250318339283,34.85639353109053,0 32.35250463746287,34.85639441412017,0 32.35250610920568,34.85639527470817,0 32.35250759860006,34.8563961155587,0 32.35250910457367,34.85639693396174,0 32.35251063039292,34.85639773173755,0 32.35251217061148,34.85639850615285,0 32.35251372740219,34.85639925902208,0 32.35251529968571,34.8563999885366,0 32.35251688854846,34.85640069560364,0 32.35251848961642,34.85640138019988,0 32.35252010727068,34.8564020414473,0 32.35252173713013,34.85640268022391,0 32.35252338140298,34.85640329383723,0 32.35252503898164,34.85640388408422,0 32.35252670768609,34.85640445005183,0 32.35252838750221,34.85640499354283,0 32.35253007954471,34.85640551185889,0 32.35253178272009,34.85640600499416,0 32.35253349591365,34.85640647564705,0 32.35253521806719,34.85640691930472,0 32.35253695024594,34.85640733957857,0 32.3525386891906,34.85640773374699,0 32.35254043707404,34.85640810362437,0 32.35254219390332,34.85640844830934,0 32.35254395749143,34.85640876779024,0 32.35254572675191,34.85640906115989,0 32.35254750058419,34.85640932931381,0 32.3525492822688,34.8564095722695,0 32.35255106744582,34.85640978820088,0 32.352681934477,34.85643391209559,0 32.35276165641672,34.85642251867604,0 32.35300587188514,34.85634032509687,0 32.35304966603906,34.8563363384892,0 32.35311808598977,34.85633010939466,0 32.35329537534034,34.8563148545214,0 32.35350073330985,34.85621190341696,0 32.35356510976099,34.856176102819,0 32.353660366841,34.85611571035823,0 32.35374529465474,34.85598798925692,0 32.35378834220062,34.85595317313466,0 32.3544422536928,34.85568009920931,0 32.35447371225921,34.85568492929071,0 32.354759340167,34.85583081531537,0 32.35476487266595,34.85583344529295,0 32.35476805139019,34.85583487379662,0 32.35477125999806,34.85583625648584,0 32.35477449630958,34.85583759244761,0 32.35477776032473,34.85583888168198,0 32.35478105313703,34.85584012419469,0 32.35478436928601,34.85584131905538,0 32.35478771095865,34.85584246627562,0 32.354791078169,34.85584356405263,0 32.35479446652197,34.85584461506738,0 32.35479787713921,34.85584561572017,0 32.35480130781961,34.85584656780203,0 32.35480475857021,34.85584747041168,0 32.35480822721808,34.85584832173472,0 32.35481171482855,34.85584912538249,0 32.35481521815634,34.85584987683063,0 32.35481873608676,34.85585057877751,0 32.35482226863395,34.85585122942035,0 32.35482581578378,34.85585183056195,0 32.35482937427687,34.85585237948072,0 32.35483294409914,34.85585287797942,0 32.35483652308468,34.85585332334233,0 32.35484011120533,34.85585371917492,0 32.35484370739574,34.85585406186589,0 32.35484731164885,34.85585435231665,0 32.3548509195766,34.8558545923067,0 32.35485453229359,34.85585477913772,0 32.35485814868517,34.8558549155081,0 32.35486176767898,34.85585499870785,0 32.35486538708093,34.8558550296267,0 32.35486900797751,34.85585500917191,0 32.35487262709526,34.85585493642466,0 32.3548762444341,34.85585481138499,0 32.35487985780006,34.85585463494262,0 32.35488346720013,34.8558544061962,0 32.35488707044028,34.85585412603554,0 32.35489066862805,34.85585379266359,0 32.35489425846185,34.85585340876721,0 32.35489783995573,34.85585297254354,0 32.35490141200209,34.85585248578964,0 32.35490497351448,34.85585194759825,0 32.35490852121943,34.8558513570506,0 32.35491205728281,34.85585071686248,0 32.35491557952466,34.85585002612093,0 32.35491908467149,34.85584928390706,0 32.35492257598975,34.85584849204113,0 32.35492604911946,34.85584764869714,0 32.35492950294604,34.8558467565735,0 32.35493293856296,34.85584581567594,0 32.35493635270379,34.85584482418435,0 32.35493974534742,34.85584378480286,0 32.35494311759436,34.85584269663588,0 32.35494646398418,34.85584155875307,0 32.35494978668272,34.85584037387015,0 32.35495308460353,34.85583914107995,0 32.35495635336557,34.85583786126068,0 32.35495959624227,34.85583653533111,0 32.35496281106074,34.85583516147688,0 32.35496599560581,34.85583374329193,0 32.35496914879804,34.85583227896771,0 32.35497227173092,34.85583076851003,0 32.35497536219634,34.85582921461142,0 32.3549784180284,34.85582761455613,0 32.35498144138597,34.85582597196138,0 32.35498442898855,34.85582428680971,0 32.35498737974964,34.85582255819392,0 32.35499029256167,34.85582078791104,0 32.35499316961166,34.85581897597267,0 32.35499600653261,34.85581712145421,0 32.35499880438287,34.8558152288684,0 32.35500156099652,34.85581329549952,0 32.35500427636655,34.85581132224893,0 32.35509938846445,34.85576315396838,0 32.35514026006426,34.85575582933935,0 32.35520492207277,34.85577467223302,0 32.35541462412849,34.85591385314901,0 32.3553458571862,34.85592860110995,0 32.35531393209856,34.85596350649679,0 32.35531296285891,34.85597504596618,0 32.35531465442029,34.85599483049343,0 32.35531731660681,34.85601383141519,0 32.35532202818113,34.85602763654413,0 32.35533047084602,34.85604509962077,0 32.35534273710587,34.85606417579127,0 32.35535883860549,34.85608407366103,0 32.35538736991433,34.85610881408869,0 32.35541314055811,34.85612325186271,0 32.3554416967922,34.85613414555162,0 32.35562724373646,34.85612030391599,0 32.35563989628178,34.85614791142922,0 32.35560092087719,34.85630961516729,0 32.35545111667929,34.85643683148549,0 32.355379066205,34.85651174959941,0 32.35531874110877,34.85659979424356,0 32.35530916110249,34.85673314959885,0 32.35537170079998,34.85686574424518,0 32.35537697695593,34.85696222425189,0 32.35533658090945,34.85712704650521,0 32.35529465939611,34.85728525227457,0 32.35530670291742,34.85735140080389,0 32.35534766316947,34.85741116816011,0 32.35541726723955,34.8574883316708,0 32.35544069498361,34.85754003652877,0 32.3553960870534,34.85779069669458,0 32.35536614229549,34.85788426136505,0 32.3553277537244,34.85815082231478,0 32.35533979629368,34.85821697082735,0 32.35538705894812,34.85828603375834,0 32.35549083347066,34.85839282352552,0 32.35569570111084,34.85854899729828,0 32.35597321004249,34.85868017300695,0 32.35613487042382,34.8587391108187,0 32.35617113770697,34.85875333808438,0 32.35632052148609,34.85877595337121,0 32.35656362874661,34.85879607706972,0 32.35686425025441,34.85879411837261,0 32.35700383026447,34.85876516339395,0 32.35711507002625,34.85871131330399,0 32.35717183817604,34.85862738114625,0 32.3573672140626,34.8582251837133,0 32.35741628477306,34.85816096918374,0 32.35740618827442,34.85801986197849,0 32.35744835040378,34.8579878911116,0 32.3575935296799,34.85796856074342,0 32.35767432204572,34.85798318321285,0 32.35778672301721,34.85808632795504,0 32.35793579445146,34.85829203071881,0 32.35803496235096,34.8584101448092,0 32.35807529038208,34.85842337523135,0 32.35813771857489,34.85842154943041,0 32.35819287887276,34.85840465210391,0 32.3583436209638,34.85835261299411,0 32.35895048374147,34.85797659028313,0 32.35904352657408,34.85791847157104,0 32.35912776929732,34.85789489516036,0 32.35924553369655,34.85787677048394,0 32.35960871418749,34.85787438729953,0 32.3598480147881,34.85787450779939,0 32.36003524808323,34.85783961364726,0 32.36020175517871,34.85778206180771,0 32.36049962957567,34.85761996142095,0 32.36077705923525,34.85741097764912,0 32.36093972927399,34.85732224580173,0 32.36097629748224,34.85730338714652,0 32.36120239911295,34.85714537893705,0 32.36132577820291,34.85707353488374,0 32.36139216383632,34.85700225590282,0 32.36138761201784,34.85698631906145,0 32.36129355292996,34.85694466221101,0 32.36109401778076,34.85679960257524,0 32.3610728987988,34.85672098430381,0 32.36095922956135,34.85661199373318,0 32.36088675446138,34.85671189512789,0 32.3608518317446,34.85673238137527,0 32.36080041483699,34.85671794967488,0 32.36075408391442,34.8566949180047,0 32.3607262492409,34.8566402532208,0 32.36074322600269,34.85657617148117,0 32.36083745312843,34.85647895086552,0 32.3608991585544,34.8564000007198,0 32.36094366992005,34.85633278514592,0 32.36095855686356,34.8562847982361,0 32.3609394484368,34.85616894522467,0 32.36096409183568,34.85607516556508,0 32.36101421652663,34.85600196331383,0 32.36105150674175,34.8559602220199,0 32.36109458285629,34.85590617955053,0 32.36116862892684,34.85582120583154,0 32.36117961979313,34.85578645665402,0 32.36121244861074,34.85572428530322,0 32.36125569257806,34.85571060517866,0 32.36129940179228,34.85572275164569,0 32.36132701767433,34.85573838594801,0 32.36134674820181,34.85578441561454,0 32.36129873309246,34.85582200277565,0 32.36128423908344,34.85587068860129,0 32.36124473982848,34.85593113385222,0 32.36119426757701,34.85600109012906,0 32.36116221156166,34.85603598826413,0 32.36112752770395,34.85607088790982,0 32.36109389250433,34.85613238162851,0 32.36109420377957,34.85622945824048,0 32.36111354009272,34.85631968477595,0 32.36109953580668,34.85641815550845,0 32.36105944396092,34.85649055504419,0 32.36097073991834,34.85659734378465,0 32.3611132970582,34.85673343435235,0 32.36113170108165,34.85672304380275,0 32.36117389052862,34.85673578628985,0 32.36119451894214,34.85675664556149,0 32.36121905913499,34.85677211589697,0 32.36123831702174,34.85677787892998,0 32.36128859077609,34.85680991837884,0 32.36133324301735,34.85680836715422,0 32.36146642491356,34.85677194653506,0 32.36161334629049,34.85673338848929,0 32.36184355684574,34.85644525579612,0 32.36182446802786,34.85615578763346,0 32.36159655913128,34.85608664256398,0 32.36154696881075,34.85610616861621,0 32.36151896496393,34.85610067160999,0 32.36149841403937,34.85608748486793,0 32.36148846502502,34.85606510872212,0 32.36150116916978,34.85603180268656,0 32.36151617275625,34.85600872372505,0 32.36157278313341,34.85600483017607,0 32.36170811116028,34.85604431913877,0 32.36175011196713,34.85601915530958,0 32.36178967405757,34.85602231962307,0 32.36179604151974,34.85604331218467,0 32.36179517084391,34.85605962259483,0 32.36201670887885,34.85614235537827,0 32.36208871453612,34.85615713704808,0 32.36221021381868,34.85602407512252,0 32.36244016061578,34.8557762608226,0 32.362836931284,34.85513009848095,0 32.36289627187796,34.85498645007748,0 32.3629173895692,34.85487518991658,0 32.36292303546917,34.85439091803018,0 32.36286253539738,34.85417057730091,0 32.3627757013974,34.85404511561521,0 32.36269706268592,34.85398954052859,0 32.36245447588784,34.85393121664356,0 32.36231105826378,34.85386771526566,0 32.36214655801196,34.85375799499069,0 32.36190192871979,34.85356594744342,0 32.36180355693437,34.85350279087972,0 32.36135762991424,34.85330489374203,0 32.36072492856859,34.85303380157621,0 32.36063597659774,34.85293065926471,0 32.36056572488767,34.85268703715731,0 32.36054042675728,34.85255826913878,0 32.36061385242239,34.85232178453136,0 32.36069599092422,34.85217375886184,0 32.36076095891625,34.85203564425378,0 32.36086931057844,34.85193804343009,0 32.36104063342341,34.8518730725127,0 32.36129418722494,34.85186096763658,0 32.36175675328908,34.85189467113344,0 32.3621187489999,34.85198585699269,0 32.36274835243292,34.85232218205679,0 32.36298805972725,34.85245260199753,0 32.36331177871503,34.85269214858302,0 32.36356224419864,34.85294519301627,0 32.36379314786524,34.85320411198639,0 32.36390759477801,34.85341994877281,0 32.363908440538,34.85355656226633,0 32.36394536508112,34.8537336322492,0 32.36400681819629,34.85389682767272,0 32.3640286326943,34.8541159676813,0 32.3640633790105,34.8542709222526,0 32.36419509302733,34.85446881051222,0 32.36445584681047,34.85483404748827,0 32.36469605644597,34.85522160506128,0 32.36477192696344,34.85529933056691,0 32.36512631399768,34.8553594180195,0 32.36546196785143,34.85537980056154,0 32.3657700021979,34.85536129467168,0 32.36638473008724,34.8552543622371,0 32.36695924351387,34.85515987164096,0 32.36710606543718,34.85511946027107,0 32.36752451041936,34.85500385899253,0 32.36802979388034,34.85486426616682,0 32.36832753753281,34.85471961362274,0 32.36857174347059,34.85457747681841,0 32.36870419566231,34.85453735307426,0 32.36917089832249,34.85427937043384,0 32.36966105356902,34.8538422562418,0 32.37006872196456,34.85344271350669,0 32.37030669176135,34.85322115995205,0 32.37053500700788,34.85290840596295,0 32.37052992350117,34.85272905710511,0 32.37040874717734,34.85240771065962,0 32.37040319302737,34.85226951057181,0 32.37054710100428,34.85185027876896,0 32.37066146849915,34.85151900338213,0 32.37068681668914,34.85133245718125,0 32.37066478406394,34.85106332547639,0 32.3706267952471,34.85081734377245,0 32.37057282409099,34.85059709903003,0 32.37046860764183,34.85037905059153,0 32.37036937032287,34.85027483172865,0 32.37022546255096,34.85023492035526,0 32.36947874156518,34.85021618414443,0 32.36932127329496,34.85015761389042,0 32.36913589112846,34.85000921074735,0 32.36910312550873,34.84998654286534,0 32.36903002700527,34.84993597286851,0 32.36872261082716,34.84992323773852,0 32.36860662269032,34.84991198884754,0 32.36836892731467,34.84984031410333,0 32.36816906684376,34.84975341286809,0 32.36797207832637,34.84968980929612,0 32.36789759406828,34.84961681643227,0 32.36789366754591,34.84959206526039,0 32.36789181146468,34.84956324406993,0 32.36789329548114,34.8495290469758,0 32.36789916539175,34.84950328483195,0 32.3679082737916,34.84947184878331,0 32.36791837176006,34.84944942227308,0 32.36793511142345,34.8494198458715,0 32.36795397799062,34.84939568640345,0 32.36797392777286,34.84937243669688,0 32.36801588668285,34.84933675523346,0 32.36805222614712,34.84931453177131,0 32.36809588921751,34.84929250139485,0 32.3682252016735,34.84923661197226,0 32.36837964791318,34.84917833253695,0 32.3686153279661,34.84887758306683,0 32.36866003094873,34.848810689137,0 32.36863483215682,34.84870534145846,0 32.36857796985875,34.84857729360968,0 32.36859494128334,34.8484740921018,0 32.36867247796692,34.84825819252661,0 32.36876674601831,34.84811046574904,0 32.36876958046737,34.84810528010159,0 32.36877096364247,34.84810256405574,0 32.36877229121224,34.84809982698835,0 32.36877355986896,34.84809707248801,0 32.36877476852609,34.84809429964761,0 32.3687759204501,34.84809151028703,0 32.36877701236078,34.84808870438914,0 32.36877804425126,34.84808588285546,0 32.36877901720116,34.84808304749439,0 32.3687799301171,34.84808019830026,0 32.3687807818988,34.84807733616881,0 32.36878157362589,34.84807446290851,0 32.3687823020182,34.84807157850233,0 32.36878297144931,34.84806868297298,0 32.36878357861836,34.84806577900758,0 32.36878412461881,34.84806286661185,0 32.36878460944373,34.84805994668717,0 32.3687850319791,34.84805702193204,0 32.36878539224558,34.8480540896423,0 32.36878569021562,34.84805115342355,0 32.36878592698954,34.84804821238001,0 32.36878610035301,34.84804527010596,0 32.36878621142006,34.84804232390288,0 32.36878626124968,34.84803937828342,0 32.3687862465755,34.84803643142779,0 32.36878617066389,34.84803348515574,0 32.36878603350802,34.84803054036871,0 32.36878583182079,34.84802759795109,0 32.36878556996204,34.84802465972832,0 32.36878524465847,34.84802172478204,0 32.36878485808311,34.84801879492632,0 32.3687844091357,34.84801587105694,0 32.36878389779557,34.84801295587808,0 32.36878332517682,34.84801004669117,0 32.36878269235218,34.84800714620611,0 32.36878199712795,34.84800425531299,0 32.36878124058381,34.8480013758202,0 32.36878042271974,34.84799850772781,0 32.36877954463605,34.84799565014004,0 32.36877860739172,34.84799280756955,0 32.36877760882059,34.84798997730081,0 32.36877655108196,34.84798716295077,0 32.36877543308243,34.84798436451374,0 32.36877425701567,34.84798158109963,0 32.36877302066736,34.84797881630274,0 32.368771728418,34.84797606924437,0 32.36877037588023,34.84797334170457,0 32.36876896743453,34.84797063280463,0 32.36876750086657,34.84796794613885,0 32.36876597728354,34.84796527991006,0 32.36876439776504,34.84796263592671,0 32.36876276339763,34.8479600150959,0 32.36876107416754,34.84795741922042,0 32.36875932898823,34.84795484739317,0 32.36875752894624,34.84795230052126,0 32.368755677308,34.84794978042446,0 32.36875377187987,34.84794728799283,0 32.36875181266867,34.84794482232502,0 32.3687498029409,34.84794238524075,0 32.36874774159623,34.84793997763581,0 32.36874562972119,34.84793760041724,0 32.3687434673158,34.84793525358505,0 32.36874125655997,34.84793293805198,0 32.36870691311465,34.84787287770459,0 32.36870651367056,34.84787149013106,0 32.368706144883,34.84787009730812,0 32.36870580346486,34.84786870012003,0 32.36870549270324,34.84786729768249,0 32.36870521259124,34.84786589089686,0 32.36870496092831,34.84786448155461,0 32.36870473882847,34.84786306695722,0 32.36870454845099,34.84786165072163,0 32.36870438762285,34.84786023103367,0 32.36870425633031,34.84785880969617,0 32.36870415566669,34.84785738671479,0 32.36870408453866,34.84785596208381,0 32.36870404403269,34.84785453671038,0 32.36870403304852,34.84785311149015,0 32.36870405267955,34.84785168642885,0 32.36870410292574,34.84785026152645,0 32.36870418268685,34.84784883767866,0 32.36870429305625,34.84784741489121,0 32.36870443184029,34.84784599405409,0 32.36870460341252,34.84784457519,0 32.3687048033856,34.84784316007907,0 32.3687050339601,34.84784174692984,0 32.36870529402881,34.84784033753942,0 32.36870558358491,34.8478389328092,0 32.36870590373552,34.84783753094208,0 32.36870625226631,34.84783613553228,0 32.36870663138474,34.84783474388701,0 32.36870703888336,34.847833358699,0 32.36870747694896,34.84783197997973,0 32.36870794339472,34.8478306077177,0 32.36870843931407,34.84782924191873,0 32.36870896360671,34.84782788347848,0 32.36870951626575,34.84782653329832,0 32.36871009729808,34.84782519047689,0 32.36871070668995,34.84782385681697,0 32.36871134554161,34.84782253142286,0 32.3687120105591,34.84782121608026,0 32.36871270502954,34.84781990990487,0 32.36871342565888,34.84781861468242,0 32.36871417573428,34.84781732952857,0 32.36871495086834,34.84781605622338,0 32.36871575326163,34.84781479297539,0 32.36871658290038,34.84781354158744,0 32.3687174375909,34.84781230294956,0 32.36871832061341,34.84781107707875,0 32.36871922650091,34.84780986394667,0 32.36872015962696,34.84780866357598,0 32.36872111889131,34.84780747686245,0 32.36872210210715,34.84780630379468,0 32.368723110361,34.84780514527975,0 32.36872414146605,34.84780400130633,0 32.36872519869563,34.84780287279283,0 32.36872627767613,34.84780175971655,0 32.36872738168775,34.84780066209454,0 32.36872850743652,34.84779958171251,0 32.36872965713679,34.84779851497627,0 32.36873082964696,34.8477974681899,0 32.36873202172814,34.847796435928,0 32.36873323772639,34.84779542181884,0 32.36873447436152,34.84779442584542,0 32.36873573163351,34.84779344800771,0 32.36873700954925,34.84779248740437,0 32.368738308095,34.84779154583811,0 32.36873962618421,34.8477906224019,0 32.36874096270973,34.84778971889288,0 32.36874231877872,34.84778883351391,0 32.36874369437055,34.84778796896916,0 32.36874508621188,34.84778712434025,0 32.36874649758293,34.84778629964415,0 32.36874792520349,34.84778549486388,0 32.3687493690598,34.8477847118022,0 32.36875083134553,34.84778394956908,0 32.3687523076871,34.84778320814185,0 32.36875380027816,34.84778248663041,0 32.36875530690445,34.84778178862898,0 32.36875682867995,34.84778111143913,0 32.36875836450439,34.8477804559565,0 32.36875991436405,34.84777982398393,0 32.36876147718611,34.84777921281155,0 32.36876305294313,34.84777862604489,0 32.36876464056227,34.84777806097418,0 32.36876623893642,34.84777751939648,0 32.36876785026612,34.84777699952032,0 32.36876947124367,34.84777650493429,0 32.36877110299685,34.84777603113712,0 32.36877274439787,34.84777558263008,0 32.36877439545362,34.84777515851176,0 32.36877605399105,34.84777475696804,0 32.3687777221901,34.84777437891165,0 32.36877939675678,34.84777402612838,0 32.36878107988478,34.84777369772814,0 32.36878276940109,34.84777339189687,0 32.36878446418477,34.84777311223439,0 32.36878616534987,34.84777285604226,0 32.36878787179609,34.84777262421612,0 32.36878958351656,34.84777241765742,0 32.36879129833828,34.84777223455204,0 32.36879301733397,34.8477720776098,0 32.36879473724408,34.84777194410948,0 32.36879646242846,34.84777183587659,0 32.36879818960001,34.84777175379552,0 32.3687999165995,34.84777169424933,0 32.36880164557929,34.84777166175633,0 32.36880337438699,34.84777165179818,0 32.36880510299508,34.84777166798047,0 32.36880683141047,34.84777170940188,0 32.36880855963999,34.84777177516089,0 32.36881028549003,34.84777186614766,0 32.36881200896742,34.84777198146069,0 32.3688137300584,34.84777212290289,0 32.36881544769713,34.84777228686288,0 32.36881716185606,34.84777247694633,0 32.3688188703553,34.84777269224048,0 32.3688205753954,34.84777293095383,0 32.36882227587608,34.84777319398219,0 32.36882396961052,34.84777348131416,0 32.36882565549848,34.84777379384546,0 32.36882733792041,34.84777413069739,0 32.36883064105223,34.84777486718116,0 32.36893050511193,34.84779420185927,0 32.36893488874163,34.84779405603642,0 32.36893907926635,34.84779385332278,0 32.36894326477137,34.84779359198986,0 32.36894744418392,34.84779326932784,0 32.36895161421,34.8477928871225,0 32.36895577813672,34.84779244448948,0 32.36895993049016,34.84779194230175,0 32.36896407126346,34.84779138146077,0 32.36896820047725,34.84779075926233,0 32.36897231591718,34.84779007930067,0 32.36897641541712,34.84778933886026,0 32.36898050004976,34.84778854065097,0 32.36898456544842,34.84778768374869,0 32.36898861270652,34.84778676815912,0 32.36899263963029,34.84778579477228,0 32.36899664622668,34.84778476268679,0 32.36900063138848,34.84778367369978,0 32.3690045918355,34.84778252779426,0 32.36900852647434,34.84778132496452,0 32.36901243530497,34.84778006521058,0 32.36901631721337,34.84777875123093,0 32.36902017003337,34.8477773803101,0 32.3690239948446,34.84777595425648,0 32.36902778836682,34.84777447305311,0 32.3690315494998,34.8477729375957,0 32.36903527715012,34.84777134787857,0 32.36903897131088,34.84776970480315,0 32.36904262978154,34.84776801016086,0 32.36904625148243,34.84776626214324,0 32.36904983749319,34.84776446255877,0 32.36905338234682,34.84776261137911,0 32.36905688930977,34.84776071042402,0 32.36906035402222,34.84775875786808,0 32.36906377755687,34.84775675642111,0 32.36906715772695,34.84775470607178,0 32.36907049452557,34.84775260772151,0 32.36907378576595,34.84775046135893,0 32.36907703253458,34.84774826789115,0 32.36908023154439,34.84774602820253,0 32.36908338279538,34.84774374229308,0 32.36908648408698,34.8477414119542,0 32.36908953651263,34.84773903719164,0 32.36909253787172,34.84773661979682,0 32.36909548708465,34.8477341579613,0 32.36909838631755,34.84773165440057,0 32.36910123008971,34.84772911088909,0 32.36910401950824,34.84772652562978,0 32.36910675346601,34.84772390041971,0 32.36910943304952,34.84772123616599,0 32.36911205386455,34.84771853555011,0 32.36911461702517,34.84771579587355,0 32.36911712359721,34.84771302074757,0 32.36911957030739,34.84771020925376,0 32.36912195713508,34.84770736409632,0 32.36912428299372,34.84770448436822,0 32.36912654678309,34.84770157096512,0 32.36912875067621,34.8476986257012,0 32.3691308902926,34.84769564945516,0 32.36913296671881,34.84769264313407,0 32.36913497995481,34.84768960673794,0 32.3691369277932,34.84768654295964,0 32.36913881024775,34.84768344999634,0 32.36914062619064,34.84768033234938,0 32.36914237782933,34.8476771873259,0 32.3691440629495,34.84767401852015,0 32.36914567936436,34.84767082592076,0 32.36914722816046,34.84766761043487,0 32.3691487082375,34.84766437295817,0 32.36915011958863,34.84766111439204,0 32.36915146330038,34.8476578356436,0 32.36915273497848,34.84765453939427,0 32.36915393900347,34.84765122476541,0 32.36915507098109,34.84764789443852,0 32.36915613201854,34.84764454661646,0 32.36915712318167,34.84764118491049,0 32.36915804338398,34.84763780841355,0 32.36915889151146,34.84763441982417,0 32.36915966755723,34.84763102004374,0 32.3691603715144,34.84762760997364,0 32.36916100228962,34.84762418960823,0 32.36916156206278,34.84762075986023,0 32.3691620486196,34.84761732432388,0 32.36916246197384,34.84761388119638,0 32.36916280211175,34.84761043228055,0 32.36922350948012,34.84755316909538,0 32.36930925650952,34.8474940417574,0 32.36936238864734,34.84744290320867,0 32.36936399252648,34.84744106539289,0 32.36936563450243,34.84743925031047,0 32.36936731456146,34.8474374597641,0 32.36936903270352,34.8474356937538,0 32.36937078782837,34.84743395317533,0 32.36937257884949,34.84743223712164,0 32.36937440683963,34.84743054830253,0 32.36937626963262,34.84742888400248,0 32.36937816828752,34.84742724873417,0 32.36938010063123,34.84742564068343,0 32.36938206665692,34.84742406075169,0 32.36938406527118,34.84742250893327,0 32.36938609756743,34.84742098523383,0 32.36938816023793,34.84741949324194,0 32.36939025659729,34.84741802846762,0 32.36939238223066,34.84741659629662,0 32.36939453825205,34.84741519403035,0 32.36939672356123,34.84741382256457,0 32.36939893705786,34.84741248279499,0 32.36940117982855,34.84741117562869,0 32.36940344749966,34.84740990104301,0 32.3694057444448,34.84740865906058,0 32.3694080651901,34.84740745055447,0 32.36941041192924,34.84740627463464,0 32.36941278464159,34.84740513400521,0 32.36941518006071,34.84740402684648,0 32.36941759817976,34.84740295405977,0 32.36942003789845,34.84740191654083,0 32.36942250139668,34.84740091520241,0 32.36942498432153,34.84739994731761,0 32.36942748773889,34.8473990164977,0 32.36943000946196,34.84739812273133,0 32.3694325516913,34.84739726422707,0 32.36943511113295,34.84739644277069,0 32.36943768560018,34.84739565835085,0 32.36944027727284,34.84739491188026,0 32.36944288616473,34.84739420155617,0 32.3694455089819,34.84739352916434,0 32.3694481435307,34.84739289559484,0 32.36945079310506,34.84739229906187,0 32.36945345441792,34.84739174044981,0 32.36945612636901,34.84739122065443,0 32.36945881114516,34.84739073968702,0 32.36946150437962,34.84739029662354,0 32.36946420497217,34.84738989235968,0 32.3694669151096,34.84738952690682,0 32.3694696325982,34.84738920115503,0 32.36947235743803,34.84738891510422,0 32.36947508744913,34.84738866784175,0 32.36947782153817,34.84738845936191,0 32.36948311599054,34.84738816860332,0 32.36951280610476,34.84741726748354,0 32.36957630131722,34.84755384890197,0 32.36976396627962,34.84755324938121,0 32.36987692826643,34.84752113343371,0 32.37004240881905,34.84749149340939,0 32.37014989567332,34.84750057582482,0 32.37033201454531,34.84754735299616,0 32.37057287992459,34.84748942525297,0 32.37084893677544,34.8474173381975,0 32.3710687737282,34.84744791322886,0 32.3712806126214,34.847521724256,0 32.37139194869565,34.84763187145881,0 32.37141845798982,34.84772074449961,0 32.37142195492235,34.84785273216928,0 32.3714131301928,34.84796813651943,0 32.37139408775735,34.84810201337955,0 32.3713898674394,34.84825250450542,0 32.37141908862199,34.84832283558498,0 32.37149566035126,34.84841002834279,0 32.37154544032087,34.84843309990556,0 32.37155445351629,34.84843814942307,0 32.37156335858568,34.84844332638453,0 32.37157215223515,34.84844863257576,0 32.37158083121872,34.84845406347291,0 32.37158939444306,34.84845961907028,0 32.37159783974185,34.84846529665249,0 32.37160616165497,34.84847109528991,0 32.37161436238979,34.8484770122896,0 32.3716224342993,34.84848304671073,0 32.37163037739723,34.84848919675052,0 32.37163819062441,34.84849545789631,0 32.37164586849328,34.84850183282411,0 32.37165340994463,34.84850831702131,0 32.37166081499908,34.84851490778376,0 32.37166807819638,34.8485216041818,0 32.37167519736343,34.84852840440142,0 32.37168217252078,34.84853530573841,0 32.37168900039504,34.8485423072745,0 32.37169567992018,34.84854940539845,0 32.37170220782281,34.84855659919192,0 32.37170858085699,34.84856388413109,0 32.37171480120944,34.84857126022719,0 32.37172086342685,34.84857872564926,0 32.37172676644317,34.84858627678607,0 32.37173250809209,34.84859391092217,0 32.37173808728707,34.8486016271505,0 32.37174350296203,34.84860942185992,0 32.37174875293015,34.84861729503909,0 32.37175589179697,34.8486285547377,0 32.3719508612266,34.84886512828666,0 32.37199802337412,34.84889848229775,0 32.37208790283846,34.84891567962742,0 32.37216508746715,34.84894926609109,0 32.37230942246186,34.84901842612468,0 32.37251168250805,34.84905504930537,0 32.37279383697907,34.84910672253374,0 32.37290797284258,34.84911933706939,0 32.37307100472236,34.84912059942123,0 32.37348444799374,34.84905661978198,0 32.37369895137414,34.84901209678822,0 32.37370986243261,34.84900524440199,0 32.37371595723089,34.84900122204827,0 32.37372196630437,34.8489971127154,0 32.37372788855965,34.84899291639771,0 32.37373371959573,34.84898863667834,0 32.3737394594126,34.84898427355728,0 32.37374510691002,34.84897982793027,0 32.37375065769385,34.84897530247905,0 32.37375611286431,34.84897069630784,0 32.37376147020042,34.84896601391235,0 32.37376672642196,34.84896125527575,0 32.37377188262234,34.84895642040364,0 32.37377693439374,34.84895151378053,0 32.37378188284326,34.84894653360929,0 32.37378672356991,34.8489414834729,0 32.37379145765347,34.8489363651799,0 32.37379608071345,34.84893117960913,0 32.37380059603009,34.84892592677752,0 32.37380499810223,34.84892061116388,0 32.37380928692982,34.84891523276826,0 32.37381346140584,34.8489097933878,0 32.37381751933665,34.84890429391267,0 32.37382146068809,34.84889873884985,0 32.37382528437359,34.84889312729238,0 32.37382898929296,34.84888746013594,0 32.37383257212496,34.84888174277212,0 32.37383603507695,34.84887597250798,0 32.37383937264088,34.84887015472372,0 32.37384258919045,34.84886428944189,0 32.37384567924497,34.84885837843719,0 32.37384864497079,34.848852424425,0 32.37385148418108,34.84884642739414,0 32.37385419355467,34.84884039273608,0 32.37385677857914,34.84883431777477,0 32.37385923265305,34.84882820788485,0 32.37386155577644,34.84882206306634,0 32.37386375011567,34.84881588603465,0 32.37386581238371,34.84880967767432,0 32.37386774364669,34.84880344159659,0 32.3738695417178,34.84879717779017,0 32.37395948945111,34.84872859385098,0 32.37406459939612,34.84867062561278,0 32.37419235063896,34.84863802378686,0 32.37426117631099,34.84863435841894,0 32.37445182301358,34.84867152258465,0 32.37476642888659,34.84878522430233,0 32.3750043081818,34.84892561987979,0 32.375125577986,34.84901473384157,0 32.37520178586613,34.84903421497433,0 32.37532650940592,34.8490435778842,0 32.37544116559182,34.84904236385239,0 32.37567909562085,34.84895392812435,0 32.37575854273381,34.84891255455356,0 32.37589474442226,34.84880863697056,0 32.37619798077037,34.84857794772712,0 32.37630584913661,34.8485011012822,0 32.37646089805737,34.84843317201123,0 32.37669762707884,34.84838719005873,0 32.37682430426227,34.84836255582358,0 32.37712897934319,34.84835465959542,0 32.37756858031329,34.84832560787562,0 32.37778230658318,34.84829822522092,0 32.37807228679766,34.84830729121892,0 32.37824010738018,34.8483085846411,0 32.37855740684656,34.84828370869773,0 32.37881291887044,34.84822591337456,0 32.37915374608744,34.84813633225116,0 32.37944691747981,34.84804638263157,0 32.37967931162967,34.8480174368499,0 32.37980412305902,34.84797400233671,0 32.38001633848967,34.84789708786489,0 32.38038931993454,34.84771213247227,0 32.38090606584277,34.84745656753223,0 32.38125649797882,34.84714142428666,0 32.38164293035221,34.84711430301913,0 32.38226890252988,34.84680399631844,0 32.38260351284902,34.84658689239169,0 32.38270343604118,34.84651290158113,0 32.38291314072094,34.8463569406651,0 32.38321548313689,34.84602915476148,0 32.38347032095896,34.84570559839418,0 32.38410293685305,34.84476609040789,0 32.38421356992458,34.84460178479922,0 32.38476376568031,34.84358423702342,0 32.38508715075884,34.84319741864325,0 32.38515664025883,34.84313543311683,0 32.38534560851527,34.84297245804877,0 32.38563854577892,34.84271539522857,0 32.38575532616223,34.84258778137392,0 32.38611532988363,34.84218352655069,0 32.38614413564879,34.84215173684811,0 32.38638892247679,34.84193987040636,0 32.38666225495827,34.84173282854432,0 32.38691659324606,34.84155690605959,0 32.3872749099795,34.84131001505865,0 32.38768547453143,34.8410289205918,0 32.38790059789329,34.84082415824264,0 32.38825435497154,34.84033650264763,0 32.38842130714168,34.83996007860502,0 32.38869833855596,34.83933897516425,0 32.38876210861133,34.83917119982643,0 32.3887643164624,34.83916567070764,0 32.3889060865208,34.83881088268309,0 32.38914125679665,34.83831650321695,0 32.3893495964528,34.83787632159747,0 32.38948888750328,34.83755485989479,0 32.38971355363334,34.83703635906805,0 32.38985481765914,34.836704044501,0 32.38999178800123,34.83638643855478,0 32.39003607104556,34.83623935810818,0 32.39013347415224,34.83589309887939,0 32.39025370515466,34.83547330406459,0 32.39042692530727,34.83486567045865,0 32.39050425900074,34.83459183429991,0 32.39064905628003,34.83406563050055,0 32.39068598573675,34.83383797782147,0 32.39074528785532,34.83357761051973,0 32.39076258916026,34.83350630081943,0 32.39080778323811,34.83327757890203,0 32.39081952354451,34.83319551606782,0 32.39084102001463,34.83296071245995,0 32.39085489057952,34.83256401708803,0 32.39081236466724,34.83231627457226,0 32.39072434018401,34.83208685750429,0 32.39063229789475,34.83187919350567,0 32.39051851109077,34.8316051478803,0 32.39049539622732,34.83153195722755,0 32.39048783082595,34.83145410743631,0 32.39045461429163,34.83111230787224,0 32.39030832181312,34.83081814587956,0 32.38990561145739,34.83044702974594,0 32.38966371762188,34.83035538711533,0 32.38924133821787,34.83035214681684,0 32.38903201144041,34.83027984536916,0 32.38889096313316,34.83019815286994,0 32.38882781807625,34.82997904558567,0 32.3886974854932,34.82989743464017,0 32.38857821799521,34.82978499509179,0 32.38853537495412,34.82978355921617,0 32.38852495032236,34.8296399415214,0 32.38844799987349,34.82969344793291,0 32.38826446125495,34.82957940583496,0 32.38828780480301,34.8295287967431,0 32.38834059916026,34.829479519308,0 32.38850936661694,34.8294786171374,0 32.38855366155997,34.8295882695225,0 32.38864362820759,34.82968612987323,0 32.38872797619652,34.82968899030205,0 32.38875911708173,34.82965942013633,0 32.38896114231582,34.82967864942745,0 32.38907016064326,34.8295829326641,0 32.38922985360508,34.82926253323621,0 32.38917053624808,34.82879847751082,0 32.38929721111234,34.82854215025834,0 32.38931197045634,34.82842691901955,0 32.38915783405886,34.82825714675261,0 32.38888250001231,34.82802645589112,0 32.38871060049795,34.82789611005854,0 32.38854974157499,34.82773928571578,0 32.388388585912,34.82772706617033,0 32.38797441672353,34.82789787504455,0 32.38786694604072,34.82795845888338,0 32.38779124461615,34.82806432926582,0 32.38759194348407,34.82812010759269,0 32.38753529611999,34.82807872417413,0 32.38747027451682,34.82790011089421,0 32.38749622325082,34.82758298940264,0 32.38754340312766,34.8275833549314,0 32.38782956519915,34.82731328910523,0 32.38786688350627,34.8273074372622,0 32.38790612288422,34.82735073323234,0 32.38790918549848,34.82751863021262,0 32.38803122899899,34.82748681954261,0 32.38819093701267,34.82741845024135,0 32.38837608035571,34.82729705004053,0 32.38856567591966,34.82722072208013,0 32.38874230019748,34.82719342714952,0 32.38881120092036,34.8270301816559,0 32.38913771508763,34.82692420364943,0 32.38923371890929,34.82677959235274,0 32.38979630508503,34.82644000679605,0 32.38986443814618,34.82634431223192,0 32.39012504058272,34.82613750798827,0 32.39022635643699,34.82596222860861,0 32.39020268356036,34.82585968428964,0 32.38974443024712,34.82575787520668,0 32.38948737334152,34.82543242372824,0 32.38940457271043,34.82528847704187,0 32.389465719812,34.82515178456127,0 32.38950332885571,34.82511201533203,0 32.38956374057212,34.82504813260725,0 32.38959278511988,34.82498638573199,0 32.38959530505766,34.82484915652981,0 32.38949614735452,34.82476413132846,0 32.38897838180851,34.82472848361529,0 32.38885412649487,34.8246853306531,0 32.38873289045159,34.82465802285352,0 32.38850204743351,34.82470633813089,0 32.38833642716195,34.82478514114474,0 32.38831496711511,34.82479616688789,0 32.38802140636454,34.82478172703562,0 32.38795986070062,34.8248498102893,0 32.38789882473336,34.82487307216896,0 32.38783503828018,34.82485675615152,0 32.38781029079554,34.82478272829658,0 32.38767309262234,34.82475265825094,0 32.38763229271431,34.82468378150123,0 32.38756539837883,34.82465953058435,0 32.387497605822,34.82471438152855,0 32.38729411296144,34.82460732547225,0 32.3872603083684,34.82448576334075,0 32.38721861041219,34.82449598835011,0 32.38720853897966,34.82453810049009,0 32.38713177790702,34.82453750560277,0 32.38712284217763,34.82447942433486,0 32.38703750674826,34.82438910412652,0 32.3870142208356,34.82446803282918,0 32.38697255223355,34.82447562120166,0 32.38692717823686,34.82452800848375,0 32.38669259637911,34.82462375848326,0 32.38650721705469,34.8246117722282,0 32.386481929755,34.82458520649646,0 32.38664451492807,34.82406961971366,0 32.38691747534265,34.82370180334432,0 32.38700156290664,34.82361091787406,0 32.38714811450668,34.82366215643611,0 32.38719143639526,34.82360205324831,0 32.38733334652608,34.82340516863273,0 32.38742998249317,34.82334526801391,0 32.38752228152421,34.82338553651463,0 32.38757970350537,34.82311701097627,0 32.38779789961933,34.82283764162932,0 32.38813691692727,34.82259121587247,0 32.38844950535577,34.82238515063571,0 32.38867216430981,34.82227529828914,0 32.38890783588076,34.82186132564974,0 32.38920563198387,34.82199542052871,0 32.38926881753395,34.82208829451578,0 32.38940873557222,34.82204316324515,0 32.38991649574177,34.82210223499399,0 32.39069243053214,34.8220146140305,0 32.39108278764409,34.82206152296322,0 32.39151153924689,34.82209745387342,0 32.39165148252324,34.82205006655145,0 32.39181366795987,34.82184848412503,0 32.39186683437101,34.82173959400908,0 32.39180795186865,34.82162872584631,0 32.39179331159621,34.8215936868321,0 32.39175979520669,34.8215359688558,0 32.39173047659183,34.8213487065493,0 32.39178731868539,34.82132921229059,0 32.39191805424068,34.82097902115202,0 32.39196254827042,34.82085602701941,0 32.3919817584818,34.82072656941709,0 32.39196479006878,34.82065745889346,0 32.39190047617876,34.82051482492455,0 32.39180495801441,34.82044093807336,0 32.3917412341792,34.82024604976744,0 32.39197749679147,34.82020603411165,0 32.39199509134539,34.81999504065617,0 32.39182652110021,34.81987879169507,0 32.39207118974428,34.81976776750319,0 32.39179055982461,34.81947089648232,0 32.39210579469928,34.81894860441327,0 32.39243796893901,34.81894694267476,0 32.39253615111289,34.81878463966152,0 32.39293931285117,34.81878351393755,0 32.39308066515338,34.8186152663359,0 32.3929664698368,34.81839909089518,0 32.39298786009169,34.8183010058517,0 32.3931474194356,34.81831684856553,0 32.39326232959403,34.81779512614098,0 32.39332860098162,34.81776427317,0 32.39329595842444,34.81751108954984,0 32.39315658896413,34.81750376355474,0 32.39295257568787,34.81738306473303,0 32.39287100350771,34.81719930175272,0 32.39282636002248,34.81716882584066,0 32.39418177035186,34.8171722250585,0 32.39434146122084,34.81721224791521,0 32.39497918110507,34.8173720679412,0 32.39497185078235,34.8168769565682,0 32.39504117393844,34.81637715300243,0 32.39513861073932,34.81593285902333,0 32.39521514633879,34.8159386994724,0 32.39523536439295,34.81584141944442,0 32.39541304124524,34.81532991884971,0 32.39550730801522,34.81509367051795,0 32.39557328998838,34.81495117447505,0 32.3959214330188,34.81437977269175,0 32.39600149720613,34.81408418206077,0 32.39609116960601,34.81381521614707,0 32.396192093471,34.81364846777529,0 32.39642036194316,34.81338870154574,0 32.39674124931618,34.81348709018413,0 32.39699047418846,34.81357064756644,0 32.39748315057987,34.81358860098078,0 32.3975759290546,34.81326246205779,0 32.39767750546149,34.81303647943326,0 32.39761424700096,34.81293387737367,0 32.39787144326347,34.81296846662294,0 32.39839338301579,34.81302748734297,0 32.39877861516368,34.81313043270395,0 32.39901958578324,34.81306480848357,0 32.39919762701975,34.81309064041574,0 32.39929380443198,34.8131281202057,0 32.39944871766338,34.81322935739749,0 32.39959111684798,34.81334275795226,0 32.39979565346115,34.81343619060732,0 32.40000043865655,34.81350715669481,0 32.40021756443176,34.81358229833463,0 32.4005041911527,34.81364365468511,0 32.40102028016321,34.81378432729161,0 32.40110409867232,34.81381967240942,0 32.40118267358698,34.81388153271573,0 32.40124829948164,34.81399436418817,0 32.40127725073068,34.81406402827945,0 32.40130411102722,34.81409895235872,0 32.4013903393215,34.81414044162202,0 32.40145457300387,34.81415521487684,0 32.4016848267948,34.81416304317489,0 32.40197667987444,34.8141999233743,0 32.40241404289992,34.81429302816481,0 32.40266343283796,34.81436227615327,0 32.40285861180723,34.81440661047233,0 32.40304451342939,34.81439368286434,0 32.40335030151674,34.8142897179831,0 32.40340974016719,34.81429015635955,0 32.40356558439967,34.81430764565304,0 32.40371384230247,34.8143393772577,0 32.40400522415504,34.81441914523958,0 32.40414882091454,34.81442428809213,0 32.40431878438064,34.81450928848707,0 32.40453830075408,34.81459261199179,0 32.40479064248233,34.8146189805333,0 32.40502551511369,34.81465747582317,0 32.40519811181089,34.81472819646331,0 32.40534373821469,34.81477420462954,0 32.40548110236406,34.81489573353322,0 32.40569191347713,34.81509542149177,0 32.40590627872929,34.81519708779102,0 32.4059504979646,34.81523009531274,0 32.40612593350443,34.81526815225651,0 32.40625935659091,34.81529773054714,0 32.4063652233951,34.81535570207809,0 32.40655736723582,34.81545107495037,0 32.40674149759069,34.81559949866824,0 32.40690595236271,34.81573552246963,0 32.40704858791171,34.81582848978462,0 32.40714450475081,34.81589047222928,0 32.40722458326745,34.81593147218002,0 32.40736211949294,34.81603221893947,0 32.40754558419309,34.81611170610246,0 32.40765498803383,34.81615910634126,0 32.40791281703511,34.81638485907249,0 32.40810930430322,34.81645869453822,0 32.4083216552518,34.81658464056012,0 32.40861373054178,34.81693497756587,0 32.40903342497054,34.81689749495634,0 32.40921380062759,34.81694181842514,0 32.40946348955016,34.81716072519659,0 32.40953285702756,34.8173307873712,0 32.40963004871192,34.81746263191467,0 32.40980972426153,34.81757024289755,0 32.40996814609129,34.8177448319879,0 32.410363981402,34.817862183659,0 32.41054914885073,34.81794129685422,0 32.41077101121653,34.81806772999855,0 32.41076014982022,34.81838468711418,0 32.41136709538367,34.81845264298172,0 32.41158718511558,34.81851360812153,0 32.41225055473885,34.81880735879498,0 32.41249506530801,34.81862303719578,0 32.41274329455266,34.81840065808712,0 32.41306801218811,34.81873538843564,0 32.41341106500916,34.81903639516029,0 32.41351564409894,34.81909221426217,0 32.41384562970737,34.81912848816501,0 32.4142054876061,34.81929637798279,0 32.41442613510552,34.81949353720372,0 32.41446677179263,34.81958350160739,0 32.41449092678887,34.81990987902165,0 32.41461336219437,34.8201320849486,0 32.41473891122575,34.82028182738659,0 32.41509535165611,34.82046575004771,0 32.41547973470816,34.82063271464312,0 32.41565085915487,34.82063401259575,0 32.41583152955612,34.82060867627304,0 32.41603328447412,34.82055870000625,0 32.41629709945043,34.82054353091188,0 32.41644226251369,34.82059231987403,0 32.4169065175266,34.82085716981383,0 32.41644252381231,34.8209890945874,0 32.41650357821646,34.82111545534602,0 32.4165994869136,34.8212268210137,0 32.41652936030444,34.82150479385844,0 32.41653577355359,34.82155253232688,0 32.41695767395199,34.8218838276672,0 32.41745930056406,34.82169495882648,0 32.41781573322706,34.821880780042,0 32.41784097119405,34.82210987961999,0 32.41765034405777,34.82240983223171,0 32.4175813441802,34.82237497506566,0 32.41682155965362,34.82325510629489,0 32.41674757759267,34.82334080291594,0 32.41671774863851,34.82369771675337,0 32.41671736487352,34.82373214983935,0 32.41671719872862,34.82374718863185,0 32.41671644318851,34.82381497403658,0 32.41659781132431,34.82460032194872,0 32.41655093252075,34.82503706365011,0 32.416559144128,34.82517038328866,0 32.41643405182709,34.82537467649432,0 32.41630842478056,34.82562693969928,0 32.41620654067416,34.82606860504481,0 32.41614127830255,34.82641459438186,0 32.41591246079572,34.8269352759413,0 32.41583234264925,34.82716388789321,0 32.41568894019012,34.82785044146024,0 32.41565525533255,34.82797279039062,0 32.41553774777346,34.82807586234831,0 32.41491581828895,34.82848702825416,0 32.41484056414986,34.82856909100902,0 32.4145269290443,34.82915843611512,0 32.41434112196112,34.8295888171183,0 32.41417445274605,34.83033116544064,0 32.41412848266469,34.83048757319962,0 32.41407800805213,34.83065930079204,0 32.41391340620324,34.83114502587652,0 32.41401486694199,34.83162652840785,0 32.41405588443865,34.83186225150929,0 32.414087533857,34.83213012337158,0 32.41388834872175,34.83247929890113,0 32.41373096554764,34.83271603205356,0 32.41345506242214,34.83307083522884,0 32.4132595936989,34.83335436875639,0 32.41281469637314,34.83404494063919,0 32.41318230646911,34.83437725670668,0 32.4132295324729,34.83445690643928,0 32.41340734370407,34.83441485833492,0 32.41345913318587,34.83448958470613,0 32.41379953881454,34.83456025662197,0 32.41399514034008,34.83454064088879,0 32.4143611715934,34.83446652972228,0 32.41438807413621,34.83448035926086,0 32.4143961862954,34.83450134318124,0 32.41357141991296,34.83489426418589,0 32.41346264617863,34.83494536500673,0 32.41362385250385,34.83495791403358,0 32.413856504035,34.83491421947326,0 32.41389338983579,34.83495991070431,0 32.41435469420124,34.83505903051108,0 32.41463309726222,34.83515030588918,0 32.41473487614153,34.83519972105254,0 32.41494727757593,34.835389453904,0 32.41450636232094,34.83594742805537,0 32.41424897157895,34.83627480377497,0 32.41402237315776,34.8366656684464,0 32.41404341319986,34.83672097462707,0 32.41346688650037,34.83726334209312,0 32.41323965638136,34.83753092182972,0 32.41306068302756,34.8377320430689,0 32.41287375818933,34.83794209854402,0 32.41324280759294,34.83807170643391,0 32.41304049869991,34.83835056031985,0 32.41279906352516,34.83864161971744,0 32.41252302339494,34.83892705600234,0 32.41242400428213,34.83906917850135,0 32.41234330682606,34.83932038107296,0 32.41256377440473,34.83937098345588,0 32.41257669840137,34.83937395029382,0 32.41270348450726,34.83946956837789,0 32.41222488924627,34.84102512506496,0 32.41185395454345,34.84203258585788,0 32.41164992944053,34.84268316075939,0 32.41151649491238,34.8429335188639,0 32.41080666996022,34.84425967875218,0 32.41062266626541,34.84435308815112,0 32.41021796278385,34.84462868532613,0 32.41009473957168,34.84490066439339,0 32.41011148896557,34.84496248937251,0 32.41021549074205,34.84534639447284,0 32.41031265930525,34.84560296038136,0 32.41048730348439,34.84571513319885,0 32.41051413459745,34.8457835586044,0 32.41072638031761,34.84623713050516,0 32.41076728975089,34.84628007651091,0 32.41102871377159,34.84634173248401,0 32.41090622269814,34.84650284484972,0 32.41093264567152,34.84660822067111,0 32.41106634961363,34.8466802887777,0 32.41116358578619,34.84693116985623,0 32.41113451903805,34.84706455586296,0 32.41126101288154,34.84716499754231,0 32.41146650692524,34.84729445543775,0 32.41173106939918,34.84738455993365,0 32.41197431055368,34.84753135563084,0 32.41203318590203,34.84750905572962,0 32.41217498386743,34.84747316273104,0 32.41234358593096,34.84750853665099,0 32.41245343634893,34.84755484128046,0 32.41257284540549,34.84767228357757,0 32.41274815508206,34.84772476339768,0 32.41297650583214,34.84797093861955,0 32.41322370275846,34.84807227897626,0 32.41328878539633,34.84811256343356,0 32.41328100955525,34.84819209911414,0 32.41309428397719,34.84823618518104,0 32.41261866702505,34.84820704355449,0 32.41231626243204,34.84810812961338,0 32.41188494041026,34.84812764130344,0 32.41186735268765,34.84815878012825,0 32.41197951975406,34.84830743708712,0 32.41220166333861,34.84849102871816,0 32.41233797149459,34.84863986691528,0 32.41235088507792,34.84871955747642,0 32.41238753175777,34.84883638008422,0 32.41244204020008,34.84920917449789,0 32.41225378286937,34.84907984752878,0 32.41213531223595,34.8488771320243,0 32.41206032431657,34.84879697642705,0 32.41189388211125,34.84887816705304,0 32.41171436638245,34.84889387715852,0 32.41148666603365,34.84890070008928,0 32.41141361561654,34.84895700621821,0 32.41137102328575,34.84937739828868,0 32.41150955225537,34.84963711637979,0 32.41152744455466,34.84989024621756,0 32.41160973977353,34.84993350123701,0 32.41168170893795,34.8502865290092,0 32.41120804851863,34.85039099997086,0 32.41100657784274,34.85052025096161,0 32.41085449165458,34.85055038032936,0 32.41068120762802,34.85062583273546,0 32.41041778552547,34.85074324779391,0 32.41038448061941,34.85094766757395,0 32.41051319897178,34.8511589889825,0 32.41067939751028,34.85110054049053,0 32.41090745038686,34.85106245188776,0 32.41124187864874,34.85107348675701,0 32.41133231658022,34.85129873392948,0 32.41112630385404,34.85149687048088,0 32.41096259088013,34.85169532602916,0 32.41088168375076,34.85205604655958,0 32.4108887420393,34.85211315229764,0 32.41096057252503,34.8522246244099,0 32.41149463971112,34.85261531208852,0 32.41141527600342,34.85283658506448,0 32.41144484537725,34.8529445720347,0 32.41160428040482,34.85313276859336,0 32.41181087952484,34.85322940281163,0 32.41185762014667,34.85317587098438,0 32.41190750494014,34.85318575304436,0 32.4119366892366,34.85332860096101,0 32.4121058858111,34.85332986787909,0 32.4121301151188,34.85322545480043,0 32.41224184221957,34.85320727384262,0 32.41227246404843,34.85322017981347,0 32.41226749797239,34.85332156976006,0 32.41242739146212,34.85346856474685,0 32.41246751761186,34.85366537831536,0 32.41254969738978,34.85388469015226,0 32.41242121140529,34.85437500887226,0 32.41252860168954,34.8544011689366,0 32.41255104431299,34.85445838853995,0 32.41224267345728,34.85452264102464,0 32.41223424723562,34.8545891377802,0 32.41242204213028,34.85464759543276,0 32.4122947215653,34.85468467725517,0 32.41231695341902,34.85476091251155,0 32.41197162183826,34.85503724701687,0 32.41179223842965,34.85526094090994,0 32.41155814354959,34.85556346423721,0 32.41152555287937,34.85572803528333,0 32.41145545888313,34.85580674904386,0 32.41151229822919,34.85588324475485,0 32.41146213178208,34.85589871576697,0 32.41128181436189,34.85585933109164,0 32.41101282321081,34.85618694613861,0 32.41089682613677,34.85624312858675,0 32.41080390174673,34.85629948310444,0 32.4107878885439,34.85635641573322,0 32.41063001007245,34.85637424907411,0 32.41070771068337,34.85665058119714,0 32.41079835306856,34.85680023002623,0 32.41072776498863,34.85692331307152,0 32.41067664738204,34.85702435574851,0 32.41076841463983,34.85707258625557,0 32.41083742276136,34.85709212020555,0 32.41091828451285,34.85708321815179,0 32.41122715923338,34.85697459942591,0 32.41154440764844,34.85715130223247,0 32.41148997386893,34.85720477683156,0 32.41152758805661,34.85728112810455,0 32.41135808452657,34.8576538632358,0 32.41171543193347,34.85803054597568,0 32.41124052593235,34.85819814340172,0 32.41215899572831,34.85826207481322,0 32.41230627471339,34.85850723350436,0 32.41246537224171,34.85872712156367,0 32.41257897840836,34.8592350993159,0 32.412523163843,34.85948513312749,0 32.41251082433615,34.85954040794097,0 32.41256129090751,34.85970573734866,0 32.4127323800752,34.85998431752279,0 32.41280665163626,34.86009244510734,0 32.41295652532217,34.86018200304378,0 32.41304047821182,34.86019696551656,0 32.41322913256683,34.86018400831043,0 32.41331303407089,34.86020375064281,0 32.41335043436991,34.86023271470725,0 32.41339530420354,34.86037887755137,0 32.41344925048751,34.86048924591309,0 32.41356969819932,34.86061923011865,0 32.41370757272975,34.86074695089449,0 32.41378492087343,34.86083836573465,0 32.41385616919185,34.86095842297859,0 32.41388376475567,34.86109250520699,0 32.41390158083684,34.86132931527937,0 32.41392595100989,34.86149445250886,0 32.41396224731095,34.86162859827637,0 32.41411626951582,34.86187597226746,0 32.41429881812866,34.86216897873405,0 32.41456340004846,34.86238369477829,0 32.4147645043893,34.86256686383765,0 32.41501529035418,34.86271453790533,0 32.41518799641994,34.86284012138536,0 32.415224970928,34.86290972298332,0 32.41528379600027,34.86310858230616,0 32.41529836562513,34.86337883856379,0 32.41524388159438,34.86359599203939,0 32.41514534433755,34.86386541767871,0 32.41512613819757,34.86403740684019,0 32.41512698240509,34.86423344978581,0 32.4151181988713,34.86451787867698,0 32.41513947105285,34.86470211825808,0 32.41517874685248,34.8648291133609,0 32.41527259973835,34.8650067149609,0 32.41540953180225,34.86522527281551,0 32.41551293936611,34.86532165879729,0 32.41561097079506,34.86537736428603,0 32.41586531872488,34.86546290449681,0 32.41594299832832,34.86552324176323,0 32.41610901182742,34.86573484063155,0 32.41623789669737,34.86589117995329,0 32.41643271297117,34.866122114435,0 32.41661437897021,34.86622385543658,0 32.41687440526525,34.86632138819198,0 32.41715258292678,34.86634733276855,0 32.41762590636366,34.86629581127395,0 32.41792213624994,34.86625972920209,0 32.41798149333531,34.86640838627097,0 32.41802842557181,34.86663584648985,0 32.41816099257409,34.86699542103671,0 32.4184289753822,34.8671647289797,0 32.41873131199635,34.86737732143955,0 32.41889800917099,34.86752437185363,0 32.41906128068772,34.86772160278769,0 32.41915782206858,34.867920735886,0 32.41921343503888,34.86815064930924,0 32.41920199022436,34.86841354219438,0 32.4191649898176,34.86862365227471,0 32.41918161736753,34.86869788524889,0 32.41927908387523,34.86880857059491,0 32.41962416041977,34.86909558428435,0 32.41964054065588,34.86919372287256,0 32.41965377270363,34.86931574427695,0 32.41979374718048,34.86952236588985,0 32.4199893538531,34.8696791899344,0 32.42015713773849,34.86972741717116,0 32.4204273787758,34.86980509376834,0 32.42075073835747,34.86981031788655,0 32.42093741316435,34.86991482566287,0 32.42120071024755,34.87000843092288,0 32.42308992331367,34.87123129105027,0 32.42342597730551,34.87135120692719,0 32.42397031153944,34.87150701850727,0 32.42424435588406,34.87157204406189,0 32.42442432493079,34.87165357602285,0 32.42480327394772,34.87199155265345,0 32.42527647692976,34.87196920105465,0 32.42524957153738,34.87188305119447,0 32.4250531267346,34.87171544510257,0 32.42505809827203,34.87157508691644,0 32.42518557121218,34.87136112462203,0 32.42517245173649,34.8709599058185,0 32.42521122105503,34.87091147850803,0 32.42531270495337,34.87085204727112,0 32.42581472673106,34.87073535251922,0 32.42720880858693,34.87045034169271,0 32.42776243799822,34.87038558537868,0 32.42818840728243,34.87022535147694,0 32.42839326685144,34.87025548502861,0 32.42899635412216,34.8704460814737,0 32.42904717818752,34.87057251606159,0 32.42932790509299,34.87066336413056,0 32.42940785515353,34.87066680691117,0 32.42966771615895,34.87075750399518,0 32.43010347198436,34.87098699820025,0 32.42989697217413,34.87111157524502,0 32.42975182015687,34.87135406657008,0 32.42977367662249,34.87158916867351,0 32.42954449011515,34.87287111089816,0 32.43000276990413,34.87360217283279,0 32.43041840217771,34.87376275628002,0 32.43068553378494,34.87382485309566,0 32.4307819962638,34.87391150319478,0 32.43127461961438,34.87402679656265,0 32.43183347333228,34.87379874479553,0 32.43231019279363,34.87377352476373,0 32.43261016525101,34.87368972979156,0 32.43284306748652,34.87370000200473,0 32.43327291769225,34.87383202520036,0 32.43342970682902,34.87380450144447,0 32.43371640167931,34.8736604388659,0 32.43416466862372,34.87369517747158,0 32.43470053495331,34.87366750818943,0 32.43508360113611,34.873618684936,0 32.43568475676609,34.8736659757099,0 32.43601215468586,34.87361961527047,0 32.43585700449839,34.87382193033451,0 32.43618190550667,34.87401336000532,0 32.43631680404032,34.87408309102501,0 32.43633142550885,34.87416423175862,0 32.43640149270603,34.87455307714563,0 32.43656551129002,34.8746207550946,0 32.43677734335839,34.8746195019069,0 32.43694475221483,34.87468443306449,0 32.4369776847286,34.87474840060703,0 32.43681502880593,34.87486638924749,0 32.43677621538204,34.87534826071418,0 32.43618760430765,34.87536898155015,0 32.43642079048119,34.87557016238957,0 32.43650658892463,34.87572040949566,0 32.43649414329067,34.87593922744136,0 32.43688778271247,34.8762274575663,0 32.43695338150432,34.87638033040966,0 32.43693457147817,34.87656585159045,0 32.43700944983382,34.87679360689165,0 32.4372637602259,34.87721938804001,0 32.4372438163469,34.87751019565492,0 32.43725782238145,34.87777076774761,0 32.43718914892933,34.87790328384234,0 32.43717066712518,34.87805832554655,0 32.4370545660208,34.87822375228277,0 32.43682796363738,34.87834682357237,0 32.43703116817463,34.87852284960179,0 32.4372419366133,34.87862134307476,0 32.43734791267784,34.87877173341108,0 32.43738232974813,34.8790102832909,0 32.4375896756675,34.8791142942072,0 32.43752126994206,34.87922187180921,0 32.43727464252802,34.87933094578243,0 32.43770394940758,34.87943100144299,0 32.43798799214199,34.87990687124559,0 32.43805736738761,34.88033409689992,0 32.4380005931343,34.88061078822622,0 32.43796484570005,34.88112039100196,0 32.43802583622025,34.88138961114522,0 32.43869460639373,34.88204834174343,0 32.43879657079859,34.88225966517047,0 32.4390163490904,34.88196282073117,0 32.43894327051665,34.88189385939717,0 32.43886179205087,34.88088951142884,0 32.43912397634754,34.88096362537928,0 32.4391480672607,34.88086874465512,0 32.43952709725868,34.88080301240426,0 32.43983210844941,34.88161504680086,0 32.43975825340657,34.88204796376223,0 32.43990894397126,34.8821935206801,0 32.43992470272322,34.88244457497057,0 32.44036265628983,34.88290776001897,0 32.44037878413334,34.88312459672797,0 32.44041393747116,34.88328834021495,0 32.44026206103064,34.88368267937501,0 32.44078739058642,34.88374345916968,0 32.4418379997058,34.88343916878912,0 32.44215844937963,34.88324373926233,0 32.44254515524084,34.88289289238016,0 32.44290809848266,34.88260651113089,0 32.44309818685697,34.88252041471396,0 32.44279956224516,34.88326350997628,0 32.44252321477331,34.88364936329888,0 32.44264218926716,34.88374146169235,0 32.44295415847601,34.88390717274624,0 32.44313522563335,34.88380200036232,0 32.44342555069808,34.88383448240678,0 32.44365921496378,34.8839882290231,0 32.44385026024145,34.88424432875853,0 32.4441085779232,34.88424996688663,0 32.44433508978521,34.88420975206274,0 32.44453460956746,34.884104708809,0 32.44453141716117,34.88397161062912,0 32.44478127968485,34.88390494551295,0 32.44563896085338,34.88351940907673,0 32.44618340385177,34.88308602261301,0 32.4464189031164,34.88292792235222,0 32.44662773335147,34.88278772524828,0 32.44743786430385,34.88255447800457,0 32.44781859269034,34.88243209975446,0 32.44824165471027,34.88215184471943,0 32.44832119658221,34.88208147941688,0 32.44854887063747,34.88225797228245,0 32.44863608231104,34.8824240283153,0 32.44866175855365,34.88271491843633,0 32.44862809721147,34.88291794289171,0 32.44865543758395,34.88304812623455,0 32.44879673948168,34.8832547403188,0 32.44911577380535,34.88347441558787,0 32.44915444268953,34.88361886029965,0 32.44913777575672,34.8838432743996,0 32.44906324438427,34.8841145548725,0 32.44958919360331,34.88430022515896,0 32.44991372133437,34.88452021255667,0 32.45027788783493,34.88483919046481,0 32.4504221395632,34.88503873162884,0 32.45052450131947,34.88519180654346,0 32.45032187989803,34.88520300758298,0 32.45014923420526,34.88527750440642,0 32.4500343120629,34.8853650236851,0 32.44996964141087,34.88553000118937,0 32.44991929020268,34.88595583811568,0 32.44987407972075,34.88621347961153,0 32.4497798716999,34.88643713083695,0 32.44968243341534,34.88664393674892,0 32.44961292049167,34.88694767090865,0 32.44955879150827,34.88708047694594,0 32.44943300288381,34.88723100596845,0 32.44912663618136,34.88739989913617,0 32.44902368101653,34.88748189268561,0 32.44895919394137,34.88762864529362,0 32.44908237346899,34.88789447466475,0 32.44911770491976,34.88809800283086,0 32.44912540435036,34.88834059183635,0 32.44911458508351,34.88839939808078,0 32.44894491353327,34.88851457010594,0 32.44881588738371,34.88875852780352,0 32.44878684145414,34.88884525519499,0 32.44876140375841,34.8890226809949,0 32.44867563106494,34.8891719239878,0 32.44847183361453,34.88933420432526,0 32.44829407608894,34.88958269536156,0 32.44822168766564,34.88974036042045,0 32.4482139888153,34.88983188370448,0 32.4483700711324,34.89004390526667,0 32.44867416712128,34.89027363143136,0 32.4490080546512,34.89055352032469,0 32.44906652465007,34.89075929419468,0 32.44912075365876,34.89104829224082,0 32.44926937183994,34.89132963570385,0 32.44948462834635,34.8916808332951,0 32.44946575011817,34.89187495540174,0 32.44942135710015,34.89193291638009,0 32.449239274464,34.89195104589075,0 32.44901944673914,34.89203550791689,0 32.44879725958964,34.8923447339002,0 32.4486746691634,34.89247151568568,0 32.44805735966025,34.89287782985055,0 32.44793842419496,34.89297688507869,0 32.44773719947829,34.89321410792959,0 32.44775147306783,34.89345841955438,0 32.44767957746562,34.89356891010772,0 32.44754623536421,34.89375666501257,0 32.44770956478939,34.89424069856494,0 32.44772779277974,34.89442953523989,0 32.44788933085686,34.89476370048833,0 32.44779974590384,34.89495454254833,0 32.44768445494731,34.89534778458015,0 32.44777227086406,34.89564534774648,0 32.44809014265098,34.89616933359133,0 32.44836292743118,34.89649596606936,0 32.44837534975834,34.89659595845461,0 32.44822810674151,34.89650333088128,0 32.44783307475446,34.8962701780975,0 32.44755858515054,34.89642639968015,0 32.4475042661709,34.89678677569781,0 32.44744958844549,34.89686131329099,0 32.44739856678491,34.89690812600968,0 32.44754974337948,34.89726719242571,0 32.44753559553645,34.89733091862638,0 32.44745440834514,34.89736364103802,0 32.44727337747804,34.89760100697188,0 32.44731280430623,34.89769564065014,0 32.44727534722595,34.8977342254478,0 32.44713294384248,34.89782201246449,0 32.44708822323205,34.89791049519611,0 32.44708272358447,34.89811303920925,0 32.44710109417622,34.89828800171661,0 32.44718296345508,34.8985105951574,0 32.44722473981553,34.89870237386646,0 32.44721979279933,34.89885219492224,0 32.44715534165256,34.89921527209992,0 32.44706522379782,34.89945606277605,0 32.44704302255712,34.89952661663347,0 32.44695718097559,34.89979940213331,0 32.44683039036169,34.90000385322345,0 32.44671382012993,34.90019727845289,0 32.44645249560387,34.90038134111176,0 32.44641383472289,34.90053369479606,0 32.44634790747175,34.90071638081763,0 32.4462309863877,34.90077674595127,0 32.44603481975054,34.90092060697061,0 32.44590193914146,34.90104169135254,0 32.44584678270822,34.90110231332915,0 32.44561402078426,34.90120413817322,0 32.44534233054591,34.9013454856184,0 32.44495742924095,34.90154175873757,0 32.44456784051345,34.90175222832557,0 32.44430879296983,34.90192818293441,0 32.44421164838597,34.90199383594972,0 32.44403178824692,34.90223040256812,0 32.44353771260864,34.9027482473006,0 32.44324949554697,34.90305032631022,0 32.44304861756371,34.90319225971204,0 32.44300474254952,34.90322166964565,0 32.44288281377358,34.90329712910125,0 32.4428722507002,34.903442102349,0 32.44294334554861,34.90355046881812,0 32.44324329962622,34.90379065031532,0 32.44322688672013,34.90406203190932,0 32.44316999888257,34.90431824904017,0 32.44302403674801,34.90445853102721,0 32.44266451985964,34.90472744907084,0 32.44258152687689,34.90489049814246,0 32.44262073116459,34.90545237982073,0 32.44260647817941,34.90551922289175,0 32.44251528289861,34.9056041102826,0 32.44210857608855,34.90563837866988,0 32.44194553858149,34.90568555634901,0 32.44178171410638,34.90580711415971,0 32.44158573478545,34.90598050750899,0 32.44119507453273,34.90620456990928,0 32.44075439500007,34.90646174196299,0 32.44063555501518,34.90659849861951,0 32.44034933467514,34.90719150975428,0 32.44028788158057,34.90745140829115,0 32.44032238489454,34.90760414269076,0 32.44019697563192,34.90793424900894,0 32.44032521872403,34.9081880765625,0 32.44034526864517,34.90842624920765,0 32.44039766998058,34.90859399090408,0 32.44028363408496,34.90912873199326,0 32.44028590149255,34.90934074264003,0 32.44046126923068,34.90940894983503,0 32.44064911519273,34.90957766647931,0 32.44089274050692,34.91002200091859,0 32.44104100072921,34.91051772017519,0 32.44115798944369,34.91055575392623,0 32.44116912985393,34.91078270589792,0 32.44108054935379,34.91104612981394,0 32.44094634468674,34.9113538562103,0 32.44095285255865,34.91159193029057,0 32.44086498038858,34.91178841645317,0 32.44089021684379,34.91196340023117,0 32.44115561064535,34.91205828903469,0 32.44115062483586,34.91210288309818,0 32.44082487680467,34.91216376608595,0 32.44048225479757,34.91211295141743,0 32.44026855226581,34.91225274034554,0 32.4404471782704,34.91243998596804,0 32.44052172264986,34.91264879747989,0 32.4406733801515,34.91282468863906,0 32.44057846589781,34.9132591519523,0 32.44053966230786,34.9135117782333,0 32.44049632275614,34.91419207593237,0 32.44054220161807,34.91454944919154,0 32.44060202268385,34.91486972531793,0 32.44011509287297,34.91565097233678,0 32.43987354091617,34.9158612209617,0 32.43976312343006,34.91605382436112,0 32.43977589244025,34.91655229040078,0 32.43975280237748,34.91660047421356,0 32.43967212301452,34.91654410477823,0 32.43958114614411,34.91660667505879,0 32.43947824477573,34.91651667359034,0 32.43931902754446,34.91662710106596,0 32.43934414351976,34.91681323960145,0 32.43935606984318,34.91696581309705,0 32.43933096627547,34.91720366095146,0 32.43937374786192,34.91742712065192,0 32.4394377059744,34.91764910413049,0 32.43950309277047,34.91770106912794,0 32.43954521309846,34.91773454311807,0 32.43955352192187,34.91815226313637,0 32.4397582591835,34.91817164136908,0 32.43997315420157,34.91811180915811,0 32.4399895040598,34.91832675994286,0 32.43981115227443,34.91903902737436,0 32.4394033731303,34.9194248326201,0 32.43986283446475,34.91943581692932,0 32.43998613972924,34.91952110207962,0 32.44057929974255,34.91922358307765,0 32.44067795337659,34.91987646703766,0 32.44058892037852,34.92007275534174,0 32.44058296372545,34.92034125340282,0 32.44027249849107,34.92062802007505,0 32.44054773718759,34.92073486067131,0 32.44094753471253,34.92080934922789,0 32.44076225498495,34.92129650283853,0 32.44094241858412,34.92158424276563,0 32.44117983249821,34.92174451833758,0 32.44121244272946,34.92189053325333,0 32.4414490992595,34.92212241309473,0 32.44181803929872,34.92217877353704,0 32.44181379354248,34.92228615879058,0 32.44141944530435,34.92228332351848,0 32.44108425395297,34.92226556737451,0 32.4408449959199,34.92227919139659,0 32.44042169163149,34.92237077277242,0 32.44022250120372,34.92241281720381,0 32.44004496665583,34.92246268811698,0 32.43980046573017,34.92296987715817,0 32.43999936720087,34.92324752230165,0 32.44000500727974,34.92330127139129,0 32.43989951493096,34.92329283821107,0 32.4397385076516,34.92324820287831,0 32.43949524289449,34.92334619169961,0 32.43909808035112,34.92331519792371,0 32.43890076737035,34.92347234180038,0 32.43868087804874,34.9237086054421,0 32.43855781608733,34.92389186164679,0 32.43852505098907,34.92405274879872,0 32.43850577005092,34.92440554927352,0 32.4383011852653,34.92466238488826,0 32.43808537374378,34.92480660468595,0 32.43799494006667,34.9248417566362,0 32.43804350994836,34.92494696653954,0 32.43816777541306,34.92523430673681,0 32.43825873043999,34.92544212331578,0 32.43842529739399,34.92554818590536,0 32.43849440791714,34.92576607390981,0 32.43877277066993,34.926164499446,0 32.43869846545239,34.9264350602554,0 32.4386645019499,34.92670847019151,0 32.43868461323343,34.92715362581599,0 32.43868791831118,34.92771886535807,0 32.43881821246773,34.92802414934032,0 32.43885697845779,34.92817532406536,0 32.43887493365424,34.92853095192302,0 32.43870762499678,34.92849393829881,0 32.43876529583591,34.92861967295778,0 32.43882865991219,34.92879404315114,0 32.43881749528206,34.92896787349259,0 32.43871196935363,34.92925355647871,0 32.43860105337429,34.929754030876,0 32.43855226860571,34.92996083988075,0 32.43854094298757,34.93044157162372,0 32.43855399509709,34.93067440288036,0 32.43851959276137,34.93098872975595,0 32.43839485899342,34.9310364226704,0 32.43843999940063,34.93117229821979,0 32.4384023792906,34.93120527327247,0 32.43813740713941,34.93129799092568,0 32.43797109134785,34.93134380182971,0 32.43801644294434,34.93136292707523,0 32.43801273710809,34.93136673106679,0 32.43794662036309,34.93143463501559,0 32.43824506896303,34.93176195187789,0 32.43787423204497,34.93204016733646,0 32.43757250394402,34.93214273388332,0 32.4377080832292,34.9322563187507,0 32.4378866943018,34.93277206511078,0 32.43782602697488,34.93301633324583,0 32.4375034078835,34.93339301125283,0 32.43723268691413,34.93372559319362,0 32.4371101218539,34.9339428415956,0 32.43702137899396,34.93401895849654,0 32.43690703995708,34.9340550471112,0 32.43690644063138,34.93414274465184,0 32.43702432454388,34.93432205840863,0 32.43699010266506,34.93447190827923,0 32.437161874006,34.934786827427,0 32.43729362720367,34.93506530666309,0 32.437066533981,34.93524363592552,0 32.43676662859016,34.93566775342119,0 32.43674692903424,34.9357764466581,0 32.43658275230197,34.93625153637591,0 32.43646015417967,34.93669412861924,0 32.4366729527495,34.93679529599245,0 32.43677801307912,34.93693248649463,0 32.43685955952697,34.93710097346444,0 32.43694796917969,34.93729771932166,0 32.43709864206243,34.93745939352625,0 32.43728685522806,34.93765357454323,0 32.43748604644576,34.93788749842198,0 32.4373056960133,34.93793630454407,0 32.43691639221709,34.93804165643257,0 32.43656642187749,34.93817141341074,0 32.43604259294664,34.93817919056289,0 32.43592142134735,34.93823320370606,0 32.43580565065927,34.93834650490042,0 32.43539552738144,34.9385112454457,0 32.43538698158432,34.93851761483938,0 32.43531850369024,34.93856886241068,0 32.43530240607164,34.93858111363024,0 32.43513025002533,34.9386902029319,0 32.43475395705448,34.93878350044227,0 32.43459651970134,34.9388769564936,0 32.43458737728721,34.93892159382138,0 32.4345663256929,34.93894651480675,0 32.43438860178648,34.93915952548981,0 32.43434145598691,34.93905207013161,0 32.43396170725828,34.93929314980525,0 32.43361106522513,34.93952632149185,0 32.43345869910739,34.93935600311992,0 32.43338340993289,34.9392402276345,0 32.43310676462226,34.93906520960996,0 32.43301949430374,34.93904308619268,0 32.43292412136032,34.93898439116761,0 32.43284976095939,34.93893087007182,0 32.43277944987634,34.93875285083687,0 32.43267081291187,34.93865212438322,0 32.43263929460155,34.93856693164727,0 32.43252781067906,34.93851088786964,0 32.4324642156881,34.93839572170848,0 32.4322712502644,34.93823446526319,0 32.43220209798795,34.93807154270345,0 32.43210337875978,34.93794734669842,0 32.43199976906317,34.93781694579592,0 32.43195602833111,34.93771629403597,0 32.431715300715,34.93741685975514,0 32.43158132818638,34.93734945565893,0 32.431468931732,34.93725943475093,0 32.43108656511708,34.93694420774054,0 32.431027862159,34.93685167409063,0 32.43076835685418,34.93665503558267,0 32.43069728133828,34.93667363330447,0 32.43060648334573,34.93690882777692,0 32.43014082309117,34.93679789237535,0 32.43001967804618,34.93675176890698,0 32.42975071535211,34.9366573501871,0 32.42938435309942,34.9364490646433,0 32.42887301016548,34.93621886443123,0 32.42854546630902,34.93612433080156,0 32.42828190574467,34.93610140889789,0 32.42754914577993,34.93605245011491,0 32.4270879403086,34.93626067696071,0 32.42699146739056,34.9363991419082,0 32.42682710647883,34.93647502079256,0 32.4267517511504,34.93657372610058,0 32.42671198137051,34.93664513386661,0 32.42635063803976,34.93670773112844,0 32.42592889634591,34.9369041220988,0 32.42581580005118,34.93699308528548,0 32.42570836307392,34.9370425865372,0 32.42547315866486,34.93714638192103,0 32.42507550720254,34.9372477892435,0 32.42476215711542,34.9373595091847,0 32.42467298862046,34.9374152599317,0 32.42447830771504,34.93749864778838,0 32.42433663668577,34.93755645719375,0 32.42420915923966,34.93752363627559,0 32.42410320121959,34.93752136725516,0 32.4239343748787,34.93771933839234,0 32.42377855990403,34.93785749858591,0 32.42339598964094,34.93794149694553,0 32.42329983765679,34.93798775310839,0 32.42324180503724,34.9381209952494,0 32.42319021938854,34.93815218830787,0 32.42324520985573,34.93819597902467,0 32.42334636524335,34.93812696052746,0 32.42371434954051,34.9380469837925,0 32.42407031406258,34.93791782599435,0 32.42488634556049,34.9378979726826,0 32.42484293326115,34.93814052267586,0 32.42458877443763,34.93843061528227,0 32.42483977965669,34.93843245832344,0 32.42486623092775,34.93859800790278,0 32.42481737844136,34.93876300715944,0 32.42516133703788,34.93887404338653,0 32.4252440408619,34.9390606755593,0 32.42544543276344,34.93900789356247,0 32.42563962518451,34.93904032010653,0 32.42648995981976,34.93904137528499,0 32.42669760752123,34.93928059474734,0 32.42669820091367,34.93980767575025,0 32.42662005372178,34.94007064184814,0 32.42665505990728,34.94031635061462,0 32.42656363849985,34.94064639545939,0 32.42662819538992,34.94077088536293,0 32.42658251010995,34.94093332396896,0 32.42646846994608,34.94103325532358,0 32.42634456911963,34.94117445213477,0 32.42602910241201,34.94132974892035,0 32.42558538102437,34.94202926726263,0 32.42524620671125,34.94205520323538,0 32.42524621931471,34.94234457833399,0 32.42531114523847,34.9427248587263,0 32.42524694966384,34.94314811461865,0 32.42512800756533,34.94341078108783,0 32.4249093552251,34.9436081245203,0 32.42456870010729,34.94406035860222,0 32.42421966419273,34.94441693467402,0 32.42383102338373,34.94408336830851,0 32.42360131847953,34.94385173308218,0 32.42327990033395,34.94397597556175,0 32.42304885614542,34.94415772168493,0 32.42283786933712,34.94422593139576,0 32.42253636728303,34.94453892749513,0 32.42256861496016,34.94474844468714,0 32.42243685825688,34.94474489230758,0 32.42224290223595,34.94468921049974,0 32.42218185944083,34.94482052933256,0 32.42188755139819,34.94475894032488,0 32.42129742768923,34.94477526851924,0 32.42128257896558,34.94469764768972,0 32.42096261089145,34.94468754231286,0 32.42066911339504,34.94484040210587,0 32.42060784047244,34.94499239040259,0 32.42042845388183,34.94504015907799,0 32.42029078442515,34.94500297301574,0 32.42015437912418,34.94484952945469,0 32.42007678378899,34.94448207367254,0 32.41952489361554,34.9447337905748,0 32.41934542496638,34.94449427283423,0 32.41907862888046,34.94413820096063,0 32.41905482000777,34.94428436777865,0 32.41880734068874,34.94415997967973,0 32.41862242254091,34.94400312838479,0 32.41817766424121,34.9438370405805,0 32.41814586632991,34.94390082962418,0 32.41814463168875,34.94401423499791,0 32.41815212214724,34.94414233925386,0 32.41789462902468,34.94391726678235,0 32.41781782427358,34.94403377235975,0 32.41765664772123,34.94394111804998,0 32.41741669322481,34.94373812690327,0 32.41734819340555,34.94390774132552,0 32.41732479888206,34.94401549485912,0 32.41715467900195,34.94392826320055,0 32.4170766637415,34.94395146640797,0 32.41697587923423,34.94402571948844,0 32.41683216183656,34.94416551146507,0 32.41668760869563,34.94438212458492,0 32.41634705812817,34.94464301932292,0 32.41627508881093,34.94472297381404,0 32.41627149045836,34.94484916704497,0 32.41635955528453,34.94492299011743,0 32.41653684202929,34.94496454449353,0 32.41645495084746,34.94513954853497,0 32.41642465164488,34.94526920204749,0 32.41652150276259,34.94535223645376,0 32.41637413766599,34.945418827643,0 32.41614073277346,34.94542990584755,0 32.41611103436777,34.94550468551922,0 32.4160209303167,34.94561743196532,0 32.415924903147,34.94566245322952,0 32.41578776371873,34.94560656015832,0 32.41565744965776,34.9455360841436,0 32.41554076252372,34.94523521924629,0 32.41521808419529,34.9448761244028,0 32.41515310073633,34.94492686167334,0 32.41508561656685,34.94520623923976,0 32.41500267911295,34.94527330663312,0 32.4149425743423,34.94528383691096,0 32.41491987691435,34.94512452241726,0 32.4146718797125,34.94484463570999,0 32.41439142183353,34.94468889872339,0 32.41427403774502,34.94485815038315,0 32.41415645662165,34.94484264414959,0 32.41400428861161,34.94514517307712,0 32.41388239992167,34.94531987693075,0 32.41361335000578,34.94554288145968,0 32.41357035848693,34.94561390230925,0 32.41347895187344,34.94564249302863,0 32.41324942485063,34.94590786137407,0 32.41303346399656,34.94635442607943,0 32.41304318848579,34.94648071958806,0 32.41292388014421,34.9465032743638,0 32.4125224782813,34.94614941142564,0 32.41237814038971,34.94573675549989,0 32.41219551550458,34.94557442226268,0 32.41181831798858,34.94650746683212,0 32.41177871403411,34.94660542792794,0 32.41174444958718,34.94676187101859,0 32.41176076594521,34.94710012835885,0 32.41174876600765,34.94728147820163,0 32.41177570903345,34.94756414596154,0 32.41179633333167,34.94796635187147,0 32.4117646178119,34.94811868958979,0 32.4116572270762,34.9483220101349,0 32.41151036875713,34.94847143011204,0 32.41132133332665,34.94858548385263,0 32.41099371792387,34.9487789177329,0 32.41081196458057,34.94891364306741,0 32.41074548718594,34.94903891893056,0 32.41070398540793,34.94917056636255,0 32.41065927066262,34.94936610429134,0 32.41065349708943,34.94989182169878,0 32.41064942013018,34.95026291699387,0 32.41066572470409,34.95083003453905,0 32.41064882418894,34.95100103822417,0 32.41056275878336,34.95131379151687,0 32.41054584979853,34.95171365632592,0 32.41052187567408,34.9520722324933,0 32.41039894687847,34.95209399734136,0 32.41030934611698,34.9522727058053,0 32.41000324081043,34.95233021717633,0 32.40997369275103,34.95228463764457,0 32.40987247953869,34.95238078793483,0 32.40973220234211,34.95238592678619,0 32.40960342939223,34.95248393414983,0 32.40954948130665,34.95238044146551,0 32.40950497242622,34.95210176698997,0 32.40947845356037,34.95200878744679,0 32.40944717423636,34.95189309244019,0 32.40922458269047,34.95209761277656,0 32.40924227562379,34.95231011089702,0 32.40896142827994,34.95234719013803,0 32.40892900892332,34.95210777968274,0 32.40879852463238,34.95213360849743,0 32.40856515998551,34.95217928849885,0 32.40847435086209,34.95246726415554,0 32.40830429295543,34.95290309646581,0 32.40828219967261,34.95309055597357,0 32.40820157899967,34.95313531434131,0 32.40810251950663,34.95303560713381,0 32.40800342139773,34.95316682320605,0 32.40787691858955,34.95328546242211,0 32.40785513799509,34.95344405904459,0 32.40770052837211,34.95361403382601,0 32.40749695140374,34.95368261239368,0 32.40735473723167,34.9536361914362,0 32.40715441634157,34.95363675528272,0 32.40707941645029,34.95362588586851,0 32.40705811112333,34.95351438820705,0 32.40686744321482,34.9535480131461,0 32.40672061038565,34.95346650552841,0 32.40664538441261,34.95347625107854,0 32.40633815515093,34.95363477231301,0 32.40609431471817,34.9537216055565,0 32.40597816429995,34.95358259686947,0 32.4061737511784,34.95355725436818,0 32.40620213301869,34.95348118272278,0 32.4062476120779,34.95344441084623,0 32.40638679513297,34.95331143335628,0 32.40642284679875,34.95322098455948,0 32.40638219690699,34.95304748644132,0 32.40630521754088,34.95298918055849,0 32.40629622725388,34.9528963329003,0 32.4063552450674,34.95276688202861,0 32.40630093935388,34.95269637267973,0 32.40627185148785,34.9526095600301,0 32.4062200689324,34.95253700954662,0 32.40621594891353,34.95245656756691,0 32.4061475976092,34.95229729713047,0 32.40600126789847,34.95217043263104,0 32.40578547618217,34.95198531473627,0 32.40578019486597,34.95178321974148,0 32.40578497682326,34.95157707612201,0 32.40566445919348,34.95138030267658,0 32.40552689343585,34.95136690145871,0 32.40549088634106,34.95122643026267,0 32.40528122042335,34.95116712808307,0 32.40515667426121,34.95110846416802,0 32.40522275145288,34.95102030179953,0 32.40515276271712,34.9510094683621,0 32.40498162762452,34.95086179810045,0 32.40486969196937,34.95079498193952,0 32.40473233261925,34.95076302603909,0 32.40461345705621,34.95064461088827,0 32.40453138679187,34.95059451338065,0 32.40440144649951,34.95057085858386,0 32.40431218255716,34.9504918415018,0 32.40419958875237,34.95048481078417,0 32.40400737714496,34.95043182353152,0 32.40388772634276,34.95038350448142,0 32.40378835154905,34.95053945612669,0 32.40366805691755,34.95077566012663,0 32.40348621215848,34.95114335992647,0 32.4033801845241,34.95144771058738,0 32.40332068288951,34.9516204545688,0 32.40326000038478,34.95167360605847,0 32.40318909726372,34.9517452359517,0 32.40313715358928,34.95191391461251,0 32.40307477902668,34.95211962723087,0 32.40308258004885,34.95231968125006,0 32.40289077745251,34.95222958285142,0 32.40270405280346,34.95213333620961,0 32.40259621006891,34.95214902056203,0 32.40253789471056,34.95221455979559,0 32.4024046513257,34.9522630424298,0 32.4022524631872,34.95243921401624,0 32.40210114544976,34.95253704293548,0 32.40199978481191,34.95264555694774,0 32.4019194934854,34.95288618368351,0 32.4018435137947,34.95296396067922,0 32.4017394889238,34.95308688673396,0 32.40152711893352,34.95327085206248,0 32.40136362083597,34.95333766082273,0 32.40137042442994,34.95340162832203,0 32.40132161734029,34.95351259839823,0 32.40139692244573,34.95372140801064,0 32.4015750181448,34.95391861800625,0 32.40151555287894,34.95408723900017,0 32.40145299353127,34.95430944301391,0 32.40147822350887,34.95451787507388,0 32.40145502795166,34.95457749321898,0 32.40143723680131,34.95482683684564,0 32.40144833722427,34.95495475224124,0 32.40133293378618,34.95497450233996,0 32.40131509794235,34.95522796969563,0 32.40126794752354,34.95541523845608,0 32.40120577164601,34.95560239435601,0 32.40102572828869,34.95558042155225,0 32.4010444540942,34.95569808579037,0 32.40110366018482,34.95600367794669,0 32.40115272924971,34.95609476654943,0 32.40129290458109,34.9563246808562,0 32.40137597508373,34.95651086884465,0 32.40139638223384,34.95670276942163,0 32.40130728234725,34.95683405438882,0 32.40120095613231,34.95693840744579,0 32.4009641679886,34.9568397199833,0 32.40073236440026,34.95674313171703,0 32.40054019028403,34.95668601606871,0 32.40032019619773,34.95665343185306,0 32.40009958317203,34.95667651121222,0 32.40003407406315,34.95671313132333,0 32.39979239868758,34.95682883217597,0 32.39957401434101,34.95687666910073,0 32.39929763066684,34.95696118140839,0 32.39890441648167,34.95696852422235,0 32.39850851107001,34.95699234025761,0 32.39826056404078,34.95699665401325,0 32.39812730824248,34.95704513090047,0 32.3977733031982,34.95712905403776,0 32.3974423612725,34.95716572649629,0 32.39720816989629,34.9572835415738,0 32.39715988491606,34.95734709250948,0 32.3972983990967,34.9575007125548,0 32.39739705835444,34.95763547537492,0 32.39763552056395,34.9578084061613,0 32.39767921063709,34.95793244508717,0 32.39778223649957,34.95812497041442,0 32.39761835845502,34.95822475948462,0 32.39746183138748,34.95833903901942,0 32.39729515164223,34.95846561106939,0 32.39716444345138,34.95850998184267,0 32.39690766991432,34.95840701193671,0 32.39652304089914,34.9583175080456,0 32.39628329057636,34.95826002667732,0 32.39617311533242,34.95848392908226,0 32.39608180190788,34.95858839008044,0 32.39593859602527,34.95863060339393,0 32.3958159306174,34.9586276126078,0 32.39578007611799,34.95847476848307,0 32.39566051094089,34.95841819471831,0 32.39560756263712,34.95845078248094,0 32.39536291048194,34.95860768951706,0 32.39517107471384,34.95874437618853,0 32.39489938832346,34.9588557162401,0 32.39481434466637,34.95884682460382,0 32.3947061710898,34.9588913653971,0 32.39459655442878,34.95884105093077,0 32.39434076589633,34.95887416289961,0 32.39401906878882,34.95897893714735,0 32.39381222694279,34.95911344557352,0 32.39341353987059,34.95938464015563,0 32.39327958615132,34.95949495978262,0 32.39333727862676,34.95970982567333,0 32.39331131588604,34.95979210078005,0 32.39309365939145,34.95977395402795,0 32.39301323529281,34.95980014660942,0 32.39294305568498,34.95980579928568,0 32.3929164138134,34.95972518765401,0 32.39275143222653,34.95960494953266,0 32.3926575368626,34.95953651953823,0 32.39179688529076,34.96020517233386,0 32.3916362893879,34.96042630391842,0 32.39161799374741,34.96058886293087,0 32.39130777829586,34.96085764512891,0 32.39097895823006,34.96101994627772,0 32.39042146363435,34.96143195588803,0 32.38985129712442,34.96177171562817,0 32.38962002550737,34.96195310649445,0 32.38933125197454,34.96185100363025,0 32.38916052877376,34.96204395312398,0 32.38903904743604,34.96205412750523,0 32.38896314301659,34.96220894872753,0 32.38876501554542,34.96244054047874,0 32.38843309742572,34.96257675910843,0 32.38817491823381,34.9627523904422,0 32.38811006137476,34.96252434352727,0 32.38763520866112,34.96218216418278,0 32.38737640356835,34.96241328903929,0 32.38720484952422,34.96267838176187,0 32.38688447977692,34.96298673465879,0 32.38631923660174,34.96288806290378,0 32.38546202499928,34.96297030392491,0 32.3850417821804,34.96316688748009,0 32.38488697323076,34.96314350140325,0 32.38468195627659,34.96338613349199,0 32.38441607414672,34.96364494721765,0 32.38419330715745,34.96426484438083,0 32.38457389008113,34.96459521416653,0 32.38482663536617,34.96490240169134,0 32.3849544782482,34.96492558278455,0 32.3850146569694,34.96497044359423,0 32.38489010042241,34.96525254077854,0 32.38535404469255,34.96536709521069,0 32.38530521988505,34.96551102224544,0 32.38529671764505,34.96566635795145,0 32.38516736491529,34.96577636808544,0 32.38481211215072,34.96559049644785,0 32.38464350299994,34.96559475414782,0 32.38458113244462,34.96574412709936,0 32.38447268555711,34.96579324636866,0 32.38419325480419,34.96605750744891,0 32.38405098221085,34.96611746739723,0 32.38402868037964,34.96630044699977,0 32.38406725555281,34.96646724307476,0 32.383857746215,34.96651003774901,0 32.38376965302551,34.96654821189819,0 32.38389809095742,34.96711530188542,0 32.38338903830002,34.96741109830558,0 32.38317965211776,34.96744279239196,0 32.38318558152308,34.96751498797422,0 32.38252491796565,34.96750436427759,0 32.38251905158174,34.96742661987721,0 32.38205364972222,34.96743969563492,0 32.38190432234769,34.96752734645489,0 32.38170338101784,34.96740925322706,0 32.38152158952311,34.96738565514807,0 32.38136072088216,34.9673011673539,0 32.38121346980041,34.9672056829671,0 32.38089646313492,34.96721434702697,0 32.38070730604776,34.96724619045341,0 32.38051203838859,34.96722248879076,0 32.38021828237774,34.96696492508066,0 32.38005665691588,34.96694703002286,0 32.37977279588092,34.96700589337487,0 32.37959604852342,34.96713218287309,0 32.3791970632869,34.96723455929723,0 32.37887338176868,34.96723761501274,0 32.37871673663396,34.96737515833076,0 32.37849965436389,34.96749003437135,0 32.3781076015124,34.96757580977086,0 32.37781031628123,34.96762901640331,0 32.37754800153536,34.96757149061933,0 32.37728316422478,34.96773594627216,0 32.37707320642339,34.96781757425029,0 32.37696273882019,34.96804427214798,0 32.37677205938117,34.96820930090121,0 32.37668994773681,34.96831411689268,0 32.37637040451034,34.96854474647739,0 32.37615174286717,34.96879835763004,0 32.37591576502022,34.96879653309023,0 32.37567540913606,34.96917762613931,0 32.37576014416854,34.96943358469074,0 32.37573814620848,34.96958881499963,0 32.37541719446666,34.96994153217199,0 32.37525838090103,34.97026775453777,0 32.37493077155737,34.97120317489517,0 32.37482310921504,34.97177399347382,0 32.37456651111829,34.97180530694613,0 32.37440908746888,34.97200943874995,0 32.3741482355414,34.97241256882394,0 32.37406427649898,34.97267832078761,0 32.37368186712097,34.97309715766592,0 32.37348233061368,34.97344526286781,0 32.37331917142468,34.97356054732612,0 32.37313445038563,34.97379221439955,0 32.37261221449671,34.97405456437108,0 32.37215269427112,34.97413979497365,0 32.37148968267872,34.97432889704206,0 32.37124541877414,34.97446019522138,0 32.37085777000895,34.97474578411778,0 32.37064098355719,34.97483289553679,0 32.37039607852562,34.97501969225834,0 32.37017928972821,34.97510680914024,0 32.37005306269145,34.97519847797848,0 32.36966613032898,34.9754794740125,0 32.36930532013283,34.97566387296155,0 32.36919503498993,34.97569503973875,0 32.36819925760584,34.97560845072287,0 32.36784401708316,34.97568848348478,0 32.36762070238736,34.97570834164537,0 32.36748519195206,34.97570008471849,0 32.36724821314387,34.97576663720575,0 32.36693925653133,34.97600543630952,0 32.36612687128746,34.97651441293643,0 32.36598835918978,34.97660119260631,0 32.36576684943363,34.97666724964159,0 32.36548964753309,34.97670575655491,0 32.36517564506342,34.97679278276804,0 32.36487390870977,34.97695854218224,0 32.36458613699937,34.97705661925824,0 32.36404133187844,34.97715810467633,0 32.36344980871647,34.97731074306514,0 32.36298020613199,34.97746162318264,0 32.36255964556467,34.97764542520642,0 32.36213559612005,34.97784546800137,0 32.36166824729531,34.97808584341449,0 32.36105380557747,34.97850945008311,0 32.36079572831733,34.97860232807369,0 32.3602981907063,34.9788885589869,0 32.35979781884078,34.97913408947141,0 32.35935760079889,34.97930687945537,0 32.35881879738309,34.97945719790721,0 32.35857377377041,34.97956102099894,0 32.35733757816588,34.97989836021259,0 32.35704265592335,34.98004246065711,0 32.35666210586942,34.98018317172052,0 32.35655535419018,34.98029621633885,0 32.35592537367087,34.98063561445142,0 32.35562015626287,34.98081487942557,0 32.35550693290462,34.9809170249449,0 32.35530145699104,34.98118621863515,0 32.35520244380785,34.98131593685522,0 32.35500625977916,34.98146894691435,0 32.35475760901922,34.98159984837146,0 32.35468775937911,34.98165623991054,0 32.35466707052252,34.98173471225923,0 32.35468582760764,34.98182163134987,0 32.35480950070438,34.98195276601964,0 32.35480861383643,34.98202868444839,0 32.354748299752,34.9821149796138,0 32.35456836400829,34.98228709865303,0 32.35410879004043,34.98242175306984,0 32.35392663376355,34.98250165942046,0 32.35387575728405,34.98262599070989,0 32.35368346389019,34.98272750815224,0 32.35313613912751,34.98275842429894,0 32.35268489965277,34.98274400092141,0 32.35125783347545,34.98277335302701,0 32.3507688034267,34.98260948576758,0 32.35060692136646,34.9826461611074,0 32.35035627221171,34.98266586279586,0 32.34982759964622,34.98279181750509,0 32.34955974667691,34.98287374713997,0 32.34936550383651,34.98314064977441,0 32.34915625284832,34.98328270110405,0 32.34858240342601,34.98332694140331,0 32.34817901704443,34.98344575117824,0 32.34776040194956,34.98345868557909,0 32.34757987430999,34.98367959960652,0 32.34733814988651,34.98378071329783,0 32.3468300305054,34.98383902797415,0 32.34669689858264,34.9839518533278,0 32.3466275850876,34.98396214673711,0 32.34649954054093,34.98392316301469,0 32.34640674338288,34.98396851914806,0 32.34624504523772,34.98398892187856,0 32.34619489077146,34.98405088787364,0 32.34604333432802,34.98404967775028,0 32.34597350481928,34.98410335287454,0 32.34590751573744,34.98411096135135,0 32.3458144991668,34.98417529683782,0 32.34549068758221,34.98425134789932,0 32.34534066960001,34.98439928708663,0 32.34529751486544,34.98442605793151,0 32.34524483507182,34.98442292630099,0 32.34504507259585,34.98431828948153,0 32.34492352143685,34.98428749057851,0 32.3447189582722,34.98431025965608,0 32.34462040120356,34.98428506692395,0 32.34449024797399,34.98414573465824,0 32.34435583590125,34.98408771618475,0 32.34418121606166,34.98408631969831,0 32.34400950942779,34.98411748681233,0 32.34375751095327,34.98425104897753,0 32.34354783042721,34.9844283369554,0 32.34340347153059,34.98437566219535,0 32.34316282679909,34.98438458166342,0 32.3426489079752,34.98465433800056,0 32.34254119826434,34.98484599756608,0 32.3424309017631,34.98497798050828,0 32.34222278297176,34.98502241312331,0 32.34201605242997,34.98495025375186,0 32.3419469573195,34.98494156557911,0 32.34160298686083,34.9850499819653,0 32.34146754878915,34.98507872263612,0 32.34129654469396,34.9850502371126,0 32.34098786803995,34.98496098740615,0 32.34089228763408,34.98496293393007,0 32.34078692230792,34.98495666408612,0 32.34071165596232,34.98491267405123,0 32.34063060406229,34.98480085031743,0 32.34028313074757,34.98464892223625,0 32.33998165484481,34.98450820886732,0 32.33959998014603,34.98425700815623,0 32.33942690368276,34.98422215560124,0 32.3393301268154,34.98414995704973,0 32.33927466015478,34.98402452513112,0 32.33921456238048,34.98383209774602,0 32.33909888358737,34.98375305178928,0 32.33882285422276,34.98370172985143,0 32.33863778672287,34.98375603962256,0 32.33850772449052,34.98374606550039,0 32.33842937172993,34.98372088408273,0 32.33837388001271,34.98359768350722,0 32.338339289962,34.98354160760978,0 32.33826628167704,34.98352316440476,0 32.3381357421494,34.98355336131245,0 32.33793230010021,34.98355618768866,0 32.33767724668385,34.98333763803205,0 32.33727828787262,34.98336120802681,0 32.3370012821265,34.98339245566901,0 32.33672198833056,34.98338797272315,0 32.33646430955528,34.98339035972197,0 32.33629279662126,34.98321712144241,0 32.33617201301465,34.98311124769916,0 32.33611532893295,34.9830884710393,0 32.33588447822549,34.98311562550516,0 32.33563118653883,34.98297743466715,0 32.33556216930962,34.98285189176347,0 32.33541892158102,34.98281056236849,0 32.3352261413136,34.98282909375276,0 32.33490202588207,34.98294476790633,0 32.33467372486946,34.98298532988484,0 32.33443500409245,34.98299009793362,0 32.33429632812123,34.98302022357544,0 32.33418319963614,34.9831822382703,0 32.33382483797919,34.98321282066777,0 32.33375124492197,34.98324347312241,0 32.33370062018511,34.98339483221952,0 32.33335621089705,34.98361970205439,0 32.33319270008984,34.98368533629708,0 32.3328820649552,34.98358015622605,0 32.33258094122598,34.98358664646344,0 32.33231805360846,34.983571127387,0 32.33209887386658,34.98352917908826,0 32.33189158090291,34.98340028186073,0 32.33177899035279,34.98329000671895,0 32.33165717119385,34.98327116470747,0 32.33159713764442,34.98330192564449,0 32.33156565286114,34.98344004833441,0 32.33156950108437,34.98357176181236,0 32.33144797422332,34.98352836951425,0 32.33131417095542,34.9833777490467,0 32.33123584882822,34.98335033127874,0 32.3310486253847,34.983357742499,0 32.33060802440519,34.98346130006733,0 32.33036161961304,34.98342805578442,0 32.3302344301117,34.98340470452646,0 32.32993798560567,34.98347372044093,0 32.32977814655896,34.98345903134079,0 32.32942135965349,34.98335793246432,0 32.32932389392954,34.98334374859103,0 32.32914362974707,34.98344941555959,0 32.32891664470694,34.98360603759018,0 32.32884358571904,34.9835920522282,0 32.32869000187609,34.98350822394062,0 32.3285493851094,34.98347360207951,0 32.3284517068094,34.98347727234361,0 32.32819808546267,34.98359350228601,0 32.32783800514717,34.98376689384936,0 32.3277013394646,34.98385505757567,0 32.32742300973271,34.9837702150845,0 32.32703703843708,34.98361530559779,0 32.32688361750098,34.98351808460664,0 32.32673865180919,34.98339415017855,0 32.32649399595734,34.98344126025192,0 32.32622206123577,34.983501537672,0 32.3259580433348,34.98335431352852,0 32.3257548711937,34.98333480120971,0 32.32551247084015,34.98319444950123,0 32.32539650420537,34.98313993883487,0 32.32529885328146,34.98314137392598,0 32.32517880657616,34.98320065587816,0 32.32499220013899,34.98338215028843,0 32.32476993624984,34.98337140905823,0 32.32427694836293,34.98309509602167,0 32.32399478470757,34.98310395105086,0 32.3241233122394,34.98324114799693,0 32.32526192999099,34.9841811358713,0 32.32793086661967,34.98642360822843,0 32.32980795436824,34.98798779645463,0 32.33051157385287,34.98857156901226,0 32.33035114756822,34.98938724580023,0 32.32981674294194,34.9925315434957,0 32.32964067999827,34.99354190859099,0 32.32949022598149,34.99451292221829,0 32.32714624913019,34.99596558120172,0 32.3212118391737,34.99959554922292,0 32.31457391287599,35.00378182358502,0 32.31291139975819,35.0048371938062,0 32.31113786184035,35.005927292719,0 32.30924573556857,35.007158438974,0</coordinates>
						</LinearRing>
					</outerBoundaryIs>
				</Polygon>
				<Polygon>
					<extrude>0</extrude>
					<altitudeMode>clampToGround</altitudeMode>
					<outerBoundaryIs>
						<LinearRing>
							<coordinates> 32.37497437023963,34.84649228318993,0 32.37513294906781,34.84659565212073,0 32.37523379401037,34.84668949633672,0 32.3753345345073,34.84679241735331,0 32.37540248610568,34.84687238711501,0 32.37542642144302,34.84694747672307,0 32.37543123282715,34.84700879970985,0 32.37541717809247,34.84703365844207,0 32.37538971381628,34.84702663767457,0 32.37525581796491,34.84693253999367,0 32.3751273800949,34.84684302243841,0 32.37503479872697,34.8467492440348,0 32.37499124990864,34.84670350965837,0 32.37492857512432,34.84664400856114,0 32.37486361263444,34.84654363465943,0 32.37485022822283,34.8465094836213,0 32.37488091176023,34.84647567176003,0 32.37497437023963,34.84649228318993,0</coordinates>
						</LinearRing>
					</outerBoundaryIs>
				</Polygon>
				<Polygon>
					<extrude>0</extrude>
					<altitudeMode>clampToGround</altitudeMode>
					<outerBoundaryIs>
						<LinearRing>
							<coordinates> 32.32274998156025,34.88798812758623,0 32.32267908328222,34.8880188136329,0 32.32259760536143,34.8880270808932,0 32.32252729948687,34.88800864081118,0 32.32240838637839,34.88797193826541,0 32.32237035865074,34.88797609458716,0 32.32212184277901,34.88788920277356,0 32.32207839154184,34.88789331433784,0 32.32198101693532,34.8878701870242,0 32.32194320382605,34.88785647821172,0 32.32191656404721,34.88781606306477,0 32.32191751523138,34.88778790251666,0 32.32191863457873,34.8877547192777,0 32.3219339141232,34.88772687662776,0 32.32202710039784,34.88764724186591,0 32.32203870277078,34.88758480732891,0 32.32214273799689,34.88750526092338,0 32.32220864046248,34.88743880321369,0 32.32225810760096,34.88738561021925,0 32.32234549376476,34.88733719339357,0 32.32241123344215,34.88728413251027,0 32.32248750051043,34.88725795750788,0 32.3225747780946,34.88721847210847,0 32.32263466407587,34.88720109646022,0 32.32274847538904,34.88721095843936,0 32.32282399085086,34.88724730533172,0 32.32304962502543,34.88743227109988,0 32.32313513164252,34.88754016347848,0 32.32314549810719,34.88758044448753,0 32.32313416500951,34.88762055058871,0 32.32308443091247,34.88769607430202,0 32.32297306596401,34.88779652254745,0 32.32280471089161,34.88794837595955,0 32.32274998156025,34.88798812758623,0</coordinates>
						</LinearRing>
					</outerBoundaryIs>
				</Polygon>
				<Polygon>
					<extrude>0</extrude>
					<altitudeMode>clampToGround</altitudeMode>
					<outerBoundaryIs>
						<LinearRing>
							<coordinates> 32.31295655346084,34.9000216045506,0 32.31282444143607,34.90003923405265,0 32.31274713004807,34.90003859681572,0 32.31238362776732,34.90000939192402,0 32.31222909484062,34.90000062925061,0 32.31199224822279,34.9000286246167,0 32.31180592706463,34.9000158549327,0 32.31158763480053,34.90001405265212,0 32.31146953020433,34.90000184548358,0 32.31134255702754,34.8999708474256,0 32.31127015752084,34.89994029820964,0 32.31093085403976,34.89979148594281,0 32.31087646255985,34.89977606075266,0 32.31080824740214,34.89977549639216,0 32.31074003113689,34.89977493378995,0 32.3105030481792,34.89981415717813,0 32.31047121238513,34.899813893645,0 32.31043037495466,34.89980606840091,0 32.31036270487435,34.89976058280443,0 32.31033137307308,34.8997191416141,0 32.3103181865478,34.899681593851,0 32.31031427692528,34.89962914867281,0 32.31031059599468,34.89955798589942,0 32.31032978920455,34.89947577981606,0 32.31034952965088,34.89934865365368,0 32.31036422253091,34.89926266670965,0 32.31038741737691,34.89922542001975,0 32.31050679602784,34.89913281109838,0 32.31060275439722,34.89909616550841,0 32.31069875707968,34.89905577739604,0 32.31072640864132,34.89902605573064,0 32.31076370091542,34.89895148627639,0 32.31078739702781,34.89887306276319,0 32.31081495532823,34.89885082684348,0 32.31087471296282,34.89879890672031,0 32.31097517319605,34.89876604347509,0 32.31113470746316,34.89873741000201,0 32.31120737873791,34.89874549744166,0 32.31126604358239,34.8987834209109,0 32.31136477145135,34.89889280698952,0 32.31146800203756,34.8990059747134,0 32.31154030879765,34.89904400958258,0 32.31173135854886,34.8990418437617,0 32.31214920103514,34.89909021853592,0 32.3124893214467,34.89917164545007,0 32.3126388507908,34.8992178055633,0 32.31295623580026,34.89929904220462,0 32.31309644169372,34.89936384451471,0 32.31319135311774,34.89941329734483,0 32.31321836524053,34.89943598188325,0 32.31322714234624,34.89946226191056,0 32.31322191360879,34.8995183755345,0 32.31322132249369,34.89956704078421,0 32.31323887675391,34.89961959903413,0 32.31327425873899,34.89970225457571,0 32.31328303589694,34.89972853369699,0 32.31326907321058,34.89975462484485,0 32.31320449714757,34.89982897059271,0 32.31313496121538,34.89993696714311,0 32.31306610926582,34.89998881443793,0 32.31295655346084,34.9000216045506,0</coordinates>
						</LinearRing>
					</outerBoundaryIs>
				</Polygon>
			</MultiGeometry>
		</Placemark>
	</Document>
</kml>