<?xml version='1.0' encoding='UTF-8'?>
<kml xmlns="http://www.opengis.net/kml/2.2">
	<Document>
		<name>Dimos Notias Lefkosias-Idaliou</name>
		<Style id="PolyStyle80">
			<LabelStyle>
				<color>00000000</color>
				<scale>0.000000</scale>
			</LabelStyle>
			<LineStyle>
				<color>ffa9e600</color>
				<width>2.000000</width>
			</LineStyle>
			<PolyStyle>
				<color>00828282</color>
				<outline>1</outline>
			</PolyStyle>
		</Style>
		<Placemark id="ID_80049">
			<name>Dimos Notias Lefkosias-Idaliou</name>
			<snippet />
			<description>&lt;html xmlns:fo="http://www.w3.org/1999/XSL/Format" xmlns:msxsl="urn:schemas-microsoft-com:xslt"&gt;

&lt;head&gt;

&lt;META http-equiv="Content-Type" content="text/html"&gt;

&lt;meta http-equiv="content-type" content="text/html; charset=UTF-8"&gt;

&lt;/head&gt;

&lt;body style="margin:0px 0px 0px 0px;overflow:auto;background:#FFFFFF;"&gt;

&lt;table style="font-family:Arial,Verdana,Times;font-size:12px;text-align:left;width:100%;border-collapse:collapse;padding:3px 3px 3px 3px"&gt;

&lt;tr style="text-align:center;font-weight:bold;background:#9CBCE2"&gt;

&lt;td&gt;Δήμος Νότιας Λευκωσίας-Ιδαλίου&lt;/td&gt;

&lt;/tr&gt;

&lt;tr&gt;

&lt;td&gt;

&lt;table style="font-family:Arial,Verdana,Times;font-size:12px;text-align:left;width:100%;border-spacing:0px; padding:3px 3px 3px 3px"&gt;

&lt;tr&gt;

&lt;td&gt;NAME_GR&lt;/td&gt;

&lt;td&gt;Δήμος Νότιας Λευκωσίας-Ιδαλίου&lt;/td&gt;

&lt;/tr&gt;

&lt;tr bgcolor="#D4E4F3"&gt;

&lt;td&gt;NAME_ENG&lt;/td&gt;

&lt;td&gt;Dimos Notias Lefkosias-Idaliou&lt;/td&gt;

&lt;/tr&gt;

&lt;tr&gt;

&lt;td&gt;DISTRICT_N&lt;/td&gt;

&lt;td&gt;ΛΕΥΚΩΣΙΑ&lt;/td&gt;

&lt;/tr&gt;

&lt;tr bgcolor="#D4E4F3"&gt;

&lt;td&gt;SHAPE.AREA&lt;/td&gt;

&lt;td&gt;111278861,27182&lt;/td&gt;

&lt;/tr&gt;

&lt;tr&gt;

&lt;td&gt;SHAPE.LEN&lt;/td&gt;

&lt;td&gt;102180,36955&lt;/td&gt;

&lt;/tr&gt;

&lt;/table&gt;

&lt;/td&gt;

&lt;/tr&gt;

&lt;/table&gt;

&lt;/body&gt;&lt;script type="text/javascript"&gt;

				function changeImage(attElement, nameElement) {

				document.getElementById('imageAttachment').src = attElement;

				document.getElementById('imageName').innerHTML = nameElement;}

			&lt;/script&gt;&lt;/html&gt;

</description>
			<styleUrl>#PolyStyle80</styleUrl>
			<MultiGeometry>
				<Polygon>
					<extrude>0</extrude>
					<altitudeMode>clampToGround</altitudeMode>
					<outerBoundaryIs>
						<LinearRing>
							<coordinates> 33.45421879283673,35.0931895125942,0 33.45376917113954,35.09339487741486,0 33.45304252610645,35.09284270436192,0 33.45264986740737,35.09309262677029,0 33.45246785538639,35.09295471874938,0 33.45230616819362,35.09281659401594,0 33.45211126891014,35.09274209145075,0 33.45202132271159,35.09267286990264,0 33.45227556212615,35.09249103248161,0 33.45269987592729,35.0921568388471,0 33.45199573519585,35.09168246029939,0 33.45181254406021,35.09151014721622,0 33.45155232674634,35.09165346368184,0 33.45110969347853,35.0911464232063,0 33.45136213143248,35.09097947295736,0 33.45132012934052,35.09089906082156,0 33.45194432915564,35.0906618361164,0 33.45187630853113,35.09053224764229,0 33.45223000956875,35.0903768266375,0 33.45267006310569,35.09024068963056,0 33.4527745394383,35.0902900985831,0 33.45401645545113,35.09013708908923,0 33.45382472266723,35.08991706807173,0 33.45355041125467,35.08995867836312,0 33.45324864376939,35.08974073644118,0 33.45308568009109,35.0897837259274,0 33.45306597800057,35.08973408975893,0 33.45110646490689,35.08992204326288,0 33.45111831023596,35.09003000735692,0 33.45044244388165,35.09004964930591,0 33.4504064126319,35.08961283421193,0 33.45011739436988,35.08960659430166,0 33.45011738923537,35.08960366385244,0 33.44986838505197,35.089542063739,0 33.44980950692815,35.08952667342844,0 33.44928180325053,35.08907014171668,0 33.44895393550308,35.08879255499463,0 33.44894340917786,35.08878364481436,0 33.44841014654788,35.08860184932926,0 33.44791022943905,35.08857117423767,0 33.44633654704019,35.08866595911136,0 33.44308077985679,35.08881268193493,0 33.44299737302933,35.08881446227289,0 33.44151562144287,35.08884607483871,0 33.44129916693249,35.08901611520363,0 33.44093996974013,35.08935960989508,0 33.44087655816072,35.08945090496614,0 33.44012863004453,35.08902934205897,0 33.43977885943797,35.0894161864717,0 33.44017304652071,35.08963664711818,0 33.44031390425759,35.08970581887926,0 33.44021726805908,35.08979897035149,0 33.44003368600714,35.08984637637009,0 33.43995018834252,35.0898318611381,0 33.43986929794166,35.0897982283948,0 33.43974225073556,35.08969287679633,0 33.43911083863021,35.08915105664979,0 33.43909755367208,35.08912078507412,0 33.43904983052356,35.08893731628719,0 33.43894417117176,35.08882920200089,0 33.43864682062555,35.08852494030327,0 33.43862476554489,35.08850237226134,0 33.43856931198055,35.08844563012675,0 33.43819508642895,35.08804208411847,0 33.43808306966636,35.08790562478534,0 33.43803468863845,35.08780673504737,0 33.43803197230534,35.08768593572661,0 33.43818181260054,35.0876012508251,0 33.43820674985609,35.08758496695295,0 33.43829092297851,35.08747716286995,0 33.43840926880862,35.08738583908393,0 33.43855447330768,35.08738240338839,0 33.43861851024435,35.08733398531633,0 33.43864035575208,35.0873174691584,0 33.43872509997791,35.08725339712399,0 33.43892886470334,35.08720428848799,0 33.43921020046007,35.08707549011311,0 33.43929860689487,35.08701001174118,0 33.43920205629716,35.08689618848483,0 33.43906909492241,35.08697829320283,0 33.43892764103589,35.08705325602716,0 33.43865429673789,35.08714489141873,0 33.43863948523235,35.08715487308285,0 33.43861763019332,35.08716960088579,0 33.43847644045115,35.08726475642803,0 33.438345716524,35.08728546921621,0 33.43822618770339,35.0873737576755,0 33.43813130853444,35.08745929690873,0 33.43790531372361,35.08706215328162,0 33.43742621255231,35.08664812871974,0 33.43733708215965,35.08653237522665,0 33.4373048330375,35.08639811800582,0 33.4374117809721,35.08625129613752,0 33.43751197476411,35.08606613739594,0 33.43760459691894,35.08574195495882,0 33.43764577486348,35.08563065033849,0 33.4375883626229,35.08530481705309,0 33.43757770555127,35.08527952869439,0 33.4374567757966,35.08522786190874,0 33.43742327083054,35.08494457519205,0 33.43753885830328,35.08487133717892,0 33.43740381945711,35.08455371078767,0 33.43720166942759,35.08473071340578,0 33.43711767022722,35.08467743751988,0 33.43687529701091,35.08492564875584,0 33.43682544967263,35.08496373066419,0 33.43671731297955,35.08499994924949,0 33.43642761444428,35.08501759790825,0 33.43638298236768,35.08478204344144,0 33.43613117483313,35.08443776741365,0 33.43577333398895,35.08397660972746,0 33.4354224598386,35.08385808755899,0 33.43539808470567,35.08343852609455,0 33.43537658629371,35.08333434477466,0 33.43527035714323,35.0830592886544,0 33.43509964966996,35.08284142458197,0 33.43537479016012,35.08269455341983,0 33.43521987537608,35.08236010973853,0 33.43519676235494,35.08218636808275,0 33.43523808181032,35.08208035766458,0 33.43529733955459,35.08199181881392,0 33.4354638372678,35.08173303918082,0 33.43531506648385,35.081728172971,0 33.43532387410109,35.08155704889973,0 33.43541355972204,35.08110937213617,0 33.4350822533904,35.08087024606993,0 33.43510469906166,35.08081928561603,0 33.4351219529951,35.08077729475835,0 33.4350976268047,35.08072644442193,0 33.43499995223301,35.08061775429774,0 33.4349484084691,35.08061273354559,0 33.43483752178151,35.08061665028684,0 33.43475558891821,35.08059895285326,0 33.43470962693412,35.08057187078089,0 33.43447736570663,35.08035251096752,0 33.43424508219974,35.0801554065217,0 33.43422164142936,35.08015914926606,0 33.43414773777182,35.08035417911692,0 33.43398389643377,35.08088643984645,0 33.43393618999972,35.0809177704013,0 33.43383912336223,35.08099450653362,0 33.43379732386877,35.08107532749206,0 33.43364964669539,35.08103319115035,0 33.4332768670964,35.0805322450624,0 33.43310599725541,35.08035385306123,0 33.43304272841343,35.08029633845374,0 33.4328456362521,35.08035410475721,0 33.43286690775233,35.08041048667553,0 33.43301407770024,35.08059370504012,0 33.43316652932864,35.08072361045447,0 33.43290302149645,35.08080924489417,0 33.43288726269837,35.08092483090256,0 33.43279811592074,35.08094226500327,0 33.43279337269386,35.08097744492409,0 33.43230154236331,35.08100024250973,0 33.43220429565488,35.08075248219632,0 33.43173864103053,35.08080500185556,0 33.4317665442658,35.08119050559839,0 33.43192920839083,35.08159772746189,0 33.43273466300889,35.08245054639667,0 33.43308442804934,35.08232021182067,0 33.43335099339177,35.08270921451287,0 33.43357317303653,35.0831003719013,0 33.43363617850913,35.0830925090013,0 33.43371561644251,35.08323508438108,0 33.43389130866635,35.08324549722599,0 33.43403851345921,35.08342664267719,0 33.43415646407141,35.08363946354906,0 33.43400542742918,35.08379273674103,0 33.43363907330949,35.08394391070646,0 33.43322674766853,35.08402670664371,0 33.43291447842471,35.08405600159593,0 33.43256815338974,35.08390631581911,0 33.43230082127975,35.08374906951514,0 33.43187070165292,35.08364311109721,0 33.43191703137161,35.08349286365843,0 33.431548561641,35.08313516943389,0 33.4319580249113,35.08298481813119,0 33.43238773430463,35.0828983309564,0 33.43182474703848,35.08225273555692,0 33.43163375560785,35.08209389078532,0 33.43146673655765,35.08203929558472,0 33.43117206032947,35.08197217113202,0 33.43105866001976,35.08197704705013,0 33.43112098578013,35.08190972024355,0 33.43066410167924,35.08170847292314,0 33.4306479245359,35.08163157363489,0 33.43064540064731,35.08146826744492,0 33.43071099945954,35.08137379055368,0 33.43087706771873,35.08113007847927,0 33.43094116612344,35.08100332198869,0 33.4306579644276,35.08092229184067,0 33.43057663702916,35.08092475932169,0 33.43043129806654,35.0809270041587,0 33.43035999228153,35.08084097541721,0 33.43029180821217,35.08085679818839,0 33.43025492456469,35.0807724383404,0 33.42994281585911,35.08095893048123,0 33.42988096384032,35.0809688263549,0 33.42967184805896,35.08108675219258,0 33.42960770935056,35.08100791518355,0 33.42979650773127,35.0808694417705,0 33.42992570600349,35.08087192691055,0 33.43000040072061,35.08076149568755,0 33.42994445677602,35.08069692431371,0 33.42961727965369,35.08089320604337,0 33.42957636466811,35.08069588868723,0 33.42986971979134,35.08047779030576,0 33.42986206919517,35.08035696663636,0 33.42984905805157,35.08024877175276,0 33.42961410632303,35.08023894335717,0 33.42969140769866,35.08003613495666,0 33.42939133134484,35.0800109569291,0 33.42933263384542,35.07993905304686,0 33.42919008922134,35.0799062812392,0 33.42918020440128,35.07991433604378,0 33.42924192198227,35.08011757159129,0 33.42913074198504,35.08020612631168,0 33.42870674844631,35.07987043548419,0 33.42910815866847,35.07883735935446,0 33.42870480455911,35.07856644175852,0 33.42857984196417,35.0787064321612,0 33.42839561588425,35.07888563750441,0 33.42823742906275,35.07902552947169,0 33.42816702696012,35.07908085946616,0 33.42796278341276,35.07932061836918,0 33.42788111309977,35.07941127626581,0 33.42784686466202,35.0793727780893,0 33.42745269860995,35.07946447916243,0 33.42742826695891,35.0794300548821,0 33.42750363875253,35.07936767141025,0 33.42746613446676,35.07924836349039,0 33.42719329177675,35.07919497721916,0 33.42714450175745,35.07911402418375,0 33.42713688079255,35.0789261327573,0 33.42680764143579,35.07860594184054,0 33.42647941208421,35.07833121256206,0 33.4264181960319,35.07827547472932,0 33.42637295791775,35.07822382897112,0 33.4257939600815,35.07791802336371,0 33.42576561695609,35.07792702878122,0 33.42565990471903,35.07813977426688,0 33.42541079640333,35.07802486789923,0 33.42497505395558,35.07784777800696,0 33.42481027158185,35.07783716073406,0 33.42463488045832,35.07774167586236,0 33.42452227612313,35.07786149311617,0 33.42425037253787,35.07764552976737,0 33.42381320198784,35.0775088309614,0 33.42385382915874,35.07772304471558,0 33.42363168562829,35.07804046659217,0 33.42350432344367,35.07820928180612,0 33.42362029205466,35.07833668381122,0 33.4235204787822,35.07853420458967,0 33.42315366464767,35.07879303709795,0 33.42293960728728,35.07884005666891,0 33.42297658613882,35.07854910105523,0 33.42279652407962,35.07821867873467,0 33.42269263173198,35.07798793969539,0 33.42188880617263,35.07819087827661,0 33.42189351499638,35.07825527831694,0 33.42201857870204,35.07824611845586,0 33.42191591553789,35.07840538578156,0 33.4219312246796,35.07843276146485,0 33.42235117636952,35.07915485082223,0 33.42236167824474,35.07940130963649,0 33.42159856784215,35.07953049012104,0 33.42169157118948,35.07981038471699,0 33.42141793180557,35.0798384123885,0 33.42140933796912,35.07978398910603,0 33.42112709251631,35.07975859254118,0 33.42095672688585,35.07965647490418,0 33.42075839572249,35.07965647900256,0 33.42054300865127,35.079653214826,0 33.42038139798552,35.07965377513522,0 33.42049677465712,35.07980633143841,0 33.41999494587994,35.07991231822261,0 33.41999054640753,35.0803658966387,0 33.4199938577539,35.0804032944957,0 33.41990746614307,35.08040395241677,0 33.41991002495084,35.08043145362124,0 33.41992117764502,35.08076843784592,0 33.41989070515818,35.08089678212737,0 33.41955826036646,35.08091593653592,0 33.41942965394427,35.08036638203537,0 33.41939815675281,35.08021491473223,0 33.41909397898807,35.08024045663286,0 33.41908579725536,35.08036667749737,0 33.41910987663127,35.08097694110009,0 33.41866615763207,35.08098269684847,0 33.41818844367067,35.08097094928798,0 33.41816841784664,35.08113159331863,0 33.41817745229896,35.08124331419104,0 33.41828415084521,35.08123855636419,0 33.41839255384982,35.08189345261924,0 33.4184290118558,35.08225387545033,0 33.41841024436059,35.08234415036931,0 33.41802107320392,35.08231434884144,0 33.41775972590314,35.08233233470759,0 33.41764797956058,35.08234507339785,0 33.41748940879664,35.08237233441941,0 33.41706785585874,35.08250906278369,0 33.41702380910669,35.08271065000859,0 33.41717867648657,35.08282211273148,0 33.41746528512642,35.08283057678958,0 33.4178496237871,35.08278792267602,0 33.41785975223112,35.08283832333019,0 33.41710578011091,35.08292380427831,0 33.41698536857738,35.08294146590502,0 33.41687652476666,35.08299747679148,0 33.41674909045387,35.08313370823121,0 33.41671433959343,35.08336356487138,0 33.4167311007304,35.0835226462555,0 33.41677200742644,35.08370212823491,0 33.41688150806498,35.08388344043533,0 33.41675458959347,35.08392213961595,0 33.41670667801449,35.08386022433362,0 33.41650749809929,35.08341739360149,0 33.41624208074967,35.08352582569441,0 33.415988681553,35.08364747207975,0 33.41579445102659,35.0836129598675,0 33.4155634302714,35.08358001927943,0 33.41536925708169,35.08347411471323,0 33.41527207148118,35.08335831381382,0 33.41532147763807,35.08313165425208,0 33.41540938396685,35.08294467435419,0 33.41558398672954,35.08270644705323,0 33.415605752902,35.08258604535838,0 33.4156147261256,35.0824956547993,0 33.41550049764301,35.08244199692235,0 33.41531915830014,35.08230407444172,0 33.41500221245131,35.08193828473363,0 33.41484042948898,35.08173524179594,0 33.4148164730628,35.08136291972055,0 33.41486645415592,35.08117247687161,0 33.41485707280751,35.08094411834493,0 33.41484084127588,35.08082427219382,0 33.41479293695591,35.08083073599197,0 33.41446920762908,35.08091231962077,0 33.41444989951224,35.08075925532804,0 33.41445475084632,35.08055721339169,0 33.41448581061545,35.08037052930584,0 33.41448151087609,35.08035054987021,0 33.41443669674383,35.0802754579906,0 33.41443671042914,35.08011358849679,0 33.41430491271711,35.07998790118977,0 33.41371589429632,35.08005228493915,0 33.41370848957881,35.08026933230541,0 33.41312185084278,35.08017589103752,0 33.41305009061448,35.0803716986565,0 33.41297231689617,35.08054646710973,0 33.41277934296763,35.0805119772902,0 33.41251020826979,35.08110095902314,0 33.41227372981916,35.08103276219955,0 33.41219961929642,35.08120179555512,0 33.41213946520174,35.08120810974497,0 33.41162660123309,35.08097471482406,0 33.41172858474783,35.08095884728107,0 33.41216189533968,35.08037241293935,0 33.41229394180323,35.0801431037838,0 33.41197186418843,35.08004366427104,0 33.41217524101345,35.07955517528169,0 33.41202985232093,35.07954389783585,0 33.41202287903548,35.07968755101133,0 33.41159620137989,35.07966693520228,0 33.4118568312862,35.07940352783571,0 33.41154721399382,35.07897659476584,0 33.41153140920551,35.07886578508789,0 33.41143680114504,35.07872260728676,0 33.41158157730486,35.07833382986388,0 33.41148970226624,35.07823192011005,0 33.41094230340668,35.07851401686327,0 33.41086204036943,35.07838614278045,0 33.41127918077451,35.07812718385588,0 33.41141603409199,35.07808305004143,0 33.41200845800684,35.07791722321078,0 33.41205685085672,35.07767475028211,0 33.41202417473917,35.07749938410301,0 33.41199564125936,35.07740950243775,0 33.41202731029283,35.07736275056342,0 33.41193701846136,35.07719154357299,0 33.41192485924552,35.07702856062166,0 33.4116672782058,35.07657646205752,0 33.41139753270372,35.07628196140178,0 33.41135400931223,35.07625919882692,0 33.41118662340824,35.07603660377848,0 33.41114596101085,35.07604904586294,0 33.41109987880817,35.07597801061223,0 33.41108243377663,35.07599181262236,0 33.41105735017726,35.07596530518055,0 33.41052170967447,35.07627262582531,0 33.4103964187456,35.07631797517188,0 33.41020609340234,35.07638304725386,0 33.4102032651119,35.07607163270274,0 33.41012769016004,35.07570868633425,0 33.41013011312486,35.07565560138332,0 33.41006750390476,35.07548249559696,0 33.40991039133839,35.07529382368536,0 33.40940782921507,35.07545616942256,0 33.40921526196222,35.07520240475205,0 33.40859279468258,35.07549264601391,0 33.40812966918794,35.07570803041279,0 33.40731044753309,35.076036907014,0 33.40744789323563,35.07638130454822,0 33.40758557521388,35.07676945188723,0 33.40774535988458,35.07673158384483,0 33.40791212898256,35.07698032387004,0 33.40797527538765,35.07707412299004,0 33.40804605765814,35.07715727869079,0 33.40813313518648,35.07733620106081,0 33.40838690725163,35.0773912737855,0 33.4080102988499,35.07796727953853,0 33.40767012567459,35.07791892174287,0 33.40749815939064,35.07811133656408,0 33.40698321429209,35.07805621387615,0 33.40659021923521,35.07805613848026,0 33.40626106574137,35.07806580132181,0 33.40627846101467,35.07768602012838,0 33.40537721625989,35.07772040225923,0 33.40537149459112,35.07764834023266,0 33.40498168116818,35.07772633892603,0 33.40487384994048,35.07764932563469,0 33.40451214557097,35.07773784306614,0 33.40460539212673,35.07796462392326,0 33.40429209601619,35.07803641129716,0 33.40393211292124,35.07826150992632,0 33.4039917112639,35.07834652067454,0 33.40352932629232,35.07852562316589,0 33.40347298910064,35.07845949216482,0 33.40306662204412,35.07829842308652,0 33.40302544145752,35.07826885131448,0 33.40296089252546,35.07829071584123,0 33.40322394860251,35.07880472256223,0 33.40225852280465,35.07916537321256,0 33.40203884023168,35.07979645943093,0 33.40153848791948,35.08005989969513,0 33.4014815187321,35.08002133585145,0 33.40098282923654,35.08031711446323,0 33.40094589243588,35.08038086431059,0 33.40038926170433,35.08077234346762,0 33.40030755705366,35.08070471820285,0 33.40020858968862,35.08066115976823,0 33.39926875603415,35.08127921023205,0 33.39935360775303,35.0814503850376,0 33.39939304010836,35.08164452852283,0 33.39948720693077,35.0819122413232,0 33.39968126582701,35.08179528867917,0 33.39978733268411,35.08188813206636,0 33.39990179591387,35.0820161882296,0 33.39995518066808,35.08211488404955,0 33.39998019500167,35.08225470101802,0 33.39999028953702,35.08243970340504,0 33.39998187276756,35.08265279252541,0 33.40005614497997,35.08322705913604,0 33.40101866442705,35.08323035396646,0 33.40090126019275,35.08417997709144,0 33.40084318675152,35.08452862723324,0 33.40117933847789,35.08465545425939,0 33.4010388411511,35.08483291582051,0 33.40044865602569,35.08554768686726,0 33.40025697325356,35.08567470067442,0 33.40015632745098,35.08571959302236,0 33.40004042597954,35.08587602352843,0 33.39988848618559,35.08589258504735,0 33.39946368101695,35.08586396106554,0 33.39924200274205,35.08586821470301,0 33.39882214581598,35.08558927917408,0 33.39847534190311,35.08539605589053,0 33.39830249933461,35.08518936751003,0 33.39835017460547,35.08496334061812,0 33.39843353107677,35.08470325936245,0 33.39876554453973,35.08467123623419,0 33.39872965634116,35.08450322722871,0 33.39861493026816,35.08442743361655,0 33.39836779393023,35.08438435616274,0 33.39814137422986,35.08436145491302,0 33.39798476243679,35.08433678545595,0 33.39777358473826,35.08420637483622,0 33.3971709160405,35.08391376999219,0 33.39668181234509,35.08365438167201,0 33.39663577322719,35.08324711647229,0 33.3965044478794,35.0830637740179,0 33.39620823088899,35.08241709919705,0 33.39582759916789,35.08239720415047,0 33.39569496465231,35.08240012758892,0 33.39565413386877,35.082412906668,0 33.39520693020327,35.08215837479109,0 33.39503281837494,35.0820512562106,0 33.39494794927475,35.08197712226539,0 33.39489884479843,35.08192524656591,0 33.39468295148104,35.08163557775358,0 33.39462151444579,35.08161151537355,0 33.3943139073338,35.08150025722186,0 33.39364824147815,35.08062368423102,0 33.39341733636968,35.08044634939731,0 33.39343313026838,35.08041671121906,0 33.39345856432443,35.08037093809426,0 33.39332089754352,35.08031695399018,0 33.39289533049162,35.08016363908475,0 33.39260692701791,35.08020499136409,0 33.39252852843666,35.0803511057156,0 33.39249002948149,35.08042365130881,0 33.39234537863265,35.08049755895136,0 33.39212061180201,35.08043502143288,0 33.39208821683373,35.08036658935352,0 33.39203630583173,35.08024022821467,0 33.39182915287498,35.08028483055735,0 33.39171633972309,35.08038712270833,0 33.39165245867945,35.08044004882762,0 33.39172811235193,35.08061378269867,0 33.39171372640443,35.08073508668175,0 33.39110025892774,35.08072488319534,0 33.39075780800638,35.08066787597482,0 33.39053098629272,35.08062291599784,0 33.38980797765308,35.08053210133405,0 33.38948615208037,35.08073874581947,0 33.38946388868176,35.08055253846303,0 33.38924163769774,35.0805690681289,0 33.38922839308625,35.08048124399895,0 33.38879864401144,35.08047032009063,0 33.38857834584096,35.08044818084925,0 33.38819759806344,35.08040195095473,0 33.3881973816277,35.08035626012669,0 33.38800052420974,35.08031822957636,0 33.38790012587333,35.08033436596799,0 33.38786831667343,35.08038894616374,0 33.38779628150379,35.08052625019311,0 33.3877263344555,35.08065300281921,0 33.38752737152528,35.08062200742316,0 33.38750344909986,35.08053597316454,0 33.38748173865461,35.08046574795494,0 33.38744478135627,35.08033582155449,0 33.38728371971538,35.08018168936788,0 33.38718517406308,35.08013807025267,0 33.38712520978579,35.08011541637082,0 33.3870033743549,35.08011931891912,0 33.38673186322148,35.08011667135384,0 33.38655208365781,35.08007331074245,0 33.38644236145367,35.0803794391185,0 33.3863811537888,35.0805465832126,0 33.38619123984728,35.08107439432163,0 33.38609499863539,35.08106591382754,0 33.38608027310293,35.08111692456866,0 33.38502189892657,35.08108338387343,0 33.38505631557869,35.08067381224852,0 33.38508281199709,35.08039782301929,0 33.38510511216586,35.08013942187173,0 33.38462803813771,35.08006536984603,0 33.38464013110953,35.07945377220824,0 33.38474315656541,35.07908615807762,0 33.38434700082162,35.07894331041659,0 33.38424522613661,35.0795780375786,0 33.38420197770637,35.08038480062508,0 33.38415667370953,35.0812091430323,0 33.38390656799188,35.08121344963152,0 33.38330594074175,35.08123468023774,0 33.38329183220432,35.08096057748592,0 33.38317849684447,35.08095390644938,0 33.38314575690745,35.08080990612407,0 33.38303028351197,35.08080324170295,0 33.38305066776729,35.08059053850889,0 33.38306466292365,35.08038312602509,0 33.38311256079881,35.07988619728305,0 33.38327332608561,35.0787381871115,0 33.38329793313184,35.07840381353669,0 33.38218810352741,35.07823369831482,0 33.38126173962505,35.07820526937098,0 33.38134749442128,35.07733571274991,0 33.38140226133903,35.07676678794062,0 33.38141909490587,35.0761732584901,0 33.38140889624173,35.07598424508024,0 33.38138048365668,35.07578482537406,0 33.38126513605059,35.07521032825314,0 33.38103445436138,35.07455238205411,0 33.38077588006283,35.07381486798806,0 33.38070130998621,35.07354109769876,0 33.38067519595792,35.07334993104798,0 33.38066057334401,35.07314115081741,0 33.38068333068263,35.07278472843321,0 33.3807477938533,35.07252662354905,0 33.38081471876438,35.07225944811074,0 33.3810077545215,35.07167283849709,0 33.38120198013409,35.07110643531668,0 33.38074040839266,35.07104082288815,0 33.38054225573794,35.0710181757411,0 33.38024203082209,35.07095899684118,0 33.37947677390355,35.07084834490881,0 33.37945322228405,35.07094608283895,0 33.37890467292443,35.07085307390366,0 33.37858132706643,35.07076060370316,0 33.37834777086603,35.07069253230616,0 33.37751818264948,35.07045986167955,0 33.37714832375922,35.07037035652802,0 33.37668371001426,35.07035218925924,0 33.37596598555039,35.07035058515373,0 33.37550636206671,35.07038582272847,0 33.37512673661019,35.07039000815324,0 33.37489702634031,35.07039150892863,0 33.37476436889251,35.07038919212403,0 33.37458875758161,35.07037570685113,0 33.37443035035058,35.07036729183442,0 33.37425356382506,35.07034372922472,0 33.37413934923879,35.07034548148638,0 33.37393542897396,35.07037221610967,0 33.37375122345563,35.07038287787762,0 33.37342217773706,35.07038414828499,0 33.37331164509891,35.0703979952828,0 33.37324900149276,35.07040792421571,0 33.37312256209443,35.07040662580686,0 33.37294219655845,35.07038004265249,0 33.37280593908349,35.07038073917787,0 33.37257761343334,35.07039331144893,0 33.37232729556085,35.07037663060582,0 33.37214953613402,35.07031179861118,0 33.37206621703359,35.07026730998628,0 33.37192411809122,35.07018343322025,0 33.37183103069344,35.07012987013317,0 33.37177713635818,35.07009552301519,0 33.37165705852914,35.07004191271809,0 33.37153452830235,35.06998929685854,0 33.37140464049199,35.06993867929754,0 33.37124902942051,35.06987995912636,0 33.3711461100699,35.06983847746946,0 33.37098073156381,35.06976766646491,0 33.37069260224442,35.06965432417972,0 33.37060858904245,35.0696325378056,0 33.36980072673737,35.0696135202457,0 33.36897061024898,35.0694125980065,0 33.36894723662287,35.06947584091351,0 33.36865219143368,35.06946679547042,0 33.368602085702,35.06944997417709,0 33.36810333624268,35.06922630638044,0 33.36771308935682,35.0691796513016,0 33.36757403695948,35.06918281036801,0 33.36650199767606,35.06934783617667,0 33.3663826876202,35.06934823449432,0 33.36600552030205,35.0693905271549,0 33.3654296075953,35.06934437166631,0 33.36475732253063,35.069229173038,0 33.36478440775252,35.06919337134885,0 33.36485861555659,35.06904407181037,0 33.36495006795496,35.06870231945319,0 33.36497816452177,35.06858466650532,0 33.36497636268119,35.06848678493958,0 33.36497301755455,35.06834146492051,0 33.36493058133704,35.06818249705979,0 33.364905396663,35.06802174386542,0 33.36478523613921,35.06742888896564,0 33.36481846050921,35.06723662698212,0 33.36483926275123,35.06717838819805,0 33.36484671375403,35.06711088609943,0 33.3647993881155,35.06682268122543,0 33.36478004535383,35.06648641271592,0 33.36481061806506,35.06630418598652,0 33.36481830347548,35.06622457270586,0 33.36491898130082,35.06597870451167,0 33.36494302658985,35.06594371056813,0 33.36498919523088,35.06589614476254,0 33.36502610907355,35.06582460309119,0 33.36523956404938,35.06531971246075,0 33.36571134530582,35.06481078874659,0 33.3659468269358,35.06455090723502,0 33.36607748456685,35.06439868903466,0 33.36615192471885,35.06429995983381,0 33.36618365255471,35.06424665008984,0 33.36620820057506,35.06419803313169,0 33.36627994048238,35.06405496071943,0 33.3663570995926,35.06391146085083,0 33.36637120104883,35.06380089159967,0 33.36637961319621,35.06376016021763,0 33.36638793763088,35.06353024790613,0 33.36650199318605,35.06308559181319,0 33.36675576375232,35.06267640657347,0 33.36677832667063,35.06263956162785,0 33.36679244230276,35.06261101358141,0 33.36686009965824,35.06236581860666,0 33.36688304247588,35.06229923579626,0 33.36683758194293,35.06212060967513,0 33.36684515585596,35.06208790786381,0 33.36686812962227,35.06206648662632,0 33.3669081999367,35.06203004121154,0 33.36694110217103,35.0620037980198,0 33.36695159677575,35.06198167265299,0 33.36696497263492,35.06195664503474,0 33.36697315806275,35.06188838424759,0 33.36688346356389,35.06184738800006,0 33.36685082304913,35.06183262783455,0 33.36683519811277,35.06181832099483,0 33.36678426959966,35.06169484446908,0 33.36672310401335,35.06164443131274,0 33.36668967924269,35.06161337503377,0 33.36647378458967,35.06146051872054,0 33.36642006553581,35.06142018954888,0 33.36621108755351,35.0612587899118,0 33.36615247555382,35.06121983562272,0 33.36611067695159,35.06119205675363,0 33.36600492303006,35.0611230806934,0 33.36580389350307,35.06101621165666,0 33.36556842915596,35.06081570184701,0 33.36544303408578,35.06069312157764,0 33.36539576440619,35.06063753593493,0 33.36506678071253,35.0602489764262,0 33.36502379599044,35.06019466134904,0 33.3649564087465,35.06010698717536,0 33.36489702800929,35.06001566880441,0 33.3647445906018,35.05979413270295,0 33.36464492134789,35.05968141770909,0 33.36461324015964,35.05965430919871,0 33.36456084128015,35.05956522680628,0 33.3645121950814,35.05950180264938,0 33.36440824485388,35.05939188838761,0 33.36437147600994,35.0593504563197,0 33.36433337660573,35.05930711183248,0 33.36418830006312,35.05918726021945,0 33.36406175337999,35.05899487380396,0 33.3640200832991,35.05893191076073,0 33.36399507376787,35.05888710445215,0 33.363909143798,35.05864365803163,0 33.36386267551815,35.05856163091562,0 33.36376168920616,35.05844968351357,0 33.36363706944243,35.05828814621882,0 33.36336169197166,35.05791846533336,0 33.36322863602813,35.05774877074105,0 33.36255232808344,35.05690014095953,0 33.36238615561756,35.05666262197049,0 33.36223923230352,35.05637707023626,0 33.36208484351053,35.05609745476456,0 33.36200592218176,35.0559857879233,0 33.36178043951701,35.05563684732441,0 33.36167932502366,35.05546353296172,0 33.36159059198848,35.05528333626883,0 33.36152763491566,35.055101462682,0 33.36145528303953,35.05489632812384,0 33.36133080767562,35.05472673016673,0 33.36123142586155,35.05459367008107,0 33.36114477883565,35.05436521053209,0 33.36060374249615,35.05328688373572,0 33.36038891299615,35.05295917845339,0 33.36034452442656,35.05272867540808,0 33.36043031215984,35.05271132073766,0 33.36047762978876,35.0526304540092,0 33.36057962592616,35.05260047183712,0 33.36072535855718,35.05260341078883,0 33.36086014568803,35.05257940370169,0 33.36108243058673,35.05265717524232,0 33.36152686116201,35.05256717412612,0 33.36177455207756,35.05247425173465,0 33.36185475666071,35.05256704837869,0 33.36194219668565,35.05257000919017,0 33.36212431173835,35.0524830994374,0 33.36221539654112,35.05248905358572,0 33.36227735215508,35.0525219676109,0 33.36224462493518,35.05262977980782,0 33.36222652621021,35.05283640368729,0 33.36227024976002,35.05284237480041,0 33.36283552599678,35.05285784118056,0 33.36301760510095,35.05287113137695,0 33.36334604470534,35.05297254514963,0 33.36360295597078,35.05307131675317,0 33.36407771017539,35.05317801479797,0 33.36458369605506,35.05343442849875,0 33.36464522777611,35.05350403462784,0 33.36464173891258,35.05353567211971,0 33.36514926286883,35.05383628594432,0 33.36543202367672,35.05399402564663,0 33.36572928427839,35.05416069454337,0 33.36615299448255,35.05399758472824,0 33.36612970933934,35.05390727476098,0 33.36654468796751,35.05380637485577,0 33.36660725571077,35.0537931567608,0 33.3666736549854,35.05400514616515,0 33.36668324768605,35.05420743135392,0 33.36731046936507,35.05430830766168,0 33.36749005601991,35.05387447317589,0 33.36757987017494,35.05369159539543,0 33.36771454091032,35.05316505371444,0 33.3678158273876,35.05295597382721,0 33.36781568310665,35.05273065146075,0 33.36781550507497,35.05245525925389,0 33.36779513075409,35.05234677907564,0 33.36778493298768,35.05228002153262,0 33.36777473180754,35.05220491870836,0 33.36775434417554,35.05207974888003,0 33.36776435279839,35.05185442184413,0 33.367774372621,35.05164578624808,0 33.36781252506435,35.05155710665818,0 33.36783030322508,35.05138999820533,0 33.36790579402183,35.05075278684934,0 33.36790551417152,35.05031883340646,0 33.36789816682675,35.05000670856876,0 33.36787620807757,35.04975914404297,0 33.36786629833384,35.04964997316106,0 33.36788592042742,35.04956100626929,0 33.36793015321792,35.04949628940369,0 33.36794976793998,35.04939519218961,0 33.36798395663917,35.04901103911207,0 33.36801541838443,35.04861258251665,0 33.36804742430353,35.0482548645661,0 33.36804878717884,35.04793704150875,0 33.3680617427142,35.04771088597328,0 33.36801571624366,35.0474470634627,0 33.36796959933283,35.04704324158556,0 33.36779241767051,35.04655871045742,0 33.36766768038369,35.04621843397188,0 33.36772852102781,35.04600728696941,0 33.36776051867174,35.04570732081363,0 33.36811856874324,35.04560486276353,0 33.36843170871548,35.04556530375862,0 33.36841131724385,35.04543178951605,0 33.36866505828942,35.04531484351018,0 33.36878807398978,35.04537144538272,0 33.36890839710989,35.0454205627562,0 33.36910163912639,35.0453396860058,0 33.36914218426395,35.04523952543178,0 33.3693856999352,35.04501409400012,0 33.36954802558909,35.04483877116347,0 33.36960882466604,35.04466349332083,0 33.36947672974006,35.04449664712267,0 33.36951725772191,35.04437144876133,0 33.36955690664838,35.04401627594432,0 33.36969917061118,35.04378468275702,0 33.37008804546664,35.04319397893147,0 33.37016928676144,35.04316155508389,0 33.37028433932895,35.0429450608802,0 33.37031311373688,35.0429078464739,0 33.37021432122722,35.04283010883795,0 33.37009499407083,35.04280648982628,0 33.36967956805928,35.04297238895877,0 33.36961374358825,35.04297580034083,0 33.36945737294592,35.04292852412593,0 33.36870437723638,35.04278343780535,0 33.36879069939008,35.04266503416761,0 33.36883162558681,35.04233697217149,0 33.3688541022152,35.04204898637202,0 33.36886835474618,35.04188040180296,0 33.36894230224217,35.04171803847864,0 33.36898209544611,35.04165770382217,0 33.36917055347752,35.04158908361161,0 33.36938444087671,35.04160388650949,0 33.36959467974815,35.04158293378322,0 33.36969977246988,35.04153222989918,0 33.36994255883261,35.04139504804567,0 33.37009468634934,35.04121022843332,0 33.37016344639579,35.04103736606911,0 33.37020323855175,35.04091219490062,0 33.37023578317887,35.04079298525884,0 33.37039154122551,35.04062008441803,0 33.37051475317061,35.04056341122657,0 33.370583618815,35.04054848079866,0 33.37067294814664,35.04060803758587,0 33.37072868185397,35.04064078970709,0 33.37080484459614,35.04069737138972,0 33.37094630179383,35.04081650005163,0 33.37104837229133,35.04087590943476,0 33.37111961946083,35.04097749829793,0 33.37116463959931,35.04107294217445,0 33.37121715788516,35.04117761972716,0 33.37129307951862,35.04115746433916,0 33.37181995296825,35.04075680691619,0 33.37173460831371,35.04067317007561,0 33.37152262807355,35.04047199060686,0 33.37189348188232,35.04012817958208,0 33.37137201812886,35.03986655438901,0 33.37141362689385,35.03979119398132,0 33.37125118036539,35.03961664522646,0 33.37115943688997,35.03956113998857,0 33.37066453825981,35.03927882949284,0 33.37061616780414,35.03934909026361,0 33.37030273852613,35.03915724700864,0 33.37018589527696,35.03905428236622,0 33.3704960836258,35.03866548344559,0 33.37067440290859,35.0384800521319,0 33.37082052835348,35.03830711611722,0 33.37115230416658,35.03845037332794,0 33.37125651101044,35.03832751966874,0 33.37161146404318,35.03803540198066,0 33.37191848510933,35.03772708660351,0 33.37203523673062,35.03749664227553,0 33.37219887711127,35.03758385360843,0 33.37230795727075,35.03762626590863,0 33.37225640468013,35.03777491612188,0 33.37222492414026,35.03789996516363,0 33.37224221768544,35.0380084768351,0 33.37229683765892,35.03814292129247,0 33.37240010331445,35.03807445826698,0 33.37276733590447,35.03792565888906,0 33.37293680929868,35.03814497812171,0 33.37310054000147,35.0383595814309,0 33.37356808634237,35.0381559129512,0 33.37367660957646,35.03811659796379,0 33.37377163193238,35.03806973094181,0 33.37380894820348,35.03798625305387,0 33.37418438600277,35.03778440103513,0 33.3742700655237,35.0377406560926,0 33.37445701056369,35.03797587977183,0 33.37455237141612,35.03789572631682,0 33.37462134341978,35.0378214260277,0 33.37467102246784,35.03773962509909,0 33.37483798432478,35.03758866674377,0 33.3747793338763,35.03723625459427,0 33.37458824307479,35.03703887029518,0 33.37446503818155,35.03701867756341,0 33.37441567711419,35.03690223894656,0 33.37413832510604,35.03666438868304,0 33.37427379990157,35.03661368719909,0 33.37468623749652,35.03626916594066,0 33.37492048366251,35.03652222704991,0 33.37510086618362,35.03636891831762,0 33.37530437188549,35.03636881727896,0 33.37543887515505,35.03634606680464,0 33.37563543113929,35.03627791538428,0 33.3756802318065,35.03622401894086,0 33.37549388271349,35.0361021852565,0 33.37535581413969,35.03596614886476,0 33.37525566372295,35.03579890341011,0 33.37523829638246,35.03563161643319,0 33.3752390349724,35.03551459952136,0 33.37524158649945,35.03550911823231,0 33.37538498963657,35.03538737472176,0 33.37542050735641,35.03512500682452,0 33.37542045094259,35.03512417409053,0 33.37545258666859,35.03491099520041,0 33.37542840040028,35.03478425429453,0 33.37543653231232,35.03458560477203,0 33.37542586013892,35.03450965831671,0 33.3754555919233,35.03445599786144,0 33.37554093922066,35.03424494837424,0 33.37554091346172,35.03423859887756,0 33.37558062918822,35.03397417438406,0 33.37547857364466,35.03368491922905,0 33.37454479811738,35.03349701843927,0 33.37441084662754,35.03363474007958,0 33.37425326853342,35.03370560517486,0 33.37409126396476,35.03372361654038,0 33.37376039649743,35.03365569758752,0 33.37350178656406,35.03370781781784,0 33.37326659211035,35.03371683725904,0 33.37322525314862,35.0337391338503,0 33.37315387173497,35.03374147711739,0 33.37310081522584,35.03369339825678,0 33.37296844356783,35.03369242962834,0 33.3730195138096,35.03354265193444,0 33.37302158308675,35.0333945987306,0 33.3732068030583,35.03340353555191,0 33.37346512209832,35.03338062904988,0 33.37368578015901,35.03333112360284,0 33.37368331630345,35.03323765880614,0 33.37377831370001,35.03319376651087,0 33.37418669252764,35.03323325733646,0 33.37430467577794,35.03316851519591,0 33.37432523239234,35.03312462491468,0 33.37448145674742,35.03314429045566,0 33.37471794702869,35.03315112688889,0 33.37514963666305,35.03306790297252,0 33.37503788593614,35.03272153026415,0 33.37497136727203,35.0325986969795,0 33.37490523401169,35.03252397827847,0 33.37492708353972,35.03248973446351,0 33.37508665342365,35.03245847868892,0 33.37526300332122,35.03248178854523,0 33.37543975267236,35.03242827007689,0 33.37552682340366,35.03245164481019,0 33.3756844406654,35.03243153580158,0 33.37579438913524,35.03242629435396,0 33.37596310198231,35.03248507144303,0 33.37602045445869,35.0325121390515,0 33.37609931997143,35.03249548165059,0 33.3761587763761,35.03244786391848,0 33.37623517904492,35.03235749982457,0 33.37625094857463,35.03225956340214,0 33.37624091378085,35.03216759323645,0 33.37617225896367,35.03207776898945,0 33.37618039395628,35.03203593156216,0 33.37615910227841,35.03199015422101,0 33.37596532429086,35.03197841165208,0 33.37588287425665,35.03191888963218,0 33.37581188967886,35.03185984585491,0 33.37572027488847,35.03180632038499,0 33.37561430034835,35.03172039911153,0 33.37538536762222,35.03147376058601,0 33.37515952346323,35.03134297025853,0 33.37512285195039,35.03127495454881,0 33.37511996654113,35.03122052600928,0 33.3750531101741,35.03113987377465,0 33.37504004805637,35.03108274088467,0 33.3747111141443,35.03074525158937,0 33.37478046895129,35.03072613650237,0 33.37460024069032,35.03037194398794,0 33.37442031366228,35.03045810323673,0 33.37445590090543,35.03057717155747,0 33.37402132929702,35.03078835350027,0 33.37382103522489,35.030801693277,0 33.37346348115726,35.03021108431146,0 33.37351296173114,35.02997871889443,0 33.37383779882608,35.02982664293506,0 33.37379821743526,35.02978464164759,0 33.37366399780097,35.02960739743272,0 33.37330737151735,35.02978610033153,0 33.37305293798592,35.02970970885125,0 33.37291638153791,35.02962560990501,0 33.37287601516982,35.0295720689815,0 33.37293480647784,35.02935780446327,0 33.37286019132186,35.02912575117162,0 33.37272049031184,35.02898044280926,0 33.37255297176336,35.02897797171642,0 33.37247542781056,35.02899331029374,0 33.37244440730936,35.02906412979374,0 33.37239388676822,35.02896892571661,0 33.37237922860835,35.02894744846055,0 33.37241952686148,35.02890662310468,0 33.3724438273196,35.02877440076404,0 33.37257137416346,35.02866149344285,0 33.37249074657547,35.02856663873293,0 33.37244767238018,35.02828075935543,0 33.37246334020286,35.02819749602912,0 33.37248405000366,35.02811833670103,0 33.37248023192804,35.02805936598111,0 33.37250471375884,35.02797710140572,0 33.37248008743335,35.02785140583997,0 33.37246117936106,35.0278064092323,0 33.37244411364912,35.02769622908268,0 33.37230889198504,35.02763784545805,0 33.3722116745619,35.02757271519771,0 33.37216303068166,35.02749284646431,0 33.3721272063597,35.02745922438202,0 33.37206068736087,35.02741300173805,0 33.37198391939366,35.02733735124988,0 33.37190979438196,35.02738574117412,0 33.37187398803682,35.02737734873374,0 33.37160276616084,35.02714620788026,0 33.37156180727673,35.02708525594939,0 33.37141347016851,35.02705378993895,0 33.37139046239364,35.0270643113879,0 33.37133417598991,35.02702439218669,0 33.37110391993634,35.02686471451872,0 33.37094288706849,35.02696570408887,0 33.37075372002658,35.02706250307666,0 33.37073254991689,35.0271854093258,0 33.37071876401354,35.02722516699417,0 33.3706640322979,35.02742765012285,0 33.3707120557062,35.02752236409812,0 33.37070519282256,35.02758483436254,0 33.37073980785249,35.02770218060609,0 33.37069380418773,35.02776845543242,0 33.37066426995361,35.02777646369633,0 33.37044984037359,35.02775766407148,0 33.37034278182929,35.02772616539141,0 33.37019733629164,35.02767143791365,0 33.37013469698031,35.02761999488861,0 33.37004986223042,35.02760010782922,0 33.36987216846482,35.02764169829666,0 33.3698034825719,35.02760852092281,0 33.36966012148654,35.0276500956933,0 33.36958152773468,35.02790583103714,0 33.36953885519721,35.02816245120418,0 33.36960530093505,35.02819403733346,0 33.36960187512488,35.02830038887853,0 33.3697172829865,35.02835782178833,0 33.36979770631109,35.02837790550623,0 33.37006346603305,35.028464014536,0 33.37031530675277,35.02865072847325,0 33.37016498780181,35.02866804269075,0 33.36999722442633,35.02873997630599,0 33.3698749292674,35.02884063088947,0 33.36987149671955,35.02893835859123,0 33.36949731502433,35.02878618994238,0 33.36934001850243,35.02882937523005,0 33.36901134645439,35.02876628614096,0 33.36856375568419,35.0286256433798,0 33.3684378135075,35.02849635602506,0 33.36832234164381,35.02834119492267,0 33.36826631646239,35.02820325337987,0 33.36819638291205,35.02818603848105,0 33.36816329844816,35.02816194932036,0 33.36794278163671,35.0278730738171,0 33.36770128959672,35.02759714721486,0 33.36760683347615,35.02754974568552,0 33.36737588545087,35.02735144630528,0 33.36734963253438,35.02731695370832,0 33.36730235234273,35.02720915025734,0 33.36693499174716,35.0269807182837,0 33.36686678542235,35.02696349468423,0 33.36670936392296,35.02689455320588,0 33.36658868664011,35.0268601014494,0 33.36644700675,35.0267954668241,0 33.36635253263286,35.02671787227591,0 33.36624758180371,35.02666616012952,0 33.36613064868949,35.02655852943678,0 33.36602750699333,35.0264140386229,0 33.36600012308411,35.02624459787777,0 33.36591823699553,35.02616239663051,0 33.36590607035016,35.02609262751812,0 33.36578475051118,35.02595811229686,0 33.36574230844519,35.02594317752276,0 33.36562708392427,35.0258659757494,0 33.36555126901236,35.02579623157917,0 33.36526019756825,35.02563188349956,0 33.36507893248595,35.02556830656963,0 33.36499711585761,35.02552232885974,0 33.36483349838068,35.02546222843487,0 33.36458371145267,35.02527474950723,0 33.3642909054949,35.02513329850284,0 33.3641488328409,35.02510504176958,0 33.36408855088388,35.02508029031581,0 33.36376121552838,35.02477958441305,0 33.36350744057933,35.02512299456448,0 33.36338695182789,35.02519736724011,0 33.36330945905797,35.02518324146833,0 33.3632792992826,35.02513724224817,0 33.36312429750845,35.02508421508934,0 33.36307692330291,35.02504530199177,0 33.36301657998924,35.02491437305041,0 33.36303374418543,35.02481880654086,0 33.36299497354352,35.0247692715017,0 33.36293899511317,35.02474097935213,0 33.36282704583015,35.02469501275655,0 33.36269787193039,35.02463843556235,0 33.36256011241809,35.02462079359501,0 33.36240664266987,35.02419275923823,0 33.36222927238104,35.02384109293848,0 33.36216004321516,35.02368479350014,0 33.36216432593606,35.02361728702222,0 33.36223346240225,35.02361370667611,0 33.36230685631947,35.02349643391094,0 33.36219876681302,35.02339344318982,0 33.36212529440323,35.023372153701,0 33.36207341054605,35.02331888143765,0 33.36198697146357,35.02329404470687,0 33.36192215201891,35.0232905160722,0 33.36180123460544,35.02342201946581,0 33.36168452923931,35.02336521830858,0 33.36161103363176,35.02330129509242,0 33.3614726685994,35.02314502093897,0 33.36137785005132,35.02310093099562,0 33.36108799604883,35.02298884060889,0 33.36112243052894,35.02274723101236,0 33.36089340640477,35.02274021236126,0 33.36031892471703,35.02316322071042,0 33.3602672251366,35.0234439163478,0 33.36021629953071,35.02391538493674,0 33.3600688051232,35.02395586904713,0 33.35987211255269,35.02394785653983,0 33.35975083584432,35.02397754915999,0 33.36007892334572,35.024473361311,0 33.35978725283908,35.02463518541354,0 33.35973504954257,35.02454184957094,0 33.35968857211349,35.02456538905155,0 33.35963842530643,35.02441839285079,0 33.3595989131821,35.02409791239455,0 33.3596059934322,35.02396559655204,0 33.35962743816938,35.02394206548051,0 33.35973105096245,35.02376560862697,0 33.35980238777172,35.02342156642022,0 33.35985597184386,35.02331275507268,0 33.35990243143736,35.02325981311091,0 33.35998470002031,35.02321507058837,0 33.35993282172099,35.02318097957255,0 33.35987059714614,35.02319592663288,0 33.35984208724519,35.02321725670172,0 33.35979281560907,35.02320661460861,0 33.35976686082518,35.02316185319464,0 33.3597978226359,35.0228782914279,0 33.35983659909868,35.0226629492642,0 33.35981005160019,35.0224658570846,0 33.35981000212964,35.02237552877835,0 33.35979078781418,35.02217720784386,0 33.35960689023374,35.02217138526527,0 33.3595375326581,35.02198879206897,0 33.35951541538584,35.02191289684072,0 33.35947065230334,35.02184986792913,0 33.35935560127377,35.02178511269824,0 33.35925971651335,35.02171509673225,0 33.35912763530591,35.02166961174438,0 33.3588634379029,35.02150859128562,0 33.35875264064659,35.02142982296336,0 33.35876323782625,35.02133174882361,0 33.35877387251836,35.02130372472681,0 33.35892933190582,35.0212581355289,0 33.35904221287683,35.02124758675733,0 33.35907629537355,35.02125282863231,0 33.35912529216979,35.02127207497783,0 33.35918708619742,35.02131933648342,0 33.35928295090817,35.02135257648948,0 33.35931704321477,35.02137883214179,0 33.35941715639469,35.02139105460291,0 33.3594640253817,35.0214103017037,0 33.35955774922527,35.02142252584586,0 33.35971327412667,35.02149602278259,0 33.35972290854107,35.02145784618556,0 33.35974082737265,35.02136673535674,0 33.35989659739565,35.02145039663152,0 33.36000444158313,35.02151191500404,0 33.36008530393367,35.02152173404405,0 33.36025304661771,35.02159307840529,0 33.36039082551212,35.02163488548818,0 33.36045370991832,35.02162501389299,0 33.36051347903351,35.02139845857565,0 33.36033376753613,35.02134435548741,0 33.36027385457112,35.02130990535569,0 33.36037559599117,35.02116951560428,0 33.3604653426743,35.02099712046121,0 33.36060164945883,35.02080915733068,0 33.36042587048254,35.02065386112632,0 33.36035952860004,35.02057756733125,0 33.36028653908689,35.02046584223193,0 33.36022015324509,35.02031050396725,0 33.36022338777073,35.02016331789991,0 33.36030625304316,35.02014693291621,0 33.36035927403024,35.02011420542946,0 33.36038574995847,35.02003515169967,0 33.36045533273755,35.01997788704397,0 33.36047514101354,35.01983069320358,0 33.36073702720955,35.01984422330332,0 33.36074137972609,35.01973100747007,0 33.36089472789156,35.01972431285011,0 33.36110994863604,35.01970874788517,0 33.36135476012453,35.0196865330107,0 33.36146773314901,35.0196466720769,0 33.36153498488012,35.01963337414386,0 33.36167488150024,35.01962668345313,0 33.3613787284033,35.01925294762546,0 33.36101823484655,35.01927741681592,0 33.36088101215417,35.01925313595554,0 33.36053381362905,35.01899665946147,0 33.36048803404238,35.01891703968802,0 33.36043154874125,35.01893918134176,0 33.36033699479714,35.01896540945543,0 33.35953734436674,35.01912520930372,0 33.35950442338749,35.0191628410136,0 33.35934882005237,35.01907411632609,0 33.35929218481306,35.01925470753923,0 33.35917687735147,35.01923067356471,0 33.35909634195046,35.01920512137505,0 33.35918402026189,35.01889962428529,0 33.35925167115644,35.01878674305691,0 33.35928721337047,35.0187015808357,0 33.35926819926075,35.01865474890268,0 33.35918802018235,35.01864089884013,0 33.35918160883378,35.01848824084118,0 33.35920055539241,35.01841190306997,0 33.35919207195563,35.01832863614036,0 33.35907387548483,35.01823846987546,0 33.35901269045763,35.01823849222872,0 33.35876165354348,35.01829409582238,0 33.35871337692026,35.0180491723672,0 33.35889549239131,35.01797174832066,0 33.35894548059338,35.01786803643,0 33.35915359605773,35.01775110070854,0 33.35912750339394,35.01761943638675,0 33.35922558342085,35.01760952528372,0 33.35927966379712,35.01767698878215,0 33.35958986727519,35.01755836728952,0 33.35963596185575,35.01765875248778,0 33.35975106397269,35.01774845774712,0 33.35984437685968,35.01779763027966,0 33.35987783138764,35.01782366773841,0 33.36017163876761,35.01758621059691,0 33.36023436159162,35.01756842693926,0 33.3602612753679,35.01749992121628,0 33.3603028177473,35.01730247180134,0 33.36006022376878,35.01723809573321,0 33.35980042233202,35.01706896306113,0 33.35968521155191,35.01696424411625,0 33.3594817602781,35.01679106222895,0 33.35942539453502,35.01676287861982,0 33.35931836981521,35.01675265611766,0 33.35918731233227,35.01667435282814,0 33.35891326688617,35.01648510824887,0 33.35869485910182,35.01639377938006,0 33.35889324777964,35.01616518965569,0 33.35911559369427,35.01619775379758,0 33.35931410710576,35.01620747490553,0 33.35941732568469,35.0161976448899,0 33.35946891813191,35.01616171565873,0 33.35911539445333,35.01582559430493,0 33.35901392252578,35.0156663738745,0 33.35883127076504,35.0153403945748,0 33.35922916168015,35.0148377659179,0 33.35916852992157,35.0147680294361,0 33.35951988381827,35.01457855641885,0 33.35966525531413,35.01446888356941,0 33.35951455692049,35.0142573909181,0 33.35941582446574,35.01415231365846,0 33.35932378566989,35.01398084766014,0 33.35926994978899,35.01395320453337,0 33.35915780575522,35.01392927381043,0 33.3590680754462,35.01388320360974,0 33.35911051547306,35.0137364503866,0 33.35907850542321,35.01366343813217,0 33.35908204635542,35.01364006916229,0 33.35902535164212,35.01357418893748,0 33.35884753226256,35.01350287072058,0 33.35864500374097,35.01339486985601,0 33.35838915312951,35.01321094265293,0 33.35833092763335,35.01314885077763,0 33.35831749632525,35.01303889104487,0 33.35831744804504,35.01294542204192,0 33.35834747264259,35.01282445026848,0 33.35839091057539,35.01278044900041,0 33.35840760262484,35.01273645818817,0 33.35842426941375,35.01264298218953,0 33.35841755636194,35.01259350142987,0 33.35842756382549,35.01254951142278,0 33.35832384063099,35.01238735111998,0 33.35829328991048,35.01230248335974,0 33.35833082381623,35.01215814262914,0 33.35839763580815,35.01206189995122,0 33.3583933918199,35.0119381925621,0 33.35842675769234,35.01181446966579,0 33.35844764331988,35.01179728010388,0 33.35845594398067,35.01168731387323,0 33.35846008213248,35.0116117112557,0 33.35845583623554,35.01148456765143,0 33.35854772840577,35.01140206147304,0 33.35858528071736,35.01129551984756,0 33.3586787685616,35.01120465899825,0 33.35868176902181,35.01108885367976,0 33.35866333230741,35.01095795161832,0 33.35860509162277,35.01081951049008,0 33.35857751090563,35.01076665425818,0 33.35851619369328,35.01060052242359,0 33.35845182223454,35.01044194446117,0 33.35840580562916,35.01026070283648,0 33.35840882879396,35.01018769507905,0 33.35869677913165,35.01052745070062,0 33.35894460548184,35.01025295670686,0 33.35918655572205,35.01043916221452,0 33.35928760426732,35.01048444076898,0 33.35946498241207,35.0101470331604,0 33.35953536774544,35.0100966579455,0 33.35989588473088,35.0103435099003,0 33.36013846743236,35.01011154181143,0 33.36042315194555,35.01006863834258,0 33.36062643743897,35.00996328588906,0 33.36078278811726,35.00972731165954,0 33.36057581569442,35.00960299880704,0 33.36027956566974,35.00935160514171,0 33.35978875915131,35.00924371411581,0 33.35968623449507,35.00903638745678,0 33.3598793104446,35.00906655631771,0 33.36013673637227,35.00909292107063,0 33.36055973043215,35.0092817650017,0 33.36083096533342,35.0093383641706,0 33.36115278070047,35.00942896256282,0 33.36132745483531,35.00942889613635,0 33.36185152155124,35.00951563541542,0 33.36208599268192,35.00958736533757,0 33.36209234953097,35.00955259030758,0 33.36217346076787,35.0095389703381,0 33.36238943532431,35.00955013523959,0 33.36255513549628,35.0095512873179,0 33.36271047540234,35.0095427104501,0 33.36288793141736,35.00965971355001,0 33.36317278018721,35.00966878715844,0 33.36334590983952,35.00965034789397,0 33.36367163602051,35.00970602218385,0 33.36387864406663,35.00987883055303,0 33.36440765997593,35.00999799416328,0 33.36468066051575,35.01003632835019,0 33.36485043187332,35.01021907509764,0 33.36499683293847,35.01045475025626,0 33.36511386732148,35.01049800086707,0 33.36529523355652,35.01050754747913,0 33.36555271809731,35.01061809228376,0 33.3657400394571,35.01079601909571,0 33.36582202180426,35.01092106943381,0 33.36588061416005,35.01106537244021,0 33.36595088839772,35.01117599469141,0 33.36610888787008,35.0112384716025,0 33.36622007501414,35.01128653252398,0 33.36635465642475,35.01132015229695,0 33.3664599761876,35.01133935281514,0 33.36677013113155,35.01146911560599,0 33.3670100464081,35.0115459891545,0 33.36708025221579,35.01154595894122,0 33.36711532709135,35.01150264509791,0 33.36710357191912,35.01141605419258,0 33.36710739676229,35.01135548613184,0 33.36734183951685,35.01136672425977,0 33.36746592595013,35.01132698184745,0 33.36759685174884,35.01119651411131,0 33.36785884432555,35.01116238046446,0 33.36813465175762,35.01116793083369,0 33.36817610384661,35.01129265267167,0 33.36873516135074,35.0121372419366,0 33.36887318847641,35.01232429171873,0 33.3690568163524,35.01254559005232,0 33.36941308529881,35.01294131301798,0 33.36971503034547,35.01326514090275,0 33.36984300669642,35.01335603867931,0 33.36999267568464,35.01356163983452,0 33.37014141406167,35.01382778296841,0 33.37023218240032,35.01404934636836,0 33.37037272209608,35.01423690952439,0 33.3705403002182,35.01433700186285,0 33.37063613158867,35.01442922644524,0 33.37069298753712,35.01445993093442,0 33.37095278056397,35.01442682222975,0 33.37110754438054,35.01445502778821,0 33.37143339083108,35.01446626782688,0 33.37148670299012,35.01453243380843,0 33.37184663119459,35.01449827840604,0 33.3721672387927,35.01447888787148,0 33.37251144673817,35.01445533341957,0 33.37275005964208,35.01444539736271,0 33.37286566717553,35.01444708758775,0 33.3728955171612,35.01445108652474,0 33.37322871001973,35.01436700382652,0 33.37307375139793,35.01404389231623,0 33.37325816676651,35.01398807733891,0 33.37350964011549,35.01391232637532,0 33.37337137227932,35.01356745948071,0 33.37326112469827,35.01358358242508,0 33.37311555477665,35.01321506008489,0 33.37302824190638,35.01300026057812,0 33.37287061185588,35.01261599020749,0 33.37280299614763,35.0125135965224,0 33.37263093341975,35.01211950409315,0 33.37312413716108,35.0119364637606,0 33.37300039635375,35.01162114797194,0 33.37241354811358,35.01177882436303,0 33.37198497103805,35.01193404066576,0 33.37177881261303,35.011423638503,0 33.37156597944126,35.01102769703454,0 33.37141267487609,35.01106762859234,0 33.37128419998493,35.0107641638174,0 33.37144466102694,35.01071631859012,0 33.37131592799459,35.01035563428243,0 33.37174944753826,35.01023394792634,0 33.37161126259872,35.00990486238548,0 33.37151401850892,35.00961314142619,0 33.37162413509163,35.00956939555534,0 33.3714615602004,35.00914962318227,0 33.37156639901656,35.00899934564983,0 33.37191369640649,35.00890357252068,0 33.37191571438572,35.0082899317325,0 33.37257282553097,35.00776701825322,0 33.37275920362897,35.00761846257694,0 33.37302593495266,35.00773800172258,0 33.37349486701125,35.00802463292971,0 33.37391370356804,35.00836863787956,0 33.37506795435311,35.00905960835923,0 33.3753661029133,35.0092303459396,0 33.37581837329198,35.00954069806918,0 33.3760347372508,35.00965644004994,0 33.37635394966696,35.00981088616144,0 33.37658817882125,35.00988953240945,0 33.37682347945485,35.00988278878251,0 33.37713056240027,35.00991069762719,0 33.37723288500454,35.00959288967658,0 33.37732166529111,35.00950963262081,0 33.37756076356124,35.00937539876362,0 33.37783364056167,35.00927593613235,0 33.37817653867457,35.00914618879156,0 33.37822169376025,35.0091123746561,0 33.37803003021877,35.00875459238542,0 33.37794025581407,35.00862138155666,0 33.37770741969407,35.0082096092728,0 33.37758825305842,35.00804161368001,0 33.37730951731341,35.00813748739707,0 33.37710929975788,35.00782542948139,0 33.37672144378748,35.00771238603416,0 33.37675170707386,35.00761848761785,0 33.37709771615084,35.00753082546687,0 33.37780028752267,35.00742641885132,0 33.37804305014986,35.00777201659641,0 33.37826336878756,35.00800463668126,0 33.37842355151889,35.00819174545621,0 33.3787210704365,35.00804890879565,0 33.37842267586252,35.00768424507029,0 33.37846932585671,35.00765764114378,0 33.37859754503192,35.00756945018703,0 33.37834210249885,35.00732731931578,0 33.37872822508923,35.00706394435407,0 33.37862515194869,35.00689950882222,0 33.37833722503338,35.00690281066835,0 33.37831799120654,35.00685236133438,0 33.37868265856571,35.00669127713375,0 33.37861468763855,35.00653154114657,0 33.37855379160786,35.00632127376805,0 33.37801914254811,35.00638788006212,0 33.37789398281294,35.00618743331311,0 33.37801654703425,35.0061413523831,0 33.37796977617554,35.00582400874826,0 33.37791445822758,35.0055547950891,0 33.37770364988938,35.00516339729742,0 33.37745807414833,35.00483945505832,0 33.37735765313046,35.00461487906092,0 33.37757679104061,35.00459255002139,0 33.37798458565814,35.0045948892916,0 33.3783353536008,35.0045913915643,0 33.37868436014853,35.0048404466116,0 33.37904000438299,35.00526025131696,0 33.37927614655384,35.00507225443682,0 33.37954722522905,35.00495320298361,0 33.37941357357511,35.00463150358637,0 33.37952494116363,35.00451773961286,0 33.37938356521369,35.00445413471162,0 33.37925791894104,35.00428507017978,0 33.37929344058318,35.0042516021248,0 33.37928526996993,35.00423828392517,0 33.37953321737804,35.00420281778167,0 33.37991080106842,35.00414693033867,0 33.37982002690529,35.00380429686548,0 33.37982642298921,35.00373824508518,0 33.38008553947605,35.00371006420667,0 33.38009227327851,35.00329993637273,0 33.38036564840498,35.00338791780369,0 33.38058915204613,35.00348359536895,0 33.38078970743852,35.00368242916966,0 33.38095799850733,35.00373218508756,0 33.3810885447659,35.00376948896123,0 33.38156630526078,35.00378307343022,0 33.38184181354982,35.00389115730965,0 33.3821480261178,35.00424972889201,0 33.38233644909466,35.00446703594139,0 33.38273792646079,35.00494012161324,0 33.38302842718457,35.0052040372067,0 33.38299833040907,35.00530302428965,0 33.38288115666381,35.00551291376021,0 33.38325791027425,35.00548825904595,0 33.38358995814423,35.00548721021547,0 33.38387343657249,35.00555503655826,0 33.38376785925503,35.00563079672666,0 33.38392691815673,35.005665492413,0 33.38401749835996,35.00586802092992,0 33.38400757049539,35.0059233652828,0 33.38389173821228,35.00598407363138,0 33.38395849922472,35.00632076916215,0 33.3839732992385,35.0064363763514,0 33.38427698728359,35.00646893824651,0 33.38461940482055,35.00650640569282,0 33.38493920056665,35.00641832741983,0 33.38481878836084,35.00620006345543,0 33.38454643482804,35.00575442701736,0 33.3840374476361,35.00499246691297,0 33.38440936858117,35.00483649148678,0 33.38446929468531,35.0048854209951,0 33.38448638308424,35.00505802581802,0 33.38451019852216,35.00510917178771,0 33.38463008352669,35.00522725392828,0 33.38479002565511,35.00538749820485,0 33.38495175034794,35.00554178363235,0 33.38509313580289,35.00560236222864,0 33.38528152713874,35.00565683578903,0 33.3853644965511,35.00560447754215,0 33.38542787370346,35.00561767232971,0 33.3857173089346,35.00561675297367,0 33.38582759284374,35.00560300648349,0 33.38587855137465,35.00566833538107,0 33.38597118034035,35.00574692867143,0 33.38605267409787,35.00576601940563,0 33.38611760845483,35.00572562486101,0 33.38619174248219,35.00571794690275,0 33.38630373722634,35.00568335730911,0 33.38659807589083,35.00557078657489,0 33.38670297541848,35.00556598680748,0 33.38692529538412,35.00552657949363,0 33.38731850836007,35.00528270825139,0 33.38765399385947,35.00507325513709,0 33.38852021147774,35.00501243612131,0 33.38902655093055,35.00497509207694,0 33.38955099444561,35.00494066431408,0 33.38977370066183,35.00498311391939,0 33.38988597532057,35.00500805712145,0 33.39016484568448,35.00506818814178,0 33.39026063603205,35.00505001767522,0 33.39037835231719,35.00507792031641,0 33.39041113281701,35.00512395678223,0 33.39069505506789,35.00510518165494,0 33.39081281513919,35.00514201410131,0 33.39084375777596,35.00518210248661,0 33.39087545187481,35.00522032430723,0 33.3909181941932,35.00523842329603,0 33.39099174742609,35.00529169289265,0 33.39129198559268,35.00541500422668,0 33.39153934396418,35.00495044675019,0 33.39189904881394,35.0049818290523,0 33.39189165823571,35.0045632334333,0 33.39188713872181,35.00436947064387,0 33.39175945693037,35.00401086876346,0 33.39165456695926,35.00371627154927,0 33.39163149389083,35.00367600292753,0 33.39149279136512,35.0037208281525,0 33.39131974290108,35.00376038336593,0 33.39087561816731,35.00384653243594,0 33.39095700087179,35.00377634448407,0 33.39111514173984,35.00369514983745,0 33.39137882749604,35.00346972733248,0 33.39113901640314,35.00327778292628,0 33.3908899435343,35.0030786375678,0 33.39018479075763,35.00326110190431,0 33.39026899567939,35.00344102694512,0 33.38993779077135,35.00355908485259,0 33.389577205413,35.00368530296166,0 33.38948713288882,35.00368404065301,0 33.38941319774531,35.00350179792857,0 33.38977771562629,35.00342042325573,0 33.38977669863576,35.00333349624677,0 33.38966058127149,35.00311797705155,0 33.38960958665285,35.00298085440345,0 33.39012667219673,35.00285189601148,0 33.3900428472571,35.00244205332714,0 33.38996634541076,35.00244663313914,0 33.38993873359028,35.00240841146688,0 33.38972435524388,35.00244832972783,0 33.38956652182112,35.00225534552816,0 33.38931512755788,35.00208526432729,0 33.38961802859128,35.00201439186793,0 33.38960785019535,35.00173797777354,0 33.39037453729219,35.00154326061435,0 33.39032075942963,35.00136866250519,0 33.39007863522865,35.00074636617491,0 33.39021719292825,35.00074853408641,0 33.39053302021723,35.00064117786318,0 33.39069356968305,35.00085630903956,0 33.39080426918935,35.0010294130969,0 33.39093466928045,35.00140862562692,0 33.39153144808135,35.00107828052362,0 33.39139104924407,35.00093828201715,0 33.39118691447499,35.00080223595097,0 33.39098343430366,35.00051049043538,0 33.39080138883111,35.00057245526084,0 33.39053654977319,35.00052380062694,0 33.39058383517037,35.00034350136178,0 33.39057825627734,35.00028894729771,0 33.39051084500641,35.00022674889149,0 33.39040623779285,35.00014814883343,0 33.3898850819329,35.00000217371247,0 33.38948242032941,34.99987868347517,0 33.38928843185443,34.99980572001292,0 33.38876675818946,34.99932541460898,0 33.38870867292486,34.99921463568464,0 33.38869409914454,34.99896381056674,0 33.38868140417515,34.9986724425148,0 33.38864307314582,34.99859718569733,0 33.38856767074687,34.99852354118389,0 33.38844769187222,34.99845748860944,0 33.38795186702787,34.99889080976902,0 33.38780411982109,34.99870715666056,0 33.3876897957584,34.99859667946566,0 33.38742294004054,34.99841730754994,0 33.38740648431159,34.99839736474004,0 33.38748420119222,34.99832340659399,0 33.38751497711181,34.99825094767391,0 33.3873641328729,34.99810771460291,0 33.38720334134377,34.99800447577475,0 33.38725367054305,34.9976644686048,0 33.38701966182831,34.99749637052135,0 33.38671626769878,34.99730452693417,0 33.38686638593487,34.99705476146422,0 33.38660103723449,34.99694957616441,0 33.38643418546334,34.9968234495654,0 33.38611518221925,34.99656098809018,0 33.38604154800856,34.99659589994541,0 33.38583370900397,34.99634070839813,0 33.38568588508557,34.99615178493963,0 33.3855874878234,34.99596856085441,0 33.38540489305215,34.99554945406766,0 33.38544044770438,34.99521361749758,0 33.38538120832743,34.99500180198505,0 33.38525875539914,34.99487132582866,0 33.38506702389734,34.9947252015728,0 33.38545572796537,34.99462119065775,0 33.38571318518792,34.99447773468137,0 33.38593114194655,34.99433254860616,0 33.38612931641416,34.99418346421049,0 33.38629942461784,34.99395574131568,0 33.38643811477968,34.99378485999012,0 33.38649052085078,34.99362272027201,0 33.38640504437442,34.99348993706749,0 33.38648829774027,34.99343269138046,0 33.38661501229766,34.99336043918917,0 33.38663333675783,34.99316447750257,0 33.38664570639826,34.99305371824946,0 33.38684380125337,34.99310538410985,0 33.38694877072192,34.9931414030418,0 33.38709755006752,34.99319831598509,0 33.38732935636258,34.9932828196285,0 33.38751231964645,34.99292062494599,0 33.38751411557426,34.99284196563796,0 33.38752733387059,34.99280182819579,0 33.38766225278648,34.99260428261157,0 33.38760283401217,34.99251251736229,0 33.38751914348602,34.992406231027,0 33.38744145016459,34.99236057407155,0 33.38733127924163,34.99233658179919,0 33.38710050415481,34.99231465788113,0 33.38703214817112,34.99229134959513,0 33.3869668499793,34.9922418614378,0 33.38693221515639,34.99214243499289,0 33.38689307919081,34.99202477809607,0 33.38680567620509,34.99186598172387,0 33.38672022708727,34.99172941353962,0 33.38668407653855,34.99169654474427,0 33.38657288749637,34.99160999992451,0 33.38633273011179,34.99135390499627,0 33.38645888113366,34.99132367364404,0 33.38660220388232,34.99129573658881,0 33.38670098681126,34.99127918287349,0 33.386885571519,34.99127612581683,0 33.3869915521762,34.99126775818105,0 33.38706829973412,34.99124680965835,0 33.3871357632781,34.99120149820516,0 33.38721161911783,34.99111193437028,0 33.38739422677761,34.99087276970502,0 33.38736275867813,34.99085006592797,0 33.38751608930649,34.99060033065197,0 33.38746524869308,34.99045624911381,0 33.38750681087983,34.99036006901326,0 33.38769104883737,34.989834383366,0 33.38818869160094,34.99002400569878,0 33.38832038023626,34.9898606596923,0 33.38819102103133,34.98981418407375,0 33.3882263419891,34.98956049739943,0 33.38827780264685,34.98924652964573,0 33.38832079853705,34.98908780217058,0 33.38837276057885,34.98896756017573,0 33.38848360392142,34.98874735851777,0 33.3880729174412,34.98884369715251,0 33.3873288739494,34.98920910116824,0 33.38705479540482,34.98915029113244,0 33.38682962049088,34.98921347464455,0 33.38655522825584,34.98925446097191,0 33.38588958150985,34.98931377641255,0 33.38439342342521,34.98952630490988,0 33.3841698684393,34.98952073768152,0 33.38354219615498,34.98957247614995,0 33.38261549689681,34.98965562398048,0 33.38253010885341,34.98916358735133,0 33.38244508896589,34.98870503010473,0 33.38240963449789,34.98840876928135,0 33.38234607232675,34.98799945846103,0 33.38226073958867,34.98753531225161,0 33.38221489314304,34.98715991024083,0 33.38212819617575,34.98655856615726,0 33.38226455375681,34.98654195187758,0 33.38230924156539,34.98619976796669,0 33.38237441775831,34.98582159688337,0 33.38232298031357,34.98570581239691,0 33.38226334099635,34.98562620528813,0 33.38200853510214,34.9856968062379,0 33.38141431594028,34.98502384899975,0 33.38136213234097,34.98483343758554,0 33.38133921926397,34.98476046721131,0 33.38128206865152,34.98468646404879,0 33.38111510018162,34.98456533664802,0 33.38122846838525,34.98444408814791,0 33.38135713447173,34.98429887402463,0 33.38149250635891,34.98415270121367,0 33.38190819152094,34.98384764177441,0 33.38216975020189,34.98399968941532,0 33.38234163394262,34.98383700654147,0 33.38247236925891,34.98336227384097,0 33.38253501341666,34.98309496936149,0 33.38145610113543,34.98276349285251,0 33.38145772959559,34.98279982322476,0 33.38146794282794,34.98289074839529,0 33.38148173419802,34.9830402206064,0 33.38120153282427,34.98293298746401,0 33.38065933227539,34.98267645762017,0 33.38100447524154,34.98230002585768,0 33.38102105449976,34.98228194535787,0 33.38108780186869,34.98220914603338,0 33.38117712393735,34.98217221106655,0 33.38129092308841,34.98213968826479,0 33.38123180348568,34.98203792105985,0 33.38115465579699,34.98197217993171,0 33.38097871487264,34.9818201967522,0 33.38101923209433,34.98155256847571,0 33.38058814886176,34.98095090744404,0 33.38025260913881,34.98057866004819,0 33.37992302657582,34.98023189884956,0 33.37966138131691,34.97995057054613,0 33.3794503529088,34.97986014126287,0 33.37942952238166,34.97971490939026,0 33.38008527037014,34.97951319040106,0 33.38053686648469,34.97932244265716,0 33.38082264986832,34.97918360356707,0 33.38051575748848,34.97885884950763,0 33.38050647012333,34.97821339025442,0 33.37930765865079,34.97568674454741,0 33.37895054200585,34.9753255876678,0 33.37818193693599,34.97462260339822,0 33.37802203010892,34.97443431854248,0 33.37796333287253,34.9742235713861,0 33.37799823633691,34.97369782011409,0 33.37788168355898,34.97344376370555,0 33.3780560059597,34.9730394123707,0 33.37790961786288,34.97300264005172,0 33.37791203204019,34.972500620666,0 33.37839170602498,34.97155110780103,0 33.37829919532498,34.97051137537741,0 33.37763256096417,34.97047390642529,0 33.37726938802005,34.97007070791012,0 33.37746295686414,34.96958019773913,0 33.37775232150283,34.96908527788733,0 33.37816304321981,34.96866577498324,0 33.37883596518341,34.96831169162945,0 33.37938612428208,34.96813061388585,0 33.37979339298731,34.9678961041679,0 33.3819653692583,34.96767563820148,0 33.38554874450143,34.96709061430379,0 33.38554823729901,34.96704569335508,0 33.38588608722721,34.96696273480828,0 33.38660606675897,34.96723379697947,0 33.3866932324477,34.96734201507948,0 33.38680169656705,34.96737955209223,0 33.38687227871863,34.96754028856073,0 33.38706138530116,34.96775865583781,0 33.38705755588711,34.96785340968847,0 33.38686636967718,34.9680986108147,0 33.38698191377981,34.96832557232663,0 33.38695256982415,34.96855152613148,0 33.38727999989767,34.96862384763953,0 33.38727883601657,34.96873673687662,0 33.38772112838821,34.96833053956067,0 33.38878257132577,34.96794826347865,0 33.38933583449843,34.96717001560177,0 33.39002481480398,34.96705876844118,0 33.39026832123574,34.96684018369283,0 33.39063928710617,34.96637359211956,0 33.39187497683638,34.96588193444132,0 33.39198903918484,34.96604363369087,0 33.39208774630955,34.96609337484055,0 33.39227742777093,34.96610577349608,0 33.39272493810719,34.9660434674497,0 33.39286047847491,34.96630917683273,0 33.39296473103369,34.96639914708253,0 33.3930934329009,34.96647886732103,0 33.39352224099259,34.96699996295089,0 33.3936688033707,34.96692837449191,0 33.39388992482898,34.96651759360035,0 33.39421975450392,34.96636206052374,0 33.39472166674099,34.96600977388398,0 33.39499008456416,34.96626186557654,0 33.39457185735178,34.96683129719717,0 33.39485493296563,34.96727888776211,0 33.39449798280862,34.96763422507004,0 33.39480029377138,34.96784180007649,0 33.39523491607157,34.96760889765209,0 33.39546010015182,34.96814165969879,0 33.39528754611916,34.96830216587067,0 33.39497190936544,34.97045221932472,0 33.39521323745711,34.97089433764705,0 33.39492847918265,34.97113028353765,0 33.39513958240776,34.97130838184903,0 33.3951825723775,34.97161069524698,0 33.39532965746469,34.97177916066153,0 33.39499315853869,34.97200740656635,0 33.39487650994307,34.97252671542901,0 33.39491934849689,34.9726131859132,0 33.39510238623439,34.97270476481278,0 33.39517711325079,34.97278497020999,0 33.39515657304549,34.97291626465012,0 33.39510363555105,34.97301145606991,0 33.39501574220537,34.97306249401516,0 33.39494659101101,34.97303672815637,0 33.39484036831745,34.97299506898855,0 33.39471097891096,34.9730705981211,0 33.39468237974226,34.9731454498265,0 33.39471752557473,34.97320574727048,0 33.39483134134588,34.97326551671676,0 33.3950283069742,34.97328840874764,0 33.39556557120343,34.97318995593414,0 33.39569590147917,34.97319109710433,0 33.39566410256653,34.97340723252574,0 33.39567213970146,34.97346166410117,0 33.39573171016286,34.97350767881593,0 33.39643957049176,34.97388435591107,0 33.39663201027526,34.97393554139761,0 33.39681151930144,34.97393433838058,0 33.39689338400397,34.97399231999256,0 33.39695120338371,34.97409486724868,0 33.39702715234176,34.97427197421271,0 33.39644516860625,34.97474614534001,0 33.39615942206563,34.97511137138943,0 33.39598998327314,34.97553639481355,0 33.39612680993908,34.9758665557951,0 33.39620348899616,34.97590238784286,0 33.39640522293822,34.9757052388287,0 33.39678535693619,34.97501234622744,0 33.39706189878783,34.97471583553827,0 33.39744209318076,34.97450702893261,0 33.39833043082542,34.97501331480058,0 33.39853947656614,34.97508389099659,0 33.39892253323335,34.97500100385216,0 33.39921960626322,34.97491813949689,0 33.39933760398266,34.97493424758071,0 33.39964808370839,34.97521877030342,0 33.39987532016524,34.9756002377809,0 33.40009233048139,34.97584646719931,0 33.40039034281002,34.97605231128544,0 33.40077427567434,34.97621574574227,0 33.40112348214913,34.97626613614234,0 33.40172843528575,34.97633261658393,0 33.40246213292762,34.97666561864205,0 33.40293712362611,34.97680081287302,0 33.40322729241894,34.97679873101249,0 33.40348024702396,34.97668760518921,0 33.40430245221001,34.97614212049348,0 33.40454069643861,34.97603299302025,0 33.40484538108728,34.97592989767038,0 33.40535424065531,34.97582067557324,0 33.40561994360971,34.97582462808538,0 33.40587841878754,34.97587302273456,0 33.40633418136993,34.97605871163215,0 33.40659033692317,34.97613943216901,0 33.40688318035427,34.97614742406354,0 33.40706544103126,34.97619787166853,0 33.4071739455022,34.97626854368526,0 33.4073295910254,34.97645637236719,0 33.40766915217934,34.97643809500531,0 33.40817102862074,34.97637330040627,0 33.40823084171964,34.97584598462661,0 33.40815877411538,34.97563388299598,0 33.40778102841468,34.97526836634057,0 33.40847605564092,34.97405797275495,0 33.40830563733068,34.97387624459013,0 33.40750016225845,34.97441196490318,0 33.40724077894306,34.97410302732963,0 33.40677652594385,34.97358818723271,0 33.40675610811127,34.97335995824362,0 33.40628030985636,34.97306332022871,0 33.40623527733919,34.9728290600161,0 33.40536197016075,34.97127458554355,0 33.4055118005406,34.97120783602891,0 33.40580738690101,34.97056341179905,0 33.40607404459483,34.97010276233127,0 33.406672397413,34.97027796034633,0 33.40674609281305,34.97024356757465,0 33.40674833790049,34.97017691863434,0 33.40718382435681,34.97018059287564,0 33.40761991516688,34.97035998272655,0 33.40808517322444,34.9704161519211,0 33.40888059764498,34.97057507117053,0 33.40882710657586,34.97077509345807,0 33.40908586198559,34.97087386915045,0 33.40895946090982,34.97135675975623,0 33.40894294250742,34.9715729210532,0 33.40935830826766,34.97138878396975,0 33.41003500699435,34.97131554539749,0 33.41072392756764,34.97119177384791,0 33.41093570028475,34.97120171225816,0 33.4110639153144,34.97125616334984,0 33.41113557721905,34.97133288526609,0 33.41124676463299,34.9714479677163,0 33.41134289658837,34.97147820131735,0 33.41143887400059,34.97146196424113,0 33.41152744561742,34.97143967207917,0 33.41164569786869,34.97145574662569,0 33.41173210222856,34.97152033912636,0 33.41172996015567,34.97161530872681,0 33.41193940054869,34.97165152169199,0 33.41202081786746,34.9716959155613,0 33.4120702485677,34.97174841535291,0 33.41207299164078,34.97183126044848,0 33.41210770208417,34.97189993845313,0 33.41223961922302,34.97192682730374,0 33.41220911435067,34.97348413907693,0 33.41221937749499,34.97360538181224,0 33.41249459775721,34.97487032661439,0 33.41259019698384,34.97545839802113,0 33.4126044561116,34.97603035421116,0 33.41265729336829,34.97635573368319,0 33.41318922291247,34.97630704725666,0 33.41339623178941,34.97632718992381,0 33.41398313299745,34.97648061211454,0 33.41412612438222,34.97650482174461,0 33.41433294729382,34.97646028090863,0 33.41529260841688,34.9760596804984,0 33.41560531908105,34.97597869584897,0 33.41648977548365,34.9758671495027,0 33.41755657911645,34.97569282210786,0 33.41785248021478,34.97570482622969,0 33.41815111319799,34.97578760088613,0 33.41831881105306,34.97579561747613,0 33.41852811232265,34.9757146425619,0 33.41891908149675,34.97540507614692,0 33.41910089502579,34.9752189466778,0 33.41951324563897,34.97467678056645,0 33.41976899429775,34.97447239321669,0 33.41996821548449,34.97432060959479,0 33.42013570226962,34.97425782210958,0 33.42053754507096,34.97420298396472,0 33.42159304483957,34.97411943185444,0 33.42197768812526,34.97405649708743,0 33.42245085282175,34.97390450263931,0 33.42317309972331,34.97370176195541,0 33.42349386678512,34.97365502089621,0 33.42375917675686,34.97353457202719,0 33.42484451841079,34.97308278677487,0 33.42597799485203,34.97254959482075,0 33.42633026836405,34.97236604930675,0 33.42704735934712,34.97184511832703,0 33.42743083871982,34.97160462692315,0 33.42809483349118,34.97133096313981,0 33.42851833887959,34.97113050815482,0 33.42875901408407,34.97098578694031,0 33.42876509250053,34.97098213274229,0 33.42894594028806,34.97087338455336,0 33.4293356404795,34.97055395182811,0 33.42960991146294,34.97026400797564,0 33.42989329195866,34.96975761022482,0 33.43008033049807,34.96907226701813,0 33.43023224586091,34.96851268836161,0 33.43037549024623,34.96819987527202,0 33.4309002570758,34.96752128931891,0 33.43123907304501,34.96726713357864,0 33.43160151621343,34.96710976536683,0 33.43197250559051,34.96702912193803,0 33.43233984940374,34.96703341802493,0 33.43306741943714,34.96705825066702,0 33.43364111135811,34.96701189226678,0 33.43374399280559,34.96696837550453,0 33.43388810529336,34.96687995655535,0 33.43394853295316,34.96680048925357,0 33.43415727604429,34.96642232235446,0 33.43446563469241,34.96562471494627,0 33.43456413711591,34.96545592420286,0 33.43468845536669,34.96536367375693,0 33.43476187558353,34.96532854926875,0 33.436075383644,34.96497529087792,0 33.43742671733165,34.96467213376672,0 33.43798485229311,34.96451081444278,0 33.43808701218418,34.96448128761113,0 33.43857496917538,34.9643063881495,0 33.4392895033085,34.96395527909633,0 33.43982902357891,34.96376567786026,0 33.44027888181551,34.96367605445708,0 33.44056722553963,34.96366493540773,0 33.44077285928377,34.96372543024917,0 33.44083260740543,34.96376118472784,0 33.44091815873604,34.9638694362912,0 33.44094345253698,34.96390959665645,0 33.44096182787747,34.96398015291877,0 33.44082527076052,34.9647052746541,0 33.4407570825254,34.96507392602956,0 33.44077330851476,34.96516473248416,0 33.44085431917457,34.96529731825628,0 33.44092425917773,34.96535319692786,0 33.44174738068975,34.96577727335566,0 33.44262116250071,34.96612200820124,0 33.4430347538189,34.96622284418721,0 33.44329365486578,34.96621407418935,0 33.44355123853831,34.9661224072147,0 33.44364403910603,34.96606279242937,0 33.44403296005989,34.96569877788956,0 33.44466805917994,34.96530185594225,0 33.44489999966443,34.96514978814805,0 33.44501184514806,34.96504751297595,0 33.44526224767949,34.96481639317955,0 33.44577522641258,34.96419228192109,0 33.44604681379262,34.96374664208438,0 33.44622293877238,34.96334852571636,0 33.44636107137355,34.96289018123915,0 33.44652021447487,34.96235886837251,0 33.4466976229951,34.96204165205447,0 33.446903993912,34.96183732513146,0 33.44713571906038,34.96167517590403,0 33.44729055173777,34.9616391644882,0 33.44775634486967,34.96160994211434,0 33.4478352784032,34.9616090994182,0 33.4480650979219,34.96148132855653,0 33.44826261905671,34.96133975217055,0 33.44853995094555,34.96110030427052,0 33.44887487436571,34.96076200544825,0 33.44895969523458,34.96091926991759,0 33.44901668142927,34.96101589295348,0 33.44914874265275,34.96107544041036,0 33.44919117159593,34.96109077717758,0 33.44924805137999,34.96116803159186,0 33.44925575299298,34.96128614015674,0 33.44927910841257,34.96140228340023,0 33.44931082122484,34.96155965390381,0 33.44933311251466,34.96166737545623,0 33.4493664384546,34.96173890726513,0 33.44947528399951,34.9618547043791,0 33.44960572485515,34.96204788713286,0 33.44986970457662,34.96213986898153,0 33.44997599825277,34.96221887805582,0 33.44998429500166,34.96244543647102,0 33.45001302050603,34.96253635222908,0 33.45000436330065,34.96267388661908,0 33.44991227739975,34.9630421935439,0 33.44980230423903,34.96315105299894,0 33.44978171301822,34.96325764601356,0 33.44979856226269,34.9633273033426,0 33.44988384394554,34.96343543957881,0 33.44997412628409,34.96359778417921,0 33.45002397267165,34.96367893946817,0 33.45008554005341,34.96375230356119,0 33.4501163650554,34.96379673227855,0 33.45019908488845,34.9638661453989,0 33.45024387696328,34.96388340928343,0 33.45040218148619,34.964008704337,0 33.45048942448808,34.96404517688,0 33.45056039108731,34.96411657140539,0 33.45060783444038,34.96418805136411,0 33.45061091803262,34.96432166877749,0 33.45062762926815,34.96436614972401,0 33.45067490206723,34.96440664474783,0 33.45075039395197,34.96444509696234,0 33.4508562989507,34.96445245069358,0 33.45100926363943,34.96446156584098,0 33.45108482050922,34.9645116378575,0 33.45119961617595,34.96459213944413,0 33.45126420343049,34.96461942534943,0 33.45135855881095,34.96466555392554,0 33.45138467017594,34.96470806266881,0 33.45136863818615,34.96478752505313,0 33.45143314495675,34.96496739513626,0 33.45148754894929,34.96502141893708,0 33.45155818786735,34.96503277656646,0 33.45163112679196,34.96503444160837,0 33.4517324443811,34.96506311407195,0 33.45184772867319,34.96506462147126,0 33.45195613547912,34.96509907884959,0 33.45205759044696,34.96515292728856,0 33.45215908920124,34.96521452231237,0 33.4522674335733,34.96523735939281,0 33.45248110813743,34.96516297037668,0 33.45253301292644,34.96518988999968,0 33.45258723673833,34.96521099038245,0 33.45264390111426,34.96524757621298,0 33.4527546296514,34.9652762127449,0 33.45288391035861,34.96525636544241,0 33.45293838053342,34.96532200858923,0 33.45296945390816,34.96541097857447,0 33.45304293686561,34.9655114097032,0 33.45319127429757,34.9655340967613,0 33.4533447319349,34.96563229389021,0 33.45340343848336,34.9656127076525,0 33.45348778823513,34.96555041986031,0 33.45375296213017,34.96542935620661,0 33.45381591506742,34.96536948732076,0 33.45405166376241,34.96561917662969,0 33.45426974796187,34.96583375619898,0 33.45438255308443,34.96598459934425,0 33.45441102935276,34.96606932574558,0 33.45442559875222,34.96616672139731,0 33.45432577691768,34.96655818184698,0 33.4546855960394,34.96660360919385,0 33.45504399351292,34.9668772559019,0 33.45531107587473,34.96685200209142,0 33.45649345717252,34.96731587799765,0 33.45748074140756,34.9672060122691,0 33.45736929305003,34.96751046307639,0 33.45766557092573,34.9676686003985,0 33.45761700538609,34.96818388798609,0 33.45770177246106,34.96830857154906,0 33.45835164907638,34.96904118388845,0 33.4596227224979,34.96904138010721,0 33.45981907411492,34.96909790149135,0 33.45995279148811,34.96920748586223,0 33.4600525178573,34.96947328377314,0 33.46022116326138,34.96978471725536,0 33.46017486357622,34.96998346525932,0 33.46046266941584,34.97031507763514,0 33.46058076901613,34.97038917921653,0 33.46117078963115,34.97067589277292,0 33.46145991146341,34.97119239114271,0 33.46190508860208,34.97158428484579,0 33.46213202440094,34.97179802572555,0 33.4624568719865,34.97199068587565,0 33.46269096555611,34.97201724248195,0 33.46429734997515,34.97197474800241,0 33.46433628743259,34.97193439480364,0 33.46444134009523,34.97193279057672,0 33.46453513936184,34.97212416245198,0 33.46465459286878,34.97217763301554,0 33.46471742683129,34.97234732863874,0 33.46450620347636,34.97239302397181,0 33.46451479347227,34.97241940187455,0 33.46487976106163,34.97252005434251,0 33.46545589119803,34.9725658184275,0 33.46544631546478,34.97279442776043,0 33.46544822644386,34.9740465303528,0 33.46544974417007,34.97445554187845,0 33.46611113239019,34.97444699884351,0 33.46629228133485,34.97430491001214,0 33.46672892857992,34.97441566055353,0 33.46679815235913,34.97449120492374,0 33.4668503659865,34.97454038857724,0 33.46690427971051,34.97463093640944,0 33.46700121316349,34.97466155814424,0 33.46723617711453,34.97459391937474,0 33.46735653918979,34.97457042127882,0 33.46738233590907,34.97464960291179,0 33.46736354937455,34.97476343820853,0 33.46739119911042,34.97490121771688,0 33.46742101061671,34.97495281030479,0 33.46748434958532,34.97498931472999,0 33.46758555214146,34.9750279602377,0 33.46762813647756,34.97510132880399,0 33.4676322971829,34.97528518290675,0 33.46780304866967,34.97543961837466,0 33.46811651337751,34.97593596157194,0 33.46821751121773,34.97594588444457,0 33.46852946776005,34.97585722170796,0 33.46878677030031,34.97577108943287,0 33.46886901525685,34.9757098277122,0 33.46891060035223,34.97564642973497,0 33.4689686754214,34.97554044892176,0 33.46920736088212,34.97558886798416,0 33.46928082945933,34.97566441524221,0 33.46943344521599,34.9758235418665,0 33.46951084391536,34.97586229670524,0 33.46981532046645,34.97589435087122,0 33.4700158851342,34.97590500204408,0 33.47013776942014,34.9758929920251,0 33.47038549787333,34.97583792846434,0 33.47064580013957,34.97577475876403,0 33.47074536009691,34.97577663541609,0 33.47108275745263,34.97571083751719,0 33.47114984668693,34.97568412503028,0 33.4712717951688,34.97568015880896,0 33.47155554860201,34.9755674586066,0 33.47169942670487,34.97549788519839,0 33.47185913322004,34.97530180416609,0 33.47192196935448,34.97526935220557,0 33.47203173951013,34.97532060673666,0 33.47234108033712,34.97543194450033,0 33.47271209025772,34.97553612481656,0 33.47309838836409,34.97562184372411,0 33.4734083740203,34.97563087847531,0 33.47360922549532,34.97567141281542,0 33.47365305963452,34.97571606049846,0 33.47375560351477,34.97573746585061,0 33.47383154269894,34.97576358029107,0 33.47392553083509,34.97576778371434,0 33.47415537896837,34.97574956023127,0 33.47434392052497,34.97565333996805,0 33.47446026928076,34.97547466728314,0 33.47455509665316,34.97540873638695,0 33.4746344263698,34.97533367510337,0 33.47551459174348,34.97492643202303,0 33.47556024872322,34.9748503761119,0 33.47572043841178,34.974718645088,0 33.47585229279549,34.97455371467734,0 33.47589392399973,34.97449950953672,0 33.47599008696125,34.97442783203503,0 33.47608796183392,34.97439293654325,0 33.47636135096587,34.974371051489,0 33.47649788254408,34.97436714721586,0 33.47659144709908,34.97433931734523,0 33.47677472151231,34.97424365483485,0 33.476935425635,34.97411109268351,0 33.47712594561069,34.97392308845283,0 33.47725668616285,34.97379056337296,0 33.4774099707893,34.9736826259273,0 33.47759900699268,34.97346443548408,0 33.47786407717203,34.97313781107789,0 33.47805821462666,34.97289746093114,0 33.47824482830531,34.97264480505133,0 33.47837979856878,34.97244764731439,0 33.47852508665496,34.97214887661361,0 33.47865908755752,34.97183164764402,0 33.47871862431469,34.9716838160282,0 33.47920937672854,34.97168615228847,0 33.47911686185601,34.97210797777049,0 33.47918444288219,34.97216328103716,0 33.47951729102035,34.97195347655286,0 33.4800109488792,34.97163568986883,0 33.48022750197636,34.97154096689754,0 33.48040715050851,34.97147297425759,0 33.48058697259003,34.97146962068746,0 33.48068066866031,34.97148178952551,0 33.48071794234095,34.97141093449387,0 33.48096877108642,34.97133975124976,0 33.48139554813704,34.97121288614285,0 33.48188249350127,34.97116288026621,0 33.48247326242659,34.97111155767286,0 33.48290403446181,34.97106163114557,0 33.48363099895435,34.97106973011635,0 33.4840733811869,34.97114599995227,0 33.48429460427219,34.97119491062709,0 33.48475852584862,34.97121891960554,0 33.48545174470646,34.97119012100396,0 33.48581518387016,34.97115875936044,0 33.48613366718249,34.97113054768578,0 33.48631710325444,34.97105328798779,0 33.48781339663514,34.97028026836323,0 33.48799668625316,34.97014141531569,0 33.48813872529734,34.96999339178812,0 33.48872733887958,34.96931834421622,0 33.48905619047663,34.96893905710954,0 33.48928170807684,34.96867385740419,0 33.48941226644913,34.96843345409129,0 33.48966943400564,34.96787565812214,0 33.48977870035731,34.96769121395052,0 33.49077135615077,34.96740311097352,0 33.49091740785423,34.96734434653935,0 33.49114196482044,34.96720229583342,0 33.49158347257407,34.96687200538009,0 33.49212949818605,34.96678562733953,0 33.49268795605754,34.966716885907,0 33.49282610381916,34.9666876250242,0 33.49302520882645,34.96664545336693,0 33.49373365290399,34.96656719751456,0 33.49395120815678,34.96659760750408,0 33.49443415847315,34.96674386658516,0 33.49444523690956,34.96667916793435,0 33.4943844191037,34.96636820429252,0 33.49479957953681,34.96596705674085,0 33.49495640521489,34.96571420807916,0 33.49560197181683,34.96593479976789,0 33.49570321399717,34.96593153537888,0 33.49590189138598,34.96590345268068,0 33.4962860400163,34.96573799966058,0 33.49674083478699,34.96612527401608,0 33.4971113724851,34.96584429651988,0 33.49747802245717,34.96550787025799,0 33.49724511715596,34.9653635266539,0 33.49685188755557,34.9655737105258,0 33.49649960269336,34.96566368435171,0 33.49609100250706,34.96572603599096,0 33.49527359337147,34.96576140964109,0 33.49527345456043,34.96570904753433,0 33.49545241046323,34.96531446490926,0 33.49550844773745,34.96523427749391,0 33.49612218277488,34.96460264995321,0 33.49642999476982,34.96471604755937,0 33.4969400978947,34.9647428204158,0 33.49738272690617,34.96477587725893,0 33.49751442173674,34.96493889266239,0 33.49830387876794,34.96495840885408,0 33.49836755661556,34.96492748571526,0 33.49836724086652,34.96480734736022,0 33.49843842254104,34.96477640961728,0 33.49837063476288,34.96467180110665,0 33.49829942125864,34.96469041741022,0 33.49784683981049,34.96423392767476,0 33.49733248772547,34.96385197712355,0 33.49775569815507,34.96345976100703,0 33.49877236996232,34.96423253068715,0 33.49885884517592,34.96431023321329,0 33.49870932610875,34.96450459070767,0 33.49886731624808,34.96467988309391,0 33.49914088748621,34.96459003213838,0 33.49965110807899,34.9646291155557,0 33.49961684073342,34.96490882607508,0 33.50025962117924,34.9649545124993,0 33.50062347338209,34.96521185363457,0 33.50055612272025,34.96527667481272,0 33.50111209413043,34.96558061379156,0 33.50110107267506,34.96566997298426,0 33.50098115775607,34.96571640773557,0 33.50050882959923,34.96583743116049,0 33.5000338852826,34.96604714985065,0 33.49959943366298,34.96629746959462,0 33.49949462131506,34.96637775401995,0 33.49941616117459,34.96649495316138,0 33.49931555299241,34.96674772871591,0 33.49924717445005,34.96686117874822,0 33.49906367129061,34.96696932467771,0 33.49882386129324,34.96705908817345,0 33.49874188047402,34.96726253488257,0 33.49816860569793,34.96747918266136,0 33.49816142238403,34.96759932197992,0 33.49824058143125,34.96775010966936,0 33.49860760307227,34.96754615951412,0 33.49863016426412,34.96756768025642,0 33.49838310077364,34.96774985480042,0 33.49881407549437,34.96789960795856,0 33.49795989449736,34.96826150306271,0 33.49788108561783,34.96824316225974,0 33.49783582168741,34.96814467917832,0 33.49699632756622,34.9683679219449,0 33.49649171660503,34.96850304744171,0 33.49624182532423,34.96902090484716,0 33.49647168545808,34.96943936677012,0 33.49657652571809,34.96964729614552,0 33.49612750725579,34.97002379702477,0 33.49598414411989,34.96969758602315,0 33.49574644019245,34.96914671213115,0 33.49511747763103,34.96953276144364,0 33.4953437942901,34.9700343653575,0 33.49513350325213,34.97036071608035,0 33.49493489613692,34.97041032409233,0 33.49502966509639,34.97079819236966,0 33.49519110843108,34.97087491301967,0 33.49497104793389,34.97134259014005,0 33.49522455356774,34.97212240499997,0 33.4952510479368,34.97221474664285,0 33.49504480069081,34.97221200264622,0 33.49493996814697,34.97239304488458,0 33.49544825471552,34.97317439399812,0 33.49563118970801,34.97349078700984,0 33.49588191954673,34.97329638621422,0 33.49607738106445,34.97347160102424,0 33.49628020437319,34.97359445347087,0 33.49667119360207,34.97396644045129,0 33.49685536460402,34.9741232003076,0 33.49744399060267,34.97448516973436,0 33.49777458477839,34.97470020992952,0 33.49803750787335,34.97485068943211,0 33.4984130290763,34.97503178902153,0 33.4985783679361,34.97515163013363,0 33.49891790566796,34.97540647230495,0 33.49916547850758,34.9754184028665,0 33.49943197806002,34.97549497522451,0 33.4994025218982,34.97570442769009,0 33.49896063433306,34.97596686720823,0 33.4986008896845,34.97608443872185,0 33.49841704434768,34.97605700696247,0 33.49821439863391,34.97601112788313,0 33.49801945915257,34.97604222155095,0 33.4976717877275,34.97612517225225,0 33.49727427016335,34.97612885782316,0 33.49720305728713,34.97614436269019,0 33.49709120049056,34.97639087220129,0 33.4968330998087,34.97664067709645,0 33.49664226822587,34.97680107935122,0 33.49660511822153,34.97693353717555,0 33.49626431453495,34.97710339590414,0 33.49605371954537,34.97721748553071,0 33.4965577035554,34.97778020474933,0 33.49655122700227,34.97816816888632,0 33.49654879929413,34.97874101110715,0 33.49653723071073,34.97898557205635,0 33.4969291551763,34.97913968356955,0 33.49712723771038,34.97918683819811,0 33.49741753175603,34.97921374210486,0 33.4988525284321,34.97944665292149,0 33.49903193552526,34.97948103232454,0 33.49973484604579,34.98000489933021,0 33.49886096199145,34.98083725749325,0 33.49774613044614,34.98134049582482,0 33.49750062052264,34.98166457959206,0 33.49761189222941,34.98172031178331,0 33.49812320957686,34.98160584073517,0 33.49924259616116,34.98187144554466,0 33.49934525980873,34.98189580429432,0 33.49997955295846,34.98191401600063,0 33.49997578734752,34.98216118252918,0 33.50081900709122,34.98220974009186,0 33.5015261533858,34.98240627644288,0 33.50256916814037,34.98238895546021,0 33.50281217990212,34.98197232053928,0 33.50327823587911,34.98210475426416,0 33.50332657398407,34.98217079284847,0 33.50335030105374,34.98271286535153,0 33.50346403825377,34.98328124659805,0 33.50341278619743,34.98334479006225,0 33.50293559556377,34.98326811340389,0 33.50291079034439,34.98339814931839,0 33.50276216017525,34.98399975406421,0 33.50271896408252,34.98412586828567,0 33.50268547397459,34.98423135931842,0 33.50281753994752,34.98432046214487,0 33.50327900686255,34.98503223557302,0 33.50355675400022,34.98529130359551,0 33.50348559047534,34.98537625540445,0 33.50365454241892,34.98557995846791,0 33.50386733554302,34.9858847572872,0 33.50369526768047,34.98605144213768,0 33.50398522927699,34.98629575451227,0 33.50449044427304,34.98618894222975,0 33.50462773001856,34.98641227133357,0 33.50454866870263,34.98651028837392,0 33.50516648220112,34.9870934878358,0 33.50546142063274,34.98691519481957,0 33.50558832015772,34.98693132105344,0 33.5057090414174,34.98684792570702,0 33.50580039300694,34.98692121085104,0 33.50557787298971,34.98755625443491,0 33.50588518661963,34.98758516013768,0 33.50594926739871,34.98786570547685,0 33.50579099785528,34.98799810710938,0 33.50569031502536,34.98817610849019,0 33.50553694289287,34.98871314838919,0 33.50538783318866,34.98937908113238,0 33.50534440313157,34.98945746618718,0 33.50496444045763,34.98973215136741,0 33.50458451983074,34.99002641757536,0 33.50432540733362,34.99027318272158,0 33.50431182027936,34.99039883905925,0 33.50442942167527,34.99067930428015,0 33.50443580539526,34.99086856548643,0 33.5043055519404,34.99112003324352,0 33.50415515730229,34.99123447261333,0 33.50368779500636,34.99143749343279,0 33.50336207990112,34.99203515886629,0 33.50328868951457,34.99201568783565,0 33.50321566331683,34.99215611765225,0 33.50307334745659,34.99233581003614,0 33.50283615714983,34.99246780102417,0 33.50214123356612,34.9927925706271,0 33.50179903447908,34.99290808598791,0 33.50096121084923,34.99314626154981,0 33.50067616771103,34.99320023791862,0 33.50036737438477,34.99319810273722,0 33.49990849074202,34.99281601734593,0 33.49949449435884,34.99284323956506,0 33.4990408141696,34.99279986674964,0 33.49857250832657,34.99287632452267,0 33.49836563336438,34.99284562971615,0 33.49803456037097,34.99310009548023,0 33.49785597979509,34.99317522280481,0 33.49692666777812,34.99314107237515,0 33.49618627272111,34.9931828498806,0 33.49602532860624,34.99324680328469,0 33.49537559659838,34.99366866032101,0 33.49512751876399,34.9938362001625,0 33.49485006166483,34.99401996487573,0 33.49461501094111,34.99416594004763,0 33.49438955573576,34.99424736305461,0 33.49426213709123,34.99429618792609,0 33.49409207539295,34.99431290196072,0 33.4938074386752,34.99430850551954,0 33.49338529671665,34.99427232445767,0 33.49325076584311,34.99415988926746,0 33.49312286723285,34.99407162463439,0 33.4929294936437,34.99397014322591,0 33.49275953220112,34.99389130473693,0 33.49247188965337,34.9939541207334,0 33.49214491387924,34.99399287892425,0 33.49173294949397,34.99404536474923,0 33.49143622210323,34.99429904426852,0 33.4911981829023,34.99449875302917,0 33.49103516022212,34.99463907001527,0 33.49090815921414,34.99479001036207,0 33.49083987311949,34.99489774713942,0 33.49077982272453,34.99496448476963,0 33.49059061651948,34.99509681407641,0 33.49050904333837,34.99514815309561,0 33.49037849319985,34.99522115445254,0 33.49010752851665,34.99535106570571,0 33.49004555140893,34.99539427203863,0 33.48999050724542,34.99554226085657,0 33.4899388674142,34.99572516853313,0 33.48991303631404,34.99581393257739,0 33.48985112195228,34.99587325950334,0 33.48970443509785,34.99600004610895,0 33.48946911285804,34.99622617366212,0 33.48924432708382,34.99645262967845,0 33.48909124726848,34.99661435229051,0 33.48894141999222,34.99677068555594,0 33.48873913019913,34.99700392873773,0 33.48866432304606,34.99710895742803,0 33.48862873243976,34.99720848192644,0 33.4885903750145,34.99743965599922,0 33.48854202562234,34.99762249841908,0 33.48851182453257,34.99771765004706,0 33.48838789592434,34.99780133505223,0 33.48822793206022,34.99786633155281,0 33.48791771607735,34.99796942716839,0 33.48751925844478,34.99807817762718,0 33.48725470144488,34.99814619342538,0 33.48691515644859,34.998265487282,0 33.48654467263027,34.99843436404677,0 33.48597041055336,34.9987128737757,0 33.48574358010869,34.99885673913566,0 33.48557728278462,34.9989620192833,0 33.48524773497506,34.99911347612608,0 33.48486263165255,34.99926510530394,0 33.48470940542376,34.99936496051223,0 33.48461446950136,34.9993276657128,0 33.48440167271916,34.9992424053501,0 33.48418880397119,34.99913834404249,0 33.48411021031937,34.99910099628276,0 33.48398239553101,34.99901546475957,0 33.48388069701767,34.99892179196895,0 33.48378169274801,34.99882928380172,0 33.48374532833918,34.99872734412317,0 33.48372843254955,34.99859042668825,0 33.48374123629686,34.99852324172294,0 33.48377994867505,34.99839688544384,0 33.48362325271652,34.99777214345989,0 33.48355657998243,34.99745003607413,0 33.48349377149845,34.99727564203138,0 33.48352543469087,34.99702303882577,0 33.48347205061825,34.99675458757806,0 33.48333129395928,34.99670400884152,0 33.48297447206563,34.99657086082809,0 33.48294183073877,34.9965817121429,0 33.48299138318163,34.99671049162588,0 33.48302482293777,34.99689573328033,0 33.48301661239795,34.99728793751554,0 33.48300717742342,34.99737929404498,0 33.48295826054088,34.99740631303845,0 33.48281458208876,34.99743901016102,0 33.4825630291385,34.99746668509507,0 33.48247809759104,34.99747770446685,0 33.48228616985843,34.99747580611502,0 33.48218478745263,34.99746001848141,0 33.48201824171359,34.99749278745922,0 33.48190714625373,34.99749851893642,0 33.48179268418527,34.99748008765776,0 33.48156368181839,34.99742442241968,0 33.48139047322821,34.99742498137768,0 33.48123369900642,34.99744697465035,0 33.48108373789817,34.99753609091358,0 33.48089815878966,34.99770320621969,0 33.48080106340175,34.99792911733343,0 33.48079053354859,34.99798523080484,0 33.48069989902976,34.99819231267529,0 33.48053030106536,34.99827073497076,0 33.48027305460282,34.9984863939582,0 33.48003672519044,34.99823471188714,0 33.47991471514996,34.99833622694891,0 33.47977129431423,34.9984199324703,0 33.47966011880071,34.99840148800097,0 33.47954547364696,34.99833471772599,0 33.47933582151249,34.9982091687962,0 33.47913273805291,34.99809165495029,0 33.47902141775256,34.99803830126977,0 33.47892339677922,34.99803861319173,0 33.47879304469086,34.99811959240127,0 33.47860731271972,34.99823833926326,0 33.4782382639259,34.9984310528213,0 33.47778096361256,34.99866429690924,0 33.47723918568965,34.99892096842615,0 33.4771904375431,34.99906018927034,0 33.4764100312907,34.99913994972051,0 33.47589603126426,34.99932055010167,0 33.47606236402239,34.99935945392902,0 33.47563770909597,34.99949648435433,0 33.47515385553815,34.99969676040703,0 33.47519460130575,34.99992619282532,0 33.47537931021936,34.9999362695322,0 33.47519311527532,35.00010970738361,0 33.47491239145835,35.0001224756866,0 33.47466279968227,35.00012345186683,0 33.47408164359429,35.00017473470788,0 33.4741062005518,35.00000659837657,0 33.47405155837011,34.99987611345516,0 33.47407860142805,34.99964728489166,0 33.47324213712614,34.9997276810978,0 33.47299254423926,34.99975396294209,0 33.47298774090971,34.99984292001303,0 33.47294956866426,34.99981902703068,0 33.4729215875839,35.00030787015658,0 33.47316416559807,35.00029033430508,0 33.47326768039237,35.00085118207759,0 33.47371468389097,35.00082660745966,0 33.47363825723509,35.00092390989476,0 33.47345149485283,35.00118452785527,0 33.47292345015971,35.00111880138472,0 33.47263001572977,35.00124050424763,0 33.47244274635779,35.00123712094976,0 33.47244270217458,35.00121628395953,0 33.47232355860855,35.00122328647029,0 33.47228931477005,35.00112607023978,0 33.47197378559154,35.00079984584725,0 33.47153909691905,35.0010481809447,0 33.47150521466958,35.00112458147451,0 33.47103347144986,35.00132269739439,0 33.47085761930092,35.00105812493419,0 33.47014301302946,35.00086413413303,0 33.46956309646296,35.0011840553332,0 33.46936766693211,35.00121537908733,0 33.46896809872166,35.00110799698022,0 33.46892141529985,35.00113924737654,0 33.46869552495399,35.00164727882682,0 33.46867869154162,35.00175485767463,0 33.46904434804189,35.00192826625681,0 33.468985179855,35.00213652485415,0 33.46815227053075,35.00196668485555,0 33.46803371333337,35.00223043250791,0 33.46793968714832,35.00256230744201,0 33.46788901017522,35.00277400592483,0 33.46715429186115,35.00272547645106,0 33.46633483175454,35.00267935307787,0 33.46607006973109,35.00321846105381,0 33.4659510143461,35.0032410515017,0 33.46584077756319,35.00333124493581,0 33.46557778351188,35.003414480289,0 33.46527234410954,35.00344566677848,0 33.46505176295923,35.00345604723145,0 33.46480997546463,35.00343867452271,0 33.4644136231659,35.00355367186413,0 33.4644136726086,35.00361263338072,0 33.46401515287763,35.00369926921157,0 33.46407060069391,35.00412242229096,0 33.46411285765962,35.00450248933015,0 33.4638330107998,35.00452319363755,0 33.46383303772489,35.00456135052411,0 33.46376520081432,35.00456479171792,0 33.46373563965976,35.00472781507511,0 33.46323111072179,35.00468249909621,0 33.46313772738311,35.00447783168357,0 33.46210555744316,35.00464057436766,0 33.46201643402647,35.00429381658176,0 33.46102341565412,35.00459197601349,0 33.46087511323719,35.00420716702816,0 33.46069234688047,35.00362025653064,0 33.46021409559794,35.00372064152959,0 33.45972233461161,35.00317480091436,0 33.45960390036591,35.00344844560782,0 33.45944316506164,35.00385026689568,0 33.45950642472791,35.00403614671867,0 33.45957412540537,35.0041331804095,0 33.45947683669306,35.00448310214933,0 33.45981959824265,35.0046565178634,0 33.45977731576207,35.00492865816572,0 33.45956572595919,35.00489389129153,0 33.45896071247569,35.00494555095435,0 33.45842598405643,35.00499039429356,0 33.4578424466365,35.004955428507,0 33.45755919533139,35.00495180825553,0 33.45713516675075,35.0049831787677,0 33.45624846286648,35.00519067140861,0 33.45606041318545,35.00533228313431,0 33.45600551206989,35.00530108040137,0 33.45574350201618,35.00551906711243,0 33.45560670656951,35.00560900574319,0 33.45510856632828,35.00527972159693,0 33.45500306673055,35.00518617857658,0 33.45461869942509,35.00544556833943,0 33.45447364205763,35.00580326933522,0 33.4542457689746,35.00570269479603,0 33.45423743447451,35.00555729580152,0 33.45399948957773,35.0054755016547,0 33.45215503232392,35.00585043939117,0 33.45048229904965,35.00553792643041,0 33.44997942258282,35.00568618906423,0 33.44965641130729,35.00587094621266,0 33.44750431561418,35.00636504189358,0 33.44719418129271,35.00639463719623,0 33.44688473856224,35.00646582868352,0 33.44674520127413,35.00642027446504,0 33.44665200423572,35.00640537716209,0 33.44616906072995,35.00638565533842,0 33.44616052413515,35.00648251429722,0 33.44606466419825,35.00750366252603,0 33.44604395285575,35.00759034142062,0 33.44594623538054,35.00781608457917,0 33.44586376710549,35.00839987593459,0 33.44583613109373,35.00855336803431,0 33.44580816753455,35.00880583244406,0 33.44581697883354,35.00912296105757,0 33.44590604885946,35.00989097398111,0 33.4460368907186,35.00997596291613,0 33.44621462692377,35.01005042745044,0 33.44645218641013,35.01018365412395,0 33.44648819134391,35.01030984537688,0 33.4467917949428,35.01067222733334,0 33.44682449807743,35.01074295201672,0 33.44690396444592,35.0109852866536,0 33.4469860903526,35.01155527647628,0 33.44700964240379,35.01161314724013,0 33.44712718515456,35.01159528630257,0 33.44747743303752,35.01204253967006,0 33.44748542849344,35.01205673184569,0 33.44765410441379,35.0120192446214,0 33.44770906045736,35.01242982204214,0 33.44760777271036,35.01268036668907,0 33.44758885148186,35.01328620647485,0 33.44760376424536,35.01362201478732,0 33.44770813867454,35.01399757910871,0 33.44777709105852,35.01416124823285,0 33.44770279660107,35.01417779016349,0 33.44776552141028,35.01436880689615,0 33.44773100415638,35.01441676789349,0 33.44779241671397,35.01461604551728,0 33.44787725988796,35.01479390282228,0 33.44799434262229,35.01493158843521,0 33.44794192848006,35.01506634802169,0 33.44790029808158,35.01514187177974,0 33.44791566188574,35.01525303903578,0 33.44767132760477,35.015533676103,0 33.44762153728191,35.01564058832709,0 33.44751134044353,35.01570502769101,0 33.44744358075722,35.01570576247267,0 33.44726071771609,35.01550674933273,0 33.44711877882439,35.01556152133686,0 33.44704394509157,35.0157707651143,0 33.44707070065543,35.01600310214697,0 33.44696502286514,35.01623815073616,0 33.44682996186271,35.01624347873293,0 33.44681302041758,35.01645280126154,0 33.44686252046823,35.01645781298145,0 33.44676026606545,35.01693914089514,0 33.44703579396815,35.01698619978576,0 33.44732519846418,35.0169435773042,0 33.44755480454295,35.01657270043854,0 33.44761424191016,35.01638534004904,0 33.44773532349954,35.01641586068847,0 33.44799534241896,35.01632301174045,0 33.44812087552069,35.01637074433035,0 33.44793950473321,35.01682191096226,0 33.44782407643581,35.0175575642659,0 33.44762953461397,35.01759922334001,0 33.44771624393446,35.01810989635877,0 33.44768546496306,35.01837340360984,0 33.44778552999063,35.01845089695644,0 33.4477872347541,35.01869788310406,0 33.4477604130438,35.01904008466644,0 33.44780107886501,35.01919826559723,0 33.44799651657546,35.01968420333225,0 33.44803173032834,35.01974387145199,0 33.44780982236597,35.01976976512383,0 33.44778814815764,35.01971118637405,0 33.44750775038317,35.01922175221797,0 33.44766699899664,35.01903327022237,0 33.44718028087762,35.01842427690559,0 33.44683316640734,35.01854713292392,0 33.44680085973356,35.01825074643526,0 33.44619047205232,35.01814539897149,0 33.44618962424931,35.0180435853548,0 33.44566914382968,35.01794257312681,0 33.44581990022907,35.01742804104813,0 33.44538940760727,35.01739486930661,0 33.44533739360821,35.01774739215902,0 33.44470337401159,35.01775239502437,0 33.44467200462528,35.01788168378146,0 33.44469613428806,35.01825102269518,0 33.44501220585264,35.01826610859899,0 33.44534202801328,35.0183620903757,0 33.44561818309521,35.01839556672068,0 33.446617104916,35.01927130807174,0 33.44709996959112,35.01953475915842,0 33.4475055312133,35.01992820526802,0 33.44765020679296,35.02007607808292,0 33.44751624410882,35.0203024335181,0 33.44732625753879,35.02042080200516,0 33.44724272668245,35.02053291152496,0 33.44721238895867,35.0206138595606,0 33.44622457311679,35.02097575412803,0 33.44671138733149,35.02122456486319,0 33.44678615691151,35.02119565796974,0 33.44686601246786,35.02143612661752,0 33.44688134402838,35.02145741387882,0 33.44688144259199,35.02155970703786,0 33.44685525291789,35.02167815390349,0 33.44683579255773,35.02195274168871,0 33.44704647981956,35.02224879734248,0 33.44697837204633,35.02235548912513,0 33.44687217757264,35.02242842249353,0 33.44661824717128,35.02254486639958,0 33.44637453037789,35.02261202518873,0 33.44616533238812,35.02265518621287,0 33.44647981603641,35.02341909408268,0 33.4465573929207,35.02354737659223,0 33.44652061974782,35.02369215476992,0 33.44603216067124,35.02364829431503,0 33.44564041980752,35.02364017845017,0 33.44554554265736,35.02429411225101,0 33.44661851809577,35.02434707008609,0 33.44671204489073,35.02401735601845,0 33.44684452591184,35.02403617299765,0 33.44689460854055,35.02391663401915,0 33.44703808934115,35.02394154891785,0 33.44695316293264,35.02442332100182,0 33.44690298425594,35.02516697749908,0 33.44695159216127,35.02599464342057,0 33.44747980918481,35.02596715796996,0 33.44779585325498,35.02636231268106,0 33.44782289789556,35.02635842964695,0 33.44813653828313,35.02674447359336,0 33.44836598005703,35.02661078733323,0 33.44833598722399,35.02652408741042,0 33.44895258088599,35.0261830499668,0 33.44924576349513,35.02651161230291,0 33.44931096987054,35.02649382576339,0 33.44957706321511,35.02682927521796,0 33.44915529795625,35.02706965864558,0 33.44938516092768,35.0273334494229,0 33.44880658647038,35.02768575041496,0 33.44857498735959,35.02748232278172,0 33.44844682837407,35.0275420545307,0 33.44827162632431,35.02734796657087,0 33.44805802991473,35.02749682534243,0 33.44853021808455,35.02800837072642,0 33.4483254703613,35.02812809689149,0 33.44807117894494,35.02829989917557,0 33.44803473592587,35.02825242012176,0 33.44788154925715,35.02837039301122,0 33.44776668815577,35.02830341362342,0 33.44763582821409,35.02854526001066,0 33.44730384126584,35.02875995260837,0 33.44689357753558,35.02878822804926,0 33.44708569640475,35.02909947193731,0 33.44704188350871,35.02911753272996,0 33.44740048177579,35.02999297168488,0 33.44825750947313,35.02972336891916,0 33.44846379138179,35.02965285262383,0 33.44879451346687,35.02954106970289,0 33.44929124680997,35.02941032036119,0 33.45001828186268,35.02927468943772,0 33.45030992304055,35.02922028080252,0 33.45044038873197,35.02923921035386,0 33.45088949027847,35.02913380146095,0 33.45099686490067,35.02921236182155,0 33.45106354438388,35.02921943888131,0 33.45120291262112,35.02936472088643,0 33.45147229104614,35.02925236009902,0 33.45178249836624,35.02929015931476,0 33.45213302400904,35.0291705522379,0 33.45264623869719,35.02927487785116,0 33.45274490857587,35.02934390872802,0 33.45246411552002,35.02956357414466,0 33.45229863484899,35.02940640302739,0 33.45211598698044,35.0293827671132,0 33.45204937807694,35.02941860488868,0 33.45205259474663,35.0296093402221,0 33.45189317194501,35.02960713510824,0 33.45175414338775,35.02966928152836,0 33.45148749222,35.02967911858256,0 33.45127326530795,35.02983910244233,0 33.45106421170157,35.02962237119018,0 33.45079162853665,35.02955115107795,0 33.45043799293362,35.02954439208604,0 33.45001889116296,35.0296457786303,0 33.4494728222486,35.0297778801228,0 33.44969268640369,35.03004167475092,0 33.44963141533984,35.03026727602762,0 33.45002045449786,35.03059678984378,0 33.45028657823894,35.03082529720437,0 33.45002121742674,35.03106126846853,0 33.44988498635213,35.03119566060856,0 33.45002162474344,35.03130891779181,0 33.45023558621403,35.03148627052878,0 33.45002228673369,35.0317117869088,0 33.44978925796944,35.03195815903646,0 33.44951115198909,35.03231598263379,0 33.44989350975073,35.03272445464654,0 33.45002415400621,35.03284932889519,0 33.45017826462941,35.03299663145148,0 33.45036947859451,35.03335238499558,0 33.45153817246306,35.0328510284988,0 33.45153804661593,35.03277474864921,0 33.4518776841365,35.03253705709501,0 33.45198597431522,35.03259202491626,0 33.45266519002298,35.03208273370137,0 33.45258264379122,35.032015023634,0 33.45265973489141,35.03190051886656,0 33.45209727059406,35.03136296729574,0 33.45124611794485,35.03071555801345,0 33.45175542504811,35.03027426523638,0 33.45222992338871,35.0305873193517,0 33.45257542147427,35.03077762589457,0 33.45272458367499,35.03063337421828,0 33.45358531686895,35.03084427907702,0 33.45360087886336,35.0309078273646,0 33.45407522511039,35.03112764695049,0 33.45426538079662,35.03085197703258,0 33.4546523636675,35.0311947875449,0 33.45409655403252,35.03155139020009,0 33.45433915147843,35.03182232592789,0 33.45389643362857,35.03203048124437,0 33.45359705288747,35.03169604319122,0 33.45346836289437,35.03175975653146,0 33.45324653336928,35.03158626181656,0 33.45298403735833,35.03173911756877,0 33.45368094462874,35.03256043666022,0 33.45566785110712,35.03151568036334,0 33.45614761560379,35.03188380444241,0 33.45667853759133,35.03203574279327,0 33.45706926051547,35.03155642612357,0 33.45715168058729,35.03155209264116,0 33.45725437600844,35.03135279981046,0 33.45716152049103,35.03128086802239,0 33.45740849844487,35.03109835657072,0 33.45724317614442,35.03083157619162,0 33.45762412195284,35.03066162181034,0 33.4579291994004,35.03130115600901,0 33.45811512585075,35.03156367327506,0 33.45806380927636,35.03167815269948,0 33.45850728705524,35.03191070108955,0 33.458836451068,35.03158824725245,0 33.45901747965107,35.03199061427642,0 33.45853355365582,35.03220307351246,0 33.45835862930033,35.03234312172356,0 33.45860112339476,35.03254200737099,0 33.45868344192387,35.03247834310854,0 33.45948796281841,35.0329308222275,0 33.45831988304818,35.03375855892947,0 33.45743738356683,35.03289934378553,0 33.45698340007846,35.03255238405388,0 33.45577920855326,35.03336318489075,0 33.45636737765855,35.03384559923596,0 33.45633145167885,35.03392615662725,0 33.45747174752999,35.03489102084572,0 33.45735347539949,35.03502252762563,0 33.4582361985374,35.03599616208045,0 33.45799433606289,35.03616595220277,0 33.45824210210736,35.03642839604355,0 33.45763038437606,35.03681293611213,0 33.45746707680273,35.03691559453767,0 33.45759970718179,35.03708520992545,0 33.45770023440746,35.03705897284593,0 33.45784333707953,35.03716327897263,0 33.4583403819846,35.03685797706152,0 33.45887065849949,35.03739278027872,0 33.45815698189038,35.03792905566083,0 33.45898906549859,35.03850703440523,0 33.45931767940313,35.03874606504984,0 33.4591067575407,35.03921209662304,0 33.45898583918714,35.03968672757664,0 33.45897073692022,35.04013076174776,0 33.45886040854143,35.04060973331648,0 33.45914617240242,35.04055715640355,0 33.45956476471921,35.0407830213472,0 33.46004593689313,35.04047337650132,0 33.46062382787044,35.04097329210668,0 33.46010564422301,35.0413091006373,0 33.46031778990204,35.04153520748325,0 33.4599740568697,35.04173586191842,0 33.4603140136558,35.0423927727216,0 33.46085361786103,35.04219188281049,0 33.46061462041438,35.04175250749325,0 33.46112753610965,35.04142976206383,0 33.46135546625873,35.04159925972185,0 33.46140304714467,35.04156437623722,0 33.4620230669759,35.04193364095338,0 33.46236236495624,35.04221182754102,0 33.46274309619452,35.0419806513001,0 33.46295548555872,35.04233734545752,0 33.46325172979403,35.04222380419174,0 33.46321966183142,35.0420540727264,0 33.46389667219079,35.04173111451292,0 33.46420881662967,35.04163061123661,0 33.46434695016654,35.04190468600956,0 33.46447919797522,35.04185228644456,0 33.4648819546082,35.04209120991477,0 33.46498242305329,35.0420301427991,0 33.46530591143565,35.04234316626552,0 33.46561857672266,35.04252560954509,0 33.46579334243468,35.04256457019265,0 33.46611670675257,35.04280794166732,0 33.46629728763465,35.04312984580121,0 33.46625500073203,35.04316472346735,0 33.46635589495353,35.04333436892329,0 33.46626606240947,35.04342154172808,0 33.46635650473686,35.04366520346217,0 33.46606029392404,35.0437961638181,0 33.46631502192718,35.04413538848176,0 33.46647950702086,35.0443397794562,0 33.46667552548887,35.04441789010951,0 33.46731624232611,35.04450415075114,0 33.46765557388122,35.0447866741871,0 33.46793122923367,35.04498657013099,0 33.46828657591075,35.04533872438633,0 33.4685730631582,35.04566919688016,0 33.46873236181215,35.04592582798239,0 33.46886539642001,35.04629131918108,0 33.46887642463917,35.04652637260418,0 33.46876042605274,35.04677464479868,0 33.46876085736928,35.04700535920317,0 33.46880916217584,35.04735789905641,0 33.46871438911874,35.04763661542796,0 33.46870401216032,35.04774980958936,0 33.46887913154407,35.04797159654333,0 33.46892727234234,35.04823272037773,0 33.46867992221992,35.04902094282696,0 33.46862751904106,35.04930831387185,0 33.46871806664304,35.04959985516371,0 33.4689838023428,35.05014800609096,0 33.46887883316717,35.05063568713152,0 33.46878332549569,35.05107879371637,0 33.46880121826227,35.0513042267272,0 33.46881479861473,35.05147533669107,0 33.4689478362759,35.05181436021762,0 33.46919050561532,35.0522328074122,0 33.46939217720567,35.05251102715012,0 33.46952480364374,35.05263020401824,0 33.46997032017072,35.05259822850437,0 33.47034966484882,35.05257680653539,0 33.47014936941144,35.05302722506003,0 33.47057710419148,35.05301411512315,0 33.47060596846197,35.05346633504396,0 33.47151716388363,35.05328091222938,0 33.47226551065847,35.05315850501045,0 33.47231939942579,35.05337618754984,0 33.47251796652584,35.05335708773255,0 33.4726562021841,35.05374216411764,0 33.47364424829178,35.05380159665386,0 33.47400554654789,35.05366502725579,0 33.47406927268764,35.05370054076176,0 33.47422698190052,35.05362076979248,0 33.47446149003385,35.0537523699516,0 33.47490375807546,35.05335606274846,0 33.475459527569,35.05371127211897,0 33.47547957048697,35.05354374324376,0 33.47512500584725,35.05321548787857,0 33.47494114582844,35.05294144468389,0 33.47553916111018,35.0527668714841,0 33.47550325662831,35.05263501070733,0 33.47577557831187,35.05257393077096,0 33.47583432022521,35.05266598038059,0 33.47623913767978,35.05265287908028,0 33.47643569060799,35.05290387279754,0 33.47651573396602,35.05291695246132,0 33.4767459198595,35.05295264440768,0 33.47698866979685,35.05377267583486,0 33.47706537535201,35.05376355842984,0 33.47727368018261,35.05379032491737,0 33.47738341136541,35.05385328206394,0 33.47698943409831,35.05416031398192,0 33.47698954033714,35.05421440262704,0 33.47729647603428,35.05423202312813,0 33.47766924407345,35.0542856139944,0 33.47788845889526,35.05428532032353,0 33.47838159844301,35.05423958351901,0 33.47941175632653,35.05416607406907,0 33.48009106271662,35.05403894359019,0 33.48035536936395,35.05466061054379,0 33.48015862135653,35.0549313244912,0 33.47936997047854,35.05519382752123,0 33.47933732311883,35.05531106397738,0 33.47907451555741,35.05543762784019,0 33.47908619700662,35.05579820658637,0 33.47909836521139,35.05640218811725,0 33.47890119419453,35.05646555959477,0 33.47890141033241,35.05657373681547,0 33.47903324770429,35.05672681183078,0 33.47902257535943,35.05687106405593,0 33.47885834035199,35.05696143510104,0 33.47846383187972,35.05700704000665,0 33.47840924269128,35.05711529275273,0 33.47814585484101,35.05721970746809,0 33.47813543178821,35.05722383914407,0 33.47797033537629,35.05688149560173,0 33.4777840526364,35.05690879034999,0 33.47765268002973,35.05699010007442,0 33.47766428476283,35.05731462103902,0 33.47752218301942,35.05751313797695,0 33.47752257470439,35.0577114643845,0 33.47739120275658,35.05779277472018,0 33.47715005821075,35.05779309700257,0 33.47704062566403,35.05788339243795,0 33.47652550406633,35.05791112344351,0 33.4763882554626,35.05791854206731,0 33.47629429764153,35.05804848131072,0 33.47620803322263,35.05820772301899,0 33.47596638556283,35.05833785769725,0 33.47590632699487,35.05887603779522,0 33.47652733059676,35.05883965192556,0 33.47689997823787,35.05882112650874,0 33.47740403635093,35.05873931956951,0 33.47774396150157,35.05880196868618,0 33.47821556391901,35.05893655933984,0 33.4782921159123,35.05894072310583,0 33.47886235221578,35.05897174617749,0 33.47925704915124,35.0590162872646,0 33.4806271753633,35.05899639605973,0 33.48072588034107,35.0590233058922,0 33.48065037042721,35.05962740627544,0 33.48037648222179,35.05969989897356,0 33.47997072933242,35.05961030152815,0 33.47966397366891,35.05969185291646,0 33.4793681436822,35.0597553574276,0 33.47934894196213,35.05981097177883,0 33.47923736310839,35.06013415918731,0 33.47904072369929,35.0604679747043,0 33.47901892566863,35.06053110798214,0 33.47907398651162,35.06065724092718,0 33.4791183540477,35.06091861378693,0 33.47908610193337,35.06123417813723,0 33.47894390693621,35.06138762118137,0 33.47822203544549,35.0621909178331,0 33.4773250988025,35.06316572678872,0 33.47721548116102,35.06316587325321,0 33.47705083977132,35.06305791383964,0 33.4769417190421,35.06331047756313,0 33.47700802384612,35.06358083481012,0 33.47697521043482,35.06361693813218,0 33.47655890492933,35.06374369976862,0 33.47653712101688,35.06378690960585,0 33.47629631351452,35.06425862737974,0 33.47594245703768,35.06431562870529,0 33.4759836406483,35.06453960846078,0 33.4760379883052,35.06498341691693,0 33.47615529992308,35.06506910579547,0 33.47642259346851,35.0649971947599,0 33.47653985589768,35.06520413450679,0 33.47684789737357,35.06576264573555,0 33.47686064131901,35.06579864472532,0 33.47694264843529,35.06603028870425,0 33.47719610554734,35.06592567141894,0 33.47733377936479,35.06606452516401,0 33.47714913628658,35.06622553542879,0 33.47710186616168,35.06637332594323,0 33.47725063472826,35.06677720759746,0 33.4771187326938,35.06688600718003,0 33.47722528625602,35.06732035929035,0 33.47695598800914,35.0674336861234,0 33.47715378747621,35.06858048877822,0 33.47748238444331,35.06905364674863,0 33.47789065311213,35.06972656527129,0 33.47805523463559,35.07010435344364,0 33.47772814786207,35.07039590333006,0 33.47740028364363,35.07029640617588,0 33.47679730918344,35.07004520326372,0 33.47654914813795,35.06989771503086,0 33.47609064369494,35.06962521299673,0 33.47560176558401,35.06924027952214,0 33.47523769204648,35.06905977197901,0 33.47491180872477,35.06881626228545,0 33.47476914639361,35.06928072368416,0 33.47474158539892,35.0698709341093,0 33.47469578089649,35.07092544404771,0 33.47473472343092,35.07126375998926,0 33.47471681611424,35.07190117245726,0 33.47482276425775,35.07223940090436,0 33.47486195271541,35.07270361973571,0 33.47507374454146,35.07332499702456,0 33.47448026504314,35.07331790868103,0 33.47184762919267,35.07310100419828,0 33.47040192053043,35.07289040229547,0 33.46929155421776,35.07286033945315,0 33.46827724534798,35.07301900535688,0 33.46757888861972,35.07321660911107,0 33.4666129837171,35.07367422529487,0 33.46676696192738,35.07412256853743,0 33.46683466688321,35.07450019478049,0 33.46677762730952,35.07471273165608,0 33.46662467826881,35.07482308811463,0 33.46618450379583,35.07489445870646,0 33.4654195886775,35.07535181093491,0 33.46536181347614,35.07516302658882,0 33.46508425575598,35.07517910691126,0 33.46475868061221,35.07510868683986,0 33.46462440376646,35.07495933975379,0 33.46442349330194,35.07501467232223,0 33.46425970839816,35.07443256424501,0 33.46417357886134,35.07444053964625,0 33.46408715804317,35.07429113857763,0 33.46410607726041,35.07416520995147,0 33.46389528100696,35.07404743363323,0 33.46372253206451,35.07379583643263,0 33.46330161800234,35.07393012405216,0 33.46294737772756,35.07388334160759,0 33.46278427486054,35.07367107698466,0 33.46251632323563,35.07370288036972,0 33.46214342027696,35.07392366468046,0 33.46247990237259,35.07474163385593,0 33.46258527809843,35.07478871719453,0 33.46273030156728,35.07559118400572,0 33.46308545807396,35.07614158035132,0 33.46334448619607,35.07646389491482,0 33.46392091945889,35.07762780476797,0 33.46310768303068,35.07784912898251,0 33.4636551679471,35.0788793014455,0 33.46450968034032,35.08031933852995,0 33.46463099461489,35.08052377328442,0 33.46385747984969,35.08095092879577,0 33.46332815559202,35.08126888512079,0 33.46325040933834,35.08122016277975,0 33.46280792491805,35.08156617215303,0 33.46229551426537,35.08113120343404,0 33.46152479410394,35.08057449930222,0 33.46111178938336,35.08080405938978,0 33.46128596617525,35.08113430133221,0 33.4608270933067,35.08125877232226,0 33.46111331111612,35.08165834848655,0 33.46079612014285,35.08182395435181,0 33.46109837186808,35.08224792111533,0 33.46136064836573,35.08330654765474,0 33.46140682632237,35.083584371768,0 33.46133383067901,35.08363890779125,0 33.46142144615816,35.08409692745731,0 33.46081415255579,35.08425912710193,0 33.46060860622429,35.08427439449196,0 33.4609276658805,35.08515270963164,0 33.45988647680852,35.08537363008121,0 33.46008593468824,35.0857902115571,0 33.45903134928597,35.0861932638919,0 33.45858380226373,35.08628204017153,0 33.45809308257815,35.08650229282591,0 33.45812062809101,35.08657923908795,0 33.45732174353553,35.08691814071293,0 33.45750747249907,35.0873253539451,0 33.45726115092407,35.08754156113508,0 33.45740346301412,35.0879394373822,0 33.45721631969589,35.08803353322961,0 33.45724899795194,35.08843717098716,0 33.45767732828399,35.08911258865935,0 33.45797060550568,35.08962294031192,0 33.4580699579644,35.09026870371989,0 33.45791469488378,35.09031019139139,0 33.45755658099939,35.09060914201307,0 33.45765293867516,35.09084935788365,0 33.45716226293008,35.09111091522863,0 33.45756343973855,35.09192718153412,0 33.45867312709795,35.0916367290618,0 33.4591653197342,35.09223696386936,0 33.45947431970578,35.09258394367669,0 33.45976941720703,35.09282016575204,0 33.45942696755482,35.0929369823334,0 33.45899289503579,35.09291309036072,0 33.45789667825959,35.09307960858457,0 33.45777393282233,35.09269463965106,0 33.45806541743594,35.09262958781488,0 33.45806393037346,35.09260744051777,0 33.45769402545542,35.09264737509118,0 33.45750735514501,35.09231336104872,0 33.45671969934371,35.09237465397659,0 33.45678948783578,35.09264438156329,0 33.45646164893282,35.09254324545138,0 33.45614872413187,35.09253432191225,0 33.45599514150798,35.09216821181857,0 33.45560065295494,35.09222377627245,0 33.45517247249047,35.09228161487197,0 33.45437424405729,35.0924504752339,0 33.45390926670513,35.09260110263936,0 33.45421879283673,35.0931895125942,0</coordinates>
						</LinearRing>
					</outerBoundaryIs>
				</Polygon>
			</MultiGeometry>
		</Placemark>
	</Document>
</kml>