<?xml version='1.0' encoding='UTF-8'?>
<kml xmlns="http://www.opengis.net/kml/2.2">
	<Document>
		<name>Dimos Pafou</name>
		<Style id="PolyStyle80">
			<LabelStyle>
				<color>00000000</color>
				<scale>0.000000</scale>
			</LabelStyle>
			<LineStyle>
				<color>ffa9e600</color>
				<width>2.000000</width>
			</LineStyle>
			<PolyStyle>
				<color>00828282</color>
				<outline>1</outline>
			</PolyStyle>
		</Style>
		<Placemark id="ID_80039">
			<name>Dimos Pafou</name>
			<snippet />
			<description>&lt;html xmlns:fo="http://www.w3.org/1999/XSL/Format" xmlns:msxsl="urn:schemas-microsoft-com:xslt"&gt;

&lt;head&gt;

&lt;META http-equiv="Content-Type" content="text/html"&gt;

&lt;meta http-equiv="content-type" content="text/html; charset=UTF-8"&gt;

&lt;/head&gt;

&lt;body style="margin:0px 0px 0px 0px;overflow:auto;background:#FFFFFF;"&gt;

&lt;table style="font-family:Arial,Verdana,Times;font-size:12px;text-align:left;width:100%;border-collapse:collapse;padding:3px 3px 3px 3px"&gt;

&lt;tr style="text-align:center;font-weight:bold;background:#9CBCE2"&gt;

&lt;td&gt;Δήμος Πάφου&lt;/td&gt;

&lt;/tr&gt;

&lt;tr&gt;

&lt;td&gt;

&lt;table style="font-family:Arial,Verdana,Times;font-size:12px;text-align:left;width:100%;border-spacing:0px; padding:3px 3px 3px 3px"&gt;

&lt;tr&gt;

&lt;td&gt;NAME_GR&lt;/td&gt;

&lt;td&gt;Δήμος Πάφου&lt;/td&gt;

&lt;/tr&gt;

&lt;tr bgcolor="#D4E4F3"&gt;

&lt;td&gt;NAME_ENG&lt;/td&gt;

&lt;td&gt;Dimos Pafou&lt;/td&gt;

&lt;/tr&gt;

&lt;tr&gt;

&lt;td&gt;DISTRICT_N&lt;/td&gt;

&lt;td&gt;ΠΑΦΟΣ&lt;/td&gt;

&lt;/tr&gt;

&lt;tr bgcolor="#D4E4F3"&gt;

&lt;td&gt;SHAPE.AREA&lt;/td&gt;

&lt;td&gt;16993284,480909&lt;/td&gt;

&lt;/tr&gt;

&lt;tr&gt;

&lt;td&gt;SHAPE.LEN&lt;/td&gt;

&lt;td&gt;30245,106283&lt;/td&gt;

&lt;/tr&gt;

&lt;/table&gt;

&lt;/td&gt;

&lt;/tr&gt;

&lt;/table&gt;

&lt;/body&gt;&lt;script type="text/javascript"&gt;

				function changeImage(attElement, nameElement) {

				document.getElementById('imageAttachment').src = attElement;

				document.getElementById('imageName').innerHTML = nameElement;}

			&lt;/script&gt;&lt;/html&gt;

</description>
			<styleUrl>#PolyStyle80</styleUrl>
			<MultiGeometry>
				<Polygon>
					<extrude>0</extrude>
					<altitudeMode>clampToGround</altitudeMode>
					<outerBoundaryIs>
						<LinearRing>
							<coordinates> 32.45038447547009,34.80101736919296,0 32.4499858941406,34.80131123187049,0 32.44989878247685,34.80137748272221,0 32.44976791160266,34.80161802617459,0 32.44977591991164,34.80173923613863,0 32.44932440067228,34.80174953014249,0 32.44928752950218,34.80165667063307,0 32.44922198916984,34.80148573359937,0 32.44915503077494,34.80127107283125,0 32.44912840865646,34.80116095285484,0 32.44902334159934,34.80102086264462,0 32.44893855532328,34.80091611961008,0 32.44874171420078,34.80069381933377,0 32.44873047930462,34.80058376896084,0 32.44872428950226,34.80048643285441,0 32.44867019255475,34.8003945218587,0 32.4485477958091,34.80028960905951,0 32.44816471577871,34.80005094997948,0 32.44805270972184,34.79992634039051,0 32.44798338733881,34.79981038525465,0 32.44790565845459,34.79967323867924,0 32.44769726048337,34.79939024238785,0 32.44763125485623,34.79928981503255,0 32.44760295449203,34.79917545661019,0 32.44762828993374,34.79896544429959,0 32.44760531558253,34.79882149403037,0 32.44753062177366,34.79874218134707,0 32.44747630146308,34.79868411437951,0 32.44729021282232,34.79864519245095,0 32.44719296536603,34.79861513565548,0 32.44705367566202,34.79848052859685,0 32.44693087990054,34.7984362533368,0 32.44680624221904,34.79841171299029,0 32.44670226978219,34.7983647015409,0 32.44649693192274,34.79813671773996,0 32.44606468672829,34.79783859820391,0 32.44576233200726,34.79758061683394,0 32.44568340668592,34.79752593551454,0 32.44553048517801,34.79748311087603,0 32.44527657255691,34.79746975910468,0 32.44498342819492,34.79749502962451,0 32.44480154259664,34.79756293417717,0 32.44459293552062,34.7976074358417,0 32.44451500447285,34.79760486262516,0 32.44442154193165,34.79761675062525,0 32.44433751945368,34.79765444309739,0 32.44423981054331,34.79769348467337,0 32.44415592041529,34.7977114342148,0 32.44402764771844,34.79771931015553,0 32.44389925190138,34.7977455180479,0 32.44381884716235,34.79775361247921,0 32.44368484130652,34.79774640505305,0 32.44355279605553,34.79775267851125,0 32.44345817474352,34.79777287718599,0 32.44336508864205,34.79777130574539,0 32.44310020258743,34.7976955905923,0 32.44298629104589,34.79769163029607,0 32.44290689892794,34.79771992198635,0 32.44262350433389,34.79791691758493,0 32.44256385826451,34.79790174445449,0 32.44247949447724,34.79784290124007,0 32.4424090637437,34.79777839132853,0 32.44219386802391,34.79754587227002,0 32.44198122068272,34.79734775006008,0 32.44170149456143,34.79720662993534,0 32.44160335376771,34.79713053059047,0 32.44153708541138,34.79706718500462,0 32.44145718575164,34.79696480653722,0 32.44138953540025,34.79690030879392,0 32.44113184139323,34.79678909019377,0 32.44103507611093,34.79671528907672,0 32.44094809826514,34.79663236245965,0 32.44088060333596,34.79654494144736,0 32.44081321798762,34.79644147340897,0 32.44071179251117,34.79623469045504,0 32.44042947051047,34.79606509331308,0 32.44024110698661,34.79591755871869,0 32.44006727126229,34.79575935898841,0 32.43988055635236,34.79558202069135,0 32.43978416212781,34.79551480172258,0 32.43938951643461,34.79533915294393,0 32.43914854150928,34.79522227578648,0 32.43903375602567,34.79514265866,0 32.43895782815778,34.79507009766394,0 32.43890556605369,34.79499076861366,0 32.4388342409249,34.79485404148842,0 32.43871383698988,34.79457839733116,0 32.43864480965137,34.79451274597259,0 32.43858251901055,34.79447807219986,0 32.43851039453624,34.79445940052359,0 32.43840913146612,34.79443486298111,0 32.43826067625715,34.7944032304428,0 32.43812330398602,34.7943762336296,0 32.43800125438251,34.79434357603841,0 32.4379084367609,34.79430303048404,0 32.43783148635308,34.79417659290558,0 32.43776567449328,34.79404676772477,0 32.43772558447807,34.79401678080749,0 32.4374943185426,34.79390338423936,0 32.43737567925404,34.7937778994259,0 32.43722437308767,34.79355254398109,0 32.43716501046627,34.79349610595255,0 32.43701668986897,34.79344498692428,0 32.43690846556148,34.79342270830841,0 32.43679183500812,34.79341070681622,0 32.43658905526691,34.79339945218813,0 32.43626822312724,34.79331026518808,0 32.43599192989023,34.79355538209458,0 32.43594425151328,34.79360646318698,0 32.43583299234814,34.79377371603794,0 32.43559839343975,34.79424229834473,0 32.43552682637931,34.79438199663797,0 32.43545578953547,34.7945206624873,0 32.43539803709699,34.79465529916785,0 32.43535621099961,34.79478532400327,0 32.43531905285085,34.7949059125372,0 32.43530569781669,34.79496401438831,0 32.4352174024722,34.79521803159335,0 32.43516707005026,34.79535250606191,0 32.43510151032644,34.79554956372579,0 32.43503610925575,34.79575231199094,0 32.43485445547519,34.79642203578347,0 32.43484448059981,34.79645007301575,0 32.43483119893953,34.79648740679608,0 32.43481454478361,34.79653421710664,0 32.43480549915501,34.79655210479814,0 32.43478347669689,34.79650356890352,0 32.43457910535107,34.79610093126593,0 32.43448732974718,34.7958397228413,0 32.43437758779795,34.79568361210984,0 32.43432020064402,34.79549335908269,0 32.43428470973874,34.79542270218296,0 32.4342127093635,34.79528047225702,0 32.43424549706867,34.79526868506007,0 32.43415264453663,34.7951009338659,0 32.43414048008457,34.795079814193,0 32.4341238454054,34.79491887614641,0 32.4341012702282,34.794847238973,0 32.43410567375705,34.79474555503549,0 32.43407647778157,34.79466974764536,0 32.43397589391798,34.79456868697656,0 32.4338028798205,34.79438326037947,0 32.43378977186325,34.79436943075844,0 32.43373860726159,34.79431544868604,0 32.43350849210325,34.7940669145873,0 32.43304067596772,34.7935936087404,0 32.43257354776659,34.79329549527363,0 32.43210659784778,34.79306064323133,0 32.43177324472676,34.792864290025,0 32.43163073174039,34.79279235740735,0 32.43157788393957,34.79276903546584,0 32.43142583755885,34.7927220605149,0 32.43120196554746,34.79261339210066,0 32.43100061774191,34.7925264361707,0 32.43058412149968,34.79230306416913,0 32.4304456699076,34.7922457570554,0 32.43041202038805,34.79223995385009,0 32.4303549229778,34.79222007754105,0 32.43010348650007,34.79208826786074,0 32.43000029691242,34.79204372751917,0 32.42991208740627,34.79193742275596,0 32.42987142121631,34.79187803900442,0 32.42979137172492,34.79183929317986,0 32.42968716984566,34.79178885599786,0 32.42961055790941,34.79178442607792,0 32.4295264088565,34.79178533789261,0 32.4294919379896,34.79177428238147,0 32.42947329959797,34.79176874398951,0 32.42929492747916,34.79166483673185,0 32.42926427836349,34.79164609894782,0 32.42922784575067,34.79164351133557,0 32.42918864267602,34.79163781876933,0 32.4291346004545,34.79162121854058,0 32.42908250074348,34.7915976916951,0 32.42903695461194,34.79157344286526,0 32.42896969910971,34.79156831093999,0 32.42893707572094,34.79156461160363,0 32.4289332837241,34.79156418185261,0 32.42880442319972,34.79155010421957,0 32.42876148975802,34.7915436124584,0 32.42873352856825,34.79153569095359,0 32.42850460998479,34.7914375732425,0 32.428447178139,34.79138855621905,0 32.42834644505734,34.79128060317115,0 32.42824455986795,34.79119269362705,0 32.42815453603504,34.79113186409332,0 32.42799023823562,34.79102343360653,0 32.42769400150402,34.79092635105638,0 32.42754576884602,34.79088821974251,0 32.42732202099843,34.79083101179583,0 32.42725861387226,34.79081588199996,0 32.42722719807067,34.79078171369783,0 32.42720493831845,34.790765351416,0 32.4271779311602,34.79075589347795,0 32.42704440653173,34.79074100778141,0 32.42699483731154,34.79074294871435,0 32.42686757993921,34.79075355990334,0 32.42675255988556,34.79075655100185,0 32.4266036208772,34.79069096987526,0 32.42648896348221,34.79064048521425,0 32.42641148513751,34.79058872162987,0 32.42627605001061,34.79048387737618,0 32.42622321053229,34.79044984671339,0 32.42617189820297,34.79043923010325,0 32.42600539849168,34.79042191256231,0 32.42593637057129,34.79040970239048,0 32.42574553907657,34.79034540099462,0 32.42558839695473,34.7902813484381,0 32.42551438924676,34.79023692398793,0 32.42541319737508,34.79018310793698,0 32.42521438703304,34.79007737557311,0 32.42509156243443,34.79000138525856,0 32.42499253218519,34.78994823712228,0 32.42475230986032,34.78985012838319,0 32.42468249623558,34.78979507089467,0 32.42464035181222,34.78972250922688,0 32.42459503239799,34.7896258414626,0 32.42453031213666,34.7894971546376,0 32.42440997519051,34.78935034809372,0 32.42427825828221,34.78930262473547,0 32.42408736820891,34.78924808851043,0 32.42390045569989,34.78922262252819,0 32.42371630350402,34.78918017712185,0 32.42363693113769,34.78913567294765,0 32.42351100293332,34.7891000347792,0 32.4234289309243,34.78906210182545,0 32.42341058072754,34.78905360894174,0 32.4233032759365,34.78900215641651,0 32.42321108565191,34.78892566752024,0 32.42320035734031,34.78891396823087,0 32.42319035300473,34.7888894673689,0 32.42315987829996,34.78872331224298,0 32.4231468858294,34.78868355110431,0 32.42312524375001,34.78866686918971,0 32.4230767404116,34.78865164108912,0 32.42303177138806,34.78864448231603,0 32.42294831819355,34.78863520388317,0 32.42285683448237,34.78862772896475,0 32.42271872587516,34.78861364432827,0 32.42263863881931,34.78860552467817,0 32.42255270867532,34.78861003622413,0 32.42249415387307,34.78860423978453,0 32.42236976044118,34.78861993680497,0 32.42225869454131,34.78862430271456,0 32.42220216207395,34.78862464464663,0 32.42217284477822,34.78862417734927,0 32.42208502871728,34.788617715357,0 32.42199757841818,34.78861599392577,0 32.42193172557188,34.78862541227588,0 32.42189788585803,34.7886329138277,0 32.42185956925691,34.7886454593157,0 32.42182430687679,34.78865828432377,0 32.42175651577148,34.78868724477507,0 32.42167840905638,34.78871397197925,0 32.42157073043226,34.78873599730289,0 32.42149463846125,34.78874473394394,0 32.42140481765405,34.78875010960108,0 32.42137444882738,34.7887514129559,0 32.4213101138694,34.78875108276549,0 32.42128646704715,34.78872721370362,0 32.42127043876938,34.78870374684674,0 32.42124474535547,34.78864203537406,0 32.42123608891244,34.78862191005803,0 32.4211898980516,34.78851409504945,0 32.42113043697456,34.7884727344122,0 32.42085385830024,34.78829887439829,0 32.42079511116272,34.78823874353644,0 32.42068195462428,34.7880658761125,0 32.42066560119135,34.788029573779,0 32.42054575173361,34.7877206195265,0 32.42050283030265,34.78764155782708,0 32.42041321135112,34.78755686149965,0 32.42036364630606,34.7875187910007,0 32.42033462541814,34.78750225374164,0 32.42022009971549,34.78746535668253,0 32.42019054032989,34.78745582644789,0 32.42015714071929,34.78743077939657,0 32.42012622161894,34.78739993074488,0 32.42008282989999,34.78732273084062,0 32.42006125230018,34.78724671478439,0 32.42004758155292,34.78717937763323,0 32.42004546639544,34.78716826627986,0 32.42003586247855,34.78714010900801,0 32.4200160450518,34.78708908934013,0 32.41998734233443,34.7870251069414,0 32.41997272951151,34.78699246184837,0 32.41995464200564,34.78696966198659,0 32.41989667234461,34.78691950165126,0 32.41987664379918,34.78689584336745,0 32.41982082132275,34.78684879689907,0 32.41978572158683,34.78682660552748,0 32.41975295025548,34.78680551058318,0 32.41973302156524,34.78679428185383,0 32.41971663072365,34.78678837498186,0 32.41968817792811,34.78678235561466,0 32.4196748828666,34.78678326578842,0 32.41965993101675,34.78678594120083,0 32.41963928283752,34.78678914113527,0 32.4195779251205,34.78680964667405,0 32.41953583523424,34.78681436694401,0 32.41946748383558,34.78681579788591,0 32.4194060353439,34.78680683832511,0 32.41931330436831,34.78678356692365,0 32.41924120004236,34.78676376075826,0 32.41919585890799,34.78674815587817,0 32.41904163026467,34.78667980890894,0 32.41892326398161,34.78663489379552,0 32.41887452003829,34.78662169202585,0 32.418776049559,34.78660375009282,0 32.41871505506741,34.78660331009068,0 32.41868247772835,34.7866086551209,0 32.41863591541301,34.78661824765693,0 32.41856762800672,34.78663938485411,0 32.41852562739245,34.78665738887128,0 32.41851112452873,34.78666349988523,0 32.41843650164174,34.78667316021429,0 32.41837385886191,34.78667622148483,0 32.41829480726318,34.78668995942807,0 32.41827062004434,34.78669486487551,0 32.4181098649785,34.78673477773295,0 32.4180671454188,34.78674233673559,0 32.41795994826043,34.78674971903755,0 32.41779497756781,34.78673722844713,0 32.4177751436486,34.78673214499106,0 32.41773978317004,34.78672117655738,0 32.41748155843343,34.78665781268433,0 32.41744263776598,34.78664597526274,0 32.41731594144292,34.78660100430008,0 32.41722954070535,34.78657217447135,0 32.41712017798366,34.78654804472942,0 32.41693805044343,34.78653660032981,0 32.41681889548221,34.78651963495813,0 32.41679494017936,34.78651083658066,0 32.41674699350023,34.78648082766573,0 32.41671525085196,34.78644520106253,0 32.41664456178022,34.78635084266815,0 32.4166003004635,34.78630379875384,0 32.41654354003034,34.78625729707587,0 32.41649657852474,34.78623296106026,0 32.41644683234932,34.78619413810228,0 32.41643756333498,34.78618067297672,0 32.41641936196346,34.78615434650165,0 32.41639337103418,34.78612525671199,0 32.41631580167587,34.78607115785223,0 32.41620050278934,34.78600993147094,0 32.41613517778874,34.78598046727141,0 32.4160786940268,34.7859646969079,0 32.41603880187911,34.78596240967808,0 32.41595285014576,34.78597187711779,0 32.41582230002284,34.78599304213924,0 32.41568378400055,34.78601939985685,0 32.4156275273551,34.78603076922733,0 32.41557382054585,34.78605612859429,0 32.41554014383694,34.78608504565681,0 32.4154787495052,34.78614582994689,0 32.4154377738064,34.78618158092772,0 32.4153726851475,34.78621913705937,0 32.41533335612466,34.78624247853201,0 32.4149305901011,34.78637474924312,0 32.4149016560112,34.78637104225336,0 32.414860610353,34.78636482060237,0 32.41480475440773,34.78636148717444,0 32.41470146904825,34.78633639740062,0 32.41460966082808,34.78633434142504,0 32.41453671359931,34.78634311679546,0 32.41423310069346,34.7863971354166,0 32.41399390191525,34.78648292016319,0 32.41386560227805,34.78657175262862,0 32.41382167155158,34.78661007687194,0 32.41379860697849,34.78664931469164,0 32.41377285129366,34.7867129398083,0 32.41369832129372,34.78684032434276,0 32.41366465119733,34.78687419073345,0 32.41356919055524,34.78697775649027,0 32.41353778840351,34.78701197000928,0 32.41350826006352,34.78703723761316,0 32.41348611758374,34.78705438003469,0 32.41344203813303,34.78708849368006,0 32.41332722391271,34.78716569161725,0 32.41317244467566,34.78729058413269,0 32.41315203999538,34.7873034728476,0 32.4131030736235,34.78732791646483,0 32.41307664864674,34.78733799969458,0 32.41296580765532,34.78736986755088,0 32.41277558059339,34.78741417627297,0 32.41261949037612,34.78745424949009,0 32.41243626109727,34.78751631201279,0 32.41236230287209,34.78754513108476,0 32.41227112064373,34.78757571670727,0 32.41214483047688,34.78760783193056,0 32.41209472200172,34.78762054635781,0 32.41207819759156,34.78762443199176,0 32.41193406705846,34.78765477151937,0 32.41187593691602,34.78766108561863,0 32.41172945590768,34.78766911906132,0 32.41156840342356,34.78766251727363,0 32.41143826967075,34.78765515161824,0 32.41130544089479,34.78766170549002,0 32.41117525307754,34.78767517163585,0 32.41113231667318,34.78768203123452,0 32.41089727372766,34.78772667367394,0 32.41087086352056,34.78772817115229,0 32.41068005789355,34.7877168358357,0 32.41048623633168,34.78767835939723,0 32.41000312221728,34.78755156273875,0 32.40959867976015,34.7875301656715,0 32.40958193966467,34.78752857906383,0 32.4095391907562,34.78752460817511,0 32.40947101359428,34.78751345110477,0 32.4093560910669,34.7874919818342,0 32.40928798523477,34.78747925649729,0 32.40912677787189,34.78744604104145,0 32.40868061475355,34.7873364332447,0 32.40825290414588,34.78732643820975,0 32.40807690266296,34.78734038413994,0 32.40803212004955,34.78733540764011,0 32.40788332103893,34.78728376770468,0 32.40768858361032,34.78721508493626,0 32.40732491990749,34.78708951242184,0 32.4071289320118,34.78701339207983,0 32.40686087047552,34.78688753469781,0 32.40673832272805,34.78682458287762,0 32.4065002742299,34.78671225199642,0 32.40640576214452,34.78667580193335,0 32.40619610498007,34.78661111944755,0 32.40609510674764,34.7865916594445,0 32.40594681790976,34.78657696075948,0 32.40584706958439,34.78656758027309,0 32.40580476354236,34.78656472261764,0 32.40563485312959,34.78654340598195,0 32.40547313630218,34.78657632025698,0 32.40533605305558,34.78659291595604,0 32.40515132596831,34.7865388111026,0 32.40491487311711,34.78647871451594,0 32.40484372446628,34.78643803972015,0 32.40476451150584,34.78634226172484,0 32.40461754885394,34.78612517059258,0 32.40454560484726,34.78606432736088,0 32.40441684552646,34.78606137079372,0 32.40424785541427,34.7860318490948,0 32.40412397944256,34.78600332416143,0 32.40381097564275,34.78586995100164,0 32.40368429684495,34.78583908527055,0 32.4036481340282,34.78576988644308,0 32.4036571018739,34.78569935643078,0 32.403639448989,34.78567057612298,0 32.40357380203116,34.78564931486879,0 32.40336221624629,34.78553039718962,0 32.40319887193591,34.7853698373527,0 32.40307347566791,34.7852916695633,0 32.40298163742344,34.78525244270079,0 32.40291802109349,34.78521025234225,0 32.40275180959311,34.78518694683388,0 32.40269651909625,34.78516340929858,0 32.40262564664843,34.78508473334549,0 32.40249443134208,34.78490106489975,0 32.40239917545605,34.78481451310789,0 32.40214564304245,34.78472855596239,0 32.40176583586349,34.78478425877704,0 32.40169453903533,34.78476452012814,0 32.40168543072607,34.78476259404749,0 32.40147185735875,34.78475101703528,0 32.40125232633093,34.78469177270335,0 32.40113600056096,34.7846702851851,0 32.40098625893705,34.78465024219508,0 32.40099786467191,34.78455185004575,0 32.40106538570422,34.78427388528942,0 32.40105458786175,34.78424632373272,0 32.40091321065432,34.78407671296362,0 32.40092708849663,34.78402735245255,0 32.40098329702751,34.78406624777881,0 32.40106130688135,34.78414194718567,0 32.40111566057824,34.78414785133644,0 32.40121720649412,34.78420449184825,0 32.40144244030957,34.78402572569523,0 32.40144392845252,34.78399184327046,0 32.40147974255243,34.78396738023505,0 32.40167740494221,34.78377100179146,0 32.40170059754819,34.78368323772892,0 32.40174602118116,34.78359380707942,0 32.401838942184,34.7834883108313,0 32.40194399950956,34.78336903518477,0 32.40208200771419,34.78314381154832,0 32.40208334993042,34.78314146898081,0 32.40208420526398,34.78313997768827,0 32.40208467253917,34.78313911820402,0 32.40208584737344,34.78313695690576,0 32.40208595374794,34.78313675099783,0 32.4020871902726,34.78313436824763,0 32.40208742627738,34.78313391327672,0 32.40208838537777,34.78313197177234,0 32.40208894088327,34.78313084679577,0 32.40208954342069,34.78312956339622,0 32.40209039008553,34.78312775926031,0 32.40209066440784,34.78312714221789,0 32.40209174833272,34.78312470913872,0 32.40209177387769,34.78312465157185,0 32.40209278101168,34.78312226138475,0 32.40209309116067,34.78312152462636,0 32.40209377552281,34.78311980352743,0 32.40209434193451,34.78311837842387,0 32.40209473296518,34.78311733467071,0 32.40209552727872,34.78311521477259,0 32.40209565332578,34.78311485661739,0 32.40209652788372,34.78311236662037,0 32.40209664390268,34.78311203545923,0 32.40209735661949,34.7831098673838,0 32.40209769399797,34.78310883959307,0 32.40209814718094,34.78310735894531,0 32.40209867645908,34.78310562897162,0 32.40209889956159,34.7831048422063,0 32.40209959018043,34.78310240539234,0 32.40209961266235,34.78310231806278,0 32.40210027557079,34.7830997846583,0 32.40210043625457,34.78309916886056,0 32.40210089701424,34.78309724383862,0 32.40210121358247,34.78309592027235,0 32.40210147915835,34.78309469831868,0 32.40210192215112,34.78309266143054,0 32.40210202312164,34.7830921444982,0 32.40210252341538,34.78308958595602,0 32.40210256086149,34.78308939323116,0 32.40210297349726,34.78308702085713,0 32.40210313080611,34.78308611567959,0 32.4021033842733,34.78308445195938,0 32.40210363197202,34.78308283057864,0 32.40210375684252,34.78308187836674,0 32.40210406326012,34.78307953882436,0 32.40210408901336,34.78307930096992,0 32.40210437204539,34.78307671972595,0 32.40210442466394,34.78307624131817,0 32.40210461030232,34.78307413555774,0 32.40210471617051,34.78307293986288,0 32.40210480924691,34.78307154849209,0 32.40210493778628,34.78306963355713,0 32.40210496886615,34.78306896033185,0 32.40210508698148,34.78306637016487,0 32.40210508949178,34.78306632510505,0 32.40210515266084,34.78306377883889,0 32.40210517128055,34.78306301540815,0 32.40210517682326,34.783061187309,0 32.40210518205998,34.78305970446102,0 32.4021051627464,34.78305859559129,0 32.40210512400871,34.78305639317578,0 32.40210510933122,34.78305600458177,0 32.40210500893633,34.78305341334151,0 32.40210499601468,34.78305308425135,0 32.40210486044973,34.78305082456937,0 32.40210479698536,34.78304977768234,0 32.40210467261829,34.78304823740686,0 32.40210452909933,34.78304647438091,0 32.40210444434299,34.78304565275004,0 32.40210419016501,34.78304317523769,0 32.40210417671635,34.78304307060425,0 32.40210385771384,34.78304049181189,0 32.40210378236101,34.78303988116486,0 32.40210349716189,34.78303791732266,0 32.40210330458178,34.78303659395988,0 32.40210309615959,34.78303534624052,0 32.40210275791986,34.7830333136281,0 32.40210265797158,34.78303278038439,0 32.40210217495648,34.78303021881528,0 32.40210214126969,34.78303004196697,0 32.40210164271812,34.78302766511737,0 32.40210145680992,34.78302677988867,0 32.40210107111545,34.78302511573337,0 32.40210070234893,34.78302352828383,0 32.40210046012248,34.78302257426883,0 32.40209987897928,34.78302028715787,0 32.40209980975868,34.7830200380196,0 32.40209911235023,34.78301751055369,0 32.40209898777399,34.78301705922032,0 32.40209837116826,34.78301499278866,0 32.40209802764054,34.78301384446586,0 32.40209759060249,34.78301248204172,0 32.40209700075754,34.78301064380657,0 32.402096772825,34.78300998012642,0 32.40209591455822,34.78300748702669,0 32.40209590492688,34.78300745903465,0 32.40209500594956,34.78300500539842,0 32.40209474342621,34.7830042901661,0 32.40209405793763,34.78300253349246,0 32.40209351406394,34.78300113809164,0 32.40209307378705,34.78300007312777,0 32.40209221791964,34.78299800461944,0 32.40209205132572,34.78299762249078,0 32.40209098616395,34.78299518426422,0 32.40209085717837,34.78299488976025,0 32.40208987392504,34.78299275932807,0 32.40208942964207,34.78299179530612,0 32.40208872662699,34.78299034774133,0 32.40208793639677,34.78298872216387,0 32.40208754101174,34.78298794678368,0 32.40208637962759,34.78298567034422,0 32.40208632033738,34.78298555917549,0 32.40208505036826,34.78298318935401,0 32.40208475712989,34.78298264254063,0 32.40208374206892,34.78298083196442,0 32.40208307219437,34.78297963696641,0 32.40208239870397,34.78297848882566,0 32.40208132370246,34.78297665722184,0 32.40208101917438,34.78297616083382,0 32.40207960128857,34.7829738488795,0 32.40207951165418,34.78297370330689,0 32.40207813738565,34.78297155472799,0 32.40207763823457,34.78297077523231,0 32.40207663840413,34.78296927663013,0 32.40207570233816,34.78296787479555,0 32.40207510543007,34.78296701549269,0 32.4020737061435,34.78296500290877,0 32.40207353738394,34.78296476950752,0 32.40207192658535,34.78296254314407,0 32.40207164855805,34.78296215956654,0 32.40207027739801,34.78296033732519,0 32.4020695317539,34.78295934658248,0 32.40206859530418,34.78295814937354,0 32.40206735572459,34.78295656485798,0 32.40206687921782,34.78295597838228,0 32.40206512156261,34.78295381439838,0 32.40206333624904,34.78295169805504,0 32.40206282925502,34.78295109700652,0 32.40206150936013,34.78294958962047,0 32.40206047880177,34.78294841268238,0 32.40205965064429,34.78294750086127,0 32.40205807346753,34.78294576324488,0 32.4020577601145,34.78294542997464,0 32.40205583335506,34.78294338324896,0 32.40205561216624,34.78294314778726,0 32.40205386926691,34.78294136158029,0 32.4020530948784,34.78294056901375,0 32.4020518733453,34.7829393604884,0 32.40205052378909,34.78293802693506,0 32.40204984559026,34.78293737997331,0 32.4020478999909,34.78293552155655,0 32.40204778927944,34.78293542005109,0 32.40204569452131,34.78293348878616,0 32.4020452234708,34.78293305468105,0 32.4020435689963,34.78293158170902,0 32.40204249532133,34.78293062631394,0 32.40204141272387,34.78292969611544,0 32.40203971552949,34.78292823825801,0 32.40203922787614,34.78292783381894,0 32.40203701226149,34.78292599571024,0 32.40203688628039,34.78292589052401,0 32.40203476255029,34.78292418898454,0 32.40203400648146,34.78292358310657,0 32.4020324831777,34.78292240464913,0 32.40203107939085,34.78292131872598,0 32.40203017849444,34.78292064542975,0 32.40202810502156,34.78291909557948,0 32.40202784415634,34.78291890769932,0 32.40202548009186,34.78291720137329,0 32.40202508444663,34.78291691637663,0 32.40202308522142,34.78291552464351,0 32.4020220165735,34.78291478111204,0 32.40202066504031,34.78291387302976,0 32.40201890577239,34.78291268980722,0 32.4020182206476,34.78291224563597,0 32.40201574984513,34.78291064425424,0 32.4018041982869,34.7829585216338,0 32.40170315033424,34.78295684773659,0 32.40167231189896,34.78293371567478,0 32.40167374056455,34.78290532994749,0 32.40170748466943,34.78286710965772,0 32.40179191539174,34.7828649951562,0 32.40179540032824,34.782851280601,0 32.4017937365193,34.78284883131696,0 32.4017930792067,34.78284786444417,0 32.40179210449197,34.78284636866741,0 32.40179083153339,34.78284441439339,0 32.40179050533229,34.78284389355917,0 32.40178894674014,34.78284139881852,0 32.40178865619617,34.78284093314753,0 32.40178743198015,34.78283888626436,0 32.40178655538017,34.78283742071737,0 32.40178594791571,34.78283635943799,0 32.40178452797979,34.78283387890031,0 32.40178449671237,34.78283382105429,0 32.40178309918718,34.78283126310266,0 32.40178257727268,34.78283030771254,0 32.40178173453609,34.78282869179091,0 32.40178070214677,34.78282670985284,0 32.40178040384518,34.78282610802587,0 32.40177911476226,34.78282351184503,0 32.40177890260203,34.78282308532128,0 32.40177787168358,34.78282089966431,0 32.40177718081705,34.78281943503002,0 32.40177666146599,34.78281827592633,0 32.40177553568627,34.78281576077645,0 32.40177548519555,34.78281564153784,0 32.40177436256413,34.78281299298984,0 32.40177396938824,34.78281206347275,0 32.401773277164,34.78281033290608,0 32.40177248191647,34.78280834402037,0 32.40177222569799,34.7828076639746,0 32.40177121583346,34.78280498352883,0 32.40177107217188,34.78280460331528,0 32.40177025413217,34.78280229069954,0 32.40176974232006,34.78280084407254,0 32.40176932745103,34.78279958992935,0 32.40176849236744,34.7827970653907,0 32.40176843578354,34.78279688211969,0 32.40176759774202,34.78279416195338,0 32.40176732230106,34.78279326907257,0 32.40176679799828,34.78279143386229,0 32.40176623320044,34.78278945692639,0 32.40176603326817,34.78278869873169,0 32.40176531010696,34.78278595659384,0 32.40176522396648,34.78278562984814,0 32.40176463836058,34.78278320569427,0 32.40176429677777,34.78278178875002,0 32.40176400271386,34.78278044866197,0 32.40176345053525,34.78277793452806,0 32.40176340098171,34.78277768548626,0 32.40176285283645,34.78277491536237,0 32.40176268522587,34.78277406898508,0 32.40176234624055,34.78277214093541,0 32.40176200302824,34.78277019303323,0 32.40176187465175,34.78276936037042,0 32.40176144460579,34.78276657640384,0 32.40176140284328,34.78276630756857,0 32.40176106704116,34.78276378728648,0 32.40176088465795,34.7827624143939,0 32.40176072555661,34.78276099474067,0 32.40176044847224,34.7827585135092,0 32.40176042015219,34.78275819876643,0 32.40176016720952,34.78275540034567,0 32.40176009535917,34.78275460762413,0 32.4017599558032,34.7827525994247,0 32.40175982421967,34.78275069763473,0 32.40175978156299,34.78274979598208,0 32.40175964666097,34.78274699183132,0 32.40175963723883,34.78274678355169,0 32.40175956749837,34.78274418525018,0 32.40175953221203,34.78274286806854,0 32.40175952438982,34.78274137884622,0 32.40175951023178,34.78273895119062,0 32.40175951624274,34.78273857261409,0 32.40175955945186,34.78273576573292,0 32.4017595701925,34.78273503471543,0 32.40175964635633,34.78273295996792,0 32.40175971427279,34.78273111955505,0 32.40175977040086,34.78273015528687,0 32.40175993157894,34.78272735259122,0 32.40175994027454,34.78272720750163,0 32.40176015065548,34.78272455108156,0 32.40176024928374,34.78272329946194,0 32.40176040467392,34.78272175244793,0 32.40176064130039,34.78271939543595,0 32.40176069473339,34.78271895579432,0 32.40176103502392,34.78271616299337,0 32.40176111629847,34.78271549902928,0 32.40176142008279,34.78271337401819,0 32.40176167209935,34.78271160932987,0 32.40176184007056,34.78271058972185,0 32.40176229718536,34.78270780831234,0 32.40176231087511,34.78270772815118,0 32.40176281325206,34.78270503350264,0 32.40176303261925,34.78270385639468,0 32.40176336424766,34.7827022633718,0 32.40176383513359,34.78269999585245,0 32.40176394906658,34.78269949971729,0 32.40176458191845,34.78269674170748,0 32.40176471841171,34.78269614742588,0 32.40176526169119,34.78269399204124,0 32.40176568462558,34.78269231292854,0 32.40176597639279,34.78269124705389,0 32.40176673049759,34.7826884923443,0 32.40176753344151,34.78268578294688,0 32.40176785819983,34.78268468748673,0 32.40176837578862,34.78268306382721,0 32.40176906553413,34.78268090014794,0 32.40176925304507,34.78268035209064,0 32.40177017502424,34.78267765048974,0 32.40177035250704,34.78267712942647,0 32.40177114390475,34.78267495993665,0 32.40177172018501,34.78267337893336,0 32.40177214658901,34.78267227856409,0 32.40177316529697,34.78266964775106,0 32.40177318308356,34.78266960547067,0 32.40177427519372,34.78266694707364,0 32.40177469000842,34.78266593859457,0 32.40177540327975,34.78266429967071,0 32.4017762932203,34.78266225235994,0 32.40177656407699,34.78266166144299,0 32.40177775516606,34.78265906483048,0 32.4017779738401,34.78265858904175,0 32.4017789909388,34.78265648376208,0 32.40177973185475,34.78265495044288,0 32.40178025941624,34.78265391277026,0 32.40178156725125,34.78265133836609,0 32.40178291298038,34.78264881192459,0 32.40178347784451,34.78264775280066,0 32.40178429915962,34.78264628207608,0 32.40178546471404,34.78264419555477,0 32.40178571693802,34.78264376410162,0 32.40178717720192,34.78264126346335,0 32.40178752567472,34.78264066661768,0 32.40178867776628,34.78263878015053,0 32.40178966070705,34.78263716869364,0 32.40179020883721,34.78263630870634,0 32.40179177586442,34.7826338509605,0 32.40179187090354,34.78263370178801,0 32.40179338970829,34.78263141598077,0 32.40179415297357,34.78263026768748,0 32.40179503404573,34.78262899467253,0 32.40179650800967,34.78262686639744,0 32.40179670887669,34.78262658703574,0 32.40179842834576,34.78262420125296,0 32.4017989338137,34.78262349970994,0 32.40180018374506,34.78262183277412,0 32.40180143147171,34.78262016853177,0 32.40180196743326,34.78261948066023,0 32.40180378706476,34.78261714404749,0 32.40180399769958,34.78261687374824,0 32.40180564911667,34.78261483378503,0 32.40180663467583,34.7826136162715,0 32.40180754056308,34.78261253809011,0 32.40180933910984,34.78261039788822,0 32.40180946139748,34.78261025786406,0 32.40181142573834,34.78260800489507,0 32.40181211209418,34.78260721860382,0 32.40181342272529,34.78260577011535,0 32.4018149514372,34.78260407930892,0 32.40181544580955,34.78260355259126,0 32.40181750478504,34.78260135777955,0 32.40181785712587,34.78260098180636,0 32.40181960182375,34.78259918749387,0 32.40182082806771,34.78259792609079,0 32.40182172605234,34.78259703446912,0 32.40182386315711,34.78259491395958,0 32.40182607233717,34.78259279831141,0 32.40182696129502,34.7825919463089,0 32.40182829549244,34.78259071428238,0 32.4018305382093,34.7825886447725,0 32.40192693211857,34.78250967423506,0 32.40207428807468,34.78244207776088,0 32.40209674289359,34.78242026135453,0 32.40209811869552,34.78239645469031,0 32.40204989052534,34.78233929977787,0 32.40195301257968,34.78226254284471,0 32.40194433252934,34.78224415763572,0 32.40197045674448,34.78219214020246,0 32.40211872040646,34.78204302341345,0 32.40213531231784,34.78202953908686,0 32.40213537924877,34.78202949975207,0 32.40215961095467,34.78201518755873,0 32.40215968875243,34.78201515639032,0 32.40218593525751,34.78200476815292,0 32.40218604798391,34.78200474166322,0 32.40221323151013,34.78199834690754,0 32.40221335834195,34.78199833400872,0 32.40223870660025,34.78199584069505,0 32.40225945562456,34.78199615442215,0 32.40225959327121,34.78199615690094,0 32.40228468721457,34.78199938378859,0 32.40231780915241,34.78201703621946,0 32.40234559195873,34.78201541210944,0 32.40233939865374,34.78197322931867,0 32.40233640467443,34.781942977511,0 32.40234975344539,34.78191893395226,0 32.40232757273223,34.7818808102906,0 32.40232573396868,34.78188050198344,0 32.40232544918103,34.78188045010432,0 32.40232390195541,34.78188016666606,0 32.40232333680879,34.78188005481663,0 32.40232207777193,34.78187980614672,0 32.40232123232487,34.78187962621424,0 32.40232026143129,34.78187941862253,0 32.40231914011892,34.78187916161434,0 32.40231845401946,34.78187900500032,0 32.40231705798637,34.7818786637105,0 32.40231665553652,34.78187856528009,0 32.40231498920484,34.78187813251876,0 32.4023148659759,34.78187810036322,0 32.40231308643669,34.78187760935364,0 32.40231293380032,34.78187756443349,0 32.40231131800489,34.7818770931582,0 32.40231089393841,34.78187696216968,0 32.40230956068699,34.78187655087544,0 32.40230886743399,34.78187632571656,0 32.4023078155691,34.78187598341217,0 32.40230685864424,34.78187565689846,0 32.4023060815521,34.7818753916644,0 32.40230486538409,34.78187495570459,0 32.40230436192014,34.78187477474681,0 32.4023028898451,34.78187422124432,0 32.40230265448815,34.7818741326487,0 32.40230096142819,34.78187346718362,0 32.40230093092823,34.78187345441367,0 32.40229928166072,34.78187277654337,0 32.40229899411568,34.78187265253524,0 32.40229761736433,34.78187206164009,0 32.40229707718986,34.78187182010536,0 32.40229596962507,34.78187132338058,0 32.40229518016379,34.78187095532121,0 32.40229433625781,34.78187056175409,0 32.40229330411697,34.78187005999097,0 32.40229271945418,34.78186977586993,0 32.40229144904946,34.78186913411464,0 32.40229112029368,34.7818689675363,0 32.40228961823231,34.78186817860973,0 32.4022895376903,34.78186813584644,0 32.40228797273006,34.78186728170709,0 32.40228781168505,34.781867190772,0 32.40228642650549,34.78186640512364,0 32.4022860304872,34.78186617240967,0 32.40228490010264,34.78186550700287,0 32.40228427353323,34.78186512532017,0 32.40228339134293,34.78186458643263,0 32.40228254300824,34.78186404951423,0 32.40228190349748,34.78186364433041,0 32.40228083781314,34.7818629458879,0 32.4022804343812,34.78186268068556,0 32.40227916013954,34.78186181355051,0 32.40227898726522,34.78186169641549,0 32.40227755996444,34.78186069150948,0 32.40227750997442,34.78186065430486,0 32.40227615466395,34.78185966597832,0 32.40227589060838,34.78185946636427,0 32.40227477135723,34.78185862072338,0 32.40227429984338,34.78185825152076,0 32.40227341113684,34.78185755575005,0 32.40227273875892,34.78185701158257,0 32.40227207291023,34.78185647105294,0 32.40227120845405,34.78185574565366,0 32.40227075776993,34.78185536663739,0 32.40226970891577,34.78185445553683,0 32.40226946570294,34.78185424430632,0 32.40226824015708,34.78185313942925,0 32.40226819890083,34.78185310316895,0 32.40226695517205,34.78185194411601,0 32.40226680544259,34.78185179914989,0 32.40226573670164,34.78185076715823,0 32.40226540477227,34.78185043469869,0 32.40226454348313,34.78184957319699,0 32.4022640370406,34.78184904787316,0 32.40226337551647,34.78184836223232,0 32.40226270224758,34.78184763867327,0 32.40226223280171,34.78184713426426,0 32.40226140257177,34.78184620801115,0 32.40226111751739,34.78184589020486,0 32.40226013691415,34.78184475678286,0 32.40226002747844,34.78184463004346,0 32.40225896486344,34.78184335469215,0 32.40225890855879,34.78184328410311,0 32.40225792967239,34.78184206415098,0 32.40225771750575,34.78184178997189,0 32.40225692080623,34.78184075931598,0 32.40225656264293,34.78184027708804,0 32.40225594045655,34.78183943929644,0 32.40225544506287,34.78183874545694,0 32.40225498861034,34.78183810589525,0 32.40225436366656,34.78183719597466,0 32.40225406417506,34.78183675910697,0 32.40225331955302,34.78183562774514,0 32.40225316933578,34.78183539894237,0 32.40225230299347,34.78183402629752,0 32.40225146514812,34.7818326411724,0 32.40225135076346,34.78183244319464,0 32.40225065797831,34.78183124447909,0 32.40225042609392,34.78183082597224,0 32.40224987929894,34.78182983620695,0 32.40224954086626,34.78182919361898,0 32.40224913128861,34.78182841726807,0 32.40224869398132,34.78182754703091,0 32.40224841286128,34.7818269867557,0 32.40224788761778,34.78182588712016,0 32.40224772508995,34.78182554737944,0 32.40224712176256,34.78182421568955,0 32.40224706798763,34.78182409733645,0 32.40224644154135,34.78182263842955,0 32.40224639752772,34.78182253004021,0 32.4022458468436,34.78182117066412,0 32.40224571708531,34.78182083198573,0 32.40224528279536,34.7818196949362,0 32.40224507714476,34.78181912331281,0 32.40224474939663,34.7818182112458,0 32.40224447769953,34.78181740492288,0 32.40224424773995,34.78181671959829,0 32.4022439209347,34.78181567682663,0 32.40224377781879,34.78181522089506,0 32.40224340465868,34.78181393991478,0 32.40224333962668,34.78181371603753,0 32.4022429331636,34.7818122050257,0 32.40224255951557,34.78181068876633,0 32.40224250447896,34.7818104424021,0 32.40224221759007,34.78180916725411,0 32.40224211947618,34.78180868269736,0 32.40224190738708,34.781807640489,0 32.40224177602875,34.78180691778798,0 32.40224162999267,34.78180610937779,0 32.40224147632823,34.78180514678332,0 32.40224138539378,34.78180457572325,0 32.40224121818304,34.78180337057408,0 32.40224117251094,34.78180303771729,0 32.40224100375873,34.7818015918752,0 32.40224099242362,34.781801497168,0 32.40224084513184,34.78179995407543,0 32.40224083416086,34.7817998088892,0 32.40224073062912,34.781798409341,0 32.40224071046243,34.78179802432573,0 32.40224064782286,34.78179686295933,0 32.40224062829981,34.7817962372619,0 32.40224059889169,34.78179531584257,0 32.40224058984506,34.78179444951122,0 32.40224058274304,34.78179376798531,0 32.40224059400566,34.78179266106839,0 32.4022405982779,34.78179222028367,0 32.4022406407686,34.78179087373621,0 32.40224064767481,34.78179067364974,0 32.40224072875519,34.78178912717139,0 32.40224073122638,34.78178908752004,0 32.40224084369114,34.78178758266219,0 32.40224087084169,34.78178730244669,0 32.40224099030405,34.78178603920995,0 32.40224105086124,34.78178552027607,0 32.40224117076601,34.78178449862829,0 32.40224127564866,34.78178374193104,0 32.40224138289195,34.78178296090643,0 32.40224154083384,34.78178196739017,0 32.40224162667535,34.78178142694581,0 32.40224184968785,34.78178019757098,0 32.40224190430779,34.78177989585573,0 32.40224220111816,34.78177843246805,0 32.40224221359119,34.7817783694283,0 32.40224255561809,34.78177684766887,0 32.40224259837635,34.78177667570316,0 32.40224292929596,34.78177533057204,0 32.40224303820434,34.78177492455597,0 32.40224333461178,34.78177381994072,0 32.40224352058912,34.78177318082928,0 32.40224377266456,34.78177231487875,0 32.40224404442513,34.78177144632059,0 32.40224424235532,34.78177081628229,0 32.40224461081142,34.78176972013381,0 32.40224474367751,34.78176932505268,0 32.40224521864244,34.78176800406644,0 32.40224527663114,34.78176784118995,0 32.40224584012368,34.78176636468872,0 32.40224586792471,34.78176629721701,0 32.40224643523467,34.7817648973572,0 32.40224656081076,34.78176460410335,0 32.40224706087805,34.78176343828856,0 32.40224729514155,34.78176292110907,0 32.40224771813986,34.78176198838964,0 32.4022480697985,34.78176125183449,0 32.40224840592106,34.78176054855643,0 32.40224888370212,34.78175959447135,0 32.40224912313567,34.78175911788222,0 32.40224973793194,34.78175795082789,0 32.40224987085664,34.78175769907653,0 32.40225063138886,34.78175632180013,0 32.40225064909698,34.78175629033656,0 32.40225145675119,34.78175489345983,0 32.40225156843006,34.78175470921235,0 32.40225229381925,34.78175350844626,0 32.40225254359937,34.78175311213636,0 32.40225315920863,34.78175213529052,0 32.40225355579123,34.78175153236955,0 32.40225405400535,34.7817507748994,0 32.40225460829628,34.7817499681252,0 32.4022549782029,34.78174942817424,0 32.4022556956323,34.78174842208077,0 32.40225592962276,34.781748094203,0 32.40225682216944,34.78174689425767,0 32.40225691043694,34.78174677479917,0 32.40225791846689,34.78174546905058,0 32.40225798571615,34.78174538554662,0 32.40225895369962,34.78174417876017,0 32.40225918735192,34.78174389775577,0 32.40226001614162,34.78174290302641,0 32.40226042489822,34.78174242997299,0 32.40226110469384,34.78174164274538,0 32.40226169726248,34.78174098219292,0 32.40226222044232,34.78174039882384,0 32.40226300443172,34.7817395562184,0 32.40226336229455,34.7817391712565,0 32.40226434531992,34.78173815114258,0 32.402264530257,34.78173795914183,0 32.40226572321765,34.78173676517882,0 32.40226694227552,34.78173558847132,0 32.4022671314722,34.78173541181603,0 32.40226818524555,34.78173442900866,0 32.40226857454473,34.78173407845599,0 32.40226945212123,34.78173328769224,0 32.40227004913808,34.78173276778673,0 32.40227074290257,34.78173216452208,0 32.40227155523284,34.78173148251258,0 32.40227205757659,34.78173106130093,0 32.40227309282896,34.7817302226335,0 32.40227339615624,34.78172997622603,0 32.40227465866185,34.78172898633055,0 32.40227475644997,34.78172891018805,0 32.40227613953734,34.78172786499517,0 32.40227625815514,34.78172777903907,0 32.40227754433878,34.78172683883918,0 32.40227788476666,34.781726598924,0 32.40227897084132,34.78172583352293,0 32.40227954178051,34.78172544510007,0 32.40228041904494,34.78172484904645,0 32.40228122480706,34.78172432024999,0 32.40228188676458,34.78172388539895,0 32.40228293605085,34.78172322168029,0 32.40228337508628,34.78172294348721,0 32.40228467112228,34.78172215207378,0 32.40228488292399,34.7817220224045,0 32.4022864102647,34.7817211239536,0 32.40228795602242,34.78172024722775,0 32.4022882225613,34.78172010250272,0 32.40229003349224,34.78171911890568,0 32.40238570128273,34.78170517994215,0 32.40241144735009,34.78168705301251,0 32.40242316647726,34.78163217929799,0 32.40243136789083,34.78159376759694,0 32.40246287026638,34.78155736240428,0 32.40288007076006,34.78129300968141,0 32.40268155375721,34.78096908105818,0 32.40262289249736,34.78085139012267,0 32.40258761556077,34.78072837821797,0 32.40256635457961,34.78064302798226,0 32.40257549345102,34.78062019600389,0 32.40278936455589,34.78046332697689,0 32.40287887795247,34.7804035397569,0 32.40301365799206,34.78026806211555,0 32.40311740342712,34.78012685492268,0 32.40313927942087,34.78005740049495,0 32.40313951418221,34.78003633401028,0 32.40312858234351,34.78002068002936,0 32.40306781275209,34.77999274379484,0 32.40306474615551,34.77996890450727,0 32.40319480904162,34.77975827631403,0 32.403241482307,34.77968078897261,0 32.40327896356175,34.77958119732867,0 32.40327622711114,34.77942820082733,0 32.40325980592353,34.77930716192563,0 32.40324448617897,34.77921538927882,0 32.40322212980034,34.77913524771525,0 32.40321824594338,34.7791191496253,0 32.40321520171129,34.77910646400976,0 32.40310807494193,34.7791116476297,0 32.40308491458762,34.77904303787248,0 32.40301684864861,34.77901419504003,0 32.40296792808414,34.77895460407512,0 32.4027931741546,34.77888677863996,0 32.40266117204029,34.77886736293254,0 32.40259043884696,34.77877071460707,0 32.40266550401844,34.77872259431112,0 32.40267729922725,34.77870043160193,0 32.4027384695023,34.778674743114,0 32.40279489495022,34.77861007993677,0 32.40282612210366,34.77854982648405,0 32.40283702755671,34.77843507301277,0 32.40282201631554,34.77833802206057,0 32.40279400996733,34.7782886658435,0 32.40273598490229,34.77824028914864,0 32.40268142069119,34.77823167406156,0 32.40266982146315,34.77819179136308,0 32.40274025333738,34.77809218485528,0 32.40279818781138,34.77807276351972,0 32.40283038137649,34.77804741960455,0 32.40284526817118,34.77795097504581,0 32.40283950883131,34.77785417680394,0 32.40277055455635,34.77770936413996,0 32.4027438054832,34.7776902394867,0 32.40268562279699,34.77767288968818,0 32.40262680192279,34.77767284445136,0 32.40258637887398,34.77765721426756,0 32.40252840286119,34.77761165833017,0 32.40250617003023,34.77756317773627,0 32.40251124060143,34.77745085567934,0 32.40239209884597,34.77732095874916,0 32.4023607987613,34.77727241558672,0 32.40235187140971,34.77722414451346,0 32.40236744434492,34.77717653458519,0 32.40240439395772,34.77712792983099,0 32.40247036518103,34.77708020670102,0 32.40251356129985,34.7770213470975,0 32.40261801895198,34.77683907394891,0 32.40260722795699,34.77674317046208,0 32.40262250314193,34.77669439617239,0 32.40260923860323,34.77664610382998,0 32.40262561293561,34.77659792087131,0 32.402585768511,34.77650102745144,0 32.40255247929079,34.77645261880242,0 32.40259925969884,34.77635720516794,0 32.40260238598734,34.77630846140339,0 32.40256717806463,34.77625949346086,0 32.40259519254381,34.77616361813678,0 32.40257234664769,34.77611535989792,0 32.4025084578174,34.77606680106443,0 32.40249062982468,34.77601808967222,0 32.40251325088359,34.7759217281551,0 32.40249934655013,34.77582581838001,0 32.40246458621942,34.77567994736341,0 32.40240562436217,34.77554964266352,0 32.40233823900065,34.77548608457415,0 32.40223373132645,34.77543156594824,0 32.4017842131819,34.77504896650567,0 32.40165291139733,34.77496217021821,0 32.4013617161914,34.77482821735857,0 32.40119527545876,34.77480419562885,0 32.4012441823783,34.77475325217834,0 32.40124412729582,34.77472760582119,0 32.40130339989943,34.77465574573542,0 32.40128655788438,34.77461132988417,0 32.40130372603007,34.77456824415287,0 32.40145227754778,34.77451578939953,0 32.40165528169622,34.77450064244739,0 32.40171358173639,34.77446809837356,0 32.40177203653875,34.77445951541949,0 32.40183531621267,34.77442119045531,0 32.40200675614658,34.77437304820908,0 32.40206468589832,34.77434637054846,0 32.4021821839989,34.77433088384953,0 32.40229932649363,34.7743374356036,0 32.4023578036242,34.77432270462686,0 32.40248300344533,34.77423146200892,0 32.40259316434754,34.77410015739157,0 32.40265121741984,34.7740760221268,0 32.4028067534033,34.77403951047022,0 32.40277030551679,34.77400961105282,0 32.40271173316609,34.77398453398042,0 32.40271282570198,34.77392388114987,0 32.40273482167087,34.77384592398164,0 32.40277057980926,34.77380778801927,0 32.40285016680225,34.77375006230258,0 32.40288868766846,34.77370753179248,0 32.40295679729012,34.77370224983299,0 32.40288926863681,34.77365266372095,0 32.40283164396463,34.77358402454547,0 32.40283128864645,34.77356813935191,0 32.40285983973524,34.77355683105254,0 32.40284064834606,34.77346085027449,0 32.40284658234168,34.77341205715027,0 32.40289171760121,34.77330511481549,0 32.40289177558974,34.77325915044663,0 32.40291842382332,34.77321928405296,0 32.4029821540304,34.77317128818729,0 32.40301890301141,34.77312293462408,0 32.40313073301458,34.77312362717422,0 32.4031271510733,34.77304606735645,0 32.40344457446725,34.77288379464706,0 32.40353823953262,34.77281576182063,0 32.40359723180548,34.77274595449795,0 32.40377303449342,34.77264349201862,0 32.40377361083861,34.77258918280322,0 32.40383201976724,34.77257157516378,0 32.40384487441026,34.77254775884277,0 32.40381473467754,34.77249901437124,0 32.40383720311151,34.77245086105184,0 32.40389281545492,34.77240284297419,0 32.40393973585726,34.77240288340203,0 32.40395025832152,34.77241473483006,0 32.40406706475919,34.77244488304725,0 32.40412508111982,34.77244083107203,0 32.4041878782243,34.77245255971869,0 32.40435917444329,34.77242518269711,0 32.40441831560278,34.77237253018775,0 32.40446162845582,34.77235770597188,0 32.40450386857236,34.77230972135733,0 32.40450184474533,34.77226144810856,0 32.40447839257443,34.77223370411271,0 32.40447857943196,34.77219552884313,0 32.40442210503463,34.77211575417247,0 32.40446258633887,34.77206775195124,0 32.40447947792255,34.77198834518107,0 32.40452667060931,34.77194740703485,0 32.4045533576449,34.77192326165481,0 32.40449737554202,34.77182667747896,0 32.4044057205455,34.77177790267092,0 32.40436742877998,34.77172948804116,0 32.40436507928173,34.77169766456004,0 32.4043068692191,34.77167553774876,0 32.40424878927266,34.77165963151543,0 32.40418978146355,34.7716588289281,0 32.40397480112386,34.77172708873449,0 32.40389728508717,34.77171596399571,0 32.40389734848291,34.77165549539176,0 32.40395594460169,34.77163606768469,0 32.40401434851199,34.77164489028743,0 32.4040424343867,34.771631316799,0 32.40401491872401,34.77160508527763,0 32.40389845128611,34.77154922946751,0 32.40384941096734,34.77148553664435,0 32.40384044848406,34.77145578113744,0 32.40378223973461,34.77146844985121,0 32.40376229206537,34.77143652214586,0 32.40367933277179,34.77138787952285,0 32.40369216298691,34.77134010269033,0 32.4036662152696,34.7713115800855,0 32.40362620293978,34.77129134497365,0 32.40360836829389,34.77126182543653,0 32.40356477829195,34.77124234802129,0 32.40355005459382,34.77120558708536,0 32.40349178483536,34.77118424385005,0 32.40346839779954,34.77119308060761,0 32.40348531068057,34.77124138175851,0 32.40343337472936,34.77123553832139,0 32.40339228596302,34.77114478684583,0 32.40334415371886,34.77114474027176,0 32.40332268455577,34.77109657001645,0 32.40333386976209,34.7710481811901,0 32.40337650813365,34.7709736964302,0 32.40334558814948,34.77095151359018,0 32.40334435870097,34.77090376704634,0 32.4033995213228,34.77080732135641,0 32.40355382677792,34.77065245196315,0 32.40361287054118,34.77056311955569,0 32.40361380366438,34.77051844851696,0 32.40381949112554,34.77030193725057,0 32.40381220610617,34.77024857209289,0 32.40388755675734,34.77022337607548,0 32.40390553691854,34.77018706376212,0 32.40394007161027,34.770157737564,0 32.40402046771027,34.77011146333768,0 32.40403781695726,34.77007324586624,0 32.40407184468079,34.77004300668865,0 32.40405755958349,34.76999233865713,0 32.40411473659497,34.76997259742426,0 32.4041650628815,34.76988615176255,0 32.40420464545937,34.7698429859662,0 32.40424727362321,34.76982293008175,0 32.4043113275829,34.76981302111371,0 32.40434109679691,34.76978096714678,0 32.40440768039267,34.76978388003846,0 32.40444197604512,34.76982731717063,0 32.40446830319114,34.76981059794431,0 32.40449331607108,34.76971982758522,0 32.40457843185265,34.76962319430198,0 32.40464474837636,34.76949899298204,0 32.40471352581022,34.76946258638241,0 32.40478997384039,34.7693741768156,0 32.40479910713804,34.76926603903309,0 32.4048826391821,34.76920425666832,0 32.40488200022593,34.76913956583871,0 32.40491968581368,34.76911403181063,0 32.40496342175535,34.7690567513978,0 32.40505512911625,34.76900043556658,0 32.40506642001008,34.76894779225263,0 32.4050978892361,34.76889948432802,0 32.40507603676635,34.76885138460471,0 32.40509640015991,34.76882993055167,0 32.40512911420908,34.76882735901787,0 32.40516791979767,34.7688025154812,0 32.4051822204223,34.7687780029365,0 32.40519087678594,34.76862967635047,0 32.40526051050136,34.76843417753361,0 32.40532752349296,34.76831006935392,0 32.40544864941172,34.76813321139556,0 32.40546268163784,34.76802575551424,0 32.40544842940743,34.76791863927648,0 32.40549287346683,34.76786301176005,0 32.40552012142172,34.76784725232485,0 32.40552192818701,34.76780856209502,0 32.4055420525621,34.76777163799128,0 32.40555141858427,34.76776037959527,0 32.40561625672397,34.76775969554355,0 32.40565562201972,34.767783163037,0 32.40571872396177,34.76779762375309,0 32.40581438699757,34.76778812066915,0 32.40590190878194,34.76772719539359,0 32.4059470412321,34.76771417337908,0 32.40594887798004,34.76766364730833,0 32.40600241570571,34.76763774856995,0 32.40600598504395,34.7675969665616,0 32.40599537750769,34.76758635888336,0 32.40602510344954,34.76757538908409,0 32.40607383917551,34.76757934980448,0 32.40607783358502,34.7675661450845,0 32.40603998965751,34.76754073802631,0 32.40605133422947,34.76753080535357,0 32.40609783624793,34.76753549435275,0 32.40606530090797,34.76750556991203,0 32.40609487257796,34.76740328291305,0 32.40606433979845,34.76733017998534,0 32.40609976224755,34.76730169582562,0 32.40620883020627,34.76727208346414,0 32.40624251388304,34.76724308957844,0 32.40626546976897,34.76722333006087,0 32.40625867366738,34.76719501316346,0 32.40618894046338,34.76721011123757,0 32.40622978516095,34.76700243258399,0 32.40625499245293,34.7668739002974,0 32.40626476603593,34.76680554806953,0 32.40629782561228,34.76663439494933,0 32.40631542228466,34.76652613059321,0 32.40632954267996,34.76643545361462,0 32.40635147911443,34.76630554326135,0 32.40636126770585,34.76623583621894,0 32.40636305669441,34.76622230071987,0 32.40636896575422,34.76620743945043,0 32.40639488158464,34.7661649526627,0 32.40645762212998,34.76605837952342,0 32.40647172795729,34.76604493561577,0 32.40650639558487,34.76602825748914,0 32.40654020661208,34.76601496100747,0 32.40655506725722,34.766007619951,0 32.40656005796146,34.76600155861596,0 32.40656347458716,34.76598938952516,0 32.40655812523038,34.76595276655753,0 32.40655915121948,34.76593380513964,0 32.40656830039305,34.76592303418683,0 32.40661550560464,34.76588612469035,0 32.40663793099747,34.76586258094532,0 32.40664303371679,34.76584635995721,0 32.40664264470509,34.76580638525141,0 32.40664004365856,34.76574336151525,0 32.40664220060555,34.7656959541754,0 32.40663873377586,34.76563698813363,0 32.40663316954633,34.76562000932845,0 32.40659651467343,34.76559263767327,0 32.40653445845465,34.76556033298374,0 32.40651896917986,34.76555005492045,0 32.4065125765316,34.76553374815602,0 32.40644109846838,34.76523444873279,0 32.40642089090107,34.76515847191583,0 32.4063384314889,34.76484842232433,0 32.40634347607159,34.76483238676047,0 32.40638012526877,34.76474559935524,0 32.40638294306115,34.76470111051098,0 32.40637953010841,34.76464990706706,0 32.40636772420289,34.76454460208792,0 32.40635808985801,34.76450277579927,0 32.40634297560452,34.76443114532664,0 32.4062461800609,34.76423430685365,0 32.4061938991445,34.76411873351269,0 32.40616492098058,34.76403675170408,0 32.40613814926296,34.76395585607463,0 32.40611631545294,34.76389410870119,0 32.40609695928764,34.76384087494626,0 32.40606446448696,34.76375409649086,0 32.40604130925012,34.76369552476114,0 32.40602683601858,34.76366621755727,0 32.4059426459021,34.76360135343027,0 32.40574362704513,34.7634501625807,0 32.40564224555465,34.76336924432166,0 32.40554015340855,34.76329469032373,0 32.40547642097776,34.76324112802322,0 32.4053692693689,34.76310017389862,0 32.40526909686684,34.76296776522218,0 32.40526603265502,34.76295393919909,0 32.40527261534256,34.76294018463514,0 32.4053154415458,34.76290599282309,0 32.40536545177327,34.76286176872986,0 32.40537005376508,34.76285277674307,0 32.40536700642345,34.76283735794927,0 32.40534081657079,34.76276230634757,0 32.40528695587373,34.76262971099065,0 32.40526500048353,34.76257911104741,0 32.40505112045226,34.76237577983987,0 32.40495495740748,34.76228852860329,0 32.404848029452,34.76218580183026,0 32.40479961256276,34.76214350007837,0 32.4046253438139,34.76219901370594,0 32.40459020928637,34.76217698543849,0 32.40454932888336,34.76215119887741,0 32.40451805551912,34.76212919938743,0 32.40449759679964,34.76211789886138,0 32.40447591138523,34.76210127920832,0 32.40444716343312,34.76208354597637,0 32.40441461434483,34.76206047561211,0 32.4043935892002,34.76204226812152,0 32.40436410417145,34.76203302378919,0 32.40432634572404,34.76201575486606,0 32.40429111375445,34.76200275131515,0 32.40427537271148,34.76199663190793,0 32.40425909139255,34.76199030252263,0 32.40423538934469,34.76198163182852,0 32.40422451367986,34.76197624295433,0 32.40422405684294,34.76195924935954,0 32.40422562379944,34.76193377764966,0 32.40422718366367,34.76190883685676,0 32.40422814817639,34.76187964463467,0 32.40422316507594,34.76186474188267,0 32.40421236632218,34.76185245100999,0 32.40418682810282,34.76183527248694,0 32.40416067546368,34.76181543438985,0 32.40414913468397,34.76181216335713,0 32.40412147397371,34.76181248863234,0 32.40408665203794,34.76182072420053,0 32.40404219423026,34.76182782725521,0 32.40402160311934,34.7618287360903,0 32.40402043807267,34.76181757859671,0 32.40401351518653,34.76180372373795,0 32.40400543544986,34.76177817957185,0 32.40400486092443,34.76177650367549,0 32.40400375467044,34.76177327649183,0 32.40400300469243,34.7617710877152,0 32.40400207391063,34.76176837070755,0 32.40399795595746,34.76175635680892,0 32.40399317313935,34.76174414223897,0 32.40399107508301,34.76173878549167,0 32.40398729197177,34.76173185648692,0 32.40397060562336,34.76172854672831,0 32.4039339644312,34.76172668165722,0 32.40390177967687,34.7617290968242,0 32.4038747743307,34.76172836515118,0 32.40386444332568,34.76173200509247,0 32.40386038583806,34.76175002587025,0 32.4038564341808,34.76175849093472,0 32.40384552966861,34.76175575484174,0 32.4038359407341,34.76175037493719,0 32.40383347431745,34.76174080031974,0 32.40383429112786,34.76172487937018,0 32.40383182962132,34.7617147738249,0 32.4038132601946,34.76170720270299,0 32.40378383536216,34.76169264990857,0 32.40377260134795,34.76168712852972,0 32.40376080460216,34.76168133035461,0 32.40373968585639,34.76167161662062,0 32.4037216719405,34.76167201338387,0 32.40368094542929,34.76169082363263,0 32.40365315707813,34.76170282821508,0 32.40363447199239,34.76170587463443,0 32.4036255264179,34.76170049876592,0 32.403629658706,34.76167557689021,0 32.40362668757324,34.76165325695289,0 32.40362696203658,34.76162830626593,0 32.40363157014168,34.76161878432325,0 32.40364710347162,34.76160987388475,0 32.40367042554819,34.76159465180287,0 32.40368723462304,34.76158681311658,0 32.40370456918059,34.76158959603793,0 32.40371983024693,34.76160563628829,0 32.40374909245691,34.76163505315008,0 32.40375546578461,34.76164041010365,0 32.4037619607769,34.76163461856574,0 32.40375574020261,34.76161546031736,0 32.40373942706731,34.76157817504346,0 32.40371784670169,34.7615519995384,0 32.40369944699874,34.76152903433157,0 32.40368621471047,34.76150398324178,0 32.40367659089974,34.76150178796343,0 32.40364617144061,34.76151908196595,0 32.40361325065914,34.76152998687868,0 32.40358287101309,34.76154356439736,0 32.40356867619766,34.76154770642368,0 32.40355584281075,34.7615449563493,0 32.40354309285975,34.76153576945475,0 32.40353797462211,34.76153208180658,0 32.40353239213847,34.76152870017865,0 32.40352200151482,34.761522406763,0 32.40351049573031,34.76151595013039,0 32.40350020566881,34.76151587357872,0 32.40347749198012,34.76153428702399,0 32.40345290231777,34.76154790729887,0 32.40343864746254,34.76155735763259,0 32.40342318888958,34.76155936693856,0 32.40338602834623,34.76154634917018,0 32.40335986398246,34.76152757274781,0 32.40332853222358,34.76151088128361,0 32.4032971355166,34.76150002996313,0 32.40325354387639,34.76148696351063,0 32.40322856032201,34.76147775268435,0 32.40320735379507,34.7614760027054,0 32.40318943982296,34.76146737460049,0 32.40318116766307,34.7614593490439,0 32.40319424558842,34.76143980308409,0 32.40321315445049,34.76141658346226,0 32.40324693417945,34.76138604305823,0 32.40326632750041,34.76137716150157,0 32.40328047535409,34.76137726689486,0 32.40331648505235,34.76137806536069,0 32.40335499712238,34.76138525380991,0 32.40339097681061,34.76138870596439,0 32.40342628423644,34.76139480867225,0 32.40346998282443,34.76139831935535,0 32.4034911882455,34.76140006928307,0 32.40351954290364,34.76139497078615,0 32.40355569230654,34.76138302882438,0 32.40358042978674,34.76135613635742,0 32.40360452883037,34.76132870800343,0 32.40360929242977,34.76130485292564,0 32.40360575492144,34.76127562693693,0 32.40360745082992,34.76123847582534,0 32.40360786498064,34.76120078477926,0 32.40360937208725,34.76118062139913,0 32.40360309265795,34.76116677056933,0 32.40358149551778,34.76114218871401,0 32.40357513914945,34.76113523988009,0 32.40357456566479,34.7611288647472,0 32.40357922558933,34.76111456449264,0 32.40358215546166,34.76109340837768,0 32.40357841535009,34.76107990171683,0 32.40357084562655,34.76106123264474,0 32.40353755359376,34.76104814823427,0 32.40351698343618,34.76104374035754,0 32.4035034215942,34.76104083436483,0 32.40349153112048,34.76103760392494,0 32.4034669848741,34.76103093556551,0 32.40344295830287,34.76102369642737,0 32.403412565311,34.76102988919212,0 32.4033891137015,34.76104126862784,0 32.40336341287642,34.76104492786918,0 32.40333622798784,34.76104215883088,0 32.40330747414918,34.76104066125026,0 32.40328261549175,34.76103855083807,0 32.40327411875845,34.7610333529253,0 32.40326647100722,34.76102174267797,0 32.40325959412534,34.76101078074219,0 32.40324648795822,34.76100041297889,0 32.40321930418077,34.76099764392005,0 32.40317337456343,34.76100243715292,0 32.4031413627958,34.7610143938759,0 32.40312022158154,34.76102771638418,0 32.40306877908336,34.76103888642749,0 32.40302825695882,34.76104692878557,0 32.40300416699498,34.76104546571792,0 32.40298632103267,34.76104212399749,0 32.4029740423851,34.76102727015864,0 32.4029650375118,34.76099767839972,0 32.40296055494023,34.76098095802954,0 32.40294818674628,34.76097444753566,0 32.40289163241223,34.76095541291892,0 32.40285067133059,34.76093264433629,0 32.40280111612129,34.76091366113015,0 32.40275619646405,34.76089728148202,0 32.40272295446159,34.76087970428667,0 32.40271070529779,34.76086228324688,0 32.40268776804988,34.76082681059751,0 32.40267243761679,34.76080679990786,0 32.40266643599315,34.76078685841873,0 32.40266739040455,34.7607708191598,0 32.40268127828556,34.7607099468152,0 32.40270058043108,34.76065168276996,0 32.40270409913725,34.76062417346617,0 32.40270522420656,34.76061537636183,0 32.40270545225601,34.76060797840918,0 32.40270665995384,34.76056890302977,0 32.40269747002281,34.76056502499961,0 32.40267067524638,34.76056711111411,0 32.40264571866247,34.76056997427295,0 32.40262178584451,34.76056369907937,0 32.40260996956523,34.7605468471624,0 32.40259469714971,34.76050863294006,0 32.4025820304745,34.76047564095881,0 32.4025794401042,34.76046889354388,0 32.40257425080897,34.76045764778048,0 32.40256908302899,34.76044644809619,0 32.40256320972004,34.76043371970276,0 32.40255507096819,34.76041841828295,0 32.40255257833292,34.76039325299546,0 32.40255386950086,34.76035973363992,0 32.40255507737656,34.76033383380148,0 32.40255822427024,34.76029956633592,0 32.40257330355788,34.76027148364587,0 32.40260137405067,34.76023740066246,0 32.40262199967839,34.7602085978783,0 32.40262949383004,34.76019874667951,0 32.40263424328454,34.76018658963683,0 32.40262698473679,34.76017510565765,0 32.40260969775555,34.76015211689691,0 32.40259322523533,34.76013903902538,0 32.40258032718556,34.76013665722317,0 32.40254988135882,34.76013490687161,0 32.40252502573624,34.76012862532852,0 32.40250294768042,34.76012160289934,0 32.4024864149036,34.76011385947735,0 32.40248009684895,34.76010085846307,0 32.40248396394216,34.76008488487946,0 32.4024965100533,34.76003544622103,0 32.40250330703743,34.76000501609486,0 32.40250655367564,34.75996160484608,0 32.4025117305596,34.75991058764923,0 32.40251591874411,34.75986565937807,0 32.40252368905407,34.75983066369244,0 32.4025239323523,34.75980856682876,0 32.40251229264869,34.75977571329045,0 32.40248954274003,34.75974582507794,0 32.40244774345263,34.75968531409247,0 32.40243230248551,34.7596623379705,0 32.40242714086359,34.75962800899659,0 32.40242280243763,34.7596028292364,0 32.40240643855491,34.7595798476802,0 32.40238173328094,34.75955985043693,0 32.40236730844337,34.75952850034887,0 32.40235472837816,34.75949716382076,0 32.4023467070397,34.75947119524426,0 32.40233787020495,34.75943531486633,0 32.40232803482559,34.75940628418529,0 32.40232825296105,34.75938647326544,0 32.40233776062581,34.75936139752082,0 32.402350121463,34.75932872216239,0 32.40235959513762,34.75930669403945,0 32.40236036274577,34.75930036424398,0 32.40236264122937,34.75928156945046,0 32.40236477206496,34.75925567684392,0 32.40236497199163,34.759251881834,0 32.40236710567765,34.75921149668592,0 32.40237310467764,34.75916962960027,0 32.40236789377869,34.7591398725162,0 32.40235893859958,34.75911465837375,0 32.40235002725397,34.7590856358342,0 32.40233838004313,34.75905354396176,0 32.40232407150827,34.75901152581775,0 32.40231616641959,34.75897489008985,0 32.40230546627437,34.7589405194984,0 32.40230020450986,34.75892616157206,0 32.40229650455329,34.75891606704099,0 32.40229465624121,34.75890896989414,0 32.40228723322551,34.75888046847945,0 32.40228676131918,34.75887865605834,0 32.40228632406212,34.75887627950177,0 32.40228240652502,34.7588550005563,0 32.40226638704549,34.75880077743401,0 32.4022587001491,34.75874433077997,0 32.40224722074927,34.75869699896412,0 32.40222948813349,34.75863057175531,0 32.40222088713612,34.7585733552819,0 32.40220699092913,34.75849400212942,0 32.40219649260781,34.75844134396845,0 32.40218861174907,34.75840242227982,0 32.40217634326824,34.75834289271278,0 32.4021633448464,34.75826583093062,0 32.40215298032788,34.75820098225689,0 32.40215048787777,34.75817581605257,0 32.40214833089963,34.75812017268268,0 32.40214614212493,34.75806757694729,0 32.40214842320123,34.75802796776346,0 32.40216931811167,34.75797478223331,0 32.40218443107752,34.75794365195338,0 32.4021799075338,34.75793523547352,0 32.40216794919291,34.75793133660019,0 32.40212103326238,34.75791650912515,0 32.40209355982366,34.75789649101767,0 32.40208304930546,34.75787402854218,0 32.40204499055925,34.75779268891773,0 32.40201779521352,34.75774092500908,0 32.40198808983892,34.75766508284451,0 32.40196654832791,34.75760419520309,0 32.40194345556321,34.75755819183831,0 32.40193409085873,34.75752604081874,0 32.40193993296771,34.75749973284479,0 32.40195588492295,34.7574379836645,0 32.4019648559067,34.75737961848221,0 32.40196279834774,34.75731429585565,0 32.40195510078559,34.7572569503758,0 32.40195312010081,34.75718475459372,0 32.40194256934029,34.75713426232046,0 32.40193595685634,34.75710442350568,0 32.40188655326069,34.75705249189197,0 32.40186721647896,34.75703078382213,0 32.40186065919021,34.75700632150274,0 32.40185769125116,34.75696592481174,0 32.40185247952429,34.7569226946687,0 32.40185534363701,34.75686919615073,0 32.40185810398632,34.75682508749401,0 32.40186442244462,34.75676785952997,0 32.40186623213737,34.75670684227153,0 32.40186577686404,34.75664486826915,0 32.4018569568139,34.75661945101857,0 32.40182796963653,34.75656571220302,0 32.40179814456852,34.75648473835726,0 32.40177589884364,34.75643856153058,0 32.4017269231894,34.75634054277543,0 32.40170461542692,34.75628435235822,0 32.40166761328526,34.75625488794793,0 32.40164435254975,34.75622633750869,0 32.40162112942653,34.75619454384382,0 32.40159396754052,34.75616353220482,0 32.40156889497801,34.75612118611826,0 32.40154765279578,34.75608778678151,0 32.40151846336511,34.75606243436045,0 32.40149117707473,34.75604277130355,0 32.40144703264446,34.75603757382832,0 32.40137165517187,34.75601430383619,0 32.40128399112984,34.75594716396942,0 32.40121971115111,34.75589722505299,0 32.40118860271402,34.75586780480263,0 32.40114084284316,34.75583420377558,0 32.40111552956706,34.75581374534563,0 32.40109220742108,34.75579086910689,0 32.40107584048103,34.75576074969178,0 32.40107123395349,34.75573315087153,0 32.40105890185593,34.75569333279979,0 32.40105422447679,34.75567221954091,0 32.40104464365749,34.75565025824077,0 32.40101616903098,34.75564923205656,0 32.40096798892507,34.75565373215528,0 32.4008981465612,34.75566293217537,0 32.40087546809841,34.75567086781384,0 32.40085975287992,34.75567074902575,0 32.40083916270969,34.75566735022268,0 32.40079603691803,34.75565891682282,0 32.40075983894609,34.75564567222283,0 32.40070612318898,34.75561770190156,0 32.40066322946014,34.75558819196476,0 32.40057533221535,34.75554212807306,0 32.40052359966776,34.7555125511396,0 32.40046597273383,34.755482929839,0 32.4004151855749,34.75545660272315,0 32.40036737142766,34.7554278662353,0 32.40029809283975,34.75538599631072,0 32.40023656497709,34.75535391276917,0 32.40019258111945,34.75533412391017,0 32.40016432267355,34.75531364176139,0 32.40013404459857,34.75529800935748,0 32.40009790172957,34.75527990062506,0 32.40005972096082,34.75526826144232,0 32.40003619449443,34.75526403042507,0 32.40000380064654,34.75526216347671,0 32.39996446873954,34.75526591891174,0 32.39993744483336,34.75526895523421,0 32.39991037720534,34.75527199584251,0 32.39988579686158,34.75527424100614,0 32.39985049182641,34.75526910995384,0 32.39981038395808,34.75525421328208,0 32.39977521280104,34.75523692234876,0 32.39975280208031,34.7552205389617,0 32.39973928401159,34.75519935773486,0 32.39972590090044,34.75516601845544,0 32.39972229500054,34.75513680461653,0 32.399721562597,34.75511409986772,0 32.39972335332707,34.75508806048415,0 32.39972390266444,34.75508006825912,0 32.39972522656343,34.75507220244906,0 32.39972992872318,34.75504426003944,0 32.39973126061852,34.75503634559055,0 32.39973357339185,34.75502781848564,0 32.39974047582636,34.75500236590065,0 32.39974378054322,34.7549699625521,0 32.39975396844754,34.75493680076067,0 32.39977912180607,34.75488267386357,0 32.39980498121474,34.75485368458568,0 32.39985852764606,34.75480788004717,0 32.39990312768914,34.75477173547375,0 32.39993866580363,34.7547557909261,0 32.39997312151363,34.75474875544402,0 32.39998989848269,34.7547415859694,0 32.40002353358167,34.75471995110085,0 32.4000473651822,34.7546966209792,0 32.40007421433784,34.75466682792077,0 32.40013074260024,34.7546178026566,0 32.40015254865661,34.75460013263742,0 32.40018910287039,34.75458095231873,0 32.40022469240144,34.75456014373133,0 32.40030847273262,34.7545340240609,0 32.40036172371817,34.75451497098742,0 32.40041599308063,34.75449268130104,0 32.4004997995993,34.75446412952271,0 32.40055318424459,34.75443291650151,0 32.40059485542552,34.75439512833704,0 32.40063851656539,34.75435492325676,0 32.40066625005033,34.75433405423622,0 32.40070082207448,34.75431648030067,0 32.40074124275622,34.75430300426955,0 32.40079540446717,34.75429044320114,0 32.40086034341607,34.75428039518376,0 32.40091538065072,34.75427756768839,0 32.40094775587436,34.75428105600439,0 32.40096923843341,34.75429256769495,0 32.40099166740673,34.75430733014834,0 32.4010034082488,34.75431147235874,0 32.4010171595178,34.75431157695933,0 32.40106732078844,34.75430547028551,0 32.40112436626995,34.75429860507553,0 32.40115584877861,34.75429397862589,0 32.40118738604955,34.75428448913001,0 32.40120621670417,34.75426922737804,0 32.40120850245514,34.75424005967464,0 32.40121650215909,34.7542271488212,0 32.4012333245539,34.75421592649043,0 32.40126384344165,34.75420967086664,0 32.40129334287606,34.75420665092549,0 32.40135712972003,34.75421199820293,0 32.4013895414496,34.75421224317395,0 32.40143286296869,34.75420284129014,0 32.40148414980649,34.75418377265888,0 32.40153945415729,34.75415662605007,0 32.40154748117725,34.75414128320411,0 32.40154387466107,34.75411207121093,0 32.40154707131624,34.75408939569197,0 32.40155315180768,34.75407241616701,0 32.40156319614802,34.75405222533471,0 32.40158405423181,34.75403130428503,0 32.40161480479689,34.7540039720722,0 32.40167496452989,34.75398172699003,0 32.40175968917496,34.75395885706434,0 32.40185327185181,34.75393443232408,0 32.40188087025005,34.7539257228829,0 32.40192030871616,34.75391223892876,0 32.40195769228448,34.75390684617642,0 32.40200679259934,34.75390802751279,0 32.40206958722361,34.75391417633901,0 32.40209602572673,34.75392167278114,0 32.40216979940652,34.75392582557104,0 32.40224525588036,34.75393168760769,0 32.4022872731956,34.75393318111941,0 32.40234217979896,34.75392889109025,0 32.40244710786916,34.75391086686184,0 32.40254143489516,34.75388511651037,0 32.40260639304645,34.75387384619138,0 32.4026706893538,34.7538578670362,0 32.40275215486447,34.75383554834226,0 32.40281922993449,34.75382605783293,0 32.40288989213693,34.75381424291574,0 32.40291984571591,34.75381152859394,0 32.4029733141249,34.75380840401072,0 32.40300536435307,34.75380923271925,0 32.40304612307285,34.75381077208258,0 32.40306376174618,34.7538114381795,0 32.40308135722534,34.75381279457083,0 32.40313138737484,34.75381665190135,0 32.40316279240248,34.75382153932773,0 32.40317904040725,34.75382406819382,0 32.40319431949308,34.7538258567281,0 32.40323086554361,34.75383013561525,0 32.4032380974911,34.75383098235882,0 32.40324535819548,34.75383162731872,0 32.40328151546616,34.75383483787326,0 32.40331349624393,34.75384213494656,0 32.40334324771622,34.75385764859841,0 32.40339483868343,34.7538956720125,0 32.40344777690052,34.7539407621403,0 32.40349434384088,34.75398227564322,0 32.40352295041563,34.75403717779268,0 32.40353762100828,34.75406375040056,0 32.40354612327646,34.75406793059025,0 32.4035724566331,34.75407048085752,0 32.40359524022016,34.75407182923178,0 32.40362366384388,34.75407851204403,0 32.40364492710749,34.75408866821672,0 32.40366450727878,34.75409715387458,0 32.40367116211577,34.75410003864312,0 32.40368513672941,34.75410477477088,0 32.40368890876174,34.75410605346558,0 32.40370596679396,34.75410971033305,0 32.4037273326464,34.75411045948945,0 32.40374872077962,34.75411099600964,0 32.40376080825091,34.75411129948647,0 32.40377614509125,34.75411114020311,0 32.40379358568379,34.75411095876579,0 32.40382282507776,34.75410823892281,0 32.40384140670604,34.75410308707563,0 32.40385790760175,34.75409262633194,0 32.40387940914974,34.75408102810029,0 32.40389806018833,34.75406940779805,0 32.40392026739839,34.75405840255999,0 32.40395521951174,34.7540545495845,0 32.40398089206757,34.7540523909739,0 32.40400803364688,34.75404612714487,0 32.40402883590775,34.75403334637094,0 32.40404605633969,34.75402230408357,0 32.4040624920092,34.75401772403514,0 32.40408672648412,34.75401673024599,0 32.40410877767412,34.75401983636822,0 32.40416294763398,34.75401789198644,0 32.40419639647295,34.75402108541164,0 32.40422201666362,34.75402363024627,0 32.4042476699813,34.75402323561769,0 32.40426686644994,34.75402690827723,0 32.40429233819175,34.75404297678572,0 32.40431622451526,34.75407373473132,0 32.40433027829972,34.75409148176232,0 32.40435006405073,34.75410633163289,0 32.40438406486655,34.75412422851031,0 32.4044109683151,34.75413972076029,0 32.40443300142428,34.75414459086803,0 32.40445222246598,34.75414591084103,0 32.40447290187585,34.75414430283048,0 32.40449434461537,34.75413799569842,0 32.40450232279743,34.75412511967731,0 32.40449690158671,34.75409979314438,0 32.40449295047263,34.7540703613974,0 32.40449383018527,34.75405507985626,0 32.404496050794,34.75404745185055,0 32.40451040895019,34.75403756287426,0 32.40454397529342,34.75403017198349,0 32.40463439120539,34.75403614535339,0 32.4046856135063,34.75404299887727,0 32.40473827168378,34.75404868841846,0 32.40479229749748,34.75405967972369,0 32.40485335136965,34.75407954404536,0 32.40489459271147,34.75408691120397,0 32.4049159905879,34.75408471978693,0 32.40492890313926,34.75407658512493,0 32.40493254896398,34.75406896768148,0 32.40494329325828,34.75406375663358,0 32.4049539660359,34.75406501312041,0 32.40496241934621,34.75407389672483,0 32.40496793141931,34.75409099166424,0 32.4049677958831,34.75410333902844,0 32.40497341679517,34.75411043834918,0 32.40498551483531,34.75411170540334,0 32.40500412731554,34.75410361300769,0 32.40501994908981,34.75409020646316,0 32.40504143657969,34.75407978434561,0 32.40505497158555,34.7540798856305,0 32.40507616991565,34.75409592227982,0 32.40508754837553,34.75409777265061,0 32.40510467907294,34.75409496089086,0 32.40512687223624,34.75408513175222,0 32.40517405894666,34.75407019810594,0 32.40521050667061,34.75405988779596,0 32.40527685568527,34.75405156697226,0 32.40536803714595,34.75405284068535,0 32.40542281352661,34.75406030891398,0 32.4055025631539,34.7540644374819,0 32.40554601226338,34.7540653527218,0 32.40558948166666,34.75406450301116,0 32.40562481583417,34.75406676774181,0 32.40564145453093,34.75406783423617,0 32.40565715650386,34.75406930361063,0 32.4056974799915,34.75407307735559,0 32.40570978092281,34.75407422904132,0 32.40572166919671,34.75407565816064,0 32.40575674037141,34.75407987410478,0 32.40580298774486,34.75408551387268,0 32.40582505399468,34.7540874442705,0 32.40586621119316,34.7541024549643,0 32.40592149398812,34.75412874405676,0 32.40597035419788,34.75415616105536,0 32.40601328952143,34.75417605990864,0 32.40601369557155,34.75417624758746,0 32.40603647917452,34.75418614573439,0 32.40623692702603,34.75412295734689,0 32.40625017919476,34.75411618718869,0 32.40630883425536,34.75407999339225,0 32.40632981447155,34.75406412292909,0 32.40641528115925,34.75398577559221,0 32.40643912220453,34.75396191420097,0 32.40645044120873,34.75394139473481,0 32.40653978584623,34.75377896115494,0 32.40666872554783,34.75353669081846,0 32.40676357396083,34.75347612852411,0 32.40686472659299,34.75340958330409,0 32.40690569987351,34.75338736026085,0 32.40699330041966,34.75334081154508,0 32.40726222846939,34.75319584654581,0 32.40733969002161,34.75316531292432,0 32.40744369573334,34.7531246057744,0 32.40752195541637,34.75310051315761,0 32.40760412601929,34.7530753758073,0 32.40768283267488,34.75304985646621,0 32.40780596399975,34.75300356921992,0 32.40811209631748,34.75288904303981,0 32.40815213919993,34.75280563559279,0 32.40812891591452,34.75269802417249,0 32.4081220366926,34.75266780034899,0 32.40812229610572,34.75266680280571,0 32.40812257732971,34.75266580987563,0 32.4081228781867,34.75266482064679,0 32.40812320085458,34.75266383603119,0 32.40812354423471,34.75266285692498,0 32.40812390833356,34.75266188242669,0 32.40812429314472,34.75266091343774,0 32.40812469757598,34.75265994995282,0 32.40812512271954,34.7526589919773,0 32.4081255685625,34.75265804131396,0 32.40812603402559,34.75265709615464,0 32.40812651909596,34.75265615830221,0 32.40812702377357,34.75265522775665,0 32.4081275491506,34.7526543045233,0 32.40812809304276,34.7526533885915,0 32.40812865653572,34.75265248086802,0 32.40812923853095,34.75265158224891,0 32.40812984013346,34.75265069093668,0 32.40813046023819,34.75264980872888,0 32.40813109883874,34.75264893652688,0 32.40813175594796,34.75264807252785,0 32.40813243155299,34.75264721853464,0 32.4081331245617,34.75264637454197,0 32.40813383606621,34.75264554055512,0 32.40813456388224,34.75264471656342,0 32.40813531018764,34.75264390347898,0 32.40813607279814,34.75264310129118,0 32.40813685280585,34.75264231000528,0 32.40813764911222,34.75264153051739,0 32.40813846172367,34.75264076192614,0 32.40813929062732,34.75264000603432,0 32.40814013582963,34.75263926194057,0 32.40814099623842,34.75263852963953,0 32.40814187184729,34.75263781003262,0 32.40814276265623,34.75263710311984,0 32.40814366756665,34.7526364097973,0 32.40814458767711,34.75263572916893,0 32.4081455218955,34.75263506122936,0 32.40814647020895,34.75263440778147,0 32.40814743262386,34.75263376792383,0 32.40814840804813,34.75263314165111,0 32.40814939647527,34.75263252986474,0 32.40815039790533,34.75263193256474,0 32.40815141125255,34.75263134884435,0 32.40815243759626,34.75263078051176,0 32.40815347475213,34.75263022755628,0 32.40815452491091,34.75262968908717,0 32.40815558478971,34.75262916598993,0 32.40815665657924,34.75262865737371,0 32.40815773808238,34.75262816503074,0 32.40815883039767,34.75262768806493,0 32.40815993351871,34.75262722737769,0 32.40816104526119,34.75262678295841,0 32.40816216563153,34.75262635390563,0 32.40816329571546,34.75262594112615,0 32.40816443442084,34.75262554461461,0 32.40816558065551,34.7526251643657,0 32.40816673550516,34.75262480128617,0 32.40816789788413,34.75262445446928,0 32.40816906669379,34.7526241248111,0 32.40817024303275,34.75262381141562,0 32.408171425796,34.75262351608024,0 32.40817261390422,34.75262323699694,0 32.40817380844317,34.75262297507239,0 32.40817500832067,34.75262273030126,0 32.40817621243814,34.75262250357968,0 32.40817742189417,34.75262229401157,0 32.40817863559663,34.75262210159158,0 32.40817985245335,34.7526219263144,0 32.40818107355004,34.75262176908677,0 32.408182297801,34.75262162900199,0 32.40818352410763,34.75262150695612,0 32.40818475356213,34.75262140295452,0 32.4081859850787,34.7526213160904,0 32.40818721755881,34.75262124725992,0 32.40818845100247,34.75262119646309,0 32.40818968650824,34.75262116280373,0 32.40819092188539,34.75262114717274,0 32.40819215822609,34.75262114957535,0 32.40819339334602,34.75262117000097,0 32.40819462834375,34.75262120755347,0 32.40819586212074,34.75262126312903,0 32.40819709467695,34.75262133672756,0 32.40819832492668,34.75262142744241,0 32.40819955394922,34.75262153708165,0 32.40820077957957,34.75262166293048,0 32.40820200289057,34.75262180769843,0 32.40820322280937,34.75262196867594,0 32.40820443931666,34.75262214856726,0 32.4082056513332,34.75262234556424,0 32.40820685995111,34.75262255967223,0 32.40820806298608,34.75262279088056,0 32.40820926152386,34.752623040096,0 32.40821045447868,34.75262330641177,0 32.40821164185704,34.75262358892653,0 32.40821282255385,34.75262388943774,0 32.40821399657561,34.75262420704401,0 32.4082151639287,34.75262454084393,0 32.40821632460673,34.75262489173888,0 32.4082174764254,34.75262525971831,0 32.40821862157541,34.75262564389137,0 32.40821975787247,34.75262604424746,0 32.40822088531659,34.75262646078657,0 32.40822200390133,34.75262689441012,0 32.40822311363956,34.7526273433153,0 32.4082242134327,34.75262780839821,0 32.40822530328717,34.75262828875741,0 32.4082263821044,34.75262878528902,0 32.40822745098296,34.75262929709697,0 32.4082285088307,34.75262982417585,0 32.40822955564763,34.75263036652581,0 32.40823059034162,34.75263092414139,0 32.40823161291905,34.75263149612128,0 32.40823262337994,34.75263208246545,0 32.40823362171788,34.7526326840753,0 32.40823460685355,34.7526332991427,0 32.40823579510268,34.75263407204905,0 32.40824044923311,34.75264229603766,0 32.40839525241093,34.75291587948094,0 32.40843237648031,34.75294522437015,0 32.40944957562009,34.75337522032068,0 32.40945108776994,34.75337698457559,0 32.40945117226546,34.75337708234171,0 32.40945255074693,34.75337875219781,0 32.40945257781352,34.75337878568265,0 32.40945272941983,34.75337896851031,0 32.40945398404313,34.7533805467195,0 32.40945402409375,34.75338059739482,0 32.40945424601031,34.75338087611693,0 32.40945538224905,34.75338236090288,0 32.40945543419149,34.75338242876337,0 32.40945572203687,34.75338280516154,0 32.40945674536467,34.75338419474791,0 32.4094568081004,34.75338428068969,0 32.4094571574995,34.75338475564418,0 32.40945806904062,34.75338604552919,0 32.40945814364897,34.75338615136037,0 32.40945855022674,34.75338672575138,0 32.40945935872489,34.75338791507598,0 32.40945944194858,34.75338803807647,0 32.40945990239649,34.75338871639521,0 32.40946060897588,34.75338980065762,0 32.40946070297361,34.75338994444365,0 32.40946121183724,34.75339072576224,0 32.40946182414301,34.75339170499951,0 32.40946192457178,34.75339186594424,0 32.40946247854899,34.75339275385239,0 32.40946299879755,34.75339362356804,0 32.40946310673026,34.75339380438101,0 32.40946370253816,34.75339479976434,0 32.40946413620313,34.75339555818203,0 32.40946425163982,34.75339575886323,0 32.4094648827126,34.75339686349274,0 32.40946523526761,34.75339750883614,0 32.40946535493818,34.75339772846826,0 32.40946601908514,34.75339894323479,0 32.40946629491808,34.7533994728208,0 32.40946641990186,34.75339971321198,0 32.40946711056358,34.75340103898515,0 32.40946731514809,34.75340145103746,0 32.4094674454387,34.75340171308912,0 32.40946815824011,34.75340315074918,0 32.40946829595767,34.75340344348609,0 32.40946842938359,34.75340372538484,0 32.4094691610354,34.7534052767187,0 32.4094692384518,34.75340544836921,0 32.40946937391445,34.75340575101111,0 32.40947011894303,34.75340741779515,0 32.40947013934758,34.75340746657228,0 32.40947027684698,34.75340778995737,0 32.40947099975001,34.75340949629782,0 32.40947103198225,34.75340957127429,0 32.40947113928613,34.75340984042609,0 32.40947181856048,34.75341153844192,0 32.4094718979623,34.7534117380469,0 32.40947196013335,34.75341190331333,0 32.409472596884,34.75341359120702,0 32.40947271908033,34.7534139163208,0 32.40947274050005,34.75341397592021,0 32.40947333254269,34.7534156536812,0 32.40947347601113,34.75341605912696,0 32.40947349314561,34.75341610698678,0 32.40947402881298,34.75341772588026,0 32.40947416993669,34.75341815385084,0 32.40947422126314,34.75341830824733,0 32.40947468351699,34.75341980689222,0 32.40947482230239,34.75342025648622,0 32.40947490343933,34.75342051920099,0 32.40947529665473,34.75342189671709,0 32.40947543091744,34.7534223679239,0 32.40947553748984,34.75342273983719,0 32.40947586822616,34.75342399535486,0 32.40947599797266,34.75342448727309,0 32.40947612560541,34.75342496926513,0 32.40947639825056,34.75342610010131,0 32.40947652237583,34.75342661452844,0 32.40947666560174,34.7534272074742,0 32.40947688671508,34.75342821275923,0 32.40947700413336,34.75342874878858,0 32.40947715858378,34.75342945266682,0 32.40947733254039,34.75343033152051,0 32.40947744324529,34.75343089005351,0 32.40947760346582,34.75343170393635,0 32.40947773572647,34.75343245638516,0 32.4094778375465,34.75343303560837,0 32.40947800133356,34.75343396218948,0 32.40947809737194,34.75343458645704,0 32.40947819030707,34.75343518637047,0 32.40947835110771,34.75343622561805,0 32.40947841748316,34.75343672083475,0 32.40947850043484,34.75343734233451,0 32.40947865279463,34.75343849332068,0 32.40947869388226,34.75343885860628,0 32.40947876575832,34.75343950168707,0 32.40947890748655,34.75344076530268,0 32.40947892874711,34.75344100068362,0 32.40947898846822,34.75344166353734,0 32.4094791130055,34.75344304065199,0 32.40947911990627,34.75344314525338,0 32.40947916745959,34.75344382968282,0 32.40947926845185,34.75344529232084,0 32.40947927045007,34.75344531847252,0 32.40947930275163,34.75344599741931,0 32.40947937220596,34.75344744097398,0 32.40947937982029,34.75344759876425,0 32.40947939543654,34.75344816675205,0 32.40947943335289,34.75344959122338,0 32.40947944112893,34.75344987972436,0 32.40947944333636,34.7534503367691,0 32.40947945190553,34.75345174126624,0 32.40947945437604,34.75345216135287,0 32.40947944863544,34.75345250748097,0 32.40947942676523,34.75345389199866,0 32.40947941847583,34.75345444274306,0 32.40947941024803,34.75345467798101,0 32.4094793601292,34.75345604162842,0 32.40947933561907,34.75345672300406,0 32.40947932818056,34.75345684736779,0 32.40947925090524,34.75345819015019,0 32.40947920362142,34.75345900212533,0 32.40947909800763,34.7534603366573,0 32.40947903082744,34.75346118188952,0 32.40947902358143,34.75346127921075,0 32.40947890252851,34.75346248115502,0 32.40947881664679,34.75346334522693,0 32.40947879550554,34.75346355335886,0 32.40947866556645,34.75346462274723,0 32.40947855770673,34.75346550564298,0 32.4094785194002,34.75346582366828,0 32.40947838602929,34.75346676142863,0 32.40947825729656,34.75346766135067,0 32.40947819636388,34.75346808924284,0 32.40947806393628,34.75346889449498,0 32.40947791212696,34.75346981413694,0 32.40947782421236,34.75347035007204,0 32.40947769818244,34.75347102374378,0 32.40947752440794,34.75347196040677,0 32.40947740404415,34.75347260525969,0 32.40947729095848,34.75347314828429,0 32.40947709303445,34.75347410195764,0 32.40947693695787,34.75347485390964,0 32.40947684227724,34.75347526631358,0 32.40947661911155,34.75347623699205,0 32.40947642186131,34.75347709601668,0 32.40947635104014,34.75347737872783,0 32.4094761026392,34.75347836550998,0 32.4094758598595,34.75347932978323,0 32.40947581726002,34.75347948372418,0 32.40947554253164,34.75348048660475,0 32.40947525095239,34.75348155520924,0 32.40947524312116,34.75348158131327,0 32.40947494207821,34.75348259848936,0 32.40947462535355,34.75348367057771,0 32.40947459514003,34.7534837722948,0 32.40947429798317,34.7534847038522,0 32.40947396396355,34.75348575061614,0 32.40947389134948,34.75348597833031,0 32.40947361136433,34.75348679909289,0 32.40947326222127,34.75348782234587,0 32.40947314175222,34.75348817512921,0 32.40947288331387,34.75348888421678,0 32.4094725201459,34.75348988306263,0 32.40947234636751,34.75349035998724,0 32.40947211382534,34.75349096012519,0 32.40947173663253,34.75349193456396,0 32.40947150410319,34.75349253289909,0 32.40947130181303,34.75349302591147,0 32.40947091170033,34.75349397414559,0 32.4094706160514,34.75349469387009,0 32.4094704483819,34.75349507977806,0 32.40947004752724,34.75349600271954,0 32.40946968331072,34.75349684200409,0 32.40946955572272,34.75349712083416,0 32.40946914302749,34.75349801937915,0 32.40946870480184,34.75349897549296,0 32.40946861945397,34.75349915086139,0 32.4094681982011,34.75350002412433,0 32.4094676805183,34.75350109523814,0 32.40946764506857,34.75350116537916,0 32.40946721415307,34.75350201515759,0 32.40946662927076,34.75350316707583,0 32.40946661265731,34.75350319944737,0 32.40946618979119,34.75350399247364,0 32.40946557097482,34.75350515504466,0 32.40946550012665,34.75350528811536,0 32.40946512729983,34.75350595608304,0 32.40946447237788,34.75350712749346,0 32.40946434293277,34.75350736034068,0 32.40946402559965,34.75350790417768,0 32.40946333675644,34.75350908443809,0 32.40946314326001,34.75350941613395,0 32.40946288576996,34.75350983856573,0 32.4094621608276,34.75351102676407,0 32.40946190002897,34.753511453687,0 32.40946170673787,34.75351175653752,0 32.40946094570274,34.75351295177244,0 32.40946061323331,34.75351347390129,0 32.40946049178627,34.75351365720766,0 32.40945969247407,34.7535148594685,0 32.40945928398438,34.75351547407782,0 32.40945923652724,34.75351554325914,0 32.40945840113513,34.75351675075368,0 32.40945794536156,34.75351741020607,0 32.40945791336155,34.75351745602471,0 32.40945707279733,34.75351862292902,0 32.4094566139141,34.75351925892868,0 32.40945650029187,34.75351941703246,0 32.40945570526997,34.75352047688533,0 32.40945524545499,34.75352109034429,0 32.40945504586755,34.75352135710636,0 32.40945430182948,34.75352231263855,0 32.40945384327992,34.75352290176452,0 32.40945355117426,34.7535232771531,0 32.40945286139016,34.75352412928186,0 32.40945240409958,34.75352469497632,0 32.40945201623133,34.75352517446844,0 32.40945138505058,34.75352592591926,0 32.40945093011115,34.75352646818743,0 32.40945044103228,34.75352704995375,0 32.40944987281713,34.75352770164925,0 32.40944942022246,34.75352822139261,0 32.40944882668217,34.75352890181158,0 32.40944832468985,34.75352945647185,0 32.40944787553847,34.75352995279425,0 32.40944717318092,34.75353073004187,0 32.40944674176085,34.75353119039235,0 32.4094462982307,34.75353166420582,0 32.40944548162076,34.7535325346499,0 32.40944512403657,34.75353290250936,0 32.40944468612768,34.75353335381389,0 32.40944375200806,34.75353431473431,0 32.40944347371422,34.75353459103061,0 32.40944304032796,34.75353502072232,0 32.40944198434927,34.75353606939363,0 32.40944178749798,34.75353625864445,0 32.40944136191727,34.75353666583782,0 32.4094401808287,34.75353779863848,0 32.40944006978219,34.75353790176645,0 32.40943965199423,34.75353828826427,0 32.40943834036059,34.75353950156214,0 32.40943831837615,34.75353952128737,0 32.40943790947308,34.75353988709501,0 32.40943653329264,34.7535411154044,0 32.40943646404354,34.75354117726847,0 32.40943613436021,34.75354146142855,0 32.40943471671603,34.75354268412813,0 32.40943455296972,34.75354282576278,0 32.40943432992572,34.75354301218221,0 32.40943286973204,34.75354422836533,0 32.40943260713912,34.75354444704508,0 32.40943249289955,34.75354453843871,0 32.40943099016276,34.75354574720388,0 32.40943062765672,34.7535460393178,0 32.4094271463615,34.75354871055163,0 32.40934309241961,34.75355213042999,0 32.40898482536037,34.75341124107776,0 32.40894980566749,34.75339460346231,0 32.40877539714594,34.75343730395597,0 32.40876483494569,34.75345899919979,0 32.40824312508961,34.75336327973877,0 32.40767359513333,34.75338908669478,0 32.40762341612947,34.7534126552485,0 32.40751107713522,34.75352164903005,0 32.40751474232017,34.75354706695268,0 32.40749550823611,34.75354697336879,0 32.40749785631394,34.75358308236223,0 32.40754336108623,34.75357844135259,0 32.40754276734221,34.7536335890293,0 32.40754420314573,34.75373809813173,0 32.40754345223935,34.75386739721947,0 32.40754518418164,34.75394757047725,0 32.40754374913527,34.75398945556677,0 32.40751739154383,34.75398783723522,0 32.40751692483303,34.75400837534859,0 32.40748512144987,34.75400875065766,0 32.40736944838807,34.75403819876216,0 32.40730247146929,34.75405478755094,0 32.40722387771454,34.75407413948194,0 32.40721348814717,34.75407772264146,0 32.407200766293,34.75406867958968,0 32.40713701038928,34.75411168466074,0 32.40719002790227,34.75417334126144,0 32.40723335792629,34.75422409905735,0 32.40728696216716,34.75428620468804,0 32.40736794119101,34.75438002393312,0 32.40727404826802,34.75441668404834,0 32.40726467345568,34.7544196375321,0 32.40729738317096,34.75449742309094,0 32.40733508498454,34.75458536430492,0 32.40735375334928,34.75462186823097,0 32.40740510847298,34.75471203393502,0 32.40749252810458,34.7548256820249,0 32.40751738304731,34.75485069913457,0 32.40761671394904,34.75494625624708,0 32.40772762958553,34.7550330363413,0 32.40787887080766,34.75513565524349,0 32.40793813477903,34.75507720058201,0 32.40794654388806,34.75508177755081,0 32.40821655896904,34.75482741973159,0 32.40828867230041,34.7547594882209,0 32.40835664134761,34.75481364300315,0 32.40833515268713,34.75483298822721,0 32.40831991426619,34.75482116922671,0 32.40821554605684,34.75492010073678,0 32.40800383650969,34.75512078047233,0 32.40801549784228,34.75512939550551,0 32.40795130889433,34.75518634247683,0 32.40798935251446,34.75525346621779,0 32.40803297459064,34.75528977133803,0 32.40807714347842,34.75531894324305,0 32.40812470409775,34.75534225057494,0 32.40821047235581,34.75538416645803,0 32.40824005359491,34.75539848727794,0 32.40838845678847,34.75525571777148,0 32.4085892097066,34.75505825280429,0 32.40851174016934,34.75500792822947,0 32.40859664456632,34.75491883318534,0 32.40886183143834,34.75509931415307,0 32.40877343420854,34.75518350567498,0 32.4086950514967,34.75512948265126,0 32.4083587378737,34.75545364391448,0 32.40841968153492,34.75547544312832,0 32.40859806439211,34.75553834451132,0 32.40864696821654,34.75555544178209,0 32.40866644650922,34.75556225215555,0 32.40875666902958,34.75559042598649,0 32.40888214194712,34.75562461135117,0 32.40893522140625,34.75563773266005,0 32.40901919711932,34.7556595415045,0 32.40909405077304,34.75567779669102,0 32.40909776383438,34.75566514396424,0 32.40913091129219,34.75567335473567,0 32.40920614657183,34.75568925351876,0 32.40924680264876,34.75569722484509,0 32.40930779260929,34.75570859319232,0 32.40936522286181,34.75571875523408,0 32.40942872350314,34.75572925768882,0 32.40951008998937,34.75574018929687,0 32.40956077174577,34.75574646663674,0 32.40962825211651,34.75575257569928,0 32.4096621724711,34.75575548415406,0 32.40974112089962,34.75575872986332,0 32.4098375939772,34.75576092823805,0 32.40990585464477,34.75576114546234,0 32.40992837824948,34.75576042978404,0 32.40992827189714,34.75577015949233,0 32.41004441248769,34.75577132529506,0 32.41022988409999,34.75577271501723,0 32.410341024644,34.75577354892671,0 32.41044751800669,34.75577434671383,0 32.41055622104893,34.75577190358295,0 32.41063448203307,34.75577014505642,0 32.41073246129621,34.75576527725519,0 32.41082191153313,34.7557559203664,0 32.41090208656213,34.75574502123658,0 32.41094998108684,34.7557374527043,0 32.41106403316216,34.75571910281158,0 32.41115115111796,34.75570193958373,0 32.41118825615891,34.75569365711962,0 32.41124280052449,34.7556806461355,0 32.41133389233969,34.75565911644753,0 32.41138873594721,34.75564425617253,0 32.41146889888943,34.75562195059405,0 32.41158849918349,34.75558328135178,0 32.4116625158532,34.75555884737545,0 32.41173497956153,34.75553484305363,0 32.41179038578802,34.75551686360157,0 32.41192951427384,34.75547148963273,0 32.41197321616908,34.75545658430001,0 32.41201847490034,34.75544269699155,0 32.41212195186925,34.7554084088291,0 32.41215830619738,34.75539675373378,0 32.41231201006572,34.75534644124245,0 32.41234302266295,34.75533580959647,0 32.41240359225172,34.75531665495436,0 32.41247896995596,34.75529074867149,0 32.41257456409814,34.75526322801824,0 32.41260588962324,34.7552574448985,0 32.41263741752637,34.75525069098624,0 32.41273285596201,34.75522972208014,0 32.41287796673164,34.75520516866326,0 32.4128942095509,34.75520295639838,0 32.41304118422926,34.75518772372769,0 32.41309041587451,34.755184525605,0 32.41313972714073,34.7551822689575,0 32.41320554555325,34.75518073006095,0 32.41323846941805,34.75518059033119,0 32.41337007073702,34.7551842307145,0 32.41338649448917,34.75518515809647,0 32.41343570780077,34.75518856645614,0 32.41345208817979,34.75518991279353,0 32.41349672343082,34.75519417257979,0 32.41356641267746,34.75520082285391,0 32.41364767713902,34.75520966165086,0 32.41368398661948,34.75521543447261,0 32.41372016899276,34.75522172951128,0 32.41375621225817,34.75522854490633,0 32.41379210660581,34.75523587790627,0 32.4138278400286,34.75524372755205,0 32.41386340163081,34.75525209018549,0 32.41389878159607,34.75526096395667,0 32.41393396902857,34.75527034520748,0 32.41396895192122,34.75528023297886,0 32.41400372048309,34.75529062181521,0 32.41405599869028,34.75530732390034,0 32.41406128875574,34.75531004738824,0 32.41407623699526,34.75531560642754,0 32.41416447581894,34.75535146057225,0 32.41418267027789,34.75535777710736,0 32.41419777932155,34.75536577802588,0 32.4142254969135,34.7553771965873,0 32.41432026176611,34.75541663011073,0 32.41445564154689,34.75547318264668,0 32.4144966720104,34.7554899124889,0 32.41453267936524,34.75546810741763,0 32.41461758513617,34.75541651018658,0 32.41462882122879,34.75542249482532,0 32.41468682836772,34.7553501971986,0 32.41473065112663,34.75537288182608,0 32.41467379630862,34.75544301252339,0 32.41476143645365,34.75548900464636,0 32.41488052538885,34.75555262238905,0 32.4149898789962,34.7556108873242,0 32.41503818745741,34.75563671240047,0 32.41511158947985,34.75567576594099,0 32.41515463812362,34.75570062098989,0 32.41521790492377,34.75573649596171,0 32.41531788190612,34.75571980796953,0 32.41559521881099,34.75566958098052,0 32.41572848619621,34.75564537928987,0 32.41584454667672,34.75559835859331,0 32.41585857319444,34.75559260342864,0 32.4158968812886,34.75557688655055,0 32.41598302879536,34.7555421126326,0 32.41599057240787,34.75553906766305,0 32.4160770912817,34.75550397093778,0 32.41616149596445,34.75546989887601,0 32.41623746561189,34.75543888820056,0 32.41622795464811,34.75534451059467,0 32.41621733023472,34.75531600365611,0 32.41610022958716,34.75530234056624,0 32.41611457957597,34.75525667441688,0 32.41616353622857,34.75525777634336,0 32.41616504579327,34.75501397798536,0 32.41615567718247,34.75498582592147,0 32.41612186156058,34.75488503515469,0 32.41627892216673,34.75481542110831,0 32.41629095560234,34.75475032123155,0 32.41630748184494,34.75465751615182,0 32.41631208255205,34.75461975671704,0 32.41649214423941,34.75456928310568,0 32.41655973791983,34.75454959573705,0 32.41667058440454,34.7545002370386,0 32.4169615056622,34.75436921839556,0 32.41698982040154,34.75435815346883,0 32.41700973917045,34.75435037017596,0 32.41707920336233,34.75432106761229,0 32.41749951714089,34.75435356678123,0 32.41805542367226,34.7538985107883,0 32.4181371740008,34.75369643437004,0 32.41790336928,34.75323493384249,0 32.41798224762937,34.75287645060776,0 32.41808849107566,34.75286409648073,0 32.418052068029,34.75322164235189,0 32.41817823898621,34.75354222782443,0 32.41836642933901,34.75352171923522,0 32.41870914977154,34.75343854203443,0 32.41896415150154,34.75326589127556,0 32.41922162974173,34.75293249108667,0 32.41872910819016,34.75270742298011,0 32.41877754362371,34.75264334754286,0 32.41923136061098,34.75287313565237,0 32.41927860978792,34.75286458087568,0 32.41937605881009,34.75273783044666,0 32.41933354194448,34.75260302434166,0 32.41935041460535,34.75258438171068,0 32.41946121159919,34.75250074893031,0 32.41954537336753,34.75242692665893,0 32.41958762422531,34.75237406518002,0 32.41960367541596,34.75236167284707,0 32.41962129387617,34.75234428674521,0 32.41967183384818,34.75229586561264,0 32.41970471707909,34.75226858312306,0 32.41976889982327,34.7522202621161,0 32.41989230165099,34.75209168146888,0 32.41992921486557,34.7520419089442,0 32.41998914478599,34.75196603191191,0 32.4200568659444,34.75187019511943,0 32.42012316330582,34.7516949032354,0 32.42008822504084,34.7515601532867,0 32.42000948323719,34.75141069400733,0 32.419921629573,34.75133373174701,0 32.41978639829615,34.75143470150428,0 32.41973758434666,34.75139243166456,0 32.41978311550521,34.75131644825338,0 32.4197848106323,34.75129957219661,0 32.41980883947642,34.75117901695937,0 32.41989040944443,34.75106389031809,0 32.41993977850268,34.75105424380468,0 32.41998699343958,34.75110400960826,0 32.42007051947714,34.75108961102399,0 32.42016981225595,34.75108908953561,0 32.42036861301901,34.75106803067141,0 32.42046863639176,34.75107001664121,0 32.42054757114362,34.75098864888741,0 32.42054911976,34.7509855327362,0 32.42054767025609,34.75096257495406,0 32.4205535551424,34.75095424652579,0 32.42057396833163,34.75094243641765,0 32.42059288139733,34.75093539955139,0 32.42062770838656,34.75093087140537,0 32.42068574196927,34.75092412160014,0 32.42080746722639,34.75092381988513,0 32.42102309889017,34.75081417529747,0 32.42108228139134,34.75076202659154,0 32.42110029491742,34.75074615477701,0 32.42114461431984,34.75066485374364,0 32.42116329151495,34.75062836713636,0 32.42118119291039,34.75059161722127,0 32.42119831514887,34.75055461570157,0 32.42121465270144,34.75051737246725,0 32.42123019892826,34.75047990010736,0 32.42124495157052,34.75044220942883,0 32.421267451557,34.75037984324688,0 32.42128008246301,34.75034163045719,0 32.42129190310441,34.75030324254015,0 32.4213029112288,34.75026468940125,0 32.42131310128865,34.75022598363461,0 32.42132247210482,34.75018713785511,0 32.42133102033294,34.75014816196302,0 32.42133282381563,34.75014122486886,0 32.42133296156053,34.75014073603666,0 32.42133372416326,34.75013803441216,0 32.42133400525828,34.75013703604102,0 32.4213346234187,34.75013484395024,0 32.42133477346615,34.75013431370981,0 32.4213350696748,34.75013334065106,0 32.42133558048103,34.75013166458039,0 32.42133619189187,34.75012965725457,0 32.42133654734723,34.75012848886291,0 32.42133686925932,34.75012743209152,0 32.4213373446505,34.75012597941189,0 32.42133756002582,34.75012532147613,0 32.42133854429477,34.75012231260937,0 32.42133859450904,34.75012215960167,0 32.42133911009045,34.75012058181161,0 32.42133978428452,34.75011865501306,0 32.42134106134969,34.7501150057059,0 32.42134149594686,34.75011376467292,0 32.42134238965637,34.75011136926252,0 32.42134374304398,34.750107738347,0 32.42134402462548,34.75010698336936,0 32.42134515856918,34.75010412395279,0 32.42134658935878,34.75010051323687,0 32.42134669720577,34.75010023970885,0 32.42134808990566,34.75009692268429,0 32.42134830092305,34.75009641977703,0 32.42134951149723,34.75009353458252,0 32.42134960026261,34.75009333488265,0 32.42135118255476,34.75008976815613,0 32.42135132125144,34.75008945601237,0 32.42135246747465,34.75008687159602,0 32.42135277901919,34.75008620510268,0 32.4213544365039,34.75008266217105,0 32.42135454183337,34.75008243640784,0 32.42135556294116,34.75008025254174,0 32.4213561179711,34.75007912566349,0 32.42135784955622,34.75007560652158,0 32.42135792932054,34.75007544463977,0 32.42135879898262,34.75007367832633,0 32.4213596160136,34.75007209836273,0 32.42136142168024,34.75006860571477,0 32.42136149363625,34.75006846723353,0 32.42136217338957,34.75006715254505,0 32.42136327202936,34.75006512680083,0 32.42136483314789,34.75006224687757,0 32.42136515178382,34.75006165974541,0 32.42136568506988,34.75006067519273,0 32.42136642149386,34.75005937790105,0 32.42136708272947,34.75005821276506,0 32.4213680436074,34.75005652170522,0 32.42136903655915,34.75005477310501,0 32.42136933289998,34.75005425077122,0 32.42136968207748,34.75005366919289,0 32.42137515507077,34.75004455811106,0 32.42137914269141,34.75003827142251,0 32.42137943299313,34.75003783199332,0 32.42138105336256,34.7500353823425,0 32.42138163837215,34.75003449809633,0 32.421382965132,34.75003249236624,0 32.42138326204925,34.75003204395394,0 32.42138386335887,34.75003117150407,0 32.42138492695647,34.75002962876975,0 32.42138613840057,34.7500278712916,0 32.42138689968943,34.75002676702798,0 32.42138751313801,34.75002587660676,0 32.42138844176178,34.75002458203102,0 32.42138891378448,34.75002392531454,0 32.42139078757085,34.7500213137054,0 32.42139094528417,34.75002109359976,0 32.42139189376085,34.75001977117337,0 32.42139316820181,34.75001806357416,0 32.42139558148302,34.7500148298241,0 32.42139640281303,34.75001372945147,0 32.42139804047586,34.75001161882735,0 32.42140052232759,34.75000841875658,0 32.42140103809147,34.75000775413484,0 32.42140305747922,34.75000524958824,0 32.42140560678421,34.75000208679727,0 32.42140580068197,34.75000184613017,0 32.42140821700877,34.7499989585507,0 32.42140852758268,34.74999858772784,0 32.42141068619717,34.74999600812087,0 32.42141083593236,34.74999583575409,0 32.42141351795979,34.74999274751232,0 32.42141375467647,34.74999247459649,0 32.4214156946308,34.74999024100839,0 32.42141621194375,34.7499896674403,0 32.42141895703079,34.7499866200632,0 32.42141906380239,34.74998650067776,0 32.42142082377972,34.74998454748658,0 32.42142172387825,34.74998358450825,0 32.42142453422169,34.74998057620336,0 32.42142464865701,34.74998045414999,0 32.42142607363765,34.74997892845685,0 32.42142737282802,34.7499775869631,0 32.42143024623107,34.74997461952287,0 32.42143034633681,34.74997451633183,0 32.42143144091565,34.74997338570642,0 32.42143315550409,34.7499716765921,0 32.4214355948528,34.74996924615606,0 32.42143609196044,34.74996875091792,0 32.42143692450903,34.749967921033,0 32.42143805702271,34.74996683205443,0 32.4214390707892,34.74996585699571,0 32.42144054636343,34.7499644370123,0 32.42144206810833,34.74996297397864,0 32.42144252331305,34.74996253623417,0 32.42144305093079,34.74996205105691,0 32.42145127629597,34.74995448370784,0 32.42154016713409,34.7498967877583,0 32.42159899250777,34.74985687245888,0 32.42165696525258,34.74981611653663,0 32.42171406781865,34.7497745307268,0 32.42177028153914,34.74973212936522,0 32.42182558995026,34.74968892409365,0 32.42187997656959,34.74964492925833,0 32.42195900339289,34.74957816717227,0 32.42201102771687,34.74953226711963,0 32.42206207312638,34.74948562501311,0 32.42211212533629,34.74943825340649,0 32.42216116784598,34.74939016935018,0 32.42220918527849,34.74934138539273,0 32.42225616550814,34.74929191770388,0 32.42233764493595,34.74925852512432,0 32.42233856542692,34.7492569835054,0 32.42236086235206,34.74921781313013,0 32.42238390565474,34.74917763486464,0 32.42240224952718,34.74914497402593,0 32.42241497897881,34.74912230976906,0 32.42244654511479,34.74906678507742,0 32.4224585658309,34.74904599066566,0 32.42246275214781,34.74902290818044,0 32.42246838629721,34.74898842201789,0 32.42247013047667,34.74897774901849,0 32.42247984516366,34.74892125349335,0 32.42248752271842,34.74887123062737,0 32.4224911779807,34.74885179378686,0 32.42250352574271,34.74877930010614,0 32.42251857620949,34.74868472742398,0 32.42252753583721,34.74862984731437,0 32.42254520285449,34.74853043182807,0 32.42254301037456,34.74851905776314,0 32.42254223235106,34.74850060230992,0 32.42254148610356,34.74847930744224,0 32.4225408595867,34.74846936869812,0 32.42254290952878,34.74846167914053,0 32.42255140197314,34.74844896840965,0 32.42256657872232,34.74843164330275,0 32.42258190979841,34.74842242926435,0 32.42261485334786,34.7483977325027,0 32.42265715403236,34.74837087424598,0 32.42270466327039,34.74833959291436,0 32.42275236107528,34.74831338310971,0 32.42278773385814,34.74829113713659,0 32.42281865554778,34.74827149417618,0 32.42284906795258,34.74825346959999,0 32.42287726715763,34.74823583477136,0 32.42289476144158,34.7482308938979,0 32.42291814824856,34.74822619909521,0 32.42298089441853,34.74821631904678,0 32.42301432809776,34.74821392815581,0 32.42305196848811,34.74820779363428,0 32.4230675015909,34.74816966920919,0 32.42309597726144,34.7481058228403,0 32.42311386743172,34.74806561460601,0 32.42312415819185,34.74802372973348,0 32.42313756876472,34.74796666390629,0 32.42315102637902,34.74790534255748,0 32.42316621431766,34.74784301887756,0 32.42318248203882,34.7477717849751,0 32.42319071396544,34.74773839822218,0 32.42321646213368,34.7476321653713,0 32.42320645800368,34.74758161789377,0 32.42319640854944,34.74753492119224,0 32.42318561945826,34.74748842200964,0 32.42317951076233,34.74741905178487,0 32.42317564133175,34.74739125258942,0 32.4231698849328,34.74733404638747,0 32.42316656151196,34.74730138555642,0 32.42311817863727,34.74725501569109,0 32.42307928843407,34.74721682455411,0 32.42303528002036,34.74717494746911,0 32.4230057901001,34.74714989800187,0 32.42299892952891,34.74714407098043,0 32.42298358738421,34.74714973511434,0 32.42294670468797,34.74716335253441,0 32.42293318116903,34.74716850874861,0 32.42290549900687,34.74717906425853,0 32.42289089730291,34.74718425772698,0 32.42282763929271,34.74720675650232,0 32.42282508068096,34.74720766655904,0 32.42282402244866,34.74720797614957,0 32.4227839112608,34.74721972934628,0 32.42265621946003,34.7471073767874,0 32.42263084041157,34.74706176662752,0 32.42262204500509,34.74702591124426,0 32.4226124882923,34.74698316607846,0 32.42261191114524,34.74695907030275,0 32.42261952107873,34.74694948611309,0 32.42266824050188,34.74691885595957,0 32.42272528710119,34.74688966160355,0 32.42274951875834,34.74688639061792,0 32.42282289180557,34.74689103829225,0 32.42291379284907,34.74689512264209,0 32.42296630863767,34.74689962361785,0 32.42300137857234,34.74689711788285,0 32.42304408147421,34.74688296371095,0 32.42306507771929,34.74687003452944,0 32.42306949947834,34.74684666196095,0 32.42307390401322,34.74682466672542,0 32.42308322175671,34.74681165427104,0 32.42311423108391,34.7467987941489,0 32.42315359548664,34.74678461691216,0 32.42316708378608,34.74677163412133,0 32.42317352507553,34.74671523569354,0 32.42317637309841,34.74668290337129,0 32.42317246434189,34.74665809499589,0 32.423154514187,34.74662010943083,0 32.42315795344925,34.74661049733868,0 32.42317809437834,34.74659962570052,0 32.42320585905809,34.74657779518643,0 32.42321795069612,34.74653933351468,0 32.42323008632208,34.74649674160794,0 32.42322301034569,34.74645607886332,0 32.42321849419979,34.74640992849775,0 32.42321035107253,34.74639128581517,0 32.42315337742467,34.74633512789823,0 32.42311469526257,34.7462852937302,0 32.42311574153918,34.74626533878966,0 32.42313781504436,34.74622970087108,0 32.42319958151754,34.74614891344167,0 32.42321901889432,34.74612564713686,0 32.42326764375741,34.74610396317539,0 32.42335142505608,34.74607151468447,0 32.42336990892383,34.74605925504736,0 32.42340034164336,34.74602229907473,0 32.42345358155131,34.74595865998398,0 32.42348127328563,34.7459288963011,0 32.42349493270305,34.74591420603412,0 32.42351762080222,34.74589853175245,0 32.42363597152976,34.74582845341689,0 32.42366358821967,34.7458196985224,0 32.42368609120648,34.74582123381007,0 32.42373935833451,34.74583193727485,0 32.42375187688,34.74583133754886,0 32.42377792898183,34.74581293151662,0 32.42383685137369,34.74576240097798,0 32.42385038599544,34.7457445946697,0 32.42386817905947,34.74571855843747,0 32.42391150563223,34.74564450917759,0 32.42394538603705,34.74559586494953,0 32.4239638803715,34.74558222695318,0 32.42405930866052,34.74554985288843,0 32.42417980867693,34.74551283673622,0 32.42419812933888,34.74551571965376,0 32.42422210093206,34.74553585418667,0 32.42427720363268,34.74560922226029,0 32.42429629161985,34.74561830806039,0 32.42442047880004,34.74562675659071,0 32.42463607278526,34.74555026146108,0 32.42476836999024,34.74546573816492,0 32.42478236896262,34.74534751243628,0 32.42467535926411,34.74507592568181,0 32.42459591955828,34.74503607138728,0 32.42449064268096,34.74496370765994,0 32.4244484051558,34.74490637867464,0 32.42438429082948,34.7447909794465,0 32.42438125159484,34.74477460016099,0 32.42439231579007,34.74469033353704,0 32.42439290843668,34.74468581917269,0 32.42439545976251,34.74464737357592,0 32.424384758668,34.74459601427417,0 32.42438607874612,34.74457259273193,0 32.42440839266047,34.74453914983338,0 32.4244781673808,34.74446508472091,0 32.42443492982863,34.74442837257044,0 32.42448838283196,34.74438712422202,0 32.42427133675405,34.74418569163576,0 32.4242319027558,34.74419515253199,0 32.42419110844659,34.7441990432349,0 32.42415010018229,34.7441972546793,0 32.42411002977034,34.7441898364825,0 32.42406944624582,34.74417767512085,0 32.42406129100922,34.74417745896951,0 32.42405587411234,34.74417544024713,0 32.42404895364049,34.7441762224306,0 32.4240477907558,34.7441763539516,0 32.42404625252797,34.74417675232964,0 32.42404210280726,34.74417782796678,0 32.4240400077034,34.74417837154897,0 32.42403767146217,34.74417935660267,0 32.4240350789195,34.74418045042113,0 32.42403274267189,34.74418143637615,0 32.42403097907737,34.7441825214945,0 32.42402749903998,34.74418466400915,0 32.42402620266407,34.74418546197158,0 32.42402538634576,34.74418616845354,0 32.42402057084565,34.74419033471747,0 32.42394146795361,34.74419085482734,0 32.42394071649559,34.74409097512697,0 32.42399462566657,34.74409146898794,0 32.42402768006514,34.74406449437587,0 32.42393644238049,34.74397216273689,0 32.42401504661799,34.74391632639917,0 32.4234429329554,34.7433774224578,0 32.42346680120912,34.74335887272817,0 32.42403968632442,34.74389850317036,0 32.4241442542049,34.74381957448906,0 32.42422881545952,34.74389641634724,0 32.42431127593221,34.74383879244251,0 32.42433325558316,34.7435603852379,0 32.42414875555284,34.74338272965053,0 32.42396461676853,34.74351924075106,0 32.42394272610758,34.74349912051409,0 32.424126863784,34.74336261034235,0 32.42376291134802,34.74301865877788,0 32.42357156189911,34.74315343233734,0 32.42355029704218,34.74313286066067,0 32.42374135566278,34.74299829128864,0 32.42349868779652,34.74276727758667,0 32.4232942018583,34.74291277077846,0 32.42327281202676,34.74289228680352,0 32.42338170365209,34.74281480983706,0 32.42321132196928,34.74265242262519,0 32.42305217823945,34.74276806136976,0 32.42314116689751,34.74285196167835,0 32.42311651754915,34.74286977566882,0 32.42293509245924,34.74269872511345,0 32.42265668025969,34.74290426048383,0 32.42283118341912,34.74307299797606,0 32.42268018893206,34.74318008852754,0 32.42288399670736,34.7433694764413,0 32.4228131555738,34.74341827336287,0 32.42301316279685,34.74360513881805,0 32.42298998882984,34.74362291740096,0 32.42367207681331,34.74426072364636,0 32.42370731364913,34.74426279875792,0 32.42370071299055,34.74438106840014,0 32.42358226554614,34.74437812261797,0 32.4235698319628,34.74438051481229,0 32.42356911241373,34.74438065293428,0 32.42356827557495,34.74438069675034,0 32.42355710058244,34.7443812856904,0 32.42355563338289,34.74438136258079,0 32.42355431710231,34.74438125178244,0 32.42354434895442,34.74438041222673,0 32.42354219663036,34.74438023076379,0 32.42353988504436,34.74437970870034,0 32.4235320747141,34.74437794545513,0 32.42352916887769,34.744377288967,0 32.42352633586922,34.74437621004355,0 32.42351987909405,34.74437375097497,0 32.42351690558144,34.74437261820069,0 32.42351380199317,34.7443708736276,0 32.42350866197412,34.74436798539097,0 32.42350574114216,34.74436634354662,0 32.4235028162082,34.74436403460984,0 32.42349872043101,34.74436080155326,0 32.42349598013685,34.74435863862378,0 32.42349370853842,34.74435613355898,0 32.42349031306901,34.74435238818781,0 32.42348788757788,34.74434971292188,0 32.42348626527475,34.74434712168699,0 32.42348341166785,34.74434256306846,0 32.423481686748,34.74433980908681,0 32.42348068243624,34.74433723610192,0 32.42347850856893,34.74433166747134,0 32.42347754394906,34.7443291974396,0 32.42347710453396,34.74432673981003,0 32.423475927218,34.74432014553962,0 32.42347557401887,34.7443181678895,0 32.42347561484981,34.74431637780333,0 32.42347580549593,34.74430811421323,0 32.42347583055907,34.7443070217746,0 32.42347610096664,34.7443058259292,0 32.42347814939408,34.74429675441984,0 32.42347830600426,34.74429606194623,0 32.42347856341054,34.74429547992666,0 32.42348293274551,34.74428558826702,0 32.42336178390012,34.74417243805124,0 32.42275664500212,34.74360860631327,0 32.42264957252333,34.74350600145878,0 32.42259431705488,34.74344745986438,0 32.42254599163552,34.74338488015486,0 32.42250502483032,34.74331882056504,0 32.42247178384557,34.74324986788456,0 32.4224465614375,34.74317863559238,0 32.42242958468697,34.74310575848956,0 32.42242100413014,34.74303188543583,0 32.42242089488914,34.74295767394616,0 32.42242925890722,34.74288378298962,0 32.42247199042993,34.74272227720741,0 32.42248705055723,34.7426540818069,0 32.42249398973606,34.74258499963185,0 32.42251520434917,34.74252594977385,0 32.42257213417405,34.74248328813658,0 32.42262997371265,34.74247593066968,0 32.42274207833616,34.74247646206488,0 32.42284038174902,34.74246738700691,0 32.42292398453939,34.74246528434405,0 32.42300748845584,34.74246923439297,0 32.42309025379314,34.74247920527741,0 32.42317164223816,34.74249512185972,0 32.42325102891269,34.74251686129073,0 32.42332780453184,34.74254425662554,0 32.42340137867956,34.74257709683886,0 32.42347118633515,34.74261513046157,0 32.42353668897753,34.74265806378284,0 32.42364408062422,34.74274443516661,0 32.4241796436876,34.74326357959275,0 32.4244383108159,34.74350792246916,0 32.42455021069954,34.74351739542695,0 32.42453800453852,34.74361095244004,0 32.42444847190379,34.74360516303028,0 32.42440534769225,34.74407362939741,0 32.42457188939139,34.74422467727798,0 32.42462554084381,34.7441859646819,0 32.42467934396907,34.74423988307297,0 32.42474556237728,34.74419118222696,0 32.42478221176984,34.74422390668858,0 32.42474087391626,34.74426162372146,0 32.42475467287862,34.7442599716366,0 32.42478294616103,34.74427078104835,0 32.42488625329909,34.74432677210668,0 32.42490174125082,34.74433086030133,0 32.42490769332161,34.74432515428418,0 32.42491727297843,34.74428056963281,0 32.42493107082632,34.74424220326807,0 32.4249468555077,34.74421844165944,0 32.42497310192203,34.74416778510392,0 32.42498424504033,34.74412718953236,0 32.42501337481583,34.74405709959953,0 32.4250381151255,34.74399714917951,0 32.42506790955399,34.74391512717103,0 32.42510257833033,34.74382783394674,0 32.42514168284727,34.74377682608267,0 32.42524160834244,34.74364710937753,0 32.42529703639242,34.74357190064102,0 32.42533056921499,34.74354072085971,0 32.42552929584245,34.74335593893354,0 32.42572857302105,34.74323302579457,0 32.42591731100551,34.74319127880138,0 32.42593846611863,34.74318659902913,0 32.42594173593422,34.74318957390236,0 32.42596455577067,34.74319256970752,0 32.4263601543861,34.74354820325644,0 32.4263803033848,34.74356680312682,0 32.42645922910156,34.74363654773362,0 32.42658421791445,34.7437515888928,0 32.42663902929268,34.74380213614474,0 32.42671358367518,34.74384867200502,0 32.42680270761694,34.74390499582691,0 32.42684103627651,34.7439277512287,0 32.42687141802462,34.74394906836793,0 32.42690546632781,34.74398044220308,0 32.42698227123167,34.74405283757146,0 32.42706447207116,34.7441303172136,0 32.42714463385304,34.74420214503282,0 32.42726003603887,34.74431227437663,0 32.42740392446441,34.74446481014392,0 32.42753579694908,34.74460376931185,0 32.4275938646153,34.74466402563293,0 32.427651093683,34.74472427618226,0 32.42769469155272,34.74476471187905,0 32.4277221106196,34.74478877512363,0 32.42779316353591,34.74484981442727,0 32.42786213245929,34.74490980182289,0 32.42795811068559,34.74499281107407,0 32.42809645584635,34.74511382512069,0 32.42818578264509,34.74519159888639,0 32.42828427193077,34.74527497033394,0 32.42832377277432,34.74530638288919,0 32.42834959972473,34.74532413467881,0 32.42844616667509,34.74525125765544,0 32.42852685720925,34.74518955344884,0 32.42862825105158,34.74511173644481,0 32.42873180285958,34.74502770586543,0 32.42882943375148,34.74494882355398,0 32.42887256891743,34.74499375309416,0 32.42888415004507,34.74500905633327,0 32.42895672878245,34.74508498145138,0 32.42905627902642,34.74518773392324,0 32.42917699702548,34.74531104483987,0 32.4292670053581,34.74540438905298,0 32.4292852490131,34.74542388997823,0 32.42933855191686,34.74549933330673,0 32.42941045550756,34.7456005073088,0 32.42954679111896,34.74579553917469,0 32.42958395087089,34.74585115059914,0 32.42981603880978,34.74619284128064,0 32.42988211174349,34.74629051531517,0 32.43002251276666,34.74649802821472,0 32.43006502668874,34.746563017992,0 32.43017402928469,34.74672568357228,0 32.4302338934373,34.74681570299635,0 32.43028509968439,34.74689502855385,0 32.43040463822763,34.74708020824275,0 32.43047747555583,34.74720436482772,0 32.43048430979232,34.74721601557485,0 32.43052008134408,34.74727437234176,0 32.43056115915255,34.74733867643445,0 32.43056583343003,34.74734806525561,0 32.43059928796787,34.74740000456082,0 32.43064209678833,34.74746973803805,0 32.43070308690744,34.74756914207523,0 32.4307693711884,34.74767547953788,0 32.43081096769456,34.74774717244813,0 32.43083737980631,34.74778822892158,0 32.4308966116498,34.74788466788637,0 32.43095760127528,34.7479840726916,0 32.43100921886717,34.74806716251004,0 32.43106666675565,34.7481630954545,0 32.43110065474781,34.74822094881786,0 32.43117690520037,34.74834409596758,0 32.43123556825877,34.74843806844403,0 32.43128071421403,34.74851274173258,0 32.43131530881331,34.74856961258253,0 32.43134522563735,34.74861758861054,0 32.43139681839675,34.74870314000318,0 32.4314678067206,34.74881640233994,0 32.43151901496656,34.74890024814437,0 32.43160518057431,34.74904149012735,0 32.43167194407189,34.74914947446729,0 32.43169504975723,34.74918275834527,0 32.43176620646535,34.74928415100058,0 32.43183562482371,34.74937483259216,0 32.43191719508974,34.74948394237314,0 32.43197689938596,34.74955926834854,0 32.43200858905166,34.74959821724946,0 32.43202140673782,34.74961206650544,0 32.4320580621704,34.74964850457859,0 32.43211002269834,34.74969728003711,0 32.43225426202074,34.74983869769703,0 32.43159203332607,34.75021714975873,0 32.43105291914488,34.75052730448275,0 32.43051013778597,34.75080198202679,0 32.43026910059847,34.7509265680102,0 32.42931427489818,34.75148780794994,0 32.42891914411062,34.75171266736007,0 32.42896280933939,34.75176821028005,0 32.4287294437958,34.75191216973333,0 32.42832751579066,34.75214720511429,0 32.4280706282003,34.7523039462844,0 32.42762189884673,34.75252908964477,0 32.42742788249585,34.75262971496468,0 32.42731804312936,34.7527001136467,0 32.42698235385889,34.75295640837999,0 32.42674031555526,34.75314184748463,0 32.4262975187412,34.75348287792335,0 32.42627292911059,34.75346421566896,0 32.42549300097249,34.75413749678299,0 32.42517690793663,34.75442763451122,0 32.42508758325097,34.75450361509238,0 32.42500319514114,34.75454903907991,0 32.42483142740313,34.75461369017706,0 32.42473742081175,34.75467347008717,0 32.42461951192081,34.75474884833083,0 32.42448220490697,34.75487650442549,0 32.42434478844422,34.7550198702852,0 32.42430394086822,34.75519118674181,0 32.42428155752658,34.75544507209519,0 32.42438535622315,34.75580298253203,0 32.42444407200762,34.75602844814946,0 32.42447183397035,34.7561424818542,0 32.42447384130756,34.75653918893676,0 32.42459479509613,34.75671126916902,0 32.4246129400585,34.75683965982335,0 32.42459031436464,34.75689977775624,0 32.42455195252823,34.75694149127479,0 32.42480021879251,34.75705525873565,0 32.4249410725243,34.75710305621904,0 32.42515976270752,34.75713551057424,0 32.4252945159513,34.7571479294649,0 32.42538651171213,34.75714967252051,0 32.42567690335515,34.7571366409662,0 32.42601490078665,34.75712121532362,0 32.42628394856329,34.75706887051691,0 32.42660332394374,34.7569660637629,0 32.42695899267763,34.75686453664868,0 32.42731839528102,34.75680630367989,0 32.42742057744371,34.75679247641337,0 32.42744644802716,34.75679917051779,0 32.42776688998001,34.75686501045964,0 32.42789259426934,34.75691063477239,0 32.42815294397295,34.75702444227561,0 32.42835108439956,34.75711651174078,0 32.42850899524132,34.75720195934851,0 32.42869773142243,34.75733901776533,0 32.42889286029064,34.75749111769014,0 32.42905189501013,34.75760230350929,0 32.42916712010204,34.75766074374528,0 32.42927341382461,34.75769555381526,0 32.42944214074542,34.75771993362006,0 32.42978104098214,34.75774725384844,0 32.42995798781461,34.75775917826013,0 32.43028012232896,34.75780143043119,0 32.43035739846786,34.75781750240261,0 32.43052859077388,34.75786119224547,0 32.43081375653635,34.75795688194426,0 32.43111050494459,34.75806870783003,0 32.43133986576979,34.75814087910553,0 32.43156790665384,34.7582039364563,0 32.43172718439379,34.75825375653948,0 32.43213616447196,34.75840289626551,0 32.43234516385939,34.75850460851161,0 32.43275032698701,34.75875446613415,0 32.43288718513026,34.75887908790765,0 32.43297133404728,34.75893113999098,0 32.43327316796393,34.7591882635061,0 32.43334138650701,34.75928156898494,0 32.43339623886263,34.75949879741722,0 32.43345156900114,34.75964628660142,0 32.43356130146811,34.75977605577133,0 32.43370544471077,34.75988836968308,0 32.43392452603382,34.7599510474307,0 32.43409882478223,34.75997357439863,0 32.4345153829045,34.76019991435223,0 32.4345879351666,34.76024234980168,0 32.43483649593488,34.76035533379647,0 32.43525033504967,34.76053289027589,0 32.43514574617515,34.76065180374813,0 32.43535201545168,34.76086918191684,0 32.43553874348663,34.76110163601117,0 32.43563040711809,34.76119652455314,0 32.43576650329742,34.76127333666106,0 32.43589552471143,34.76130440611352,0 32.4362829852672,34.76133971998363,0 32.43659290798103,34.76137467387066,0 32.43688752439025,34.76148878355703,0 32.43705649976449,34.76161754799473,0 32.43722558014534,34.76173107730906,0 32.43747385211948,34.76160119366117,0 32.43770706434272,34.76151390189106,0 32.43798930853298,34.76127447412346,0 32.4381442402469,34.7612965201021,0 32.43843568144547,34.76133443091471,0 32.43864968892434,34.76135674869271,0 32.43883426021716,34.76136369325657,0 32.43905208452895,34.7613677447454,0 32.43935268272207,34.76136517455041,0 32.43957080471061,34.76138676505955,0 32.4400557299942,34.76160901161654,0 32.44043362418961,34.76175099346375,0 32.44054561278209,34.76179010717895,0 32.44076359740372,34.7618322812997,0 32.44117115464071,34.76191070797582,0 32.44144123188109,34.76197306269625,0 32.44181393460923,34.76205312301634,0 32.44204485670052,34.76179303363018,0 32.44206750045755,34.7617672000166,0 32.44244996059459,34.76174944366914,0 32.44255366329121,34.7617538695307,0 32.44272457306247,34.76175449591524,0 32.44274782603409,34.76194064144874,0 32.44279491898391,34.76212108623742,0 32.44311307177245,34.76248863795136,0 32.44322555421545,34.76271288640812,0 32.44329506056899,34.76291405590778,0 32.443368538079,34.76315424918161,0 32.44378840933249,34.76424772609015,0 32.44376808824709,34.76441938976309,0 32.44375537597747,34.7646814862969,0 32.44369731092596,34.76493696000548,0 32.44378356662712,34.76533393888653,0 32.44384550121728,34.76543767467238,0 32.44396419643117,34.76558437304373,0 32.44406850506356,34.76567380693944,0 32.44427500421307,34.7658073057406,0 32.44467966211998,34.76635026324133,0 32.4447652789044,34.76640312608403,0 32.44482589471257,34.76653559170195,0 32.44492792678705,34.76674495300571,0 32.44528404428247,34.76711472908271,0 32.44542632578182,34.76725325096987,0 32.44558790151728,34.7674066325731,0 32.44586621244856,34.76767690418326,0 32.44614748953248,34.76794772771305,0 32.44632064038694,34.76810574846181,0 32.44653687854711,34.76833359716126,0 32.44676760912738,34.76856545876702,0 32.44728023747829,34.76909466063364,0 32.44726222072629,34.76911181361577,0 32.447506966355,34.76940045200919,0 32.44764204610934,34.76955380618514,0 32.44818171215452,34.77015003592704,0 32.44851647613034,34.77050854668336,0 32.44867786742589,34.77069146736492,0 32.44876667011886,34.77079773634931,0 32.44884454682923,34.77097658632182,0 32.44884412125252,34.77104059707322,0 32.44883600758914,34.77113904166108,0 32.44882019761882,34.77127315052034,0 32.44880467406579,34.77136417509614,0 32.44879047081493,34.77148105735132,0 32.44885529896153,34.77160322110782,0 32.44892912552522,34.77165459073494,0 32.44884886441744,34.77180812609511,0 32.44847674482651,34.77242111791287,0 32.44830720905095,34.77267788239045,0 32.44812877415869,34.77294432477673,0 32.44794148854429,34.77321315614974,0 32.44779590694156,34.77340928989312,0 32.44760036271071,34.77377822137951,0 32.44749636068096,34.77417566970519,0 32.44748895016838,34.77440401401445,0 32.4474259527306,34.7745786556394,0 32.44738717452363,34.77465379549798,0 32.44731882294182,34.77474823808358,0 32.44722913192767,34.77495191299598,0 32.44718072580105,34.77514605771837,0 32.4471591108685,34.77529659219964,0 32.44714113685095,34.77534267185467,0 32.44695241978398,34.77576365473065,0 32.44691137222874,34.77589090574764,0 32.44668645791984,34.7764096090695,0 32.44658791462097,34.77661567350241,0 32.44648611723865,34.77686788341495,0 32.44637239512292,34.77714190628409,0 32.44629400649035,34.77741608884472,0 32.44622998148035,34.77774378703245,0 32.44614291519463,34.77849202575689,0 32.44603891729993,34.77901600215714,0 32.4459537156306,34.7795379681041,0 32.4458568452953,34.78015341845294,0 32.44586301266595,34.7803320184405,0 32.4459364985472,34.78057166335746,0 32.44594355967877,34.78068165204991,0 32.44594469906217,34.78077138895057,0 32.445926387535,34.78090769705203,0 32.44593489201959,34.78103205594477,0 32.44593917480008,34.78107716845727,0 32.44589461264311,34.78123561015227,0 32.44583845075744,34.78117720854546,0 32.44578423387452,34.78132413084074,0 32.44571066146427,34.78153759623154,0 32.4456614830442,34.7816260511044,0 32.44560321016947,34.78175333667438,0 32.4456031398952,34.78188681069864,0 32.44562032996848,34.78204840549648,0 32.44558399666253,34.78214730347975,0 32.44553537904779,34.78220967391248,0 32.44540197214022,34.78234280103619,0 32.44526696884538,34.78245597084391,0 32.44514531817714,34.78256237561653,0 32.44508926979982,34.78261667741022,0 32.44505750620749,34.78268257430507,0 32.44502524046502,34.78275410744241,0 32.44497313945649,34.78283890414423,0 32.44489576590453,34.7829600292113,0 32.44484959530921,34.78303877896084,0 32.44478109544144,34.78315386957789,0 32.44476851886051,34.78327286069123,0 32.44480625363139,34.78335442249904,0 32.44489268168592,34.78342041393682,0 32.44498623911988,34.78345035025931,0 32.44511215017058,34.78348753468125,0 32.44533761767995,34.78346989872878,0 32.44548081972211,34.78352367152819,0 32.4456024732318,34.78367712790493,0 32.44572873725082,34.78389798638513,0 32.4458508460915,34.78405490252665,0 32.44588979029054,34.78413587184273,0 32.44597497487015,34.78438775649611,0 32.44604122681185,34.78455275025728,0 32.44608161118132,34.78462902592621,0 32.44611577491744,34.78472465615033,0 32.44614143523192,34.78479081548778,0 32.44620957945246,34.78487942028169,0 32.44630563329658,34.78495810358395,0 32.44639215573938,34.78503100035457,0 32.44642398797621,34.78508498393609,0 32.44646874652162,34.78515768981102,0 32.4465033316276,34.78520980547496,0 32.4465152120671,34.78523542898745,0 32.44660580650359,34.78534997916679,0 32.4466811282874,34.78540631393993,0 32.44675057096845,34.78543103711144,0 32.4469014156269,34.785437050162,0 32.44703428964031,34.78542084009521,0 32.44708807124301,34.78544549192902,0 32.44724232017148,34.78553951278489,0 32.44730971618026,34.7856101684951,0 32.44738329339496,34.7856672124639,0 32.44744908904761,34.78571704285754,0 32.44749221384333,34.78581078337166,0 32.44748235160574,34.78585078710788,0 32.44746358481508,34.78593496900914,0 32.44750435572175,34.78613610510951,0 32.447584483962,34.78630162072552,0 32.4476703834256,34.786471950048,0 32.4476865292261,34.78666111041432,0 32.44772054523879,34.7867809396911,0 32.44776438038006,34.78693576793448,0 32.44782717862205,34.78708255205181,0 32.44788928870246,34.78714473420965,0 32.44792042681475,34.78716344611018,0 32.44796396679843,34.7871976893538,0 32.44800253232308,34.78722778320832,0 32.44807346540136,34.78727968914745,0 32.4481431280029,34.78733468394561,0 32.44816650212837,34.78739256442212,0 32.44819516589381,34.78746273573584,0 32.44827579206294,34.78756897141132,0 32.44834206900723,34.78765873930953,0 32.44843755148299,34.78775559055708,0 32.44853354906475,34.78787111839473,0 32.4486169230541,34.78794467539299,0 32.44880570021421,34.78806195379557,0 32.4488894303599,34.78810930271106,0 32.44900477508353,34.78815903297151,0 32.44910185235719,34.78823775655012,0 32.44918543414069,34.78830747214142,0 32.44928347097484,34.78837799857222,0 32.44938304415796,34.78842897683147,0 32.44947006754004,34.78847364402404,0 32.44952525272294,34.78858675359957,0 32.44951316895511,34.78869445766139,0 32.44950719668175,34.78876660843351,0 32.44956275001206,34.78891134143365,0 32.44955827918025,34.78905386396949,0 32.44955669702885,34.78915285708083,0 32.44955654240515,34.78932232348022,0 32.44955719296543,34.78937915980592,0 32.4495730914829,34.78946236112829,0 32.44961483540398,34.78952447283225,0 32.44965050610545,34.78957213665124,0 32.4498518817847,34.78959510175258,0 32.44996626481736,34.78975172637458,0 32.45009951680306,34.78985599459334,0 32.45014328768857,34.78991884814694,0 32.45013225365806,34.79002241034674,0 32.4500517204294,34.7901248156982,0 32.45004087339818,34.79021714132216,0 32.45009355794259,34.79030033659883,0 32.45015088012123,34.79035305332664,0 32.45029506727091,34.79046350145004,0 32.4504332986866,34.79058002168561,0 32.45055100695546,34.79066960951032,0 32.4506473924442,34.7907498350365,0 32.45068750081895,34.79080207988579,0 32.45072720207527,34.79091573108885,0 32.45086113735153,34.79097240437905,0 32.45097254245048,34.79101028624729,0 32.451067774122,34.79104676003418,0 32.45114026427748,34.79109648069115,0 32.45121265614037,34.79116088629441,0 32.45124793797059,34.79120910407838,0 32.45129407669349,34.79132812427398,0 32.45133816495556,34.79141557203028,0 32.45134271596651,34.79142152585263,0 32.45134832693513,34.79142912418026,0 32.45135318055792,34.79143558327375,0 32.45136151997782,34.79144698086789,0 32.45140272182599,34.79150335271387,0 32.45143379189577,34.79160910147675,0 32.45141308511084,34.79170084100094,0 32.45138674689422,34.79179482497426,0 32.45143398826949,34.79188305132799,0 32.45151171683185,34.79192285514331,0 32.45157866258798,34.79192437105197,0 32.45180039335892,34.79188470216139,0 32.45200195287247,34.79190493678394,0 32.4521703536348,34.79195136294026,0 32.45220682630736,34.79201676643397,0 32.45224592019634,34.79208435689814,0 32.4522852442132,34.79211715353133,0 32.45235102872239,34.79213484652075,0 32.45239592688072,34.79212200102371,0 32.4525097780041,34.79204639973617,0 32.45262367092986,34.79196427567601,0 32.45271598866435,34.79195599187512,0 32.45279228875278,34.79197808137842,0 32.45287645350202,34.79200673084223,0 32.45301196670157,34.79204369968195,0 32.45308255813976,34.79204401690197,0 32.45316686096934,34.79204383047816,0 32.45321480254834,34.79204913451303,0 32.45335784147266,34.79208030893792,0 32.45347632979841,34.79209271486158,0 32.45360511410561,34.79210290516657,0 32.45361887032827,34.7921037232317,0 32.45366677351654,34.79210657408598,0 32.45373322343102,34.79211139578746,0 32.45381178453287,34.79210286191325,0 32.45387647777596,34.79210977692069,0 32.45394305432189,34.79213384762068,0 32.45403329641701,34.7921639577499,0 32.45410538783026,34.79218141846731,0 32.454258672353,34.7921424756552,0 32.45440021007527,34.79210087842407,0 32.45447101936834,34.79207393252651,0 32.4545250333931,34.79203889296939,0 32.45457897455154,34.79201507875064,0 32.45464249670556,34.79201215604716,0 32.45472100778674,34.79201650480678,0 32.45480079284236,34.79202519066356,0 32.4548851909903,34.79203011106135,0 32.45493838659917,34.7920348916732,0 32.45497785758339,34.79203355399915,0 32.45502011697827,34.79202693010624,0 32.45506699441382,34.79201578359361,0 32.45510569195974,34.79199248683057,0 32.45516186518548,34.791963212379,0 32.45528208933043,34.79186770336553,0 32.4554348375341,34.79184385045343,0 32.45555479605277,34.79189025981781,0 32.45571341487952,34.79195711093553,0 32.45595543341915,34.79194337050752,0 32.45624743607653,34.79193457016936,0 32.45644342212144,34.79193544556865,0 32.45657396864017,34.79195287018901,0 32.45673715656325,34.79197380996662,0 32.45683308588569,34.7919776058995,0 32.4569589645162,34.7919570241995,0 32.45703337013543,34.79193723589908,0 32.45716255260636,34.79184701769805,0 32.45727515013988,34.79181176491809,0 32.45735859478803,34.79181610963574,0 32.45744692425836,34.79180988229211,0 32.45749356987727,34.7917955228627,0 32.45753880221449,34.79175202332328,0 32.457626019595,34.79167030751314,0 32.45770037078495,34.79159250698135,0 32.45778437756458,34.79151077674921,0 32.45791384129855,34.79145232410322,0 32.45795755192279,34.79143207580466,0 32.458017342935,34.79143551424563,0 32.45806768976385,34.79144595990636,0 32.45808724693513,34.79146049804452,0 32.45813105154686,34.79149135661555,0 32.45834911355828,34.7915445416096,0 32.4584206224641,34.79153550281688,0 32.45846834711461,34.79152168146822,0 32.45848657155616,34.79150959935525,0 32.4585214595164,34.79148902584326,0 32.45855497857703,34.79145470190183,0 32.45860150188598,34.79133360592075,0 32.45870995754132,34.79126412264546,0 32.45889404785331,34.7911805443095,0 32.4590010241073,34.79118141377367,0 32.45904508373573,34.79119316342059,0 32.45906981486645,34.79121373973913,0 32.45911527897459,34.79124970390587,0 32.45917588571276,34.79130090936281,0 32.45925254072547,34.79129993924273,0 32.45929466208605,34.7912855608217,0 32.45933905879243,34.79125940880501,0 32.45940675231455,34.79118881624539,0 32.45948637007564,34.79115510783834,0 32.45955143793879,34.7911352152239,0 32.45963425597376,34.79110052212824,0 32.45967362528805,34.79108654962733,0 32.45973701928042,34.79107616964263,0 32.45981240287918,34.79107593000594,0 32.45984049682621,34.79108018691041,0 32.45996954150043,34.79109591552075,0 32.46010847996602,34.79109732605887,0 32.46025938387385,34.79108475940895,0 32.46042680560672,34.79111302823922,0 32.46053680975853,34.79110817929001,0 32.46067326845186,34.79101450188407,0 32.46078805464887,34.79098858639237,0 32.46098110482918,34.79102990643488,0 32.46130759502935,34.79109988331845,0 32.46149420385069,34.79110596900483,0 32.46163194211572,34.79110341695296,0 32.46168162350049,34.79112584018505,0 32.46173041045274,34.79116652181704,0 32.46184703123085,34.7912817157349,0 32.4619281341702,34.79137686575122,0 32.46205420625545,34.79151310221578,0 32.46218011276268,34.79163350303378,0 32.46221322025694,34.79166689371186,0 32.46223002439722,34.79170468892512,0 32.46224769872219,34.79172778270802,0 32.46226701377639,34.79173681849051,0 32.4622909875705,34.79174459570087,0 32.46235271593707,34.79175483566502,0 32.46256030343095,34.79177955601584,0 32.46264331629376,34.79178834744167,0 32.46269743107369,34.79181487698447,0 32.46277388218999,34.79186192642929,0 32.46283023668537,34.79190335045895,0 32.46287249221246,34.79191979990996,0 32.4629211179268,34.79192416654182,0 32.46301267842808,34.79193375895747,0 32.46321549302343,34.79195418608906,0 32.46337438237395,34.79196744384772,0 32.46365938391092,34.79207957509045,0 32.46373212664611,34.79221041944508,0 32.46376136845344,34.79222262223454,0 32.46387972524482,34.79222946545845,0 32.46393819214084,34.79223113734387,0 32.46396837059044,34.79223318582494,0 32.46402809860223,34.79224446541364,0 32.46412145138734,34.79226355620404,0 32.46414690212197,34.79227415025793,0 32.46421870659876,34.79230827956344,0 32.464271987313,34.79232840087084,0 32.46432068478153,34.79233963176448,0 32.4644062601845,34.7923593371478,0 32.46447855264091,34.79237294615012,0 32.46453238583619,34.79238334678846,0 32.46481164368855,34.79251798529496,0 32.46511505362915,34.7926847946048,0 32.46529084214795,34.79272604278629,0 32.46516595033024,34.79284811220498,0 32.4651385632509,34.79284323042459,0 32.46509531877421,34.79294509116578,0 32.46505432035975,34.79311284296467,0 32.46496578713197,34.79322440877008,0 32.46482063654982,34.79331577659387,0 32.46413758589996,34.79322641913657,0 32.46392725724389,34.7931775189475,0 32.46382529306062,34.79315787985343,0 32.4637420565725,34.79323960232325,0 32.46375164919854,34.79335478073074,0 32.46376449191194,34.79349152069052,0 32.46359802233898,34.793601814502,0 32.46352132440572,34.79363186326169,0 32.46340343809862,34.79367809161336,0 32.46332670325956,34.7937139832517,0 32.46320737676748,34.79376371168155,0 32.4632057474583,34.7937964287434,0 32.46327312762815,34.79389256029168,0 32.46327359714409,34.79403865139774,0 32.46327173418133,34.79410759739346,0 32.46337809075445,34.7940917042409,0 32.46356247096751,34.79405979278317,0 32.4637101228636,34.7937928081188,0 32.46381508550185,34.79377340272039,0 32.46396247653448,34.79377548163488,0 32.46425532490281,34.79381099799197,0 32.4642546870288,34.79390961595008,0 32.46430875520053,34.79393266319132,0 32.46444201958979,34.79392021386484,0 32.46448103014123,34.79393342130728,0 32.46453332197609,34.7939579317912,0 32.46464716649199,34.79403792289894,0 32.46481071396548,34.79411985512571,0 32.46489385756182,34.79416564359901,0 32.46523120666983,34.79421870606731,0 32.46547981767823,34.7942558929025,0 32.46548474805573,34.79433938293532,0 32.46554163475123,34.79442310022823,0 32.46561811489391,34.79443697214047,0 32.4657158018201,34.79451438889713,0 32.46574228782871,34.79455588508367,0 32.4657486371574,34.79460832836227,0 32.46576663829166,34.79466909804788,0 32.46578621344678,34.7947450477572,0 32.46580861286807,34.79481582655123,0 32.46584035568965,34.79492789375369,0 32.46561020341064,34.79476707081592,0 32.4654468087841,34.79484331774231,0 32.46528729863603,34.79485320543479,0 32.46514754856281,34.79486073593839,0 32.46505005667538,34.79491302485986,0 32.46493279605168,34.79497710152608,0 32.46490340439762,34.79499772626995,0 32.46476907297892,34.79508541318167,0 32.46460864371667,34.7953234479682,0 32.46453401119233,34.79531255471063,0 32.46428358343621,34.79517164313255,0 32.46421815474452,34.79516912134419,0 32.46412353077517,34.79514450367619,0 32.46402038602899,34.79518128186123,0 32.46390282312962,34.79522350337592,0 32.46359248681063,34.79552057096772,0 32.46342882703507,34.79557971268712,0 32.46340086376762,34.79561304200926,0 32.46332473909522,34.79581807614731,0 32.4634081511272,34.79608770808763,0 32.46339656517594,34.79620263624257,0 32.46345818134402,34.79639030015219,0 32.46344327925079,34.7966652389913,0 32.46356090489697,34.79678931126276,0 32.46362790406094,34.79684228515605,0 32.46370069557391,34.79689719920427,0 32.46377671454961,34.79695542761638,0 32.46372667110582,34.79710153226608,0 32.46365324402696,34.79722875856243,0 32.4636928900858,34.79725441169318,0 32.46376555641663,34.79719454695341,0 32.4637283945241,34.79733828797469,0 32.46367392565768,34.79741527198218,0 32.46360523501781,34.79754121292087,0 32.46355699981842,34.79763462702478,0 32.46350883058331,34.79771801012738,0 32.4634094506681,34.79788476376257,0 32.46341783638454,34.79800827694954,0 32.46343049740003,34.79810341259082,0 32.46360087031493,34.798354115134,0 32.46368046496639,34.79844357816991,0 32.46360491614589,34.79848684897445,0 32.46348470136573,34.79850717309191,0 32.46343958131921,34.79850423378835,0 32.46335029704876,34.79850684644171,0 32.46322813338743,34.79852283838599,0 32.46304775181281,34.79852655080757,0 32.46275980126048,34.79854331343242,0 32.46259381942767,34.79855275071487,0 32.46253757399952,34.79855463515673,0 32.46251429534002,34.79855613151438,0 32.46249490528788,34.79855604587994,0 32.46247747278283,34.7985554018799,0 32.46226928464566,34.79856251407707,0 32.46220399692919,34.79856329200414,0 32.46218357907456,34.79856211643976,0 32.46184641434179,34.79856941961113,0 32.46167031520692,34.79856726159564,0 32.46155604133158,34.79856540932079,0 32.46140094168631,34.79856472302914,0 32.46134389727673,34.79854965623674,0 32.46125081100794,34.79855328447793,0 32.46110048866752,34.79857147355274,0 32.46095017284401,34.7985883157131,0 32.46079495149833,34.79860648361252,0 32.46069537094473,34.79860469562663,0 32.4605373142051,34.79855685772637,0 32.46046148721404,34.79855902760787,0 32.46041189387535,34.79860145775629,0 32.46035429175035,34.79865238093328,0 32.46028373971668,34.79873736720677,0 32.46004635328528,34.79879077407418,0 32.45986710932718,34.79893679415791,0 32.45990870257572,34.79908976445908,0 32.45998584925626,34.79913063660917,0 32.46004541222078,34.79919002838596,0 32.46010655100971,34.79927239771477,0 32.46018573610301,34.79945223814254,0 32.4602354691711,34.79965688994241,0 32.460242881357,34.79984724012335,0 32.46022892857404,34.79996908317753,0 32.46021999555146,34.80008045658865,0 32.46027117754436,34.80020689921973,0 32.46036766577311,34.8003813192402,0 32.46038932430668,34.80044925521778,0 32.46040428947528,34.80053611977501,0 32.46040446767551,34.80060520449955,0 32.46028013256917,34.80055390459,0 32.46018834843656,34.80051300195941,0 32.46012002182795,34.80048232653408,0 32.46005984949139,34.80045590600417,0 32.45978908503762,34.80041420797457,0 32.45967081944644,34.80035631418358,0 32.45955762280032,34.80028900106743,0 32.45938717645708,34.80010724137549,0 32.45931689219453,34.80005764631952,0 32.45921639732748,34.79997655485982,0 32.45912094640706,34.79985691927007,0 32.45886891244401,34.79990060335034,0 32.45876063135888,34.79995185118759,0 32.45858213814606,34.79998381661396,0 32.4586145386633,34.80004622706619,0 32.45860503919525,34.80014127628954,0 32.45866306969256,34.80027172361304,0 32.45860838092622,34.80029457171933,0 32.45849909194207,34.80025267948822,0 32.45835751548455,34.80033245282853,0 32.45817228907485,34.8002978458227,0 32.45816331287437,34.80025254978769,0 32.45815028490129,34.80023591964594,0 32.45803092523762,34.8001729226333,0 32.45793313090188,34.80012085781203,0 32.45787377074902,34.80009955911971,0 32.45786629820233,34.80006064386775,0 32.45774568279843,34.80004546256269,0 32.45758487980483,34.80002483309446,0 32.45741718058134,34.8000334885142,0 32.45720600565439,34.80004416285111,0 32.45699272527803,34.79999627055771,0 32.45690008967136,34.7999765663109,0 32.45654891019396,34.79989808208092,0 32.45647831598038,34.79991714335534,0 32.45644299352305,34.7999664955813,0 32.45639952771813,34.800026779286,0 32.45636547075849,34.80005797035022,0 32.45603111780646,34.79996380886782,0 32.4558450219555,34.79984609307016,0 32.45573395876204,34.79977599417855,0 32.45566248849827,34.79977852579994,0 32.45559894706372,34.79988853679608,0 32.45555452045473,34.79996256291174,0 32.45537888174999,34.79968942213092,0 32.45532367690085,34.79960207940829,0 32.4552840668188,34.79950057717422,0 32.45522189636218,34.79933835637144,0 32.45520113560934,34.79928347730635,0 32.45518184153885,34.79924087344973,0 32.45513963273945,34.79916982201274,0 32.45510313297891,34.79911851069216,0 32.45493090242477,34.79920004935688,0 32.4548209331282,34.79929071706841,0 32.45471879634998,34.79940303458346,0 32.45437266996522,34.79936953072841,0 32.45427660666005,34.7992516257003,0 32.45420394742073,34.79921276856962,0 32.45414584572809,34.79921250798961,0 32.45408154450152,34.79928834286908,0 32.45398067515999,34.79955385133479,0 32.45357128860957,34.79931603136469,0 32.45356982331349,34.79931517923176,0 32.45351199953561,34.79927262927889,0 32.45343724828303,34.79920556875302,0 32.45341071236125,34.79908327604493,0 32.45347643799582,34.79896421739077,0 32.45342296156625,34.7989536394828,0 32.4533879606786,34.79890555253632,0 32.4531465908697,34.79905389599895,0 32.45303539939049,34.7991567729604,0 32.4529754130573,34.79926927843159,0 32.45285417866307,34.7993401584192,0 32.45267835564988,34.79956867700081,0 32.4525030625281,34.79988929816184,0 32.45240831177632,34.80008998747448,0 32.4525463960431,34.80022781828189,0 32.45253656149455,34.80033679008137,0 32.45253804469906,34.80045708984518,0 32.45253544999414,34.80051813652789,0 32.45253324427831,34.80062960628365,0 32.45246585936828,34.80082318012607,0 32.45237746112498,34.80108451730429,0 32.451666998315,34.80056027246596,0 32.45126588107408,34.8003512588153,0 32.45117464529635,34.80037508180925,0 32.4510754141244,34.80071876649923,0 32.45128747212036,34.80086149545337,0 32.45155235730106,34.80101294469739,0 32.45150164268753,34.80112904195914,0 32.45099272582731,34.80100436280485,0 32.45091736723261,34.80107066741385,0 32.45066997428412,34.80093989552802,0 32.4505848720086,34.80092497108758,0 32.45038447547009,34.80101736919296,0</coordinates>
						</LinearRing>
					</outerBoundaryIs>
				</Polygon>
			</MultiGeometry>
		</Placemark>
	</Document>
</kml>