<?xml version='1.0' encoding='UTF-8'?>
<kml xmlns="http://www.opengis.net/kml/2.2">
	<Document>
		<name>LEFKOSIA Community Cluster B</name>
		<Style id="PolyStyle80">
			<LabelStyle>
				<color>00000000</color>
				<scale>0.000000</scale>
			</LabelStyle>
			<LineStyle>
				<color>ffa9e600</color>
				<width>2.000000</width>
			</LineStyle>
			<PolyStyle>
				<color>00828282</color>
				<outline>1</outline>
			</PolyStyle>
		</Style>
		<Placemark id="ID_80003">
			<name>LEFKOSIA Community Cluster B</name>
			<snippet />
			<description>&lt;html xmlns:fo="http://www.w3.org/1999/XSL/Format" xmlns:msxsl="urn:schemas-microsoft-com:xslt"&gt;

&lt;head&gt;

&lt;META http-equiv="Content-Type" content="text/html"&gt;

&lt;meta http-equiv="content-type" content="text/html; charset=UTF-8"&gt;

&lt;/head&gt;

&lt;body style="margin:0px 0px 0px 0px;overflow:auto;background:#FFFFFF;"&gt;

&lt;table style="font-family:Arial,Verdana,Times;font-size:12px;text-align:left;width:100%;border-collapse:collapse;padding:3px 3px 3px 3px"&gt;

&lt;tr style="text-align:center;font-weight:bold;background:#9CBCE2"&gt;

&lt;td&gt;Σύμπλεγμα Β&lt;/td&gt;

&lt;/tr&gt;

&lt;tr&gt;

&lt;td&gt;

&lt;table style="font-family:Arial,Verdana,Times;font-size:12px;text-align:left;width:100%;border-spacing:0px; padding:3px 3px 3px 3px"&gt;

&lt;tr&gt;

&lt;td&gt;NAME_GR&lt;/td&gt;

&lt;td&gt;Σύμπλεγμα Β&lt;/td&gt;

&lt;/tr&gt;

&lt;tr bgcolor="#D4E4F3"&gt;

&lt;td&gt;NAME_ENG&lt;/td&gt;

&lt;td&gt;Community Cluster "Β"&lt;/td&gt;

&lt;/tr&gt;

&lt;tr&gt;

&lt;td&gt;DISTRICT_N&lt;/td&gt;

&lt;td&gt;ΛΕΥΚΩΣΙΑ&lt;/td&gt;

&lt;/tr&gt;

&lt;tr bgcolor="#D4E4F3"&gt;

&lt;td&gt;SHAPE.AREA&lt;/td&gt;

&lt;td&gt;129025231,944241&lt;/td&gt;

&lt;/tr&gt;

&lt;tr&gt;

&lt;td&gt;SHAPE.LEN&lt;/td&gt;

&lt;td&gt;94516,878657&lt;/td&gt;

&lt;/tr&gt;

&lt;/table&gt;

&lt;/td&gt;

&lt;/tr&gt;

&lt;/table&gt;

&lt;/body&gt;&lt;script type="text/javascript"&gt;

				function changeImage(attElement, nameElement) {

				document.getElementById('imageAttachment').src = attElement;

				document.getElementById('imageName').innerHTML = nameElement;}

			&lt;/script&gt;&lt;/html&gt;

</description>
			<styleUrl>#PolyStyle80</styleUrl>
			<MultiGeometry>
				<Polygon>
					<extrude>0</extrude>
					<altitudeMode>clampToGround</altitudeMode>
					<outerBoundaryIs>
						<LinearRing>
							<coordinates> 33.25522887181629,35.12228435286291,0 33.25501081640552,35.12237656961508,0 33.25496528190833,35.1223953308341,0 33.25469449184114,35.12240510709806,0 33.25456508108293,35.12239485232246,0 33.25457572218279,35.12207541646934,0 33.25457729313565,35.1219801696213,0 33.25456319878488,35.12197672790442,0 33.25456151673119,35.12197631769121,0 33.25456652631743,35.12188609437187,0 33.25445959786179,35.12184249970091,0 33.25443442935993,35.12162985025399,0 33.2544435216444,35.12163108412395,0 33.25453891489416,35.12164402274958,0 33.25453792370298,35.12163892376934,0 33.25450161621654,35.121452046409,0 33.25430927692458,35.12129809857758,0 33.25429873323511,35.12125097981805,0 33.25426778535742,35.12111267967104,0 33.25411532726164,35.12067375816249,0 33.2540613774873,35.12068291687103,0 33.2539278994151,35.12070557669715,0 33.25392610770297,35.12070588061909,0 33.25378470983117,35.12055739860512,0 33.25331339428018,35.12065680099869,0 33.25308179981155,35.12062707410317,0 33.25305841362481,35.12062407256688,0 33.25303579461087,35.12062116857936,0 33.25303704829827,35.12057743509853,0 33.25304402637584,35.12057655067367,0 33.25340342300487,35.12053102157748,0 33.25340346697524,35.12052927816423,0 33.25341434698531,35.1200953486753,0 33.25354990068187,35.11997061423198,0 33.25370351262826,35.11978557826307,0 33.25372862163518,35.11966635336494,0 33.25373422043468,35.1195688238064,0 33.25374118474422,35.11944358663592,0 33.25374573110792,35.1194411316011,0 33.25378455974994,35.11942016831347,0 33.25378420237381,35.11941919464047,0 33.25364477412398,35.11903960459917,0 33.25347323895154,35.11908069440317,0 33.25346926609988,35.11908164558267,0 33.25347524110994,35.11919190855355,0 33.25345275910767,35.11939287113302,0 33.25341798363382,35.11945123604507,0 33.2534167437939,35.11945331638082,0 33.25334699100473,35.1194903703069,0 33.25334533431238,35.11949104621924,0 33.2532717437188,35.11951989810573,0 33.25296724322749,35.11963867328751,0 33.25294076937027,35.11964252165483,0 33.25284869669709,35.11962581236132,0 33.25279659172786,35.11960018856483,0 33.25279128175952,35.11959731693831,0 33.2526924964523,35.11959030534265,0 33.25254850841573,35.11959085330761,0 33.25246859589146,35.1195997354821,0 33.25232196517276,35.1195982154454,0 33.25221870567803,35.11960640329207,0 33.25221498747894,35.11960669767609,0 33.25214990485978,35.11981483730552,0 33.2521672848053,35.11995900377111,0 33.25204044902601,35.12010237587236,0 33.25204027191243,35.1201025754516,0 33.25194963568926,35.12016198993322,0 33.25192574323071,35.12017765196445,0 33.25190673611887,35.12019011195559,0 33.25189563039541,35.12019870200858,0 33.2518688757466,35.12021939892699,0 33.25186826721408,35.1202198698246,0 33.25171261740001,35.1203125350967,0 33.25170582020446,35.12031658210708,0 33.25161026002213,35.12036145514264,0 33.2515888811438,35.12037149432024,0 33.25145033057355,35.12043006589628,0 33.25144125952898,35.12043390127096,0 33.25134476742512,35.12050156630705,0 33.25134383690055,35.1205022190525,0 33.2513191310849,35.12051067319589,0 33.25128674709578,35.12052175552977,0 33.25127675539017,35.12052517454779,0 33.25120375769448,35.12054721471877,0 33.25116901082009,35.12055839025586,0 33.25114826659296,35.12056506218629,0 33.25120604856238,35.12107402563586,0 33.25119154069974,35.1210730199846,0 33.25116679117993,35.12099652648599,0 33.25109026896708,35.12076000887082,0 33.25099637235945,35.12046978618181,0 33.25098373804369,35.12043073544066,0 33.25086124366204,35.12022616496096,0 33.25099198003504,35.12016732989901,0 33.25113712615077,35.12037935573159,0 33.25136589356181,35.12026779753671,0 33.25121003690478,35.12001097620525,0 33.25101306804319,35.12010645116055,0 33.25098941455744,35.12011709618169,0 33.25083708333053,35.12018565073397,0 33.25082714067759,35.12016891595118,0 33.25066938920091,35.1199028358777,0 33.25071074708183,35.11988205042806,0 33.25024206113707,35.11900411520735,0 33.24994668049393,35.11906619611202,0 33.24982318780341,35.11908291759834,0 33.24976964483301,35.11908355616101,0 33.24969908618342,35.11910790792186,0 33.24968824143003,35.11910857206292,0 33.24966728024663,35.11910985647586,0 33.24969289216911,35.11902235728765,0 33.24969699389744,35.11894641698231,0 33.24968198033578,35.11880182970562,0 33.24963835596846,35.11865531284378,0 33.24951739452509,35.11841144993043,0 33.24943650840027,35.118282046282,0 33.24929539221575,35.11832930171595,0 33.24926661265716,35.1183389392564,0 33.24930439937075,35.1184493056017,0 33.24913104811694,35.11844984679101,0 33.24893067582017,35.11827825365601,0 33.24883258271997,35.11796463632513,0 33.24874375228827,35.11773241682997,0 33.24855466327595,35.11771857507562,0 33.24821518744454,35.11771767879501,0 33.24814818291912,35.11772323253723,0 33.24757930653566,35.11777038376667,0 33.2470615152251,35.1176903955426,0 33.24680165829883,35.11774295684329,0 33.24693468405605,35.11748370609521,0 33.24700030362526,35.1173824344601,0 33.24723448461328,35.11711040798249,0 33.2473914041924,35.11695798158647,0 33.24766239187459,35.11680744480424,0 33.24791454792324,35.11665766254875,0 33.24769569308672,35.11639038009962,0 33.24757411501986,35.11617246792954,0 33.24755119496457,35.11606920347813,0 33.24755529993061,35.11599625857622,0 33.2475673239494,35.11593804543568,0 33.2475945066896,35.11575688534713,0 33.2477154197679,35.11551207011942,0 33.24780105781186,35.11543625884766,0 33.24812154223111,35.11522108531988,0 33.24826670788256,35.11502467597322,0 33.2483349148095,35.11493563219317,0 33.24836214659498,35.11472394111485,0 33.24855103195667,35.11453284757877,0 33.24868727415344,35.11431430931039,0 33.24872449266704,35.11405952115018,0 33.24868210785328,35.11366352033006,0 33.248510190011,35.11355618344172,0 33.24846689334024,35.11353333315434,0 33.24842241506108,35.11351801924295,0 33.2480585816846,35.11356719785306,0 33.24764253923195,35.11362829318946,0 33.24732209950646,35.11374298633061,0 33.24703925230524,35.11359785943014,0 33.24698764699475,35.11357016965881,0 33.24664811564889,35.11338059168826,0 33.24631300249284,35.11322240163615,0 33.24607310937651,35.11313963384816,0 33.24603493586391,35.113028594719,0 33.24600588251076,35.11290904850534,0 33.24591744263778,35.11274826344409,0 33.24590970181538,35.11273094776683,0 33.24530664227487,35.11280362332527,0 33.2453784965584,35.11300023102358,0 33.24508369405915,35.11305926929796,0 33.24504665612733,35.1130665563407,0 33.24460961176178,35.11315254366601,0 33.24428681073866,35.11316751345563,0 33.24415280544145,35.11309518939524,0 33.24380545016537,35.11309677997345,0 33.24344495925248,35.11319899311616,0 33.24344470277143,35.11319906574388,0 33.24325806531226,35.11313814012334,0 33.24315782244401,35.11308108557288,0 33.24318857119915,35.11300908789287,0 33.24321462452782,35.11294808328692,0 33.24316474515841,35.11293471720783,0 33.24317457463771,35.11289092058858,0 33.24329876461956,35.11279997799505,0 33.2433297835935,35.11264883967374,0 33.24325781485712,35.11255333475149,0 33.24308500360476,35.11245965817724,0 33.24293748841828,35.11246403005477,0 33.24283393072692,35.11242815776031,0 33.24281619332328,35.11240329908948,0 33.24259210835368,35.11208924987349,0 33.2425797235578,35.11207189279433,0 33.24221333412366,35.11220534068507,0 33.24221321561896,35.112204959626,0 33.24209446665674,35.11182087224767,0 33.24208940556169,35.1116014118788,0 33.24208891987597,35.11158036225162,0 33.24177593120508,35.11156774157526,0 33.24177227173612,35.11145707571546,0 33.24177225723601,35.1114566232372,0 33.2417704817092,35.11140292895943,0 33.24176784434346,35.11140284588112,0 33.24141530070337,35.11139171565772,0 33.24100126917485,35.11136103071148,0 33.24078557887651,35.11140598349265,0 33.24081291992592,35.11108049537982,0 33.24097174677075,35.11108354473707,0 33.24099978931259,35.11064078098003,0 33.24100955053532,35.11064093644807,0 33.2414721599284,35.11064831064506,0 33.24148669727774,35.11018512158221,0 33.24148407469844,35.110185203426,0 33.24139648314719,35.11018792615446,0 33.2413968314973,35.11018255486653,0 33.24142178538101,35.10979769459991,0 33.24141767024459,35.1097975333299,0 33.24049582232392,35.10976153794844,0 33.24045272480005,35.10975985487223,0 33.23993344938047,35.10973022588044,0 33.23993402881062,35.10972394551849,0 33.23996637274599,35.10937343439892,0 33.24047356538648,35.10940908249543,0 33.24050625676836,35.108926750264,0 33.24050358288488,35.10892653111767,0 33.23969163612534,35.10886008456807,0 33.23941321259491,35.10889201458089,0 33.23936955416554,35.10881050793823,0 33.23915582070335,35.10841148199153,0 33.23915630987788,35.10840920947529,0 33.23917180362872,35.10833735372086,0 33.23926524174969,35.1079040061389,0 33.23926827613192,35.10785531232958,0 33.23929540481836,35.10741982939869,0 33.23902167058861,35.10739564823893,0 33.23906868765047,35.10696661265319,0 33.23885251994797,35.10690787201582,0 33.2388547879505,35.10684870173469,0 33.23837714064697,35.10667515149791,0 33.23852096963098,35.10619853046233,0 33.2387591640943,35.10586111470003,0 33.23877108040915,35.10576281504797,0 33.23897533985445,35.10550569203162,0 33.23906055493808,35.10543532675388,0 33.23923273958947,35.10505993307345,0 33.23903972460072,35.10498811086568,0 33.2390804644556,35.10473130903552,0 33.23925986056842,35.1047425274361,0 33.23955863612765,35.10467019604603,0 33.23945752960184,35.10431339243011,0 33.23945715421333,35.10418503331191,0 33.2392226989447,35.10412933831723,0 33.23895088705098,35.10465334465617,0 33.23837689822356,35.10449602926649,0 33.23844261468423,35.10429233375343,0 33.23849686337159,35.10414261464628,0 33.23853183090672,35.10406250786868,0 33.23866713149957,35.1035929225234,0 33.23917252329266,35.10366212388413,0 33.23924551618379,35.10333688997361,0 33.23934113766379,35.10290165553548,0 33.23899912882311,35.1027860032393,0 33.23920294076142,35.10237845689817,0 33.23971582307928,35.10250781036773,0 33.23982715739749,35.10214507999935,0 33.23989950174327,35.10191542432772,0 33.24035465279208,35.10198902082592,0 33.2404161366811,35.10153891315535,0 33.24037978348707,35.10130255073818,0 33.24027629383756,35.10055722283988,0 33.23950991933268,35.1005306602388,0 33.2392085250279,35.10053755339831,0 33.2391800400417,35.10072855986233,0 33.23906481205282,35.1007208312701,0 33.23904675510268,35.1008362320752,0 33.23907193076277,35.10083777342538,0 33.23905567730787,35.10090782071915,0 33.23900047868842,35.10090235972611,0 33.23897489749405,35.10109336040757,0 33.23854193742537,35.10102021983829,0 33.23860785025264,35.10038359074627,0 33.23847792239174,35.10038802621151,0 33.23857501758614,35.09991286849912,0 33.2387193708738,35.09940189113149,0 33.23834504494198,35.09935340242186,0 33.23781219622714,35.09925725682008,0 33.23773698631305,35.09943915843696,0 33.23765748597682,35.09970821047536,0 33.23662871977048,35.09962183480013,0 33.23614292582283,35.09960942391407,0 33.2361339790077,35.09946331997406,0 33.23609608953257,35.09945187102764,0 33.23609015269662,35.09933780546634,0 33.2361361212582,35.09923400955445,0 33.23638300517742,35.09927501140015,0 33.23649833889495,35.09891527056318,0 33.23577011056888,35.09872310274751,0 33.23588896760797,35.09861225134276,0 33.23592592611573,35.09830106020808,0 33.2361252303179,35.09837441935866,0 33.23637507732177,35.09798560926713,0 33.23664025723878,35.09805192531191,0 33.2367114358776,35.09793886122934,0 33.23682649974317,35.09748693774917,0 33.23650517338273,35.09739768525906,0 33.23593422180743,35.09728702533646,0 33.23572800379515,35.0972459434974,0 33.23593712427893,35.09634789993906,0 33.23541538461975,35.09628323272224,0 33.23513340361841,35.09622270836766,0 33.23521001512457,35.09604856308908,0 33.23479054274755,35.09595488835298,0 33.23498507765281,35.09583467249216,0 33.2351544131248,35.09572718083618,0 33.23541033581206,35.09550198675808,0 33.23568694134192,35.09515691381284,0 33.23582656691022,35.0949572952284,0 33.2359031525419,35.09477508370262,0 33.23609561045757,35.09442210674421,0 33.23623081621227,35.0941487491089,0 33.23596123086135,35.09400869440054,0 33.23599362861929,35.09406163704711,0 33.23597206022142,35.09436127572441,0 33.23586578095863,35.09445597025056,0 33.23589392415565,35.09449163663256,0 33.23586596013953,35.09451819432891,0 33.23527124215431,35.09429868782198,0 33.23509403642986,35.09423046746907,0 33.23485108139753,35.09408690084177,0 33.23441987116608,35.09380772800705,0 33.23436650737609,35.09377671894394,0 33.23434404958537,35.0937675436135,0 33.23431880064894,35.09376298349109,0 33.23416046698122,35.09379440157621,0 33.23383522835749,35.09380194304558,0 33.23378607951988,35.09377438251135,0 33.23368095464686,35.0937826509816,0 33.23347894924981,35.09374040515125,0 33.2334269644919,35.09370132718769,0 33.2332853515925,35.0936969908042,0 33.23314345337013,35.09359240521913,0 33.2330943289391,35.0935729101866,0 33.23307588056869,35.09349458954672,0 33.23296790249353,35.09348557921726,0 33.23278155174741,35.09352511515973,0 33.2325740107615,35.09350822884272,0 33.23235230332018,35.09343951561483,0 33.2321911031199,35.09344904313804,0 33.23211947910507,35.09340539329816,0 33.23203521993264,35.09335600577165,0 33.23197192963623,35.09328468458708,0 33.23191575300039,35.09325022290767,0 33.23190297209044,35.09319263272511,0 33.23169079923125,35.09302480335386,0 33.23159935564509,35.09291320479824,0 33.23149240835124,35.09276449760749,0 33.23120382046778,35.09280387742012,0 33.23075272723941,35.09270807470564,0 33.22985905470858,35.09292927575068,0 33.22966788839564,35.09290949954251,0 33.22909641322531,35.09271597571979,0 33.22900948959917,35.09257174186052,0 33.22917294531849,35.09243396053152,0 33.22955240331582,35.09250679347075,0 33.22962012355274,35.09220984656267,0 33.22963662141976,35.09214763593096,0 33.22962997107413,35.09207100057322,0 33.22970074134474,35.09201953833829,0 33.22974590747423,35.09192654875596,0 33.22984570879358,35.09165158764119,0 33.22955287164744,35.09153895927404,0 33.22945376172354,35.09147531877755,0 33.22940138939455,35.09138710743947,0 33.22932564548536,35.09131030798648,0 33.22933575192832,35.09113296400579,0 33.22927585346277,35.09106518742961,0 33.22928171168839,35.09102509686993,0 33.22893505019466,35.09089978853375,0 33.22890843265684,35.09098981232619,0 33.22870432068979,35.09095175404621,0 33.22853821866539,35.09138518036555,0 33.22777682243688,35.09125360964209,0 33.22768287965106,35.09088769649323,0 33.22797899594826,35.09078574118691,0 33.22795323256103,35.09073969951958,0 33.22806048856479,35.09070789253382,0 33.22793074472265,35.09029425760542,0 33.22786897607197,35.09029945225073,0 33.22784240857999,35.09026941663993,0 33.22771659670978,35.09030661537427,0 33.22765111998605,35.0901637644283,0 33.22753997754819,35.09018834811931,0 33.22741954565098,35.09021672334364,0 33.22739123346921,35.08960033125874,0 33.22726306876852,35.08957342369265,0 33.22708919346779,35.08958925012217,0 33.22703990818199,35.08949805999185,0 33.22705304328127,35.08940988268271,0 33.22709454997161,35.08916920809042,0 33.22691251949169,35.08923411972251,0 33.22656558075275,35.08924283968199,0 33.22621321076432,35.08926053693257,0 33.22609587409984,35.08911031364656,0 33.22546975133189,35.08907287645875,0 33.22537071475992,35.08921784181463,0 33.22527498843235,35.08918921866056,0 33.22513349191137,35.08904625782901,0 33.22505841645243,35.08895065547165,0 33.22495009048102,35.08888114393783,0 33.22482026115054,35.08883999094856,0 33.22453929047294,35.08885821347704,0 33.22467215717528,35.08816663807541,0 33.22449002130787,35.08808371822253,0 33.22434844674381,35.08809247604284,0 33.22427412353733,35.087846366534,0 33.22419632188832,35.08763741512194,0 33.22365813084944,35.08773529187278,0 33.22370639615578,35.08803827399002,0 33.22327117859793,35.088002241668,0 33.22304293385324,35.08805969587445,0 33.22290586608543,35.08815619263198,0 33.22266418152309,35.08805563877826,0 33.22199953028554,35.08801726283252,0 33.22146399267132,35.08800934962679,0 33.22134224290992,35.08799401082963,0 33.22117900536668,35.08763861213387,0 33.22113726432639,35.08771858317125,0 33.22105737616978,35.08766773410896,0 33.2210384394338,35.08777759404627,0 33.22091206184382,35.08778408284674,0 33.22091461461238,35.08788363562115,0 33.22084076897625,35.08788810502102,0 33.22075213985985,35.08781056912933,0 33.22064122642933,35.08786969272875,0 33.22059555558597,35.08787478226437,0 33.22040174976604,35.08769372445971,0 33.22028418747676,35.08744785239898,0 33.22014201128394,35.08719899615183,0 33.22002279233887,35.08684775526715,0 33.21994002443342,35.0866619403324,0 33.21987169354859,35.08638190962304,0 33.21982710262829,35.08618877981272,0 33.21939337818431,35.08574199208807,0 33.21932831265297,35.08572957022822,0 33.21936349448298,35.0859756662591,0 33.21934198214758,35.08622524963391,0 33.21865506326083,35.08632233468914,0 33.21862582463417,35.08604693543204,0 33.21790228027169,35.08613838892462,0 33.21788509353613,35.08647231128268,0 33.21787152796776,35.08657824356322,0 33.21740387586697,35.08660145052113,0 33.21741574828219,35.08634942572338,0 33.21735774685074,35.08634848496082,0 33.21702310330238,35.08646301930516,0 33.21682320331099,35.08604434423837,0 33.21655130212858,35.08606888970159,0 33.21658465721105,35.08623022723348,0 33.21657181448216,35.08644678399335,0 33.21653064530547,35.08668071558196,0 33.21616726097515,35.08657882996732,0 33.2162035290221,35.08645746577317,0 33.21574668669832,35.08635073813029,0 33.21564208448041,35.08635217985183,0 33.21556743798023,35.08642072260425,0 33.21519518157802,35.08594455699919,0 33.21499215629809,35.08600584542014,0 33.21467835594322,35.08605729512527,0 33.21472249541905,35.08618450371326,0 33.21480152412787,35.08637681633957,0 33.21474343114209,35.08643173685637,0 33.21459896673179,35.0865037973505,0 33.21490534306414,35.08683640981128,0 33.21467985859301,35.08698278130832,0 33.21441482951136,35.08671185729847,0 33.21393015383753,35.08717659302595,0 33.21403431624113,35.08728595793485,0 33.21391018244296,35.08737850147985,0 33.21371929145091,35.08740362150414,0 33.21351455775149,35.08728078515284,0 33.21335004634675,35.08686564862699,0 33.21289004151964,35.08698046056746,0 33.21253447601515,35.0870636951565,0 33.21251020110524,35.08700425706277,0 33.21218065464345,35.0870444872789,0 33.21204310342911,35.08670932832305,0 33.21180202943499,35.08676096790681,0 33.21174523223372,35.08656114900613,0 33.2115776768233,35.08628221704092,0 33.21034995549846,35.08644461780231,0 33.21029503538546,35.0861919234631,0 33.21008219249727,35.08627820786563,0 33.2100458334448,35.08620887736078,0 33.20991097973727,35.08613806598714,0 33.20982234726923,35.08606386901501,0 33.20972176953526,35.08603430357392,0 33.20949833087699,35.08590746883566,0 33.20940765623349,35.08582005766256,0 33.20926091604675,35.08581700638666,0 33.20918849196099,35.08579234878705,0 33.20908197719951,35.0857991407397,0 33.20892501797825,35.08573001866338,0 33.20894895283458,35.08565727934876,0 33.20903510186902,35.08554643282613,0 33.20890228019213,35.08548387736803,0 33.20774495782906,35.08566265247563,0 33.20764664685234,35.08573386664061,0 33.20751392744606,35.08571096265701,0 33.20738722898572,35.08568474365025,0 33.20735838607332,35.08540722077727,0 33.20733390637244,35.08526517104768,0 33.20727956061417,35.08523552452191,0 33.20747036910025,35.08517902305294,0 33.20738371343357,35.08508995118413,0 33.20731457500568,35.08477449538969,0 33.20727208840034,35.08466552223065,0 33.20695459252291,35.08469910848723,0 33.20679318337079,35.08445816018797,0 33.20658227219546,35.08451304255151,0 33.20653404074157,35.08451642928558,0 33.2064578482311,35.0845909085081,0 33.20617863734328,35.08466242933681,0 33.20608953611485,35.08439987825815,0 33.2059624372972,35.08421339342147,0 33.20581797162133,35.08431442393434,0 33.20556879099603,35.084337977756,0 33.20557446889391,35.08419752880643,0 33.20574484049029,35.08400723542428,0 33.20555592754421,35.08401746862706,0 33.20549523814266,35.08386226333215,0 33.20562771047265,35.08378768838843,0 33.20575240367523,35.08381721723229,0 33.20584079651118,35.08379889292919,0 33.20591692657229,35.08369963072562,0 33.20601523662791,35.08362841794224,0 33.20606915290108,35.0834878878992,0 33.20625386255762,35.08340496293948,0 33.20545917904215,35.08310891209508,0 33.205697332188,35.08269710586502,0 33.2056797766632,35.08210894601368,0 33.20563280094903,35.08181162580612,0 33.2055378455842,35.08161682537214,0 33.20512010441311,35.08174640599194,0 33.20499371041917,35.08183914353251,0 33.2049085226984,35.08190837636578,0 33.20482405109427,35.08193337555031,0 33.20473448940955,35.08199053129359,0 33.20454229092167,35.08210212073043,0 33.20468209466475,35.08227318503419,0 33.20448194764831,35.08234532208662,0 33.20438609659423,35.08221703219404,0 33.20408184223897,35.08234824327953,0 33.20302852651417,35.08041406785077,0 33.20325694975262,35.08038724495261,0 33.20341560311444,35.08042794191083,0 33.20374489804534,35.08055041594093,0 33.20385206345995,35.08074912476057,0 33.20409245749857,35.08173503862516,0 33.20429844232943,35.08168741263777,0 33.20420487922802,35.08135998917634,0 33.20422773501812,35.08101060408686,0 33.20421012799615,35.0807899098871,0 33.20414764115421,35.08065376815533,0 33.20391930127725,35.08068298314076,0 33.20387018899428,35.08030939350487,0 33.20385628341938,35.08019780648431,0 33.20394095537567,35.08015433044498,0 33.20442128117141,35.07983952315478,0 33.20488134179413,35.0796622039431,0 33.20493550333322,35.07973182961034,0 33.20506594283476,35.0796742413191,0 33.20505779235705,35.07962171617284,0 33.20519768394234,35.0795361444794,0 33.20535787285899,35.07950637996679,0 33.20541242579399,35.07952467012096,0 33.20558131154686,35.07949106498086,0 33.2055950049157,35.07944505251536,0 33.20590443615566,35.07934400995645,0 33.20612618183284,35.0793437567693,0 33.20627667504028,35.07931076152931,0 33.20655756916602,35.07926044064307,0 33.20675863607744,35.07917719315293,0 33.20699225587977,35.07907149323471,0 33.2074953787554,35.07896656430484,0 33.20758772690681,35.07926652853818,0 33.20766211291259,35.07943524869208,0 33.20793377126379,35.07940687184141,0 33.2083926838545,35.07922748966379,0 33.20886522576583,35.07908262717366,0 33.20866358446096,35.07867058716466,0 33.20902102611273,35.07860177244676,0 33.20944961988766,35.07845093581988,0 33.20984114206139,35.07823085478209,0 33.20990762067522,35.07818094831699,0 33.21028808160064,35.07788212389448,0 33.21018052305246,35.07779426289055,0 33.21006025786379,35.0777212277272,0 33.20991545139876,35.07757017063067,0 33.20979719381575,35.07747202192714,0 33.20961080751088,35.07712082410829,0 33.21021595623317,35.07700297593228,0 33.21023130969044,35.07718042341057,0 33.21035358621698,35.07710857417995,0 33.2105531153403,35.07695485497393,0 33.21062361367512,35.07693322030595,0 33.21086521012133,35.07672606468131,0 33.21092823664758,35.07670829457081,0 33.21105788883573,35.07671509734465,0 33.21112280968823,35.0767154810295,0 33.21123508711465,35.07668970969439,0 33.21117125504527,35.0765343818302,0 33.21137583039675,35.0763354988158,0 33.21123693541509,35.07623089727693,0 33.21128256480137,35.07582236429077,0 33.21146636138694,35.07578101878222,0 33.21164138294551,35.07570628368325,0 33.21173662644893,35.07567775983994,0 33.21175916389958,35.07567101036105,0 33.21209836952985,35.07555985912717,0 33.21224288437249,35.07557779596271,0 33.21235137890332,35.07550663046209,0 33.21243088238526,35.0755007600413,0 33.21256813425796,35.07554838107753,0 33.21275599053332,35.07558416866608,0 33.21290775536757,35.07558429626243,0 33.21300888022356,35.07562594884713,0 33.21306662255208,35.07568537954879,0 33.21318217998986,35.07574485824781,0 33.21336265320259,35.07590533973841,0 33.21351427185472,35.0760242300078,0 33.21358674825024,35.07585802216241,0 33.21353649034625,35.07559076369934,0 33.21352952236023,35.07538292236482,0 33.21358025037428,35.07527013998175,0 33.21361680467657,35.07493169533426,0 33.21353769028105,35.07462284499186,0 33.21357419380056,35.07432596825469,0 33.21364674943778,35.07409444096483,0 33.21351707053299,35.07376773425619,0 33.21402352499169,35.07329904331367,0 33.21458039746657,35.07296103112357,0 33.21476872093703,35.07261083518169,0 33.21484862836224,35.07227242682953,0 33.21476951304616,35.07196357716064,0 33.21441590536566,35.07155948899614,0 33.21403304355605,35.07144040769364,0 33.21373676122563,35.07143422183251,0 33.21335366528265,35.07150515893589,0 33.21318042734971,35.0713446826094,0 33.2131517429321,35.07116651510379,0 33.21320997591242,35.07082808813836,0 33.21331135355958,35.07066190433256,0 33.21360777974429,35.0705493286063,0 33.21399801697363,35.07054371629191,0 33.21451103182117,35.07059758728581,0 33.2147422294864,35.07063934548625,0 33.2151686858563,35.07056250123573,0 33.21543622627318,35.07043208279411,0 33.21564603172398,35.07023629572098,0 33.21587044627598,35.06990988070464,0 33.21590705313692,35.06951799277492,0 33.21600853957607,35.06925679639915,0 33.21603796225958,35.0688292729005,0 33.21598039431754,35.06862732851874,0 33.21594457961069,35.06836601960518,0 33.21593769894673,35.068080982577,0 33.21551877039067,35.0679203093418,0 33.21538894239814,35.06771830462065,0 33.21561341671856,35.06733844670708,0 33.21604753516957,35.06688750175833,0 33.21591776662137,35.06663799284276,0 33.21538356655118,35.06619813033954,0 33.21513185664615,35.06559708012149,0 33.21526028188899,35.06552938489166,0 33.2153613061281,35.06537880068303,0 33.21569102559383,35.06562767452707,0 33.21586514932282,35.06567301789665,0 33.21598415169954,35.06581624929901,0 33.21654346678601,35.06572630486036,0 33.21668139341406,35.06537987962293,0 33.21693838310621,35.06512395083716,0 33.21685589624044,35.065108817527,0 33.21703970066935,35.06472476223344,0 33.21663657934607,35.06452856578508,0 33.2170587294234,35.06414470289084,0 33.2173792921205,35.06438603200871,0 33.21750777545454,35.06426560053649,0 33.21774587903512,35.06446919449346,0 33.21783737253672,35.06461993630608,0 33.21790148871069,35.06466518852103,0 33.21794746716808,35.06454469023466,0 33.2181310256987,35.06436403557628,0 33.21840615579629,35.06426632096185,0 33.2184796709614,35.06411571065151,0 33.2187547903025,35.0640255283997,0 33.21887378691183,35.06417629194981,0 33.21916724123167,35.06408612345405,0 33.2193689615682,35.06404861505809,0 33.21956159461038,35.06394329931514,0 33.21973578779798,35.06392837012983,0 33.21982758942949,35.06381544112924,0 33.219864354392,35.06373260194653,0 33.21995709068184,35.06374429105176,0 33.21999198728206,35.06364713081127,0 33.22005470327007,35.06355570808912,0 33.22020785015714,35.06347007415447,0 33.22029132387524,35.0634758566132,0 33.22035401314386,35.06340730271529,0 33.22033326264442,35.06330438063497,0 33.22042368586207,35.06331588519051,0 33.22047952357359,35.06315585352239,0 33.22056997394093,35.06314448988856,0 33.22066747972679,35.06304737783928,0 33.2206258516247,35.06295015738039,0 33.22067460057883,35.06290445974049,0 33.2209673051558,35.06244733063401,0 33.22090472155777,35.06242441523332,0 33.22105138718609,35.06192143618687,0 33.22112798792474,35.06185289257994,0 33.22103783562728,35.06160699270198,0 33.22105566109845,35.06157102975467,0 33.22112847954355,35.06142412117336,0 33.22112853814256,35.06137266820662,0 33.22119114702694,35.06137271631462,0 33.22121909813021,35.061264115854,0 33.2212957241145,35.06117270405046,0 33.22140013079719,35.06112133200198,0 33.22165058389605,35.06110437419711,0 33.22156724859725,35.06097853723762,0 33.22149765804897,35.06100135118107,0 33.22141448756742,35.06073259059116,0 33.22156753593929,35.06072699098013,0 33.22160246823462,35.06059552855862,0 33.22147739007187,35.06047537548806,0 33.2215539037468,35.06048115086394,0 33.22161685097014,35.0601839181011,0 33.22149161555851,35.06020097267665,0 33.22149880719076,35.0599951669931,0 33.22165194593119,35.05990953121525,0 33.22168005776365,35.05965800618305,0 33.22161052666939,35.05962936811266,0 33.22163151963836,35.05952076130948,0 33.22164549081594,35.05946932076709,0 33.2214161473813,35.05928048350783,0 33.22208394153392,35.05929243158386,0 33.22197306898197,35.05891502735503,0 33.22197332284202,35.05869206590886,0 33.22187060360314,35.05839942490011,0 33.22201166502777,35.05834628969792,0 33.22201178212179,35.05824293841319,0 33.22195475226118,35.05812701326825,0 33.22155523858536,35.05758175342733,0 33.22147530457591,35.05750026344354,0 33.22091152850669,35.05730877934595,0 33.22074783846662,35.05715832069721,0 33.22059541817996,35.05714880676397,0 33.220347460151,35.05699241620824,0 33.22052801129917,35.05698415835676,0 33.2209810040019,35.05704050281447,0 33.22117862061484,35.05700426176065,0 33.22133882552692,35.05691479866445,0 33.22154173706541,35.05671478237354,0 33.22169404982763,35.05645033656735,0 33.22175682736312,35.05628870676941,0 33.22189758534053,35.05617901281045,0 33.2219358224546,35.05614921411864,0 33.22210591687828,35.05597296868246,0 33.22224921158328,35.05577465582851,0 33.22227644398509,35.05541457620154,0 33.22242919217236,35.054760632419,0 33.22249071596504,35.05449827649228,0 33.22244891479529,35.05428102857093,0 33.22231708403257,35.05400447100708,0 33.22224513383562,35.05389087096781,0 33.22205319257169,35.05365376016996,0 33.22184321087236,35.05343638343458,0 33.22147095363627,35.05330774077839,0 33.22133305243057,35.05309041812837,0 33.2211336253234,35.05303260790011,0 33.22091762838159,35.05300284809173,0 33.22086788911894,35.05242280051633,0 33.22073856589318,35.05216820593062,0 33.22083939863414,35.05215052860535,0 33.2208611302483,35.05203809484066,0 33.22081114553371,35.05167111127802,0 33.22075377775491,35.05146392016917,0 33.22048009805221,35.05150513580553,0 33.22029282945127,35.05154641930432,0 33.22006959033859,35.05155808136676,0 33.22023559912354,35.0512208579723,0 33.22040320404442,35.05121795481046,0 33.22061135567826,35.05105833285363,0 33.2208420468098,35.05095446729469,0 33.22090542541591,35.05088019854599,0 33.2208739107682,35.05076498076479,0 33.22109101784413,35.05067968343486,0 33.22119955953934,35.05064632511242,0 33.2212131985007,35.05057944836571,0 33.22127202632166,35.05053118732551,0 33.221385212971,35.05039007113959,0 33.22144857486312,35.05033066471654,0 33.22153913804955,35.05020439366809,0 33.22155281882242,35.05010035943994,0 33.22173377689307,35.0499964540836,0 33.22182889342665,35.04984045923692,0 33.22182447067398,35.04975499033163,0 33.22173422086505,35.04960628426883,0 33.22127736415538,35.04981773838011,0 33.22133662990597,35.0493867387766,0 33.22126008884487,35.04911170149144,0 33.22117876854293,35.04906333272539,0 33.22097584785692,35.04860983468154,0 33.22097596348588,35.04850950478699,0 33.22102138016384,35.04832746171189,0 33.22107579198643,35.04818629868359,0 33.22114371519157,35.04808973843243,0 33.22128848154073,35.04800438506705,0 33.22135193352675,35.04786322885658,0 33.22145152029002,35.04775182829232,0 33.22158270545183,35.04768132769794,0 33.22170934784241,35.04762940268403,0 33.22182246450866,35.04754402357931,0 33.22187224791278,35.04749575532761,0 33.22194017800703,35.04739176241287,0 33.22194480445103,35.04729886726192,0 33.22193140395168,35.04715765298663,0 33.2218365597061,35.04707582978773,0 33.2218593750687,35.0470404858079,0 33.22173703900627,35.04707124410966,0 33.22171678530848,35.04700481050671,0 33.22176714249608,35.04682907883176,0 33.22184736525393,35.04668746981856,0 33.22182692442975,35.04659681995612,0 33.22172284194833,35.0465308433652,0 33.22161933064658,35.04653546115626,0 33.22147958530979,35.04663303892037,0 33.22130427309161,35.04659972688636,0 33.22118025048447,35.04650764775747,0 33.22109997804,35.04633666330812,0 33.22112137909118,35.04623973079373,0 33.22131179922373,35.04631128257142,0 33.22142273726169,35.04631065919772,0 33.22155811630386,35.04628166941431,0 33.22172020209934,35.04620210434826,0 33.22172879445106,35.04604472434897,0 33.22165368005052,35.04590192450669,0 33.22150767793104,35.04583616762272,0 33.22136744055999,35.04587326366094,0 33.22132702717628,35.04575447538967,0 33.22173086580383,35.04568766042327,0 33.22152532236238,35.04527120623429,0 33.22121206556537,35.04525884422086,0 33.22116435677015,35.04484953371264,0 33.22157102476906,35.04482302467814,0 33.22156237710627,35.04466769801984,0 33.22156975913315,35.04466564282496,0 33.22142439024908,35.04468058240797,0 33.22105666854588,35.04464432720199,0 33.22098300020679,35.04468308450326,0 33.22082732516478,35.04464360093514,0 33.22055364706369,35.0446471707716,0 33.22012598412766,35.04481503446798,0 33.22016419565356,35.0449641247538,0 33.21967482864006,35.04511818991217,0 33.21967078759728,35.04522514068323,0 33.21917144897814,35.04536107810062,0 33.21876269666262,35.04541783357566,0 33.21871732124126,35.04559156023427,0 33.21854973007861,35.04559451600999,0 33.21822893307466,35.04555394726582,0 33.21795789060842,35.04556554897224,0 33.21772333672757,35.0455204673723,0 33.21761947404139,35.0457691307629,0 33.21703669457995,35.04592564870458,0 33.21702509955259,35.04572403643662,0 33.21707552684462,35.04557046791626,0 33.21717220431779,35.04534806175688,0 33.21708794858752,35.04529608798229,0 33.21689779325615,35.04525277234163,0 33.21693385292387,35.04514767992799,0 33.21704149693663,35.04505428338344,0 33.2171601527134,35.04480750769338,0 33.21707353245865,35.04476764599737,0 33.21685629284778,35.04501498094993,0 33.21625370781472,35.04459673520319,0 33.21609884018167,35.04464400301811,0 33.21589761853749,35.04446356809765,0 33.21572676156971,35.04437373729045,0 33.21559392722204,35.044124313613,0 33.21554313569179,35.04367463527453,0 33.21546194535611,35.04341276481124,0 33.21553940091723,35.0432508765422,0 33.21548072786555,35.04302719887471,0 33.21531870010767,35.04282427502098,0 33.21543801334022,35.04237751261849,0 33.21537474521113,35.04219215606124,0 33.21560464186166,35.04170226970302,0 33.21572187770301,35.04129575001181,0 33.21558741807151,35.0411470978921,0 33.21550682367454,35.04123440114061,0 33.21531087004016,35.04110225834809,0 33.21539597019409,35.04096647067737,0 33.21529938178402,35.04091855676711,0 33.21531883207269,35.04060946056099,0 33.21524557749355,35.04041196685523,0 33.2150048660573,35.04051838617835,0 33.21485662444672,35.04048491403162,0 33.21476473036581,35.04041071769323,0 33.21465951004663,35.04022551787548,0 33.21494676710764,35.04008447708091,0 33.21504553622149,35.03954455254534,0 33.21461243175654,35.03937133718401,0 33.21420368445619,35.03944039430063,0 33.21395052511626,35.03925803567201,0 33.21382258445119,35.03929110894295,0 33.21309720162971,35.0389741386854,0 33.21256712808823,35.03898128824974,0 33.21216985354729,35.03894927283012,0 33.21218558123532,35.03905019086013,0 33.21194745728794,35.03905976816742,0 33.21183355508477,35.03907254819223,0 33.21178638043544,35.03894921260425,0 33.21147722013765,35.03878387158445,0 33.21147978384852,35.038715023855,0 33.21158105394423,35.03861030240137,0 33.21145960130977,35.03850413391562,0 33.21118884583309,35.03850488400035,0 33.21099239989735,35.03838319779086,0 33.21099125321135,35.03814816166546,0 33.21089304722963,35.03808733598451,0 33.21070926574641,35.03819361361091,0 33.21058817358793,35.03816105449805,0 33.21045861665515,35.03816377080311,0 33.21057787161585,35.03777756130565,0 33.21074261882598,35.03765738367792,0 33.21084038661692,35.03747745799784,0 33.21082279427658,35.03723309997554,0 33.21043118801951,35.0370243301887,0 33.21006868838427,35.03705578056397,0 33.20999675047385,35.03691437035155,0 33.21005754226396,35.03685533746963,0 33.21003920391406,35.03666069033122,0 33.20992590593963,35.03640115017969,0 33.20987421264486,35.03616721729834,0 33.20987672877389,35.03601410485518,0 33.20997481039071,35.03585105297389,0 33.21006608792283,35.03565803063641,0 33.21010912947796,35.0353381491863,0 33.21004205434176,35.0349014918059,0 33.20995504710724,35.03469502321381,0 33.20987780182826,35.03450010650275,0 33.20988272123714,35.03440226048033,0 33.21021886010908,35.03453496631074,0 33.21045914856573,35.03452102848559,0 33.210577500578,35.034469716206,0 33.21065052975185,35.03440432117633,0 33.2106587889145,35.0343731979041,0 33.21126150168453,35.03137258861801,0 33.21139552427051,35.03129482127328,0 33.21150114642057,35.03106605842481,0 33.211078859901,35.03098603805606,0 33.21085041588027,35.0309114044913,0 33.21057716273042,35.03081816990689,0 33.21048657907729,35.03071760854542,0 33.21042957611196,35.03063676967955,0 33.21041456032007,35.03057566943008,0 33.21034317817223,35.03053967863287,0 33.21022964560373,35.0305069806993,0 33.21003833518478,35.03035074498662,0 33.2101128526694,35.03014489718734,0 33.20993977545258,35.02999334236883,0 33.2102763162297,35.02987835938264,0 33.21060702895474,35.02979444405582,0 33.21076778397879,35.02928820515518,0 33.21096859547036,35.02910700400271,0 33.21099154114192,35.02904144608301,0 33.21091035909214,35.02899966929408,0 33.21090312546001,35.02883378512794,0 33.21014466468548,35.02842085345425,0 33.20977061392433,35.02827891551422,0 33.20939697073182,35.02808400906919,0 33.20929365778341,35.02799723974839,0 33.20903396439031,35.02758510746754,0 33.20868081172401,35.02727973840322,0 33.20830644850483,35.02699732695984,0 33.20773517701735,35.02625341247429,0 33.20758544292708,35.02595759929614,0 33.20739511814068,35.02569338613748,0 33.20693673685152,35.02560671894376,0 33.20668080114825,35.02527834689874,0 33.20646970289049,35.02522676176562,0 33.20646224289295,35.02520946534645,0 33.20651932529422,35.02515849735704,0 33.20662113600655,35.02515731807492,0 33.20686847364197,35.02521874780838,0 33.20695208006133,35.02535256472598,0 33.20734522406086,35.0253257830724,0 33.20758962855962,35.02525256549478,0 33.20749362292436,35.02491917278535,0 33.20804672959808,35.02454545527975,0 33.2082744916835,35.02492348981917,0 33.208311994661,35.0249138920099,0 33.20832075411563,35.02489555196047,0 33.20826484422849,35.02470446075526,0 33.20830070038543,35.0246504770358,0 33.20858970481739,35.02450131898142,0 33.20848995569735,35.02434951327928,0 33.20859168017795,35.02416767573008,0 33.20868568876467,35.02410145157188,0 33.20878644012817,35.02407376326696,0 33.20909430029612,35.02441563132141,0 33.20974528800915,35.02415226799319,0 33.20983540045959,35.0241376651248,0 33.21000979846527,35.02420000420508,0 33.21023899883663,35.0241466451995,0 33.2105173134501,35.02433887602609,0 33.21055913868057,35.02434160238371,0 33.21056059945604,35.02434162689197,0 33.21050129826284,35.02403322517522,0 33.21045002212661,35.0239010267615,0 33.210253327358,35.02363250132049,0 33.21011555038388,35.02334640308702,0 33.20996816236966,35.02310413134649,0 33.20977017367987,35.02285405222797,0 33.20949517967569,35.02264813661161,0 33.20927651206097,35.02246957246892,0 33.20913746492477,35.02234482630243,0 33.20901077524377,35.02205470441857,0 33.20899830234433,35.02196828577072,0 33.20899664679909,35.02192959865726,0 33.2090015985799,35.02165830425219,0 33.20927671394703,35.02162508238043,0 33.20932240786074,35.02155809367194,0 33.20947130808189,35.02128579278003,0 33.20944061821056,35.02124426401254,0 33.20930662161122,35.02115282678485,0 33.20922706388303,35.02111855485082,0 33.20896285669053,35.02107869300065,0 33.20913145600699,35.02090160202483,0 33.20919319227177,35.02079314910623,0 33.2092460281607,35.02059204342224,0 33.20927910693704,35.02030563857532,0 33.20929766161414,35.02004902374109,0 33.2093268230294,35.01992699018412,0 33.20940151441587,35.01974761156786,0 33.20953579998088,35.01952751821634,0 33.20963041563568,35.01940271055551,0 33.20975512931251,35.01948148408325,0 33.20999474275159,35.01930556987347,0 33.21017403823499,35.01921581220848,0 33.21050781892124,35.01905790386174,0 33.21057667438692,35.01900334657285,0 33.21029105117825,35.01886141603777,0 33.21020048406817,35.01891443147711,0 33.20997819670595,35.01875549602081,0 33.20987863614028,35.01878037263025,0 33.20977494719657,35.01882600435061,0 33.20974400151579,35.01893244920277,0 33.20968574546318,35.01913499237303,0 33.20949959796136,35.01901166471894,0 33.20940744711507,35.01894186790359,0 33.20935093558427,35.01883180066606,0 33.2093384237487,35.01874595357647,0 33.20919744987513,35.01866418967107,0 33.20887823617676,35.01864935937674,0 33.2087317599068,35.01861492641236,0 33.20834980754113,35.01860330801214,0 33.20832107715845,35.01848783633542,0 33.20806587719768,35.01848395537642,0 33.20804224433149,35.01822907609186,0 33.20804793202119,35.01805507271541,0 33.20808609541606,35.01796050477494,0 33.2081586008517,35.01787934338923,0 33.20825273282348,35.01784113914162,0 33.20833772897826,35.01785320485453,0 33.20851322410146,35.01806079874432,0 33.20856568338061,35.01806094207735,0 33.20864904883828,35.01797832757365,0 33.20870570419036,35.01790668689962,0 33.20877107127441,35.01777372721538,0 33.208776696836,35.01766427572983,0 33.20874791125166,35.01755564333087,0 33.20867032192125,35.01744892743318,0 33.20852568975957,35.01729103839863,0 33.20852760718851,35.01723187648796,0 33.20859828560775,35.01715958617447,0 33.20870912901022,35.01704358253993,0 33.20869824216228,35.01700180225463,0 33.20859882533845,35.01696307944171,0 33.20836735403411,35.01693140169164,0 33.20825480453737,35.01692951707869,0 33.2081715978051,35.01693225321427,0 33.20804692528053,35.01686240564423,0 33.20790721415084,35.01686346804475,0 33.20785273281152,35.0168468111058,0 33.20776972101567,35.01674897481138,0 33.20763069501797,35.01650992533653,0 33.20758382008887,35.01643289594148,0 33.20755299787506,35.0163565349765,0 33.2075317282869,35.01613020585365,0 33.20751740254686,35.0160228437521,0 33.20747781973418,35.01591626218871,0 33.20736036039671,35.01577794204607,0 33.20720326339887,35.01565775308871,0 33.20701846790674,35.01555413246464,0 33.20695166887773,35.01549924691338,0 33.20686142206201,35.01541472732183,0 33.20681263836489,35.01530318174489,0 33.20678031080176,35.01519072020929,0 33.2067803920005,35.01511633007433,0 33.20725060742468,35.01507760518553,0 33.20756628928803,35.01504279270944,0 33.20778339977686,35.01498715223499,0 33.20792965995799,35.01532247207735,0 33.20807771851617,35.0156180890398,0 33.20860261421195,35.01564613907664,0 33.2092277560356,35.01544048495386,0 33.20923004009616,35.01538481089272,0 33.2095070054758,35.01526424276613,0 33.20960714312663,35.01519147101373,0 33.20983366441168,35.01495689333728,0 33.20993744550525,35.01484805355393,0 33.20963411216336,35.01453229707568,0 33.20935462003834,35.0146513527641,0 33.20926945998761,35.01473543209248,0 33.20920024650744,35.01488671115931,0 33.2091349073244,35.01501224876142,0 33.20900815277626,35.01509178697928,0 33.2086985598626,35.01495054557824,0 33.20851932556119,35.01485504580372,0 33.20844349690556,35.01478387342956,0 33.20842550980311,35.01473059411486,0 33.20842748896663,35.01458649361288,0 33.20833915817273,35.01443248826556,0 33.20820347288978,35.01431013014937,0 33.20795010535868,35.01422511762858,0 33.207919432461,35.01418807658242,0 33.20788337215833,35.01401420139489,0 33.20791788006346,35.01393444469469,0 33.20808128527577,35.0136693912204,0 33.20819926746675,35.01354910480663,0 33.20833864551204,35.0134755185846,0 33.20847312683164,35.01344469515259,0 33.20879853784942,35.01350166828909,0 33.2088960925222,35.01350858201941,0 33.20891062400956,35.0134731301456,0 33.20884200508521,35.01341677942636,0 33.20879514683958,35.01332795349411,0 33.20875550631522,35.01315567211005,0 33.20873413397113,35.01297524557559,0 33.20868739120624,35.01282433110862,0 33.20860486252381,35.0126782115054,0 33.2085418757006,35.01251248384375,0 33.20848774340824,35.01236070670016,0 33.20830542185294,35.01219470696935,0 33.20842326532783,35.01202113015525,0 33.20841069090172,35.01197675209698,0 33.20835828546225,35.01185157294525,0 33.20817602220089,35.0116604628294,0 33.20799979275886,35.01145046536666,0 33.20793096690994,35.0115153452149,0 33.20775013063883,35.01153562321205,0 33.20752602256979,35.01149667653555,0 33.20726794426858,35.01178685239169,0 33.20722470351837,35.01170989050358,0 33.20714547499036,35.0115471185393,0 33.20711652372285,35.01145448800333,0 33.20700441423356,35.01146901009171,0 33.20675505900012,35.01141227036423,0 33.2067915952128,35.01121726068812,0 33.20687875271864,35.01087300963977,0 33.2070532245108,35.01085714725572,0 33.20725577050528,35.01081474472661,0 33.20742046323809,35.01071757110019,0 33.20753427492092,35.01100175522608,0 33.20778241312888,35.01122739802526,0 33.20805522279071,35.01114699511283,0 33.20816904838122,35.0111886404672,0 33.2084232237095,35.01091975921809,0 33.20854061316859,35.01099245127391,0 33.20896296204025,35.01078170295864,0 33.20912194693219,35.01085596613487,0 33.20923818089999,35.01094796891756,0 33.20952781232536,35.01077419571194,0 33.20961339772877,35.01075934571396,0 33.20984307306193,35.01074951095918,0 33.21011985573886,35.01069247858459,0 33.21058862221244,35.01061104011585,0 33.21037971436451,35.01038872531074,0 33.21019874285883,35.01046371373425,0 33.21009199676482,35.01049304159116,0 33.20999431859581,35.01050760636368,0 33.20990755707088,35.01048524155499,0 33.20985345333141,35.01040086803216,0 33.20978426701011,35.01026013465066,0 33.20971385259254,35.01019790029074,0 33.20948401129328,35.0101450473246,0 33.20920751516603,35.01006019264522,0 33.20898096397764,35.00998508048836,0 33.20892140850486,35.00992435308011,0 33.20884572087758,35.00978673935186,0 33.20872460802816,35.00963348555216,0 33.20869035816703,35.00957872971559,0 33.20865979002465,35.00948703527382,0 33.2085784960296,35.00945434781271,0 33.20844975163841,35.00940885592701,0 33.20838664911944,35.0093156181521,0 33.20827657323744,35.00920750271055,0 33.20810648516375,35.00910300111794,0 33.20800722449682,35.00901560325754,0 33.20794744252525,35.00891113501655,0 33.20792778463136,35.0087914018022,0 33.2077922903767,35.00874974101162,0 33.20761493225029,35.00867814505389,0 33.207551803996,35.00860708552907,0 33.20758635768698,35.00849633959749,0 33.20747576192434,35.00841101141685,0 33.20740361675038,35.00833107286467,0 33.20732595413321,35.00818679908927,0 33.20729550416348,35.0080434199843,0 33.20729964341519,35.00793619293974,0 33.20739641767315,35.00783884772564,0 33.20739892387283,35.00762854913648,0 33.20734074765599,35.00722752525473,0 33.20727775984447,35.00691103795805,0 33.20725256371566,35.00661865600284,0 33.20712661834256,35.00663580784553,0 33.20692509149262,35.00647063097838,0 33.20661021751181,35.00654275128713,0 33.2065850187571,35.00636730924948,0 33.20664380627033,35.0062263002208,0 33.20670557379272,35.00602398557221,0 33.20657771258954,35.00581082598337,0 33.20655566357701,35.00571329053917,0 33.20657330248574,35.005529084033,0 33.20654243884114,35.00531957141268,0 33.20643662844465,35.00509558767219,0 33.20639695260069,35.00496193050062,0 33.20651598008838,35.00474888081618,0 33.20650716723005,35.00466941984184,0 33.20631318116153,35.00460792633451,0 33.20639199422077,35.00434555780642,0 33.20631808870624,35.00407183130239,0 33.20627670230255,35.00381507290624,0 33.20624713574873,35.00370364746107,0 33.20558418868833,35.00339164832763,0 33.20551287752897,35.00288347592298,0 33.20554700243419,35.00280218978239,0 33.20555941075381,35.0026954895547,0 33.20554080554164,35.00255574689709,0 33.20547648346368,35.00237045235662,0 33.20542158138576,35.00225548459191,0 33.20462242662441,35.00222500492894,0 33.2041831673394,35.00220473952331,0 33.20394525562529,35.00190974763451,0 33.20396923605703,35.00176351861516,0 33.20386696827099,35.00144729083415,0 33.20361581887763,35.0015004421499,0 33.20347629572934,35.001515584772,0 33.20339258591939,35.00151552673839,0 33.20298796328779,35.00148477847847,0 33.20293680262453,35.00146189207695,0 33.20321126495373,35.00112306471112,0 33.20330429685167,35.00100123988165,0 33.20335082568183,35.00087937660062,0 33.20334155441626,35.00068892713255,0 33.20332762341183,35.00055179579663,0 33.20336018539416,35.00051753844747,0 33.20350457650134,35.00042326332753,0 33.20351692387541,35.00036932923922,0 33.20350047629,35.00028838892212,0 33.20336464738322,35.00010621748139,0 33.20322470430425,34.99995101712842,0 33.20315062094354,34.9998228348355,0 33.20304774213174,34.99960023300261,0 33.20301894406016,34.99946534397904,0 33.20301078240905,34.99907087459102,0 33.20298198000192,34.99896296433999,0 33.20291211742843,34.99866693645877,0 33.20291216840139,34.99838403544288,0 33.20279374445177,34.99827077259,0 33.20275756911424,34.99819529889289,0 33.20271810873496,34.9980848021416,0 33.20271813283433,34.9979608649864,0 33.2027247368438,34.99785849518691,0 33.20291507714971,34.99762838556866,0 33.20317958716558,34.99730789621022,0 33.20330346870679,34.99713804666091,0 33.20336373627202,34.99704216374441,0 33.20338383123431,34.99695720218052,0 33.20338718927793,34.99687770966346,0 33.20337554192427,34.99671052897092,0 33.20334514213843,34.99644560464336,0 33.20331471126505,34.9963925967373,0 33.20322338924101,34.99632394644905,0 33.20317392542388,34.99628339112271,0 33.20316252773743,34.99621170711518,0 33.20317776931651,34.99608083862664,0 33.2032006157518,34.99598737111984,0 33.20262249115712,34.99586196366351,0 33.20265266908692,34.99574062993306,0 33.20264127303859,34.99567517202106,0 33.20256138602117,34.99547253569694,0 33.20255325416379,34.99531937612037,0 33.20255722177927,34.99497703102988,0 33.20243369939132,34.99466522346642,0 33.20243371157522,34.99460254993779,0 33.20244537616585,34.99454942832973,0 33.20249863499815,34.9944377708003,0 33.20254690346428,34.99437787699935,0 33.20256855761906,34.9942307622472,0 33.20255193428127,34.99417896874882,0 33.20248370258068,34.99418344547164,0 33.20244143605066,34.99409614154118,0 33.20238326759188,34.99354246215178,0 33.20220505820807,34.99332904244607,0 33.20162602188342,34.99273069340268,0 33.20145676308864,34.99291103355439,0 33.20142746897206,34.99277953328384,0 33.20125404241882,34.99260798542348,0 33.20124749999533,34.99235526130855,0 33.20138156210142,34.9922253101096,0 33.20040397332512,34.99179789064301,0 33.20043833416764,34.9915817698915,0 33.20042774769454,34.99137877690123,0 33.20064443320673,34.99122733074906,0 33.20066918394556,34.99093237522847,0 33.20082829189121,34.99105565098465,0 33.20092237275183,34.99096643429464,0 33.20087564725833,34.99061960985576,0 33.20099430181207,34.99069659641432,0 33.20109358493566,34.9906924368874,0 33.20113827202496,34.99064976861176,0 33.20117313276918,34.99048449451247,0 33.20090007848333,34.99028036675068,0 33.20080936864022,34.99012597155883,0 33.20078636495147,34.98994511471445,0 33.20054020347973,34.98958304486752,0 33.20018157184811,34.98928642605519,0 33.20016616519657,34.98906610735618,0 33.19983803033456,34.98890160997139,0 33.19976949956375,34.98890568181793,0 33.19969038547051,34.9887049008273,0 33.19977719411818,34.9885277833985,0 33.199669993531,34.98837735007054,0 33.19994123997261,34.98827021790726,0 33.19975833378646,34.98814773907858,0 33.19965538272459,34.98791032896737,0 33.19953712599789,34.98789716420612,0 33.19923918887719,34.98758183006287,0 33.19919570355927,34.98740996663614,0 33.19904365944778,34.98726743158112,0 33.19883566926476,34.98726614438761,0 33.19868518135916,34.98714762578315,0 33.19809379598401,34.98704317906611,0 33.19797198450377,34.98724259064623,0 33.19757753686543,34.98713142541877,0 33.19747795663922,34.98706989998934,0 33.19714875708637,34.98693179801867,0 33.19594837712068,34.98664489652123,0 33.19568523997009,34.98659301281519,0 33.19598742433653,34.9865495687627,0 33.19631235909299,34.98660483683589,0 33.1970824869152,34.9865773216201,0 33.19679043604791,34.98587205450961,0 33.19695118715917,34.98588166180321,0 33.19693757662572,34.98567384245256,0 33.19697495633762,34.98564987143218,0 33.19702027826327,34.98556611830659,0 33.19699083400221,34.98551509926219,0 33.1968112756352,34.98544751919556,0 33.196736010945,34.98540005566623,0 33.19668499095627,34.98520940508749,0 33.1966303841901,34.98512780428416,0 33.19661904831094,34.98470003173801,0 33.19656841146508,34.98458094577776,0 33.19620034327288,34.98431979417774,0 33.19588401789306,34.98438554488956,0 33.19563944927139,34.98393474984537,0 33.19576367239403,34.9837878628544,0 33.19549583394987,34.98356049434167,0 33.195563009524,34.98343230036334,0 33.19584894346333,34.98313841454494,0 33.19650647288535,34.98299318491562,0 33.19632532524532,34.98277076373727,0 33.19626379292756,34.98273916897387,0 33.19602871231761,34.98261846248955,0 33.19574028786599,34.98243548520987,0 33.19536468059653,34.98230730117167,0 33.19544324451149,34.98219464396782,0 33.19545067213054,34.98201289583389,0 33.19574615974577,34.98195741555901,0 33.1959912672606,34.98182717385535,0 33.19615313968345,34.98149834432554,0 33.19642351248972,34.98141909983583,0 33.1966853177579,34.9811882104042,0 33.19681015527475,34.98116054158904,0 33.19694348727231,34.98116349573642,0 33.19722278382666,34.98119320333608,0 33.19704696776566,34.98103713140043,0 33.19662390409697,34.98060605340198,0 33.19665179436345,34.98048525189274,0 33.19661263961283,34.98017208669993,0 33.19659703386203,34.97980595593749,0 33.19652120605428,34.97964617414966,0 33.19628294743574,34.9794903643578,0 33.19624243955639,34.97944933457003,0 33.19672995150182,34.97933295004109,0 33.1967589107492,34.97937771226863,0 33.19682600688245,34.97935221207121,0 33.19685884496121,34.97930342036106,0 33.1968978743291,34.97922264851141,0 33.1969551440538,34.97927489442331,0 33.19699601136413,34.97934059280605,0 33.19713740583008,34.97928517243054,0 33.19725185635464,34.97945195560978,0 33.19740756657809,34.97941170164973,0 33.19741981799351,34.97943696682281,0 33.19766642461132,34.97941704789534,0 33.19760728596309,34.97923853405137,0 33.19743961165668,34.97905318087023,0 33.19735943958676,34.97907929670201,0 33.19724693389527,34.97898490784966,0 33.19708095993004,34.97904198811776,0 33.19689880360528,34.97895931696529,0 33.19679394578059,34.97881888560182,0 33.19675343497501,34.97878575791442,0 33.19653174681178,34.97861628581271,0 33.19662941028415,34.97797991593729,0 33.19657672511682,34.97796574242476,0 33.19640001634473,34.97716900327484,0 33.19673634044506,34.97714418425864,0 33.19693448851681,34.97745228991031,0 33.19709824473004,34.97743444184412,0 33.19768003526242,34.9769018681297,0 33.19772539031586,34.9768337291399,0 33.19776735968022,34.97673716545682,0 33.19784017686765,34.97677138230032,0 33.19792678535854,34.97683688507611,0 33.19800989569113,34.97691090749611,0 33.19809995290935,34.97698494015984,0 33.1981935244509,34.97704476950372,0 33.19826288732376,34.97707329649685,0 33.1983496663566,34.97708480035186,0 33.19841566151441,34.97707921815552,0 33.19855810117478,34.97705954510317,0 33.19867952678338,34.9770966810065,0 33.1989396292057,34.9772079251661,0 33.19902728156275,34.97723944244726,0 33.19910658161455,34.97725626473397,0 33.19919046951934,34.97725639488385,0 33.19927896776821,34.97723241047964,0 33.199335738237,34.97720466595141,0 33.19939482612465,34.97716022582026,0 33.1994674549949,34.9771362150523,0 33.19953090298637,34.97714744629234,0 33.19966450472983,34.97720146390704,0 33.1997913140582,34.97725175972988,0 33.200033641986,34.97733934572199,0 33.20031476353554,34.97735342056769,0 33.20053621675955,34.97734564981558,0 33.20079432041038,34.9772459750152,0 33.20065941372786,34.97705914507494,0 33.20058105786197,34.97687982604199,0 33.20054404697112,34.97671697991313,0 33.20051835375404,34.9765357196062,0 33.20052264467447,34.97636678911315,0 33.20054554405363,34.97624703152286,0 33.20053645450591,34.97600904475716,0 33.20056272641032,34.97585091313249,0 33.20057009412248,34.97556093985865,0 33.20084943286347,34.97483372110598,0 33.20088580931636,34.97439863897598,0 33.2009688099691,34.97407393367492,0 33.20110293010362,34.97395055016615,0 33.2013021003981,34.97372133177008,0 33.20150557566334,34.97340984409369,0 33.20152636942004,34.97330274944208,0 33.20151460455516,34.97314539369224,0 33.20157643779074,34.972994836074,0 33.20173274972337,34.9727171920325,0 33.2018028400109,34.97254320321937,0 33.20182463647519,34.97240760811994,0 33.20175381466603,34.97179323521144,0 33.20194515456309,34.97150468754047,0 33.20190385749837,34.97112772844355,0 33.20196232441642,34.97093836599352,0 33.20205227979999,34.97077056832859,0 33.20215386831359,34.97025832635211,0 33.20212867869409,34.96980252566067,0 33.20211928601379,34.96960539300958,0 33.20203487105257,34.96933834401801,0 33.20201214066279,34.96920812419534,0 33.20201264965736,34.9690505658823,0 33.20201720031577,34.96883313502396,0 33.2020296232899,34.96856213886235,0 33.2017321307328,34.9681638926732,0 33.20157620158675,34.96792058045385,0 33.20156432959431,34.96776524034542,0 33.201548221692,34.96765628317867,0 33.20158063937976,34.9669806510283,0 33.2016662678697,34.96670106614922,0 33.20166825986883,34.96653621543567,0 33.20169924078802,34.96613679845095,0 33.20272168296108,34.96611721082603,0 33.20332918398518,34.96709934285887,0 33.21203848191534,34.9665431610068,0 33.21486773420548,34.96636149630216,0 33.21331989737083,34.96433210993559,0 33.21227538972882,34.96319440646284,0 33.21204488271542,34.96143767751263,0 33.21145509725685,34.95748036751543,0 33.21204988758866,34.95743545518059,0 33.21516666678713,34.95722821629534,0 33.21572884348928,34.95716620208396,0 33.21785081719726,34.95701261296452,0 33.23114949494303,34.95573295411899,0 33.23605768536331,34.9498404791462,0 33.23613346521756,34.94964537446879,0 33.23010005175421,34.94492277177739,0 33.22372569695584,34.94228190743507,0 33.22775708805652,34.93532958163176,0 33.23242015714084,34.93417279836623,0 33.23850020646047,34.93322493451628,0 33.23884308248148,34.9331538471684,0 33.24058117369071,34.93533811891091,0 33.24146760900631,34.93628836481759,0 33.24187040962866,34.93676529875029,0 33.24202627601951,34.93701137207555,0 33.24210858771139,34.93708583243975,0 33.24233687537645,34.93720468127123,0 33.24256356967955,34.9373097012392,0 33.24310562089335,34.93744317495596,0 33.24348788628237,34.9375299486602,0 33.24502767420672,34.93783895573289,0 33.24539844861699,34.93790373536078,0 33.2457061933019,34.93794578096589,0 33.24649539977908,34.93804539987835,0 33.24706435603192,34.93814829946829,0 33.24729879481789,34.93819457538496,0 33.24735661306782,34.93821332920939,0 33.24742273082341,34.93824694788346,0 33.2476148068026,34.93842219652936,0 33.24791437653403,34.9386647583119,0 33.24857976567403,34.93918732938361,0 33.24866522440689,34.93927429072824,0 33.24875311872265,34.93937675800108,0 33.24878643309619,34.93942898918933,0 33.24878681732466,34.93951816096799,0 33.24876698479619,34.93968664986162,0 33.2487266142029,34.93997566106147,0 33.24857369658639,34.94094319193863,0 33.24852379060987,34.94125711832372,0 33.24849379888128,34.9414385012849,0 33.24848045822826,34.94159000370509,0 33.24846706760366,34.94173003547761,0 33.24846239769134,34.94194348200625,0 33.24845984493622,34.94200086348445,0 33.24848636867515,34.94257860208941,0 33.24847815504332,34.94272341797699,0 33.24844789394057,34.94286832222041,0 33.24838356599816,34.94330293482607,0 33.24828287096341,34.94396366064652,0 33.24828325495436,34.94405364365191,0 33.24829804190241,34.94416705612205,0 33.24847625160874,34.94457723606291,0 33.24869839929099,34.94507244360607,0 33.24880497256608,34.94532550288525,0 33.2488699024085,34.94553235788196,0 33.24890420840133,34.94562495402756,0 33.24891595567488,34.94572691360027,0 33.24890482311151,34.945767143034,0 33.24888734766906,34.945853442386,0 33.24887162392949,34.94593108528896,0 33.24874087635887,34.94626168053671,0 33.2486451310503,34.94655715356901,0 33.24861485316343,34.94667182824254,0 33.24856601627699,34.94687201205664,0 33.24852988090768,34.94704430476381,0 33.24852261109962,34.94712069715138,0 33.24852275946545,34.94715499006229,0 33.24853054247986,34.94719860079056,0 33.2485478168156,34.94724061639413,0 33.24858592747812,34.94727008107505,0 33.24868497367737,34.9473336204791,0 33.24912282154283,34.94756263651668,0 33.24992502926231,34.94805608539156,0 33.25039218128496,34.94834025107609,0 33.25068666562284,34.94853511489779,0 33.25093009441891,34.94869482212886,0 33.25109102310851,34.94879059313658,0 33.25138549970895,34.94898543903272,0 33.25143669667917,34.94905271245769,0 33.25149527328821,34.9492105131764,0 33.25153150911004,34.94940117767793,0 33.251567728037,34.94958768929764,0 33.25162909972152,34.94974922779725,0 33.25168315647269,34.94984963544862,0 33.25242100257993,34.95037176820084,0 33.2528698230938,34.95086855428963,0 33.2534036307282,34.95137798067303,0 33.25486058531693,34.95203706332993,0 33.25512347728489,34.9522950854527,0 33.25551962946653,34.95257952716057,0 33.2556771251156,34.95265998209207,0 33.2558424397331,34.95279727005725,0 33.25608110509917,34.95332613302954,0 33.25638358569087,34.95394112151286,0 33.25672528140422,34.95430038477441,0 33.25685993409831,34.95462981046362,0 33.25720169391968,34.95500906234461,0 33.25748365317717,34.95586766893945,0 33.25764306422246,34.95636689158441,0 33.25809489300244,34.95693587943602,0 33.25915581430998,34.9575944191341,0 33.26065998307562,34.95739042112321,0 33.26106586131434,34.95766864422268,0 33.26144286825451,34.95807965840702,0 33.26171574173809,34.95831378084737,0 33.26212916367567,34.95854772381869,0 33.26248710150671,34.95889751909797,0 33.26074562320363,34.96057746625772,0 33.2599224591956,34.96139824797547,0 33.26057296268216,34.96212471148793,0 33.26145284348608,34.96280561083462,0 33.26178551255975,34.96295466509227,0 33.26233973107048,34.96338571046779,0 33.26252190058219,34.96364410213101,0 33.26319150468652,34.96408056228101,0 33.2634437834522,34.96436030869366,0 33.26405379214403,34.9647537111675,0 33.26490084565852,34.96516118518894,0 33.26515484848841,34.96521766077192,0 33.2652075066317,34.96544968922505,0 33.26557615697536,34.96571171805397,0 33.2657911922721,34.9660571181315,0 33.26616470163621,34.96645259928018,0 33.27035276979787,34.97075450517296,0 33.2702118481735,34.97130253331142,0 33.27019514970124,34.97150685136582,0 33.27081656912116,34.97171285078385,0 33.27145324079824,34.97171795025375,0 33.27218251412701,34.97167190364388,0 33.27255764208601,34.9720169981854,0 33.27279761801624,34.97217099307093,0 33.2729769960856,34.9722307134791,0 33.27308378344894,34.97222467900851,0 33.27339062622935,34.97208328912993,0 33.27375952853198,34.9722159912134,0 33.27378528683101,34.97222525752193,0 33.27389233152987,34.97221002718842,0 33.27388589327024,34.97203167963126,0 33.27438132263686,34.97223649083669,0 33.27455766655919,34.97225361244351,0 33.27482897552643,34.97213108594191,0 33.2755154689385,34.9722256605569,0 33.27602536231189,34.97220881330762,0 33.27705245371767,34.97185437735528,0 33.27707768251781,34.97211706639231,0 33.27714866046046,34.97219200604581,0 33.27708450881518,34.97222875133482,0 33.27712313695794,34.9724629390546,0 33.27701433819392,34.97306465820777,0 33.27712245026682,34.97327255226166,0 33.27703338407402,34.9734008214066,0 33.27724196475119,34.97368306667634,0 33.27721569279713,34.97372051970147,0 33.27723969447484,34.97381987442132,0 33.27760120100665,34.97373930732216,0 33.27760011144549,34.97362313373315,0 33.27771932295831,34.97357478348462,0 33.27782754879331,34.97336061707382,0 33.27803865619695,34.9733404503273,0 33.27826526173265,34.9734229339107,0 33.27835561956651,34.97357958527125,0 33.27855998623638,34.97360063375034,0 33.27901397857476,34.97378811802171,0 33.27943375755101,34.97408391199811,0 33.27949326151244,34.97416635670049,0 33.27981550817893,34.97419635781353,0 33.28014432985749,34.97465689742577,0 33.28032189528242,34.97484198713997,0 33.28056373238574,34.97498689118535,0 33.28063359733666,34.97499971662354,0 33.28094214174756,34.97532762057418,0 33.28149061935572,34.97540243364683,0 33.28177641837043,34.97558499235367,0 33.28187577288629,34.97585948634267,0 33.28211121448407,34.9760871054125,0 33.28223834853532,34.97590317832501,0 33.28262252444405,34.97618884150481,0 33.28341729562574,34.97640639668627,0 33.28469150691224,34.97702996419383,0 33.28504730358301,34.97706894558479,0 33.28489480148658,34.97730647627835,0 33.28490183376893,34.97735837840165,0 33.28580698990825,34.97724101016241,0 33.28711488853693,34.97720031183699,0 33.28750896665742,34.97712611411246,0 33.28937130758001,34.97754122741508,0 33.29020846140111,34.9779829148433,0 33.29067344208777,34.97887399391566,0 33.29084249367052,34.97939123907073,0 33.29066045232435,34.97943358320151,0 33.29066419604391,34.97985582070643,0 33.29076186075492,34.97997423000616,0 33.2907805736249,34.98024347479218,0 33.29080054478548,34.98068644585575,0 33.29079927045719,34.98096107131307,0 33.29067767975257,34.9812760676844,0 33.29056613259577,34.98158736026244,0 33.29048907594923,34.98169987592896,0 33.29036719248962,34.98187146467819,0 33.29095925557898,34.98206107506127,0 33.29105775548395,34.98211286663906,0 33.29109383639028,34.9821807287888,0 33.2911072689645,34.98225792541449,0 33.29132619211664,34.98230958845895,0 33.29239813014488,34.98246121353094,0 33.29247008276288,34.98252752496074,0 33.29248959284685,34.98254550649757,0 33.2928426800764,34.98287091057151,0 33.29286156576023,34.98297525201623,0 33.29286911485288,34.98310245483473,0 33.29321320163012,34.98349692335595,0 33.2936481860418,34.98367521004884,0 33.2939937463083,34.98363081422492,0 33.29432900436742,34.98367003165882,0 33.29458132135511,34.9837822495104,0 33.29478568612484,34.98373955415727,0 33.29493404784291,34.98393729132666,0 33.29508317184575,34.98401240723914,0 33.29529353983835,34.98435828508062,0 33.29524957313448,34.98446011704754,0 33.29549424962236,34.98464420874571,0 33.29554107752028,34.98487536557435,0 33.29563172946988,34.98533211655116,0 33.29567910739412,34.98577727320362,0 33.29598665722787,34.98621903297924,0 33.29580013880168,34.98650614366914,0 33.29600547637271,34.9867594063525,0 33.29562915158371,34.98677039665169,0 33.29554586728579,34.9868836102644,0 33.29553968917871,34.98694166270464,0 33.29554894416661,34.98701501263471,0 33.29558215723959,34.98710309213162,0 33.29563074622442,34.98718991635476,0 33.29570770006006,34.98730979166469,0 33.29582852950477,34.98747179543155,0 33.29584948906582,34.98750335465924,0 33.29580410399407,34.98759725137638,0 33.29587617447189,34.98812202192999,0 33.29579854794094,34.98822497540058,0 33.29567581146459,34.98837823366763,0 33.29571935789534,34.988562073426,0 33.29595534152889,34.98863312120168,0 33.29608222636107,34.98870024839471,0 33.29613901315633,34.9887888858959,0 33.29618235770565,34.98900603724384,0 33.29608151177898,34.98902167865632,0 33.29590018943438,34.98914601442203,0 33.29588956350687,34.98927110589523,0 33.29612129725643,34.98978076666356,0 33.29621932744488,34.98998329325837,0 33.29610023029248,34.99000459148887,0 33.2958248408862,34.9897484638246,0 33.29538905731847,34.99004282703341,0 33.29527010933088,34.9900423023813,0 33.29510554193575,34.98995775486509,0 33.29500190553151,34.98976324293851,0 33.2945058730625,34.9896531382384,0 33.29428696783818,34.98974288941837,0 33.29405030555717,34.98976711262101,0 33.29380946349036,34.98979016370863,0 33.29372478427657,34.98969104683215,0 33.29373884956145,34.98927892793029,0 33.29353843356291,34.98912650832418,0 33.29335419577175,34.98906141816717,0 33.29318910915408,34.98905839782161,0 33.29298438099642,34.98912293741193,0 33.29295518591952,34.98908266726079,0 33.29289424500476,34.98901540297631,0 33.2928280235769,34.98897458930808,0 33.29276766462944,34.98895782502426,0 33.29271990828126,34.98894096542448,0 33.29268184420369,34.9889160038654,0 33.29264245853995,34.98889794228721,0 33.29251857644488,34.9888311603239,0 33.29239597875172,34.98875403759027,0 33.29227614238654,34.98867346013083,0 33.29219418808412,34.988601782211,0 33.29215026867364,34.98855276740946,0 33.29213951832809,34.98850968980364,0 33.29195745145095,34.98815080772425,0 33.29172459240743,34.98804649826665,0 33.29162844440069,34.98799443392689,0 33.29160689492987,34.98788073205753,0 33.29160451935438,34.98744123226525,0 33.29155284312647,34.98723906827979,0 33.29146039537548,34.98706657071725,0 33.29138951387006,34.98700545830523,0 33.29132484004491,34.98698034382518,0 33.29120639749734,34.98692612323404,0 33.29104956971872,34.98680773549285,0 33.29075839472921,34.98666460789472,0 33.29055746921948,34.98669011697773,0 33.29036649066833,34.98671394151426,0 33.29022306590602,34.98672322026184,0 33.2900072530422,34.98665129913159,0 33.28974262697272,34.98656964963604,0 33.28950151310901,34.98651100739016,0 33.28932564220483,34.98647880398881,0 33.28914847473352,34.98647280607362,0 33.28882709604719,34.98649221338272,0 33.28884398683331,34.98654932181363,0 33.28903371358766,34.98674958815862,0 33.28897189864253,34.98675355193093,0 33.28902133667602,34.98699954610315,0 33.28918918773897,34.98709407470599,0 33.28945407102475,34.98722015787404,0 33.2896322381658,34.98720600067482,0 33.28970526026554,34.98722462750463,0 33.28983979674352,34.98739475705388,0 33.2899608970363,34.98763712275129,0 33.29012812237874,34.98779422671598,0 33.29034423098212,34.98800952319051,0 33.29050710199876,34.98820484396506,0 33.29066013219828,34.98839983200842,0 33.29104297952539,34.98878231559205,0 33.29132424353799,34.98904364672872,0 33.29149228414381,34.98920362506018,0 33.29155178337022,34.98929458838443,0 33.29160290823364,34.98938321456316,0 33.29154818954076,34.98940363615935,0 33.29145289329369,34.9894238784064,0 33.29132413768592,34.98940611022707,0 33.29019707452535,34.98917841934283,0 33.28981373352206,34.98910280844675,0 33.28967672705559,34.98918096449603,0 33.28967420751884,34.98920669809751,0 33.28936841686493,34.98909907411019,0 33.28914237220722,34.98903487404527,0 33.28883659200002,34.98898815892549,0 33.28862744248318,34.98898106449151,0 33.28837253948711,34.98910163462422,0 33.28826474144351,34.9891383577873,0 33.28814131607842,34.98914224565085,0 33.28785865999179,34.98912659761567,0 33.28762421929716,34.98913277541416,0 33.28734249476682,34.98934731835565,0 33.28708030170147,34.98921728233819,0 33.28688240981753,34.98918230061899,0 33.28675783016936,34.98915990152438,0 33.28657015220144,34.98901826371304,0 33.28635471468058,34.98888981674187,0 33.28624579882618,34.98884977983622,0 33.28570106076095,34.98875255326678,0 33.28512023282885,34.98863795018787,0 33.28465308443459,34.98851711222277,0 33.28417819463934,34.98865240190487,0 33.28367083904845,34.98879667708365,0 33.28327216674499,34.98888609455175,0 33.28304612321185,34.98892282839692,0 33.28283643864312,34.98892781695961,0 33.28248870718321,34.98893417117834,0 33.28230582062257,34.98889565856002,0 33.28244303756751,34.98881149690674,0 33.28257244323401,34.9887856124357,0 33.28271029230422,34.98878827705886,0 33.28282484049438,34.98876390615328,0 33.28298852083559,34.98869275291246,0 33.28308987411609,34.9886861011915,0 33.28321679015615,34.98871059982972,0 33.283359861112,34.98870738415339,0 33.28344519412086,34.98867596228191,0 33.28351404113485,34.9885793805131,0 33.28353990597627,34.988455093703,0 33.28358076464914,34.98827680709856,0 33.28359841752396,34.98821886186738,0 33.28371965669584,34.98805945259333,0 33.28383644046314,34.98794026802855,0 33.28399504479869,34.98782250083489,0 33.2841347338918,34.98773841080649,0 33.28431694770158,34.98749223297906,0 33.28438177528948,34.98737733592689,0 33.28447778551558,34.98727964702176,0 33.28459886089621,34.98722318550733,0 33.28472189903582,34.9871768846516,0 33.28480135424986,34.98711497315055,0 33.28496169813673,34.98691245933679,0 33.28478121640816,34.98677510791073,0 33.28470369190485,34.98674825143934,0 33.28459581355514,34.98678699344273,0 33.28453883291328,34.98679313679705,0 33.28441333957258,34.9866899543082,0 33.28430390087019,34.98671047016592,0 33.28422793904489,34.98670183927283,0 33.28416787163535,34.98662106334743,0 33.28410248326445,34.98654818461657,0 33.28404214558196,34.98657238484994,0 33.28393131256468,34.98662111917587,0 33.2838216763509,34.98664566623911,0 33.28373607732885,34.98663266942228,0 33.28364921498243,34.98659540279238,0 33.28329492489679,34.98638553778681,0 33.28299724112716,34.98657531335232,0 33.28278121036251,34.98636004317405,0 33.28261028531159,34.98637847326717,0 33.28248104791009,34.98630141180105,0 33.28216795881267,34.98630492611152,0 33.28208372809149,34.9863141829661,0 33.28207744394386,34.98644115624849,0 33.2820161810855,34.98653396337768,0 33.28182737776517,34.98666483814426,0 33.28163937515004,34.98677958784862,0 33.28154786542044,34.98693596676758,0 33.28109791347655,34.98711651571602,0 33.28089060754102,34.98712361014768,0 33.28079398167735,34.98743323106334,0 33.28076164040648,34.98753912427123,0 33.28071477470539,34.98759001898367,0 33.280585911139,34.98770474568661,0 33.28041732860087,34.98792511107455,0 33.28032496240829,34.98804914876215,0 33.28013305381195,34.98814356085337,0 33.28002540085082,34.98817825628203,0 33.27998318994476,34.98818489707941,0 33.27973751203684,34.98807157989293,0 33.27962783599359,34.9880476662006,0 33.27943427408417,34.98797649352561,0 33.2792471611634,34.98797417286295,0 33.27909488019088,34.98796496157517,0 33.27888566965186,34.98791142343733,0 33.27862661177292,34.98781985909542,0 33.27838081764658,34.98775902315386,0 33.2782088684521,34.98774914191711,0 33.27811086437228,34.98778820078292,0 33.27821584568768,34.9879068259339,0 33.27823920796321,34.98798230650313,0 33.2781801485305,34.98832950531738,0 33.27812318517318,34.98848501192873,0 33.27803671219203,34.98863951429416,0 33.27794203129905,34.98871097888914,0 33.27810473660308,34.98885780648514,0 33.27812680205243,34.98895948186875,0 33.27813321459946,34.98907878984196,0 33.27808605188204,34.98958381900825,0 33.27805438013146,34.9897260509202,0 33.27788664994867,34.99017852164538,0 33.27782533521734,34.99022285707236,0 33.27738168889398,34.99037729232399,0 33.27738234930884,34.99071236160453,0 33.2777112415632,34.99093549326655,0 33.27777544432918,34.99113144164522,0 33.2778133279508,34.99126190574518,0 33.27780515064655,34.99142713054288,0 33.27711679082819,34.99154898449363,0 33.27692109488457,34.99162102584017,0 33.27678013151566,34.99163236630495,0 33.27689806429024,34.99178775647709,0 33.27697097078747,34.991907301304,0 33.27686087631957,34.99209124311833,0 33.27689001872032,34.99219920440196,0 33.27687217223577,34.9922611604186,0 33.27677012098071,34.99248170150702,0 33.27683258815123,34.99306103685826,0 33.27698764076953,34.99316320232557,0 33.27711344006961,34.99335469441138,0 33.27726376705143,34.99340199152794,0 33.27733764665891,34.99342851939736,0 33.27741139457025,34.99348742401757,0 33.27712953170408,34.99366058702996,0 33.27656022657685,34.99356983075734,0 33.27611216162432,34.99399134119396,0 33.27602740658693,34.99421566340932,0 33.27622682800553,34.99429316059569,0 33.27628096231665,34.9943216522596,0 33.27649193555384,34.99459139762503,0 33.27674212673706,34.99491994242339,0 33.27729468342653,34.99488523964524,0 33.27763461084858,34.99558838922962,0 33.27812004267719,34.99629604877822,0 33.27834680356538,34.99633318881453,0 33.27902486554529,34.9969909037845,0 33.27902414818075,34.99716490475686,0 33.2789201423702,34.99726371004665,0 33.27891502534089,34.99730820531225,0 33.27893463404587,34.99733861760022,0 33.27896653199407,34.99737918594305,0 33.27900092345033,34.99741369187377,0 33.27903784747377,34.99743202131511,0 33.27906491317091,34.99744829472139,0 33.27910436127842,34.99745246957751,0 33.27914141123407,34.99744044952966,0 33.27917111841413,34.99741424260634,0 33.27919344377504,34.99738396559248,0 33.2792457353242,34.99726476080389,0 33.27925819492965,34.99723445148328,0 33.2797070402782,34.99726017697532,0 33.2803263153093,34.99783681422181,0 33.28032773431389,34.99808973897713,0 33.28031199507525,34.99831630061568,0 33.28031892690693,34.99842962883354,0 33.28038217929686,34.99864430665461,0 33.28044012907803,34.99894798981612,0 33.28016146055659,34.99892481039375,0 33.2801195076087,34.99892871842719,0 33.27952863640873,34.99924439267632,0 33.27932634629293,34.99924978728395,0 33.27914373531663,34.99926940765806,0 33.27908692943868,34.99928742613133,0 33.27896092752313,34.99933758163581,0 33.2789040644363,34.99936975973031,0 33.27877285836387,34.9994866558417,0 33.27865406123503,34.99958538396356,0 33.27857218656777,34.99970243974285,0 33.27842065628523,34.99996491076408,0 33.27841046592344,35.00004377000649,0 33.27845931057976,35.00016126501053,0 33.27846410156796,35.00019567040255,0 33.27843663029273,35.00027851571807,0 33.27836723310051,35.00036121649099,0 33.27830024342462,35.00045808660158,0 33.27829250297199,35.00054099662103,0 33.27829471977984,35.00060168894399,0 33.27831170070473,35.00067052423882,0 33.27836056885498,35.00078194722223,0 33.27836780994374,35.00082040610985,0 33.27838733223282,35.00087104301972,0 33.27838223273761,35.0009114826898,0 33.27834250537759,35.00097607519642,0 33.27825329686431,35.00107893029066,0 33.27825293949384,35.00116590863075,0 33.27830359946848,35.00144118029448,0 33.2782763778774,35.0014633357029,0 33.27821720641224,35.00145908499838,0 33.27817532134625,35.00144882542384,0 33.27810895024187,35.00139600349976,0 33.27796124456909,35.00133076408633,0 33.27790222398817,35.00129010435915,0 33.27769330109647,35.00111947230472,0 33.27753850344687,35.00098139278266,0 33.27748933986734,35.0009427917042,0 33.27743758708598,35.00093452223795,0 33.2773833342826,35.00093433432205,0 33.27733639760901,35.00095439999543,0 33.27714851987759,35.00106702033143,0 33.2770867807878,35.00108905505929,0 33.27666305062868,35.00099050244539,0 33.27660139786621,35.00099231147365,0 33.27652985664739,35.00100015459459,0 33.27642855417402,35.00105036838572,0 33.27627266193936,35.00118533835968,0 33.2762133033327,35.0012296269966,0 33.27612452355093,35.00123336345076,0 33.27617049618198,35.00144790961811,0 33.27598794122868,35.00147154187025,0 33.27585972243098,35.00147311603046,0 33.27571194029828,35.00143619499737,0 33.27567908015803,35.00163427917304,0 33.2755163415697,35.00163775313649,0 33.27525141123465,35.00252057974849,0 33.27522087341565,35.00275505349883,0 33.27522802225149,35.00281574729897,0 33.27528363819834,35.0030828816947,0 33.27527856816712,35.00311724015054,0 33.27524276970529,35.00343257542901,0 33.27543185124547,35.00361727830381,0 33.27573731375082,35.0036790517148,0 33.27556799694038,35.00394002251505,0 33.27583744204015,35.0040364857905,0 33.27621658650233,35.00417120952979,0 33.27631265008396,35.00419377439283,0 33.27639640890938,35.00421023210662,0 33.27643585201732,35.00421036584491,0 33.27658875418964,35.00419672696182,0 33.27643248139767,35.00445703011074,0 33.27638539758509,35.00452359388709,0 33.27636292013418,35.00460237180717,0 33.27635749998315,35.00473579846557,0 33.27660861465972,35.00482966056649,0 33.2767268016814,35.00487050152822,0 33.27677850654388,35.00488887455241,0 33.27704208772076,35.00494840815585,0 33.27710320204455,35.00509015274719,0 33.27675444497915,35.00539830859609,0 33.27636783577586,35.00527769102359,0 33.27603434850298,35.00546457126422,0 33.27622580497809,35.00568964849724,0 33.27639404701109,35.00619567086375,0 33.27638635524697,35.00627651361429,0 33.27629229919732,35.00637929259924,0 33.27587347715805,35.00631111138993,0 33.27581184338234,35.0063129172777,0 33.27527536765535,35.00674365612942,0 33.27509002482047,35.00687440139718,0 33.2750099478604,35.00720361951858,0 33.27475217823262,35.00759687768529,0 33.27449796572135,35.00769299377816,0 33.27428081041877,35.0077670020355,0 33.27411046582347,35.00784724211371,0 33.27401722642268,35.00773371463881,0 33.27397787728025,35.00771133818699,0 33.27387754085823,35.00765528514778,0 33.27385558830496,35.00764302123333,0 33.27350812525953,35.00744890788942,0 33.27344010896665,35.00717781470531,0 33.27336859956239,35.00718968616115,0 33.27303795000032,35.00730977971562,0 33.27299105676285,35.00732982376984,0 33.27267993863134,35.00750455186513,0 33.27250187107771,35.00787907940771,0 33.27248195655594,35.00793953209762,0 33.27253132405137,35.00795581004692,0 33.2723383009093,35.00808069737685,0 33.27233825492551,35.00809888820288,0 33.27237239035276,35.00827278541124,0 33.27242382222675,35.00844672671838,0 33.27245823716031,35.00851350623718,0 33.27253691541965,35.00866123874459,0 33.27254913907719,35.00871179917112,0 33.27260293231908,35.0089302311384,0 33.27262978314683,35.00905764289042,0 33.27264696308246,35.00910215443908,0 33.27268883210405,35.00915480806555,0 33.27279968731992,35.00928443873016,0 33.27284898658593,35.00933104778372,0 33.27287848254326,35.00939176263703,0 33.27290545141307,35.00947471045534,0 33.27291018682318,35.00955558540543,0 33.27291497452351,35.00961624582389,0 33.2728901925004,35.00964449174516,0 33.27286790243565,35.00966465711138,0 33.2727121395819,35.00970068459021,0 33.27265035141107,35.00970660692539,0 33.27249251869445,35.00958898850096,0 33.27222814489048,35.00958837560221,0 33.27197628523746,35.00953118961868,0 33.27192400877767,35.00968065993144,0 33.27243263240847,35.00981526834458,0 33.27240517102539,35.00992437242041,0 33.27266191647637,35.01001392745037,0 33.272770539272,35.01005259512944,0 33.27282474304762,35.01011539714457,0 33.27285180068962,35.01016398342123,0 33.27287138239667,35.01023681314248,0 33.27288606446412,35.01029345890941,0 33.27287114988417,35.01032779518938,0 33.27284380734257,35.01039040729575,0 33.27272690417079,35.01068734363688,0 33.27287488283218,35.0108009256767,0 33.27314878148865,35.01096334457084,0 33.27337329877696,35.01111352006663,0 33.27332111437822,35.01122663093954,0 33.27330370143316,35.01127107604026,0 33.2732962361625,35.01129127931203,0 33.27331836287511,35.01133784296607,0 33.27335531694563,35.011384442634,0 33.27341943393381,35.011441220368,0 33.27362431432896,35.01154485588916,0 33.27375572347633,35.0113793522232,0 33.27380038392749,35.01131070549609,0 33.27380314101107,35.01119544605858,0 33.2736759249221,35.01067141222993,0 33.27386539972269,35.01058685056859,0 33.27388727963643,35.01057708566399,0 33.27392829789518,35.01055877895099,0 33.27414831228761,35.01054110201279,0 33.27424022383629,35.01035326861403,0 33.27427742041324,35.01030280584337,0 33.27436408125173,35.01024032527055,0 33.2744532125998,35.01017785166952,0 33.27466097211565,35.01012172066703,0 33.27487740297158,35.0105731618297,0 33.27503801415681,35.01059983077798,0 33.27516406103981,35.01061024048517,0 33.27524056349054,35.01066502228041,0 33.27528990407566,35.01070760628131,0 33.27533683497099,35.01072389671582,0 33.27545795241537,35.01073025098021,0 33.27566751358697,35.01097545712117,0 33.27574402242702,35.0110322676824,0 33.27584028572688,35.01109923921261,0 33.27590449671393,35.01112973083234,0 33.27593410898363,35.01115407134319,0 33.2759463998667,35.01118443937792,0 33.2759339310294,35.01123092615249,0 33.27585706142671,35.01132782173617,0 33.27554989916856,35.01157989468165,0 33.27526229199647,35.01192707307268,0 33.27545715533197,35.01211768303509,0 33.27570117891437,35.01243788311693,0 33.27597097646549,35.01231516418959,0 33.27613696063746,35.01217802645431,0 33.2763520563201,35.01219069498678,0 33.27659927391041,35.01221760363199,0 33.27683700218675,35.01207052099248,0 33.27699553094532,35.01195358374174,0 33.27716906476154,35.01176183630606,0 33.27733200445067,35.01188765247888,0 33.27735666283755,35.01192007980209,0 33.27769946568935,35.01235991226353,0 33.27832600971323,35.01199527690812,0 33.27857857730368,35.01186641514821,0 33.27899688756007,35.01173390615286,0 33.27910828480981,35.01169371252035,0 33.27927419275258,35.01161116443199,0 33.27948419704451,35.01173912928113,0 33.27951883045753,35.01173921268798,0 33.27955347201819,35.0117352504815,0 33.27981584952921,35.01166304771212,0 33.28000644748194,35.01161090257699,0 33.28006584300601,35.01160092832004,0 33.28057551327066,35.01159608066725,0 33.28081231629687,35.01196692816394,0 33.28032206989721,35.01214177540466,0 33.28021061532931,35.01220018171973,0 33.27993565772709,35.01236542763492,0 33.28003930476583,35.01249720728097,0 33.27999221139008,35.01253958272233,0 33.28001927513559,35.01261451954,0 33.28011548067248,35.0127584268923,0 33.28026352898225,35.01296317766657,0 33.28047585633284,35.01320047883025,0 33.28024082102517,35.01318369818223,0 33.28019874510569,35.01318966267979,0 33.2801838715251,35.01320379075322,0 33.28014665143223,35.01325631240443,0 33.28010687207743,35.01335132578838,0 33.28010928228387,35.0133837110354,0 33.28018814972988,35.01353973737945,0 33.28058774106179,35.01418840171429,0 33.28043646455137,35.01435195291903,0 33.28041407334796,35.01441261447665,0 33.28030977660806,35.01459450547829,0 33.27963604609004,35.01491860102229,0 33.27922151998766,35.01554900667423,0 33.2791496114216,35.01562168066575,0 33.27873578882372,35.01591000956928,0 33.27856228490748,35.01605324993494,0 33.27850775276614,35.0160996558868,0 33.27839862246361,35.0162228313655,0 33.27837127665494,35.01628348136139,0 33.27833150777122,35.01636838825907,0 33.27895512158678,35.01633367518475,0 33.2790810941965,35.01644333653087,0 33.27939297566169,35.01640371092183,0 33.27967264784557,35.01638828799612,0 33.27979673093256,35.01621857976406,0 33.28029891470809,35.01632522931316,0 33.28038054144749,35.01634974784879,0 33.28066487840561,35.01650034746152,0 33.28060263099273,35.01668846488787,0 33.28074859004321,35.0167273374007,0 33.28081545623163,35.01670930120734,0 33.28101353943826,35.01667745523668,0 33.28112005552306,35.01663725575375,0 33.28135290554876,35.01655083594523,0 33.28163278193148,35.01647061743317,0 33.28184329900628,35.01641855121041,0 33.28195965728969,35.01641482129747,0 33.28240779444137,35.01639377595178,0 33.28242234255856,35.01656187800331,0 33.28304854606274,35.01667497014373,0 33.28369223654515,35.01673951807867,0 33.28420538202308,35.01642297951195,0 33.28418357000525,35.01614143632864,0 33.28445610679483,35.01606319449647,0 33.28439377865801,35.0163121104413,0 33.28430918552973,35.01654679637537,0 33.28430907957516,35.0166095752405,0 33.28432387340573,35.01664809439387,0 33.28438561003283,35.01675357474849,0 33.28467958971066,35.0171999519665,0 33.28498426417258,35.01718256787144,0 33.28511267405213,35.01742192906319,0 33.2852511131741,35.0175904355337,0 33.28538466589914,35.0177204473053,0 33.2853141351053,35.01845152895421,0 33.28551411290581,35.01887956377513,0 33.28549392668702,35.01911046617432,0 33.2855307856524,35.01930102016223,0 33.2855703070144,35.01937610030669,0 33.28564443204467,35.01950193555585,0 33.28570134209017,35.01954870435413,0 33.28587206467326,35.01969711798626,0 33.28585964186212,35.01971936908341,0 33.2852898898307,35.01966703276716,0 33.28521726496191,35.02015107195837,0 33.28520449634269,35.02038810542568,0 33.28543959474583,35.02055902556654,0 33.28545191724331,35.02059959028263,0 33.2853621882747,35.02093367685298,0 33.28534231512538,35.02096603952417,0 33.28530759081026,35.02098822400451,0 33.28515380940697,35.02109110403777,0 33.28533669787157,35.02137943090234,0 33.2855540470799,35.02181988403075,0 33.28510485259828,35.02225422699514,0 33.2853648137387,35.02238787274408,0 33.28554927311991,35.02249916007818,0 33.28576607876807,35.02261088838456,0 33.28575796605932,35.0228352549001,0 33.28577005382747,35.02292221534632,0 33.28581190666148,35.02297489407363,0 33.28588098411413,35.02301552246674,0 33.28593280000519,35.02304397273178,0 33.28619208974357,35.02311748809223,0 33.28623719996903,35.02291748264074,0 33.28652130444419,35.0229607438798,0 33.28672133801245,35.02301589633141,0 33.28687936166654,35.02306890683185,0 33.28705209831656,35.02316037028646,0 33.28725433630031,35.02330447875062,0 33.28748911408095,35.02331727736883,0 33.28789898037336,35.02346400082911,0 33.28815492966321,35.02302401120613,0 33.28861644932421,35.02325780852436,0 33.28835253147974,35.02387771003064,0 33.28879724341469,35.02395377902651,0 33.28916308901713,35.02395482070112,0 33.28920984660344,35.02483440010736,0 33.28917745883579,35.02491719793128,0 33.28900403638568,35.02504204761913,0 33.28889251362671,35.02513472676427,0 33.28885285102735,35.02517100418719,0 33.28880806447354,35.02526589512809,0 33.28878060130376,35.02535477201918,0 33.28873767442695,35.02564981978691,0 33.28937284878873,35.02569612995456,0 33.28943697988431,35.02574281481668,0 33.28931801977149,35.02584153807542,0 33.28916645461516,35.02609382012724,0 33.28915591826208,35.02630607470262,0 33.28915043706647,35.02648195213335,0 33.28918730889441,35.02655079857841,0 33.28926131853075,35.02660155784083,0 33.28945429554403,35.02655157279077,0 33.28959518093182,35.02656006788887,0 33.28975571567214,35.02661107826344,0 33.28970102021726,35.02671200924706,0 33.29049115774016,35.0270317255102,0 33.29059281902463,35.0269329496978,0 33.29069655511843,35.02696560038001,0 33.29078625301239,35.02673536922693,0 33.29076480794319,35.02646842538671,0 33.29131341903653,35.02637982248917,0 33.29151115597247,35.0263475203258,0 33.29147847614348,35.02621788446583,0 33.29156504528902,35.02620665574872,0 33.29165921992276,35.02601166681524,0 33.29178754672752,35.02601500909046,0 33.29186974410575,35.02613505006028,0 33.29207886065864,35.02618569081913,0 33.29245131822127,35.0260380110828,0 33.29254532517199,35.02602483740794,0 33.2925658808095,35.02614020298282,0 33.29281197923013,35.02619526672676,0 33.29253572111959,35.02651971855726,0 33.29254930984578,35.02660471765516,0 33.29260986228797,35.02668616099923,0 33.29275002382765,35.02672599655266,0 33.29292707485356,35.02677631656296,0 33.2930812423382,35.02687287403158,0 33.29352354258219,35.02736846940793,0 33.29346838564005,35.02742650370862,0 33.29364668614456,35.02790932719228,0 33.29371020533975,35.02813028003489,0 33.29366385475077,35.02826319567866,0 33.29356210732217,35.02847032580064,0 33.2935579620365,35.02858751588629,0 33.2930072855385,35.02858382853629,0 33.29316694185766,35.02950523829848,0 33.29292397365491,35.02974126770985,0 33.29355398814069,35.02990147350656,0 33.2940279387623,35.02992257671597,0 33.29470598191307,35.03001049970569,0 33.29490934001151,35.02995397884697,0 33.29500022425814,35.03068892137485,0 33.29505436483689,35.03070363973083,0 33.29485876673573,35.03125773085224,0 33.29531351900052,35.03124629296113,0 33.29570988852243,35.0306437303834,0 33.29626682681782,35.03092050848085,0 33.29520180058506,35.03215933467085,0 33.29537566628046,35.03227038287869,0 33.29556705878237,35.03236543392863,0 33.29574227397745,35.0323814245762,0 33.296214231593,35.0325583063997,0 33.29653304328506,35.03255556986621,0 33.29707766012295,35.03266443535577,0 33.2973659138439,35.03255010906033,0 33.2974689892788,35.03242373708684,0 33.29762793887847,35.03236672920709,0 33.29802463828994,35.03245178881479,0 33.29828639331986,35.03246665819306,0 33.29859418093501,35.03272882711543,0 33.29894694675884,35.03313716039227,0 33.29913299069616,35.03326859932925,0 33.29928960756261,35.03338354788951,0 33.29968335078481,35.03351109590773,0 33.29990570144464,35.03351948954953,0 33.300317513061,35.0334104729752,0 33.30049653343886,35.03333342541462,0 33.30072870477955,35.03298174671264,0 33.3008480031494,35.03311653582875,0 33.30097290572986,35.03393537148852,0 33.30118794112613,35.03467229756577,0 33.30153902202044,35.0346719250274,0 33.3016858773987,35.03459857123931,0 33.30170187783362,35.03451170591623,0 33.3016196770098,35.03418903743334,0 33.30156217151661,35.03405283807847,0 33.30169510709404,35.03354222081134,0 33.30193997569904,35.03353263363134,0 33.30220000198539,35.03349891959633,0 33.30239780309615,35.03349693498328,0 33.30265938914052,35.03353204029952,0 33.30292882692333,35.03353484925136,0 33.30331700276334,35.03353282402419,0 33.30363192276035,35.03364943540777,0 33.30372155485404,35.03322741474389,0 33.30444117567085,35.03340287003076,0 33.30504678590826,35.03360345620395,0 33.3052858560015,35.03366261182346,0 33.30539000797877,35.03363940954658,0 33.3055026572233,35.0335333165689,0 33.30564923165127,35.03348019734388,0 33.30579509649482,35.03348171381318,0 33.30586158768759,35.03350264393881,0 33.30596687473954,35.03358266966993,0 33.30619519594832,35.03351825528827,0 33.30631602964991,35.03354379760312,0 33.30649005656814,35.03366299445658,0 33.30691649536631,35.03376862655709,0 33.30733093759431,35.03404011339365,0 33.30746914824239,35.03406179123288,0 33.30768801263657,35.03396488384259,0 33.30796428661039,35.0340203837361,0 33.30820633463513,35.03404516485935,0 33.30852772337024,35.03405457743022,0 33.30885617825831,35.03409240190322,0 33.30907412629583,35.03406835059641,0 33.30929072484742,35.03395521875613,0 33.30945936318362,35.03372216694652,0 33.31013408877911,35.03316647670457,0 33.31037415593231,35.03315276980476,0 33.31060476286385,35.03310455780736,0 33.31076729315675,35.03316088597572,0 33.31077159035403,35.03341190921535,0 33.31047031906498,35.03357274078641,0 33.31027452130382,35.03380349001193,0 33.31040899632796,35.03392836212924,0 33.31028846618306,35.03427124545269,0 33.31053989872754,35.03473746215139,0 33.3109263143417,35.03469491093851,0 33.31102728220442,35.03453197231373,0 33.3109998281806,35.03415311524245,0 33.31155391948731,35.03315080569246,0 33.3116205904319,35.03315959099262,0 33.31175573198487,35.03303145246914,0 33.31193084334207,35.03307171682905,0 33.31210317459228,35.03293586712996,0 33.31220456981388,35.03293691425786,0 33.31253529186718,35.03299497782755,0 33.31269020385628,35.03327184966612,0 33.31283132677701,35.03346357820654,0 33.312882576626,35.03372321322947,0 33.31285576615511,35.03389297977731,0 33.31269311383001,35.0342475960442,0 33.31284350081204,35.0342896444895,0 33.31291407100268,35.03438552938326,0 33.31278844177555,35.03474663603447,0 33.31282232993342,35.03480772883443,0 33.31305386495796,35.03489112046297,0 33.31309258147402,35.03496238945869,0 33.31306898533385,35.03507148498474,0 33.31321177268752,35.03512966361765,0 33.31330895077866,35.03527646469501,0 33.31341887482019,35.0358000661034,0 33.3136432335739,35.0361043081192,0 33.31374756550589,35.03638664195783,0 33.31377364814177,35.03646169237878,0 33.31392580321594,35.03667254973252,0 33.31413185793089,35.03689658400704,0 33.31423167242193,35.03703053045979,0 33.31426906663754,35.037059041013,0 33.31436885365066,35.03718741936132,0 33.3143963087305,35.03723428505464,0 33.3144761617258,35.03736675511271,0 33.31462086945097,35.03757866207704,0 33.31485781188932,35.03789035267385,0 33.31510304042681,35.03827762046513,0 33.3150443678494,35.03831137225932,0 33.31498631491296,35.03840864441722,0 33.31493700483771,35.0384914143826,0 33.31498284629298,35.03860747189793,0 33.31498793163684,35.03862315958881,0 33.31498138532398,35.03864802506056,0 33.31495723366147,35.03866765752988,0 33.31490887043187,35.03867217836908,0 33.31488825445901,35.03867410591926,0 33.31487337287226,35.03867549666451,0 33.31483755758793,35.03867884552071,0 33.31480946713907,35.03870854980396,0 33.31480645969894,35.03881598765516,0 33.3148257174513,35.03889455572646,0 33.31486621739564,35.03903583978632,0 33.31531062787001,35.03995490679078,0 33.31544421135962,35.0400969844296,0 33.31564599762992,35.04042926024866,0 33.31570059441898,35.04064172919799,0 33.31566224256022,35.04066058206482,0 33.31496078596255,35.04100540502729,0 33.31518573296499,35.04137339868702,0 33.31532911531399,35.04159145755368,0 33.31536440799967,35.0417923475986,0 33.315067433256,35.04181264561823,0 33.31486923407633,35.04189940230636,0 33.31493851319011,35.04196154648185,0 33.31489266242581,35.04206892601018,0 33.3147921557659,35.04221104191948,0 33.31555637248879,35.04283220637292,0 33.31565190452012,35.04295306324708,0 33.31567448523355,35.0430097180486,0 33.3156201511366,35.04302127674753,0 33.31554414918489,35.04299836119618,0 33.31545446992015,35.0430710457775,0 33.3151238107125,35.0432088744255,0 33.31528993278856,35.04355815745861,0 33.31448179511813,35.04377487494564,0 33.31400347243158,35.04391522855568,0 33.31373303726385,35.04397904354983,0 33.31377372108449,35.044149028491,0 33.31388564124324,35.04444917491205,0 33.31397504183087,35.04455327537507,0 33.31318189682626,35.04506281209711,0 33.31298813996675,35.04523085750492,0 33.31342832602282,35.04579954628603,0 33.31370071755136,35.04566582205735,0 33.3139594679057,35.0459376014186,0 33.31439223333928,35.04567018248721,0 33.31446821892314,35.04567825245552,0 33.31466203117836,35.04584959781612,0 33.31471333319848,35.0459214635973,0 33.31479814203912,35.04601738686424,0 33.31505533534612,35.04617330162731,0 33.31522161950497,35.04620090106263,0 33.31526939449619,35.0462686436731,0 33.31522308603312,35.046381212998,0 33.31558305496027,35.04645929627947,0 33.31571082918359,35.04649593905741,0 33.31589240468067,35.04660350569585,0 33.31605477489489,35.04676091723322,0 33.31575389907007,35.04686871679791,0 33.31562850421127,35.04683415195399,0 33.31546201766459,35.04681158531558,0 33.31542318698208,35.04682867887446,0 33.31541491896357,35.04691305761865,0 33.31552375442533,35.04705494511266,0 33.3159282371423,35.047283269624,0 33.31605876602889,35.04743681313738,0 33.3162380141483,35.04751007559233,0 33.31635908990266,35.04752941622515,0 33.31642428397257,35.04756136637639,0 33.31646575999203,35.04760175161689,0 33.31635527009162,35.04781232665649,0 33.31629346780596,35.04788118291819,0 33.31623095172557,35.04793692630419,0 33.31600356130959,35.04802252503669,0 33.31550132570227,35.04805547905586,0 33.31537434102321,35.04799871531215,0 33.31536646727979,35.0479179292235,0 33.315357096936,35.04778170812152,0 33.31529074070292,35.0476238271569,0 33.31519217057988,35.04750235241445,0 33.31522925013816,35.04734320027041,0 33.31522489719202,35.047297761268,0 33.31510819226961,35.04723019229063,0 33.31504334823627,35.04722040634723,0 33.3149718160304,35.04731720136888,0 33.31494923104008,35.04739012418545,0 33.31490776438294,35.04747362274703,0 33.31480971791205,35.04764928108792,0 33.31458173733407,35.04796651923485,0 33.31442963132368,35.04810851430917,0 33.31437643076656,35.04845660784366,0 33.31439498553979,35.04864042161716,0 33.31424677107812,35.04874626588899,0 33.31421289369026,35.04876248717862,0 33.31412349214064,35.04875104084025,0 33.31395204326835,35.04866690024274,0 33.31390048919113,35.04863228765306,0 33.31388682026849,35.04857350200738,0 33.31392600276854,35.04845468231407,0 33.31390039841328,35.04838651406137,0 33.31364870492946,35.04818440044335,0 33.31348718428326,35.04806728494238,0 33.31331632741927,35.04799927454881,0 33.31312863749257,35.04798319197934,0 33.31307175513747,35.04798973342268,0 33.31303068779864,35.04803195085302,0 33.31300405806231,35.04820650400084,0 33.3130158140114,35.04828236210206,0 33.31306206131645,35.04841957624171,0 33.31322183696221,35.04867363815136,0 33.31328278952493,35.04871958280216,0 33.31334346323452,35.04877257090649,0 33.31325406019066,35.04888501907448,0 33.31325811981769,35.04896873302499,0 33.31320296655473,35.04902468028983,0 33.31294036811347,35.04915870982019,0 33.31325516067771,35.04957002125379,0 33.31347938247981,35.05003030004596,0 33.31295049880256,35.05023582987783,0 33.31273446629159,35.04997219364387,0 33.31268165815851,35.04987609638815,0 33.31243489784341,35.04958041592828,0 33.31226746248881,35.04920928418845,0 33.31223708053858,35.04919940984847,0 33.31222925209897,35.0492415090019,0 33.31157175597117,35.04918269086577,0 33.31162086692078,35.04875286144088,0 33.31158011501903,35.04857045726406,0 33.31118896615366,35.04880984791223,0 33.31100265341266,35.04866587009879,0 33.31081720386863,35.04874755753932,0 33.31056898788526,35.04855055226763,0 33.31016320036748,35.04826069969695,0 33.30977889017203,35.04857481377441,0 33.31033631153248,35.04913767937675,0 33.31070357616608,35.04956049150258,0 33.31098591909063,35.04985914821027,0 33.31120994335075,35.05016934865282,0 33.31102863427022,35.05039421210937,0 33.31085420369179,35.05056989804395,0 33.31112112968934,35.05085404863081,0 33.31156640156148,35.05067851619766,0 33.31193655779867,35.05140138933908,0 33.31200110333961,35.05150341236372,0 33.31228318999904,35.05144808512001,0 33.31254718848585,35.05140140423,0 33.31300510217233,35.05130915543128,0 33.31299102392938,35.05116774248594,0 33.31391926584232,35.05098087122098,0 33.31392811752577,35.05081992395736,0 33.31429602370926,35.0507309851018,0 33.31437781888823,35.0510273137362,0 33.31447396596801,35.051210191672,0 33.31433459372312,35.05127901989682,0 33.31412507337097,35.05140142767932,0 33.31403505832495,35.05144322860377,0 33.31383787766452,35.05160973545829,0 33.31372070349307,35.0518616407706,0 33.31364667891654,35.05182378702017,0 33.31324620825109,35.05219799968678,0 33.31317915284393,35.05221579007547,0 33.31312344963884,35.05222473347934,0 33.31305489300168,35.05229294655567,0 33.31292343396267,35.05207429849202,0 33.31267552442082,35.05220844276078,0 33.31248200355402,35.05233663772055,0 33.31241183428347,35.05241792872016,0 33.31216330355928,35.05220091625176,0 33.31201576193343,35.05227455926438,0 33.3118627965908,35.05199191075203,0 33.31153343505103,35.05209107168022,0 33.31137035759975,35.05165079989387,0 33.31102671947372,35.05177490040604,0 33.3107827746062,35.05190205730251,0 33.31074091620243,35.05185982502591,0 33.31050605266653,35.05201339572788,0 33.31030028574638,35.05214132470025,0 33.31032476106687,35.05218824027895,0 33.31018675465006,35.05231554229729,0 33.31004046740106,35.05243157058116,0 33.30989347181345,35.05232159844942,0 33.30938607356399,35.05273987127369,0 33.30911398792908,35.05286336921723,0 33.30884104134451,35.05297473839131,0 33.30867511767487,35.05313168700077,0 33.30873265245351,35.05322668231305,0 33.30857773688011,35.05334451198027,0 33.30799185255059,35.0530872945226,0 33.30788844959469,35.05304480915731,0 33.30781128678796,35.05303110964146,0 33.30756252529046,35.05286558981361,0 33.30743227981715,35.05285684448957,0 33.30734353678071,35.05277633494494,0 33.30722771248871,35.05273762856661,0 33.30671748534549,35.05263024763411,0 33.30646127698583,35.05280347567591,0 33.30626237167694,35.05299603181106,0 33.30595945407389,35.05308355560925,0 33.30584867001316,35.05312563540668,0 33.30562851622197,35.05320377328356,0 33.30545830875388,35.05325772983266,0 33.30541595483286,35.05327500483103,0 33.30535060682028,35.05332104778338,0 33.30481596426438,35.05329484052301,0 33.3047691678178,35.05325353263201,0 33.30457826171602,35.05304688025329,0 33.30457143862541,35.05302757824019,0 33.30460178720405,35.05291525775016,0 33.30460905240108,35.05287708528176,0 33.30468839963512,35.05277283559874,0 33.30462975264956,35.05254671938937,0 33.30462960858635,35.05250939933183,0 33.30461359922501,35.05234063588723,0 33.30453509800884,35.05233665941367,0 33.30425500141482,35.05234678560069,0 33.3041842975053,35.05228077193073,0 33.30407640040379,35.05224877082671,0 33.3039853353102,35.05225821602058,0 33.30386986849404,35.05224733043791,0 33.30374733078725,35.05220313169373,0 33.30356547894652,35.05219178282515,0 33.30328523720846,35.05218478744393,0 33.30327814652988,35.05215348997987,0 33.30291508026264,35.05206225251166,0 33.30264355853906,35.05204322070271,0 33.30222463301249,35.05201106228866,0 33.30202264321398,35.05191792441509,0 33.30193357276686,35.05184472759161,0 33.30182215226612,35.05179556667833,0 33.30151223521923,35.05180852085087,0 33.30099530763532,35.05174039633454,0 33.3005126206485,35.05182572120115,0 33.30016888740325,35.05190697577321,0 33.29983104281423,35.05188344322751,0 33.29949372981135,35.05193551019605,0 33.29940680806569,35.05189659878012,0 33.29932916278702,35.05191822966042,0 33.29923141780565,35.05198608510815,0 33.29928682238182,35.05210944514697,0 33.29949525634079,35.05230141194039,0 33.29949321210081,35.05252214312219,0 33.29959371096056,35.0525551022449,0 33.29971766997262,35.05257714036309,0 33.29981555357043,35.0526272164405,0 33.29987055047192,35.05279492777028,0 33.29999131625585,35.05289657303442,0 33.29998798056355,35.05299130026569,0 33.30014170360382,35.05311837845229,0 33.30025099726888,35.05326429692929,0 33.30035382915888,35.05331138654596,0 33.3003938190391,35.05337416309126,0 33.30034310066244,35.05340807914061,0 33.30042395422365,35.05357194383645,0 33.30052734737747,35.05369161481462,0 33.30075172665855,35.05402281221975,0 33.30093794590859,35.05435979268911,0 33.30106694521318,35.05450283286644,0 33.30129491947535,35.05471209030575,0 33.30150445375067,35.05478815760173,0 33.30161175620887,35.0548846758652,0 33.30176921351923,35.05500876437285,0 33.30178133060688,35.05502800288994,0 33.30191272234936,35.0551791273,0 33.30197980927338,35.05523705835569,0 33.30202853076057,35.05528679525946,0 33.30251114147025,35.05575087728628,0 33.30268460014081,35.055874073741,0 33.30270228304158,35.05595686158258,0 33.30276580600049,35.05600166385807,0 33.30303398958899,35.05611947897964,0 33.30317631950634,35.05628580767735,0 33.30337440146263,35.05654023543287,0 33.30354123220845,35.05671681911068,0 33.30371381627196,35.05693679579858,0 33.30374480341229,35.05704387575197,0 33.30382361408091,35.05716540550343,0 33.30375136968607,35.05726671979501,0 33.30396003750599,35.05744057859275,0 33.30401145530129,35.05749335650545,0 33.30384909328901,35.05757563702317,0 33.30376612269308,35.05761504465476,0 33.30398165215677,35.05775350928383,0 33.30421995219563,35.05784988614197,0 33.30429256973219,35.05792629183922,0 33.30437726838483,35.05801694379098,0 33.3044922320622,35.05805752543762,0 33.30453435016116,35.05811242766232,0 33.30459845928604,35.05818298722077,0 33.3046268823028,35.05822086091391,0 33.30468919907877,35.05836220943745,0 33.30478398385701,35.05844479694393,0 33.3045750801051,35.0586534466274,0 33.3045342757344,35.05868672023933,0 33.30444864428051,35.05873041493062,0 33.30437702352408,35.05865342993255,0 33.3042707147306,35.05856013245962,0 33.30409859892335,35.05839593321949,0 33.30392650090022,35.05823072590235,0 33.30367786563887,35.05816749954909,0 33.30353836087882,35.05820527545126,0 33.30336856662483,35.05821348210836,0 33.30332412499605,35.05830674276636,0 33.30331065502985,35.05846586988845,0 33.30331400842491,35.05848808408807,0 33.30344914212589,35.0586533432751,0 33.30358944802081,35.05876959024746,0 33.30364482790362,35.05881396350927,0 33.30370357113031,35.05877779320909,0 33.30373760450771,35.05879254348621,0 33.30381307335971,35.05882117543908,0 33.30388164922742,35.05883154031154,0 33.30389241582048,35.0588428269991,0 33.30386597532927,35.0589592109149,0 33.30388836224868,35.05899590732435,0 33.30394227516927,35.0590493244129,0 33.30401798589615,35.0590688928048,0 33.30404705169932,35.05908556373885,0 33.30406006395555,35.05910495481216,0 33.30405210334488,35.05912697289451,0 33.3040271804089,35.05913960108411,0 33.30398654673129,35.05914185549473,0 33.30388783428545,35.05910875317382,0 33.3038461898343,35.05919563219569,0 33.30378365150162,35.05923576386989,0 33.30378643047991,35.0592700773808,0 33.3038957272155,35.05936787215105,0 33.30389255287627,35.05944137335803,0 33.3039415319823,35.05963477179296,0 33.30401874380467,35.05969064901435,0 33.30402945770713,35.0597039513834,0 33.30402764320468,35.0597260874674,0 33.30403166341015,35.0599458540355,0 33.30406548932176,35.0599686642858,0 33.30411301878964,35.05998467866036,0 33.30412493590467,35.05999901282789,0 33.3041209825314,35.06000901582337,0 33.30408865498747,35.06002251442496,0 33.30403757409077,35.06004775137177,0 33.30401526932513,35.06010074285529,0 33.30399616765266,35.06012557782906,0 33.3039650162302,35.06014111335178,0 33.30389344194165,35.06015084677513,0 33.30388746123293,35.06023740568557,0 33.30390881232629,35.06031339554247,0 33.30397606135747,35.06032776776406,0 33.30406310740238,35.06033747598488,0 33.3040644731913,35.06037882315839,0 33.30408956241737,35.06040650851578,0 33.30414228095103,35.06045890448727,0 33.30415014843592,35.06062635859476,0 33.30412084030755,35.06066511268093,0 33.30407026668723,35.06071757469643,0 33.30397224041889,35.06079736300796,0 33.30395679870804,35.06082327680917,0 33.30403541715269,35.06101223623794,0 33.30410799243026,35.06110432131051,0 33.30421404840165,35.06118595250393,0 33.30421216365862,35.06135021750085,0 33.30423009468883,35.06136970798738,0 33.30425435744142,35.0613822624305,0 33.30430339798392,35.06139075964415,0 33.30431311526191,35.06139244344749,0 33.30432677637457,35.06139070099463,0 33.30444390885826,35.06137576089217,0 33.30453392808381,35.06136626388276,0 33.30454581846205,35.06139015126338,0 33.30459563001082,35.06149022382985,0 33.30458770565333,35.06165751020525,0 33.30454583368137,35.06180400775488,0 33.3045592490653,35.06185770378454,0 33.30470785817679,35.06201771744712,0 33.30469304703884,35.06206787780136,0 33.30474063952246,35.06237633403514,0 33.304787793964,35.06245887255718,0 33.30475813347503,35.06246338023551,0 33.30473257937714,35.06250023295827,0 33.30471041092601,35.062549248969,0 33.30470641905627,35.06260968530828,0 33.30472391411045,35.06269672880322,0 33.3047594757636,35.0627508180704,0 33.30479680507609,35.0627837629161,0 33.30484167045037,35.06281079085753,0 33.30498482262124,35.06284564386731,0 33.30501525354806,35.06285930310311,0 33.30505960750136,35.0629064914788,0 33.30516777889947,35.06305869992808,0 33.30528421689627,35.06307895197288,0 33.30535750703627,35.06334447647482,0 33.30530828743539,35.06334358808022,0 33.30528145143848,35.06338242995537,0 33.30511996706981,35.06329380267576,0 33.30490985723688,35.06322950760115,0 33.30478720521368,35.0633089726372,0 33.30454365753609,35.0635445659108,0 33.3045532005704,35.06360523777615,0 33.30466923045491,35.06388462096939,0 33.30465911346487,35.06394392788244,0 33.30468534699695,35.06402607276458,0 33.30467225140458,35.06405709267061,0 33.30473465235992,35.06412073350548,0 33.30486090181355,35.06438516159335,0 33.30491969144309,35.06449410565931,0 33.3049127545815,35.06457362962041,0 33.30453350699681,35.06461420671468,0 33.3044430774146,35.06461926078656,0 33.30379286188322,35.06511126925268,0 33.30381299495007,35.06523368853945,0 33.30398778308521,35.06532271415873,0 33.30404704215096,35.06531475397973,0 33.30422653473206,35.06536554300131,0 33.30424233307813,35.06537290037939,0 33.30432696703289,35.06547535821588,0 33.30436158487537,35.06551534822083,0 33.30453338665397,35.06554770143541,0 33.30459442293557,35.06557602024026,0 33.30463756606353,35.06562216434354,0 33.30453336379713,35.06571807503242,0 33.30434766137548,35.06590589459167,0 33.30433284105719,35.06594171430191,0 33.30425133011829,35.06597516653446,0 33.30418091908561,35.06590588017431,0 33.30333146180155,35.06516106696478,0 33.30326172173454,35.06547141339423,0 33.30350427583137,35.06569587356804,0 33.30357941631301,35.06573864601792,0 33.30370505380765,35.06582574432174,0 33.30370051331433,35.06590583549854,0 33.30400468115287,35.06619416418587,0 33.30406333004834,35.0662518050185,0 33.30424718261582,35.0663188085155,0 33.30428708410834,35.06635759992308,0 33.30391778573436,35.06623061607291,0 33.30379271399308,35.06643463629213,0 33.30360373870575,35.06663543604326,0 33.30357235854594,35.06683862023486,0 33.30351039538187,35.06684558638003,0 33.30337805448047,35.06723942331426,0 33.3030711012545,35.06741084450614,0 33.30272745246258,35.06762547743631,0 33.30269112697835,35.06751705501241,0 33.30243095616537,35.06754549547775,0 33.30235731308777,35.06756418870322,0 33.30232220225559,35.06779247630373,0 33.30232139937967,35.06816852373255,0 33.30196685803489,35.06833219047977,0 33.30191859016568,35.06833658964641,0 33.30188022412668,35.06831605899401,0 33.30184008217309,35.06825806459116,0 33.3016864189539,35.06815571818628,0 33.30146505865151,35.06843718960508,0 33.30156885269915,35.06845492380289,0 33.30163929259323,35.06847453828237,0 33.30172072446775,35.06854406459121,0 33.30179646206007,35.06862855585782,0 33.30189532691585,35.06867038059793,0 33.30214061011069,35.06873949598288,0 33.30218237818175,35.06871768859769,0 33.30233806706791,35.06875641926416,0 33.30264231630635,35.06885284098718,0 33.30285976478422,35.06896041826523,0 33.30304707960967,35.06907908391197,0 33.30333178660641,35.06922031781151,0 33.30342495878524,35.06927710637596,0 33.30364498653839,35.06935848972189,0 33.30370505997736,35.0694121149353,0 33.30387018048562,35.069459257238,0 33.30424330614724,35.06972584422628,0 33.30431820284296,35.06975470978645,0 33.30453282208205,35.06989427327889,0 33.30464938964803,35.0702173814832,0 33.30468020992372,35.07036222336847,0 33.30483680229565,35.07052689578968,0 33.30509093236826,35.07085484444704,0 33.30521372054242,35.07091503206183,0 33.30530898474854,35.07094829421963,0 33.305509223175,35.07093709384613,0 33.30576982405145,35.07086174516057,0 33.30599189630519,35.07083317550434,0 33.30614027401296,35.07087998645184,0 33.30619142137613,35.07106290729528,0 33.30631097666141,35.07114933577938,0 33.3065035938903,35.07119466619937,0 33.30685502023812,35.071250404381,0 33.30676245982738,35.07130178829958,0 33.30672097455271,35.07132037308498,0 33.30668024564869,35.07138229497935,0 33.30661815853516,35.07141823444242,0 33.30659702887178,35.0714759151891,0 33.30655714331869,35.0715156502343,0 33.30646908148026,35.07154279257686,0 33.30643515056543,35.07157137738098,0 33.30642513849686,35.07163196140251,0 33.30644746256494,35.07171336929541,0 33.3064230850692,35.07179628065113,0 33.30634496567589,35.07182936423633,0 33.30631244055302,35.07186801063135,0 33.30624774114882,35.07203601349394,0 33.30625525791648,35.07211454994473,0 33.30622278669016,35.07215621861569,0 33.30619816424297,35.07222501621657,0 33.30607924982633,35.07224542869075,0 33.30601255198761,35.07236909686512,0 33.30600508990007,35.07243468716823,0 33.30586936921462,35.07240790780353,0 33.30583874178926,35.07241427960403,0 33.30575644863538,35.07248973342823,0 33.3057034882258,35.07262534567266,0 33.30574769284258,35.0726924012212,0 33.30569980526504,35.07276647924705,0 33.30570560240808,35.07281680854118,0 33.30569173104802,35.07286734605767,0 33.30564403387528,35.072881960983,0 33.30557632095014,35.0729471775502,0 33.3055705999432,35.07304197011047,0 33.3053516241205,35.07315843968382,0 33.30530481845405,35.07319904627123,0 33.30522605797999,35.07321709608296,0 33.30518907430184,35.07327360677215,0 33.30516328113325,35.07324325440012,0 33.30510668736272,35.07324618935765,0 33.30507467682594,35.07326431796571,0 33.3050316353571,35.07325313152013,0 33.30494060063227,35.07325398601757,0 33.30498831808341,35.07344600937529,0 33.30515799608646,35.07351095663512,0 33.30513790268824,35.07381297413528,0 33.30522031585965,35.07382018899757,0 33.30522996515083,35.07396163422109,0 33.30550433225162,35.07394191280243,0 33.30551036601897,35.07402779051056,0 33.30568629632406,35.07402709212204,0 33.3059468874723,35.07419626028095,0 33.30591745330754,35.07502052215458,0 33.3059587344562,35.07541758575599,0 33.30593115123271,35.07579127544998,0 33.30585610967054,35.07578810425257,0 33.30578035363032,35.07630410504563,0 33.30580838008991,35.07650010687507,0 33.30569393435707,35.076526145138,0 33.30574775357263,35.07675148332245,0 33.30556581410562,35.07665719621791,0 33.30497927375058,35.07648738081773,0 33.30469279662466,35.0763949155712,0 33.30453197974635,35.07638350467223,0 33.30400200336533,35.0763382294459,0 33.30356506678995,35.07623821606264,0 33.30353539994591,35.07648930841443,0 33.30286026824033,35.0768988753808,0 33.30254774557333,35.07713196377605,0 33.30190370786669,35.07745115426668,0 33.30213245490881,35.07800076065161,0 33.30119695194436,35.07838560724818,0 33.301389340143,35.0792023683876,0 33.30151911006507,35.08030096428442,0 33.30185704389989,35.08012506494413,0 33.30220424127817,35.07992812155439,0 33.30284635439995,35.07947042881311,0 33.30293610570264,35.07947736186682,0 33.30303493859812,35.07967557520095,0 33.30322551234047,35.0801861263523,0 33.30338050765464,35.08041062472773,0 33.30359704105236,35.0807726252404,0 33.30411458317068,35.08058703129859,0 33.30449953354837,35.08041072816795,0 33.30453146047361,35.08038436644071,0 33.3047967281599,35.08027739024605,0 33.30486542113391,35.08041075992607,0 33.3049567810797,35.08057178196266,0 33.30487690334806,35.08060741188164,0 33.30489805272403,35.0806940826272,0 33.30537117566303,35.08133842101157,0 33.30580392604664,35.08198959371853,0 33.30599475352425,35.08226335237502,0 33.30558747730217,35.0823421684356,0 33.3055951487822,35.08255353548297,0 33.3052769974698,35.08279767909033,0 33.30520490121123,35.08290983657808,0 33.30520152409618,35.08300238666789,0 33.30528169283562,35.08306135442093,0 33.30528148277992,35.0832042430624,0 33.30534576820144,35.08338284369007,0 33.30538915150157,35.08344958851439,0 33.30549000984151,35.08364256189734,0 33.30527327676781,35.08365601408025,0 33.30519043393427,35.08337563220344,0 33.30500664981176,35.08339939876333,0 33.30478325937491,35.08358990668766,0 33.30486023539979,35.08384407792712,0 33.30505734840054,35.08383350086058,0 33.30528604001244,35.08384731549229,0 33.30544613041243,35.08411320996236,0 33.30533821561111,35.08413553384656,0 33.30545392243165,35.08431253650569,0 33.30562580067335,35.08438027447168,0 33.30571969028338,35.08453699150942,0 33.30568088143902,35.08474603912844,0 33.30536836342245,35.08478993647383,0 33.30529939817476,35.08458912609849,0 33.30521853457138,35.08447679478532,0 33.30519030020287,35.08448563567312,0 33.30520714937482,35.08463572058032,0 33.3052135920513,35.08484712131459,0 33.30527333179439,35.08499150499101,0 33.30536118904325,35.08513912691498,0 33.30543251692624,35.08547081885916,0 33.30583591038971,35.08588764488344,0 33.30613915310272,35.08640943388439,0 33.30622659683699,35.08660139026789,0 33.30644989574882,35.08655078796237,0 33.30663041019666,35.08674046080745,0 33.30673543616977,35.08676645328797,0 33.30685429868438,35.08675530319223,0 33.30702348540733,35.08697812463827,0 33.30630466054725,35.08712047328687,0 33.30634775420718,35.08734129747529,0 33.30642623170071,35.08766332464226,0 33.30643576337424,35.08769810221578,0 33.30631126208795,35.08771438435619,0 33.30631516835686,35.08773667448531,0 33.30476165599251,35.08797653117096,0 33.30453046843789,35.08802098002424,0 33.30424051987592,35.08805872786216,0 33.30357964040073,35.0882473042669,0 33.30289524850536,35.08833052034384,0 33.30302258732091,35.08878595087317,0 33.30320161479649,35.08874769099982,0 33.30332587396342,35.08914763353906,0 33.30324505282798,35.08918208026287,0 33.30326359588679,35.08924443583097,0 33.30337210410497,35.08960931675786,0 33.30321634501328,35.08964810461782,0 33.30324219857203,35.08975755411691,0 33.30329447078972,35.0898464376591,0 33.30340930576008,35.09012221991491,0 33.30300712447078,35.09023502207319,0 33.30309183585369,35.09041940296638,0 33.30319376845082,35.09060216326764,0 33.30351959971856,35.09049971682907,0 33.30393272691463,35.09117950363771,0 33.30436465238771,35.09105830284555,0 33.30444785566132,35.09121444175714,0 33.30453003675746,35.09134215991078,0 33.30461083279169,35.09149106372014,0 33.30453001415309,35.09152164063058,0 33.30419540250592,35.09162302109553,0 33.30423997372569,35.09172283778891,0 33.30419526867193,35.09173996316057,0 33.30429059383872,35.09190042105443,0 33.3042339385977,35.09194550211033,0 33.30451344242329,35.09243783390924,0 33.30399562380865,35.09263469770017,0 33.30369153337785,35.09214482585098,0 33.30377485201613,35.09210942700349,0 33.30363115503226,35.09185309868651,0 33.30357757738062,35.09187909428842,0 33.30349263058978,35.09173904031364,0 33.30291398960167,35.0919597065214,0 33.30287987121409,35.09191557758489,0 33.30226481950625,35.09216262306484,0 33.30165312806535,35.09245711810527,0 33.30135951848413,35.09258649560398,0 33.30128963422428,35.09247400383322,0 33.3008857237503,35.09256456275589,0 33.30105596854919,35.09294449013412,0 33.30092394876478,35.09300699620047,0 33.30114233552414,35.09386390935996,0 33.3007654589713,35.09398935921124,0 33.30043183466823,35.09410470680236,0 33.30045065736197,35.0942785511262,0 33.30051306483119,35.09450683533915,0 33.30065280461931,35.09477017380673,0 33.30048686347235,35.09481980031889,0 33.30037087233973,35.09458019824701,0 33.29905640993156,35.0945439610751,0 33.29919431744935,35.09415292822354,0 33.29830674249428,35.09388958856226,0 33.29793250954238,35.09378724314252,0 33.29786136631769,35.09430983272816,0 33.29780384981905,35.09441839918536,0 33.29776672712052,35.09454054034291,0 33.29769981270312,35.09452488851209,0 33.2974887970632,35.09467831886714,0 33.29763839273483,35.09491480528123,0 33.29769379177861,35.09500051684163,0 33.29769898923203,35.09508318408655,0 33.29733193026117,35.09502688938269,0 33.29739993262605,35.09525840834854,0 33.29734026051347,35.09536024092029,0 33.29723787683038,35.09522441153072,0 33.29685126111518,35.09497861847511,0 33.29677813684266,35.0948830920952,0 33.29668490865934,35.09477980324426,0 33.29664369863657,35.09469114765489,0 33.29661107219891,35.0945280894172,0 33.2965787705703,35.09442955959971,0 33.29660173867887,35.09421636956059,0 33.29664541643913,35.09411858052655,0 33.29674723498438,35.09396769046637,0 33.29684328698892,35.09388017814545,0 33.29692230276459,35.09364005549276,0 33.2969128428117,35.09355516223201,0 33.29686137395475,35.09344309425639,0 33.29673300524099,35.09328390306182,0 33.29664770702623,35.0931569498571,0 33.29663721771959,35.09310328483137,0 33.29668865013382,35.09291899190598,0 33.29683188066555,35.09273882086877,0 33.29691509250774,35.09258189707582,0 33.29700265215991,35.09260727097004,0 33.29706165623321,35.09252548752022,0 33.29697389234625,35.09244406268284,0 33.29681151677772,35.09212954089128,0 33.29586731081334,35.09243850367253,0 33.29589599146421,35.09257221016812,0 33.29538949627872,35.09276621254811,0 33.29553188072809,35.09309404468926,0 33.29544365612466,35.0931303232985,0 33.29558265152387,35.09356090452773,0 33.29573361409136,35.09392625649313,0 33.29509595801377,35.09415655362294,0 33.29516452925103,35.09427002386643,0 33.29486892436061,35.0943872151654,0 33.29482520371493,35.09433782325731,0 33.29465219934442,35.09438021343529,0 33.29456033223396,35.09441539782564,0 33.29451108130001,35.09438503177679,0 33.29427594889803,35.09411955151038,0 33.29417748679587,35.09405781398844,0 33.29414514505711,35.09408070984001,0 33.2938423785227,35.09429505195262,0 33.2937477654111,35.09433924296138,0 33.2936517608406,35.09438844279554,0 33.29352704386419,35.09449040578397,0 33.29346400641181,35.09454338729881,0 33.29306001329898,35.09478810653564,0 33.29309114772212,35.09491406280802,0 33.29314412514091,35.09503052038928,0 33.29333869765289,35.09528993530107,0 33.29370048274454,35.09562387646403,0 33.29359552157327,35.09565623977638,0 33.29352487490973,35.09561737076048,0 33.29338759742904,35.09550943647607,0 33.29324757013173,35.09542767570919,0 33.29322034636352,35.09545062924299,0 33.29310359875257,35.09547788800514,0 33.2930692258587,35.09548264399852,0 33.29285711019637,35.09559779329291,0 33.29246632117621,35.09576896416031,0 33.29240999406949,35.09579363548429,0 33.2916393654407,35.09609663355592,0 33.29157804688061,35.09610016041201,0 33.29158568985475,35.09618384784273,0 33.29166345287508,35.09624392906729,0 33.29172734095992,35.09633915894156,0 33.29177088053865,35.0963908987576,0 33.29184681140782,35.09661417097189,0 33.29164278235909,35.09666689587935,0 33.29172502741475,35.09698288909297,0 33.29150947774614,35.09718963921129,0 33.29140274492691,35.09730964082472,0 33.29129277200875,35.09733592877104,0 33.29086772905536,35.09741516176627,0 33.29087849019876,35.097468756299,0 33.2909385068442,35.09772766478729,0 33.29059896855564,35.09789477737894,0 33.29032628771985,35.09758435868654,0 33.29013989731865,35.09766935075566,0 33.2901726849359,35.09774527283627,0 33.28907252310539,35.09810274062336,0 33.28850155590293,35.09827984565483,0 33.28817080799057,35.09842676780507,0 33.28798854684092,35.09823498428459,0 33.28760697457168,35.09844429046964,0 33.2880668762689,35.09934650918691,0 33.28821843252932,35.0995270357277,0 33.28833312446677,35.09969728624145,0 33.28849704453447,35.09991029234294,0 33.28855761059062,35.09989593118717,0 33.28859109697834,35.10008813109496,0 33.2886974799195,35.10009007907406,0 33.28873840193227,35.10034103310881,0 33.28882166713547,35.10033759602511,0 33.2888538736123,35.10060670622157,0 33.28888448403265,35.10060552095223,0 33.28890523363864,35.10081253510608,0 33.28906328138748,35.1008051454377,0 33.28909307412322,35.10103959851728,0 33.28922685639889,35.10102704462813,0 33.2892665505298,35.10114777390222,0 33.28936826250523,35.1011323830128,0 33.28938455021787,35.10131853558607,0 33.28940532930908,35.10147234118508,0 33.2893794130903,35.10147633499004,0 33.28940127489662,35.10161154824385,0 33.28937582869009,35.10164644212774,0 33.28930438717607,35.10161075186546,0 33.28923155250066,35.10158648393343,0 33.28907404796953,35.10153223508213,0 33.28895056650796,35.10150846541519,0 33.28864693476945,35.10140434036705,0 33.28845638817538,35.10134119674369,0 33.28833913865967,35.10130538051838,0 33.2882847310594,35.10129691496203,0 33.28807544593414,35.10125787930821,0 33.28798674100048,35.10123399627599,0 33.28788283264416,35.10120161563901,0 33.28781996192436,35.10116566977953,0 33.28776346886936,35.10115892882793,0 33.28769660928258,35.10117799455215,0 33.2876360476499,35.10120392034574,0 33.28754633792192,35.10126773025446,0 33.28749414276303,35.10129363613447,0 33.28745647830763,35.10128856937912,0 33.28738942441126,35.10125263231304,0 33.28732230533458,35.10119778920934,0 33.2872257427567,35.10109660677412,0 33.2871375699887,35.10100228033969,0 33.28697239399688,35.10101642150286,0 33.28685038409214,35.10102972026532,0 33.28655028820965,35.10104522652122,0 33.28647155178761,35.10103979500123,0 33.28626863200582,35.10101456970106,0 33.2860326901998,35.10095484391323,0 33.28569416812254,35.10076130094501,0 33.28546095309305,35.10065815844937,0 33.2853440922898,35.10064951318731,0 33.28523716467819,35.10068441135595,0 33.28523334002843,35.10085602523437,0 33.28526735894589,35.10092991934509,0 33.28512672204671,35.1009878159539,0 33.28483726358999,35.10103185861155,0 33.28469067727637,35.10105639491732,0 33.2845216648461,35.10112728005166,0 33.28436311044543,35.10109519949233,0 33.2840650582286,35.10113818598307,0 33.28377880916418,35.10126707275094,0 33.28362163178634,35.1014188051644,0 33.28343056305004,35.10168348024136,0 33.28336985194788,35.1017538770779,0 33.28324118856514,35.10187039640191,0 33.28313001749679,35.10194256327159,0 33.28305834666073,35.10199371702232,0 33.28311700846915,35.10213848426942,0 33.28304457104267,35.10214878613856,0 33.28305095565172,35.10216397800449,0 33.28305132282745,35.10216485241551,0 33.28309989803754,35.10218776730002,0 33.28319864276459,35.10221915451579,0 33.28325218855432,35.1022419513622,0 33.28328473960227,35.1022745766282,0 33.28332467566815,35.10230527364055,0 33.28338931254769,35.10232416934956,0 33.28341481040287,35.10233857556091,0 33.28344255926409,35.10236509865313,0 33.28352262778996,35.1024144033033,0 33.28353580835711,35.10243269451989,0 33.2835542013398,35.10250646698806,0 33.28359767889565,35.10254526560294,0 33.28363349078266,35.10260311899195,0 33.28355789198331,35.10265462656033,0 33.28335003813813,35.10270055163431,0 33.283241111612,35.10276678208165,0 33.28318490374033,35.10283161471418,0 33.28314241839963,35.1028814942511,0 33.28311308219451,35.1031007962334,0 33.28310356328953,35.1031581138157,0 33.28307119519621,35.10326352353254,0 33.28294290240813,35.10331541694365,0 33.28283455931145,35.10334638434654,0 33.28253681072708,35.10319578971209,0 33.2824194147407,35.10325586991299,0 33.28236107218265,35.10330152965833,0 33.28233370935509,35.10340095118004,0 33.28233693812162,35.10342819235118,0 33.28232756945066,35.10347644224883,0 33.282265635586,35.10351702185675,0 33.28213903240119,35.10346616609388,0 33.28208307603251,35.1035158828016,0 33.28204829963055,35.10369379816252,0 33.28204554005802,35.10378745916134,0 33.28207267696384,35.10385124822652,0 33.28213314095264,35.10390031634818,0 33.2821908260339,35.10404405145417,0 33.28221490177857,35.10414507759605,0 33.28228099324635,35.10422443249666,0 33.2823789734692,35.10437669655448,0 33.28235732064059,35.10442681122733,0 33.28236639477085,35.1044712430669,0 33.28237848030084,35.10448145852801,0 33.28244673797806,35.1045034164941,0 33.28255766132077,35.10461351840107,0 33.28265952403233,35.10460363498279,0 33.28272890845473,35.10463164943163,0 33.28280943307008,35.10465274388074,0 33.28283777655501,35.10471754944211,0 33.28287679738293,35.10472908928036,0 33.28304834399135,35.10487818032098,0 33.28306423776353,35.10488038231269,0 33.28316643253948,35.10485035571612,0 33.28317974239886,35.10486058626497,0 33.28320381402518,35.10488706029778,0 33.28324013616366,35.1049136787767,0 33.28328264889583,35.10508542669948,0 33.28330382340262,35.10513906421846,0 33.28321911054251,35.105074605904,0 33.28316676445115,35.10505384434101,0 33.28312877027251,35.10505440451216,0 33.28302952241826,35.1050542450355,0 33.28293010973459,35.1050641573011,0 33.28289802608688,35.10507788310245,0 33.28286485141619,35.10515807861014,0 33.28279970899576,35.10524494879431,0 33.28274428327563,35.10526242928287,0 33.28252487183676,35.10541698701185,0 33.28249110218469,35.10553343484865,0 33.28249335692102,35.10562008741095,0 33.28248606163275,35.10576605507683,0 33.28249784186632,35.10616808107177,0 33.28254082286925,35.10638614339879,0 33.28259126863938,35.10659723934499,0 33.28260908176286,35.10663169292039,0 33.28261338631467,35.10666800243435,0 33.28265773610817,35.10672794726497,0 33.28265723929535,35.10675815552052,0 33.28256838035414,35.1067973954475,0 33.28246998740518,35.1068949362804,0 33.28238436078859,35.10703593394171,0 33.28233094391086,35.10708062488177,0 33.2822524839236,35.10715825477759,0 33.28218503086305,35.10723702272101,0 33.28217515273188,35.1073164669993,0 33.28219174291375,35.10742542758084,0 33.28218921441323,35.1075049566093,0 33.28223462142963,35.10757498047566,0 33.28223893290069,35.10776032972816,0 33.28225496227589,35.10790351897096,0 33.28234352736123,35.10810596734061,0 33.28231787455822,35.10825067425348,0 33.28232393885597,35.10840380938174,0 33.2823445479026,35.10841714369182,0 33.28236490848175,35.10844557896668,0 33.28237906110256,35.10847897562589,0 33.28240204092342,35.10857188792675,0 33.28228186960445,35.10857852633039,0 33.28217356261909,35.1089075274198,0 33.28216345076327,35.10892653911687,0 33.28213759633336,35.10893429010338,0 33.28211187429534,35.10893398669491,0 33.28139889730026,35.10878258642852,0 33.28147970685018,35.10856100487439,0 33.2814925148072,35.10852691993517,0 33.28161328485072,35.10833399861128,0 33.28145812034149,35.10830799996671,0 33.28131022360826,35.10851167749118,0 33.28107263181392,35.10888144084671,0 33.28106379499647,35.10889744690613,0 33.28097806164976,35.10897094544449,0 33.28092961237464,35.10893714585009,0 33.28096507596651,35.10886607416924,0 33.28112701738131,35.1086273285739,0 33.2809386189823,35.10861100632555,0 33.28087846971717,35.10861835245623,0 33.28085475308733,35.1086452594502,0 33.28075317319012,35.10863902442625,0 33.28074170537769,35.10866607700314,0 33.28078558346978,35.10882971798075,0 33.28077243084165,35.10888494346643,0 33.28075555332957,35.10894314501216,0 33.28077090031628,35.10897856816143,0 33.28077115453556,35.10903797848069,0 33.28074770933829,35.10912328795656,0 33.28074733022397,35.10914644240312,0 33.28076032542852,35.1091757955081,0 33.28083863895343,35.10925626490118,0 33.28088833110172,35.10928907190407,0 33.28094768126632,35.10925553901105,0 33.28097080503185,35.10926487448727,0 33.2809824609731,35.10930125985175,0 33.28099256917263,35.10941307592475,0 33.28110290273566,35.10996562212645,0 33.28106113758816,35.11017430566511,0 33.28100439800787,35.11018623933172,0 33.28092156358126,35.11029233231893,0 33.28088764379132,35.11036114687516,0 33.2808775692378,35.11041131013125,0 33.28082382543609,35.1106106764321,0 33.28081572464763,35.11063569484326,0 33.28077472082454,35.11073659966858,0 33.28081117559245,35.11095292252386,0 33.28097046759719,35.11107807718297,0 33.28101602675271,35.11111225302278,0 33.28105572541738,35.11117854336668,0 33.28105825011085,35.11129947669167,0 33.28114589283759,35.11144330761098,0 33.28115604139428,35.1115140283573,0 33.28114342659393,35.11156715774032,0 33.28106694352186,35.1117892147976,0 33.28107583201162,35.11190221629158,0 33.28108056238236,35.11207254703591,0 33.28114522967039,35.1122058279466,0 33.28117932246776,35.11241906518598,0 33.28119407577187,35.11245865053387,0 33.28129325159122,35.11258558472035,0 33.28139767102193,35.11282443262309,0 33.28144675377361,35.11286371469551,0 33.28156275081278,35.11320754773257,0 33.28169444136726,35.11392940254486,0 33.28176644419487,35.11414540981666,0 33.28194403209056,35.11456098556266,0 33.28111108670832,35.11479067675525,0 33.28117470228035,35.11495916808918,0 33.28107813424527,35.11503272512232,0 33.28112631481319,35.11510219842818,0 33.28077478627105,35.11517657338198,0 33.28054989703217,35.11523901712979,0 33.28046710907012,35.11506355868749,0 33.28042231574958,35.11503864015189,0 33.28035219921777,35.11503496143462,0 33.27991147530767,35.115157275058,0 33.27975780393469,35.11520393869379,0 33.27971795204958,35.11522308730778,0 33.27970327002969,35.11525983460019,0 33.27971438690592,35.11530691829318,0 33.27974924105225,35.11541237371834,0 33.27970698142788,35.11555552545752,0 33.2797565593876,35.11570156701223,0 33.27974767211133,35.11583533020168,0 33.27965454019156,35.11591701156241,0 33.27943103904166,35.11593156367924,0 33.27934337848911,35.11599422151209,0 33.27944471076577,35.11604866731451,0 33.27933789724649,35.11613711528294,0 33.27932240196943,35.11632814472819,0 33.2794233694329,35.11643595828868,0 33.27938155684397,35.11660529563812,0 33.27948760897358,35.11666797568921,0 33.27957382353672,35.11675380265884,0 33.27950201375954,35.11686732018458,0 33.27933924022253,35.11699117011766,0 33.27925775012928,35.11692609601072,0 33.2792258453956,35.11688415582794,0 33.27918017518249,35.11693971467567,0 33.2790829039287,35.11700032211203,0 33.27891165418285,35.11707763692038,0 33.27886626240367,35.11707978213819,0 33.27882903892791,35.11705285800651,0 33.27875026254284,35.11715312420106,0 33.27865770051879,35.11722087042622,0 33.27857376093045,35.11724343086863,0 33.27849612785208,35.11717238908763,0 33.27849589062242,35.11696276202971,0 33.27854037787326,35.11686183383517,0 33.2784554899988,35.11683096547421,0 33.27844447570297,35.11669973689685,0 33.27832107700129,35.11669033736787,0 33.27831808273289,35.11666762608083,0 33.27829072063512,35.11656479959446,0 33.27823521823787,35.11649417375688,0 33.27804759060925,35.11650710588444,0 33.27764583067743,35.11655915816413,0 33.27765662753783,35.11666742307185,0 33.27767097848692,35.11672611056022,0 33.27774193435518,35.11686745719351,0 33.27774422282798,35.11691886640435,0 33.27782555448337,35.11712990492826,0 33.27787731632262,35.11730110138401,0 33.27775128581084,35.11724734636946,0 33.2775827048188,35.11731666762202,0 33.27753355859874,35.11723012519579,0 33.27738269886257,35.11727863177107,0 33.27715832848238,35.11737106956593,0 33.27720827044812,35.11760971463338,0 33.27717285031892,35.11765033820816,0 33.27730268644104,35.11788886812197,0 33.27723759341599,35.11791471612361,0 33.27716950264445,35.11793198233988,0 33.27709952359739,35.1179508068599,0 33.27698226624489,35.11798373912943,0 33.27681205738789,35.11803234599211,0 33.27640737371317,35.11815925998741,0 33.27629962316662,35.11820461293902,0 33.27610301051095,35.11828283251288,0 33.27592913519047,35.11836722242418,0 33.27572126767026,35.11847657544933,0 33.27549451063863,35.11859841497095,0 33.27523749666871,35.1187296550379,0 33.27464756609336,35.11893942089893,0 33.27436387990524,35.119020945661,0 33.27424980625745,35.11904222551125,0 33.274144420329,35.11906188380649,0 33.27391362452952,35.11910906868162,0 33.27393064693385,35.11914091928314,0 33.27358954757729,35.11920189549582,0 33.2732328990659,35.11922646552816,0 33.27288965774061,35.1192240693924,0 33.27266790856978,35.11922456840403,0 33.2725637878717,35.11922638724451,0 33.27235928137252,35.11919357599308,0 33.27203903733225,35.11914834861086,0 33.27197540000735,35.1191469067382,0 33.27186348696087,35.11912497686894,0 33.27180364796015,35.11910609858703,0 33.27161653860809,35.11908592175155,0 33.27147195053758,35.11909575188791,0 33.27127527379926,35.11909777596913,0 33.27110565029229,35.11911716793065,0 33.27090327782381,35.11914613908579,0 33.27070474567456,35.11917034730713,0 33.27055451503,35.11922296701656,0 33.27048319560537,35.1192310477436,0 33.27030960966823,35.11921876027765,0 33.27016306226395,35.11921908698567,0 33.27008208085613,35.1192208521203,0 33.26998189468681,35.11924642466753,0 33.26984108505017,35.1192324788512,0 33.26967521268396,35.11922017330506,0 33.26943217862929,35.11919853282901,0 33.26927592244587,35.1191782828962,0 33.26912381842767,35.11924833279713,0 33.26882153003959,35.11938525842194,0 33.26864051766461,35.11946012403954,0 33.26853839169542,35.11948253124816,0 33.26835325246827,35.11947501969435,0 33.26815646049047,35.11944218337052,0 33.26800596714919,35.11941558216243,0 33.26786914340121,35.11944123486517,0 33.26773809923574,35.11946528907323,0 33.26766101518326,35.11947971866503,0 33.26753965340116,35.11951642686219,0 33.26738552133694,35.11955637567411,0 33.26704781820994,35.11958769224537,0 33.26702146189051,35.11967442058059,0 33.26697172987004,35.11979811030238,0 33.26686015307637,35.11987915810528,0 33.26677920192066,35.11989042720491,0 33.26671747100026,35.11988264058564,0 33.2665437614549,35.11983232395555,0 33.26634151446972,35.11990089594247,0 33.266164323974,35.11996624322906,0 33.26610071185828,35.11997272068318,0 33.26586926683741,35.11995738451773,0 33.26579779190913,35.11991793254704,0 33.26567046370826,35.11989919920735,0 33.26557428477794,35.11999631751642,0 33.26549610267862,35.12003608488242,0 33.26544000265393,35.12007415336815,0 33.26522128498842,35.12012082742286,0 33.26497839065143,35.12014280671188,0 33.26478166931747,35.12016138461266,0 33.26466121786714,35.12016989644037,0 33.26441810041997,35.12012258214427,0 33.26377578539314,35.12019657368365,0 33.26355329553817,35.12031914508913,0 33.26331076644545,35.12045495801679,0 33.26326264379841,35.12047651061737,0 33.26300577683526,35.12052491310032,0 33.2626866948429,35.12058334823138,0 33.26251609606956,35.12060846594486,0 33.2623495453586,35.12064347210441,0 33.26207468534297,35.12071665968239,0 33.26182991265066,35.12077988149919,0 33.26169148367939,35.12081812695901,0 33.26145067302419,35.12086484190829,0 33.26104516107449,35.12089706231458,0 33.26090864452,35.12090560501201,0 33.2604691326795,35.12098079282029,0 33.26030259606293,35.12102074576344,0 33.26010384175494,35.12103272124268,0 33.26001541727396,35.12100981420569,0 33.259910950174,35.12099353980243,0 33.25977633102134,35.1209674306819,0 33.25940693543297,35.12099131942801,0 33.2590535458014,35.12099702481764,0 33.25884480926626,35.12102716759087,0 33.25866426272379,35.12108199707685,0 33.25861401086334,35.121065605851,0 33.25809659018994,35.12126963790648,0 33.25768895182687,35.12130250603873,0 33.25746300021354,35.12137860520333,0 33.25727918302048,35.12145974172468,0 33.25710786803962,35.12154854135081,0 33.25682913952377,35.12170806109156,0 33.25669379458418,35.12182626261883,0 33.25647761779872,35.12203563477626,0 33.25638884224613,35.12208068109613,0 33.25613804439811,35.12219399894811,0 33.2558903649408,35.12230731059874,0 33.25569215991661,35.1222782501605,0 33.25544869971073,35.12224415847875,0 33.25522887181629,35.12228435286291,0</coordinates>
						</LinearRing>
					</outerBoundaryIs>
				</Polygon>
			</MultiGeometry>
		</Placemark>
	</Document>
</kml>