<?xml version='1.0' encoding='UTF-8'?>
<kml xmlns="http://www.opengis.net/kml/2.2">
	<Document>
		<name>LEFKOSIA Community Cluster ST</name>
		<Style id="PolyStyle80">
			<LabelStyle>
				<color>00000000</color>
				<scale>0.000000</scale>
			</LabelStyle>
			<LineStyle>
				<color>ffa9e600</color>
				<width>2.000000</width>
			</LineStyle>
			<PolyStyle>
				<color>00828282</color>
				<outline>1</outline>
			</PolyStyle>
		</Style>
		<Placemark id="ID_80025">
			<name>LEFKOSIA Community Cluster ST</name>
			<snippet />
			<description>&lt;html xmlns:fo="http://www.w3.org/1999/XSL/Format" xmlns:msxsl="urn:schemas-microsoft-com:xslt"&gt;

&lt;head&gt;

&lt;META http-equiv="Content-Type" content="text/html"&gt;

&lt;meta http-equiv="content-type" content="text/html; charset=UTF-8"&gt;

&lt;/head&gt;

&lt;body style="margin:0px 0px 0px 0px;overflow:auto;background:#FFFFFF;"&gt;

&lt;table style="font-family:Arial,Verdana,Times;font-size:12px;text-align:left;width:100%;border-collapse:collapse;padding:3px 3px 3px 3px"&gt;

&lt;tr style="text-align:center;font-weight:bold;background:#9CBCE2"&gt;

&lt;td&gt;Σύμπλεγμα ΣΤ&lt;/td&gt;

&lt;/tr&gt;

&lt;tr&gt;

&lt;td&gt;

&lt;table style="font-family:Arial,Verdana,Times;font-size:12px;text-align:left;width:100%;border-spacing:0px; padding:3px 3px 3px 3px"&gt;

&lt;tr&gt;

&lt;td&gt;NAME_GR&lt;/td&gt;

&lt;td&gt;Σύμπλεγμα ΣΤ&lt;/td&gt;

&lt;/tr&gt;

&lt;tr bgcolor="#D4E4F3"&gt;

&lt;td&gt;NAME_ENG&lt;/td&gt;

&lt;td&gt;Community Cluster "ΣΤ"&lt;/td&gt;

&lt;/tr&gt;

&lt;tr&gt;

&lt;td&gt;DISTRICT_N&lt;/td&gt;

&lt;td&gt;ΛΕΥΚΩΣΙΑ&lt;/td&gt;

&lt;/tr&gt;

&lt;tr bgcolor="#D4E4F3"&gt;

&lt;td&gt;SHAPE.AREA&lt;/td&gt;

&lt;td&gt;135193543,797416&lt;/td&gt;

&lt;/tr&gt;

&lt;tr&gt;

&lt;td&gt;SHAPE.LEN&lt;/td&gt;

&lt;td&gt;121409,231379&lt;/td&gt;

&lt;/tr&gt;

&lt;/table&gt;

&lt;/td&gt;

&lt;/tr&gt;

&lt;/table&gt;

&lt;/body&gt;&lt;script type="text/javascript"&gt;

				function changeImage(attElement, nameElement) {

				document.getElementById('imageAttachment').src = attElement;

				document.getElementById('imageName').innerHTML = nameElement;}

			&lt;/script&gt;&lt;/html&gt;

</description>
			<styleUrl>#PolyStyle80</styleUrl>
			<MultiGeometry>
				<Polygon>
					<extrude>0</extrude>
					<altitudeMode>clampToGround</altitudeMode>
					<outerBoundaryIs>
						<LinearRing>
							<coordinates> 33.20239452151255,35.21324927577742,0 33.20206508418756,35.21287569596318,0 33.20192740448545,35.21293204196828,0 33.20132387238827,35.21234863510304,0 33.20157140030316,35.2121920936238,0 33.20093625924141,35.21132173149352,0 33.19998362591591,35.21184007373471,0 33.20011027532978,35.21199123387983,0 33.2000464198305,35.21202211932045,0 33.20015533095231,35.2121407674734,0 33.19990813760024,35.2122816050203,0 33.19960228942907,35.21208325655464,0 33.19863622645546,35.21216127724303,0 33.19856738782757,35.21202553826965,0 33.19800562722178,35.21144045254732,0 33.19743476243561,35.21146755675288,0 33.19739986268344,35.21103754649409,0 33.1978081695179,35.21089657082102,0 33.19804351677149,35.21081531206286,0 33.19803447371726,35.21075125570938,0 33.19888913786546,35.21062137993594,0 33.19893996844147,35.2107388482307,0 33.19960088054369,35.21052123917772,0 33.1995645113027,35.21038883464688,0 33.19998922274735,35.21024729004909,0 33.19994526706889,35.21004545379355,0 33.19996025777156,35.20998588739761,0 33.2008605737109,35.20970311694131,0 33.20068187135548,35.20925759862585,0 33.20121489956172,35.20914348888689,0 33.20105966290228,35.2086108654389,0 33.20079503295843,35.20801140807211,0 33.20053338628757,35.20729348014557,0 33.20026668710213,35.20731463650529,0 33.20017026098461,35.20717550783764,0 33.19992927121369,35.2072620667577,0 33.19974827022835,35.20735492165208,0 33.19897134878653,35.20669803976446,0 33.19895327095366,35.20646320728255,0 33.19915910804032,35.20593594735504,0 33.19892979511063,35.20587251721459,0 33.19893341886054,35.20501940972854,0 33.19860715278104,35.20440168608894,0 33.19923323086406,35.20412437348639,0 33.19916084278051,35.20399567409193,0 33.19907429018279,35.20398804548292,0 33.19900783491088,35.20310659224504,0 33.19909190191008,35.20250830840616,0 33.19877056114055,35.20244174449508,0 33.19777007355253,35.20238717427804,0 33.19769292928756,35.20287098936515,0 33.19703041342013,35.20282166489997,0 33.19703459947221,35.20268240682269,0 33.19671041238198,35.20268293028082,0 33.1966388100797,35.20296962561429,0 33.19596717359421,35.20282937731049,0 33.19577129096935,35.20274845853862,0 33.1955440539415,35.20260884610138,0 33.19549425967337,35.20254661479111,0 33.19573824629267,35.20214937649828,0 33.19709457804329,35.20227029548793,0 33.1971507229578,35.20172123761038,0 33.19728067916263,35.20172039498429,0 33.19729600529224,35.2013002779113,0 33.19720417117735,35.20130214646176,0 33.19713777815978,35.2007552719692,0 33.19704783112243,35.20075524169166,0 33.19703571119471,35.2004271846854,0 33.19571192553468,35.20047965544616,0 33.19543619325785,35.20075034120332,0 33.19515326312437,35.20056481057459,0 33.19560717852806,35.20011171331608,0 33.19588492255098,35.19972274174057,0 33.19499830956415,35.199698445008,0 33.19494888901372,35.19964232971507,0 33.19486745255096,35.19885041350889,0 33.19401189076979,35.19891437390318,0 33.19397437870771,35.1990301417778,0 33.19366039532574,35.19907163261645,0 33.1935957862472,35.19905985461298,0 33.19356285981907,35.19898230330431,0 33.19321721090535,35.19896753425557,0 33.19324685742038,35.19862804529056,0 33.19333352547844,35.1986226085465,0 33.19338216473886,35.19807365597273,0 33.19558502321146,35.19790642276559,0 33.19558004338035,35.19737140311457,0 33.19614347364034,35.19722691104847,0 33.19608540440562,35.19699782492612,0 33.19612228210055,35.19639039582414,0 33.19614098273377,35.19608237620078,0 33.19591268627968,35.19545649289325,0 33.1959295419374,35.19525929040314,0 33.19590198255612,35.19522299335727,0 33.19557596676795,35.19532921452167,0 33.19539095202853,35.19532223168304,0 33.19521139812866,35.19535378981243,0 33.19517284263515,35.1952812110606,0 33.19459816264807,35.19546652386674,0 33.19351546204389,35.19557878541051,0 33.19300997758956,35.19565308299995,0 33.192692322781,35.19570489998312,0 33.19236626658915,35.1958315147957,0 33.19233306369082,35.19587228544465,0 33.19232747011149,35.19591988449191,0 33.19237665970608,35.19626449971864,0 33.19158135698738,35.19623875372419,0 33.19148752850403,35.19619558818839,0 33.19076598921627,35.19635873143788,0 33.19077583377243,35.19638501869737,0 33.19078116656997,35.1963992604831,0 33.19067550973083,35.19641966144822,0 33.1906570295906,35.1963848975171,0 33.1906397384534,35.19635236807745,0 33.19044210915695,35.19636245017006,0 33.19035332665523,35.19638458474549,0 33.18926381236147,35.19665620583683,0 33.18795487696145,35.1970030116908,0 33.18772823094601,35.1970874680965,0 33.18750745719359,35.19723116291134,0 33.18719390838579,35.19723985160536,0 33.18524214617683,35.19748545485132,0 33.18499021822793,35.19751715448525,0 33.18394529881458,35.19766447593155,0 33.18338132945226,35.1977271815183,0 33.18309723124969,35.19780289517168,0 33.18267698388881,35.19790523085565,0 33.18215179759211,35.19795445671622,0 33.18173654998904,35.19800785468804,0 33.18110292345376,35.19809856864498,0 33.18026276555344,35.19823714910883,0 33.17970225921613,35.19829624034379,0 33.17896679698184,35.19835167740985,0 33.17825998742751,35.1984347019646,0 33.17751369195056,35.19851688609604,0 33.17690331804218,35.19855866484257,0 33.17608217725838,35.19862516239844,0 33.17554472715479,35.19870152030998,0 33.17558043933143,35.19879665786335,0 33.17491983871931,35.19887796619432,0 33.17433388414417,35.1989390235716,0 33.17363424375172,35.19901708197342,0 33.17302164104057,35.19911564768994,0 33.17227860421098,35.19928724954701,0 33.17218151697823,35.19929271308128,0 33.17159930953132,35.19932547417687,0 33.17153927482218,35.19934964005332,0 33.17167788160823,35.19976972266569,0 33.17185851886102,35.20036446590048,0 33.17179754530837,35.20039108683633,0 33.17196597712684,35.20105494913628,0 33.17213573730791,35.20103648981418,0 33.17216529543827,35.20113204902839,0 33.17204856803487,35.20114776852751,0 33.17206022628617,35.2012873143126,0 33.17140846102626,35.20139633772745,0 33.17126148407867,35.20111092191106,0 33.1712297745002,35.20109171562283,0 33.17046253178309,35.2011755490028,0 33.16931193684423,35.20130647667103,0 33.16869199705243,35.20137547393872,0 33.16835749654859,35.20098125296617,0 33.16847532268376,35.20088420336365,0 33.16949250018668,35.20073788710592,0 33.16947754197955,35.20067286775409,0 33.16936783647962,35.20054260714686,0 33.16940098352514,35.20050657341459,0 33.17064795357615,35.20020304126029,0 33.17067139527533,35.20013491129588,0 33.17061079562627,35.19994709780135,0 33.17056489487367,35.19989363841366,0 33.1697028516697,35.20005559203593,0 33.16876356277617,35.20017482002857,0 33.16873898897719,35.20022944286909,0 33.16876803956028,35.20041828739854,0 33.16866620752189,35.20041461095838,0 33.16862674344447,35.20060416477706,0 33.16792611763514,35.20048198682911,0 33.16758531323073,35.20039779524531,0 33.16736508192761,35.20044216821527,0 33.16708664094374,35.20071344591905,0 33.16681303733099,35.20085452666467,0 33.16652093638623,35.20092307338887,0 33.16618689961063,35.20095424556205,0 33.16588224767656,35.20093144689374,0 33.16581493447134,35.20093498241945,0 33.16578149682019,35.20124284710052,0 33.16561156581931,35.20126410289695,0 33.16570317608929,35.20161503736162,0 33.1651521756204,35.20174998552269,0 33.16490359356299,35.20184412002803,0 33.16436600365272,35.20188701734908,0 33.16386487337682,35.20189999787604,0 33.16381608304627,35.20207009795664,0 33.16352800969679,35.20206234860846,0 33.16317022175833,35.20207638103916,0 33.16273101680175,35.20224059088138,0 33.1624807440192,35.20232334615576,0 33.16217944356502,35.20231797120434,0 33.16173125425709,35.20217861166422,0 33.16169545518417,35.20213031576277,0 33.16160363997506,35.2019325231527,0 33.16155812145028,35.20190829305002,0 33.16127714010432,35.2018739899602,0 33.16111912232019,35.20131655387684,0 33.16106494663968,35.2013019908669,0 33.16035932014044,35.20136285581025,0 33.16010891976378,35.20136590575461,0 33.15990725210443,35.2012708062401,0 33.15972224633821,35.20128445056594,0 33.15948774077248,35.20133276083313,0 33.15947790303952,35.20081128953458,0 33.15942853865979,35.20076054008445,0 33.15940714121101,35.20018129087706,0 33.15944066553947,35.19991692377086,0 33.15989776295471,35.19978434122208,0 33.16040346190581,35.19974316635842,0 33.16045016341422,35.19976999586913,0 33.16065598659574,35.19973564116169,0 33.16068094984211,35.19968037132845,0 33.16045703259719,35.19913853914171,0 33.16012285364516,35.19893022599079,0 33.16001418724401,35.19896263243535,0 33.15887032887871,35.19884795287378,0 33.15873419568408,35.1988399692387,0 33.15804446056751,35.19879951615954,0 33.15697615867045,35.19883786205693,0 33.15565690822972,35.19888730296512,0 33.15523003395662,35.19912008329377,0 33.15403752582166,35.19938664297029,0 33.15318936324589,35.19954107447978,0 33.15224626410116,35.1997833884887,0 33.15159009768732,35.19994420605307,0 33.15062434893952,35.20028268060132,0 33.15049903202994,35.20030259233099,0 33.15073919282368,35.20104392980303,0 33.15014108115827,35.20101465452503,0 33.14968165587162,35.20036011128828,0 33.14884051068263,35.20068961808358,0 33.14839860183811,35.20094282384254,0 33.14843834259888,35.2010206585476,0 33.14809138270277,35.20118188357393,0 33.14749725425304,35.20148195363669,0 33.14696557520266,35.20172888967465,0 33.14542631022773,35.20202353977245,0 33.14448815417241,35.20226170586255,0 33.14381948344542,35.20242246466832,0 33.14289884812487,35.20262584427261,0 33.14203318804807,35.20277403378933,0 33.14146435483733,35.20288989006067,0 33.14122026865352,35.20157748854612,0 33.14096382993045,35.20021389675166,0 33.13994338048762,35.20045600307316,0 33.13934341422777,35.1999823030367,0 33.13911885254144,35.20004133683872,0 33.13837429565132,35.19955104640962,0 33.1381781707694,35.20029582458946,0 33.13826427931721,35.20083632670507,0 33.13822894012472,35.20103277609655,0 33.1380559883609,35.20143985326622,0 33.13795096739317,35.20157069807157,0 33.13753657992504,35.20176454525321,0 33.13710219713432,35.20197883029692,0 33.13702974373415,35.20204012978753,0 33.13797856279307,35.20378955803417,0 33.13807031457914,35.20402917632254,0 33.13693978798066,35.20440414492512,0 33.13587919650368,35.20472598362014,0 33.13511313974785,35.204927487204,0 33.13470116437372,35.20514793654788,0 33.13415514046387,35.20396402537265,0 33.1333986338154,35.20323829737287,0 33.1332451056274,35.2027509088895,0 33.13430692276142,35.20299403157952,0 33.1338202776199,35.20203126985783,0 33.1335230053697,35.20114247784415,0 33.13435675745377,35.20076300666751,0 33.13430225882045,35.20059917506156,0 33.13376370825267,35.20055743160688,0 33.13424476964395,35.19953471010163,0 33.1348452660871,35.19862679080471,0 33.13612617087939,35.19900941259611,0 33.13634093148173,35.19887054146167,0 33.13660121062927,35.198441081035,0 33.13675589628739,35.19840446564904,0 33.13696622653712,35.19801177383067,0 33.13732052161494,35.19792223158195,0 33.13759078167769,35.19748459549569,0 33.13724674604855,35.19744724706634,0 33.13722236535215,35.19718930366448,0 33.13699389614607,35.19675912232982,0 33.13638543016821,35.19677050599867,0 33.13400022917276,35.19736055651314,0 33.13380021285115,35.19759769385369,0 33.13334608907573,35.19772392080545,0 33.13306680230072,35.19772350058101,0 33.13287969128721,35.19664655903594,0 33.13290264896121,35.19631171227604,0 33.13290745757032,35.19624157372832,0 33.13300053525609,35.19577294828421,0 33.13321179052037,35.1956634855764,0 33.13328343870322,35.1955196571857,0 33.13339424215248,35.19514168892605,0 33.13338558768065,35.19502457618979,0 33.13331796301107,35.19469757020519,0 33.13326152514335,35.1946852867709,0 33.13282461204651,35.19470170707552,0 33.13280712993234,35.19454554818677,0 33.13299604986566,35.19378956165739,0 33.13298448900523,35.19364316922942,0 33.13253273885286,35.19365224665386,0 33.1326140129862,35.19319128799778,0 33.13251062871102,35.19290814029478,0 33.13247270591813,35.19259093727707,0 33.13241378864163,35.19235908808345,0 33.13224346873272,35.19211739648674,0 33.13200509981784,35.19177913717454,0 33.13193415579134,35.19155912627195,0 33.13193099895937,35.19137440156464,0 33.13207398736863,35.19132184109908,0 33.13224522879867,35.19133259090669,0 33.13243091985578,35.19134424770508,0 33.13257069884093,35.19129810541738,0 33.13278504166077,35.19113253694722,0 33.13282378853969,35.19108136441749,0 33.13282389800031,35.19103257338494,0 33.13251554999854,35.19071008329274,0 33.13231164667803,35.19054231612753,0 33.13224716896554,35.19046716211162,0 33.13210128981855,35.19029712819277,0 33.13185152584476,35.19018239898737,0 33.12986343058036,35.18959882519968,0 33.12978539169627,35.18936120992445,0 33.13031502471645,35.18890754935769,0 33.12999457607108,35.18846725195887,0 33.13009825270174,35.18842343088895,0 33.12987434074205,35.18793929801357,0 33.13039259133341,35.18777589528676,0 33.13012203048693,35.18738844844905,0 33.12998951748162,35.18754950945301,0 33.12978057416826,35.18676633002058,0 33.13070997810556,35.18641003767038,0 33.13071025634929,35.18628689357942,0 33.13205000107443,35.18609540908693,0 33.13205054727869,35.18585205044778,0 33.13200055790847,35.18584611063147,0 33.13185159711782,35.18538261997566,0 33.13137681713277,35.185282208879,0 33.13116995596319,35.18515581617522,0 33.13099898746773,35.18495324577205,0 33.13078138646794,35.184838562377,0 33.13107520790535,35.18441092990353,0 33.13156860060067,35.18417418314323,0 33.1314223372508,35.18410065970987,0 33.1309647448677,35.1842993443266,0 33.13051500744083,35.18418430908214,0 33.13073004996644,35.18385038075272,0 33.13123027221384,35.18374851976876,0 33.13133025454248,35.18375746686457,0 33.13192367315477,35.18350327892468,0 33.1318241578691,35.18328908755438,0 33.1320816795162,35.18311941863325,0 33.13187555417266,35.18266756769746,0 33.13180121920048,35.18237131784759,0 33.13168777337138,35.18199877449379,0 33.13159171184272,35.18183736511497,0 33.13083723647695,35.18224964004796,0 33.13047267443851,35.18237516295211,0 33.12984059661113,35.18235367222812,0 33.12957022969834,35.18188999306917,0 33.12985605373406,35.18183765275333,0 33.12986387651091,35.18180251139302,0 33.12987120218397,35.18176960423462,0 33.13005751633157,35.18170312977679,0 33.13112598508461,35.18129173253897,0 33.13161293208518,35.18111587304884,0 33.13214837420808,35.18086024336541,0 33.13102141437327,35.18077926172224,0 33.12997852230967,35.18070731149488,0 33.12978967463101,35.18058066533188,0 33.12953114768703,35.18055823309218,0 33.12933437902975,35.17925494796094,0 33.12918065692724,35.17829202850963,0 33.12902646689253,35.17716682910393,0 33.1285839901592,35.17711888807091,0 33.12795319342559,35.17704162541381,0 33.12711031520278,35.17703259650836,0 33.12629911357585,35.17701789225388,0 33.12572361625614,35.17706527454035,0 33.1251396929928,35.17720987708547,0 33.12482396883102,35.17718254245413,0 33.12412474451671,35.17691306783463,0 33.1234638432566,35.17677514383943,0 33.12241653388851,35.17649802089091,0 33.12220435988023,35.17657245648953,0 33.12134592801159,35.17687201583033,0 33.12105173474162,35.17692132386385,0 33.1204806707286,35.17677028475671,0 33.12017301356325,35.17682503679166,0 33.12000282845797,35.17685539703471,0 33.12015652061947,35.17659902683825,0 33.12032652904668,35.17651621943374,0 33.12060942143296,35.17638979602739,0 33.12094755857898,35.17626329247361,0 33.12099916999689,35.17620444163435,0 33.12101620783884,35.17611655152538,0 33.12093267643788,35.17594319815459,0 33.12094930335923,35.17573721589253,0 33.12098969374794,35.17543773908824,0 33.1211512974129,35.17522483155207,0 33.12130614217087,35.17501646911782,0 33.12143317509977,35.1748008384202,0 33.12162353043364,35.17461662366127,0 33.12189547207103,35.17436724715175,0 33.12191258916699,35.1743252579734,0 33.12188408602324,35.17407484128804,0 33.12192157281033,35.17393490696245,0 33.12196249165389,35.17378937597065,0 33.12210315530382,35.17353307128848,0 33.12217476839933,35.17328120518732,0 33.12223611898916,35.17305733340169,0 33.12229879817789,35.17292403397011,0 33.12248137665909,35.17280914525056,0 33.12274324367802,35.17266621085763,0 33.12290894249723,35.17243542555066,0 33.12307758952438,35.17229820431174,0 33.1231671309395,35.17224217772483,0 33.12340242355728,35.17214541346871,0 33.12350220527393,35.17206141562156,0 33.12350637122558,35.17205623101869,0 33.12396986501342,35.17205540874218,0 33.12449363619784,35.17206974112603,0 33.12499760979991,35.17209754509478,0 33.12544111474803,35.17206565567954,0 33.12575424155089,35.17199591498778,0 33.12601468251265,35.17191528708984,0 33.12649583282293,35.17184040465914,0 33.12698247403135,35.1716911038498,0 33.12757919935746,35.17150128347129,0 33.12817043738134,35.17137790557581,0 33.12845995737062,35.17135657731949,0 33.1289055751836,35.17139534918851,0 33.12913904028841,35.17125323972904,0 33.12955406366967,35.17090499882804,0 33.12989402134117,35.17058224751941,0 33.13022778113941,35.17036865446308,0 33.13080646475836,35.17003605639569,0 33.13104692129096,35.1699058305859,0 33.13132565971833,35.16987017665626,0 33.13173272507423,35.16983471702896,0 33.13205176080026,35.16981415484511,0 33.13222202326116,35.16982511406498,0 33.13233183468923,35.16983218194027,0 33.13240604679674,35.16983036565251,0 33.13251727492462,35.16982966443084,0 33.13262576510198,35.16983496223015,0 33.13275363936754,35.169848951643,0 33.13282915132995,35.16987352581862,0 33.13289232282042,35.16989772768496,0 33.13298474780925,35.16993091863909,0 33.13313748116244,35.16994160466014,0 33.13326608012814,35.16993939995118,0 33.13349414907808,35.169978707768,0 33.13361408225987,35.17000461975253,0 33.13380341675613,35.17008127241628,0 33.13393909119728,35.17014211854859,0 33.13407283786777,35.17019074365238,0 33.13417028834254,35.17022205863002,0 33.13425163998522,35.17022653770844,0 33.13429898428874,35.17021782997103,0 33.13431583182876,35.17021125359413,0 33.13435683331399,35.17019524970863,0 33.13443569502952,35.17014492529044,0 33.13446619405979,35.17007084308014,0 33.13462691819666,35.16968240733707,0 33.13467112337665,35.16957831568778,0 33.13473901421098,35.16949723661185,0 33.13503102002034,35.16926880360227,0 33.1352154867834,35.16917905527941,0 33.13557922997816,35.16900547228747,0 33.13572586818747,35.16893282454833,0 33.13581921248565,35.16889101746918,0 33.1359227067034,35.16884343176005,0 33.13598542859223,35.16882300951531,0 33.13615293326946,35.16878140285211,0 33.13655891982958,35.16871451436053,0 33.13667422518959,35.16867944598555,0 33.13674829086588,35.16862691161985,0 33.13681293682986,35.16856395141374,0 33.13689340405435,35.16847915305554,0 33.13697250086209,35.16836997056147,0 33.13701195309326,35.16830946440257,0 33.13700737923768,35.1682953148581,0 33.13693232911873,35.1680674324099,0 33.13685215669837,35.16784961173531,0 33.13678852332077,35.16767454025501,0 33.13676975773953,35.16761756037214,0 33.13673061275368,35.16745492399267,0 33.13670410520926,35.16728589771817,0 33.13667088605877,35.16707407681848,0 33.13666812879305,35.1667507279882,0 33.13659397074052,35.16652185452331,0 33.13654235786507,35.16628114542161,0 33.13647801570284,35.1660565163245,0 33.13637291767807,35.16577231971657,0 33.13626360016055,35.16556735291897,0 33.13610669724604,35.16527629604745,0 33.13613683521658,35.16507251004639,0 33.13626182086684,35.16509816317038,0 33.1361028566673,35.16478887501605,0 33.13597533379731,35.16428909938269,0 33.13581244292751,35.16393512275921,0 33.13564952397228,35.16358321103969,0 33.13537476014898,35.16314431793792,0 33.1353144738429,35.16296262460043,0 33.13523679784191,35.16267303107165,0 33.13521096515477,35.162469219338,0 33.13516341454294,35.1622714874485,0 33.13514544113303,35.16202771493222,0 33.13513232204287,35.16181604136185,0 33.13507900754326,35.16133370952016,0 33.13526501251265,35.1614751719252,0 33.13543496051155,35.1616178842092,0 33.13568740567751,35.16183294424446,0 33.13594334092863,35.16200339119408,0 33.13610470155006,35.16208912816287,0 33.13622411508101,35.16213504753791,0 33.1362862174201,35.16215892887514,0 33.13641542565162,35.16218519366774,0 33.13644767622391,35.16193892829238,0 33.13654629271866,35.16174524628594,0 33.13676327684384,35.16155355343937,0 33.13695605628245,35.16147609533987,0 33.1371614732323,35.16137943265538,0 33.13741693041371,35.16135079585475,0 33.13761599860171,35.16129896367349,0 33.13779748813209,35.16125905238519,0 33.13805817536901,35.16121830334118,0 33.13819479288637,35.1611939602366,0 33.13833613761711,35.16117984340769,0 33.13849718467453,35.16117008561389,0 33.13854899734407,35.16117695996712,0 33.13882356860399,35.16129484125221,0 33.13897667501896,35.16130933695918,0 33.13926968992364,35.16126297574793,0 33.13946711571452,35.16128829440873,0 33.13951155969634,35.16129302788712,0 33.13954875614745,35.16128952636572,0 33.13981174860847,35.16125895855242,0 33.13986396702305,35.16124755772933,0 33.14010195232038,35.16113928835767,0 33.14041282476541,35.16095506476688,0 33.14061290423272,35.16085854663856,0 33.140807751651,35.16088991362328,0 33.14088990825068,35.16098255537094,0 33.14093685675468,35.1611010767435,0 33.14101919179119,35.16118560105721,0 33.1412346864903,35.16117868867175,0 33.14138901978748,35.16113835205557,0 33.14171019756004,35.16105177202927,0 33.14203503002859,35.16091039507688,0 33.14212494304952,35.16087315092486,0 33.14220270031756,35.16082556565458,0 33.14250721519512,35.16059247187133,0 33.14264605467964,35.16046658347279,0 33.14274234688092,35.16036240216167,0 33.14282062050596,35.16029045095432,0 33.14314440034562,35.16006981817882,0 33.14325549139254,35.15996789230805,0 33.14334353302048,35.15990218224374,0 33.14351601939698,35.15982351630268,0 33.14361583026339,35.1597864161592,0 33.14379496856989,35.15974440741544,0 33.14390194857824,35.15971960087938,0 33.14397141887522,35.15971251354307,0 33.14397412523967,35.15958459759256,0 33.14401223781088,35.15953845182696,0 33.14407731579661,35.1595048954351,0 33.14434406619264,35.15941747713015,0 33.14461393758435,35.15929963755772,0 33.14472945839909,35.15922214929483,0 33.14484249585805,35.15912589667175,0 33.14499668842864,35.15899459861167,0 33.14525845015454,35.1587913404007,0 33.14535672730877,35.15870953555523,0 33.14549801792833,35.15858369229776,0 33.14557585183297,35.15853832221004,0 33.14580832167664,35.15844733894737,0 33.14585066536772,35.15836140135846,0 33.14588533643057,35.15824209852823,0 33.14590394896646,35.15806164217712,0 33.14592497645123,35.15800306258238,0 33.14599416972509,35.15789036778494,0 33.14619745596166,35.15763953788199,0 33.14627373314926,35.15754319484618,0 33.14631153415588,35.15751126295389,0 33.14635164041265,35.15748748596766,0 33.14646386414815,35.15744852330124,0 33.14660037537166,35.15743225192548,0 33.14669178880557,35.15744171509196,0 33.14680061310708,35.15744737210177,0 33.14700312259647,35.15747267865689,0 33.14713897111213,35.15748888504967,0 33.14734900097483,35.15751024095678,0 33.14736624534789,35.15751455483377,0 33.14771326044441,35.15761121974205,0 33.1476875535697,35.15763969306619,0 33.14767659444212,35.15769029859979,0 33.14769269765925,35.15774942817036,0 33.14771937925594,35.15777622231364,0 33.14798444788842,35.1579642579329,0 33.14865338211221,35.1583989719675,0 33.14908877849742,35.15869240717213,0 33.14959757861343,35.15895465086671,0 33.14973870274717,35.15892458059264,0 33.14991852987637,35.15888626220426,0 33.15033566292604,35.15886313453721,0 33.15144187480315,35.15890061908695,0 33.15149695537621,35.15899488568837,0 33.15158386294679,35.15929649108644,0 33.1516084112269,35.15939060022177,0 33.15161837088439,35.15951061590828,0 33.15127457113423,35.15960304196577,0 33.15099604594883,35.15965376612598,0 33.15091232708237,35.15975004564834,0 33.15086122022305,35.15982649149757,0 33.15082229074572,35.15991327928849,0 33.15080590516619,35.15995597120947,0 33.15106689549134,35.15991514692821,0 33.15170301078677,35.15982706383213,0 33.15197383555304,35.15966853177383,0 33.15230173827606,35.15962869174972,0 33.15241690609329,35.15969338845985,0 33.15245052586037,35.15974671644067,0 33.1524098235504,35.15979894446986,0 33.15223992622904,35.15986754302347,0 33.15155641558368,35.15996915249292,0 33.15128990303623,35.16015158524176,0 33.15136528069957,35.16043080166314,0 33.15148897336309,35.16063593891124,0 33.15143172147448,35.16066416670888,0 33.15153366111595,35.16073169045284,0 33.15143721927483,35.16083281685253,0 33.15152764491162,35.1608145197894,0 33.15170069982813,35.16082064099398,0 33.15175600151675,35.16096690730533,0 33.15159843778932,35.16101667992433,0 33.15148806197812,35.16111884959101,0 33.15132548937473,35.16131151851535,0 33.15127281279946,35.16129041124394,0 33.15123895680915,35.16139818558646,0 33.15136557094724,35.16142173526572,0 33.15128365470963,35.16154855319861,0 33.15119312228377,35.16161222863737,0 33.15097976343654,35.16150039083079,0 33.1510241116581,35.16134956870387,0 33.15105097816696,35.16127981710044,0 33.15105291171714,35.16127479838227,0 33.15109388296012,35.16120331020691,0 33.1511930218437,35.16105315250981,0 33.15085687457052,35.16124610579868,0 33.1505777200033,35.1614314029264,0 33.15049944009353,35.16131327848908,0 33.1504352022883,35.16106922228364,0 33.15012806020606,35.16105767229249,0 33.15002055815086,35.16108143573399,0 33.15021861886319,35.16133233381606,0 33.15013847927231,35.16137381476074,0 33.15004689502947,35.16149032187604,0 33.1502124306831,35.16175701945399,0 33.14970432819882,35.1622473859446,0 33.14960723866812,35.16239024842117,0 33.14965285060551,35.16246208076565,0 33.14970681093865,35.1624893175911,0 33.14984685649773,35.16254834228489,0 33.15006177005513,35.16258206637814,0 33.14983282606637,35.16311329217742,0 33.1503188571194,35.1631002868136,0 33.15042989972229,35.1631243246083,0 33.150553698829,35.16333563989807,0 33.15113536184387,35.16350097207551,0 33.15135440395822,35.16272141436927,0 33.15141891662066,35.16271831495987,0 33.15205519728345,35.16362056848982,0 33.15290707415048,35.16342594535219,0 33.15329458897641,35.1632670377414,0 33.15327431138147,35.16316504895559,0 33.15329353110567,35.16307178985733,0 33.15336972507438,35.16298142155384,0 33.15366344013889,35.16280076974218,0 33.15484371495226,35.1621799113834,0 33.15535928327187,35.16181549476094,0 33.15572024523803,35.16174563865975,0 33.15628418873308,35.16131687415426,0 33.1565225521694,35.16117605666172,0 33.15686303541367,35.1616467498371,0 33.15700662842509,35.16178716464825,0 33.15731395303278,35.16205407788566,0 33.15763340528239,35.16259170544109,0 33.15772398170943,35.16265407819898,0 33.15786483719928,35.16268262515055,0 33.15812297858383,35.1626763104101,0 33.15852715514143,35.16256030172795,0 33.15847310131802,35.16240490932741,0 33.1583913686721,35.1623975877494,0 33.15806599387624,35.16228900426264,0 33.15796128481277,35.16218778440221,0 33.15775102043835,35.16190196034105,0 33.15747444001462,35.16171075132564,0 33.15739516649259,35.16170550541361,0 33.15712280137451,35.16142693606231,0 33.15691430213738,35.16092772451335,0 33.15659135672976,35.16044924677536,0 33.15669159653191,35.16039584245608,0 33.15644781092141,35.15980274763681,0 33.15676559102027,35.15978304685179,0 33.15680685752366,35.1598283736878,0 33.15719761607223,35.15975486629101,0 33.15731463174044,35.15985822613369,0 33.15816467932683,35.15988906424627,0 33.15819707979251,35.15962527861249,0 33.15714891149924,35.15945535715876,0 33.15660955589654,35.15952057797097,0 33.15643271636058,35.15943464129824,0 33.1562080310023,35.159386616883,0 33.15606602617961,35.15916910019786,0 33.15577712463749,35.1589839821376,0 33.15566548107998,35.15886244610612,0 33.15521221714785,35.15821574071131,0 33.15538501346466,35.15800088246378,0 33.15563480267853,35.15727522324102,0 33.15599561638816,35.15720329776304,0 33.15546127880243,35.15652318328247,0 33.15551972460773,35.15607316814259,0 33.15622810993553,35.15609360926909,0 33.15635411361185,35.15611371749944,0 33.15622121181168,35.15657080141267,0 33.15654061892241,35.15658763481612,0 33.15721932965567,35.15610393360556,0 33.157256717019,35.15520480338957,0 33.15802785898143,35.15506160814741,0 33.15834193699966,35.15509863340591,0 33.15881782594895,35.1551613828539,0 33.15914361942928,35.15519807698732,0 33.15966915702371,35.15503684647116,0 33.15973425551905,35.1550138578007,0 33.15970620330641,35.15480395062598,0 33.15972068354313,35.1547372123332,0 33.16042405934253,35.1548031555397,0 33.16044062003117,35.15498636376089,0 33.16056130726952,35.15500521179347,0 33.16220832352218,35.15453901685856,0 33.1621678034062,35.15408344751268,0 33.16205204312933,35.15379678017728,0 33.16174537885513,35.15381954745387,0 33.16167017718262,35.15374452301148,0 33.16156678359462,35.15364642051365,0 33.16142156158453,35.15374485447958,0 33.16121701648921,35.15349470957743,0 33.16121890975671,35.15326547912158,0 33.16108251543483,35.15308266378872,0 33.16098144714253,35.15297299988443,0 33.16085218485468,35.15283833141806,0 33.16077462323961,35.15275560433598,0 33.16071137774652,35.15279613964821,0 33.16000413782206,35.15262463522443,0 33.15965059630987,35.15245851576956,0 33.15867460932046,35.15230184293434,0 33.15855971200297,35.15231547744717,0 33.15854574796317,35.1523713575398,0 33.15806726064591,35.15235657227632,0 33.15806029522054,35.15239318107697,0 33.15783750171275,35.15240310300245,0 33.15787409425162,35.15191955742852,0 33.15674812807745,35.15182277879521,0 33.15679654975219,35.15138930201812,0 33.15685899503196,35.15093076512196,0 33.1573727246761,35.15098210822722,0 33.15740242427521,35.15057177108312,0 33.15749074109512,35.1501536525261,0 33.15799544604369,35.15039185506897,0 33.1581437134351,35.14944392850988,0 33.15817093287328,35.14896617375204,0 33.15816828566812,35.14881014855966,0 33.1581510039673,35.14836327266806,0 33.15809873817884,35.14801660920057,0 33.15754064840888,35.14805971470938,0 33.15753904844703,35.14722948681875,0 33.15819571780431,35.14723055761853,0 33.15842591353972,35.14620739834226,0 33.15755078861463,35.14601976343808,0 33.15776785839665,35.14548397242623,0 33.15808060133257,35.14470149211311,0 33.15849124378025,35.14482423823139,0 33.15884428181792,35.144267078855,0 33.15900787310363,35.14397406890336,0 33.15912969287856,35.14390841468063,0 33.15930571004085,35.14397560403409,0 33.15961406565314,35.14335878567004,0 33.15946900018387,35.14329921977919,0 33.15969771870088,35.14281505309575,0 33.15992414652403,35.14242798027258,0 33.16017666701011,35.14204431498734,0 33.16038202322419,35.1417228382704,0 33.16064447734577,35.14182015074019,0 33.16029544559409,35.14252284039326,0 33.16084909005232,35.14262419999366,0 33.16122122166843,35.1417016179689,0 33.16164802779521,35.1417987095023,0 33.1615265404828,35.14225557589197,0 33.16200256719191,35.14231638387162,0 33.16201808374468,35.14245457474959,0 33.16236826300916,35.1425412701842,0 33.16269422842937,35.14179708050082,0 33.16148304692903,35.14120665629805,0 33.16129001478924,35.14166518445356,0 33.16059873575873,35.14139581962245,0 33.16069520454167,35.14123868938547,0 33.16030294009691,35.14107723889731,0 33.16026439875407,35.14116374010108,0 33.15986005865405,35.14101224034152,0 33.1601387033343,35.14060446133114,0 33.1599820300278,35.14054936250201,0 33.15995525787973,35.14054051809211,0 33.15977710865858,35.14048166504222,0 33.15955973338348,35.14039189467987,0 33.15927810978256,35.14023933802305,0 33.15884948180986,35.14001560827047,0 33.15849746782182,35.13983085817438,0 33.15810185146962,35.13956120371132,0 33.15781600790511,35.13936277116719,0 33.15722561817514,35.13891835207734,0 33.15745060333492,35.13866658026551,0 33.1578141059661,35.13837724550823,0 33.1579548802414,35.13843653328925,0 33.15806656359566,35.13842789191893,0 33.15815962738021,35.13841757559598,0 33.15825112351057,35.13832867845259,0 33.15846487569531,35.13795669704322,0 33.1585599216932,35.13790219809371,0 33.15886160657725,35.1377386809095,0 33.15932240874907,35.13749509289411,0 33.15929546263475,35.13746624184637,0 33.1597811795638,35.13727189471034,0 33.15991726489415,35.13704912191276,0 33.15982174593536,35.13686063762864,0 33.15965792504321,35.13665015429621,0 33.15977776329574,35.13658202941036,0 33.15982957800298,35.13663463567858,0 33.16012288549577,35.1364218500885,0 33.16020578326729,35.13650330159876,0 33.16038403872436,35.1366899760739,0 33.16057006830425,35.136621762791,0 33.16062797535962,35.13661658769974,0 33.16083694438601,35.13664349787359,0 33.16126534839099,35.13623512415138,0 33.16114508224016,35.13608575519854,0 33.16107464797795,35.13603147508545,0 33.16130029134582,35.13581968425993,0 33.16151405800519,35.1358815254065,0 33.16178918817841,35.13542298335708,0 33.16204356147941,35.13498621214027,0 33.16209411696018,35.13473764292223,0 33.16212596501456,35.13459005175301,0 33.16216560021044,35.13455583000013,0 33.16230886891293,35.13434441156008,0 33.16242951437966,35.13416563887019,0 33.16248782806722,35.13401645989779,0 33.16254800017717,35.13385174625947,0 33.16233047535587,35.13379923158929,0 33.16264545074669,35.13341829118939,0 33.16268707151325,35.13343221344494,0 33.16271917445778,35.1334135328578,0 33.1628642571956,35.13316483540782,0 33.16294717057783,35.1330280481265,0 33.16305974568797,35.13246235845116,0 33.16223725127922,35.13256467943899,0 33.16216123325901,35.13259400028404,0 33.16212391612905,35.13260870077717,0 33.16188373702985,35.13266011537665,0 33.1617711417355,35.1326789329563,0 33.16161123877786,35.13270589013017,0 33.16054436600901,35.13284127066495,0 33.16004749763155,35.13289062723953,0 33.15944493689161,35.13295229527376,0 33.1588601727242,35.13302124198994,0 33.15866059633805,35.13302150342093,0 33.15835641759827,35.13308683319778,0 33.15813420572762,35.13313257498358,0 33.15803146780386,35.13314001399161,0 33.1579040340834,35.13314991979083,0 33.1577351087456,35.13316231506521,0 33.15761850736807,35.13315353832567,0 33.15745150658632,35.13313914539108,0 33.15719754648982,35.13311674877755,0 33.15688825196899,35.13309117730677,0 33.15674693943276,35.13307675014515,0 33.15658780322823,35.1330412430068,0 33.15648499850187,35.13301378011047,0 33.15627175320204,35.13294841118457,0 33.15622186511095,35.1329335031276,0 33.15622702253742,35.13291986900693,0 33.15631746770024,35.1327218024806,0 33.1564308653254,35.13248669267695,0 33.15662526999174,35.13254766247366,0 33.15691726197641,35.13267507366532,0 33.15702910257064,35.13250718234955,0 33.15725329001512,35.13243601313002,0 33.15709729493428,35.1320747340169,0 33.15666431206291,35.13170639084662,0 33.15657734478131,35.13162923730137,0 33.15630443214967,35.13166751628061,0 33.15626813202246,35.13157851756863,0 33.15633397114907,35.13136901140138,0 33.15608857224485,35.13109889285884,0 33.15592356751489,35.13088308747066,0 33.15564229602349,35.1307465828973,0 33.15553984618685,35.13070384077391,0 33.15529667160895,35.13054584922364,0 33.15510355764882,35.1303234831096,0 33.15498289395929,35.13020161212465,0 33.15488233332666,35.1300962056787,0 33.15514916980455,35.1300315534768,0 33.15504404486587,35.1296697683464,0 33.15486776551536,35.12971023886261,0 33.15479580757288,35.12965219900889,0 33.15470313120728,35.12957629892681,0 33.15465880136428,35.12973644188936,0 33.15451517866873,35.12977597602096,0 33.15460153462652,35.12996367687526,0 33.15426854570203,35.13003207090397,0 33.15416239068415,35.12973528591713,0 33.15412200737798,35.12967988808698,0 33.15405870132205,35.12959142870723,0 33.15395937953389,35.12945472123089,0 33.15384623700586,35.12949332165346,0 33.15378927478958,35.1293046878529,0 33.15369960737291,35.12909105529254,0 33.15364930065122,35.12896859432937,0 33.15372969958877,35.12888442439103,0 33.1534947373972,35.12839820174639,0 33.15341069942485,35.12828293875747,0 33.15324697450605,35.12805061690015,0 33.15301080760631,35.12808132336337,0 33.15300841499065,35.12796595608943,0 33.15276115480619,35.12788577765817,0 33.15209970165091,35.12752082537963,0 33.15223100904272,35.12729975788469,0 33.1518482826411,35.12695860071888,0 33.15193094795866,35.12692272384692,0 33.15161994490727,35.12651350533009,0 33.15139082908937,35.12623475811746,0 33.15153666902876,35.12600812771248,0 33.15106560740993,35.12583073627648,0 33.1508980410083,35.12576744980596,0 33.15039760511423,35.12553429335267,0 33.15050852347942,35.12535810071499,0 33.15060195735732,35.12522618343809,0 33.15045064649843,35.12508687479804,0 33.15055116053441,35.12498381005975,0 33.150076263876,35.12462651640853,0 33.14981588993015,35.12439690904323,0 33.15029533784121,35.1240461291171,0 33.15016740045155,35.12388081521875,0 33.15033929720555,35.12375361169929,0 33.15047026722228,35.12365820545534,0 33.1500774288869,35.12334698899132,0 33.14979926369878,35.12299041220766,0 33.14939818984521,35.1232958771941,0 33.14933349286446,35.12320623971473,0 33.14915535260852,35.1233109602585,0 33.14878992541118,35.12353872750668,0 33.14866541919894,35.12357443273338,0 33.14861082800024,35.12358901235532,0 33.14834438424665,35.1237284314893,0 33.14798173194576,35.12388702060335,0 33.14775488297338,35.12347954695877,0 33.14811745285912,35.1232761829427,0 33.14832712860557,35.12316446195446,0 33.14864918455483,35.12300115764,0 33.1483272192572,35.1225747485387,0 33.14871410655392,35.12235610923103,0 33.14855826755068,35.12210193357478,0 33.14843616831618,35.12190963957789,0 33.14834203256267,35.12179162248021,0 33.14820722073492,35.12162220893696,0 33.1480956656183,35.12148896921212,0 33.14778186339502,35.12172561868498,0 33.14764874365333,35.12185058277186,0 33.14748775058069,35.12195081081423,0 33.14719203976705,35.12216803300559,0 33.14700064398226,35.12200974531,0 33.14678848913707,35.121820761531,0 33.1466131614211,35.12164431289871,0 33.14651080480505,35.12154781914182,0 33.14634228726337,35.12141818286148,0 33.14609514986505,35.1212654505764,0 33.1459823713532,35.12121357785528,0 33.14582783010255,35.1211491175238,0 33.14561414292118,35.12108207160707,0 33.14542254132233,35.12102336209153,0 33.1452159448933,35.12098077571228,0 33.1449326902003,35.12095576709569,0 33.14459999876835,35.12094046007464,0 33.14436562390146,35.12095046654137,0 33.14424229941307,35.12095337977964,0 33.14404966202235,35.12097800459214,0 33.14375822965718,35.12101593572371,0 33.14325941988582,35.12107428585768,0 33.14288637776433,35.12113177904796,0 33.14277687579158,35.12081362864292,0 33.14278482426886,35.1207689796986,0 33.14262495540225,35.12053572998528,0 33.14257159176282,35.12046407664943,0 33.14254024023502,35.12040685961559,0 33.14223687582206,35.12001164605793,0 33.14263402118669,35.11966676804833,0 33.14204913859464,35.11922098952118,0 33.1421585631171,35.11913933868296,0 33.14154299229509,35.11868743432164,0 33.14158003176039,35.11863487675537,0 33.14155053527904,35.11858250235576,0 33.14131601887514,35.11869363942448,0 33.14107056541936,35.11880113715724,0 33.14082775495093,35.11889442510898,0 33.14059978938963,35.11898378414071,0 33.14055331459679,35.11895284848293,0 33.14044975242133,35.11875058046834,0 33.14025182012452,35.11860232406473,0 33.14002917814535,35.11845789892634,0 33.13995809366204,35.1184226637958,0 33.13943038832513,35.11821843472352,0 33.13913100122328,35.11809768335674,0 33.13865974845372,35.11791430962666,0 33.13848302715119,35.11784554389256,0 33.13823970274309,35.11777818345082,0 33.13796666401666,35.11772071055221,0 33.13797958537669,35.11767202783777,0 33.13806320604901,35.11748776021439,0 33.13816704689704,35.11726300610357,0 33.13848871500926,35.11737787886317,0 33.13866760165691,35.11706638063862,0 33.13894259157204,35.11716658105711,0 33.13914188131557,35.11680035578519,0 33.13927211758806,35.11663684644053,0 33.13946188392882,35.11644541942429,0 33.13900096213499,35.11622143737841,0 33.13863368976185,35.11661050981066,0 33.13819702754609,35.11641929656538,0 33.13756754618647,35.1170784076638,0 33.13692934464461,35.1168303925269,0 33.13667963217881,35.11673683667733,0 33.13617961115206,35.11647790877703,0 33.13673902882547,35.11631027484634,0 33.13672316259003,35.11619419025052,0 33.13669164185431,35.11614914719091,0 33.1365346181128,35.11608055198322,0 33.13597187816798,35.11590848156494,0 33.13539741324624,35.11589088272417,0 33.13503503486721,35.11587527428359,0 33.13413891150869,35.11573667143407,0 33.13385835240656,35.11568521628687,0 33.13373595679501,35.11581424398916,0 33.13356870260466,35.11556858233786,0 33.13347931368892,35.1156185936708,0 33.13338939202448,35.11571334881137,0 33.13313899889307,35.11602830268637,0 33.13241477631079,35.1155008336189,0 33.13220159240218,35.11534978895633,0 33.13237799711242,35.11510256411897,0 33.13166606759597,35.1148301148371,0 33.13172365994458,35.11469984988511,0 33.13119071433014,35.11455213141402,0 33.13087989230397,35.11466740439581,0 33.13057582424571,35.11480705515367,0 33.1299334164778,35.11489166398879,0 33.13009619979162,35.11441177422729,0 33.13018647961187,35.11387995072089,0 33.12971263108417,35.11382837607673,0 33.12959255744857,35.11436972113864,0 33.12934218842413,35.11499746376543,0 33.12868602101296,35.11523336162775,0 33.1285976542767,35.11503562201806,0 33.12888945115451,35.1149866954701,0 33.12842844167611,35.1145412643393,0 33.12798559300192,35.11481159687656,0 33.12765927777145,35.11448801287811,0 33.12753413064701,35.11456643027752,0 33.12715782246529,35.11427219873936,0 33.12735969499011,35.11408411398844,0 33.1271019084541,35.11396394891271,0 33.12733259454549,35.11370972815512,0 33.12778675062053,35.11385186871708,0 33.12797222573833,35.11372610750561,0 33.12804497698736,35.11329907044778,0 33.12812543487668,35.11332891496867,0 33.12924071256493,35.11351612497409,0 33.12919122413971,35.1137132323358,0 33.12929058116231,35.11377375707264,0 33.12959728662646,35.11381402639584,0 33.12972225732646,35.11317979921972,0 33.12936596332705,35.11315272930283,0 33.12918187914146,35.11313099609142,0 33.12926228015431,35.11269397600967,0 33.12856068169488,35.11259761582019,0 33.12793875725588,35.11246843368733,0 33.12740401685507,35.11220754811823,0 33.1269899413723,35.1118519866794,0 33.12653600876727,35.11207767967469,0 33.12572447180648,35.11214289735197,0 33.12563929842325,35.11154309686168,0 33.12586028824007,35.11156351264362,0 33.12614546748097,35.11092029674731,0 33.12573293112575,35.11078910309982,0 33.1254877776064,35.11103295796634,0 33.12541948955543,35.11129031109449,0 33.12526362333793,35.11141462534835,0 33.1252064798266,35.11152871283477,0 33.12522305330774,35.11174121320272,0 33.12529036622498,35.1118960880347,0 33.12537976760605,35.11205340894626,0 33.12548334615946,35.11223323235046,0 33.12526566969314,35.11218054376494,0 33.12510858687086,35.11235130424101,0 33.12496827918952,35.11244559678493,0 33.12475280534133,35.11240305218897,0 33.12459772250039,35.11240410587894,0 33.12446019749191,35.1124863250871,0 33.12393516896012,35.11270454100169,0 33.12441814426096,35.11286944790466,0 33.12463547829895,35.11312218568297,0 33.12469096496323,35.1132586427323,0 33.12448934259154,35.11343863445639,0 33.12449350887292,35.11365492721278,0 33.1242890155127,35.11366310190483,0 33.12422768855049,35.11346793369144,0 33.12376967581645,35.11347727385339,0 33.12375931074729,35.11302849379725,0 33.12342599090518,35.11269472039536,0 33.12280795100464,35.11261409761476,0 33.12277783258996,35.11254279679821,0 33.12283423714001,35.11226908492174,0 33.12321943229342,35.11221993220926,0 33.12303557159991,35.11209919380917,0 33.12305198585813,35.11184895366107,0 33.12285779897539,35.11193411938363,0 33.12226707501826,35.11193890184803,0 33.12216860146655,35.11175313384383,0 33.12186941188647,35.11180798474938,0 33.12157999506647,35.11177209993106,0 33.12124750162499,35.1117838754342,0 33.12136957682824,35.11135181978628,0 33.12079130090537,35.11125986391901,0 33.12100003562442,35.1110881001587,0 33.12069410883132,35.11074479180552,0 33.12005432321199,35.10981115607485,0 33.11973104887655,35.10947359175623,0 33.11959030050489,35.10949311372018,0 33.11952270216962,35.10935038514859,0 33.1191060232322,35.10938481177901,0 33.11805017607538,35.10940291361287,0 33.11813016426149,35.10926066243378,0 33.11819671549029,35.10909470907396,0 33.11850272549241,35.10890454611351,0 33.11853616673879,35.1087408387837,0 33.11893601431292,35.10858773099385,0 33.11889513909479,35.10842755695915,0 33.11933322606595,35.10835971990746,0 33.11915797402011,35.10789515707552,0 33.11945705095737,35.10780999037453,0 33.11945870065765,35.10759342737798,0 33.11883639597032,35.1076884203322,0 33.11874229166437,35.1072200977144,0 33.11851821886608,35.10727100333244,0 33.11858670937346,35.10741790698158,0 33.11832411878083,35.10765259180167,0 33.11773225289188,35.1070273568166,0 33.11729719525511,35.10726930089449,0 33.11713929582118,35.1068797391302,0 33.11703755481257,35.10691346093876,0 33.11687993511526,35.106489526818,0 33.11665446198312,35.106522433665,0 33.11630441050484,35.10666578973315,0 33.11568001739658,35.1067708940555,0 33.11565409904326,35.10660280553126,0 33.11569344979387,35.10617134158726,0 33.11536559833693,35.1061558342245,0 33.11520507292679,35.1061183646496,0 33.11498983276544,35.10611897101528,0 33.1146337813388,35.10609639881356,0 33.11432500465382,35.10604177547467,0 33.11420666013434,35.10599245179413,0 33.11390149125756,35.10579627530073,0 33.1136080502934,35.10568513523753,0 33.11338571065097,35.10565536512766,0 33.11277300205288,35.10558664056744,0 33.11256695294345,35.1056924738997,0 33.11230699912824,35.10573728077361,0 33.11205027917705,35.10568706539089,0 33.11188139046631,35.10547161268583,0 33.11168152939747,35.10573924221145,0 33.11163348580918,35.10587642723533,0 33.11169244456223,35.10592332386343,0 33.11172147169678,35.10600439893089,0 33.11159613237447,35.10622600202826,0 33.11145726761209,35.10628169999343,0 33.11139488579073,35.10635610215213,0 33.11175445605473,35.10652632823795,0 33.11180066249293,35.10662370028697,0 33.11197669862541,35.10687360742384,0 33.11266076230758,35.10665976822069,0 33.11270365397385,35.10686633819484,0 33.11256701887876,35.106948342147,0 33.11259880606409,35.1076260631883,0 33.11213184178304,35.1075824512152,0 33.11204106723369,35.10749285371314,0 33.11180664406699,35.10743666700962,0 33.11160357550749,35.10748180389569,0 33.11159223233516,35.10735230674812,0 33.11150224950727,35.10716363937993,0 33.11127050532815,35.10724554271061,0 33.11098947100393,35.10699033578202,0 33.11041070666177,35.10673169038582,0 33.1102706004846,35.10663572652063,0 33.11028815261062,35.10660349500586,0 33.1100530090693,35.1063390956933,0 33.1098570794386,35.10611742876459,0 33.10971294095708,35.10559691469084,0 33.10985200587024,35.10550887678306,0 33.11011835212115,35.10526195481299,0 33.11027166239223,35.10524880359094,0 33.11057036132603,35.10497579047163,0 33.11032484775826,35.10477202732751,0 33.11089512840399,35.10484647838111,0 33.11148696903476,35.10501812960182,0 33.11208073681031,35.10463980134529,0 33.11156480986754,35.1042341117989,0 33.11163959620425,35.10415371183019,0 33.11165845350727,35.10395568219876,0 33.11157031434195,35.10384795987228,0 33.11125161173482,35.10382976116418,0 33.11123384388302,35.10357489960996,0 33.11127592917633,35.10325167682078,0 33.11125055683437,35.1030210341535,0 33.11106340313626,35.10293495141175,0 33.11103659520775,35.10257289942893,0 33.11088570981283,35.10259015803835,0 33.11083765552607,35.10241599865915,0 33.11077404542836,35.10233474039505,0 33.11061575659993,35.10235195675639,0 33.11041468740925,35.1021546270855,0 33.11004451290655,35.10178444891879,0 33.10997307457145,35.10175773367717,0 33.10987248448154,35.10166817851447,0 33.10996933033527,35.10160610779894,0 33.10976379197046,35.10135421227276,0 33.10985076757751,35.10129005840585,0 33.10966443348982,35.10107808598,0 33.10964246330278,35.10105309255562,0 33.10956674755171,35.10096695892862,0 33.10930985994272,35.10065213181088,0 33.10948087507882,35.10058039544479,0 33.10964202751582,35.10072760462764,0 33.10966399101224,35.10074766733327,0 33.10989293145805,35.10095679777047,0 33.11025782716968,35.10074068908605,0 33.10995358598129,35.10047205418856,0 33.11048189587647,35.10021242775247,0 33.11040379029619,35.10009068290461,0 33.1102539422714,35.0999806450054,0 33.11035394711906,35.09983165779276,0 33.11051915594246,35.09977586672157,0 33.11058693891919,35.09962122797598,0 33.11059524396478,35.09936453863858,0 33.11030418857143,35.09924923545033,0 33.10997592011805,35.0992089204905,0 33.10996777384412,35.09930184730334,0 33.10972326239038,35.09929435723107,0 33.10966204548645,35.099294788502,0 33.109640109448,35.09929494355153,0 33.10940952328323,35.09929656795883,0 33.1085589672263,35.09909961750606,0 33.10868110156124,35.09864765871603,0 33.10830726802956,35.09845353142982,0 33.10809371036375,35.09829266927101,0 33.10790840326515,35.09799659760116,0 33.10760695630704,35.0977140255571,0 33.1072435767151,35.09746143265018,0 33.10712956748944,35.09751736064447,0 33.10693579621895,35.09736069844796,0 33.10656095026444,35.09700706698726,0 33.10628457367316,35.09669037812252,0 33.10634019813924,35.0965250381274,0 33.10631450690362,35.09634308516996,0 33.10629660799277,35.09611269604483,0 33.10634997368438,35.09592108091275,0 33.10641514584739,35.09579619332391,0 33.10662626196187,35.09563169464664,0 33.10678261515517,35.09552547693848,0 33.10692419577614,35.09541513456762,0 33.1070828486165,35.09533114419524,0 33.10732293580241,35.09525162919507,0 33.10759520807056,35.0951621822372,0 33.10796153818219,35.09504494692069,0 33.10816375352754,35.09495273420745,0 33.10843623032713,35.09478477657776,0 33.10848562781157,35.0947398924855,0 33.10876731589418,35.09445957549968,0 33.10890750622496,35.09474061132717,0 33.10912697952183,35.09505522631375,0 33.10935236045945,35.0952867946607,0 33.10950995970536,35.09534624306055,0 33.10961053548862,35.09543367851409,0 33.10963492797823,35.09542424480576,0 33.10965685183648,35.09541576611885,0 33.10973936990836,35.09538385264767,0 33.10999959393496,35.09558734256724,0 33.11018047361446,35.09551758653608,0 33.1099808920443,35.09514062541871,0 33.11013921860153,35.09511115963743,0 33.1102582801462,35.09504914687335,0 33.11034644473162,35.09514662212974,0 33.11056301940015,35.09525085267698,0 33.11085103138654,35.09538376632225,0 33.11111010002494,35.09542962297445,0 33.11138196752416,35.09542097778658,0 33.11149252434955,35.09550242072896,0 33.11200366117261,35.0955536835783,0 33.11198555505248,35.09534134266405,0 33.11164888320247,35.09510102896508,0 33.11138059892529,35.09496619981181,0 33.11178897486224,35.09476812333119,0 33.11208137301479,35.09465494507798,0 33.11205692918426,35.09474592839041,0 33.1120136423362,35.09491094595647,0 33.11215733854883,35.09518055114504,0 33.11229383450697,35.09542385056606,0 33.11238705245272,35.09551329436792,0 33.11244777708139,35.09533370990273,0 33.11247974397543,35.09503874864448,0 33.11234405276694,35.09474640908133,0 33.11228282067904,35.09463886318323,0 33.11212828297309,35.09448652219664,0 33.11196687918174,35.09421066756878,0 33.11182744133796,35.09410865618425,0 33.11187904148286,35.09343136760932,0 33.11169408586598,35.09264535941932,0 33.11159483796234,35.09244253356246,0 33.11136317380553,35.09223960845138,0 33.11114795941304,35.09237461323291,0 33.1109328537095,35.09217170276558,0 33.11015524357484,35.09123172232526,0 33.10984901687866,35.09138018264443,0 33.10973319983358,35.09126520760044,0 33.10965134689463,35.09130343488814,0 33.10962942649,35.09131367313555,0 33.10888078106085,35.09166330749754,0 33.1086409196033,35.09131847221845,0 33.10727551993257,35.09200672923741,0 33.10694468627564,35.09162129836763,0 33.10673217243917,35.09174080125048,0 33.10659121680759,35.09155642113998,0 33.10625296947592,35.0909515167921,0 33.10634463211657,35.09091127484226,0 33.10622482099209,35.09075570295345,0 33.1065304260169,35.09017060013266,0 33.10633757468042,35.09007891530263,0 33.10677647077454,35.08957663937021,0 33.10705326302246,35.08925987184945,0 33.10721376864745,35.08943854178174,0 33.10760157989099,35.08943174506253,0 33.10805660097051,35.08896752317816,0 33.10809459114147,35.08885386515094,0 33.10769734702731,35.08870891782643,0 33.10778824871353,35.08859536883202,0 33.10802198306916,35.08844412527522,0 33.107917298168,35.08818076030558,0 33.10823972559092,35.08786500134264,0 33.1082156286977,35.08758851396968,0 33.1079497100469,35.0875356901148,0 33.10808681710655,35.08714080883297,0 33.10852195841992,35.08723981017407,0 33.10858650381424,35.08697653214281,0 33.10877991856684,35.08697664545068,0 33.10881369388427,35.08665022915952,0 33.10867675503685,35.08660893646261,0 33.10840825724156,35.08663527724249,0 33.10839028731122,35.08646010427702,0 33.10860657669718,35.0862673974441,0 33.1091327178564,35.08641194829386,0 33.10933455878543,35.08637084496557,0 33.10934485431748,35.08610316601165,0 33.1096224419674,35.0860938129175,0 33.10964407432154,35.08609308394755,0 33.10964437347589,35.08609291421113,0 33.10979819196603,35.08600535133899,0 33.10979825770114,35.0857843460304,0 33.10964384136755,35.08569526912032,0 33.10962189182283,35.08568260695971,0 33.10956716066266,35.08565103389117,0 33.10930540125328,35.08556105742055,0 33.10951993811788,35.08513043469886,0 33.10929231175522,35.08502161122729,0 33.10897312067306,35.0849409982896,0 33.10899696177497,35.08469411358678,0 33.10927880589213,35.0847552868598,0 33.10948268342036,35.08434480595428,0 33.1096201185993,35.08435715287789,0 33.10964205348336,35.0843591242742,0 33.10970002518964,35.0843643316044,0 33.10964223808769,35.08449708926555,0 33.10962037300293,35.08454732054602,0 33.10960826848026,35.08457512841805,0 33.10962041624669,35.08457964524504,0 33.10964235947053,35.08458780484682,0 33.10986973760632,35.08467235459501,0 33.11036890548343,35.08488899267782,0 33.11047755722365,35.08497504827088,0 33.11069509970103,35.08437868114592,0 33.11056029991695,35.08386518148055,0 33.1105980198225,35.08315665559727,0 33.10974717005931,35.08307585950516,0 33.10982457581234,35.08288632188793,0 33.11033446941537,35.08263951762621,0 33.11048570446437,35.0824988321865,0 33.11067558375296,35.08247018605,0 33.11087249241729,35.08246452108031,0 33.11122054636507,35.08263701178475,0 33.11158276666318,35.08251651410198,0 33.11190431193907,35.08254582931713,0 33.11165820880647,35.0829931012747,0 33.11161114850906,35.08302452736115,0 33.11144681204734,35.08306424250192,0 33.11177895218545,35.08323398607332,0 33.11185067481568,35.08324018387834,0 33.11201678606839,35.08320633386268,0 33.11265492718714,35.08276253497939,0 33.11307765806887,35.08306492328599,0 33.11340715592591,35.08304084799918,0 33.11390696760941,35.08359091881356,0 33.11378041320337,35.08401821275738,0 33.11411748319266,35.08409866732784,0 33.11459529332458,35.08339616775189,0 33.11491142508554,35.08315822857291,0 33.11484828127211,35.08296602737153,0 33.11542894846781,35.082901437753,0 33.11552069732509,35.08268923930718,0 33.11605323542499,35.08270088554836,0 33.11612342856456,35.0823660967792,0 33.11660342749189,35.08239488624105,0 33.11680651778685,35.08274981320406,0 33.11702373586122,35.08280426650641,0 33.11746182420536,35.08254114268068,0 33.11754596409425,35.08242097553628,0 33.11745485920849,35.08235177202408,0 33.11758475275499,35.08216586629276,0 33.11762549352576,35.08204628651305,0 33.11752092440892,35.08160874449179,0 33.1173596396074,35.08160457568459,0 33.11719845891383,35.08132047655556,0 33.11661390428808,35.08107329595818,0 33.11633171928474,35.08094147716431,0 33.11607976369903,35.08084260165329,0 33.11589338836732,35.08057908434312,0 33.11501157154782,35.0802460070667,0 33.1147743056755,35.08011645955862,0 33.11480746167862,35.07988202138046,0 33.114737988385,35.07976992939881,0 33.11487627325376,35.07953753795505,0 33.11524141058496,35.07933952372579,0 33.11532982128706,35.07901270896771,0 33.11579711848425,35.0787168652734,0 33.11597419369384,35.07834326297725,0 33.11673466077925,35.07862222918126,0 33.11719785758996,35.0790381914304,0 33.11721969254172,35.07910456409678,0 33.11720985817057,35.07930657633287,0 33.11726034657377,35.07935576555213,0 33.11804655081699,35.07975006264333,0 33.1182753351769,35.07953582836939,0 33.11848473734855,35.07971175786464,0 33.11832859196234,35.07991381386431,0 33.11844921496307,35.08003445243801,0 33.11826989686793,35.08016082470382,0 33.11835959888658,35.08025148629291,0 33.11868838790331,35.08076221612281,0 33.11872698953102,35.08077231745916,0 33.11915939231774,35.08075730397186,0 33.11924434510633,35.08071570398582,0 33.11933240802826,35.08062239389125,0 33.11937260065717,35.08052023929778,0 33.11938344281055,35.08043699643477,0 33.11922532519955,35.08025288824483,0 33.11909724524537,35.08010885251972,0 33.11941904510574,35.07958682293575,0 33.12001121630057,35.07944753849546,0 33.11978992072198,35.07913814626641,0 33.11966113005022,35.07908886501458,0 33.11960573386182,35.07851254908693,0 33.11946860426443,35.07824826656648,0 33.11940410067136,35.07823985678093,0 33.11846047775612,35.07823954718702,0 33.11831256571868,35.07824109146715,0 33.11760596831272,35.07808608888305,0 33.11749986375231,35.07807837284501,0 33.11726100214064,35.07807726451927,0 33.11698872783604,35.07782314071135,0 33.11688272330243,35.07667422969566,0 33.11667227876885,35.07644218338717,0 33.11669063063648,35.07633025132517,0 33.11664143382088,35.07606600345835,0 33.11726139074161,35.07547009512059,0 33.11759892649716,35.07568411335599,0 33.11800418389328,35.07529649659844,0 33.11875008121837,35.07534003533514,0 33.11906153651466,35.07507442608117,0 33.1197207752551,35.07561158545949,0 33.12085791263603,35.07612216722355,0 33.12129049454904,35.07623245722257,0 33.12192393171073,35.07671916362629,0 33.12241215055156,35.07646144559688,0 33.12241390931575,35.07620151781959,0 33.12338772022922,35.07595313920965,0 33.12405837371404,35.07588595671182,0 33.12421824389886,35.07688776378365,0 33.12425799337833,35.07730353357531,0 33.12459172818924,35.07799154201442,0 33.12443901974568,35.07844685151321,0 33.1245731663091,35.07877005428517,0 33.12504486774613,35.07957328536628,0 33.12512625572256,35.07962929650811,0 33.12518793893885,35.07956837649187,0 33.12570417279645,35.07869179733596,0 33.12593812117086,35.07829799026038,0 33.12667623990577,35.07785093335822,0 33.12709237660297,35.07771938528049,0 33.12752169286198,35.07766018035991,0 33.12779360131151,35.07773925840264,0 33.1278271690128,35.0778228140102,0 33.12779830857196,35.07810627385088,0 33.12770048369661,35.07853961166332,0 33.12771989242341,35.07871768209819,0 33.12783464818881,35.07889619831988,0 33.12805195253036,35.0790084395931,0 33.12826311490308,35.0790038382809,0 33.12865875250586,35.07889438579945,0 33.12980381007948,35.07871095624122,0 33.13023011186658,35.07862137266996,0 33.13090395132789,35.07833158670059,0 33.13154076805608,35.07796236383051,0 33.13195342546943,35.0775921737935,0 33.13206608926534,35.07746460901441,0 33.13226697684173,35.07762408399911,0 33.13224355949988,35.07783134950134,0 33.13242982180779,35.07792978186326,0 33.13227228001059,35.07806936492027,0 33.13249809913777,35.07815629703254,0 33.13272191591314,35.0782665793799,0 33.13265094287609,35.07861339733331,0 33.13273212229574,35.07878311897132,0 33.13252723512673,35.07942446665567,0 33.1324952529324,35.07943307766594,0 33.1321898419809,35.07949572668504,0 33.13171906572188,35.07983813854001,0 33.13173078620868,35.07994626590396,0 33.13122640493659,35.08027168639091,0 33.13039470079786,35.08083238397678,0 33.13190197118563,35.08174280855555,0 33.13248906057952,35.08221056998892,0 33.13304190449467,35.08266536770667,0 33.13390776102339,35.08310860945284,0 33.13346459240201,35.08382199808935,0 33.13368540599502,35.08390409460324,0 33.13379727477555,35.08376215616045,0 33.13458115177757,35.08307796591211,0 33.13485932836032,35.08325592338922,0 33.13544253904539,35.08258896922332,0 33.13582018212561,35.08251354825254,0 33.135614489846,35.0822982411207,0 33.13687164127139,35.08158634434358,0 33.13719155223903,35.08201967705705,0 33.13756086174268,35.08245984418599,0 33.13774494347099,35.08229867138893,0 33.13838686582147,35.08296130890135,0 33.13861569615627,35.08302733850938,0 33.13882524491172,35.08283414466695,0 33.13936256739199,35.08259510867657,0 33.13948739799189,35.08266367280427,0 33.13988667449064,35.08251568374858,0 33.13984846965624,35.08244836958615,0 33.14106513981675,35.08205720851279,0 33.14127579252441,35.08216949413341,0 33.14138766331191,35.08262434659273,0 33.14151820122057,35.08289738431107,0 33.14145830352665,35.08327493423454,0 33.14145461537443,35.08392653153365,0 33.14171409625975,35.08407603558516,0 33.14201308515971,35.08387597291706,0 33.14258493631542,35.08342281970975,0 33.14294822977357,35.08287150144231,0 33.14318855621303,35.08299235995369,0 33.14343251075332,35.08305863032946,0 33.14354919446382,35.08292875435203,0 33.14414686748908,35.08326935258042,0 33.144375539846,35.08323824857403,0 33.144585583637,35.08326962807452,0 33.14491123667607,35.08334519258251,0 33.14529359225374,35.08367870380562,0 33.14556410367135,35.08354495111924,0 33.14569699374595,35.08359344358853,0 33.14581336904322,35.08360120371682,0 33.14613843989352,35.08395215678652,0 33.1464264337728,35.08381459697648,0 33.14573755651524,35.08258379147743,0 33.1464756504423,35.08298515315678,0 33.14679874894855,35.08319228706948,0 33.1472314302458,35.08350024645992,0 33.14746265216974,35.08371622028987,0 33.14781640873529,35.08412841211903,0 33.14842165479855,35.0843762036687,0 33.14852012795471,35.08441409485508,0 33.14882223973319,35.08468789599009,0 33.14896481382392,35.0851214535898,0 33.14943409007342,35.08547677623579,0 33.15068232359758,35.08684670627307,0 33.15104800788257,35.08656432597368,0 33.15134041934654,35.08634570741334,0 33.1513941331924,35.08639108516012,0 33.15158669152642,35.0861993608164,0 33.15090122440276,35.08571508902956,0 33.15052787927629,35.08539351827981,0 33.15012351053581,35.08501277807272,0 33.15040400669209,35.08476564580195,0 33.1500538211568,35.0842844674121,0 33.14979246924189,35.08383097339144,0 33.1490738309105,35.08292537656359,0 33.14937986305925,35.08263814820745,0 33.14890795095893,35.08241874371611,0 33.14879750479083,35.08211544233743,0 33.14869168253747,35.08170693915984,0 33.14880049566213,35.08160117700503,0 33.14891492564661,35.08146309844084,0 33.14845218443697,35.08104147095703,0 33.14878514705241,35.08078828994539,0 33.14870066661975,35.0802969339777,0 33.14868615067291,35.08021186720742,0 33.1492292220497,35.07974739688045,0 33.14929110342761,35.07972680361168,0 33.14964615464861,35.07972285772338,0 33.1497583199065,35.07976682010341,0 33.15019306954552,35.07952946450059,0 33.15036813423458,35.07940088515206,0 33.15026780006945,35.07929608207989,0 33.15114626024012,35.07872001014937,0 33.15159765054457,35.0791794740984,0 33.15218463817537,35.0787629972429,0 33.15243207492107,35.07892980527672,0 33.15304805482508,35.07868739614495,0 33.152877397744,35.07849990878546,0 33.15341936658035,35.07804921806169,0 33.15394512436921,35.07772016713476,0 33.15462301121614,35.07823513068261,0 33.15609661495931,35.07731132408246,0 33.15513354111926,35.07657705975927,0 33.15532787382224,35.07612619700503,0 33.15538282790425,35.07590099265897,0 33.15539366913644,35.07573681295543,0 33.15557974584787,35.07571958632534,0 33.15568384160984,35.07569875624669,0 33.15601960076313,35.07549430197938,0 33.15619458119448,35.07535556432576,0 33.15654459902834,35.07508416191956,0 33.15660607575754,35.07502101229975,0 33.15669152852479,35.07486857619287,0 33.15684586997076,35.07490825623119,0 33.1569301594504,35.0748936118702,0 33.15715276501899,35.07480121156912,0 33.15717992289424,35.07471495325547,0 33.15719905136809,35.07472827843191,0 33.1574797203019,35.07502223197669,0 33.15795060109001,35.0756021025014,0 33.15811172960959,35.07586857545733,0 33.15851080219195,35.07642250803192,0 33.15863931079782,35.07673995735423,0 33.1587469472132,35.07698270019758,0 33.15932669192586,35.07678681509419,0 33.15987775065018,35.07662482760738,0 33.15994270288922,35.07677852975019,0 33.16049678071242,35.07665884430521,0 33.16100389339945,35.07759243419038,0 33.16120593810725,35.07751314142912,0 33.16146082530877,35.07734283871083,0 33.16150550768673,35.07730407875388,0 33.16182172531676,35.07760046716135,0 33.16181548309853,35.07784498257291,0 33.16212788671388,35.07838793572337,0 33.16199742147449,35.07858880743449,0 33.16205928394628,35.07878476183856,0 33.16194290105149,35.07886701818466,0 33.16202556922295,35.07898469207141,0 33.16180405164403,35.07905572004702,0 33.16194113501987,35.07929679720689,0 33.16192010787422,35.07954719960635,0 33.16145125573443,35.08005687171708,0 33.16178941685627,35.08029088448641,0 33.16181637136521,35.08031422942351,0 33.16214639610368,35.08068578270105,0 33.16228063610197,35.08073780137477,0 33.16247673421692,35.08086156537715,0 33.16289589424033,35.08110723805276,0 33.16285334453872,35.08122167751389,0 33.16333175696837,35.08186704196768,0 33.16381530975072,35.082030613074,0 33.16443124686712,35.0821798136559,0 33.16471723267016,35.08224876507126,0 33.1649412061751,35.0821091290137,0 33.16532541254888,35.08199249104484,0 33.16568972277162,35.08237977877999,0 33.16625119666871,35.08230433539048,0 33.1665885804484,35.08238362595893,0 33.16650379822313,35.08257533803587,0 33.16625177817814,35.08254177888551,0 33.16599797312295,35.08273559533739,0 33.16627305971709,35.08295038791308,0 33.16729494362189,35.08336343483079,0 33.16708713404767,35.08378191536088,0 33.16718487217409,35.0838136420472,0 33.16706587793382,35.08415110893063,0 33.16666506357103,35.08403219511051,0 33.16637930189912,35.08439290349305,0 33.1659504842496,35.08487661569228,0 33.16565590640976,35.08511048740338,0 33.16648636729135,35.08557698751941,0 33.16652291680075,35.08560234999985,0 33.16630613719145,35.08591013781897,0 33.16655577077478,35.08609871895998,0 33.16647262022492,35.08623615002383,0 33.16738918657094,35.08667402471126,0 33.1679612913379,35.08572800925907,0 33.16857075662153,35.0859668820135,0 33.16946213535385,35.08459588880428,0 33.16977700966996,35.08475259371409,0 33.16954051513154,35.08507941494173,0 33.16996295698583,35.08526993510196,0 33.16999950283651,35.08529731119988,0 33.16961167989803,35.08586589827577,0 33.17013661593521,35.08611539002668,0 33.16991482761187,35.08643931036234,0 33.17041325436389,35.08663432142213,0 33.17063009693772,35.08631640335118,0 33.1708767438659,35.08643050045513,0 33.17114414159167,35.08590750706328,0 33.17212268524202,35.08613834705288,0 33.17210026450805,35.08651371946972,0 33.17199658911466,35.08677590573645,0 33.17198288289432,35.08680603239446,0 33.17189344632281,35.0869666189577,0 33.17167965248235,35.08720505188061,0 33.17165110407075,35.08741631785402,0 33.17159513733479,35.08757959800091,0 33.17147266544409,35.08805132142426,0 33.17137269149605,35.08829294152176,0 33.17217142539329,35.08875402609814,0 33.17244595950466,35.0886608994885,0 33.17251014263064,35.08876273462251,0 33.17253850847218,35.0888077387966,0 33.17244727413286,35.0888290544934,0 33.17222419660917,35.08913563664361,0 33.17190139198893,35.089501807092,0 33.1718849994438,35.08952040214776,0 33.17156074833557,35.09002524353325,0 33.17173530094017,35.09004487802289,0 33.17231978155974,35.08977582161788,0 33.17243066961051,35.08979517417922,0 33.17236116971757,35.08995584894313,0 33.17264881170427,35.09008950784366,0 33.17247957268114,35.09044043898585,0 33.17296632753874,35.09054893113341,0 33.17302439928743,35.09044541022372,0 33.17457383386615,35.0908250370967,0 33.17448588842964,35.09128734699835,0 33.17530108671865,35.09134812355209,0 33.17535927918014,35.09166842321897,0 33.17569052580513,35.09177780524049,0 33.17585173290625,35.09205085922606,0 33.17599617005477,35.0920115004117,0 33.17606498963727,35.09148119302482,0 33.17608308271121,35.09134121066887,0 33.1760149665961,35.09131783135898,0 33.17638644266257,35.09070728734338,0 33.17663259546623,35.09066476273831,0 33.17669869524767,35.09039058637431,0 33.17720527349817,35.09057959550502,0 33.1775265758487,35.09049479294069,0 33.17759794905729,35.09028807462892,0 33.17676300904284,35.09008127457927,0 33.1768525872698,35.08959342173405,0 33.17673098330174,35.08950364429085,0 33.17648434848659,35.08932128341423,0 33.17610659192243,35.08939351569533,0 33.17595724476397,35.08912527448626,0 33.17609712985171,35.0889690566105,0 33.17694730985073,35.08911258959802,0 33.17735940096097,35.0891035539527,0 33.17760059298265,35.08914115044638,0 33.17791223624194,35.08933606412855,0 33.17811600443485,35.08946366832577,0 33.17833518545667,35.08960108933771,0 33.17819170986819,35.08967719924793,0 33.1783768006758,35.08986526929455,0 33.178202700006,35.0900131073396,0 33.17864258266432,35.09019939696371,0 33.17882080496289,35.09037342069718,0 33.17852733328708,35.09067323313086,0 33.17869763200338,35.0911339982565,0 33.17894020264809,35.09101698147924,0 33.1793566642413,35.09143802735532,0 33.1795983262633,35.09168644971552,0 33.17957784277647,35.09170334638848,0 33.17979181855846,35.09180282293083,0 33.17974764993844,35.09193641469796,0 33.17964167600429,35.091959060189,0 33.17954101307649,35.09206462500046,0 33.17946915363293,35.09204786504174,0 33.17939754354486,35.09214495311157,0 33.17958585383267,35.0922374396615,0 33.17993836148686,35.09234373810131,0 33.17980374727922,35.09256320103073,0 33.17988754705155,35.09256588824838,0 33.18006560105004,35.09265979546323,0 33.17992128870757,35.09313508121252,0 33.17995633614545,35.09352014693502,0 33.17884363343113,35.09299752707268,0 33.17862053597151,35.093420923137,0 33.17881900084661,35.09346420220353,0 33.17916704327595,35.09387269990006,0 33.17903054572771,35.09401486046734,0 33.17929432335941,35.09420702956428,0 33.17903848591914,35.09451803162909,0 33.17870774958072,35.09498796881442,0 33.17872381498952,35.09529716383733,0 33.17919075287151,35.09533020734293,0 33.17922949943874,35.09506169234654,0 33.17943134209619,35.09508388226548,0 33.17952159364189,35.09490805709306,0 33.17989399192947,35.09472197376581,0 33.18023793260631,35.09481563446349,0 33.18048892277442,35.09463535182334,0 33.18076314342002,35.09413316667806,0 33.18080533492614,35.09387870172391,0 33.18098946918968,35.09362683556629,0 33.18084135924651,35.09315479566404,0 33.18125711061089,35.09324553487868,0 33.18171723490233,35.09329544519866,0 33.18206488071799,35.09274957537482,0 33.1826350751756,35.09154698235225,0 33.18314146678099,35.09164320069966,0 33.18401931884988,35.09190751893102,0 33.18389332306475,35.09215227327036,0 33.18426453921161,35.09221074235757,0 33.18421932220159,35.09263528359495,0 33.18511564040435,35.09274073956832,0 33.1852066081823,35.09213200287756,0 33.18542384916746,35.0921597814318,0 33.18563596734726,35.09219037894535,0 33.18564573654998,35.09197391135803,0 33.1858792426555,35.09163341274544,0 33.18607955680026,35.09098515284917,0 33.18646437579582,35.09101126697438,0 33.18647541200866,35.09060083310568,0 33.18680370824095,35.09058767737783,0 33.18680977587126,35.09024893326974,0 33.18673902396538,35.08996793480047,0 33.18748977196405,35.08998926480354,0 33.1876412622706,35.08968262306878,0 33.18792349731594,35.08971873019614,0 33.18810417982112,35.08946685845978,0 33.18823725398115,35.08933312564172,0 33.18841467364805,35.08915013006206,0 33.18864920884678,35.08926502010084,0 33.18869386543348,35.08935068852543,0 33.18880170946395,35.08939971438112,0 33.18892497243647,35.08946136564826,0 33.18905670743936,35.08948927180348,0 33.18910000199475,35.08972533484804,0 33.18923191713652,35.08983054390595,0 33.18922043058358,35.09003998710761,0 33.18926334274329,35.09011019699697,0 33.1894296408522,35.09029406263783,0 33.18945551228439,35.09038959903098,0 33.18960296083068,35.09055662753633,0 33.18969053306329,35.09071250531331,0 33.1899710073878,35.09072471666566,0 33.19038316376133,35.09074093660352,0 33.19041265305189,35.0909207987792,0 33.19037748651609,35.09124131705807,0 33.1900252734217,35.09126576416868,0 33.18964044998945,35.09123825515217,0 33.18965789465275,35.09138721517363,0 33.18968531698758,35.09141387753446,0 33.18985652431431,35.09150075277108,0 33.18982497466916,35.09190700306697,0 33.18992978990875,35.09212329155402,0 33.19008426540139,35.0923690188604,0 33.1901187078284,35.09247297435558,0 33.19009832743851,35.09253344421865,0 33.19001134909783,35.0926347794299,0 33.18987831160098,35.09278538039874,0 33.18979846313662,35.0928812967152,0 33.18961415210107,35.09317512824948,0 33.18980559944465,35.09313968986348,0 33.18988557214504,35.09296668365226,0 33.18996939218499,35.09297779658323,0 33.18997843229491,35.0931886128874,0 33.19087486747875,35.09333900294895,0 33.19121364488459,35.09341577432361,0 33.1913097908774,35.09357866473812,0 33.19127621950902,35.09384858073526,0 33.19041267058456,35.0938710230057,0 33.19039754364796,35.09398489514056,0 33.19062705653552,35.09413914388215,0 33.19044279397086,35.09432355860713,0 33.19027853258365,35.09428446172364,0 33.18989215340966,35.09433004429764,0 33.18991139160465,35.09451414024979,0 33.18990516385524,35.09477839089638,0 33.19001631804021,35.09477681055622,0 33.19004430254519,35.09504522438576,0 33.19006326729244,35.09511125555474,0 33.19013536321706,35.09522780148642,0 33.19065038126067,35.09534365266548,0 33.1912355403994,35.0954692299627,0 33.19156917660413,35.0955375738974,0 33.19166978437654,35.0954137276421,0 33.1917944952372,35.0953587146708,0 33.19194466822567,35.09501679946958,0 33.19185145776535,35.09485403656352,0 33.19172831278028,35.09484720393404,0 33.19181781349151,35.09436215217625,0 33.19192898024206,35.09436619307343,0 33.19208115490138,35.09328543904211,0 33.19218329515338,35.09324691849575,0 33.19235001304685,35.09326309320404,0 33.1923485931727,35.09360467306612,0 33.19271750500182,35.09360043387701,0 33.19261033528234,35.09431073047381,0 33.19382181824124,35.09417432553535,0 33.19368501031752,35.09315100574813,0 33.19368042275214,35.09263013008398,0 33.19392027581034,35.09262505308399,0 33.19392809574875,35.09239216786698,0 33.19408639461821,35.09240173278167,0 33.19408162114757,35.09262831586405,0 33.19437577780285,35.09264427383295,0 33.19435692159983,35.09268160270346,0 33.19430986265644,35.09279223455891,0 33.19433535969868,35.09292693052164,0 33.19439848182937,35.09303695579957,0 33.19438126189535,35.09322126725685,0 33.19438753235993,35.093456697104,0 33.19419103464351,35.09354900378741,0 33.19418604517728,35.0937463669948,0 33.1940991338107,35.09391694969488,0 33.19411879376752,35.09414687570686,0 33.19415392758565,35.09425362869528,0 33.1942371954316,35.09436963238952,0 33.19446591637442,35.09442610974455,0 33.19475474405088,35.09461833836683,0 33.19472030988516,35.09492670096535,0 33.19489279152217,35.0949948293195,0 33.19514731051862,35.09505415383877,0 33.19557492675295,35.09489089159568,0 33.19565294541734,35.09480554352482,0 33.19593674425056,35.09481256157493,0 33.1958781603874,35.09465716353384,0 33.19616842279887,35.09432477810063,0 33.1966576950413,35.09429707299955,0 33.19638042922596,35.09397906244141,0 33.19584769296441,35.09408757252059,0 33.19555426956724,35.09385779745676,0 33.19547055529557,35.09384298161304,0 33.19527557032615,35.09369976390135,0 33.19526812352756,35.09362800995234,0 33.19548953398424,35.0934108608263,0 33.19588781613522,35.09336985011407,0 33.19622034152739,35.0932168106267,0 33.1961215097598,35.09296579015442,0 33.19585978955391,35.0930604053655,0 33.19573387385445,35.09289315510441,0 33.19599910986059,35.09274770022758,0 33.195874938738,35.09254905018648,0 33.19567118252736,35.09254040829752,0 33.19545614439354,35.09237778694212,0 33.19528517491112,35.09238703326462,0 33.19527761308028,35.09226743611488,0 33.19541763444415,35.09224777338186,0 33.19547184184382,35.09209518413648,0 33.19538760269889,35.09185909121947,0 33.19602944199608,35.09173994051485,0 33.195894024353,35.09140226213493,0 33.19641975439141,35.09141337252666,0 33.19662031399337,35.092365439429,0 33.19669935235959,35.09270619839077,0 33.19669950673571,35.09277048777597,0 33.19673978097315,35.09287657636923,0 33.19708328028749,35.09350546398397,0 33.19722553928631,35.09365922995656,0 33.19736407089526,35.09377562386387,0 33.19743684082323,35.09377849538154,0 33.19771256232156,35.09420864082266,0 33.19781982413821,35.09418155331753,0 33.19767128672734,35.09368840666983,0 33.19729437327128,35.09278297763097,0 33.19761078514176,35.09273910445755,0 33.19753253040663,35.09231739437643,0 33.19827843437557,35.09223501380878,0 33.19865686873985,35.09218904074557,0 33.19859488750429,35.09204142059827,0 33.1984578654334,35.09168660738514,0 33.19858914358419,35.09160920991033,0 33.19869230665461,35.09155501385069,0 33.19917006415307,35.09204626609272,0 33.19931558794741,35.09203444923733,0 33.19959423334082,35.09173876929405,0 33.19941984384906,35.09146505925377,0 33.19925799135911,35.09151935328845,0 33.19917800557349,35.09145002094394,0 33.19912135299219,35.09132276331874,0 33.19911362165826,35.09103913121167,0 33.19901718733234,35.09096403689053,0 33.19892283991854,35.0907808840273,0 33.19876013640145,35.09048399922828,0 33.19868207311303,35.09023907359641,0 33.19868419071489,35.09014452184301,0 33.19863002925737,35.09007514680292,0 33.19856410094572,35.08999421326032,0 33.19853337315744,35.08990743408268,0 33.19841557482727,35.08973396700272,0 33.19834195589932,35.08938483772813,0 33.19833225210851,35.08925557296099,0 33.19868919793574,35.08930515766711,0 33.19875271229672,35.08935908066536,0 33.19880916517141,35.08940529731007,0 33.19886577736195,35.08951711939682,0 33.19889877479621,35.089571092359,0 33.19896220405615,35.08959028394704,0 33.19912646658302,35.08956300078037,0 33.19920668616702,35.0897288110152,0 33.19916021364045,35.08992570182387,0 33.19924734045382,35.0900355427742,0 33.19938373745657,35.09013372581315,0 33.19969779641357,35.08992288778246,0 33.20001505913346,35.09006322235324,0 33.20017560693505,35.0904372916031,0 33.20004907420547,35.09053397771478,0 33.20006808119545,35.09062656470714,0 33.20057044072193,35.09061801692847,0 33.20100003071654,35.09061151673534,0 33.20091730719492,35.09038396690089,0 33.20124802337764,35.09026571562225,0 33.20097243659308,35.08988990947974,0 33.20104746338995,35.08985119382786,0 33.20082847018834,35.08957755967235,0 33.20070849078471,35.08947356220506,0 33.20056497961023,35.08934644894786,0 33.20036744814685,35.08920784794362,0 33.20044924250982,35.08905720745908,0 33.20042546037669,35.08893182507754,0 33.20029376368578,35.0888355653512,0 33.20025354471986,35.08870828105509,0 33.19997862714096,35.08860260958749,0 33.20005800409047,35.08842302986807,0 33.20029241926032,35.08828564435787,0 33.20045002309667,35.08841659361845,0 33.20076249077334,35.08851834291015,0 33.20114150948412,35.08895379496361,0 33.20127788797519,35.08904425712079,0 33.20159021297864,35.08908618854455,0 33.20192372271528,35.08915123848086,0 33.20256516851707,35.08938171548211,0 33.20295668408139,35.08917073959064,0 33.20285981954906,35.088921989132,0 33.2033991973755,35.08869918660722,0 33.20350852772935,35.08829572635457,0 33.20371269351467,35.08826836910187,0 33.20368863318775,35.08803300371693,0 33.20366895598863,35.08767221014887,0 33.20364977776769,35.0875120892008,0 33.20359205766718,35.08695647394945,0 33.20358393628344,35.0865223381472,0 33.20353847223738,35.08617509362993,0 33.20343519938005,35.08618105579789,0 33.20330795888351,35.08598831355892,0 33.20365283006394,35.08590669422271,0 33.20354892001957,35.08565602608326,0 33.20326707844176,35.08464927027693,0 33.20368484230787,35.08461962583358,0 33.20368900447725,35.08440543848383,0 33.20366883424253,35.08384590095388,0 33.20354499358319,35.0831302430941,0 33.20349749054004,35.08290649366941,0 33.20359371219506,35.08289861426476,0 33.20356240549796,35.08258029017454,0 33.20388387060849,35.08241484190491,0 33.20397812902136,35.08267799899357,0 33.20405049252968,35.08292667647144,0 33.20416773922264,35.08338845907271,0 33.20421197699473,35.08359964169584,0 33.20427747570512,35.0839783234121,0 33.20434386239322,35.08400134274118,0 33.20433988757476,35.08401952373936,0 33.20469144883308,35.08394458135926,0 33.20461089782527,35.08388358522678,0 33.20462282097672,35.0838290413049,0 33.20454826211172,35.08375316529958,0 33.20461035737029,35.08366714501255,0 33.20454575301051,35.08355325131274,0 33.20452122927048,35.08339137534444,0 33.20445445964547,35.08321469997541,0 33.20468945540755,35.08314656322626,0 33.2046747134947,35.08287727633549,0 33.20492989527962,35.08284380046348,0 33.2049558594268,35.08277766763405,0 33.20500193108633,35.08271480539272,0 33.20519488186466,35.08271282677958,0 33.20524285988885,35.08260865663913,0 33.20525652870917,35.08244836754309,0 33.20517974537513,35.08228658011905,0 33.20504288292631,35.08221246208257,0 33.20501252282446,35.08212825014565,0 33.20505653444346,35.08204556476225,0 33.2049085226984,35.08190837636578,0 33.20499371041917,35.08183914353251,0 33.20512010441311,35.08174640599194,0 33.2055378455842,35.08161682537214,0 33.20563280094903,35.08181162580612,0 33.2056797766632,35.08210894601368,0 33.205697332188,35.08269710586502,0 33.20545917904215,35.08310891209508,0 33.20625386255762,35.08340496293948,0 33.20606915290108,35.0834878878992,0 33.20601523662791,35.08362841794224,0 33.20591692657229,35.08369963072562,0 33.20584079651118,35.08379889292919,0 33.20575240367523,35.08381721723229,0 33.20562771047265,35.08378768838843,0 33.20549523814266,35.08386226333215,0 33.20555592754421,35.08401746862706,0 33.20574484049029,35.08400723542428,0 33.20557446889391,35.08419752880643,0 33.20556879099603,35.084337977756,0 33.20581797162133,35.08431442393434,0 33.2059624372972,35.08421339342147,0 33.20608953611485,35.08439987825815,0 33.20617863734328,35.08466242933681,0 33.2064578482311,35.0845909085081,0 33.20653404074157,35.08451642928558,0 33.20658227219546,35.08451304255151,0 33.20679318337079,35.08445816018797,0 33.20695459252291,35.08469910848723,0 33.20727208840034,35.08466552223065,0 33.20731457500568,35.08477449538969,0 33.20738371343357,35.08508995118413,0 33.20747036910025,35.08517902305294,0 33.20727956061417,35.08523552452191,0 33.20733390637244,35.08526517104768,0 33.20735838607332,35.08540722077727,0 33.20738722898572,35.08568474365025,0 33.20751392744606,35.08571096265701,0 33.20764664685234,35.08573386664061,0 33.20774495782906,35.08566265247563,0 33.20890228019213,35.08548387736803,0 33.20903510186902,35.08554643282613,0 33.20894895283458,35.08565727934876,0 33.20892501797825,35.08573001866338,0 33.20908197719951,35.0857991407397,0 33.20918849196099,35.08579234878705,0 33.20926091604675,35.08581700638666,0 33.20940765623349,35.08582005766256,0 33.20949833087699,35.08590746883566,0 33.20972176953526,35.08603430357392,0 33.20982234726923,35.08606386901501,0 33.20991097973727,35.08613806598714,0 33.2100458334448,35.08620887736078,0 33.21008219249727,35.08627820786563,0 33.21029503538546,35.0861919234631,0 33.21034995549846,35.08644461780231,0 33.2115776768233,35.08628221704092,0 33.21174523223372,35.08656114900613,0 33.21180202943499,35.08676096790681,0 33.21204310342911,35.08670932832305,0 33.21218065464345,35.0870444872789,0 33.21251020110524,35.08700425706277,0 33.21253447601515,35.0870636951565,0 33.21289004151964,35.08698046056746,0 33.21335004634675,35.08686564862699,0 33.21351455775149,35.08728078515284,0 33.21371929145091,35.08740362150414,0 33.21391018244296,35.08737850147985,0 33.21403431624113,35.08728595793485,0 33.21393015383753,35.08717659302595,0 33.21441482951136,35.08671185729847,0 33.21467985859301,35.08698278130832,0 33.21490534306414,35.08683640981128,0 33.21459896673179,35.0865037973505,0 33.21474343114209,35.08643173685637,0 33.21480152412787,35.08637681633957,0 33.21472249541905,35.08618450371326,0 33.21467835594322,35.08605729512527,0 33.21499215629809,35.08600584542014,0 33.21519518157802,35.08594455699919,0 33.21556743798023,35.08642072260425,0 33.21564208448041,35.08635217985183,0 33.21574668669832,35.08635073813029,0 33.2162035290221,35.08645746577317,0 33.21616726097515,35.08657882996732,0 33.21653064530547,35.08668071558196,0 33.21657181448216,35.08644678399335,0 33.21658465721105,35.08623022723348,0 33.21655130212858,35.08606888970159,0 33.21682320331099,35.08604434423837,0 33.21702310330238,35.08646301930516,0 33.21735774685074,35.08634848496082,0 33.21741574828219,35.08634942572338,0 33.21740387586697,35.08660145052113,0 33.21787152796776,35.08657824356322,0 33.21788509353613,35.08647231128268,0 33.21790228027169,35.08613838892462,0 33.21862582463417,35.08604693543204,0 33.21865506326083,35.08632233468914,0 33.21934198214758,35.08622524963391,0 33.21936349448298,35.0859756662591,0 33.21932831265297,35.08572957022822,0 33.21939337818431,35.08574199208807,0 33.21982710262829,35.08618877981272,0 33.21987169354859,35.08638190962304,0 33.21994002443342,35.0866619403324,0 33.22002279233887,35.08684775526715,0 33.22014201128394,35.08719899615183,0 33.22028418747676,35.08744785239898,0 33.22040174976604,35.08769372445971,0 33.22059555558597,35.08787478226437,0 33.22064122642933,35.08786969272875,0 33.22075213985985,35.08781056912933,0 33.22084076897625,35.08788810502102,0 33.22091461461238,35.08788363562115,0 33.22091206184382,35.08778408284674,0 33.2210384394338,35.08777759404627,0 33.22105737616978,35.08766773410896,0 33.22113726432639,35.08771858317125,0 33.22117900536668,35.08763861213387,0 33.22134224290992,35.08799401082963,0 33.22146399267132,35.08800934962679,0 33.22199953028554,35.08801726283252,0 33.22266418152309,35.08805563877826,0 33.22290586608543,35.08815619263198,0 33.22304293385324,35.08805969587445,0 33.22327117859793,35.088002241668,0 33.22370639615578,35.08803827399002,0 33.22365813084944,35.08773529187278,0 33.22419632188832,35.08763741512194,0 33.22427412353733,35.087846366534,0 33.22434844674381,35.08809247604284,0 33.22449002130787,35.08808371822253,0 33.22467215717528,35.08816663807541,0 33.22453929047294,35.08885821347704,0 33.22482026115054,35.08883999094856,0 33.22495009048102,35.08888114393783,0 33.22505841645243,35.08895065547165,0 33.22513349191137,35.08904625782901,0 33.22527498843235,35.08918921866056,0 33.22537071475992,35.08921784181463,0 33.22546975133189,35.08907287645875,0 33.22609587409984,35.08911031364656,0 33.22621321076432,35.08926053693257,0 33.22656558075275,35.08924283968199,0 33.22691251949169,35.08923411972251,0 33.22709454997161,35.08916920809042,0 33.22705304328127,35.08940988268271,0 33.22703990818199,35.08949805999185,0 33.22708919346779,35.08958925012217,0 33.22726306876852,35.08957342369265,0 33.22739123346921,35.08960033125874,0 33.22741954565098,35.09021672334364,0 33.22753997754819,35.09018834811931,0 33.22765111998605,35.0901637644283,0 33.22771659670978,35.09030661537427,0 33.22784240857999,35.09026941663993,0 33.22786897607197,35.09029945225073,0 33.22793074472265,35.09029425760542,0 33.22806048856479,35.09070789253382,0 33.22795323256103,35.09073969951958,0 33.22797899594826,35.09078574118691,0 33.22768287965106,35.09088769649323,0 33.22777682243688,35.09125360964209,0 33.22853821866539,35.09138518036555,0 33.22870432068979,35.09095175404621,0 33.22890843265684,35.09098981232619,0 33.22893505019466,35.09089978853375,0 33.22928171168839,35.09102509686993,0 33.22927585346277,35.09106518742961,0 33.22933575192832,35.09113296400579,0 33.22932564548536,35.09131030798648,0 33.22940138939455,35.09138710743947,0 33.22945376172354,35.09147531877755,0 33.22955287164744,35.09153895927404,0 33.22984570879358,35.09165158764119,0 33.22974590747423,35.09192654875596,0 33.22970074134474,35.09201953833829,0 33.22962997107413,35.09207100057322,0 33.22963662141976,35.09214763593096,0 33.22962012355274,35.09220984656267,0 33.22955240331582,35.09250679347075,0 33.22917294531849,35.09243396053152,0 33.22900948959917,35.09257174186052,0 33.22909641322531,35.09271597571979,0 33.22966788839564,35.09290949954251,0 33.22985905470858,35.09292927575068,0 33.23075272723941,35.09270807470564,0 33.23120382046778,35.09280387742012,0 33.23149240835124,35.09276449760749,0 33.23159935564509,35.09291320479824,0 33.23169079923125,35.09302480335386,0 33.23190297209044,35.09319263272511,0 33.23191575300039,35.09325022290767,0 33.23197192963623,35.09328468458708,0 33.23203521993264,35.09335600577165,0 33.23211947910507,35.09340539329816,0 33.2321911031199,35.09344904313804,0 33.23235230332018,35.09343951561483,0 33.2325740107615,35.09350822884272,0 33.23278155174741,35.09352511515973,0 33.23296790249353,35.09348557921726,0 33.23307588056869,35.09349458954672,0 33.2330943289391,35.0935729101866,0 33.23314345337013,35.09359240521913,0 33.2332853515925,35.0936969908042,0 33.2334269644919,35.09370132718769,0 33.23347894924981,35.09374040515125,0 33.23368095464686,35.0937826509816,0 33.23378607951988,35.09377438251135,0 33.23383522835749,35.09380194304558,0 33.23416046698122,35.09379440157621,0 33.23431880064894,35.09376298349109,0 33.23434404958537,35.0937675436135,0 33.23436650737609,35.09377671894394,0 33.23441987116608,35.09380772800705,0 33.23485108139753,35.09408690084177,0 33.23509403642986,35.09423046746907,0 33.23527124215431,35.09429868782198,0 33.23586596013953,35.09451819432891,0 33.23589392415565,35.09449163663256,0 33.23586578095863,35.09445597025056,0 33.23597206022142,35.09436127572441,0 33.23599362861929,35.09406163704711,0 33.23596123086135,35.09400869440054,0 33.23623081621227,35.0941487491089,0 33.23609561045757,35.09442210674421,0 33.2359031525419,35.09477508370262,0 33.23582656691022,35.0949572952284,0 33.23568694134192,35.09515691381284,0 33.23541033581206,35.09550198675808,0 33.2351544131248,35.09572718083618,0 33.23498507765281,35.09583467249216,0 33.23479054274755,35.09595488835298,0 33.23521001512457,35.09604856308908,0 33.23513340361841,35.09622270836766,0 33.23541538461975,35.09628323272224,0 33.23593712427893,35.09634789993906,0 33.23572800379515,35.0972459434974,0 33.23593422180743,35.09728702533646,0 33.23650517338273,35.09739768525906,0 33.23682649974317,35.09748693774917,0 33.2367114358776,35.09793886122934,0 33.23664025723878,35.09805192531191,0 33.23637507732177,35.09798560926713,0 33.2361252303179,35.09837441935866,0 33.23592592611573,35.09830106020808,0 33.23588896760797,35.09861225134276,0 33.23577011056888,35.09872310274751,0 33.23649833889495,35.09891527056318,0 33.23638300517742,35.09927501140015,0 33.2361361212582,35.09923400955445,0 33.23609015269662,35.09933780546634,0 33.23609608953257,35.09945187102764,0 33.2361339790077,35.09946331997406,0 33.23614292582283,35.09960942391407,0 33.23662871977048,35.09962183480013,0 33.23765748597682,35.09970821047536,0 33.23773698631305,35.09943915843696,0 33.23781219622714,35.09925725682008,0 33.23834504494198,35.09935340242186,0 33.2387193708738,35.09940189113149,0 33.23857501758614,35.09991286849912,0 33.23847792239174,35.10038802621151,0 33.23860785025264,35.10038359074627,0 33.23854193742537,35.10102021983829,0 33.23897489749405,35.10109336040757,0 33.23900047868842,35.10090235972611,0 33.23905567730787,35.10090782071915,0 33.23907193076277,35.10083777342538,0 33.23904675510268,35.1008362320752,0 33.23906481205282,35.1007208312701,0 33.2391800400417,35.10072855986233,0 33.2392085250279,35.10053755339831,0 33.23950991933268,35.1005306602388,0 33.24027629383756,35.10055722283988,0 33.24037978348707,35.10130255073818,0 33.2404161366811,35.10153891315535,0 33.24035465279208,35.10198902082592,0 33.23989950174327,35.10191542432772,0 33.23982715739749,35.10214507999935,0 33.23971582307928,35.10250781036773,0 33.23920294076142,35.10237845689817,0 33.23899912882311,35.1027860032393,0 33.23934113766379,35.10290165553548,0 33.23924551618379,35.10333688997361,0 33.23917252329266,35.10366212388413,0 33.23866713149957,35.1035929225234,0 33.23853183090672,35.10406250786868,0 33.23849686337159,35.10414261464628,0 33.23844261468423,35.10429233375343,0 33.23837689822356,35.10449602926649,0 33.23895088705098,35.10465334465617,0 33.2392226989447,35.10412933831723,0 33.23945715421333,35.10418503331191,0 33.23945752960184,35.10431339243011,0 33.23955863612765,35.10467019604603,0 33.23925986056842,35.1047425274361,0 33.2390804644556,35.10473130903552,0 33.23903972460072,35.10498811086568,0 33.23923273958947,35.10505993307345,0 33.23906055493808,35.10543532675388,0 33.23897533985445,35.10550569203162,0 33.23877108040915,35.10576281504797,0 33.2387591640943,35.10586111470003,0 33.23852096963098,35.10619853046233,0 33.23837714064697,35.10667515149791,0 33.2388547879505,35.10684870173469,0 33.23885251994797,35.10690787201582,0 33.23906868765047,35.10696661265319,0 33.23902167058861,35.10739564823893,0 33.23929540481836,35.10741982939869,0 33.23926827613192,35.10785531232958,0 33.23926524174969,35.1079040061389,0 33.23917180362872,35.10833735372086,0 33.23915630987788,35.10840920947529,0 33.23915582070335,35.10841148199153,0 33.23936955416554,35.10881050793823,0 33.23941321259491,35.10889201458089,0 33.23969163612534,35.10886008456807,0 33.24050358288488,35.10892653111767,0 33.24050625676836,35.108926750264,0 33.24047356538648,35.10940908249543,0 33.23996637274599,35.10937343439892,0 33.23993402881062,35.10972394551849,0 33.23993344938047,35.10973022588044,0 33.24045272480005,35.10975985487223,0 33.24049582232392,35.10976153794844,0 33.24141767024459,35.1097975333299,0 33.24142178538101,35.10979769459991,0 33.2413968314973,35.11018255486653,0 33.24139648314719,35.11018792615446,0 33.24148407469844,35.110185203426,0 33.24148669727774,35.11018512158221,0 33.2414721599284,35.11064831064506,0 33.24100955053532,35.11064093644807,0 33.24099978931259,35.11064078098003,0 33.24097174677075,35.11108354473707,0 33.24081291992592,35.11108049537982,0 33.24078557887651,35.11140598349265,0 33.24100126917485,35.11136103071148,0 33.24141530070337,35.11139171565772,0 33.24176784434346,35.11140284588112,0 33.2417704817092,35.11140292895943,0 33.24177225723601,35.1114566232372,0 33.24177227173612,35.11145707571546,0 33.24177593120508,35.11156774157526,0 33.24208891987597,35.11158036225162,0 33.24208940556169,35.1116014118788,0 33.24209446665674,35.11182087224767,0 33.24221321561896,35.112204959626,0 33.24221333412366,35.11220534068507,0 33.2425797235578,35.11207189279433,0 33.24259210835368,35.11208924987349,0 33.24281619332328,35.11240329908948,0 33.24283393072692,35.11242815776031,0 33.24293748841828,35.11246403005477,0 33.24308500360476,35.11245965817724,0 33.24325781485712,35.11255333475149,0 33.2433297835935,35.11264883967374,0 33.24329876461956,35.11279997799505,0 33.24317457463771,35.11289092058858,0 33.24316474515841,35.11293471720783,0 33.24321462452782,35.11294808328692,0 33.24318857119915,35.11300908789287,0 33.24315782244401,35.11308108557288,0 33.24325806531226,35.11313814012334,0 33.24344470277143,35.11319906574388,0 33.24344495925248,35.11319899311616,0 33.24380545016537,35.11309677997345,0 33.24415280544145,35.11309518939524,0 33.24428681073866,35.11316751345563,0 33.24460961176178,35.11315254366601,0 33.24504665612733,35.1130665563407,0 33.24508369405915,35.11305926929796,0 33.2453784965584,35.11300023102358,0 33.24530664227487,35.11280362332527,0 33.24590970181538,35.11273094776683,0 33.24591744263778,35.11274826344409,0 33.24600588251076,35.11290904850534,0 33.24603493586391,35.113028594719,0 33.24607310937651,35.11313963384816,0 33.24631300249284,35.11322240163615,0 33.24664811564889,35.11338059168826,0 33.24698764699475,35.11357016965881,0 33.24703925230524,35.11359785943014,0 33.24732209950646,35.11374298633061,0 33.24764253923195,35.11362829318946,0 33.2480585816846,35.11356719785306,0 33.24842241506108,35.11351801924295,0 33.24846689334024,35.11353333315434,0 33.248510190011,35.11355618344172,0 33.24868210785328,35.11366352033006,0 33.24872449266704,35.11405952115018,0 33.24868727415344,35.11431430931039,0 33.24855103195667,35.11453284757877,0 33.24836214659498,35.11472394111485,0 33.2483349148095,35.11493563219317,0 33.24826670788256,35.11502467597322,0 33.24812154223111,35.11522108531988,0 33.24780105781186,35.11543625884766,0 33.2477154197679,35.11551207011942,0 33.2475945066896,35.11575688534713,0 33.2475673239494,35.11593804543568,0 33.24755529993061,35.11599625857622,0 33.24755119496457,35.11606920347813,0 33.24757411501986,35.11617246792954,0 33.24769569308672,35.11639038009962,0 33.24791454792324,35.11665766254875,0 33.24766239187459,35.11680744480424,0 33.2473914041924,35.11695798158647,0 33.24723448461328,35.11711040798249,0 33.24700030362526,35.1173824344601,0 33.24693468405605,35.11748370609521,0 33.24680165829883,35.11774295684329,0 33.2470615152251,35.1176903955426,0 33.24757930653566,35.11777038376667,0 33.24814818291912,35.11772323253723,0 33.24821518744454,35.11771767879501,0 33.24855466327595,35.11771857507562,0 33.24874375228827,35.11773241682997,0 33.24883258271997,35.11796463632513,0 33.24893067582017,35.11827825365601,0 33.24913104811694,35.11844984679101,0 33.24930439937075,35.1184493056017,0 33.24926661265716,35.1183389392564,0 33.24929539221575,35.11832930171595,0 33.24943650840027,35.118282046282,0 33.24951739452509,35.11841144993043,0 33.24963835596846,35.11865531284378,0 33.24968198033578,35.11880182970562,0 33.24969699389744,35.11894641698231,0 33.24969289216911,35.11902235728765,0 33.24966728024663,35.11910985647586,0 33.24968824143003,35.11910857206292,0 33.24969908618342,35.11910790792186,0 33.24976964483301,35.11908355616101,0 33.24982318780341,35.11908291759834,0 33.24994668049393,35.11906619611202,0 33.25024206113707,35.11900411520735,0 33.25071074708183,35.11988205042806,0 33.25066938920091,35.1199028358777,0 33.25082714067759,35.12016891595118,0 33.25083708333053,35.12018565073397,0 33.25098941455744,35.12011709618169,0 33.25101306804319,35.12010645116055,0 33.25121003690478,35.12001097620525,0 33.25136589356181,35.12026779753671,0 33.25113712615077,35.12037935573159,0 33.25099198003504,35.12016732989901,0 33.25086124366204,35.12022616496096,0 33.25098373804369,35.12043073544066,0 33.25099637235945,35.12046978618181,0 33.25109026896708,35.12076000887082,0 33.25116679117993,35.12099652648599,0 33.25119154069974,35.1210730199846,0 33.25120604856238,35.12107402563586,0 33.25114826659296,35.12056506218629,0 33.25116901082009,35.12055839025586,0 33.25120375769448,35.12054721471877,0 33.25127675539017,35.12052517454779,0 33.25128674709578,35.12052175552977,0 33.2513191310849,35.12051067319589,0 33.25134383690055,35.1205022190525,0 33.25134476742512,35.12050156630705,0 33.25144125952898,35.12043390127096,0 33.25145033057355,35.12043006589628,0 33.2515888811438,35.12037149432024,0 33.25161026002213,35.12036145514264,0 33.25170582020446,35.12031658210708,0 33.25171261740001,35.1203125350967,0 33.25186826721408,35.1202198698246,0 33.2518688757466,35.12021939892699,0 33.25189563039541,35.12019870200858,0 33.25190673611887,35.12019011195559,0 33.25192574323071,35.12017765196445,0 33.25194963568926,35.12016198993322,0 33.25204027191243,35.1201025754516,0 33.25204044902601,35.12010237587236,0 33.2521672848053,35.11995900377111,0 33.25214990485978,35.11981483730552,0 33.25221498747894,35.11960669767609,0 33.25221870567803,35.11960640329207,0 33.25232196517276,35.1195982154454,0 33.25246859589146,35.1195997354821,0 33.25254850841573,35.11959085330761,0 33.2526924964523,35.11959030534265,0 33.25279128175952,35.11959731693831,0 33.25279659172786,35.11960018856483,0 33.25284869669709,35.11962581236132,0 33.25294076937027,35.11964252165483,0 33.25296724322749,35.11963867328751,0 33.2532717437188,35.11951989810573,0 33.25334533431238,35.11949104621924,0 33.25334699100473,35.1194903703069,0 33.2534167437939,35.11945331638082,0 33.25341798363382,35.11945123604507,0 33.25345275910767,35.11939287113302,0 33.25347524110994,35.11919190855355,0 33.25346926609988,35.11908164558267,0 33.25347323895154,35.11908069440317,0 33.25364477412398,35.11903960459917,0 33.25378420237381,35.11941919464047,0 33.25378455974994,35.11942016831347,0 33.25374573110792,35.1194411316011,0 33.25374118474422,35.11944358663592,0 33.25373422043468,35.1195688238064,0 33.25372862163518,35.11966635336494,0 33.25370351262826,35.11978557826307,0 33.25354990068187,35.11997061423198,0 33.25341434698531,35.1200953486753,0 33.25340346697524,35.12052927816423,0 33.25340342300487,35.12053102157748,0 33.25304402637584,35.12057655067367,0 33.25303704829827,35.12057743509853,0 33.25303579461087,35.12062116857936,0 33.25305841362481,35.12062407256688,0 33.25308179981155,35.12062707410317,0 33.25331339428018,35.12065680099869,0 33.25378470983117,35.12055739860512,0 33.25392610770297,35.12070588061909,0 33.2539278994151,35.12070557669715,0 33.2540613774873,35.12068291687103,0 33.25411532726164,35.12067375816249,0 33.25426778535742,35.12111267967104,0 33.25429873323511,35.12125097981805,0 33.25430927692458,35.12129809857758,0 33.25450161621654,35.121452046409,0 33.25453792370298,35.12163892376934,0 33.25453891489416,35.12164402274958,0 33.2544435216444,35.12163108412395,0 33.25443442935993,35.12162985025399,0 33.25445959786179,35.12184249970091,0 33.25456652631743,35.12188609437187,0 33.25456151673119,35.12197631769121,0 33.25456319878488,35.12197672790442,0 33.25457729313565,35.1219801696213,0 33.25457572218279,35.12207541646934,0 33.25456508108293,35.12239485232246,0 33.25469449184114,35.12240510709806,0 33.25496528190833,35.1223953308341,0 33.25501081640552,35.12237656961508,0 33.25522887181629,35.12228435286291,0 33.25544869971073,35.12224415847875,0 33.25569215991661,35.1222782501605,0 33.2558903649408,35.12230731059874,0 33.25613804439811,35.12219399894811,0 33.25638884224613,35.12208068109613,0 33.25647761779872,35.12203563477626,0 33.25669379458418,35.12182626261883,0 33.25682913952377,35.12170806109156,0 33.25710786803962,35.12154854135081,0 33.25727918302048,35.12145974172468,0 33.25746300021354,35.12137860520333,0 33.25768895182687,35.12130250603873,0 33.25809659018994,35.12126963790648,0 33.25861401086334,35.121065605851,0 33.25866426272379,35.12108199707685,0 33.25884480926626,35.12102716759087,0 33.2590535458014,35.12099702481764,0 33.25940693543297,35.12099131942801,0 33.25977633102134,35.1209674306819,0 33.259910950174,35.12099353980243,0 33.26001541727396,35.12100981420569,0 33.26010384175494,35.12103272124268,0 33.26030259606293,35.12102074576344,0 33.2604691326795,35.12098079282029,0 33.26090864452,35.12090560501201,0 33.26104516107449,35.12089706231458,0 33.26145067302419,35.12086484190829,0 33.26169148367939,35.12081812695901,0 33.26182991265066,35.12077988149919,0 33.26207468534297,35.12071665968239,0 33.2623495453586,35.12064347210441,0 33.26251609606956,35.12060846594486,0 33.2626866948429,35.12058334823138,0 33.26300577683526,35.12052491310032,0 33.26326264379841,35.12047651061737,0 33.26331076644545,35.12045495801679,0 33.26355329553817,35.12031914508913,0 33.26377578539314,35.12019657368365,0 33.26441810041997,35.12012258214427,0 33.26466121786714,35.12016989644037,0 33.26478166931747,35.12016138461266,0 33.26497839065143,35.12014280671188,0 33.26522128498842,35.12012082742286,0 33.26544000265393,35.12007415336815,0 33.26549610267862,35.12003608488242,0 33.26557428477794,35.11999631751642,0 33.26567046370826,35.11989919920735,0 33.26579779190913,35.11991793254704,0 33.26586926683741,35.11995738451773,0 33.26610071185828,35.11997272068318,0 33.266164323974,35.11996624322906,0 33.26634151446972,35.11990089594247,0 33.2665437614549,35.11983232395555,0 33.26671747100026,35.11988264058564,0 33.26677920192066,35.11989042720491,0 33.26686015307637,35.11987915810528,0 33.26697172987004,35.11979811030238,0 33.26702146189051,35.11967442058059,0 33.26704781820994,35.11958769224537,0 33.26738552133694,35.11955637567411,0 33.26753965340116,35.11951642686219,0 33.26766101518326,35.11947971866503,0 33.26773809923574,35.11946528907323,0 33.26786914340121,35.11944123486517,0 33.26800596714919,35.11941558216243,0 33.26815646049047,35.11944218337052,0 33.26835325246827,35.11947501969435,0 33.26853839169542,35.11948253124816,0 33.26864051766461,35.11946012403954,0 33.26882153003959,35.11938525842194,0 33.26912381842767,35.11924833279713,0 33.26927592244587,35.1191782828962,0 33.26943217862929,35.11919853282901,0 33.26967521268396,35.11922017330506,0 33.26984108505017,35.1192324788512,0 33.26998189468681,35.11924642466753,0 33.27008208085613,35.1192208521203,0 33.27016306226395,35.11921908698567,0 33.27030960966823,35.11921876027765,0 33.27048319560537,35.1192310477436,0 33.27055451503,35.11922296701656,0 33.27070474567456,35.11917034730713,0 33.27090327782381,35.11914613908579,0 33.27110565029229,35.11911716793065,0 33.27127527379926,35.11909777596913,0 33.27147195053758,35.11909575188791,0 33.27161653860809,35.11908592175155,0 33.27180364796015,35.11910609858703,0 33.27186348696087,35.11912497686894,0 33.27197540000735,35.1191469067382,0 33.27203903733225,35.11914834861086,0 33.27235928137252,35.11919357599308,0 33.2725637878717,35.11922638724451,0 33.27266790856978,35.11922456840403,0 33.27288965774061,35.1192240693924,0 33.2732328990659,35.11922646552816,0 33.27358954757729,35.11920189549582,0 33.27393064693385,35.11914091928314,0 33.27391362452952,35.11910906868162,0 33.274144420329,35.11906188380649,0 33.27424980625745,35.11904222551125,0 33.27436387990524,35.119020945661,0 33.27464756609336,35.11893942089893,0 33.27523749666871,35.1187296550379,0 33.27549451063863,35.11859841497095,0 33.27572126767026,35.11847657544933,0 33.27592913519047,35.11836722242418,0 33.27610301051095,35.11828283251288,0 33.27629962316662,35.11820461293902,0 33.27640737371317,35.11815925998741,0 33.27681205738789,35.11803234599211,0 33.27698226624489,35.11798373912943,0 33.27709952359739,35.1179508068599,0 33.27716950264445,35.11793198233988,0 33.27723759341599,35.11791471612361,0 33.27730268644104,35.11788886812197,0 33.27736424737486,35.11786154174738,0 33.27741184713862,35.1179423151622,0 33.27755182503968,35.11791088628501,0 33.27775798520334,35.1178575294279,0 33.27788840879916,35.11779967928327,0 33.27800370861057,35.11774808609592,0 33.27821738809786,35.11767915653515,0 33.27833268753041,35.11762756303563,0 33.27847255977447,35.11756502398296,0 33.27872582134986,35.11744622960293,0 33.27901502327403,35.11731957373283,0 33.27875680365739,35.11764991958825,0 33.27867242730735,35.117888094923,0 33.27863692658566,35.11802505426008,0 33.2786351866572,35.11807016646041,0 33.27863163904161,35.11814016885517,0 33.27864324154035,35.11821169225266,0 33.27866441427634,35.11831430209777,0 33.27871039223339,35.11847440612327,0 33.2787163736532,35.1185630520354,0 33.27870532305057,35.11865329203412,0 33.27868477410813,35.11873422160416,0 33.27866792214131,35.11878870080597,0 33.27867221238179,35.11893645674284,0 33.27869125874447,35.11897063305713,0 33.27868405759734,35.11907952962583,0 33.27869778579955,35.11921948742053,0 33.27872679043134,35.11939829496384,0 33.27875936504903,35.11951332247138,0 33.27877849106554,35.11957082969241,0 33.27883170917343,35.11963292417343,0 33.27886050863216,35.11975107108677,0 33.2788855051662,35.11986456015862,0 33.27888773158359,35.11996254694249,0 33.2788898424817,35.12002631479568,0 33.27889013404138,35.12011186301292,0 33.27889620060745,35.12022539562785,0 33.27890073941836,35.12044625591533,0 33.27890484354057,35.12053957268916,0 33.27891840802683,35.12063131186563,0 33.27893766697429,35.12072770451628,0 33.27895119971677,35.12081011149849,0 33.27902556084573,35.12096548343109,0 33.27909035044439,35.12108976891668,0 33.27911148316469,35.12117993571069,0 33.27911927283397,35.1212436904703,0 33.27910098862794,35.12143349483091,0 33.27908425310522,35.12152219298525,0 33.27906940053055,35.12160777604784,0 33.27907165375485,35.12171354007119,0 33.27907400887759,35.12184885736373,0 33.27909126438988,35.12191259032394,0 33.27910280308389,35.1219654483586,0 33.27914296210923,35.12208356899948,0 33.2791964315858,35.1222187685574,0 33.27925188399462,35.12238040536879,0 33.27933552924537,35.12303660485704,0 33.27935517803549,35.12324654301706,0 33.27937135831104,35.12354981442891,0 33.27937350156565,35.12362291531787,0 33.27937186285166,35.12369757984823,0 33.27935711641203,35.12381427109213,0 33.27935417992686,35.1240631470264,0 33.27937790094715,35.12435706876141,0 33.27929695119954,35.12449102214648,0 33.27900093169072,35.12484634219107,0 33.27892163589848,35.1249102973495,0 33.27854651159766,35.12538712208313,0 33.27845596090728,35.12548221121112,0 33.27818972310475,35.12568969517658,0 33.27815203793111,35.12574266623599,0 33.27801599173705,35.12582074984751,0 33.277974315094,35.12581306810724,0 33.27792532349387,35.12586153275732,0 33.2778977847443,35.12594360038133,0 33.27770709361646,35.12616585264444,0 33.2775913918969,35.12630592840476,0 33.27741011994906,35.12641120214135,0 33.27731213039061,35.12646654372409,0 33.27720757114292,35.12651517937281,0 33.27715223431883,35.12660268727868,0 33.27705101593934,35.12667148049707,0 33.2769384168612,35.12676180807327,0 33.27684866164721,35.12683326292075,0 33.2767784832056,35.126887196547,0 33.27670188171871,35.12697744259501,0 33.2766122306038,35.12707981613995,0 33.2762420353883,35.12744900898306,0 33.27615234688255,35.12754062850019,0 33.27608878917709,35.12761739997153,0 33.27599425502172,35.12772785085246,0 33.27589318951706,35.12784234941358,0 33.27583622136846,35.12793255021204,0 33.27565521534263,35.12811848026426,0 33.27553604989845,35.12820344457495,0 33.2754855182823,35.12826136566727,0 33.27541535582313,35.12832067624475,0 33.27531740224653,35.12838811478721,0 33.27517700441241,35.12848522653569,0 33.27510197228804,35.12855664664929,0 33.2749812363984,35.12866177841349,0 33.27490776415703,35.12871034153682,0 33.27476900571325,35.12880879218545,0 33.27469072818204,35.12888828607586,0 33.27459630348833,35.1290323435986,0 33.27446568986532,35.12912002167837,0 33.27437753877897,35.129183405272,0 33.27431549344494,35.12922387548917,0 33.27429264808061,35.12924274763391,0 33.27428402892084,35.12925141161642,0 33.27419479611653,35.12934110593871,0 33.2741164994983,35.12941522171312,0 33.27408395226401,35.12946906865049,0 33.27405471958131,35.12953500674528,0 33.274017389448,35.12962650626001,0 33.27394089940686,35.1297517022708,0 33.2738888107891,35.12983382442945,0 33.27378332915737,35.1300975525018,0 33.27371980433706,35.13018507820033,0 33.27365786925797,35.13025915671879,0 33.27342370467489,35.13039816448065,0 33.27336062600266,35.13043190213757,0 33.27316943175294,35.1305103047609,0 33.27307959284337,35.13055890365493,0 33.27302711247361,35.13052406900417,0 33.27276608010158,35.13051524608306,0 33.27260487847175,35.13050955943886,0 33.27231010176543,35.13044098877489,0 33.27214551216129,35.13040102869282,0 33.27197188758236,35.13035033309477,0 33.2718154489943,35.13030094360176,0 33.27171316297915,35.130297140069,0 33.27163780360697,35.13027109432476,0 33.27148493506495,35.13031109506618,0 33.27126405265668,35.13031965541013,0 33.27115603471561,35.13031452024081,0 33.27115955281173,35.13038845103274,0 33.27118002050865,35.13039243812559,0 33.27121135669817,35.13039822173327,0 33.27127584484695,35.1304372038031,0 33.27137495304694,35.13043592458484,0 33.27159655597364,35.13049887540294,0 33.27180777157166,35.13053435535133,0 33.27190185365193,35.13057009776777,0 33.27192769614805,35.13059964824414,0 33.2718519183251,35.13064951901377,0 33.27173864321573,35.1306487156903,0 33.27169739734637,35.13063188878525,0 33.27167034975454,35.1306266617733,0 33.27160726769143,35.13062363111159,0 33.27151878662792,35.13072428736242,0 33.27138638011711,35.13077639938744,0 33.27139174580675,35.13084194927158,0 33.27154242595504,35.13086593348432,0 33.27167910916822,35.13093859140923,0 33.27178097124344,35.13099123584986,0 33.27187634198222,35.13102697539244,0 33.27197915380103,35.13097810219626,0 33.27201138948709,35.13099494922614,0 33.27211170448354,35.13096934498361,0 33.27218378668836,35.13096918312562,0 33.2722070647806,35.13100191134342,0 33.27222513840221,35.13101773277462,0 33.27213946397122,35.13118817535506,0 33.27211508876563,35.13121255179575,0 33.27205071918676,35.13120952425698,0 33.27194836326041,35.1313579719999,0 33.27189431194626,35.13139915948005,0 33.27180283815341,35.1313739855979,0 33.27171535202837,35.13138687174532,0 33.27161493105152,35.1313807518483,0 33.27158012360449,35.13136496782511,0 33.27153761141723,35.13135448869605,0 33.2714415253802,35.13149111535949,0 33.27157314910684,35.13159022113162,0 33.27154645116459,35.13169073983466,0 33.27188373263652,35.13170161540836,0 33.27193543835205,35.13176706129357,0 33.27194073423992,35.13181146253495,0 33.27191388310057,35.13186545293733,0 33.27189599565183,35.13190567679894,0 33.27190256210846,35.13194478754917,0 33.27190149299015,35.13201035273453,0 33.27185543445527,35.13209505200751,0 33.2718349176691,35.13211836238621,0 33.27178604945791,35.13213221840864,0 33.2717914307179,35.13220199851779,0 33.27179810146934,35.13227283308204,0 33.27158500947519,35.13244884856353,0 33.27154118859053,35.13243202738258,0 33.27147940032312,35.13243110845553,0 33.27142530990177,35.13242276992061,0 33.27134681102319,35.13242929068584,0 33.2712772466454,35.13241252704353,0 33.27123327155095,35.13234917737816,0 33.27118819878701,35.132342934153,0 33.27101195468516,35.13237399418087,0 33.27095915491773,35.13236670989949,0 33.27092685585735,35.13233082866988,0 33.27090880671084,35.13232240933102,0 33.27079681045051,35.13231948757826,0 33.27077869130703,35.13228991961414,0 33.27070408279209,35.13230489005488,0 33.2705264990576,35.13232009124835,0 33.27035916984447,35.13232257932843,0 33.2703375671196,35.13240722436846,0 33.2703172688918,35.13249715323379,0 33.27035590982734,35.13250446937982,0 33.27035217794054,35.13254360318412,0 33.27040634175135,35.13257414904498,0 33.27044891627005,35.13260366249403,0 33.27044016900042,35.13268299121988,0 33.27039394077923,35.13271693310456,0 33.27026018035727,35.13275001194525,0 33.27014689994945,35.13274814980486,0 33.26981617530348,35.13277532294235,0 33.26981625553547,35.13279964446996,0 33.26990381326929,35.13280790919524,0 33.26994763402309,35.13282473096778,0 33.27016904435536,35.13282740964826,0 33.27041748196356,35.13282897027503,0 33.27054749315389,35.13282973746713,0 33.27062234865271,35.13282260338514,0 33.27068262114835,35.13282097605953,0 33.27073433712238,35.13288959536777,0 33.27077683950664,35.13289690275261,0 33.27084630614836,35.13288405755272,0 33.27106501174749,35.13284761516374,0 33.27106252170488,35.13287299978588,0 33.27113847382913,35.13287494458611,0 33.27122977486972,35.13284724654545,0 33.27150885530865,35.13277365744472,0 33.27152906804048,35.13265834952492,0 33.27152503832889,35.13260760134729,0 33.27161502267858,35.13257144628144,0 33.27165780594027,35.13266334867216,0 33.27167618539883,35.13277116777347,0 33.27166261193212,35.13294779331775,0 33.27158410313167,35.13295114131458,0 33.2715158920327,35.132954466191,0 33.27153793601467,35.13300306021232,0 33.27148957968429,35.13317130397331,0 33.27127317752172,35.13312631807869,0 33.27115203628366,35.13308323340194,0 33.27114562543071,35.13309065008097,0 33.27112834375973,35.13331381166471,0 33.27129979010698,35.13331177211721,0 33.27142174387479,35.13328777588801,0 33.27158234006274,35.13319541784922,0 33.2716498332325,35.13336340110893,0 33.27158945775284,35.13340054809937,0 33.27148127561563,35.13338387111222,0 33.27131152794448,35.13343395108538,0 33.27128374192681,35.13359474636717,0 33.27120367866987,35.13390581732936,0 33.27106594898819,35.13429615693624,0 33.2714883563176,35.13439475263932,0 33.27127225429557,35.13487758893742,0 33.27115823808999,35.13513623800365,0 33.27096825747525,35.13508148885242,0 33.27087566425363,35.13537977317646,0 33.27077948604411,35.13554598804439,0 33.27074554191199,35.13554420518513,0 33.27063558673933,35.13581953056147,0 33.27070126908092,35.13583982862018,0 33.270627804373,35.13620242846099,0 33.27055607790198,35.13640703973143,0 33.27049112778104,35.13660791843776,0 33.27041506081149,35.13686829926609,0 33.27040200118381,35.13702445432398,0 33.27041159874179,35.13718985230075,0 33.27039817647663,35.13723634873429,0 33.27072986945043,35.13730669203878,0 33.27086006549738,35.13733196674369,0 33.27108862398087,35.13734260786867,0 33.27160543081629,35.13741045230621,0 33.27202828158825,35.13754495337842,0 33.27200464561153,35.13759189927524,0 33.27233359850197,35.13768411419538,0 33.27236644676393,35.13760797268696,0 33.27280722342855,35.13772534913564,0 33.27317863829808,35.13782859670014,0 33.27325040179645,35.13763699472049,0 33.27341163752442,35.13713665556703,0 33.27393240706439,35.1372469976691,0 33.27395224059872,35.13708896824426,0 33.27427827851579,35.13715514201618,0 33.27431055981496,35.13716247308563,0 33.2744322527595,35.1371901077497,0 33.27458849602537,35.13722692684124,0 33.27477527372714,35.13692354428402,0 33.27519858218157,35.13698391891405,0 33.2752344018108,35.1368704598608,0 33.27557240499939,35.13692947377295,0 33.27522259768205,35.13840996303135,0 33.27609561606917,35.13855360803118,0 33.27750101108687,35.13772183299913,0 33.27746476116495,35.13803817987431,0 33.27744273349041,35.13821480180495,0 33.27741538063337,35.13842611292262,0 33.27735641395248,35.13878188594902,0 33.27713458210026,35.13875451392649,0 33.2771009440233,35.13884380548386,0 33.27684962893893,35.13879605561214,0 33.27674203452974,35.13909554307844,0 33.27666784547532,35.13923696965251,0 33.27662719960026,35.13926122456715,0 33.27655095492036,35.13946399087304,0 33.2764608822024,35.13959244269867,0 33.27644051775872,35.13959248915429,0 33.27624924726907,35.13990517785765,0 33.2761788162355,35.13981984115345,0 33.27611974805904,35.13974934717082,0 33.27586104149245,35.14019415257903,0 33.27594258548574,35.14021998774588,0 33.27592738961062,35.14033195233596,0 33.27592492264528,35.14035013295362,0 33.27588978603242,35.14066618284511,0 33.27586573608562,35.14091529538965,0 33.27572657795844,35.14125016889808,0 33.27569266896079,35.14125953951563,0 33.27566817961303,35.14137854803183,0 33.27558896621971,35.1413731521193,0 33.27558639650081,35.1412820846652,0 33.27550258879472,35.14125625441182,0 33.27535242144224,35.14168222489749,0 33.27506268150086,35.14164942731277,0 33.27487706975968,35.1416294037441,0 33.27475023912012,35.14159437708334,0 33.27470542923446,35.14172644232861,0 33.27464269068282,35.14191059071391,0 33.27459559160312,35.14203522632562,0 33.27452130882723,35.14215063003213,0 33.27509896703543,35.14234633707143,0 33.27510843825983,35.14272685468585,0 33.27525754562766,35.14272894807293,0 33.27541409332227,35.14273202131874,0 33.27568752684259,35.14273654297202,0 33.27620741065499,35.14279022032242,0 33.27654356327646,35.14282545570932,0 33.27680194548759,35.14285401085711,0 33.2774931727067,35.14296472318348,0 33.27762784578006,35.14297984493856,0 33.27803553481998,35.14304904209651,0 33.27812167241075,35.14307542140266,0 33.27850085339045,35.14319754610391,0 33.27899687700559,35.14335000419508,0 33.27940250056442,35.14343176254947,0 33.28003034564939,35.14363950551508,0 33.2802267622056,35.14370419856115,0 33.28066252499961,35.14387463061277,0 33.28075644115201,35.14390406831327,0 33.28187135193662,35.1442772812543,0 33.28197598068535,35.14435504343368,0 33.28201465493191,35.1443729544493,0 33.28252238609867,35.14452949742169,0 33.28272494404649,35.14455817005326,0 33.28280537170191,35.14457855509403,0 33.28293594019819,35.14461253786231,0 33.28304256159218,35.14466286387295,0 33.28342200190725,35.14483941812858,0 33.28360809576726,35.14493498933263,0 33.28414881977653,35.14527403185302,0 33.2846882378534,35.14553678388965,0 33.2847384202269,35.14556238209713,0 33.28488887602879,35.14561260255914,0 33.28508530820483,35.14567900302049,0 33.28537995895236,35.14577945853782,0 33.28548861678127,35.14581434827612,0 33.28557116359414,35.14584329881752,0 33.28578017651048,35.14592595413709,0 33.28605156381642,35.14593902953787,0 33.28605204671076,35.14607703762522,0 33.28616371315466,35.14607677397027,0 33.28626043795896,35.14618148768661,0 33.2863045111291,35.14615644716462,0 33.28655461693064,35.14624880318819,0 33.28656180650997,35.14633153132348,0 33.28662963350611,35.1463903127066,0 33.28662295253552,35.14645267130293,0 33.28663551921677,35.14649458112703,0 33.28672808740625,35.14652496653925,0 33.28663766285595,35.14671220794266,0 33.28667670788636,35.14682773304745,0 33.28631689400686,35.14693399916337,0 33.28612216993473,35.14689365352659,0 33.28602010053822,35.14690862971774,0 33.28590537751165,35.14685675973693,0 33.28567508495394,35.14690604260801,0 33.28556108672732,35.14706160130203,0 33.28560413641112,35.14713857785521,0 33.28566020907724,35.14738781592497,0 33.28578751495088,35.14748613005317,0 33.28574904932837,35.14753609535541,0 33.28581827209235,35.14759940794183,0 33.28582572262858,35.14775694646549,0 33.28576771440326,35.14774348202394,0 33.28583211077164,35.14800516855182,0 33.28601603999861,35.14811468397859,0 33.28596940782104,35.14819753915327,0 33.28604004761663,35.14827105032968,0 33.28592728497412,35.14838579994495,0 33.28602691341601,35.1484615097455,0 33.28598988647227,35.14852847306615,0 33.28598315329913,35.14857609650984,0 33.28597915533827,35.14861691151722,0 33.2859752219189,35.14867586258193,0 33.28597285438302,35.14878808551736,0 33.28596784964208,35.14893545222797,0 33.28610204330546,35.14902921568606,0 33.2861798178506,35.14916958583945,0 33.28632631022026,35.14922818244538,0 33.28638606556163,35.14934592477857,0 33.2865314201432,35.14947366676168,0 33.28673257740382,35.14977243472694,0 33.28681830410015,35.14981870541438,0 33.28702036229946,35.14998031794811,0 33.28730210640845,35.15003972507044,0 33.28739896203686,35.15011090623747,0 33.28750183651962,35.15032375988908,0 33.28749713347489,35.15055613890747,0 33.28735272782762,35.15069930225071,0 33.28718581911642,35.15072236821435,0 33.28706635275741,35.15089380946875,0 33.28707345283426,35.15095046828094,0 33.28703245993896,35.15106731584599,0 33.28708810179493,35.15119186861147,0 33.28705848002944,35.15140276943121,0 33.28700775903717,35.15150037076337,0 33.28699155597064,35.15160242437074,0 33.28704732552051,35.15176324924132,0 33.28709862792206,35.15183113754332,0 33.28713468889856,35.15188205970521,0 33.28718045904954,35.15194656099401,0 33.28728596406557,35.15212200306583,0 33.28732616220044,35.15217178139529,0 33.28750595153591,35.15225588655458,0 33.28750777751759,35.15225674035609,0 33.2873956354413,35.1523263935824,0 33.28707907803692,35.15252828815239,0 33.28703054738001,35.15257754663381,0 33.28688616728462,35.15267388962981,0 33.28666959595375,35.15281840380268,0 33.28645234075571,35.152964671528,0 33.28622025021591,35.15312086859092,0 33.28566286217055,35.15342650070887,0 33.28541294190271,35.15358594814533,0 33.28483472842765,35.15391236764563,0 33.28434703342653,35.15363335309049,0 33.2839798701177,35.15350326760272,0 33.28349821215149,35.15345987350995,0 33.28295219830229,35.15324901580684,0 33.28231356983861,35.15299646800133,0 33.28178138665333,35.15279454892224,0 33.28136227813008,35.15269488318201,0 33.28075909411888,35.15254700302334,0 33.28034101111228,35.15244321285986,0 33.27939364644178,35.15235373842008,0 33.27887369710005,35.15229993811065,0 33.27823255107769,35.1522385573118,0 33.27801876394888,35.15219714547469,0 33.27748611566798,35.15215908247949,0 33.27650342397497,35.15199371600327,0 33.27539313565104,35.15181291927924,0 33.27435916593419,35.1516479728172,0 33.27429243667478,35.1516373278021,0 33.27363840258202,35.15153404836642,0 33.27309279537457,35.15143314054133,0 33.27237487859897,35.15129595228285,0 33.27207813958007,35.15123900314327,0 33.26941710484378,35.15073687381795,0 33.26890059400445,35.15075373441113,0 33.26691341585773,35.15056170712614,0 33.26645422407648,35.15055486114565,0 33.26527750574378,35.15039989595545,0 33.26493954341223,35.15041210663306,0 33.26501816589005,35.15096830365204,0 33.26489174633609,35.1516058282068,0 33.26494980371665,35.15185405469663,0 33.26490983083563,35.15201818466723,0 33.26469818649965,35.15219664527821,0 33.26465710344183,35.15230623193948,0 33.2645874011487,35.15247950745031,0 33.26452839895341,35.15261872622109,0 33.26440322375117,35.15290901833031,0 33.26432603173783,35.15299500833465,0 33.26435815819507,35.15328771090488,0 33.26448513237033,35.15375625564992,0 33.26435884475671,35.15414635780982,0 33.26438209582842,35.15422358605908,0 33.26438221249035,35.15425964908838,0 33.2643509370088,35.15428719385808,0 33.26430933964135,35.15435597683252,0 33.26428046034035,35.15447796794047,0 33.26418055421779,35.15462072087019,0 33.26409593389813,35.15496436554786,0 33.26413845311313,35.15518065253725,0 33.26401566208042,35.15535951848238,0 33.26397496250964,35.15570650166433,0 33.26398143475231,35.15576831019209,0 33.2640299825378,35.15590902316752,0 33.26410574266711,35.15605826265566,0 33.26422964503453,35.15622285254302,0 33.26429248633062,35.15625706158377,0 33.26452544004304,35.15651930002733,0 33.26465327653366,35.15660660282834,0 33.26488774883431,35.15669195523641,0 33.26502819359367,35.15679812074182,0 33.26512461445463,35.15687003632598,0 33.26518737412783,35.15687848572767,0 33.26521251034232,35.15689216896731,0 33.26522110903897,35.15696427667903,0 33.2652842969579,35.15710495616789,0 33.26530343379645,35.15720280014339,0 33.2653788684248,35.157250719294,0 33.26541669065161,35.15730730754724,0 33.26546174908344,35.15743747664715,0 33.26550905433162,35.15766287835643,0 33.26551833560448,35.15783178782556,0 33.2655326417421,35.15805407446845,0 33.26560009274975,35.15820851332433,0 33.26566577584352,35.15835351924589,0 33.26539566817425,35.1585275290827,0 33.26517238650516,35.15867143450368,0 33.26494369660601,35.15883071752311,0 33.26478249155937,35.15912558561877,0 33.26470170193736,35.1592153974768,0 33.264606764238,35.15926938695321,0 33.26457870979933,35.15927328909102,0 33.26453502656135,35.1592657018363,0 33.26450224962846,35.15925552897441,0 33.26442411901079,35.15920319921698,0 33.26433777273144,35.15902155610705,0 33.26424515824449,35.15882968217656,0 33.26414649282009,35.15869544433136,0 33.26406512772697,35.1586072663532,0 33.26390178510835,35.15850382590492,0 33.26379132638236,35.15845374302609,0 33.26357049971207,35.15838125609396,0 33.2633067146395,35.15828873293358,0 33.26309504656944,35.15820616018023,0 33.26293550446369,35.15813605480091,0 33.26267170471772,35.15803849775926,0 33.26209174196936,35.15775543102089,0 33.26180948955765,35.15763526700099,0 33.26068667214143,35.15717220346394,0 33.26028170671513,35.15699946057581,0 33.26005777458423,35.15691187720665,0 33.25966512212695,35.15675671920174,0 33.25920190229152,35.15656900084313,0 33.2590331517294,35.1564913616541,0 33.25840427259335,35.15623354253412,0 33.25786755337813,35.1560535241146,0 33.25747817967176,35.15596377123456,0 33.25723601396837,35.15592151139781,0 33.25668716882842,35.15585498553423,0 33.25633184030445,35.15580013753011,0 33.2560895416262,35.15571510146031,0 33.25581035254681,35.15558988438813,0 33.25545744812951,35.15540443539818,0 33.25502184180063,35.15522419109483,0 33.254837857894,35.15517173892411,0 33.25437186888335,35.15507207299729,0 33.25417262983579,35.15503978104625,0 33.25395883462905,35.15500626182205,0 33.25336421617531,35.15492069987579,0 33.25278032308223,35.15483511263178,0 33.25253670089923,35.15481549234345,0 33.25215215940072,35.15479867982465,0 33.25183347458287,35.15477795595338,0 33.25159615450693,35.15476603757685,0 33.25131536636054,35.15475426749504,0 33.25098610350187,35.15473848048257,0 33.25062173410988,35.1547186475918,0 33.25033872433572,35.15469991380591,0 33.24963835222016,35.15465976363619,0 33.24960729791137,35.1545856791782,0 33.24931302244653,35.15451621005099,0 33.24887231533441,35.154426415184,0 33.24858361163346,35.15436252783954,0 33.2483326373053,35.15430972003929,0 33.24789441709914,35.15422422791733,0 33.24770885423842,35.1542073302487,0 33.24739520717719,35.15420797106417,0 33.24696297211777,35.15420414030664,0 33.24672628385395,35.15415569168675,0 33.24627307177493,35.15404407003307,0 33.24585999294208,35.15394060046167,0 33.24585874921022,35.15396606760033,0 33.24594136352439,35.15409155631729,0 33.24621768735898,35.15439885373041,0 33.24641512674845,35.15462245170179,0 33.24647395856133,35.15458561432229,0 33.24665612158697,35.15484063069064,0 33.24672283753677,35.15494424534142,0 33.24677170608802,35.15503725615374,0 33.24680503696136,35.15534844060466,0 33.24699034624005,35.15557152596944,0 33.24706532989909,35.15573098975544,0 33.24718406704962,35.15589834524906,0 33.24733076087441,35.15620530767333,0 33.24731790072084,35.15623725797524,0 33.2474869964523,35.15645372509192,0 33.24756999918758,35.15658656908504,0 33.24767065841039,35.1572008877459,0 33.24768140332231,35.15754005063982,0 33.2476726949014,35.15840731869718,0 33.24766576193596,35.15879174277893,0 33.24764980787245,35.15913894207075,0 33.24755913014321,35.15956911210623,0 33.24745013528526,35.15983396188241,0 33.24741481889275,35.15999477100006,0 33.24744351462939,35.16001235372251,0 33.24739217754267,35.16040057944002,0 33.24734516961436,35.16064178043244,0 33.2473429721621,35.16070451163,0 33.2473215617137,35.16072807740446,0 33.2473386554822,35.16085545557497,0 33.24732471336792,35.16098093745483,0 33.24727011683655,35.16108101879783,0 33.24720346106993,35.16113996133419,0 33.24704639160917,35.16129513703453,0 33.24688707744762,35.16149736303199,0 33.24678516081755,35.16173671600304,0 33.24660656362022,35.16231162460559,0 33.24616139247296,35.16227311978294,0 33.24614417134193,35.16126495473434,0 33.2462361386762,35.16126181035503,0 33.24620852721218,35.16082641575784,0 33.24594471727478,35.1608497624426,0 33.24578517289468,35.16090711426722,0 33.24510355488734,35.16100580321558,0 33.244872843678,35.16124975264264,0 33.2444459372135,35.16124058214663,0 33.24435538943381,35.16114952046428,0 33.24399473410109,35.1612985188265,0 33.24405748783641,35.16138393360388,0 33.24417557375365,35.16139510109834,0 33.24428734581915,35.1616172821056,0 33.24453025727865,35.16157117035037,0 33.24474757821415,35.16225505904602,0 33.244872610298,35.16226621182405,0 33.24504616622959,35.16224875321786,0 33.2451434643034,35.16285304493036,0 33.2446922357252,35.16290528199879,0 33.24454320562736,35.16299682632076,0 33.24452982047887,35.16316508360412,0 33.24409336554222,35.1630615661972,0 33.24408303279137,35.16354236453527,0 33.24410878672175,35.16402704547446,0 33.24423731041772,35.16404389412574,0 33.24425928547971,35.16442593289182,0 33.24466600395817,35.16442828782298,0 33.24514606727499,35.1644404570809,0 33.24519641626097,35.16522216795637,0 33.24537242712871,35.1652218115924,0 33.24538157272342,35.16560284394951,0 33.24516932499972,35.16563432691746,0 33.24465678373283,35.16560753503952,0 33.24402938200309,35.16559735266429,0 33.24400397029005,35.16509974776307,0 33.24342005303358,35.16514034157589,0 33.24344536676463,35.16558047079265,0 33.24310132386245,35.16557459225001,0 33.24316724458037,35.16621830514983,0 33.24305525582874,35.16622510019247,0 33.24312853267901,35.16665199344716,0 33.24411253169693,35.16662373522491,0 33.24416575641283,35.16698471815779,0 33.24414399955887,35.16741881873383,0 33.24416395232364,35.16776678664553,0 33.24364400248317,35.16780068231004,0 33.24360535009448,35.16825407963901,0 33.24419731048049,35.1682200390016,0 33.24479050962169,35.16859989339494,0 33.24461484670503,35.16871850561429,0 33.24431167950824,35.16900819100834,0 33.24418370494106,35.16902158874077,0 33.24409569485711,35.16902176610886,0 33.24402362872116,35.16900220128264,0 33.24390852515245,35.1690012540563,0 33.2437715169968,35.16879904020962,0 33.2434630198602,35.16881937331631,0 33.24333524116078,35.16889846830791,0 33.24311953148602,35.16900401908345,0 33.24304779682713,35.16909614099265,0 33.24291976329023,35.16908982749372,0 33.24287129874472,35.16944013663024,0 33.24281501885295,35.1700408045094,0 33.24311473697477,35.17008148389477,0 33.24304333480651,35.17028529307943,0 33.2429161005079,35.17054834241419,0 33.24279669011896,35.17075224679761,0 33.24257353910826,35.17104833677395,0 33.24242210439234,35.17124573549537,0 33.24234250290149,35.17138386211851,0 33.2421355845109,35.17175875701307,0 33.24177537834095,35.17170691765529,0 33.24158461433355,35.17213433816594,0 33.24131236091613,35.1720626128966,0 33.24090087813151,35.17194437862205,0 33.24059150113841,35.17180782206115,0 33.2401614883469,35.17250507964079,0 33.24044183962414,35.172609641125,0 33.24021886825483,35.17297142485402,0 33.24005261503574,35.17332683284688,0 33.23999622312612,35.17344489541871,0 33.24016448286729,35.17352340014743,0 33.24010114840721,35.17375347000695,0 33.23998174564204,35.17396394181693,0 33.23981429653222,35.17416136893225,0 33.23986090101133,35.17426567583826,0 33.2396448126181,35.17443857007797,0 33.23943459941663,35.17458020620836,0 33.23947160668351,35.1749661095496,0 33.238984903001,35.17510249608099,0 33.23853762691068,35.1753793113398,0 33.2381296371945,35.17532222260832,0 33.23808165727262,35.17541962748058,0 33.23781764667603,35.175433285793,0 33.23710620053087,35.17567119502569,0 33.23633892898712,35.17597490749541,0 33.23621808796792,35.17569263926997,0 33.23416198349446,35.1763365879248,0 33.23439104049785,35.17684591139243,0 33.23450815829629,35.17722673586339,0 33.23430026551634,35.17727969694432,0 33.23400881629854,35.17749378014843,0 33.23403711439344,35.1775955574289,0 33.23372137554082,35.17771113961049,0 33.23352934355112,35.17771479468582,0 33.23349759027186,35.17780354905778,0 33.23359045621681,35.1780990126546,0 33.23370731826563,35.17839114607199,0 33.23379562067834,35.17848952290772,0 33.2339594408329,35.17841365314461,0 33.23408335479446,35.17837399466477,0 33.2341353766673,35.17837717971918,0 33.23417139386451,35.17838039479194,0 33.23434762178802,35.17844575243109,0 33.23457173812807,35.17846831331033,0 33.23473569916363,35.17844171629567,0 33.23495172817904,35.17843472716142,0 33.23497607442032,35.17855293715952,0 33.23518406460752,35.17853282441461,0 33.23519238756122,35.1786444951803,0 33.23514885030653,35.17880882539603,0 33.23516605549557,35.1792259773909,0 33.23602210327549,35.1791717536046,0 33.23607939907602,35.17961510578654,0 33.23619648127425,35.17997950411205,0 33.23621693252754,35.18013385578791,0 33.23571689562527,35.18016439399036,0 33.23576218721249,35.18060776961194,0 33.23529020187207,35.1806546767373,0 33.23528314592978,35.18098318260608,0 33.23477863040773,35.1808494791104,0 33.23465848719505,35.18081029286716,0 33.23456236849476,35.18077763027641,0 33.23441813399833,35.18070892637473,0 33.23419371945277,35.18058453300676,0 33.23408867568443,35.1802299644921,0 33.23363267667851,35.18027026396765,0 33.23363707218452,35.18040822266472,0 33.23382800733085,35.1814163245047,0 33.23436367514633,35.18125104269816,0 33.23459645309127,35.18150024609559,0 33.23465252385549,35.18151984746132,0 33.23469264820164,35.18155918877724,0 33.23456493546426,35.18167112304178,0 33.23415326910995,35.18178607987452,0 33.23342950876437,35.18193035753709,0 33.23292949715115,35.18202248035729,0 33.23303047069713,35.18235406383784,0 33.2331316056303,35.18274148943009,0 33.23291169431329,35.18279447124124,0 33.23289554930451,35.18274522824957,0 33.23232381217048,35.18289414745784,0 33.23221577240692,35.18289106994576,0 33.23204784634563,35.18293409552355,0 33.23212713130022,35.1830885397164,0 33.23135561669261,35.18335766353536,0 33.23134872516969,35.18351427300851,0 33.23145220727361,35.18378811838738,0 33.23139353516736,35.183794253634,0 33.2314312235542,35.18414953351071,0 33.23143186384432,35.18437539200604,0 33.2314662556451,35.18471096816635,0 33.23152187967332,35.18507387917042,0 33.23089098606166,35.18508411821422,0 33.23088530496335,35.18492137352058,0 33.23079261025818,35.18450600207708,0 33.23067421545948,35.1841573649161,0 33.23063861723767,35.18404564401368,0 33.23057959614977,35.18392830961526,0 33.23047645576156,35.18377492119166,0 33.23043948683942,35.18367260261171,0 33.2303551627839,35.18368781997019,0 33.23022305338689,35.18366699105404,0 33.23012753901946,35.18361597765542,0 33.22989212132251,35.18338153024707,0 33.22964564960623,35.18312903479912,0 33.22925275406197,35.18298221747902,0 33.22910957285237,35.18293731662498,0 33.22877543626684,35.18281447826224,0 33.22858829883965,35.18279073990916,0 33.22837919464474,35.1827820996465,0 33.228413175969,35.1831283537236,0 33.22883122470555,35.18308841600554,0 33.22893560143082,35.18368448832744,0 33.22890290108695,35.1837959746724,0 33.22889577684919,35.18387127471892,0 33.22887774815814,35.18398273242472,0 33.22889639323014,35.18409111015415,0 33.22893321685058,35.18414223546798,0 33.22893368977201,35.18431087625605,0 33.22885313541133,35.184362223397,0 33.22884263720478,35.18454293119349,0 33.22924974742686,35.18452409188838,0 33.22933770586024,35.1844968221335,0 33.22943311920999,35.18451169928751,0 33.22942592659838,35.18456290781784,0 33.22931955184971,35.18456310926799,0 33.22918413548646,35.18467177763283,0 33.22911116253857,35.18481044345157,0 33.22890595781476,35.18488611801805,0 33.22877672270921,35.18512045166423,0 33.22856180369423,35.18511865080518,0 33.22851589428052,35.18523227842995,0 33.22837155721697,35.18529668513695,0 33.22830214003212,35.18539619423495,0 33.22835114918836,35.18586890130621,0 33.22872168545661,35.18588627156305,0 33.22887900596804,35.18587835215077,0 33.22895643979822,35.1858828164472,0 33.22923159511764,35.18589735293966,0 33.22931187158504,35.18574662786364,0 33.22978874140986,35.18574873563627,0 33.2303314004468,35.18576209478222,0 33.23039842209567,35.18601860880735,0 33.23065389755628,35.18601354795773,0 33.23066425171043,35.1861620722956,0 33.23126426882427,35.18610613662202,0 33.23129398927383,35.18640739101853,0 33.23124056185034,35.18647181768396,0 33.23114999073533,35.18652615917087,0 33.23079235358509,35.1866863155855,0 33.2307953875919,35.18690466078854,0 33.23060701322189,35.18701132233954,0 33.23070217700378,35.18712286304397,0 33.23099102971675,35.1871866380305,0 33.2309793781874,35.18730355260094,0 33.23093067524251,35.18771827847057,0 33.2306213067581,35.18769178456031,0 33.23054344071409,35.18786459371324,0 33.230593013332,35.18789496928328,0 33.2305768146448,35.18799995074496,0 33.23131924197017,35.18804254667312,0 33.23235864043671,35.18810149691433,0 33.23228321238164,35.18898708702396,0 33.23170926039677,35.18929058183787,0 33.2315794288885,35.18944201522665,0 33.23180481148334,35.1897218284837,0 33.23133344832967,35.1898186032635,0 33.23125270016684,35.18985563183293,0 33.23088076958838,35.19016977348957,0 33.23037655458746,35.18976880331144,0 33.22993543661094,35.1894414599501,0 33.22914607886297,35.18986701117833,0 33.22889815195767,35.18955404792495,0 33.22834588219105,35.18963252678707,0 33.22765419135535,35.18964857850325,0 33.22768840723236,35.18903271280757,0 33.2272525556325,35.18897821986032,0 33.22710392108942,35.18954382810687,0 33.2269104551593,35.19033214903811,0 33.22759357920765,35.19046361509898,0 33.22760745525166,35.19060739884185,0 33.22758587013885,35.19092087144566,0 33.22733427670367,35.19090290679313,0 33.22742494463923,35.19120141812964,0 33.22748823231743,35.19134510907113,0 33.22871470759349,35.19114330367004,0 33.22881679596954,35.19142177865458,0 33.22919067758259,35.19135296212051,0 33.22953929856136,35.1923294712341,0 33.22959359618204,35.19246949046377,0 33.22965732338886,35.19276805200489,0 33.22925764457032,35.19280568360792,0 33.22931744851813,35.19330706071551,0 33.22973483900061,35.19317720946439,0 33.22974440358948,35.19338368780699,0 33.23019808270825,35.19337913868971,0 33.23019445381401,35.1936852022365,0 33.23014957551467,35.19370003798796,0 33.23018634307432,35.19399496190042,0 33.22924322985441,35.19407049949144,0 33.22927788087264,35.19361319229078,0 33.22881475674407,35.19359769973046,0 33.22839284670685,35.19357430355608,0 33.2283573440108,35.19414811764701,0 33.22887068291323,35.19417445280563,0 33.22878245525395,35.19474985840156,0 33.22917352172935,35.19484130481955,0 33.22911982019768,35.19547121760006,0 33.22857779356814,35.19545454385212,0 33.22859449115978,35.19500095844158,0 33.22827992298046,35.19495730315356,0 33.22830513729269,35.19459459041362,0 33.22778064287318,35.19456794844254,0 33.22777981271209,35.19442356699047,0 33.22764051837937,35.19440907934887,0 33.22765733415254,35.19399605480817,0 33.22750458554989,35.19398896752696,0 33.22722613308318,35.19400792746883,0 33.22722280104494,35.1944246133673,0 33.22709254261328,35.19442854530912,0 33.22712727117744,35.19491319631609,0 33.22742174502333,35.19488885582248,0 33.22753562982262,35.19545650641822,0 33.22736047969739,35.19547158492585,0 33.22740665426623,35.19592136538729,0 33.22669009943807,35.19595723410713,0 33.22674249808867,35.1961659805554,0 33.22722735989863,35.19606182401353,0 33.22723657048734,35.19614292970617,0 33.22773508238882,35.196101432232,0 33.22778460863994,35.19636553476742,0 33.22775324516932,35.19641737537273,0 33.2276688219396,35.19650348676773,0 33.22761506084993,35.19655521169712,0 33.22728865146129,35.19657927728843,0 33.22729897375037,35.19675233683081,0 33.22734235457445,35.19702771490324,0 33.22737492023255,35.19742958365405,0 33.2266474410399,35.19752313316354,0 33.22665666037081,35.19760792647709,0 33.22667969506817,35.19781437971238,0 33.22667702605656,35.19847074622634,0 33.22671843974943,35.19882466225918,0 33.22624680320713,35.19884398148947,0 33.22632094797097,35.19911678926495,0 33.22641376369069,35.19911285153492,0 33.22648266291752,35.19965846206502,0 33.22593939942097,35.19977009980596,0 33.22590864697421,35.20002090208235,0 33.22602088396626,35.19999488027623,0 33.22610264487665,35.20031922204112,0 33.22691034600466,35.19998584254648,0 33.22691914651597,35.19991945177085,0 33.22829353041485,35.19982099518449,0 33.22832813852218,35.199345252505,0 33.22891684644931,35.19942157638449,0 33.22899722110026,35.19924811573186,0 33.22924905929712,35.1993435126103,0 33.2291869959305,35.19963862451137,0 33.2295688948188,35.19965633737843,0 33.22990580723317,35.19965201149898,0 33.22992927681206,35.20000964711176,0 33.23006859150171,35.20002781965957,0 33.2300340660567,35.20052937497466,0 33.22951749684129,35.20054879230207,0 33.22951415842037,35.20095946729719,0 33.229099441434,35.20099193937394,0 33.22910690226814,35.20151198817146,0 33.2286138028359,35.20155035325725,0 33.22781403650424,35.20163127435482,0 33.22764515812754,35.20121029134653,0 33.22716556080628,35.20129439982596,0 33.22707140524295,35.20111058984309,0 33.22581930218068,35.20138676536034,0 33.22590174509919,35.20167440649157,0 33.2255000951043,35.20171179053163,0 33.22559700607783,35.20207893234156,0 33.22574223008318,35.20257716949131,0 33.22535089701864,35.20266644968001,0 33.22537519673458,35.20278447194151,0 33.22499580494027,35.20285732966872,0 33.22481205645234,35.20287734930939,0 33.22478799247954,35.20284459760958,0 33.22472794788199,35.20280535322956,0 33.22461572509028,35.2026809336021,0 33.22454745875145,35.2025025379257,0 33.22440208660429,35.20200244001819,0 33.22434149267964,35.20176313710376,0 33.22386993294914,35.2018904891424,0 33.22404336024155,35.20232451127921,0 33.22372783638655,35.2023742892093,0 33.2237850084327,35.20282349769469,0 33.22432841469871,35.20281921205075,0 33.22438875719921,35.20300156522903,0 33.22451728221237,35.2034696902611,0 33.22468729296177,35.20400250430166,0 33.22487511163045,35.20400871510525,0 33.22568210948161,35.20395473902309,0 33.22576195140228,35.20392835327827,0 33.22615324459534,35.20382267366015,0 33.2273514574471,35.20363676880778,0 33.22743652926902,35.20405312578364,0 33.22700527017086,35.20415560519783,0 33.22632232180067,35.20427495103738,0 33.22584704266908,35.20435455005846,0 33.22586765705525,35.20458408795676,0 33.22500122520253,35.2046425628235,0 33.2250160933252,35.20526815842496,0 33.22398233270363,35.20529883944998,0 33.22356610008908,35.20527443990315,0 33.22357814208168,35.20623082668963,0 33.22376001224206,35.2072947731356,0 33.22407065282398,35.20715037663297,0 33.22438605788286,35.20714619779748,0 33.22477997065724,35.2070160277894,0 33.22523956393187,35.20687494734826,0 33.22584405966306,35.20685584395943,0 33.22607559708046,35.20683963567196,0 33.22626205322514,35.20673749558429,0 33.22635841867152,35.20675701095491,0 33.22634552665884,35.20677535410247,0 33.22631160766224,35.20680524375697,0 33.22619761219445,35.20688206901585,0 33.22612830666603,35.20694302098289,0 33.22601268560008,35.20700405936903,0 33.22588435533594,35.20700204444753,0 33.22564706238668,35.2071488048983,0 33.22540578784955,35.20724207992035,0 33.22525779937421,35.20730803274598,0 33.22501799571317,35.20742802520564,0 33.22475064494712,35.20755129892269,0 33.22431811466418,35.20773303525708,0 33.22379910081733,35.20796016461472,0 33.22311092197425,35.20822960495661,0 33.22255819602986,35.20842472759175,0 33.2221674088207,35.20857477930816,0 33.22115857352659,35.20894249413315,0 33.22079044575892,35.20906263410357,0 33.22048150997651,35.20920506394015,0 33.22023636903379,35.20938844450581,0 33.22010168361827,35.20947795451727,0 33.21993752755392,35.20950518557608,0 33.21885728297374,35.20969869380891,0 33.21815650110451,35.20979781565499,0 33.21756064651636,35.20988253537322,0 33.21697560423277,35.21001875469662,0 33.21606916582379,35.21024411618123,0 33.21590205665293,35.21025966676969,0 33.21534927585726,35.21036425657251,0 33.21470345412983,35.21054768709383,0 33.21401583607649,35.21062038142678,0 33.21308413442726,35.21067155540081,0 33.21228091206284,35.21081787267897,0 33.21187120518158,35.21090939317565,0 33.21178721345992,35.21092815481761,0 33.21173044877857,35.21093125393526,0 33.21092075624502,35.21097545632153,0 33.20883762336095,35.21146120963544,0 33.20738559506838,35.21179486511554,0 33.20553596351783,35.21207075219801,0 33.20461275812853,35.21242123124237,0 33.20429000724579,35.2126132594604,0 33.20417177270699,35.21268032613743,0 33.20239452151255,35.21324927577742,0</coordinates>
						</LinearRing>
					</outerBoundaryIs>
				</Polygon>
			</MultiGeometry>
		</Placemark>
	</Document>
</kml>