<?xml version='1.0' encoding='UTF-8'?>
<kml xmlns="http://www.opengis.net/kml/2.2">
	<Document>
		<name>LEFKOSIA Community Cluster TH</name>
		<Style id="PolyStyle80">
			<LabelStyle>
				<color>00000000</color>
				<scale>0.000000</scale>
			</LabelStyle>
			<LineStyle>
				<color>ffa9e600</color>
				<width>2.000000</width>
			</LineStyle>
			<PolyStyle>
				<color>00828282</color>
				<outline>1</outline>
			</PolyStyle>
		</Style>
		<Placemark id="ID_80047">
			<name>LEFKOSIA Community Cluster TH</name>
			<snippet />
			<description>&lt;html xmlns:fo="http://www.w3.org/1999/XSL/Format" xmlns:msxsl="urn:schemas-microsoft-com:xslt"&gt;

&lt;head&gt;

&lt;META http-equiv="Content-Type" content="text/html"&gt;

&lt;meta http-equiv="content-type" content="text/html; charset=UTF-8"&gt;

&lt;/head&gt;

&lt;body style="margin:0px 0px 0px 0px;overflow:auto;background:#FFFFFF;"&gt;

&lt;table style="font-family:Arial,Verdana,Times;font-size:12px;text-align:left;width:100%;border-collapse:collapse;padding:3px 3px 3px 3px"&gt;

&lt;tr style="text-align:center;font-weight:bold;background:#9CBCE2"&gt;

&lt;td&gt;Σύμπλεγμα Θ&lt;/td&gt;

&lt;/tr&gt;

&lt;tr&gt;

&lt;td&gt;

&lt;table style="font-family:Arial,Verdana,Times;font-size:12px;text-align:left;width:100%;border-spacing:0px; padding:3px 3px 3px 3px"&gt;

&lt;tr&gt;

&lt;td&gt;NAME_GR&lt;/td&gt;

&lt;td&gt;Σύμπλεγμα Θ&lt;/td&gt;

&lt;/tr&gt;

&lt;tr bgcolor="#D4E4F3"&gt;

&lt;td&gt;NAME_ENG&lt;/td&gt;

&lt;td&gt;Community Cluster "Θ"&lt;/td&gt;

&lt;/tr&gt;

&lt;tr&gt;

&lt;td&gt;DISTRICT_N&lt;/td&gt;

&lt;td&gt;ΛΕΥΚΩΣΙΑ&lt;/td&gt;

&lt;/tr&gt;

&lt;tr bgcolor="#D4E4F3"&gt;

&lt;td&gt;SHAPE.AREA&lt;/td&gt;

&lt;td&gt;76843250,669248&lt;/td&gt;

&lt;/tr&gt;

&lt;tr&gt;

&lt;td&gt;SHAPE.LEN&lt;/td&gt;

&lt;td&gt;68902,587481&lt;/td&gt;

&lt;/tr&gt;

&lt;/table&gt;

&lt;/td&gt;

&lt;/tr&gt;

&lt;/table&gt;

&lt;/body&gt;&lt;script type="text/javascript"&gt;

				function changeImage(attElement, nameElement) {

				document.getElementById('imageAttachment').src = attElement;

				document.getElementById('imageName').innerHTML = nameElement;}

			&lt;/script&gt;&lt;/html&gt;

</description>
			<styleUrl>#PolyStyle80</styleUrl>
			<MultiGeometry>
				<Polygon>
					<extrude>0</extrude>
					<altitudeMode>clampToGround</altitudeMode>
					<outerBoundaryIs>
						<LinearRing>
							<coordinates> 32.65126113594174,35.19558490457413,0 32.65113489132466,35.1956479692877,0 32.65100698258647,35.19568825447123,0 32.65090333179998,35.19570134771465,0 32.65081460828635,35.19569782526465,0 32.65071886097551,35.19564872247209,0 32.65067267461976,35.19564391552503,0 32.65063954356619,35.19562551715916,0 32.6505279969296,35.19547310322228,0 32.65052643126879,35.19543818053229,0 32.65054147089474,35.1954079028673,0 32.6505267529316,35.19539871395685,0 32.650445561589,35.19537853359297,0 32.65041219512739,35.19538897636515,0 32.65024220761767,35.19537438142516,0 32.65017425496198,35.19531784085523,0 32.65011149088126,35.19530535190468,0 32.65009695956405,35.19527339428754,0 32.65007294794023,35.19527022591588,0 32.64999857069615,35.19532143004949,0 32.64988685676862,35.19541645199079,0 32.64952643076127,35.19532952556597,0 32.64947422429807,35.19531693433516,0 32.64859552270656,35.19505413294524,0 32.6483917353991,35.19510310543374,0 32.64812545669098,35.19510619267393,0 32.64802206559164,35.19508740643651,0 32.64794653426731,35.19505359375627,0 32.64788771752057,35.19501076521968,0 32.64782356471334,35.19494210072711,0 32.64773843181734,35.19488109200124,0 32.64762503825607,35.19479983050898,0 32.64749437506085,35.194724726537,0 32.64738570121378,35.19467403308582,0 32.64727681989862,35.19464647228958,0 32.64719565146532,35.19462592565267,0 32.64715632149976,35.19460607776349,0 32.64702122686928,35.19453789929441,0 32.64690677499253,35.19450812072633,0 32.64681164045849,35.19445378584739,0 32.64668410329741,35.19435443001884,0 32.64636613095708,35.1941665826778,0 32.64609098604826,35.19408434702412,0 32.64605022791503,35.1940594585173,0 32.64599944681012,35.19392465364101,0 32.64593497681567,35.19379425709544,0 32.64555379708336,35.19365538299008,0 32.6454992903121,35.19364162862954,0 32.64535194048962,35.19362736081334,0 32.64517684302479,35.19366674988838,0 32.64498512153642,35.19373519416406,0 32.64475764351153,35.19383482782285,0 32.6446037996538,35.19394607799095,0 32.64460041809139,35.19396461783927,0 32.64458378246891,35.1940558296771,0 32.64457730822453,35.19417910775204,0 32.6445578779669,35.19421711475761,0 32.64448940790502,35.19424139741449,0 32.64443207949367,35.19423883770732,0 32.64437220686942,35.19421384473941,0 32.64433181702992,35.19414411693101,0 32.64429371493755,35.19412821080797,0 32.64418967168492,35.19416126482113,0 32.64411546140655,35.19421914786127,0 32.6440492022668,35.19430622331048,0 32.6437002646501,35.19458696096129,0 32.64338675936955,35.19483918811002,0 32.64331959070715,35.1949247830856,0 32.64324002373233,35.19493193021443,0 32.64319352626786,35.19496506905049,0 32.64310634105267,35.19499950044651,0 32.6430304480005,35.19500970497329,0 32.64298804898559,35.19499428875227,0 32.64296421306955,35.19496986824687,0 32.64293374485906,35.19485281274618,0 32.64284771005285,35.19474759091119,0 32.64279624092222,35.19471087229109,0 32.64274828256908,35.1946969440127,0 32.64272423500002,35.19469832881829,0 32.64271116750771,35.19471343637338,0 32.64267894782836,35.19480889258277,0 32.64263985779368,35.19484055404617,0 32.64260286732932,35.19484186637982,0 32.6425679146784,35.19482042003462,0 32.64244511510572,35.19468918786513,0 32.64239990184777,35.19467831065714,0 32.64241775144695,35.19459807537936,0 32.64242180302357,35.19457986387818,0 32.64243085502129,35.19449179385091,0 32.64242005179707,35.19438761138362,0 32.64240340241652,35.19422704843765,0 32.64240775854688,35.19411302244472,0 32.64241757569855,35.19385609127276,0 32.64240952989064,35.19370854369594,0 32.64237560679514,35.19355477039478,0 32.64236924187949,35.19348998829474,0 32.64236364747232,35.19343305239353,0 32.64242294200279,35.19320528585348,0 32.64240690009761,35.1931291644946,0 32.64226404532305,35.19293372793879,0 32.64210245630829,35.19276403913263,0 32.64197380515731,35.19264319304133,0 32.64162947103591,35.1923994951281,0 32.64152806038918,35.19234418745619,0 32.64116688269029,35.19212168510923,0 32.64086270845732,35.19194967914424,0 32.64055176519719,35.19170008290792,0 32.64024025757957,35.19151891077564,0 32.63978482445076,35.19127306751673,0 32.63951730502708,35.19114840291265,0 32.63900044244016,35.19094023056083,0 32.63873104633478,35.19081859632209,0 32.63710446426332,35.19030307658487,0 32.6370020528938,35.19027061785777,0 32.63667987225183,35.19026120928803,0 32.63649478748654,35.19024648668737,0 32.63629686577865,35.19021648449088,0 32.63612680047559,35.19017751567982,0 32.63602338011001,35.19014195951181,0 32.63586261172788,35.189976322898,0 32.63567577938102,35.18978383086498,0 32.63562433350556,35.18968380708698,0 32.63554827617044,35.18958490627506,0 32.63545049468015,35.18950987112322,0 32.63532543629351,35.18938670947868,0 32.6352015154865,35.18931152780768,0 32.6350937375117,35.18926049881808,0 32.6348615077472,35.18915054545186,0 32.63444010614968,35.18897774349113,0 32.63429134443261,35.1889314585001,0 32.63414553003517,35.18890033916477,0 32.63399655878791,35.18887930121598,0 32.63364005128873,35.1888533087624,0 32.63351849014699,35.18886398664946,0 32.63331828435256,35.18890199635228,0 32.63293003934751,35.18899386298479,0 32.63288070019426,35.18900999710701,0 32.6328250960463,35.18903998376135,0 32.63268241739351,35.18918562644402,0 32.63264853923211,35.18919174781014,0 32.63255474942627,35.18919121900719,0 32.63249930277162,35.1892022686105,0 32.63243606284747,35.18922589962359,0 32.63239272669086,35.18925974161348,0 32.63232099635535,35.18937927219465,0 32.63228393633799,35.18939800060363,0 32.63223941086695,35.18939017471396,0 32.63219651770521,35.18937099620669,0 32.63217132130531,35.18925849337204,0 32.63214080172337,35.18923054671161,0 32.63206391405494,35.18923137498599,0 32.63201137482855,35.18926264154061,0 32.6319713031418,35.1892737772792,0 32.63184390932368,35.18924654567948,0 32.63181985378653,35.18922786418204,0 32.63159336902061,35.18905197337,0 32.63144870347222,35.18897160214071,0 32.63135461291804,35.18891932789697,0 32.63126132207798,35.18885946537956,0 32.63118475302577,35.18882242021262,0 32.63105270213364,35.18880132741318,0 32.6309344889138,35.18877501881078,0 32.63078565028496,35.18874189233541,0 32.63064266063614,35.18874108405342,0 32.63033793249334,35.18877471013188,0 32.63013084061111,35.18878590142248,0 32.62999618764501,35.18879317719701,0 32.62940211001271,35.18888871845729,0 32.62914698860665,35.1889777334221,0 32.62907797714288,35.18899209851203,0 32.62892673855631,35.18901139736445,0 32.62883810301496,35.18902270775876,0 32.62874506810718,35.18904431383915,0 32.6286959213357,35.18908555335563,0 32.62859142986984,35.18917323058533,0 32.6283687090201,35.18927117511422,0 32.62819912309319,35.18941170554564,0 32.628095695545,35.18945990908281,0 32.6276149553585,35.18944076272748,0 32.62745883501323,35.18951031814289,0 32.62724961555981,35.18983492322982,0 32.62722883944983,35.19007254497311,0 32.62724577440802,35.19029057021186,0 32.62727175523255,35.19038977638926,0 32.62718183329613,35.19055876592323,0 32.62713618327415,35.1908842996361,0 32.62713203547004,35.19105817821998,0 32.6271147015369,35.19120556752275,0 32.6270091915469,35.19130635096902,0 32.62670784642928,35.19159419545922,0 32.62654960921819,35.19186060736704,0 32.62631768638843,35.19220780079122,0 32.62625042627536,35.192282370083,0 32.62605429569219,35.19242102982533,0 32.62592323271596,35.1924526957106,0 32.62568633120824,35.19245134715688,0 32.62557254220932,35.19248311112197,0 32.62547599223345,35.19251902422363,0 32.62537918629613,35.19258532240842,0 32.6252546866998,35.19271628637381,0 32.62514542064004,35.19279669317024,0 32.62505368680466,35.19284681416989,0 32.62493273203156,35.19285017499146,0 32.6247822697049,35.1928412150752,0 32.62454317522159,35.1928074397977,0 32.62447385610238,35.19283337787555,0 32.62437742649774,35.19285511156166,0 32.62392060285026,35.1928869416422,0 32.62324598879469,35.19270077226169,0 32.62317471657391,35.19266592711384,0 32.62310627284326,35.19258855941153,0 32.62265018923332,35.19195189519323,0 32.62244978025322,35.19172184085138,0 32.62223641428159,35.1915646377928,0 32.62215321795099,35.19148110577102,0 32.62207946186037,35.19144827224819,0 32.6216781065235,35.19134266124688,0 32.62134479465843,35.19136100850609,0 32.62093051785918,35.19132419670539,0 32.62054643853001,35.19121868290479,0 32.62032353376483,35.1910229318758,0 32.62010767228948,35.19086976269505,0 32.61999533336476,35.19073136823551,0 32.61988601428119,35.19052816668627,0 32.61978832640447,35.19040808744629,0 32.61970734759429,35.19035467173391,0 32.61956421038909,35.19019226168901,0 32.6194330449326,35.19008719335019,0 32.61920965460823,35.18998568387282,0 32.61897345794348,35.18992500916124,0 32.61855523488501,35.1898796496595,0 32.61823425237441,35.1898266675345,0 32.61805271542314,35.18978471489024,0 32.61794359157976,35.18972476967988,0 32.6177926169582,35.18960526706449,0 32.61759479325253,35.18942822194172,0 32.61735952598261,35.1892591418887,0 32.61710542883628,35.18896109362348,0 32.61695791090683,35.18872911153797,0 32.61684306497983,35.1884645922899,0 32.61681944559095,35.18831309523066,0 32.61692954567821,35.18825850361601,0 32.61703431408827,35.1882447903482,0 32.61707228201572,35.1881754652688,0 32.61693727603981,35.18793741935953,0 32.61680111774955,35.18783436320044,0 32.61645482178613,35.1875378272548,0 32.61631345184581,35.1874613307191,0 32.61612209563458,35.18740295494366,0 32.6159728131427,35.18737754823852,0 32.61568277882857,35.18750510200287,0 32.61561015567804,35.18753704135032,0 32.61530529330896,35.18763959477329,0 32.615157661327,35.18771237656075,0 32.61507280835938,35.18772824995031,0 32.61502552284335,35.18772183947637,0 32.61484197238365,35.18762464455978,0 32.61461908674509,35.18746585820128,0 32.61445113665194,35.18729307191965,0 32.61436556693698,35.18710235402032,0 32.61431479056571,35.18692206330837,0 32.61433054823092,35.18682806571856,0 32.61448662284131,35.18635238897719,0 32.61453068146337,35.18615423889302,0 32.61459382839893,35.18605437887882,0 32.61464146524287,35.18601988179863,0 32.61501404800714,35.18586454064774,0 32.61509509089608,35.18571160370978,0 32.6151311454046,35.18557476957387,0 32.61510458271459,35.18547643597199,0 32.61475642731175,35.1851082942117,0 32.61463243434113,35.18504007889449,0 32.61456576070408,35.18497014844394,0 32.6145289164495,35.18490857417046,0 32.61453684644295,35.18485543882068,0 32.61457472706707,35.18479634142138,0 32.61463464568595,35.1847823702923,0 32.61476662121287,35.18479131552534,0 32.61502483815455,35.18489712368896,0 32.61515898990447,35.18494289824257,0 32.61520646881453,35.18492680959076,0 32.615249823075,35.18481047194548,0 32.61521780261295,35.1847673331813,0 32.61503159294018,35.18469057729049,0 32.61487979100387,35.18466924454884,0 32.61480534479531,35.18463404184113,0 32.61479587209833,35.18457671552823,0 32.61483845409048,35.18455037161272,0 32.61495588524924,35.18451218788976,0 32.61506385856507,35.18441463254337,0 32.61506912368212,35.18438193679917,0 32.61502194408697,35.18436325508963,0 32.61482776891621,35.18434372378149,0 32.61459417085145,35.18427282879826,0 32.61433906359208,35.18409544633695,0 32.61419768533136,35.18402099345111,0 32.61401484609177,35.1838419836151,0 32.61388087149203,35.18377575483346,0 32.61384869481213,35.18375102436983,0 32.61378453249979,35.1836790634355,0 32.6137774280434,35.18363606863654,0 32.61380023693221,35.18359120148197,0 32.61387033099739,35.1835527443599,0 32.613875559619,35.18352413907291,0 32.61384875165115,35.18345443986512,0 32.6137919056407,35.18340093035254,0 32.61375471103181,35.18338026086613,0 32.61328390534751,35.18336935158583,0 32.61322672524231,35.18335470163023,0 32.61322205902287,35.18331785668088,0 32.61327954897745,35.18324159755815,0 32.61324359124916,35.1831318498194,0 32.6132515751163,35.18307257892477,0 32.61314313940878,35.18285684456646,0 32.61311753912719,35.1827240812255,0 32.6130308158475,35.18266835312999,0 32.61292880911957,35.18265139826235,0 32.61286675384186,35.18262444836101,0 32.61284213820478,35.18258953350966,0 32.61289484508848,35.18254484050649,0 32.61303981994114,35.18249045485867,0 32.61306746563666,35.1823438115773,0 32.61296029433323,35.18217941275412,0 32.61292026758676,35.18213564565513,0 32.61286587502672,35.18200057730492,0 32.61262866386974,35.18168823311208,0 32.6124256120841,35.18151498550462,0 32.61233314792157,35.18140250028677,0 32.61219780971537,35.18128354633816,0 32.61199200236499,35.18113723274541,0 32.61182152853918,35.18099319809771,0 32.61169781536224,35.18090006702407,0 32.61155279258139,35.18082371363703,0 32.61172407155066,35.18049908400012,0 32.61199286193627,35.18023905394655,0 32.6122548402572,35.18041413059501,0 32.61252363957168,35.18050875653293,0 32.61266920104161,35.18068315602876,0 32.61283092563687,35.18075955336048,0 32.61294322079743,35.18088345464353,0 32.61321075317887,35.18076930130916,0 32.61331364292785,35.18091830037891,0 32.61373087900548,35.18120997798305,0 32.61387228337177,35.1811554591436,0 32.61394184021211,35.18126150544018,0 32.61413800218784,35.18125257935899,0 32.61418315712584,35.1813459057224,0 32.61429370758701,35.18131636218526,0 32.61420331052862,35.18113976970353,0 32.6148235959857,35.18097734851351,0 32.61488722130568,35.18106072157243,0 32.61569503877106,35.18118109422859,0 32.61571252112275,35.18118729991022,0 32.61627845527015,35.18138820133875,0 32.61650250619401,35.180984531089,0 32.61718265015614,35.18134562599101,0 32.61732242816488,35.18112256790297,0 32.61729517904335,35.18108468273989,0 32.61772626254954,35.18083311824815,0 32.61784278997806,35.18082121438828,0 32.61801645274671,35.18093540188472,0 32.61817002165785,35.18089101199406,0 32.61824462372606,35.18076567571288,0 32.61810692875645,35.18074476195876,0 32.61780813026527,35.18057451688873,0 32.61750376472904,35.18033884111401,0 32.61753202639269,35.1802585133622,0 32.61741342458403,35.18015470288388,0 32.61722590662513,35.17993305696723,0 32.61657443178844,35.17946848099416,0 32.6164918939596,35.17935798094238,0 32.616708634625,35.17918968619006,0 32.61708599262337,35.17924957946057,0 32.61685394774671,35.17915264793277,0 32.61673090589116,35.17889762190745,0 32.61685866037023,35.17885867751599,0 32.61672375395246,35.17870639185439,0 32.61655984123461,35.17860624462734,0 32.6166106457818,35.17857407152281,0 32.61688753637892,35.17856484661326,0 32.61692868897816,35.17863362337927,0 32.61772704746836,35.17878792791251,0 32.61837435345127,35.17888003377018,0 32.6184922115112,35.17897089515532,0 32.6187955408603,35.17895279921366,0 32.61869114105692,35.17882954921365,0 32.61895892393206,35.17860021989841,0 32.61938318512573,35.17831226832585,0 32.61955066575456,35.1782519052816,0 32.62021804778647,35.17830804280643,0 32.62028622309741,35.17804149236695,0 32.61978231290659,35.17813780037604,0 32.61952275358462,35.17791806717644,0 32.61913152456872,35.1779392670198,0 32.61910530285742,35.17792288283975,0 32.61903634359319,35.17776556817797,0 32.61918644043669,35.17758526814392,0 32.62010128904067,35.17754014707738,0 32.62061305083127,35.17744136364495,0 32.62059397199319,35.17718744132684,0 32.62072984858825,35.1770274068397,0 32.62117808982433,35.17704353924171,0 32.62116205677319,35.17698629107783,0 32.62136609991573,35.17671911380007,0 32.62117644801494,35.17654268297397,0 32.62138020242094,35.17603137900191,0 32.62149981451449,35.17556318687613,0 32.62182628778308,35.17574524461619,0 32.62205603779238,35.17536777682121,0 32.62206770151536,35.17524481151807,0 32.62174353852772,35.17437398290701,0 32.62143927645733,35.1742378339009,0 32.62126603474236,35.17419299688277,0 32.6211192710534,35.17424640620315,0 32.62087395322404,35.17423434414476,0 32.62086184828893,35.17413158684219,0 32.62027368444551,35.17461452840139,0 32.61999250894947,35.17451797613057,0 32.61965170419972,35.17449567591581,0 32.61949636037684,35.17430975208796,0 32.61921524263352,35.17420641699858,0 32.61903693065468,35.17408526675494,0 32.61898694841305,35.17399682237865,0 32.61885837049827,35.17399317735507,0 32.61875551753302,35.1740168046565,0 32.61866917632118,35.17390296427221,0 32.6187200016975,35.1737540686233,0 32.61856375048823,35.17381323284403,0 32.61816411652186,35.17363365070422,0 32.61816320101507,35.17360264522519,0 32.61836488108666,35.17347399276085,0 32.61868073290294,35.17337796577164,0 32.61882176336,35.17316661867348,0 32.61779556588843,35.17340677806931,0 32.61735292557354,35.1738421057532,0 32.61730410481348,35.17444632714243,0 32.61734353569329,35.17466452445711,0 32.61732903518611,35.17484269078762,0 32.61724877979218,35.17484513509411,0 32.61703123619785,35.17503472660012,0 32.61700654324553,35.17516246004657,0 32.61721790858414,35.17583405636059,0 32.61708536477668,35.17587979245981,0 32.61674285222037,35.17619460127622,0 32.6166894810051,35.17650235611373,0 32.61670444702611,35.17654603729676,0 32.61679170674727,35.17655235273774,0 32.61679037320528,35.17670831507485,0 32.61668027976908,35.17675030433615,0 32.61675906456223,35.17705785446463,0 32.61685986364362,35.17713690477996,0 32.61683005527418,35.17731110869485,0 32.61668821859388,35.17733935312254,0 32.61656213862047,35.17745681413679,0 32.61637997216541,35.17751001273612,0 32.61635172877989,35.1775011310777,0 32.61637843128199,35.1774140976509,0 32.61573379933888,35.17666621049005,0 32.61550568529832,35.17640155367395,0 32.61573538580438,35.17632908572618,0 32.61584642899135,35.1762940527916,0 32.61603832814836,35.17593090962633,0 32.6160778152686,35.17559110431341,0 32.61590226003293,35.17528590237038,0 32.61574075032532,35.17518908056052,0 32.61573908961417,35.17518808465902,0 32.61545107681159,35.17492582556104,0 32.61574236328195,35.17484630134682,0 32.61578814072904,35.17483380358983,0 32.61578914401709,35.17457902653288,0 32.61586583417447,35.17457946987193,0 32.61589424725864,35.17443044577519,0 32.61592151773057,35.17441510306603,0 32.61597756506858,35.17420811310674,0 32.61596580677037,35.17406563825462,0 32.61602367529462,35.17392162731159,0 32.61602885152876,35.17386837576606,0 32.61595728494022,35.17368293018226,0 32.61604545530157,35.17358268879111,0 32.61601216945319,35.17347399669061,0 32.61621453789769,35.17354103932052,0 32.61628682099276,35.17336708087692,0 32.61620206038333,35.17320674706427,0 32.61620853065585,35.17300237705958,0 32.61626093986457,35.17294455453023,0 32.61629018111509,35.17269865995043,0 32.61658584312165,35.17261802166755,0 32.6166433909334,35.17237325859259,0 32.6164539171057,35.1721784143778,0 32.61645193965685,35.17213384041646,0 32.61658430342972,35.17209810357476,0 32.61654294246644,35.17179271593778,0 32.61660158639553,35.1717359838405,0 32.6164473823905,35.17152195595155,0 32.61639115020625,35.17129684541857,0 32.6168410521222,35.17126915785841,0 32.61695270126641,35.17098561728285,0 32.6169883448331,35.17079830727581,0 32.61697167260783,35.17075744657021,0 32.61694954518156,35.17069093111311,0 32.61708151372989,35.17051931786099,0 32.61740186157343,35.17038023694242,0 32.61699428554942,35.170269570884,0 32.61682430936514,35.17007525215724,0 32.61677870053381,35.17010061287579,0 32.61648601888494,35.16999060779261,0 32.61640286972015,35.16992723418586,0 32.6162878766327,35.16977283224829,0 32.61617953906026,35.16983509908719,0 32.61576568234542,35.16988997649095,0 32.61571659099901,35.16989648568858,0 32.61557504272872,35.17002727800178,0 32.61540400520178,35.17028834629878,0 32.61511577937344,35.17032045710392,0 32.61510200400328,35.17043801122881,0 32.61500605028731,35.17054460733454,0 32.61482485407524,35.1706670177518,0 32.61479211086532,35.17068080504279,0 32.61450642892309,35.17058131780625,0 32.61440042799978,35.17053644697442,0 32.61425532889266,35.17074991054281,0 32.61414645068047,35.17070968152894,0 32.61410199951226,35.17076532911107,0 32.61410827979137,35.17102509168304,0 32.61405719437801,35.17102712563379,0 32.61392944838792,35.17103686827478,0 32.61375579071382,35.17110690838209,0 32.61348623995154,35.17111117123694,0 32.61273135650949,35.17113940586684,0 32.61271183987896,35.17109969378359,0 32.61269472189524,35.1709458546574,0 32.61297131935721,35.17078207265845,0 32.61270467051452,35.17061397547289,0 32.61250340645896,35.17059533726133,0 32.61246586910844,35.17050660277556,0 32.61227037873572,35.17047635103899,0 32.61206675927706,35.1704017927946,0 32.61202112415113,35.17026526006943,0 32.6117798796805,35.17011244965561,0 32.61184280797838,35.16988802891284,0 32.611869226411,35.16962030347984,0 32.6117378443542,35.16939359064889,0 32.61160091098255,35.16931709010107,0 32.61115101319042,35.16901631395862,0 32.61106507464576,35.16894826211575,0 32.61205951979138,35.16877118251865,0 32.61214956088821,35.16869250675467,0 32.61223038398294,35.16853108301513,0 32.61227213334992,35.16829489316543,0 32.61265780858687,35.16798149830676,0 32.61274809823914,35.16787370598252,0 32.61289621859502,35.16730852359729,0 32.61303563339687,35.16709619355167,0 32.61376714268714,35.16664736659552,0 32.61381011204448,35.16659869748507,0 32.61390087801407,35.16643500208833,0 32.61407111191147,35.1662671069117,0 32.61415166828843,35.16613596336659,0 32.61422273557779,35.16595351721895,0 32.61428772147055,35.16565340230017,0 32.61424523093557,35.16564616850824,0 32.61354145035715,35.16551048359391,0 32.61349855660878,35.16540730542021,0 32.61346489919249,35.16532634277183,0 32.61342667111727,35.16524142552425,0 32.61342733373647,35.16516426269237,0 32.61328337250767,35.16511637534553,0 32.61334024479042,35.16489837746421,0 32.61345031929901,35.16488960480748,0 32.613538544274,35.16475648410638,0 32.61363866414386,35.1645726156896,0 32.61371354292017,35.16439236422992,0 32.61374386492582,35.16433042950159,0 32.61384525640211,35.16426514277816,0 32.61374582675924,35.16356817777636,0 32.61367460491681,35.16305582481085,0 32.61365532506871,35.16289949627542,0 32.61362209852341,35.16276567169539,0 32.61358377523799,35.16269204686104,0 32.6133632139713,35.1627585260584,0 32.61332458337614,35.16272065947593,0 32.61319811588783,35.16277074479262,0 32.61303338963348,35.16273967580855,0 32.61298623448683,35.16289373704467,0 32.61290813116664,35.162915870096,0 32.61300361079037,35.16300488339805,0 32.61284709614522,35.16308490779788,0 32.61245904602212,35.16317488211141,0 32.6121622656635,35.1627779118124,0 32.6118863838401,35.16288171020746,0 32.61174615192191,35.16293359506514,0 32.61170821362249,35.16334744442229,0 32.61148478931295,35.16347977786199,0 32.61123523383635,35.16371924004603,0 32.6110088520846,35.16392872355186,0 32.61045159998447,35.16397441763409,0 32.61023974357533,35.16409364268551,0 32.61010581404982,35.16421143618182,0 32.6100287968058,35.16437285194084,0 32.61045084046056,35.1645936349257,0 32.6102633455064,35.16481087145042,0 32.61007168701488,35.16497914754785,0 32.60988154026384,35.16523777425727,0 32.60953674014209,35.16509460694945,0 32.60936474551028,35.16510866139471,0 32.60927276114263,35.16488038809226,0 32.60914594916603,35.16470461054976,0 32.6089708698725,35.16454549083124,0 32.60880321921798,35.16432242184036,0 32.60886341627558,35.16425125175404,0 32.60863981482298,35.16387352144239,0 32.60860602917248,35.16380556778437,0 32.60877616694109,35.16374068586983,0 32.60890854046689,35.16353818728557,0 32.60872598720267,35.16344866242805,0 32.60857645825885,35.16325016690309,0 32.60853810701131,35.16318030373304,0 32.60830182955133,35.16294365894861,0 32.60819042812626,35.16284137328552,0 32.60805828891623,35.16275214205992,0 32.60809537530322,35.16270342346643,0 32.60805783838895,35.16253945876563,0 32.6081327130229,35.16236109283243,0 32.60822832302161,35.16216967317219,0 32.60815342257845,35.16208642221005,0 32.6078849233953,35.16186652757892,0 32.60775343949138,35.16170201347482,0 32.60757097301046,35.16160307746738,0 32.60740633276068,35.16156259053674,0 32.60718944854234,35.16146909862626,0 32.60713464933215,35.16144619311552,0 32.6070518580642,35.1612160891543,0 32.60695247212404,35.16104987999081,0 32.60679804333942,35.160888995137,0 32.60669334105375,35.16080745203345,0 32.60651154694046,35.16063134982428,0 32.60643059311374,35.16045395516085,0 32.60633564432628,35.16030471156306,0 32.60624738909797,35.16017621005506,0 32.60619760138333,35.16010439798843,0 32.60612427175293,35.15984046944196,0 32.60607764007134,35.15966892259527,0 32.60606994386833,35.15949948540627,0 32.60614093830269,35.15924016705219,0 32.6060507224336,35.15907401125768,0 32.60590831227537,35.15884920387919,0 32.6057747724461,35.15865832583745,0 32.6056526101952,35.15847692591255,0 32.60550542189414,35.15827467528189,0 32.60542142910824,35.15818384108619,0 32.6053508724723,35.15812884508333,0 32.60520053002769,35.15828982795283,0 32.60495563482269,35.1582563963921,0 32.60491488198421,35.158199693618,0 32.60463728827714,35.15823759050711,0 32.60438254098135,35.15828314932557,0 32.60427849919609,35.15838982070764,0 32.60408203509894,35.15832090972659,0 32.6039685664975,35.15819414135507,0 32.60388467086517,35.15809201371246,0 32.60372938580064,35.15803087342497,0 32.6034389134379,35.15796893897544,0 32.60330516492904,35.15806602417832,0 32.60302997716553,35.15809075675126,0 32.60265989818573,35.15796059512955,0 32.60256906637842,35.15786595336984,0 32.60254908564448,35.15779243296892,0 32.60256196944311,35.15762876347707,0 32.60254197193838,35.15755712423327,0 32.60255858551748,35.157491347893,0 32.60261825732729,35.15748040596383,0 32.60262464540683,35.1572734084211,0 32.60247081535657,35.15722820168652,0 32.60242728935514,35.15721541045709,0 32.60247129833021,35.1571729178732,0 32.60251926726581,35.1571266019178,0 32.60271017686445,35.1570464836289,0 32.6029341255411,35.15699479071724,0 32.60322223618324,35.15706424170153,0 32.60334462566745,35.15695579692912,0 32.60321909689974,35.15689859515633,0 32.60311245504558,35.15677751180104,0 32.60273067079633,35.15641389789794,0 32.60260694196899,35.15641316943109,0 32.60256644801231,35.15626629722205,0 32.60247940611344,35.15624335684453,0 32.60220350885287,35.15617064237852,0 32.60196983559287,35.15605440682491,0 32.60164475775097,35.15606653939569,0 32.60158013103374,35.1561223424288,0 32.60107606004988,35.1560667008787,0 32.60116264616264,35.15594430756106,0 32.6008706642022,35.15559494602049,0 32.60003696744381,35.15558300426125,0 32.59992312040064,35.15539973213908,0 32.59959312446171,35.15499747056757,0 32.59968075961216,35.15475569346089,0 32.59952739077359,35.15469158040689,0 32.59953698859538,35.15457224636554,0 32.59964818501039,35.1545693913511,0 32.59963652680388,35.15443588379366,0 32.59948291227454,35.15439986102392,0 32.59929263066286,35.15415644222773,0 32.59935049093555,35.15389693280804,0 32.59924836709457,35.15384014323553,0 32.59939342977353,35.15338801586304,0 32.59935636562304,35.15322626728922,0 32.59949982503215,35.15295672698119,0 32.59943876692079,35.15211711282536,0 32.59944058123479,35.15190994423099,0 32.59937322050963,35.15179015378946,0 32.59935857765982,35.15150914593608,0 32.59932225237848,35.1512631253435,0 32.59934990360922,35.15103504048603,0 32.59928978930756,35.15081990332403,0 32.59916724051614,35.15038133466228,0 32.59924946632095,35.15029341836009,0 32.59910887344441,35.1500703890508,0 32.59890930553126,35.14993780175807,0 32.59885506019561,35.1498204088643,0 32.59882649612482,35.14942840706906,0 32.59843468757354,35.14932335284337,0 32.59819339163737,35.14930520099787,0 32.59809498934911,35.1492472770964,0 32.59806362024703,35.14917541362734,0 32.59800819830446,35.14819789130802,0 32.598018433825,35.14802592762602,0 32.59806545872944,35.14797125335764,0 32.59808366648438,35.1478853491846,0 32.59809005130179,35.14782087800562,0 32.59797528805047,35.14763861670774,0 32.59802710683572,35.14736894055188,0 32.59805190894927,35.14719467341681,0 32.5982144540465,35.14690414999348,0 32.59817909006829,35.14662439993716,0 32.59813970848391,35.14647125600927,0 32.59822721141716,35.14578128747117,0 32.59828731934127,35.14522973061344,0 32.5988808006765,35.14522368412764,0 32.59892386833582,35.14528844707196,0 32.59913217084219,35.14541869712789,0 32.59951735064532,35.14561450076767,0 32.60020199350735,35.14582879496768,0 32.60038539749054,35.14581315223948,0 32.60074119286785,35.14571012518475,0 32.60125082116434,35.14564623015018,0 32.60156243714442,35.14560505981336,0 32.60165884663005,35.14555784331531,0 32.60175659017563,35.14535772411176,0 32.60159760718697,35.14524210456706,0 32.60164205223295,35.14514918664928,0 32.60146892083516,35.14498808810619,0 32.60147524036358,35.14493078351735,0 32.60158043785879,35.14487645148732,0 32.60163815212741,35.14492935415298,0 32.60170422203985,35.14502531253915,0 32.60184945112129,35.14505005998649,0 32.60221583588312,35.14506655192277,0 32.60232643351757,35.14506003455887,0 32.60257609090981,35.14515589985972,0 32.60262684836901,35.14517539051573,0 32.60280614929578,35.14520584443242,0 32.60307354009009,35.145228648951,0 32.60344640085469,35.14534646301738,0 32.60384203008003,35.14548800579322,0 32.6039255282891,35.14548377445887,0 32.60402111377591,35.14542533907615,0 32.6040306221558,35.14534280289472,0 32.60409247829946,35.14520865508381,0 32.60410041524526,35.14503974440026,0 32.604265713357,35.14464897796243,0 32.60428216770782,35.14425612169556,0 32.60462433724087,35.14420977905426,0 32.60477880278926,35.1440953419259,0 32.60476278860335,35.14397725235715,0 32.60478418546898,35.14358798794231,0 32.60482559763469,35.14348203190067,0 32.60469529033141,35.14299319983201,0 32.6047432413575,35.14220790285867,0 32.60486488103997,35.14220050065121,0 32.6050224011326,35.14200081423956,0 32.60518102069241,35.14196870048607,0 32.60555437052519,35.14171179064069,0 32.60600939094589,35.14140999227481,0 32.60714721279462,35.14103664792948,0 32.60729386991478,35.14104694403972,0 32.60779295228988,35.14093184442571,0 32.60800647674508,35.14084768024329,0 32.60842155461506,35.14078401236441,0 32.60887921959669,35.14077487640278,0 32.60930447670847,35.14083635626746,0 32.60971577150917,35.14085762960186,0 32.61000983835132,35.14080741468609,0 32.61032747823396,35.14070541100865,0 32.61046495088277,35.1406262079934,0 32.61059860258973,35.14050661342635,0 32.61095429442113,35.14007439427508,0 32.61105626199416,35.14002189774376,0 32.61122629675761,35.13993435854714,0 32.6113104770464,35.13986639800179,0 32.61135752447391,35.13977226063736,0 32.61122759990462,35.13944655559973,0 32.61174829301729,35.13946373804818,0 32.61191284425546,35.1394151262043,0 32.6121661484491,35.13940951377021,0 32.61235021290616,35.13942002172204,0 32.61248583729694,35.1393854036442,0 32.61255868332488,35.13930085446339,0 32.61260911179532,35.13915952648274,0 32.61266054490905,35.13866499246635,0 32.61305206740193,35.13838165402254,0 32.61312410271155,35.13810354146788,0 32.61342927903451,35.13809114667639,0 32.61379185639124,35.13794722953264,0 32.61394146658967,35.13795045641271,0 32.61397155330637,35.13782788696634,0 32.61396955779057,35.13774525913589,0 32.61391909701391,35.13761986229557,0 32.6143579289086,35.13719450315787,0 32.61461214582131,35.13688545718604,0 32.61469168196538,35.13671359754129,0 32.61462491872405,35.13640526844186,0 32.61415045973987,35.1351463378762,0 32.61402617196685,35.13475467818296,0 32.61392337287881,35.13454905935755,0 32.61332538793528,35.13410478399224,0 32.61318388500361,35.13379899812595,0 32.61313795338234,35.13351112426844,0 32.61413356788179,35.13208992473578,0 32.61416117005507,35.131937128624,0 32.61421500778299,35.13177837843092,0 32.6140716562607,35.13116570455249,0 32.61405252893577,35.13081069874621,0 32.61392267248389,35.130298972284,0 32.61389351940323,35.13019226702986,0 32.6139186097837,35.12990790424388,0 32.6138528790855,35.12971286766683,0 32.61346273655531,35.12908250775067,0 32.61334978947765,35.12891650046436,0 32.61333159157212,35.12870150042792,0 32.61321813022909,35.12859058775874,0 32.61306534120204,35.12836371838499,0 32.61281446344316,35.12794667860943,0 32.61099546085822,35.12681337402429,0 32.61063554456548,35.12658069408736,0 32.61048164889751,35.12644335954339,0 32.61040794709528,35.12633474708115,0 32.61036302810119,35.12622161553295,0 32.61030745264934,35.12601907928497,0 32.61029750113228,35.12585444854535,0 32.61030487964209,35.12568052507942,0 32.61031683843443,35.12552117758612,0 32.61037647040672,35.12529116557968,0 32.61042978233986,35.12512223657915,0 32.61044843549971,35.12497189575226,0 32.61044343693266,35.12489193160917,0 32.61038295232082,35.12460002896614,0 32.61028175282015,35.12435958624003,0 32.61022622203432,35.12415234832608,0 32.61018749232452,35.12399223745595,0 32.61017718979322,35.12386522014873,0 32.61017802793485,35.12377589025171,0 32.61023027945951,35.12371980266283,0 32.61068663040113,35.12347352694513,0 32.61111470936875,35.12323478555171,0 32.61122693480641,35.12330856571365,0 32.61181274076794,35.12275662689511,0 32.6120109302036,35.1226503451902,0 32.61236306717079,35.12248231013195,0 32.61275429160207,35.12223386399435,0 32.61316139595548,35.12204377810818,0 32.61351881627731,35.12189450029264,0 32.61356412603833,35.12187004006352,0 32.61376103748529,35.12178626663465,0 32.61386045004715,35.12173338708381,0 32.61394825238655,35.12167271480152,0 32.61411910257647,35.12155516693989,0 32.61428374505328,35.12138568187214,0 32.61441343598475,35.12124705579796,0 32.61457588010567,35.12106794445538,0 32.61473622719176,35.12088995027182,0 32.61498687055661,35.12077122963866,0 32.61513097676959,35.12071108415758,0 32.61520505797708,35.12065343846015,0 32.61522088768945,35.12054406287632,0 32.61527252659122,35.12039659227515,0 32.61538100317867,35.12024467060493,0 32.61546036452152,35.12012435972189,0 32.61554617910165,35.12004061664683,0 32.61568696852392,35.11989398024366,0 32.61586510090145,35.11978146385569,0 32.6160015420681,35.11969106717435,0 32.61605957247281,35.11965262045957,0 32.61619572560605,35.11953769996599,0 32.61633178455962,35.1193929452706,0 32.61640104792222,35.11931673629722,0 32.61644503187853,35.11922566427775,0 32.61652715829817,35.11907848787695,0 32.61662336137522,35.11893144337505,0 32.61674118360661,35.11878541542706,0 32.61688162070385,35.11865991979845,0 32.61701285689747,35.11852281189701,0 32.61712360018534,35.1183689225912,0 32.61721531931255,35.11820839285756,0 32.61725667018663,35.11811655953496,0 32.61732759884395,35.11808263920978,0 32.6174055647546,35.11804878342089,0 32.61744912358344,35.11798114796735,0 32.6175667050081,35.11781702094382,0 32.61768192540531,35.11767161571906,0 32.61779685139184,35.11752667818161,0 32.61792627239824,35.11737700968152,0 32.61796935364084,35.11732361921173,0 32.61807610775895,35.11724968986451,0 32.61824647488851,35.11715906396575,0 32.61842274809405,35.11705997330584,0 32.61858150566452,35.11696155560742,0 32.6187286827716,35.11685342470368,0 32.61889520364602,35.11674221484682,0 32.61904259171838,35.11662064068118,0 32.61919427413897,35.11652408026062,0 32.61938123248049,35.11642208498148,0 32.61956105948123,35.11632578824012,0 32.61983401758957,35.11623300676674,0 32.61988284442893,35.11620179643976,0 32.61995112788937,35.11616285085312,0 32.6199771606849,35.11610609534318,0 32.61999626428945,35.11599861142557,0 32.62001253079883,35.1159480981602,0 32.62006738343287,35.11590269601146,0 32.6201265232643,35.11586271299268,0 32.62017309100588,35.1158520646049,0 32.62026168298648,35.11587347198095,0 32.62033300358711,35.11588680270182,0 32.62038137972024,35.11588408684519,0 32.62043798634244,35.11584978269863,0 32.62046366799324,35.11581518970323,0 32.62050077042541,35.11579178733309,0 32.62052406560456,35.11578567122131,0 32.62056998168612,35.11581618055262,0 32.62059661771343,35.11584334390503,0 32.62062157088426,35.1158546589071,0 32.62065440601211,35.11585654734903,0 32.62070657210194,35.11585861796024,0 32.6208403227382,35.11583611369032,0 32.62101711739647,35.11573612485201,0 32.62114365982839,35.11568030705368,0 32.62131872620174,35.11561227525746,0 32.62151492839512,35.11555235693791,0 32.62172170403027,35.11549989706292,0 32.62182836328192,35.11547872506199,0 32.6218573325495,35.11548057768069,0 32.62194547153173,35.11553047760232,0 32.62200105126982,35.11556107512391,0 32.62215453407935,35.11563533086237,0 32.62234838492805,35.11572420946145,0 32.62251261010341,35.1157883105442,0 32.6225951251544,35.11582707456105,0 32.62276234014923,35.11588879138632,0 32.62281053788518,35.11589715586707,0 32.62287754045821,35.11593894070209,0 32.62292917942437,35.11597425159956,0 32.62305302249137,35.11608939363003,0 32.62329577160007,35.11605281480398,0 32.62351805317352,35.11605488001975,0 32.62367552561093,35.11606742888728,0 32.62390240871115,35.11614552940395,0 32.62409286746244,35.11620429230049,0 32.62422632538448,35.11624713518576,0 32.62427467131189,35.11624600054777,0 32.62432688301236,35.11624490220915,0 32.62455652383517,35.11614729213047,0 32.62475697237335,35.11606207659787,0 32.62492120748366,35.11599818677863,0 32.62503985417142,35.11595179260061,0 32.62517168146339,35.11592768481769,0 32.62530710054411,35.11592102565799,0 32.62543921210128,35.11592514503375,0 32.62554712561562,35.1159467272383,0 32.62570680225334,35.11599570241505,0 32.62590112007442,35.11605449692581,0 32.62611454665787,35.11606949855437,0 32.62635802521189,35.11607492127769,0 32.6266306661124,35.11606953085617,0 32.62682833939807,35.11610452903344,0 32.62693057761378,35.11611814124917,0 32.62706405960984,35.11611146244732,0 32.62724461760936,35.11606089016619,0 32.62742928654295,35.11599452502789,0 32.62750615986646,35.11597280487369,0 32.62757390320554,35.11596709981355,0 32.62768758687177,35.11599031496154,0 32.62774759868062,35.11598453828274,0 32.62788372554099,35.11593197169991,0 32.62802173560843,35.11588258999518,0 32.62807820215303,35.11585619977601,0 32.62810724155982,35.11585330161768,0 32.62814178266689,35.11586945258067,0 32.62823021629134,35.11590034904661,0 32.62828239860037,35.11590083268052,0 32.62834933608656,35.11589161915401,0 32.62845409322711,35.11586725893979,0 32.62851618510496,35.11585200187637,0 32.62863887784063,35.11579297977935,0 32.62880264778736,35.11570267481828,0 32.62901743919557,35.11561544003338,0 32.62913795109251,35.1155722285965,0 32.62927793278506,35.11554961057747,0 32.62931317893766,35.11557312603514,0 32.62975214649038,35.11586599530945,0 32.6303316433825,35.11602654451877,0 32.63069356566852,35.11615874525356,0 32.63099107205325,35.11610077065008,0 32.63099359044887,35.1160993964636,0 32.63158120595197,35.11577870550676,0 32.63213688075376,35.11562999105949,0 32.63313585216743,35.11535360747082,0 32.63381000859818,35.11524351117723,0 32.63473256225969,35.11463044682132,0 32.63470923531943,35.11426153792988,0 32.63433898253857,35.11354359296605,0 32.63441402332156,35.11325116197641,0 32.63435172448843,35.11280610639646,0 32.63458184893231,35.11211864877406,0 32.63464463286906,35.1117122592334,0 32.63479953451233,35.1113389267798,0 32.63483067091709,35.11076966146658,0 32.63533127333758,35.11009456632424,0 32.63501814635866,35.1096535272004,0 32.63485128401737,35.1090831516387,0 32.63487455160052,35.10866569425965,0 32.63468654420173,35.10825789712997,0 32.63477509400911,35.10792757609959,0 32.63478518183803,35.10751142024357,0 32.63478904143822,35.10735218501615,0 32.63480831289277,35.10665854095259,0 32.63483065250731,35.10640891609849,0 32.63438712590882,35.10614002490482,0 32.63416522240723,35.10602222589173,0 32.63390469079026,35.10567666064448,0 32.63340159205561,35.10526312929625,0 32.63312039141788,35.10496739626907,0 32.63310280897183,35.10464539414343,0 32.63309762847424,35.10445666367656,0 32.63280852202193,35.10429963599274,0 32.63286407689775,35.10411679804961,0 32.63275680773014,35.10402184263363,0 32.63273090771607,35.1038884966713,0 32.63271161503145,35.10377183771993,0 32.63271360469469,35.10353319643397,0 32.63264820075437,35.10327752710441,0 32.63271744456168,35.10307256509113,0 32.63280829223885,35.10270677372847,0 32.63281740379317,35.10242377231897,0 32.63255810673868,35.10188900794429,0 32.63227904015492,35.10138288290405,0 32.63217977825643,35.10113812212855,0 32.63220258189028,35.10083299935069,0 32.63234685261312,35.10053966036725,0 32.63260032923246,35.10010818437014,0 32.63289372068434,35.09974908363997,0 32.63302577756021,35.09930027359768,0 32.63306231826054,35.09896747567026,0 32.63297637636791,35.09874498986873,0 32.63319371999871,35.09859636198178,0 32.63331731034959,35.09835285563333,0 32.63344094125678,35.09810379840435,0 32.63374736956673,35.09780026876369,0 32.63410795311181,35.09748039159172,0 32.63452848272696,35.09726075204502,0 32.63435604203325,35.09688238111683,0 32.63397217569175,35.09594226735371,0 32.63382087957988,35.09545856325483,0 32.63377239910773,35.09479228383643,0 32.63365444986019,35.09435871820854,0 32.63364996221426,35.09408674002632,0 32.63333022043756,35.09355768739596,0 32.63326512958473,35.09299846534096,0 32.63315610989095,35.09206181607632,0 32.63329987024687,35.09171872161524,0 32.63372811891811,35.09052249882014,0 32.63404620588332,35.09067659407329,0 32.63435652343534,35.09096791167823,0 32.63465946658587,35.09119411377458,0 32.63490791179618,35.09130938599498,0 32.63525588668711,35.09135688820247,0 32.63587331426248,35.09137336474244,0 32.63638561729439,35.09117776141198,0 32.63664725877211,35.09113367452593,0 32.63709024065122,35.09118170401896,0 32.63739028291647,35.09128099127331,0 32.6376740623127,35.09143224405405,0 32.63787586734011,35.09144313107442,0 32.63825325233002,35.09128581159299,0 32.6384751745468,35.09125776811503,0 32.63889095473162,35.09124381923203,0 32.63929954579679,35.09114198095484,0 32.63937855385276,35.09116194327817,0 32.63954330977,35.09134506570635,0 32.63966188048585,35.09136850229209,0 32.63992750841793,35.09132117690496,0 32.64003409681089,35.09135756052893,0 32.64027767441058,35.09158341823415,0 32.64046717621428,35.09164629102811,0 32.64073187086435,35.09171283873454,0 32.64095218654617,35.09188000036134,0 32.6412753960326,35.09205098513482,0 32.64161476514175,35.09218301828152,0 32.6418127472192,35.09217760892361,0 32.64189555929701,35.09221711346189,0 32.64205304879451,35.09232210668822,0 32.64223051673723,35.09240443145259,0 32.64247980485276,35.09241882848876,0 32.64288826509406,35.09233324727511,0 32.64313765477998,35.09233462962592,0 32.64324961424957,35.09238891197687,0 32.64335193342483,35.09254981689385,0 32.64347465186187,35.09263943343601,0 32.64372423784823,35.0926846578566,0 32.64400565771279,35.09293674386655,0 32.64418618909672,35.09305939836091,0 32.64420269650054,35.09307061344594,0 32.64434047928587,35.09319730496556,0 32.64442703710328,35.09334763518429,0 32.64462181757889,35.09347636393636,0 32.64476774036912,35.0937990738045,0 32.64508407275245,35.09392847425644,0 32.64548850955864,35.09401950797773,0 32.64570450114478,35.094031801717,0 32.64586588827191,35.09411594188796,0 32.64616277837877,35.09414533280388,0 32.64632434211989,35.09420727390217,0 32.64666193206841,35.09421468789215,0 32.64695782609879,35.09436616518729,0 32.64753086092409,35.09448587803444,0 32.64801795939458,35.09437755740304,0 32.64875445454046,35.09432610805264,0 32.64917830077042,35.09452268471635,0 32.64979288882247,35.09451496054783,0 32.65004781175816,35.09472170891331,0 32.65040363174653,35.09497896424383,0 32.65068068066806,35.09495828578628,0 32.65083450703426,35.09514228080471,0 32.65111168656649,35.09510494912579,0 32.65138260897452,35.09500653021981,0 32.65179934283147,35.09524746171571,0 32.65205280191017,35.09563735607363,0 32.65221365933355,35.09578808772159,0 32.65296876497684,35.09594206555617,0 32.65323261624776,35.09588245405332,0 32.65334795551593,35.09581648169287,0 32.65359088255993,35.09584001045599,0 32.6539033928452,35.09560860911638,0 32.65411317093316,35.0955542551859,0 32.65435573897624,35.0956221793514,0 32.65476560386726,35.09587971566749,0 32.65520516248917,35.0958044089435,0 32.65595150235514,35.0958314349301,0 32.65605360175543,35.09583513102156,0 32.65611697034352,35.09581815335936,0 32.65616212296602,35.09577292795858,0 32.65621077997765,35.09561945965572,0 32.656211493692,35.09553068738765,0 32.65628042885275,35.09547692993569,0 32.65635431554404,35.09546217418906,0 32.65647527536726,35.0954909807251,0 32.65657756715357,35.09554783296608,0 32.65667138232735,35.09567609321699,0 32.65678812580741,35.09590191551483,0 32.65690847724704,35.0960065021882,0 32.65709735930017,35.09610712888398,0 32.65720250069066,35.09613801367539,0 32.65731321983463,35.09612995437586,0 32.65744532935629,35.09608303440563,0 32.65762728431696,35.09606236974973,0 32.65782002064959,35.09601144793032,0 32.65792810630143,35.09600337342505,0 32.65798861525848,35.09601452687964,0 32.65809615967223,35.09607357226096,0 32.65818027442339,35.09609784547605,0 32.65834624827816,35.09609874504769,0 32.65859384177823,35.09610658252224,0 32.65885690785993,35.09615564296135,0 32.65916171928836,35.09625689454281,0 32.65926443299762,35.09626178132077,0 32.65936981336215,35.09626235144795,0 32.65948543780112,35.09629978540111,0 32.65956717885471,35.0962915669389,0 32.65985239852081,35.09620649837477,0 32.65992626967178,35.09619390649372,0 32.66019518172462,35.09617154111611,0 32.66051959286878,35.09612782204168,0 32.66066483581937,35.09608530175147,0 32.66082077465984,35.09602334980151,0 32.66095050604209,35.0959439362005,0 32.6610560246098,35.09592718288282,0 32.66124305973612,35.095930357531,0 32.66136664084268,35.0959613380084,0 32.66144536257363,35.0960007366582,0 32.66151925102781,35.09598597776892,0 32.66236741862812,35.0956787493505,0 32.66264223085443,35.09557629581015,0 32.66290458588917,35.09538499844196,0 32.66398092157274,35.09520673716378,0 32.66413562035721,35.0953006743026,0 32.66425095328506,35.09537491283174,0 32.66449816770974,35.09576165779307,0 32.66456301540396,35.09588975699447,0 32.66456413677692,35.09608030612954,0 32.6644925937492,35.09646317431346,0 32.66461843198014,35.09654179896177,0 32.6647311845159,35.09660952802884,0 32.66474034616041,35.09678279864271,0 32.66487085426198,35.09693723266319,0 32.66508687111271,35.09727184189475,0 32.66513601910964,35.09738686483522,0 32.66507570285397,35.09768318493253,0 32.66506981253151,35.09776110171256,0 32.66511644537179,35.09786095511702,0 32.66555778888141,35.09802355063018,0 32.66607433752414,35.09800466384865,0 32.66627168989842,35.09803603448413,0 32.66635535932664,35.09811659735553,0 32.66645949301964,35.09827521802249,0 32.66657619904473,35.09850969241549,0 32.66668866461632,35.09861422696387,0 32.66683544650963,35.09871028421919,0 32.66710615586023,35.09879401142932,0 32.66717431778948,35.09883768158647,0 32.66726509166238,35.0990200494293,0 32.66726845949211,35.0992604128288,0 32.66734635046498,35.09940590199312,0 32.66735385857533,35.09945574161286,0 32.66717487271845,35.09976658411749,0 32.66718934287064,35.0999355522016,0 32.66722227432878,35.10010245534804,0 32.66715957069427,35.10036844825355,0 32.66715062030613,35.10050048174112,0 32.66727579842721,35.10066354477952,0 32.66758244506197,35.10086871976624,0 32.66776872139262,35.10096931637231,0 32.66803651611568,35.1010898361896,0 32.6681095688923,35.10118116671834,0 32.6681422087566,35.10138487687467,0 32.66812017595353,35.10150601444517,0 32.6680822282991,35.10164005806361,0 32.66807884233427,35.10173531136615,0 32.66815625336194,35.10194142552702,0 32.66833538095556,35.10228016260795,0 32.66848060362289,35.10257541474316,0 32.6685771830971,35.10269068849212,0 32.66867418917463,35.10275183380268,0 32.66875056143165,35.10275657206643,0 32.66879299421307,35.10272215326707,0 32.66900349460133,35.10242446858533,0 32.66909122632067,35.1023253341875,0 32.66921851138395,35.10222207914241,0 32.6692905031223,35.10211420036196,0 32.66938843194593,35.10205842332471,0 32.66945438466538,35.10204794941831,0 32.66954121029174,35.10206356863146,0 32.66962502602463,35.10212680816182,0 32.66972160439981,35.10224208100767,0 32.66980270274407,35.10231613170667,0 32.66990525411232,35.10234266176063,0 32.67001308890997,35.10236705264548,0 32.67028710087563,35.10236851115579,0 32.6704217450011,35.10233458229373,0 32.67049079359079,35.10226566175223,0 32.67056713935391,35.10193911252091,0 32.67075689572821,35.1015980079442,0 32.67087167220183,35.10141023993238,0 32.67103126800651,35.1012183793422,0 32.67131789135259,35.10095573918066,0 32.6714528393639,35.10088283670726,0 32.6715373198576,35.100861631931,0 32.67161103964573,35.10086852007585,0 32.67184221046424,35.10095635721903,0 32.67197370462932,35.10098736904215,0 32.67210807545382,35.10098808226559,0 32.67254164166681,35.10080200277491,0 32.67280855833132,35.10069948423254,0 32.6729486201293,35.10064609494823,0 32.67322809897368,35.10062159197696,0 32.67333872155053,35.10062650799274,0 32.67362221423589,35.10076225553279,0 32.67387930492908,35.10090435753248,0 32.67412304681094,35.1010702076591,0 32.67435158749388,35.10115802574298,0 32.6746326652114,35.10126560985414,0 32.67486666167484,35.1013296390291,0 32.67517201798214,35.10136589638471,0 32.67543280420193,35.10137376821201,0 32.67576754629292,35.10135821318021,0 32.67607867704748,35.10132953995164,0 32.67628173286926,35.10130679081099,0 32.6765718194033,35.10127367477423,0 32.67667438683817,35.10129803397005,0 32.67693167613835,35.10141631303006,0 32.67702081471154,35.10147307872527,0 32.67726543401451,35.10152633360661,0 32.67745181036682,35.10161608971728,0 32.67784794892945,35.10183686567976,0 32.67831858188832,35.10196492359093,0 32.67844449374603,35.10203704033061,0 32.67856032190959,35.10205063964259,0 32.67871305239369,35.10206226791061,0 32.67875775804881,35.10207332856562,0 32.6787964372643,35.10218179380898,0 32.67882722902343,35.10228805493384,0 32.67869281682584,35.10263162648314,0 32.67857437831461,35.10295362985931,0 32.67849978288326,35.1030593366751,0 32.67823482524511,35.10324848828146,0 32.67802293234829,35.10339028325988,0 32.67788437361455,35.10358875854337,0 32.6778216164305,35.1038655835656,0 32.67778196650386,35.10422047867836,0 32.67774433591073,35.10431555378518,0 32.67769128757729,35.10436074455603,0 32.67758554198231,35.10440565995983,0 32.67734255040485,35.10448016565736,0 32.67692535788724,35.10459272932395,0 32.67690884015907,35.10468358324463,0 32.67689445061773,35.10483940727517,0 32.67664356938908,35.10491170552212,0 32.67643645039265,35.10511631506763,0 32.67625229932255,35.10541631393003,0 32.67610964414887,35.10580098168479,0 32.6760688712959,35.10596099604697,0 32.67606013830814,35.1060670467224,0 32.67620523946115,35.10638177761773,0 32.67614593684264,35.10655251882213,0 32.67596117235215,35.10693046831452,0 32.67586278688623,35.10704470925313,0 32.67582961140486,35.10724373868536,0 32.67574708474258,35.10735156695148,0 32.67560130240655,35.10746122703463,0 32.67541853024395,35.10758368163578,0 32.67537073412973,35.10767139848151,0 32.67527404416337,35.10773191870187,0 32.67522652056474,35.10776166492769,0 32.67513936217429,35.10790163444906,0 32.67443777660346,35.10863716366045,0 32.67434566219629,35.10897566315048,0 32.67393545833693,35.10931247991582,0 32.67359342897533,35.10982936086403,0 32.67353285830539,35.10994748124794,0 32.6735763087997,35.11011107826793,0 32.6735893316167,35.11035211251057,0 32.67358256857527,35.11058079107088,0 32.67329048623372,35.11106526113479,0 32.67327942344356,35.11120814841752,0 32.67346948581317,35.1116910878417,0 32.67368166942874,35.11188825052436,0 32.6739324331372,35.11223673293647,0 32.67418556477372,35.11228299676492,0 32.67432323162124,35.11247568083792,0 32.67437149401691,35.11265972441987,0 32.67451807723577,35.11298314784043,0 32.67454614291678,35.11320792483993,0 32.67463929984202,35.11337178464463,0 32.6748365342642,35.11421008253947,0 32.67478016459089,35.11442624533912,0 32.6747433921543,35.11467927050489,0 32.67472400560298,35.11525095144665,0 32.67493040106165,35.11555427022612,0 32.67488410135204,35.11575415089231,0 32.67497710173805,35.11593842860368,0 32.67504520496689,35.11640766581089,0 32.67685491283338,35.11645530064821,0 32.67757016745827,35.11639050215935,0 32.67794192624136,35.11633151179858,0 32.67831569866575,35.11601351386439,0 32.67867517713829,35.11585032939492,0 32.67977234755252,35.11561230501118,0 32.68017401521235,35.11528683020024,0 32.68061392957787,35.11481680796636,0 32.68108339468451,35.11412601279099,0 32.68228511394101,35.11385224015596,0 32.68245647336385,35.11382651231906,0 32.68361573130913,35.1143265375049,0 32.68444455396115,35.11469110470128,0 32.68477411818868,35.11486927599413,0 32.68547135575032,35.11553881732825,0 32.68597951818171,35.11605499097362,0 32.68605003821715,35.11633365134297,0 32.68604881604848,35.11649266973354,0 32.68628925807342,35.11672251529461,0 32.68701926731089,35.11785935273907,0 32.68759544599619,35.11852825441118,0 32.68761018138419,35.11867147439153,0 32.68755862709686,35.11893290153046,0 32.68766641325941,35.11918352312632,0 32.6876888875963,35.11948313167233,0 32.68756477506795,35.11997679924607,0 32.68731085853849,35.12032150000397,0 32.68729583418849,35.12043482290692,0 32.68741053867429,35.12070583248079,0 32.68737416792872,35.12083358231482,0 32.68716007332373,35.12106218162224,0 32.68707744862648,35.12122167755193,0 32.68697848189724,35.12166604201662,0 32.68701571207116,35.12188721863018,0 32.68699968291661,35.12213138325576,0 32.68709129700207,35.12229815892789,0 32.68710811283007,35.12232876899003,0 32.68719821046976,35.12248079637721,0 32.68720969922042,35.12263727571752,0 32.68705980885024,35.12273556383957,0 32.68687005514446,35.12254691896248,0 32.68665151847964,35.12250262883206,0 32.68640190019961,35.12251572067414,0 32.68608701241793,35.12255845785782,0 32.68586086524575,35.12266938388664,0 32.68576352682955,35.12294782530704,0 32.68574605972586,35.1231562930487,0 32.68581795662629,35.12329744386444,0 32.68595046239287,35.12339719691641,0 32.68617245606592,35.12341399088535,0 32.68624507586497,35.12346129443117,0 32.6862508994193,35.12352910598226,0 32.68608204759106,35.12361686675849,0 32.68565171805111,35.12387011623503,0 32.68542486366228,35.12407228249356,0 32.68562689700385,35.12420889448598,0 32.68565079709978,35.12440193554656,0 32.68556403983908,35.12454226206423,0 32.68536933673258,35.1246898477016,0 32.68525414206402,35.12481438417261,0 32.68525327963692,35.12492648063564,0 32.68530983453612,35.12499977017547,0 32.6857143082272,35.12522085707717,0 32.6863326935401,35.12568550340559,0 32.68735684168784,35.12661889853005,0 32.68741581227881,35.1267912648829,0 32.68698028523075,35.1268932876809,0 32.68612106263822,35.12803941518456,0 32.68740940141446,35.13053198430714,0 32.68953602424115,35.13458586424368,0 32.6907971333229,35.13682171128696,0 32.69248519415676,35.14002363277594,0 32.69315838594457,35.13997409627434,0 32.69365813519511,35.14008264921506,0 32.69399641515555,35.14019037151163,0 32.69412602000672,35.14026004633722,0 32.69487556496586,35.14066299077365,0 32.69528538752243,35.14091991219392,0 32.69605001640303,35.14159066336404,0 32.69671957919642,35.14227684626626,0 32.69705677048666,35.14253028884144,0 32.69736778687736,35.14268644163419,0 32.69762032933306,35.14274513862429,0 32.69831765090969,35.14281615396542,0 32.69983568229014,35.14280179202028,0 32.70014716996707,35.14361153409442,0 32.70005448789784,35.14402967081957,0 32.70031800679052,35.14403100878705,0 32.70054398877158,35.1440821063853,0 32.70040521925804,35.14456425430697,0 32.69993377279077,35.14525561440053,0 32.70008715599415,35.14552556837116,0 32.69960175322965,35.14582558033305,0 32.69897474123494,35.14608601861043,0 32.69851060742676,35.1462529329001,0 32.69836688030241,35.14604685002443,0 32.6980874679866,35.14591222745528,0 32.69765751640319,35.14602658627203,0 32.697436652275,35.14574518424863,0 32.69714215582748,35.14581860779555,0 32.69695382072533,35.14570387159835,0 32.69693957075511,35.14580092687529,0 32.69630898448086,35.14608630762802,0 32.69631103906873,35.14626114239324,0 32.6961086600812,35.14666248629606,0 32.69585285001121,35.14698030523957,0 32.6958998766089,35.14701662086348,0 32.69617719215561,35.14698196353734,0 32.69661907066708,35.14663179257416,0 32.69688033158251,35.1464860515341,0 32.69716970849483,35.14664292944786,0 32.69734331645828,35.14691853956992,0 32.69765897405757,35.14717545012129,0 32.69728735253473,35.14761755678053,0 32.69708593912195,35.14744447916011,0 32.69690200537991,35.14764056715907,0 32.69669788121577,35.14827222563364,0 32.69666166067867,35.14859394165965,0 32.69632913019869,35.14833416939893,0 32.69596715690388,35.14839336985612,0 32.69567743019879,35.14872766466694,0 32.6958262715956,35.1491502260379,0 32.69610997260049,35.14916555051381,0 32.69631174449172,35.14929145756676,0 32.6964931438338,35.14943113624602,0 32.69669575576899,35.14944604437981,0 32.69694216711681,35.14947782779947,0 32.69712205441696,35.14937051954742,0 32.69738258943628,35.14932189720454,0 32.69765663822875,35.1492733458801,0 32.69795540199386,35.14908339318901,0 32.69823858261156,35.14916808415153,0 32.69853141431269,35.14931665104791,0 32.6983836390675,35.14964612594153,0 32.69834471663575,35.14987902781203,0 32.69802653444157,35.14995510676924,0 32.69780228373605,35.15012046503786,0 32.69765368543995,35.15011138409042,0 32.69748032282023,35.15024924978756,0 32.69714841266074,35.15035300754057,0 32.69674240378873,35.15042586099179,0 32.69669753556843,35.15055050894109,0 32.69700573158359,35.15090173313683,0 32.69757379498574,35.15084635234232,0 32.69774575453403,35.15089440516282,0 32.69733073990709,35.15126414165548,0 32.69731934035005,35.15135950937277,0 32.69729196090332,35.15158856544208,0 32.69808370118844,35.15142619921219,0 32.69846878056369,35.15189463021358,0 32.69846799864892,35.15199828669812,0 32.69884880507772,35.15215298758606,0 32.69866336997152,35.15251758137964,0 32.69829409812636,35.15259481029215,0 32.69808598733281,35.15288290699228,0 32.69854483699735,35.15281977508987,0 32.69883690468781,35.15329045854731,0 32.69869245583086,35.15350522776856,0 32.69889869452004,35.15346535861156,0 32.69905830855195,35.15344161835335,0 32.69925730634885,35.15348082132341,0 32.69935071890957,35.15342673923714,0 32.69948150792762,35.15326100130477,0 32.69965483897268,35.15318004630149,0 32.69992736060278,35.15315960712395,0 32.70017316561482,35.15315812709491,0 32.70027043275341,35.15303313790745,0 32.70027978371524,35.15267310268504,0 32.70078826743222,35.15263476450816,0 32.70125738442409,35.15253075471134,0 32.70145349792564,35.15339649121162,0 32.7015625779428,35.15435180598642,0 32.7015297949465,35.15473627366027,0 32.70146839343963,35.15539338598362,0 32.70156213691424,35.1557375752181,0 32.70170631812919,35.15600018379427,0 32.70178400706326,35.15627063839023,0 32.70181862002509,35.1565272360524,0 32.70176240257577,35.15693613522402,0 32.70176351260606,35.15723075169572,0 32.70182279017958,35.15729924989503,0 32.70195224776104,35.15731081701115,0 32.70211340559941,35.15708249109601,0 32.70225475305639,35.15683769455753,0 32.70231664832628,35.15655703603491,0 32.7026606343322,35.15647583523927,0 32.70263548690875,35.15700602240877,0 32.70253570537221,35.15746653193523,0 32.70297725108756,35.15749877123145,0 32.70283978019553,35.15766993368128,0 32.70281511921944,35.15785803422167,0 32.70295376966,35.15797330640023,0 32.70305086224957,35.15831478304603,0 32.70265682193724,35.15859103687253,0 32.7024246566266,35.15854348947787,0 32.70219685949329,35.15879875887025,0 32.70203525241973,35.1590870971424,0 32.70202387439817,35.15927526439276,0 32.70212578019947,35.15941763064058,0 32.70211327582849,35.15975582595944,0 32.7019118875266,35.16003305108693,0 32.701811889159,35.1600789188285,0 32.70173741689007,35.16026403901881,0 32.70169749344409,35.16027202087447,0 32.70170620901664,35.16043846601526,0 32.7015986657683,35.16060432288562,0 32.70134971988035,35.16057850992453,0 32.70071213268356,35.16055072741878,0 32.70068844837608,35.16104981099881,0 32.70113512117987,35.16128667485501,0 32.70140332169572,35.16140260629516,0 32.70122197778007,35.16166356424951,0 32.70116981401479,35.16197427970027,0 32.70108201307677,35.16260670507083,0 32.70126048899883,35.16272763720244,0 32.70175340833773,35.16255827713153,0 32.70198146569491,35.16271219438633,0 32.70209301405292,35.16289825532169,0 32.70173186436759,35.16321558960701,0 32.70181798247826,35.16324876037687,0 32.70180560392359,35.16357058904391,0 32.70158539708613,35.16369768499023,0 32.70146439569625,35.16388529621598,0 32.70092379463426,35.16376798516364,0 32.70088690174548,35.16425609021628,0 32.70079222727799,35.16447656947289,0 32.70110645375119,35.16465820372391,0 32.70106152527188,35.16488984714251,0 32.7010428445689,35.16516526957115,0 32.70108326126794,35.16553373782643,0 32.70113134304086,35.16582764228809,0 32.70115266290739,35.16588336259293,0 32.70128939867937,35.16624071879383,0 32.70101693039344,35.16622334822154,0 32.70082959021303,35.16635259163832,0 32.70079729532204,35.1662085304987,0 32.70040462186968,35.16627049210028,0 32.70042579102387,35.16641449698414,0 32.70034907637588,35.16662881138176,0 32.70041506935144,35.16685607487445,0 32.70047014014678,35.16689630708363,0 32.70080318238266,35.16703507839483,0 32.70105954055665,35.16717166117902,0 32.70119500471367,35.16728953961831,0 32.7013321434862,35.16752775248268,0 32.70124566463905,35.16763525641246,0 32.70120597255956,35.16765311168012,0 32.70141790094842,35.16770522758856,0 32.70150892072927,35.16776269703729,0 32.70156656922916,35.16792786627848,0 32.70168713945021,35.1681006720634,0 32.70181280532527,35.16827061660832,0 32.70184895862506,35.1684927093082,0 32.70184702071978,35.16893729965231,0 32.70183688816358,35.1689963487805,0 32.70180438483546,35.16904603139227,0 32.70180119763991,35.16908915096828,0 32.70187776820934,35.16914158991135,0 32.70190993143265,35.16918479648236,0 32.7019218946848,35.16924645545085,0 32.70188978167371,35.16933926646381,0 32.70184828344363,35.16947160683945,0 32.70183709147552,35.1694939727394,0 32.70179739032899,35.16956220644018,0 32.70174844746204,35.16964748896208,0 32.70177590511594,35.1697828952556,0 32.7018936888548,35.16988749140822,0 32.70198205644527,35.16995805488803,0 32.70205570599382,35.17001402812222,0 32.70216187661118,35.17006280338303,0 32.70223863959556,35.17007512131485,0 32.70238627523838,35.17009488943116,0 32.70244055949211,35.17016656859492,0 32.70237688276828,35.17024041067525,0 32.70230499975097,35.17027882742184,0 32.70225086306746,35.17033651638032,0 32.70223410200003,35.17041372413415,0 32.70224849149658,35.17050284832602,0 32.70227671160099,35.17057123648373,0 32.70232605202442,35.1706163312164,0 32.70236703502373,35.17064340356531,0 32.70248264697568,35.17071098778565,0 32.70261086567139,35.17078827575288,0 32.70267748241176,35.17085828143659,0 32.70272764630973,35.17094235088992,0 32.70277661272802,35.17099985136809,0 32.7026586469992,35.17116340905917,0 32.70276968882066,35.1713447076166,0 32.70291193297845,35.17153422943595,0 32.70272210147137,35.1717500281126,0 32.70265710166539,35.17199915659432,0 32.70265672854288,35.17210164105945,0 32.70265314330528,35.17215979949027,0 32.70287870212515,35.17228499741302,0 32.70296960010124,35.17233507847866,0 32.70295580508141,35.17241814004964,0 32.70356796070118,35.17291267743008,0 32.70389376959679,35.17330125669979,0 32.70415941213716,35.17353734465426,0 32.70421636747347,35.17364550909615,0 32.70427550791086,35.17375116123945,0 32.70437562670602,35.17378849364839,0 32.70445704988803,35.1738167348315,0 32.70458137304168,35.17374975053403,0 32.70466741303132,35.17374476648481,0 32.70484159824574,35.17373549650787,0 32.70474473056841,35.17381974216727,0 32.70456447510088,35.17396625308445,0 32.70444852269229,35.17404195627695,0 32.70435686739634,35.17410143490569,0 32.70426082393971,35.17415547633447,0 32.70408203507971,35.17424187947474,0 32.70394849483174,35.17430668367906,0 32.7038767177367,35.1743526426799,0 32.70382447524206,35.1743952313022,0 32.7037526799814,35.17445523576734,0 32.70366277680765,35.174598851029,0 32.7036249370819,35.17469114362666,0 32.70357462690686,35.17477442236245,0 32.70340817884408,35.17499471137913,0 32.70321831727325,35.17520724395398,0 32.7030049849721,35.17542741661298,0 32.70291719328626,35.17550418880946,0 32.70284353924085,35.17556046538888,0 32.7027261863422,35.17560123700788,0 32.70268551280537,35.17561268498671,0 32.70257131796831,35.17564448267922,0 32.70239458026568,35.17568510814264,0 32.70228665383767,35.17571178840808,0 32.70216611410109,35.17576923291589,0 32.70202360199992,35.17585228514412,0 32.70178233194942,35.17601849592163,0 32.70165867057971,35.17607464864372,0 32.70155706009069,35.17608337985753,0 32.70151623716352,35.17613588754004,0 32.70132325547129,35.17634455952743,0 32.70103369344099,35.17646830745372,0 32.70066320272941,35.17650075406635,0 32.70037315125593,35.17665514220668,0 32.70034369438531,35.17711989389491,0 32.70020654953218,35.17743627404806,0 32.70056414193818,35.17754652873978,0 32.70080903009867,35.17736257095412,0 32.70107716907594,35.17712359826569,0 32.70134190990726,35.17699984043574,0 32.70177954058732,35.17664303502245,0 32.70227261807587,35.17656782030062,0 32.70246913155023,35.17673464708206,0 32.70268230905825,35.17683632627508,0 32.70289200076844,35.17704047102384,0 32.70321963806717,35.17699303053593,0 32.70334239227039,35.17712864724366,0 32.70308003112152,35.17738578786435,0 32.70303025230602,35.17752278822078,0 32.70303012440657,35.17764006152309,0 32.70302641790232,35.17770952494163,0 32.70300030488279,35.17776759023472,0 32.70297600532135,35.17780155840352,0 32.70282334957093,35.17799258759607,0 32.70278507042017,35.17807189056001,0 32.70270363677128,35.17814683480405,0 32.70268097723894,35.17820490849964,0 32.70257673284716,35.17837904321528,0 32.70258727304854,35.17844818644261,0 32.70257324176006,35.17850770009996,0 32.70252903719422,35.17855437857363,0 32.70248578699965,35.17857624841361,0 32.70240277428653,35.17865407934972,0 32.70247792777818,35.17880631527838,0 32.70248211263675,35.17892569489549,0 32.70244320370951,35.17910438965968,0 32.70226028193185,35.17928767825344,0 32.7026146443628,35.17965472339808,0 32.70261403069096,35.1798232065405,0 32.70291739092358,35.17992054921339,0 32.70342819007522,35.17940511292316,0 32.70375281154575,35.17967548369003,0 32.70396239452928,35.17997926939574,0 32.70396159628354,35.18019942197792,0 32.70395583933608,35.18027803407334,0 32.70385395936367,35.18041355975679,0 32.70382236548123,35.18045221914269,0 32.70374997178215,35.18055827354436,0 32.70385901440991,35.18077275540934,0 32.70386990576309,35.18091921218216,0 32.70389021918487,35.18115169246928,0 32.70390092955961,35.18130660479283,0 32.7039209428583,35.18154378330887,0 32.70390408951472,35.18179333620768,0 32.70388115060041,35.18204855752249,0 32.70369965802561,35.18241823530598,0 32.70353915358739,35.18265801791067,0 32.70342150056594,35.18283489579508,0 32.70331231614729,35.18295869302456,0 32.70323467078049,35.18304710468637,0 32.70305504776591,35.18336290052083,0 32.70277657309605,35.18385614402509,0 32.70274695058922,35.18390861192832,0 32.70271848789718,35.18390639223868,0 32.70264336733831,35.18393572856692,0 32.7025963324685,35.18394900242456,0 32.70254951721111,35.18394599397637,0 32.70245130538249,35.18398535378987,0 32.70243594251941,35.18405233848285,0 32.70242011053701,35.18406939907664,0 32.70235941561021,35.1840559813781,0 32.70233805227717,35.18403416646021,0 32.70230908574512,35.18403009937598,0 32.70227367656885,35.18403533869039,0 32.70218775308655,35.18404690689259,0 32.70216289506325,35.18405036481842,0 32.70212206399037,35.18404904571528,0 32.70210072683621,35.18404835684984,0 32.70207980686175,35.18404767892218,0 32.70200802382439,35.18404539937109,0 32.70198223921212,35.18404973654584,0 32.70196764076116,35.18405218847828,0 32.70193800425821,35.18407524988837,0 32.70193759686015,35.18407556707876,0 32.70191625143453,35.1840810509236,0 32.70189374067154,35.18407853019974,0 32.70187616534188,35.18406904931847,0 32.70187590327978,35.18406594786947,0 32.70186174041231,35.18389802249999,0 32.7018984762628,35.18380668427382,0 32.70178737298888,35.18366911274941,0 32.70165140791888,35.1835487884977,0 32.70156572747749,35.18357958635202,0 32.7015169972796,35.18359710299455,0 32.70134971882779,35.18356731051374,0 32.70127508823685,35.18352330957941,0 32.7012242924139,35.18352082893541,0 32.70118430386763,35.18350237784941,0 32.70114844429114,35.18348583347673,0 32.70111393323543,35.18348451791051,0 32.70099794899877,35.18348009782963,0 32.70083778585971,35.18339630872319,0 32.70079390968377,35.18339732528257,0 32.70067247837363,35.18335826608766,0 32.70052009181885,35.18335097657399,0 32.70034681066067,35.1833253900077,0 32.7002052661519,35.18332741220766,0 32.70006573469331,35.18332958615493,0 32.70004601924938,35.18332983388935,0 32.69990111837293,35.18334588396846,0 32.69988444052667,35.18334773016789,0 32.69982928454721,35.18335401954011,0 32.69966652136392,35.1833718323678,0 32.69957956758412,35.1833815212621,0 32.69954109142515,35.18338571826919,0 32.69951043417803,35.18338918019405,0 32.69949238400745,35.18339248680265,0 32.69932855265986,35.18342274481127,0 32.69916730883698,35.1834256444296,0 32.69905135653134,35.18342810292389,0 32.69863332465375,35.18347153928801,0 32.69837037854843,35.18347300842059,0 32.69807528683387,35.18347452755506,0 32.69783123966934,35.1834990913353,0 32.69760636839409,35.18350424225358,0 32.69737932460617,35.18353240538571,0 32.69726818270735,35.18354715391512,0 32.69700430239129,35.18355236304829,0 32.69690470326199,35.18355433307929,0 32.6966921006217,35.18355906140164,0 32.69657226659434,35.18357872086681,0 32.69645167835968,35.18358800956006,0 32.69628681761846,35.18357582943646,0 32.69610842593445,35.18361408342203,0 32.69595827880899,35.18361955575782,0 32.69588257283208,35.18364601547152,0 32.69576643234222,35.18365732205969,0 32.69559556996209,35.18367406885564,0 32.69555339910362,35.18367821023898,0 32.69518759055468,35.18371323244205,0 32.69500304503911,35.18373183960084,0 32.69492467455111,35.18373874702748,0 32.6946869871373,35.18378210107828,0 32.69460435762126,35.18379723632349,0 32.6945860006409,35.18379942189203,0 32.69452004941147,35.18380706616642,0 32.69426719626696,35.18383854400339,0 32.69415887402443,35.18385534116065,0 32.69393450771033,35.18389241308855,0 32.69342848781273,35.18397453949321,0 32.69322912171208,35.18399156594427,0 32.69304346877878,35.18404073275397,0 32.69297627558856,35.18405855430941,0 32.69275852143803,35.18409816562694,0 32.69260363125708,35.18412665334338,0 32.69242216652108,35.18416002835203,0 32.69217923999294,35.18422447035859,0 32.69179790278115,35.18432720439834,0 32.69141257770281,35.18443145764324,0 32.69100192936014,35.18454012138695,0 32.6904346674158,35.18469147207092,0 32.69012660710435,35.18477442037523,0 32.68997477460478,35.18480901319226,0 32.68980176973654,35.18484976852207,0 32.68963356169562,35.18488936137739,0 32.68927500153153,35.18497489038834,0 32.68926852323729,35.1849764232675,0 32.68921049382615,35.18499088510072,0 32.68893882421854,35.18505478350761,0 32.68864488406598,35.18512391885304,0 32.68857905625863,35.18513447531819,0 32.68836300289053,35.18517133382832,0 32.68810992060009,35.18520187246298,0 32.68681583919562,35.18548260165819,0 32.68638740785202,35.18559011483482,0 32.68610120528718,35.18567155545859,0 32.68578915899229,35.1857553540143,0 32.68561188776579,35.18579496102159,0 32.68505657579041,35.18590742132734,0 32.68464433437013,35.18597815020569,0 32.68432647503118,35.18603268496327,0 32.68371170345715,35.18617288770026,0 32.68356461800542,35.18621334843474,0 32.68325000571419,35.18627388492797,0 32.68272011110048,35.18637584292027,0 32.68078167679234,35.18674879994155,0 32.68047705849647,35.18680740493633,0 32.68044957837101,35.18681269213113,0 32.68044034726024,35.18681503213497,0 32.68030752427263,35.18684870296995,0 32.68006393530759,35.18691045432692,0 32.68003460275509,35.18691884003827,0 32.67942450298835,35.18709325747746,0 32.67899227260956,35.18719477163007,0 32.67879193541245,35.18724182242212,0 32.67859857607474,35.18728766279783,0 32.6779439690652,35.18744284955812,0 32.67754174550648,35.18753820155435,0 32.67752581959709,35.18754197655931,0 32.67752373039622,35.18754246225693,0 32.67592626646705,35.18791368880409,0 32.6756875366881,35.18795543696585,0 32.67501188809371,35.18807358887515,0 32.67443023819718,35.18822483747178,0 32.67386860397133,35.18840105983778,0 32.67322717862717,35.18863952468585,0 32.67332940867823,35.18882246366047,0 32.67328948968748,35.18883749761126,0 32.67322442011305,35.18872105833334,0 32.67318728586457,35.18865460734968,0 32.67293714229943,35.18874917707438,0 32.67194914664029,35.18922196184661,0 32.67180388866667,35.18929147056082,0 32.67175480408037,35.18923769192158,0 32.67175226895331,35.18923491506412,0 32.67174282591241,35.18922457030139,0 32.67172002729971,35.18919959124695,0 32.67150136572418,35.18896002323584,0 32.67148754889858,35.1889448855908,0 32.67123343240007,35.18866647084571,0 32.67117518442776,35.18860265259492,0 32.67111530872732,35.18862208813878,0 32.67106942892455,35.18863698077751,0 32.67107422732322,35.18867019308577,0 32.67113232208941,35.18873387575907,0 32.67136785589593,35.18899206436806,0 32.67140397259043,35.18903165427868,0 32.67149128939835,35.18918505707412,0 32.67157719719481,35.18929549099823,0 32.67158968510661,35.18931154445148,0 32.67163641214382,35.18937161120475,0 32.67161504303397,35.18938131717272,0 32.67165024082509,35.18942667704892,0 32.67170637362865,35.18949901832914,0 32.67186545973805,35.18984782593311,0 32.67193335055535,35.18999667779864,0 32.67193387286213,35.18999785823783,0 32.67193431331436,35.18999891496422,0 32.671934731781,35.18999997794079,0 32.67193512716763,35.19000104626321,0 32.67193549947066,35.19000212083287,0 32.67193584979533,35.19000319984997,0 32.67193617704002,35.19000428421293,0 32.6719364801103,35.19000537301735,0 32.67193676120224,35.19000646626919,0 32.6719370181234,35.19000756306117,0 32.67193725306984,35.19000866339917,0 32.67193746274749,35.19000976727433,0 32.67193765045766,35.19001087289275,0 32.67193781399705,35.1900119820513,0 32.67193795337293,35.19001309294715,0 32.67193806967968,35.19001420648469,0 32.67193816292453,35.19001532086119,0 32.67193823091148,35.19001643607061,0 32.67193827693454,35.19001755212198,0 32.6719382976997,35.19001866900629,0 32.67193829540659,35.19001978582816,0 32.6719382700552,35.19002090258757,0 32.67193821944954,35.19002201927855,0 32.67193814579282,35.19002313410433,0 32.67193804907785,35.19002424886761,0 32.67193792821747,35.19002536086133,0 32.67193778320441,35.1900264718882,0 32.67193761514395,35.19002758014846,0 32.67193742403609,35.19002868564211,0 32.6719372087792,35.19002978926756,0 32.67193697048214,35.19003088832361,0 32.67193670803965,35.19003198461008,0 32.67193642255337,35.19003307722855,0 32.67193611512494,35.19003416528059,0 32.67193578356198,35.19003524785889,0 32.67193542895522,35.1900363267692,0 32.67193505131192,35.19003740020869,0 32.67193465173371,35.19003846727905,0 32.67193422911894,35.19003952887861,0 32.67193378346762,35.1900405850074,0 32.67193331588504,35.19004163386564,0 32.67193282637116,35.19004267545328,0 32.67193231492237,35.19004371067174,0 32.67193178044791,35.1900447377153,0 32.67193122514017,35.19004575749123,0 32.67193064790476,35.19004676909524,0 32.6719300498397,35.19004777253022,0 32.67192942985058,35.19004876689188,0 32.67192878903545,35.19004975218319,0 32.67192812739789,35.19005072750275,0 32.6719274449307,35.19005169465329,0 32.6719267416447,35.19005265093072,0 32.67192601863431,35.19005359723936,0 32.67192527590316,35.19005453267784,0 32.6719245134512,35.19005545724615,0 32.67192373127487,35.19005637184569,0 32.671922929385,35.19005727377228,0 32.67192210887237,35.1900581648317,0 32.6719212697406,35.19005904412253,0 32.67192041089529,35.19005991074042,0 32.67191953452888,35.19006076559271,0 32.67191864064857,35.19006160687664,0 32.67191772815274,35.1900624354906,0 32.67191679813941,35.19006325143757,0 32.67191585171022,35.19006405381911,0 32.67191488777076,35.19006484173094,0 32.67191390741181,35.19006561697876,0 32.67191291064425,35.19006637685835,0 32.67191189855884,35.19006712317556,0 32.6719108700648,35.19006785412459,0 32.67190982625655,35.1900685706098,0 32.67190876713405,35.19006927263118,0 32.67190769380258,35.19006995838899,0 32.67190660516052,35.19007062878156,0 32.67190550340387,35.19007128381492,0 32.67190438743462,35.19007192348606,0 32.67190325835806,35.19007254599514,0 32.6719021161669,35.190073153145,0 32.67190096086842,35.19007374313282,0 32.671899793557,35.19007431686299,0 32.67189861313826,35.19007487343114,0 32.6718974229026,35.19007541374755,0 32.67189621956324,35.19007593600058,0 32.67189500640696,35.19007644200191,0 32.67189378234302,35.19007692994575,0 32.67189254846941,35.19007739983513,0 32.67189130478251,35.19007785257139,0 32.67189005128595,35.19007828725319,0 32.67188907934106,35.19007860822063,0 32.67188735875024,35.19007915070567,0 32.67188607803161,35.19007952852579,0 32.67188478969934,35.19007988829738,0 32.67188349485507,35.19008022912203,0 32.67188219129918,35.19008055189516,0 32.6718808823293,35.19008085572433,0 32.67187956684742,35.19008114060653,0 32.67187824485356,35.19008140654179,0 32.67187691854372,35.19008165353608,0 32.67187558681994,35.19008188158638,0 32.67187424968579,35.19008208979132,0 32.67187290933008,35.19008227995962,0 32.67187156466203,35.19008245028554,0 32.67187021567801,35.19008260167045,0 32.6718688645777,35.19008273321895,0 32.67186751135747,35.19008284583241,0 32.67186615492291,35.19008293860643,0 32.67186479746645,35.1900830124484,0 32.67186343899169,35.19008306645688,0 32.67186207839701,35.19008310153033,0 32.67186071788569,35.19008311587192,0 32.67185935744683,35.1900831121858,0 32.67185799709134,35.1900830877678,0 32.67185663790998,35.19008304442367,0 32.67185527880473,35.19008298215049,0 32.67185392197521,35.19008290005272,0 32.67185256742148,35.19008279813045,0 32.67185121513987,35.19008267728501,0 32.67184986513403,35.19008253661507,0 32.67184851849835,35.19008237702491,0 32.67184717523645,35.19008219761323,0 32.67184583644271,35.19008199928432,0 32.67184450101913,35.19008178203529,0 32.67184317116173,35.19008154587197,0 32.67184184687415,35.19008128989311,0 32.67184052814912,35.19008101590138,0 32.67183921499029,35.19008072299543,0 32.67183790849928,35.19008041027688,0 32.67183660866883,35.19008007954843,0 32.67183531659699,35.19007973081313,0 32.67183403228738,35.19007936316952,0 32.67183275573996,35.19007897661764,0 32.67183148695116,35.19007857205891,0 32.67183022701894,35.19007814949625,0 32.67182897703775,35.19007770983406,0 32.67182773591677,35.19007725126657,0 32.67182650474682,35.19007677559953,0 32.67182528462948,35.19007628193452,0 32.67182407446314,35.19007577116999,0 32.67182287534946,35.1900752424075,0 32.67182168837918,35.19007469745278,0 32.67182051245791,35.19007413540151,0 32.67181934868366,35.19007355625661,0 32.67181819815447,35.19007296002113,0 32.67181705976506,35.19007234849483,0 32.67181593462068,35.19007171987788,0 32.67181482271413,35.19007107597311,0 32.67181372514698,35.19007041588208,0 32.67181264191565,35.19006974050617,0 32.67181157302376,35.19006904894398,0 32.67181051956207,35.19006834300131,0 32.67180948043618,35.19006762177378,0 32.67180845674414,35.19006688526432,0 32.67180744957665,35.19006613527874,0 32.67180645784302,35.19006537001127,0 32.67180548263396,35.19006459126761,0 32.67180452395313,35.19006379814645,0 32.67180358289487,35.19006299155212,0 32.67180265836123,35.19006217148162,0 32.67180175254458,35.19006133884233,0 32.67180086325249,35.1900604927269,0 32.67179999267741,35.19005963404264,0 32.67179914081569,35.19005876369096,0 32.67179830767096,35.19005788077049,0 32.6717974932396,35.19005698618259,0 32.67179669752161,35.19005607992726,0 32.67179592161138,35.19005516290886,0 32.67179516441447,35.19005423422307,0 32.67179442812336,35.19005329477714,0 32.67179371163639,35.19005234546958,0 32.67179301495714,35.19005138539893,0 32.67179233917642,35.19005041637099,0 32.67179168429783,35.19004943748435,0 32.67179105032138,35.19004844873901,0 32.67179043723982,35.19004745193771,0 32.67178984615479,35.1900464461821,0 32.67178927596827,35.19004543146918,0 32.67178872667301,35.19004440960171,0 32.67178820046864,35.19004337968426,0 32.67176003690305,35.18998694455077,0 32.67152890021249,35.18952377616512,0 32.67147303941573,35.18944581624599,0 32.67101027070257,35.18965600649698,0 32.67122866402659,35.19008819818393,0 32.67119898965738,35.19009861165959,0 32.67098220883893,35.18966875170226,0 32.67063444778923,35.18982670338617,0 32.67059307863745,35.18984549311779,0 32.67059730785784,35.1898659870132,0 32.6706895347617,35.19031292847188,0 32.67084108773076,35.1903048186927,0 32.67086279863071,35.19041546530212,0 32.67071807987995,35.19045126470235,0 32.67075813478115,35.19064537085158,0 32.67084616522945,35.19083566919167,0 32.67161991072805,35.19056731074142,0 32.67160746393416,35.19054317279701,0 32.67159250278446,35.19045678673221,0 32.67163105032068,35.19042019818428,0 32.67169448535353,35.19042001501688,0 32.6717460652413,35.19045306745677,0 32.67178707336594,35.19051423366685,0 32.67182118403031,35.19052343830496,0 32.67186142058321,35.19052063582851,0 32.67218640893492,35.19040974842246,0 32.67248869690246,35.19029337866628,0 32.67252758578666,35.19030350102777,0 32.67268557856691,35.1902575919431,0 32.6728630249583,35.19018647091019,0 32.67309830937528,35.19010251214558,0 32.6734974481472,35.18998701419647,0 32.67404895871973,35.18981535268024,0 32.67422009010289,35.18973854017349,0 32.67437715956733,35.18969126438071,0 32.67456801910803,35.18962118285556,0 32.67458386039008,35.18958258893367,0 32.674625822915,35.18956287459812,0 32.67468589615316,35.18956243925605,0 32.67472918370985,35.18958053114249,0 32.67474691949119,35.18962199065965,0 32.67459735057256,35.18969662549173,0 32.67366007852771,35.19000656120521,0 32.67344801440917,35.19011644199004,0 32.6728936228964,35.19030830584587,0 32.67266672524103,35.19041478478658,0 32.67204059975564,35.19065611675208,0 32.67191529897819,35.19079346088992,0 32.67173927081359,35.19087016309649,0 32.67097917285877,35.19112319419648,0 32.67065745841899,35.19125485086335,0 32.67051435602843,35.19129160808183,0 32.67048537665009,35.19127498413911,0 32.67045754537218,35.19125901862738,0 32.67046522435079,35.19136443777828,0 32.67046800524539,35.19140262030311,0 32.67041871267131,35.19141194269492,0 32.67039589986705,35.19141625687885,0 32.67037463329861,35.19144743772382,0 32.67035790656481,35.19147196150453,0 32.67023217585919,35.19148724217373,0 32.6702316452437,35.19148730653066,0 32.67023161325872,35.19148734159796,0 32.67015334237694,35.19157375605309,0 32.67011020482784,35.19166985159322,0 32.67014774824739,35.19171465310462,0 32.67013430483458,35.19174780042225,0 32.6701319025229,35.19175372325128,0 32.67013937442001,35.19175869225863,0 32.67018231786341,35.19178725001612,0 32.67018980218128,35.19182637108572,0 32.67022555172233,35.19187274873255,0 32.67021786532937,35.19190563951415,0 32.67026420981144,35.19194010883411,0 32.6702814234087,35.19199405548039,0 32.67033649576675,35.19202568660756,0 32.67035845376546,35.19205579706472,0 32.67036400642691,35.19211972825133,0 32.67032943354011,35.19219166005808,0 32.67036308454765,35.19220415304257,0 32.67036032677346,35.19225213667296,0 32.67035995948986,35.19225852115083,0 32.67037443540339,35.19227096283787,0 32.67041689901165,35.19226588908286,0 32.67042908122185,35.19226443313271,0 32.67044102980968,35.19227977042375,0 32.67046781092137,35.1923141458623,0 32.67047337528154,35.1923558973642,0 32.67053323187493,35.19235415196972,0 32.67054652975846,35.19235975876351,0 32.67059471829555,35.19238007657404,0 32.67062842717105,35.19237826090834,0 32.67063872819267,35.19241740132603,0 32.67067117993614,35.19243895448324,0 32.67068673984696,35.19247095483068,0 32.67068085392075,35.19248954180121,0 32.67065698837198,35.19249997003188,0 32.67058025712853,35.19250787027809,0 32.67061949199553,35.19257666324398,0 32.67061387931864,35.19258195538796,0 32.67056349747632,35.19262945703368,0 32.67058376208161,35.19264716055689,0 32.67061234612844,35.19261957271213,0 32.67063941253558,35.19261486443023,0 32.67065014152184,35.1926129979769,0 32.67067913206966,35.19262834012562,0 32.67071031439396,35.19267660083722,0 32.67070189353377,35.19270458876763,0 32.67069382326351,35.19273141034503,0 32.67072117637729,35.19274219418698,0 32.67073037228858,35.19274581935917,0 32.67074587922047,35.19279069867512,0 32.67077712432246,35.19282369532846,0 32.67077606705826,35.19294150919255,0 32.67079108087025,35.19296492225939,0 32.67075369684514,35.19301347338247,0 32.67071177827021,35.19303386973396,0 32.67067367470408,35.19311676199546,0 32.67070971698925,35.19311256756454,0 32.67071841409989,35.19311736048955,0 32.67071313017574,35.19313070208059,0 32.67070368163265,35.19313742602884,0 32.67068108000595,35.19315351034264,0 32.67061469358633,35.19325703610276,0 32.67061347625063,35.19328903318752,0 32.6706486897009,35.19330412455399,0 32.67069733215556,35.19330189788474,0 32.67071878088628,35.19332281446864,0 32.67072627099019,35.19333011900091,0 32.67073399849995,35.19334852665059,0 32.67074411333764,35.19337261957393,0 32.67072026281222,35.19341736122848,0 32.67065953404604,35.19345300036799,0 32.67061595731111,35.19345240501402,0 32.67060483755953,35.19344468587652,0 32.67058698464112,35.19343229272209,0 32.67053639673348,35.19344121772258,0 32.67050926409605,35.19339726133063,0 32.67040749632651,35.19335043189752,0 32.67036873843828,35.1933744603352,0 32.6702879776813,35.19337280996994,0 32.67025881104553,35.1933588779314,0 32.67024680158018,35.19335314120848,0 32.67021365109031,35.19337618071177,0 32.67019077883872,35.193392076706,0 32.67015997930239,35.19341348205955,0 32.67014742020624,35.19344728348516,0 32.67012309788139,35.19348125297664,0 32.67010333169142,35.1934839222443,0 32.67009429778704,35.19345596342927,0 32.67008898480318,35.19343952284958,0 32.67008048792567,35.19343735167936,0 32.67007389204161,35.19343566613068,0 32.67005874252445,35.19344611888764,0 32.67005823262248,35.19344757505278,0 32.67004639708529,35.19348138204452,0 32.67000973322484,35.19349559177675,0 32.66999396892516,35.19351415179209,0 32.66996372192754,35.1935221774045,0 32.66987901042638,35.19349141989739,0 32.66982027337662,35.19350366114751,0 32.6697907751542,35.1934701912757,0 32.66970970422646,35.19341465884317,0 32.66967709050155,35.19341979797482,0 32.6696510502475,35.19340828554726,0 32.66960035058042,35.19342960492267,0 32.66955016464655,35.19348241408031,0 32.66945821128945,35.19351841450031,0 32.66944008362657,35.19354650744644,0 32.66944055740059,35.19357321975194,0 32.66945502954173,35.19358661521115,0 32.66941507890837,35.19367132283936,0 32.66941458824953,35.19367236261017,0 32.66941525682923,35.19367267000785,0 32.6694667868364,35.19369635417743,0 32.66945330253429,35.19372589121195,0 32.66946658204493,35.1937469146167,0 32.66945568487845,35.19377588993288,0 32.66941703577007,35.19378541583025,0 32.66935370445435,35.19378428835486,0 32.66933432023978,35.19383575010016,0 32.66928141700999,35.19384228406538,0 32.6692283455691,35.19389031502717,0 32.6691922669647,35.1939030946948,0 32.66915565304554,35.19390490292336,0 32.66907790449741,35.19387654806724,0 32.66902947522217,35.19392602213873,0 32.66901901421552,35.19392647128701,0 32.66901446670896,35.19390165519769,0 32.66899186289373,35.1938872837854,0 32.66885680736344,35.19393485790673,0 32.66884406132838,35.19393934805094,0 32.6688457041484,35.19394825380959,0 32.66885770674327,35.19401331860561,0 32.66883367017024,35.19406572212243,0 32.66879118325176,35.19408277748504,0 32.66873143857985,35.19408611598511,0 32.66870981468955,35.19408732419139,0 32.66867375028134,35.19413307673592,0 32.66862291941108,35.19416246551928,0 32.66860013124877,35.19417564103253,0 32.66849621638437,35.19420461586723,0 32.6684226141109,35.19421301997244,0 32.66828133641948,35.19422915111155,0 32.66805644388415,35.19424022235076,0 32.66783703497988,35.19424566007846,0 32.66767459570978,35.19423732271499,0 32.6676020860291,35.19419205311097,0 32.66760106718552,35.19412919881608,0 32.66764364209772,35.19406580074391,0 32.66767338355854,35.19403964819357,0 32.66767691653847,35.19402821018493,0 32.66766822255525,35.19402293931217,0 32.66764142349307,35.19404003732141,0 32.66762981515725,35.19403666669862,0 32.66763043793175,35.19402665121629,0 32.66770096549514,35.1939729450074,0 32.66773647015548,35.19395825595907,0 32.66773767851907,35.19394681157041,0 32.66769585195037,35.19394431171575,0 32.66763173762021,35.19399278850911,0 32.66756896761682,35.19399643271904,0 32.66754160528263,35.19397389666831,0 32.66754709842649,35.19394438027788,0 32.66757210238299,35.1939401564793,0 32.66757491268382,35.19393387787181,0 32.6675791392177,35.19392443475183,0 32.66756374389955,35.19392099874234,0 32.66755533697924,35.19391912239794,0 32.66750472402489,35.19393377081412,0 32.66748245979353,35.19393232964904,0 32.667473935472,35.19393177802583,0 32.6674624270683,35.19392302183216,0 32.66743744202784,35.1939040122293,0 32.66743603950054,35.19389195673971,0 32.66743258828863,35.19386230762384,0 32.66741284820042,35.19384209373466,0 32.66736894665352,35.19383762933933,0 32.66733894318489,35.19383457863383,0 32.66733486359423,35.19381955290695,0 32.66733207353864,35.19380927926605,0 32.66733234780408,35.19380799463158,0 32.66733858980927,35.19377876965461,0 32.66729910543901,35.19377198365869,0 32.66728658944756,35.19375962721643,0 32.66727827096902,35.19375141609851,0 32.66727952023551,35.19372995463465,0 32.66726849393187,35.19372658557631,0 32.66721984751923,35.19374100852036,0 32.66718879155807,35.19375021564717,0 32.66708941646261,35.19375328216773,0 32.66703287107403,35.19379796294969,0 32.66700438966496,35.19380026972534,0 32.66698467029706,35.19379115288523,0 32.66698012147106,35.1937668135545,0 32.66701452754798,35.1937363815539,0 32.66703778190791,35.19373358356692,0 32.66705516693904,35.19374507906922,0 32.66710060815966,35.19371610699343,0 32.6670979225231,35.19370716228891,0 32.66709544923899,35.1936989212554,0 32.66705830204835,35.19368880284235,0 32.66705285891891,35.19359863675498,0 32.66702105083349,35.19356182109791,0 32.66701534694654,35.19353557124181,0 32.66707779649771,35.19346801038622,0 32.6671296215648,35.19344096500019,0 32.66713841188533,35.19342286302818,0 32.66711811755574,35.19341231411673,0 32.66699394496528,35.19341650223499,0 32.66698736003164,35.19341672389833,0 32.66698636271954,35.19341113792095,0 32.66698395155424,35.19339763561842,0 32.66701431862119,35.1933605131785,0 32.66697018725319,35.19335323746041,0 32.66694723583382,35.19328210302344,0 32.66687012209834,35.19324087027912,0 32.66685027935731,35.19326227968983,0 32.66682006999599,35.19326076606804,0 32.6666694386133,35.19317219791329,0 32.66662819545856,35.19314794775549,0 32.66647975296272,35.19301826559312,0 32.66636991538342,35.19285289975352,0 32.66631750204589,35.19276818835062,0 32.66628294555583,35.19273259622801,0 32.66627175633604,35.19267942550398,0 32.66631384520917,35.1926020296968,0 32.66631580958023,35.1925639097412,0 32.66628626374249,35.19252425892579,0 32.66620190690944,35.19249248575701,0 32.66608014469736,35.19236654801086,0 32.66598277733892,35.19230202181029,0 32.66584029718827,35.19227810686745,0 32.66567113163133,35.19227175296616,0 32.66548849043068,35.19229120007166,0 32.66520803491642,35.19230195120017,0 32.66510683928691,35.19230140729243,0 32.66499224647709,35.19231713426375,0 32.66497869087662,35.19235246747157,0 32.66498830872711,35.19239473521164,0 32.66498306092424,35.1924287519296,0 32.66493605778543,35.19249795082052,0 32.66492543353545,35.19258232436711,0 32.66495483796983,35.19263967850191,0 32.66499417508587,35.19269980845687,0 32.66497009270941,35.19280726102657,0 32.66493081866864,35.19294731464297,0 32.66488565832959,35.19299337260922,0 32.66481241667281,35.19302430135958,0 32.66478265411947,35.19301188430249,0 32.66478471457404,35.19296151018987,0 32.66483695492425,35.19285965663269,0 32.66483476513449,35.19271801722111,0 32.66480229411452,35.19262932661747,0 32.66476617567795,35.19258146987839,0 32.6646869841332,35.19252657206842,0 32.66462609194484,35.19246496442869,0 32.66456766406565,35.192302597632,0 32.66446397868442,35.19219854460668,0 32.66431720520043,35.19208881136402,0 32.664193288071,35.19202550273067,0 32.66412540281514,35.19200879732634,0 32.66398951362721,35.19199036273888,0 32.66374746523965,35.19196999545438,0 32.66348539090362,35.19196449912901,0 32.66328465511832,35.19196478127157,0 32.66320806222911,35.19199977494304,0 32.66316945013813,35.19205676276355,0 32.66312592839839,35.19210555315649,0 32.66307442557067,35.19211480781539,0 32.66303811602971,35.19209146254126,0 32.6630301572454,35.19204920377047,0 32.66303559145804,35.19199203805103,0 32.66300092889441,35.19197006205887,0 32.66283837736792,35.1919664637471,0 32.66268405803518,35.19197107821433,0 32.66256448459296,35.19198677639681,0 32.66237509891298,35.1920198002496,0 32.66223370075499,35.19206806231702,0 32.66212851703425,35.1923969940879,0 32.66208090710148,35.19253419224052,0 32.66192551546064,35.1927700815245,0 32.66185027356035,35.19287276738135,0 32.66182182650196,35.19293943256578,0 32.66184456695294,35.19300446403754,0 32.66184202514261,35.19303117786296,0 32.66176514162183,35.19304794451491,0 32.661708959309,35.19309346031696,0 32.66167802357975,35.19318111197767,0 32.66167008351948,35.19330134205608,0 32.66163668269072,35.19340616197554,0 32.66151222969469,35.19355439995407,0 32.6614231061863,35.19364746491087,0 32.66137403745589,35.19367583609747,0 32.66124380007333,35.19367513293061,0 32.66119237437164,35.19370730944469,0 32.66115684896167,35.19378729979366,0 32.66103293009679,35.19386872204253,0 32.66086251200552,35.19394798311247,0 32.66054337635494,35.19401116724831,0 32.66042898602933,35.19406400354138,0 32.66033782877174,35.19412078449048,0 32.66030210240485,35.19422559118937,0 32.66025520557042,35.19427306493797,0 32.66015974415787,35.19428591236387,0 32.660031877329,35.1942794933973,0 32.65995945923443,35.1943191920704,0 32.65987942126075,35.19443903204404,0 32.65977903208426,35.19448621654082,0 32.65956465590272,35.19453660231288,0 32.6595135187046,35.19453250593423,0 32.65944873933184,35.19449015478317,0 32.65935126167198,35.19446480925841,0 32.65918838621327,35.19447347309173,0 32.65902315590532,35.1944859411679,0 32.65883228138169,35.19450590667918,0 32.65869962520141,35.19451664165754,0 32.65865095369925,35.19449537761062,0 32.65860274363308,35.19441684389746,0 32.65857488240387,35.19441096488151,0 32.65851419945925,35.19443736416,0 32.6584671939335,35.19449819916411,0 32.65844387652236,35.19450570871301,0 32.65843471265659,35.19448847796593,0 32.65842570227862,35.19445215613347,0 32.65838374690679,35.19446338362891,0 32.65832976309429,35.19452418176707,0 32.65822486378268,35.19455415816348,0 32.65807115183381,35.19458005125472,0 32.65791070934828,35.19457536248588,0 32.65780121791182,35.19459767631607,0 32.65772825866893,35.19465349354429,0 32.65771459887646,35.19466386873625,0 32.65768939544946,35.19468301160267,0 32.65762805987056,35.19470598058988,0 32.65758431689976,35.19471582181836,0 32.65755736840335,35.19471406992636,0 32.6575148629305,35.19470325018108,0 32.65743222245137,35.19466233473976,0 32.65734287242643,35.19461809664973,0 32.65717817811604,35.1945637479232,0 32.65707350848338,35.19456508849925,0 32.65689658637891,35.19458512652221,0 32.65675031595534,35.19455378520261,0 32.65657898547524,35.19445739838992,0 32.65642170056517,35.19434963323172,0 32.65629393162027,35.19433175658811,0 32.65616570875543,35.19436924031297,0 32.65604232484197,35.19438384224848,0 32.65591704593486,35.19434497702031,0 32.65585734962544,35.19424919747279,0 32.65580920425826,35.19416302622968,0 32.65565370881698,35.1941220881725,0 32.65551218004957,35.19407931655092,0 32.65545698378263,35.19400265193844,0 32.65551121251681,35.1939113111528,0 32.65561439259529,35.19380687259246,0 32.65563355260339,35.19373824899321,0 32.65559697642855,35.19365977420696,0 32.65544714959739,35.19349286871594,0 32.65532207268985,35.19342918717597,0 32.6551642857767,35.19338781110202,0 32.6551341541057,35.19337990931377,0 32.65506776833922,35.19335673921367,0 32.65492582632587,35.19334923906767,0 32.65467722176687,35.19336133472157,0 32.65461707251132,35.19336997431369,0 32.65449078884253,35.19345224304178,0 32.65426317459337,35.19356983194259,0 32.65408202174036,35.19368318858648,0 32.65390649252119,35.19377639775406,0 32.65374454177444,35.19387864860852,0 32.6535796251334,35.19401003010912,0 32.65343378736977,35.1941459999918,0 32.65333737384152,35.19424860638964,0 32.65328762063291,35.19432232504144,0 32.65325978424884,35.19438719164535,0 32.65323974305315,35.19450142915223,0 32.6532598350775,35.19463959728865,0 32.65327241290321,35.19472609045476,0 32.65327178527822,35.1948035066363,0 32.65325671205258,35.19483833839012,0 32.65322002161275,35.19484815676929,0 32.65321027948483,35.19486389063681,0 32.65300250050201,35.19494928206818,0 32.65294280660257,35.19501423037005,0 32.65284458052034,35.19504253561478,0 32.65281095588284,35.19508485608661,0 32.65273746788446,35.19525447149089,0 32.65268509514345,35.19532856816408,0 32.65264597175481,35.19536478751041,0 32.65257952200482,35.195350760503,0 32.65252582931684,35.19535957531554,0 32.65247600778296,35.1953471589784,0 32.65238914568439,35.19534212958517,0 32.6523741948458,35.19536178211241,0 32.65200675365336,35.19552675170596,0 32.65198274297187,35.19552358461678,0 32.65190113111306,35.19555501599601,0 32.65188820119219,35.19555342753024,0 32.65181590794899,35.1955758013974,0 32.65174026356788,35.19555565227163,0 32.65169060204014,35.19552350186892,0 32.65156324898864,35.1954954807569,0 32.6515243471323,35.19550437553989,0 32.65150918702232,35.19554983244343,0 32.65148116881842,35.19558459336469,0 32.65135718082264,35.19559757528332,0 32.65132767168888,35.19558830512545,0 32.65130388319101,35.19555781550901,0 32.65128724409508,35.19555772432963,0 32.65126113594174,35.19558490457413,0</coordinates>
						</LinearRing>
					</outerBoundaryIs>
				</Polygon>
				<Polygon>
					<extrude>0</extrude>
					<altitudeMode>clampToGround</altitudeMode>
					<outerBoundaryIs>
						<LinearRing>
							<coordinates> 32.59013373595531,35.17842115277013,0 32.5900898671687,35.1784255833957,0 32.59007578486749,35.17843870059126,0 32.5900544216849,35.1784401949111,0 32.58998106391518,35.17842063605185,0 32.58996224420954,35.17841999995832,0 32.58994060147946,35.17842622292417,0 32.58992387892011,35.17842444915453,0 32.58989746550121,35.17840890533245,0 32.58987181137725,35.17838077160644,0 32.58985523069129,35.17835665726631,0 32.58984467062617,35.17832687551742,0 32.58984813535426,35.17828100451012,0 32.58984546272617,35.17826382391085,0 32.58984637137102,35.17824379351364,0 32.58985375647264,35.17822788278256,0 32.58997069581264,35.17812524940567,0 32.58997815635148,35.17811639052476,0 32.58998194186868,35.17810697115564,0 32.58998423459757,35.17809486779119,0 32.58999461423792,35.17808821638836,0 32.59001131041949,35.17808932663306,0 32.59003845537329,35.17809800428691,0 32.59005594330523,35.17810017003308,0 32.59008932573795,35.17810218314912,0 32.59010051142332,35.17809592476848,0 32.59010934253514,35.17808369389678,0 32.59007561877182,35.17805520119128,0 32.59006912135482,35.17804716581174,0 32.59007267998251,35.1780407319891,0 32.59009245349045,35.17803461895286,0 32.5901217238448,35.1780365262016,0 32.5901394440555,35.17804490692992,0 32.59015305473207,35.17804458792059,0 32.59017052318747,35.1780366336372,0 32.59021095956148,35.17803619806385,0 32.59022771651784,35.17803110329005,0 32.59023824526744,35.17801682928403,0 32.59023622856289,35.17800194045137,0 32.59022861155844,35.17799166944184,0 32.59021785397589,35.17798503845132,0 32.59021613821336,35.17797668754361,0 32.59023083249535,35.1779658619408,0 32.59022819047649,35.17793666136711,0 32.59022129387712,35.17792175602492,0 32.59020752941195,35.17788622158628,0 32.59020861219401,35.17786275656246,0 32.59021403624649,35.17783987951231,0 32.59022927155533,35.17782799840487,0 32.59027245225706,35.17780463252551,0 32.59028191037272,35.17778973924149,0 32.59027989433026,35.17777471790636,0 32.59024661539296,35.17773810519425,0 32.59020520630786,35.17770269717214,0 32.59017785264749,35.17768750267386,0 32.59002871767299,35.17762957830431,0 32.5898903879409,35.17759723763859,0 32.58985764206721,35.17759312006652,0 32.58984047590499,35.17759554708134,0 32.5898283354549,35.17760217898803,0 32.58983480968725,35.17764628988312,0 32.5898307861444,35.17766572202543,0 32.58981185159969,35.17768798092123,0 32.58976986010789,35.17772046465633,0 32.58975933419131,35.17773416624673,0 32.58975787091998,35.1777478985312,0 32.58975180113356,35.1777572425525,0 32.5897403277144,35.17777073451281,0 32.58973399383091,35.17778282148113,0 32.58974474069478,35.17780490146532,0 32.58974579731247,35.17782556408679,0 32.58973293080697,35.17785542244043,0 32.5896880385068,35.17791022023682,0 32.58968216156731,35.1779303401679,0 32.58968866770648,35.1779641581617,0 32.58965416789065,35.17799138416412,0 32.58964224190817,35.1780062257704,0 32.58964565563927,35.17802054696053,0 32.58965813492856,35.178034326478,0 32.58966642569291,35.17804923657472,0 32.5896669559901,35.17808243670046,0 32.58966261213074,35.17811447554374,0 32.58965348040494,35.17812818184699,0 32.58963668312064,35.17814128979417,0 32.58961919733098,35.17815267825132,0 32.58960175756659,35.17815490870222,0 32.58958425450709,35.17816973140557,0 32.58953742879844,35.17819304051648,0 32.5895004175689,35.17820550755718,0 32.58950160176603,35.17824729567316,0 32.58949176998938,35.17826157197621,0 32.58945271337501,35.17826487391053,0 32.58942832529488,35.17826250170521,0 32.58940877396066,35.17826873166533,0 32.58938571969655,35.17827838405704,0 32.58937040295699,35.17827432543703,0 32.58934610987329,35.17825306483352,0 32.5893203926539,35.17823752324609,0 32.58929398516941,35.17822083454271,0 32.58927596917653,35.17819902282424,0 32.58926779939639,35.17816007294301,0 32.58925534894748,35.17814056963389,0 32.58923731282642,35.17812276453601,0 32.58922277100097,35.17810325413105,0 32.58921103209913,35.17808089130548,0 32.58919853848023,35.17806997361857,0 32.58918957082852,35.17805105449955,0 32.58919384287644,35.17803332505446,0 32.58920529909093,35.17800625719853,0 32.58915725790602,35.17796108045931,0 32.58913084478375,35.1779455364709,0 32.58911975331759,35.17794964165205,0 32.58910085961875,35.17794715190862,0 32.58909013654399,35.17795048133543,0 32.58908683063509,35.17796427586571,0 32.5890888615313,35.17797630284013,0 32.58909596978834,35.17798205080431,0 32.58910061190633,35.17799637617674,0 32.58909975635614,35.17802785444817,0 32.58910448936205,35.17805706213805,0 32.58909250566158,35.17808335119325,0 32.58907708239291,35.17810047041871,0 32.58905684546438,35.17810440845644,0 32.58904361728268,35.17810092926604,0 32.58902344661394,35.17809170266871,0 32.58900329611725,35.17807846944169,0 32.58899008234791,35.17807212836951,0 32.58897540805255,35.17807894719403,0 32.58895865389135,35.17808346941877,0 32.58893221483385,35.17807307676404,0 32.58890161894252,35.17805751853049,0 32.58887242884935,35.17803967552102,0 32.58884464167368,35.17802012011179,0 32.58881477177179,35.17799884047093,0 32.58880096755302,35.17797131912971,0 32.5887878057031,35.17795467528216,0 32.5887731591412,35.17795577032671,0 32.58876545325204,35.17796318516902,0 32.58877442944371,35.1779803871934,0 32.58879314059843,35.17800277373163,0 32.58880698229151,35.17802285419621,0 32.58880130148941,35.17804344076976,0 32.58878810980867,35.1780519015357,0 32.58879497843306,35.17806838790781,0 32.58879562433912,35.17807877956376,0 32.58879952662181,35.17810353516565,0 32.58880689582829,35.17811697923007,0 32.58880729167686,35.17813059071646,0 32.5887994431484,35.17813558844009,0 32.58879038910536,35.17813384054756,0 32.58877651459068,35.17812005620451,0 32.58876397490035,35.17811829647595,0 32.58875075537773,35.17811310012813,0 32.58873547906281,35.17810102817574,0 32.5887209085312,35.17808724146302,0 32.58870355236959,35.17807287290455,0 32.58867991051626,35.17806077253831,0 32.58865694849828,35.17805210878596,0 32.5886423606871,35.17804175631488,0 32.58862686209052,35.17802761309262,0 32.5886125225524,35.17801418049764,0 32.58859098942007,35.17799865296627,0 32.58856246193535,35.17798768075244,0 32.5885339719549,35.17796926765472,0 32.58849153941827,35.17795080718255,0 32.58846444372337,35.17793239880539,0 32.5884603503843,35.17791464096358,0 32.58846531394121,35.17789805866376,0 32.58844658957366,35.17787853395491,0 32.58840562349483,35.17784576790947,0 32.58836535745714,35.1778124327456,0 32.58831607208954,35.17777048113851,0 32.58828275718903,35.17774117626755,0 32.58826656681131,35.17770487529223,0 32.58828354711298,35.17770426778286,0 32.58832124633119,35.17771211545641,0 32.58833590329989,35.17770873096175,0 32.58833734372381,35.17769957769745,0 32.58833113595924,35.1776863917444,0 32.58830542886819,35.17766913282077,0 32.58826222437171,35.17766555165399,0 32.58823649132431,35.17765344409241,0 32.58820246384325,35.17762699870163,0 32.58815802679168,35.17759135974771,0 32.58815208192296,35.17758395711979,0 32.58814069681805,35.17757183973219,0 32.58812823229208,35.17755519818366,0 32.58810673979503,35.17753165731396,0 32.58809362724293,35.17750528301315,0 32.58809233405254,35.17748524514033,0 32.58809308603734,35.17747437238251,0 32.58809882216334,35.1774689618934,0 32.58813285965786,35.17746706662815,0 32.58816064365568,35.17747303277883,0 32.58817505859219,35.17748323689201,0 32.58819218301508,35.17750236950609,0 32.58820721237071,35.17751482738586,0 32.58822522215446,35.17753778401313,0 32.58832446481915,35.17762684103163,0 32.58834664875875,35.17765152898254,0 32.58841810073945,35.17772160276657,0 32.58843473425613,35.17773033429895,0 32.58845113209012,35.17772374854682,0 32.58844955422742,35.17771312386667,0 32.58839677834657,35.17766429181198,0 32.58837596844192,35.17764361523468,0 32.58835376429649,35.17762293391538,0 32.58834132280445,35.17760171338702,0 32.58832888997608,35.17757877573182,0 32.58830850036651,35.17755574793365,0 32.58830601470817,35.17755294065767,0 32.58829835971967,35.17754851764023,0 32.58827612491489,35.17753566751082,0 32.58827138146431,35.17752927943483,0 32.58826504595753,35.17752074784099,0 32.58826029596407,35.17749497436922,0 32.58824018614765,35.17747372776305,0 32.58819779325015,35.17744725393222,0 32.58816420317337,35.17743532065327,0 32.58814316389346,35.17742771166177,0 32.58811035735356,35.17741584683387,0 32.58804411000403,35.17737117561812,0 32.58800451836645,35.17734242170683,0 32.58798021725149,35.17732287795604,0 32.5879413083405,35.17729698827142,0 32.58792607562579,35.1772763305893,0 32.5879247709254,35.17725858221502,0 32.58793669133084,35.17724488552783,0 32.58795067999218,35.17723577495548,0 32.58796735586785,35.17723173124293,0 32.58798791256953,35.17723488123141,0 32.58800376368406,35.17723176224251,0 32.58802257600097,35.17721770319221,0 32.58805413130634,35.17718117787359,0 32.5880696569222,35.17715661811861,0 32.58808636060574,35.17714923391883,0 32.58811987729752,35.17713847257934,0 32.58812524036792,35.17713301484896,0 32.58813389190387,35.17712421060843,0 32.58813313707895,35.17710996511894,0 32.58812458979687,35.1771035424691,0 32.58811427290419,35.17709579055509,0 32.58808183013362,35.1770799599223,0 32.58806237781593,35.17708270251119,0 32.5880001547197,35.17710693577722,0 32.58794565752877,35.17709367297606,0 32.58787372780642,35.17714084697832,0 32.58786924996929,35.17715536401251,0 32.58786250369355,35.17716449921847,0 32.58784406684605,35.1771628941998,0 32.58773434311992,35.17714231244476,0 32.58771063231941,35.17714394889488,0 32.58766525762714,35.17715581452458,0 32.58763171196372,35.17717229948962,0 32.58760729246785,35.17717622304679,0 32.5875586031888,35.17714812577824,0 32.58749963762434,35.17709686733621,0 32.58745170798674,35.17703946559678,0 32.5874295956795,35.17702393588549,0 32.58742879222824,35.17702303265645,0 32.58741018620776,35.17700211914146,0 32.58740300037532,35.1769872126533,0 32.58740475096157,35.17697405376063,0 32.58743133696194,35.17695525471104,0 32.58745958481236,35.17691738782354,0 32.58746241797256,35.17687465428178,0 32.58747931365536,35.17684208587718,0 32.58750523427798,35.17681698921047,0 32.58753923781354,35.17681176785222,0 32.58756441364697,35.17682153184396,0 32.58760558468088,35.17682419953309,0 32.58764125170004,35.17680175366752,0 32.58769990200676,35.17678388127698,0 32.58774789852102,35.17670083247355,0 32.58776809849207,35.17669089304689,0 32.58779380996462,35.17668632304684,0 32.58781664047277,35.17668701729291,0 32.58783706303582,35.17668017399846,0 32.5878524949585,35.17666133780112,0 32.58786616332807,35.17665563431755,0 32.58788041720837,35.17665399180095,0 32.58794379746941,35.17668342520857,0 32.58796615143025,35.17668565918871,0 32.58798973178073,35.17668069339685,0 32.58800403285059,35.1766733974842,0 32.58803385521536,35.1766402041339,0 32.58803840896056,35.1766228155096,0 32.58803296821764,35.17660624651283,0 32.5880177145827,35.1765788760892,0 32.58801559720135,35.17654029193525,0 32.58803733843279,35.17636432546373,0 32.58806497490426,35.1763056647991,0 32.58807227358263,35.17626469963522,0 32.58820433565277,35.17625554432765,0 32.58843237871488,35.17625891991391,0 32.58856318804186,35.17626568308165,0 32.58872603587427,35.17629941012466,0 32.58891796354921,35.17628817496252,0 32.58911365466766,35.17625946341756,0 32.5894455664682,35.17619641954035,0 32.58943801884077,35.17618397545333,0 32.58910371845283,35.17624718607782,0 32.58891592333843,35.17627473997327,0 32.58873279585752,35.17628686584349,0 32.58856577404199,35.17625227371591,0 32.58843363672729,35.17624543663147,0 32.58820379020296,35.17624201255092,0 32.58807113401731,35.17625120910444,0 32.58806938426057,35.1762304963334,0 32.58804888376995,35.17614857554042,0 32.58799355658277,35.17606081243576,0 32.58790766926405,35.17595062141694,0 32.58773878018979,35.17574441802565,0 32.58767089272487,35.17565112703777,0 32.58788485001587,35.17546460229567,0 32.58799020442812,35.17532720605985,0 32.58802146569594,35.17528179739903,0 32.5880882553854,35.1751583289439,0 32.58813497977989,35.17508475379278,0 32.5881994813053,35.1750403054139,0 32.58824600211592,35.17504952888177,0 32.58833143102745,35.17510770046874,0 32.58841079947582,35.1751908236233,0 32.58845501665194,35.17526419229961,0 32.5885298670188,35.17531261708572,0 32.58861950219824,35.17533133972599,0 32.58878290068059,35.17536544714697,0 32.58899475637493,35.17539907969149,0 32.58899533790463,35.17538540120721,0 32.58878375705535,35.17535169838668,0 32.58861982135237,35.17531745483462,0 32.58853731343865,35.17530022117083,0 32.58848657390001,35.17526739400005,0 32.5884681280388,35.17525546087362,0 32.58842480577616,35.17518357803598,0 32.58834006854674,35.17509574939541,0 32.58825355950945,35.17503711803744,0 32.58819526319131,35.17502555959017,0 32.58812189008903,35.17507612260425,0 32.58807654090489,35.17514759136223,0 32.58800674278454,35.17527570618014,0 32.58797792291979,35.17531722821816,0 32.58787176196514,35.17545629198237,0 32.58766230581266,35.17563889293264,0 32.58757639738707,35.1755637054347,0 32.58732479123515,35.17537224783158,0 32.58710384721807,35.1752268400826,0 32.58726640588706,35.17496797920356,0 32.58738594070063,35.17475506883667,0 32.58739060952603,35.17474967367178,0 32.58740390308522,35.17465556924216,0 32.58740100186846,35.17460075369697,0 32.58742135741402,35.17457644032108,0 32.58764425462682,35.17447481898122,0 32.58776165291677,35.17419223128972,0 32.58772807679082,35.1741406266763,0 32.587769642675,35.17398434019102,0 32.58775362956754,35.1739811803911,0 32.58771071143636,35.17414262996111,0 32.58774375921042,35.17419342332911,0 32.58763071613106,35.17446552548951,0 32.58742812254052,35.17455789103927,0 32.58740998000497,35.17456616263222,0 32.587384310814,35.17459682174834,0 32.58738739551828,35.17465508124438,0 32.58737473843142,35.17474467095452,0 32.58725155338469,35.17496213713755,0 32.58709122784092,35.17521748656696,0 32.58688879307498,35.1750605243525,0 32.58662053974589,35.17489590700462,0 32.58647526456308,35.17481241527751,0 32.58596954966335,35.17457275758338,0 32.58593742798286,35.17455753501172,0 32.58588268425762,35.17453159143231,0 32.58580490796172,35.17449882033448,0 32.58575405619982,35.17447739427136,0 32.58569030695096,35.17444804498774,0 32.58538769443631,35.17430872308933,0 32.58517933375353,35.17422480653704,0 32.5849720088137,35.17414130601394,0 32.58491024940152,35.17411496748427,0 32.58467994430269,35.17399678048763,0 32.58390002508431,35.17361041735397,0 32.58317702945274,35.17327913278424,0 32.58287588687111,35.17319824525165,0 32.58257503105955,35.17308542517073,0 32.58183611099362,35.17287872070779,0 32.5815660698817,35.1728405921582,0 32.581162301585,35.17284574805404,0 32.580982908324,35.17281881233311,0 32.58070400371234,35.17273653156595,0 32.58014940814794,35.17242145543928,0 32.57997791496755,35.17233982648239,0 32.57952587508522,35.17215309562663,0 32.57910297361467,35.17202127991754,0 32.5781378223498,35.17164439737473,0 32.57772241562104,35.17150349977305,0 32.57712018303876,35.17133865395234,0 32.57666949934536,35.17120817950509,0 32.57649053458016,35.17113410203256,0 32.57600861979179,35.17097606667965,0 32.57585389260288,35.17092861555442,0 32.57568489983319,35.17087679027472,0 32.57549038465059,35.17083038914888,0 32.57492689155689,35.17066598548354,0 32.57465785032899,35.17057933833897,0 32.57417558252284,35.17044526794415,0 32.57380762626408,35.17033631229556,0 32.57344719153516,35.17024819881431,0 32.57306707352938,35.17014459113537,0 32.57251675629274,35.16998568335668,0 32.57177871569379,35.16976051245721,0 32.57138230738519,35.16963238438187,0 32.57127678309293,35.16961003406696,0 32.57097315938591,35.16957290244076,0 32.57084318615246,35.16957481632035,0 32.57070199405025,35.16959926842409,0 32.5703852501621,35.16967237620831,0 32.56985560495319,35.16978305643673,0 32.56961497886513,35.16984216159141,0 32.56947603851503,35.16986120017955,0 32.56911561290141,35.16989334326787,0 32.56904952097709,35.16989474509094,0 32.56898023197795,35.16988437050676,0 32.56885388461576,35.16985103802305,0 32.56868821311907,35.1698134703653,0 32.56865683203345,35.16963403618782,0 32.56872650437959,35.16936615015102,0 32.56875115392892,35.16930112299521,0 32.56899361044312,35.16935594605835,0 32.56905717875537,35.16924375574541,0 32.56879609224895,35.16912166305175,0 32.56863544012231,35.16906536869762,0 32.56848639791217,35.16905457550102,0 32.56836605894078,35.16906173380679,0 32.56823906330237,35.16900762303981,0 32.56808841053191,35.1689099120877,0 32.56776685222936,35.16882497245535,0 32.56762716093039,35.16884386292958,0 32.56758556526689,35.16892063492836,0 32.56710348182698,35.16876557425309,0 32.56707613714253,35.1685994947078,0 32.56717164584156,35.16815173039124,0 32.56721288072546,35.16811445723452,0 32.5679872161884,35.16813898806154,0 32.56822751523383,35.16816614747854,0 32.56826726229991,35.16802813333584,0 32.56824434713948,35.16790355919196,0 32.56832008654444,35.16777564272291,0 32.56834225950765,35.16771850121936,0 32.56820275038449,35.16771764076243,0 32.56790459962905,35.16770395091559,0 32.56790638917591,35.1675084232249,0 32.56792389407093,35.1674354519836,0 32.56799554538025,35.16722850579217,0 32.56799684629198,35.16708630464063,0 32.56796517652676,35.16686686890164,0 32.56816707375319,35.16662122323391,0 32.5684548962258,35.1667118790617,0 32.56848139072496,35.16670809203634,0 32.56850569652394,35.16668059053286,0 32.56860405637072,35.16644615640446,0 32.56876728542454,35.16622002240445,0 32.56914984002623,35.16568316894832,0 32.56917213742969,35.16561220211934,0 32.5691752631063,35.16553321500128,0 32.56916128143874,35.16548375171873,0 32.56913270493177,35.16545197327026,0 32.56893688297227,35.16529670636422,0 32.56891570692653,35.16524522356691,0 32.56889515983727,35.16514070854061,0 32.56887764335985,35.1650516127372,0 32.56851005521548,35.1651183097446,0 32.56841524236367,35.16510423294279,0 32.56834509673654,35.16498836201573,0 32.56833289320782,35.16492532095162,0 32.56841532245488,35.16489584517642,0 32.56875533019565,35.16465057319482,0 32.5692929952349,35.16433456128092,0 32.56931967600894,35.16437357476343,0 32.56942058993571,35.16437582190255,0 32.56975373865387,35.16420974540161,0 32.56973483182869,35.16405978257947,0 32.57010080129544,35.16395103501591,0 32.57108960785611,35.16372956610399,0 32.57141441590633,35.16368716202963,0 32.5714405901258,35.1637816712543,0 32.57161595599175,35.1638215977295,0 32.57173130464369,35.1637723549163,0 32.57188886735141,35.16354022568684,0 32.5719237718125,35.16341833888568,0 32.57187722081708,35.16333480524879,0 32.57168945068996,35.16317270346217,0 32.57143394643659,35.16302683478384,0 32.57165737518656,35.16298380815488,0 32.57179899691515,35.16301797501944,0 32.57195338258816,35.16313547303125,0 32.57207487805292,35.16315286921244,0 32.57219622823067,35.16318691082411,0 32.57225604276671,35.16329827758127,0 32.57216772854755,35.16334768578519,0 32.57209354046,35.16333058119526,0 32.5719918076009,35.16336880603678,0 32.57198323223588,35.16356855284913,0 32.57232070148146,35.16362057345409,0 32.57259739365027,35.16366666837495,0 32.57289531568191,35.1636074454897,0 32.57299926760081,35.16332503524592,0 32.57339710204771,35.16342737056069,0 32.57361306983944,35.16346199359088,0 32.57378223359653,35.16344082918342,0 32.57389011413368,35.16346923846883,0 32.57405171430868,35.16353682730031,0 32.57430096232117,35.16362714974946,0 32.574530502513,35.16365630500353,0 32.57472009002343,35.16361861452606,0 32.57472764734747,35.16352986083498,0 32.5744181226121,35.16337811918262,0 32.57421663202012,35.16323813930686,0 32.57454995479333,35.16300152858005,0 32.57491722052526,35.16274847468726,0 32.57512022020676,35.16272196376431,0 32.57527495699215,35.1628006104572,0 32.57548436689058,35.1628129877641,0 32.57577523099651,35.1627870152597,0 32.57589612301383,35.16260523677041,0 32.57592930747205,35.16259694291633,0 32.57604251024183,35.16256865041215,0 32.57618896695875,35.16252456811477,0 32.57648404427855,35.16234179377017,0 32.5766870466967,35.1621182937527,0 32.57682559459155,35.16192951716773,0 32.57705431536117,35.16169915117607,0 32.57729526269997,35.16153557755115,0 32.5775234440645,35.16136490369767,0 32.57775593203803,35.16119074429659,0 32.57785114220911,35.16106490863764,0 32.57823692715974,35.16096191123515,0 32.57879466826724,35.16075812426882,0 32.5792451306646,35.16059582120797,0 32.57974110018831,35.16012829040136,0 32.57996955572513,35.15992600987635,0 32.58014986660599,35.15984633942376,0 32.58041158370379,35.1597496041997,0 32.58065100269636,35.15975456785544,0 32.58095005997839,35.15978447434719,0 32.58116518107754,35.15963829338137,0 32.58125281339664,35.15940355366434,0 32.58129601342964,35.15935465350197,0 32.58145450153339,35.15932401102705,0 32.58148484290372,35.15927854486031,0 32.5815112573874,35.15919442857747,0 32.58176444529069,35.15909412657074,0 32.58235055870181,35.15858499372864,0 32.5824174703765,35.15827638526483,0 32.58249679434073,35.15801350138777,0 32.58261369041609,35.15785267950078,0 32.58284223015438,35.15763986000638,0 32.58298971138666,35.1574054791254,0 32.58345916726826,35.15655150646781,0 32.58365867982521,35.15623667546142,0 32.58384454678414,35.15601306004876,0 32.58425394225272,35.15565735650344,0 32.58458671502789,35.15526256298337,0 32.58508249644054,35.15480905459947,0 32.5854107700543,35.15443881270561,0 32.58542494537872,35.15428790334816,0 32.58515525531815,35.15384382730497,0 32.5850251621079,35.15356914435253,0 32.58498878615978,35.15333365414689,0 32.58523412043065,35.15315253279242,0 32.58536401855897,35.15297071758231,0 32.5857714811672,35.15282919927467,0 32.58612816438276,35.1526276777004,0 32.58661842704545,35.15231107968236,0 32.58715583642896,35.15198071551694,0 32.5874647918686,35.15185615719981,0 32.58782003422497,35.15181615250621,0 32.58810315381402,35.15171250632093,0 32.58832716590862,35.15152422835344,0 32.58860581975458,35.15144162335878,0 32.5888299841198,35.15123578844208,0 32.58896015195648,35.15102236539089,0 32.58897893357759,35.1507894682818,0 32.58901666726138,35.1507587630679,0 32.58913400725852,35.15066327844357,0 32.58922747669059,35.15062083214865,0 32.58937352124418,35.15055481123624,0 32.58947578194045,35.15050525006252,0 32.58953162515992,35.15044107314336,0 32.58961018591504,35.1501118314871,0 32.58981644398371,35.14981680110341,0 32.59012268619711,35.14940052084633,0 32.59024827315511,35.14901660573533,0 32.59030056622309,35.14869676372516,0 32.5904009026948,35.14820757256705,0 32.59045805749214,35.14799527286279,0 32.59068853931917,35.14792019629174,0 32.59093388137385,35.14780936951725,0 32.59101282431497,35.14776444710588,0 32.59109817712773,35.14765266252405,0 32.59118410033668,35.14747637123646,0 32.59137316870525,35.14715017908814,0 32.59140365395609,35.14699267058748,0 32.59138400273749,35.14667264575503,0 32.59137208964749,35.1466149836878,0 32.59134938303769,35.14655100337264,0 32.59135689129945,35.14645843885054,0 32.59134314759859,35.14638894966583,0 32.59134564591263,35.1463161737724,0 32.59143034124931,35.14627845191367,0 32.59169538436933,35.14624180566104,0 32.59195191106237,35.14618121784945,0 32.59224638011631,35.1461065195883,0 32.59257074100312,35.1459412079763,0 32.59306714596345,35.14539942284481,0 32.59316981901437,35.1453020785254,0 32.59317871512086,35.14527928047163,0 32.59321446513972,35.14518766064054,0 32.59326161777586,35.14511865370167,0 32.59332892017249,35.14507366002656,0 32.59376530450778,35.14473937619177,0 32.59450910951426,35.14417994718168,0 32.59478729536725,35.14397134758468,0 32.59483158245193,35.14396995788697,0 32.59503208022817,35.14458205780452,0 32.59545593183191,35.14578078716039,0 32.5953985485826,35.14591025816244,0 32.59528599224253,35.14613895561753,0 32.59444103820586,35.14662133444534,0 32.59422727996589,35.14678014200815,0 32.59402450359268,35.14701307913183,0 32.59375754009462,35.1472671368232,0 32.59361487784514,35.14761033640229,0 32.59346748763229,35.14815898104472,0 32.59368888167191,35.14812446183981,0 32.59374680603872,35.14848319082087,0 32.59369402168659,35.1491900876845,0 32.59341640473745,35.1493317882707,0 32.59349597962129,35.14954490329087,0 32.59357784976769,35.14982732002323,0 32.59350988543388,35.15027608918655,0 32.59360862388395,35.15029579143854,0 32.59391297074686,35.15042184384759,0 32.59395285276643,35.15051765098139,0 32.59392252784173,35.15078806878096,0 32.59391498646505,35.15085532114005,0 32.59408274957978,35.15122502914169,0 32.59419010058267,35.15165758464273,0 32.59436548521556,35.15164809429893,0 32.59444145556259,35.15176091516398,0 32.59460351933869,35.15180752795505,0 32.5947232308671,35.15180824031787,0 32.59507846858378,35.15176821341196,0 32.59517181596766,35.15184953395632,0 32.59497660475827,35.15216792228306,0 32.59479579650433,35.15230730841195,0 32.59431158204082,35.15242733080164,0 32.59434857354709,35.15259610435185,0 32.59430513680362,35.15267309872413,0 32.59372890350221,35.15256081160997,0 32.593468744547,35.15297010913932,0 32.59327107598454,35.15308130016501,0 32.59290632080301,35.15323012089071,0 32.59335115896491,35.15369629320733,0 32.59363895292632,35.15403160150781,0 32.59394047361585,35.15426515670936,0 32.5943029090291,35.15437968370846,0 32.59442327672971,35.15430665706061,0 32.59451464391542,35.1541281130095,0 32.59482713297277,35.15408783474754,0 32.59510417993089,35.15418780375284,0 32.59526959810474,35.15433978129098,0 32.59517581646992,35.15479221103683,0 32.59506806141111,35.1548898932344,0 32.59525114135081,35.15497876890236,0 32.59563539021674,35.15504425846515,0 32.59566380535512,35.1552164922397,0 32.59552956209706,35.15540882780029,0 32.59539215431822,35.15547473077176,0 32.59543723422145,35.15569622390576,0 32.59554796964411,35.1557460424651,0 32.59566779932787,35.15670539828751,0 32.59613394872365,35.15669763261641,0 32.59602182246129,35.15680582306378,0 32.59593807510403,35.15708975968926,0 32.59587373554098,35.15759854684896,0 32.59579172454165,35.15768584758236,0 32.59566369660025,35.15765699572434,0 32.59550093531031,35.15768763264402,0 32.59537387124612,35.15754992830045,0 32.59501418066719,35.15760748675529,0 32.59490669468563,35.15767356577334,0 32.59471949256757,35.15756710758982,0 32.59446585840587,35.15772010569744,0 32.59475974184372,35.15785177987032,0 32.59488101547023,35.15816151420128,0 32.59500783613787,35.15832731026638,0 32.59517855604639,35.1583634400308,0 32.59521121795734,35.1585392097654,0 32.59508579550312,35.15869999284118,0 32.59464544321911,35.15869035275387,0 32.59437526379357,35.15878004516657,0 32.59417708706446,35.15894741717036,0 32.59392366413176,35.1590758355134,0 32.59368811849876,35.15911657042764,0 32.59347729821889,35.15926279807276,0 32.59317749346106,35.15931719605855,0 32.59307350576088,35.15947108209351,0 32.59287107808465,35.15963491679383,0 32.59304598942278,35.15968160998646,0 32.59304898878672,35.15982560012844,0 32.59293320222461,35.15986353491684,0 32.59289316236817,35.16003887252751,0 32.59306677371509,35.16023304150161,0 32.59320697645971,35.16033571087404,0 32.59331288227781,35.16044871033993,0 32.59352705086992,35.16040784857113,0 32.59341342532539,35.16068458088998,0 32.59307661316769,35.16105479381376,0 32.59308352095125,35.16124094544045,0 32.5931494523036,35.1615222582911,0 32.59327677160023,35.16163187463011,0 32.59331407473363,35.16176553540345,0 32.59342171104777,35.16181727176053,0 32.59355219623674,35.1619179493707,0 32.59408775656753,35.16229811955269,0 32.59398406067156,35.16240058802151,0 32.59418999980256,35.16248827628525,0 32.59441997388389,35.16244611201429,0 32.59471835740506,35.16248100578155,0 32.59480586599137,35.16259089294905,0 32.59523516490891,35.16258328973886,0 32.59504442795857,35.16275890771954,0 32.59496161021956,35.16281286335753,0 32.59483101439534,35.16279095990883,0 32.59478309080944,35.16274447597255,0 32.59472527770996,35.16274993163317,0 32.594694035095,35.16294641980575,0 32.59483100378382,35.16334797218556,0 32.5946651357915,35.16350220506098,0 32.59469072242007,35.16361414580091,0 32.59479465225492,35.16374216539531,0 32.59499449939143,35.16394959498631,0 32.59496501771044,35.16406813004594,0 32.59514619229188,35.16415686332718,0 32.59509376316113,35.16446400462213,0 32.59509859484341,35.16459960243178,0 32.59510772175049,35.16470131850383,0 32.59519780480551,35.16484736895018,0 32.59530662651004,35.16482174618757,0 32.59536097737232,35.16495976829187,0 32.59585853389519,35.16506311475059,0 32.59565274273508,35.16522173623686,0 32.59551638742148,35.16525065662707,0 32.59530444364667,35.16526237723119,0 32.59515965898726,35.16532629459525,0 32.59517580513163,35.16539978796976,0 32.59563280971105,35.16535725044898,0 32.59581247163641,35.16547422381627,0 32.5957955534307,35.16555664598314,0 32.59577310349168,35.16564469873552,0 32.59587902330206,35.1656495717188,0 32.59594337616398,35.16599099891556,0 32.5958421334746,35.16615335770376,0 32.59566657461729,35.16631885852927,0 32.59573076614011,35.16641511015986,0 32.595698226241,35.1665957755556,0 32.59579027602392,35.16690114023832,0 32.59568917617879,35.16703412466816,0 32.59526664917087,35.16705870006582,0 32.59484511737169,35.16716010595989,0 32.5945455263729,35.1670879240099,0 32.59427754205033,35.16702375512326,0 32.59311456177324,35.16653854266806,0 32.59294218765014,35.16661592257474,0 32.59286727009161,35.16673995342188,0 32.59280469140714,35.16687306398736,0 32.59271166788275,35.16704109768424,0 32.59268367655302,35.16713591059379,0 32.592721136579,35.16734957621092,0 32.59277925829737,35.16755879257228,0 32.59283127944298,35.16788775138247,0 32.59280871863708,35.16799726989489,0 32.59276923594219,35.16818921008466,0 32.59264491876633,35.16828595890839,0 32.59253761038802,35.168559019127,0 32.592362142252,35.16870417898596,0 32.59231876647468,35.16884865285521,0 32.59219704853832,35.16897591496494,0 32.59217451477327,35.16907978438355,0 32.5921975383616,35.16915330125659,0 32.59223617147199,35.16940764635299,0 32.59224343366959,35.16960652215151,0 32.59226235255835,35.16967550649651,0 32.59245145995428,35.16983093132525,0 32.59244970568164,35.16990662457549,0 32.59234308244023,35.17004184642821,0 32.59225157640778,35.1701805092153,0 32.59224433026434,35.17025392417442,0 32.59233761736937,35.17030960092811,0 32.5922291599443,35.17053633331803,0 32.59204179280183,35.17085883718534,0 32.59168598965564,35.17101920529694,0 32.59149508506942,35.17122306289258,0 32.59135272234914,35.17135025536609,0 32.59121175163843,35.17147406222016,0 32.59116166800816,35.17158348746631,0 32.59111211235329,35.17186239109148,0 32.59105627069476,35.17202264001361,0 32.5909686218713,35.17221441685035,0 32.59087265517266,35.17241859395101,0 32.59064415174939,35.17271045068272,0 32.59050412932813,35.17291899726943,0 32.59041153605956,35.17299890291418,0 32.59024178446175,35.17309888476489,0 32.59023263601588,35.17368950241013,0 32.59001559760957,35.17373383772348,0 32.58994093146087,35.1738462592725,0 32.5898980697725,35.1739103385112,0 32.58977263062913,35.17402258804288,0 32.58950120738258,35.17423912988373,0 32.5895357093282,35.1747462810434,0 32.58944626973328,35.17479442786689,0 32.58941727692655,35.17482925861887,0 32.5896353057957,35.17486154625597,0 32.58990416463613,35.17488273817543,0 32.59018500632656,35.17497720831645,0 32.59038455346149,35.17486408226557,0 32.59057833425877,35.17480614678652,0 32.59069055925023,35.17486624342585,0 32.59066067458058,35.17507909681253,0 32.59067804510281,35.17517267515642,0 32.59088523284993,35.17517788208681,0 32.59099002732007,35.1753517543609,0 32.59080730261521,35.17539395344286,0 32.59061357141523,35.17544174876232,0 32.59066331704451,35.17564698403747,0 32.59062469601705,35.17568628950687,0 32.59072046637922,35.17574407701604,0 32.59074773094835,35.17578022490009,0 32.59079268817949,35.17584572785739,0 32.5905439918153,35.17590798500883,0 32.59056165049272,35.17594410046178,0 32.59064761189816,35.176042417601,0 32.59117691829727,35.17612195048451,0 32.59133951920259,35.17626221525276,0 32.59163104686267,35.17641643544651,0 32.59147807611033,35.17654549500615,0 32.59132545648028,35.17687849593059,0 32.59120324436163,35.17689385792306,0 32.59112846406996,35.1770288146034,0 32.59107483210079,35.17705116839875,0 32.59109371238827,35.17739150832001,0 32.59092878908586,35.17744052810364,0 32.59084596602672,35.17753714819472,0 32.59081399674085,35.1776181656415,0 32.59069847546093,35.17766735198835,0 32.59069693372682,35.17770114904517,0 32.59067483013155,35.17773036964849,0 32.59071305677055,35.1777699348018,0 32.59071143597126,35.17781950598182,0 32.59049595605288,35.17809820972333,0 32.59047271711174,35.17818652632652,0 32.59047264548445,35.17818679830525,0 32.5904318384375,35.17834472421602,0 32.59042480886551,35.17834887209588,0 32.59040192004832,35.17835182518159,0 32.59034035428328,35.17836861996063,0 32.59028041240456,35.17836612767289,0 32.59021273026077,35.17837791879306,0 32.59013373595531,35.17842115277013,0</coordinates>
						</LinearRing>
					</outerBoundaryIs>
				</Polygon>
			</MultiGeometry>
		</Placemark>
	</Document>
</kml>