<?xml version='1.0' encoding='UTF-8'?>
<kml xmlns="http://www.opengis.net/kml/2.2">
	<Document>
		<name>LEMESOS Community Cluster ST</name>
		<Style id="PolyStyle80">
			<LabelStyle>
				<color>00000000</color>
				<scale>0.000000</scale>
			</LabelStyle>
			<LineStyle>
				<color>ffa9e600</color>
				<width>2.000000</width>
			</LineStyle>
			<PolyStyle>
				<color>00828282</color>
				<outline>1</outline>
			</PolyStyle>
		</Style>
		<Placemark id="ID_80022">
			<name>LEMESOS Community Cluster ST</name>
			<snippet />
			<description>&lt;html xmlns:fo="http://www.w3.org/1999/XSL/Format" xmlns:msxsl="urn:schemas-microsoft-com:xslt"&gt;

&lt;head&gt;

&lt;META http-equiv="Content-Type" content="text/html"&gt;

&lt;meta http-equiv="content-type" content="text/html; charset=UTF-8"&gt;

&lt;/head&gt;

&lt;body style="margin:0px 0px 0px 0px;overflow:auto;background:#FFFFFF;"&gt;

&lt;table style="font-family:Arial,Verdana,Times;font-size:12px;text-align:left;width:100%;border-collapse:collapse;padding:3px 3px 3px 3px"&gt;

&lt;tr style="text-align:center;font-weight:bold;background:#9CBCE2"&gt;

&lt;td&gt;Σύμπλεγμα ΣΤ&lt;/td&gt;

&lt;/tr&gt;

&lt;tr&gt;

&lt;td&gt;

&lt;table style="font-family:Arial,Verdana,Times;font-size:12px;text-align:left;width:100%;border-spacing:0px; padding:3px 3px 3px 3px"&gt;

&lt;tr&gt;

&lt;td&gt;NAME_GR&lt;/td&gt;

&lt;td&gt;Σύμπλεγμα ΣΤ&lt;/td&gt;

&lt;/tr&gt;

&lt;tr bgcolor="#D4E4F3"&gt;

&lt;td&gt;NAME_ENG&lt;/td&gt;

&lt;td&gt;Community Cluster "ΣΤ"&lt;/td&gt;

&lt;/tr&gt;

&lt;tr&gt;

&lt;td&gt;DISTRICT_N&lt;/td&gt;

&lt;td&gt;ΛΕΜΕΣΟΣ&lt;/td&gt;

&lt;/tr&gt;

&lt;tr bgcolor="#D4E4F3"&gt;

&lt;td&gt;SHAPE.AREA&lt;/td&gt;

&lt;td&gt;204397989,804275&lt;/td&gt;

&lt;/tr&gt;

&lt;tr&gt;

&lt;td&gt;SHAPE.LEN&lt;/td&gt;

&lt;td&gt;121992,015675&lt;/td&gt;

&lt;/tr&gt;

&lt;/table&gt;

&lt;/td&gt;

&lt;/tr&gt;

&lt;/table&gt;

&lt;/body&gt;&lt;script type="text/javascript"&gt;

				function changeImage(attElement, nameElement) {

				document.getElementById('imageAttachment').src = attElement;

				document.getElementById('imageName').innerHTML = nameElement;}

			&lt;/script&gt;&lt;/html&gt;

</description>
			<styleUrl>#PolyStyle80</styleUrl>
			<MultiGeometry>
				<Polygon>
					<extrude>0</extrude>
					<altitudeMode>clampToGround</altitudeMode>
					<outerBoundaryIs>
						<LinearRing>
							<coordinates> 32.79827112807325,34.89026312762906,0 32.79698454795879,34.89025765045474,0 32.79523998681672,34.89023910334795,0 32.79227606268733,34.89023749306641,0 32.79163043604503,34.88959957320026,0 32.79159125139724,34.88940514513307,0 32.79170067980694,34.88914475272439,0 32.79241371816543,34.88823757165098,0 32.79261053336009,34.88800530653207,0 32.79263176281412,34.88784443884053,0 32.79260170134574,34.88727262949653,0 32.79269726621158,34.88707322929484,0 32.79315080667152,34.88671995837913,0 32.79367763686592,34.88649465818968,0 32.79388665723553,34.88646225251482,0 32.79388725275156,34.88636790039806,0 32.79383669289834,34.88584040474092,0 32.79394589832881,34.88561331176826,0 32.79414389882047,34.88519233796457,0 32.7942340832355,34.88477645120575,0 32.79437787601746,34.88440519714451,0 32.79440646591755,34.88414445616964,0 32.7944228763627,34.88367830162822,0 32.79453808273757,34.88356778832743,0 32.79496388238768,34.88333649820999,0 32.7950724170364,34.88321485744384,0 32.79526893852713,34.88302698699346,0 32.79549895170074,34.8828670118374,0 32.7957357046827,34.88270706379046,0 32.79594565718157,34.88252480193789,0 32.79602717623458,34.88241414411364,0 32.79600142479958,34.88222532420511,0 32.79582825783577,34.88191376775139,0 32.79571463288051,34.88177452469517,0 32.79576321153247,34.88154717027994,0 32.7956293774515,34.88140784090196,0 32.7955491808058,34.88130759263132,0 32.79554387779105,34.88108000703905,0 32.79544487631836,34.88075766721929,0 32.79531244112378,34.88039633135072,0 32.79531338474541,34.8802464769175,0 32.79543036722146,34.87985290600027,0 32.79551921176135,34.87964792468346,0 32.79597155203721,34.8794777969882,0 32.79613382178201,34.87937858493365,0 32.79619572758817,34.87917348851722,0 32.796211393925,34.87882388610043,0 32.7962793400848,34.87872982069882,0 32.79644816836412,34.87865838728252,0 32.79650292441482,34.87851986298134,0 32.79656454970428,34.87835916740871,0 32.79694547377154,34.87776135972938,0 32.79659242961186,34.87755925624375,0 32.79491183566228,34.8767153043427,0 32.79450348936414,34.87648651698123,0 32.79433643911705,34.87644510161833,0 32.7940544489188,34.87630513749627,0 32.79393466271468,34.87622306806158,0 32.79352778210905,34.87594429840971,0 32.79316903387492,34.87571708896752,0 32.79262738376325,34.87554398504923,0 32.79214929591759,34.87546264086045,0 32.79164405710764,34.87545145366592,0 32.79135048309966,34.87538397831194,0 32.79078568774733,34.8753064598141,0 32.79066527242052,34.87542997670978,0 32.79048454093196,34.87565731709021,0 32.79028002675047,34.87579058560564,0 32.79007557481257,34.87589911013368,0 32.789937230278,34.87598795192724,0 32.78972315461327,34.87582554725419,0 32.78874251761275,34.87506346994567,0 32.7882563192827,34.87468474497841,0 32.78812888681424,34.87488271638018,0 32.78803523613482,34.87493210195071,0 32.78794167017112,34.87494845416346,0 32.78764101606532,34.87496444568916,0 32.78752728157063,34.87503031205303,0 32.78748026471182,34.87512932657159,0 32.78745303366619,34.87532747234601,0 32.78741924895601,34.87547605875876,0 32.78736555171822,34.87557506154479,0 32.78731195251341,34.87563552773037,0 32.78718505546205,34.87562429454211,0 32.78596602152487,34.87559374119496,0 32.78589305224945,34.87522917589128,0 32.78567370914949,34.87471557819917,0 32.78560590978799,34.87456688349076,0 32.78511014741836,34.87427332640475,0 32.78435928014063,34.87342823409885,0 32.78416752810647,34.87320884733088,0 32.78415464370148,34.87317641301644,0 32.78415480013584,34.87315213198067,0 32.78441534029881,34.87285647503825,0 32.7844150319883,34.87239509163128,0 32.78440872872494,34.87235729008687,0 32.78419066272524,34.87215667792776,0 32.78418427292522,34.87213236543712,0 32.7841877019142,34.87210809831862,0 32.78423701608823,34.87207593574638,0 32.78441733811258,34.87203625127437,0 32.78430187205467,34.87166340541692,0 32.78416555419784,34.87147933456488,0 32.78413030404285,34.87136046425186,0 32.78413381968523,34.87132270535925,0 32.78434805544607,34.87109969753254,0 32.78460869297349,34.87078784938097,0 32.78485242657388,34.87055957165973,0 32.7848855424717,34.87050035753278,0 32.78488251163477,34.8704625699033,0 32.78485653081055,34.87043007822373,0 32.78465699023122,34.87040492624612,0 32.78447527551901,34.87032668878842,0 32.78453013137532,34.87001500138271,0 32.78454835201862,34.86993585072744,0 32.78458889825421,34.86979215197645,0 32.78460540659911,34.8697706402868,0 32.78460227245141,34.86974903971419,0 32.78429968551056,34.86945631969527,0 32.78412379662145,34.86880800092455,0 32.78359698487968,34.86825797972762,0 32.78335308970274,34.86800328734753,0 32.78303223784693,34.868007280191,0 32.78289157799687,34.86799047678826,0 32.782649762865,34.86792196313067,0 32.78252896669599,34.86787017005239,0 32.78225524761518,34.86767200855541,0 32.78208494879591,34.86768205387977,0 32.78199391509482,34.86758452197709,0 32.78178220972326,34.86741630841983,0 32.78152333206673,34.86745564508973,0 32.78130302618769,34.86709852365189,0 32.78129343210633,34.86706340591133,0 32.78138415479436,34.86670225345262,0 32.78156488264097,34.86659782034514,0 32.78158153023216,34.86655472328902,0 32.78156540510373,34.86651687868122,0 32.78149347547634,34.86650307271736,0 32.78138884219436,34.86648372803324,0 32.78138659595771,34.86632452689751,0 32.78134788952013,34.86623531965681,0 32.78124364020623,34.86615661444132,0 32.78123933549296,34.86615492009233,0 32.78079301960911,34.86597925572177,0 32.78124016653708,34.86584110671629,0 32.7812752122457,34.86583027939303,0 32.78165066429384,34.86548116886221,0 32.78208132353091,34.86519975371164,0 32.78200784574812,34.86491882614618,0 32.78176561881494,34.86491506623969,0 32.78183323139318,34.8645834906407,0 32.7816341242127,34.86449357911898,0 32.78126656745669,34.86412771845158,0 32.78128922483092,34.86366104095718,0 32.78128978227474,34.86365992596959,0 32.78124593485956,34.86366277679989,0 32.78120085247123,34.86366570832536,0 32.78109393065642,34.8636912981542,0 32.7809733533741,34.86366813382757,0 32.78065349468239,34.86367056451967,0 32.78025670493146,34.86372764887034,0 32.77992926097328,34.8637195530898,0 32.77983162901348,34.86375064391815,0 32.77952818916183,34.86373222659114,0 32.77937339590099,34.86372000799918,0 32.77887786124228,34.86373104578944,0 32.77864497042888,34.86367701940274,0 32.77797820445493,34.86374280744249,0 32.77777904664796,34.86373177054239,0 32.77692062838147,34.86380244160513,0 32.77675242386992,34.86388039645447,0 32.77659533823739,34.8638981693358,0 32.77615372029462,34.86379501245933,0 32.77583991658165,34.86369509958179,0 32.77567951446362,34.86358944911125,0 32.77527823706621,34.86344330499845,0 32.77476308906306,34.86321669387251,0 32.77455204520332,34.86312455813292,0 32.77445566254904,34.86309575669579,0 32.77442485479625,34.8630734374427,0 32.77438632261214,34.86305428415221,0 32.77434398413782,34.86301604197838,0 32.77428620331433,34.86298095142918,0 32.77423506067094,34.86294640863551,0 32.77412669575968,34.86290895605056,0 32.77402281027398,34.86288641169361,0 32.773932421742,34.86288624369277,0 32.77384201390927,34.86289352603975,0 32.77377421230337,34.8628971256018,0 32.77359338417715,34.8629154147447,0 32.7734396323423,34.86294865406686,0 32.77323165611704,34.86297806731464,0 32.77314125835293,34.86298162438435,0 32.77288861095924,34.86282097216547,0 32.77278937809282,34.86275000886595,0 32.77272619801931,34.8627163651256,0 32.77219744767176,34.86270792532311,0 32.77210707071461,34.86270403121287,0 32.77203932058924,34.86268900332654,0 32.77198513879301,34.86267027606957,0 32.77188582460191,34.86262911368409,0 32.77168261687764,34.86256912962185,0 32.77161033657814,34.8625578186672,0 32.77140247517581,34.86254625287707,0 32.77134385712824,34.86249771609265,0 32.77120856383782,34.86239315801554,0 32.77116338016976,34.86238934732184,0 32.77110917922296,34.86237807008951,0 32.77095555023936,34.86236660560184,0 32.77088779027168,34.86235530273181,0 32.77066655764229,34.86227665823512,0 32.77059434089713,34.86224299544332,0 32.7705084616946,34.86224655908175,0 32.77030057017048,34.86224616657851,0 32.7701966036891,34.86225341970407,0 32.76996642635002,34.86214123135292,0 32.76910421446736,34.86178570945084,0 32.76899589618127,34.86173335238136,0 32.76887848699532,34.86169960271443,0 32.76870689752826,34.86164712512061,0 32.76863462997902,34.86163208674576,0 32.7686030985965,34.86159477539507,0 32.76856255962326,34.86154627166689,0 32.76849506160917,34.86144183957027,0 32.76840952882849,34.86132247218691,0 32.76820222491304,34.86111346997401,0 32.76810762266518,34.86100526121484,0 32.76801292543837,34.86093057788258,0 32.76793621300209,34.86088945538221,0 32.76786401842445,34.86084834145743,0 32.7678190869943,34.86075512727922,0 32.76772896372908,34.86066182677597,0 32.76763450819213,34.86050146565579,0 32.76755803737498,34.86037466542299,0 32.76751756250205,34.86030381010287,0 32.7674725374039,34.86024412219859,0 32.76742785838967,34.86006150561699,0 32.76730660480573,34.85978933887846,0 32.76726162211072,34.85971475006579,0 32.76721201464375,34.85967740375006,0 32.7671079251408,34.85972935673027,0 32.76708558089737,34.85963991119826,0 32.76705417809067,34.8595578978619,0 32.76699145451387,34.85936407040459,0 32.76693297791259,34.8592671051501,0 32.76688347705234,34.85919250753335,0 32.76678882505944,34.85910292331175,0 32.76669410074068,34.85903941411493,0 32.76662185688342,34.85901692503548,0 32.76654959201858,34.85900188542568,0 32.76647277572698,34.85899801316542,0 32.76618354684864,34.85899745742362,0 32.76610214853839,34.85901592658094,0 32.76609734395696,34.8591164953168,0 32.7661152209247,34.85918730766119,0 32.76589407523326,34.85908257849636,0 32.76581759674365,34.85895950190939,0 32.76572764558454,34.85880659840307,0 32.76557380318093,34.85887335423136,0 32.76545621971367,34.85890292842933,0 32.76538816720068,34.85899592558641,0 32.7652979628572,34.85893242402327,0 32.76507225666717,34.85884258547026,0 32.76453438283984,34.85847648197316,0 32.76445965770776,34.85853221432484,0 32.7638145335272,34.85813982462489,0 32.76365916554049,34.8579495411396,0 32.76359417046856,34.85776315793871,0 32.7635469808396,34.8576718010484,0 32.76346380374952,34.85752263379453,0 32.76343914604358,34.85745367024548,0 32.76342579684542,34.8573810048138,0 32.76339298386868,34.85729386845264,0 32.76334941427961,34.85722626352683,0 32.76302861206202,34.85721467455686,0 32.76271689953883,34.85722908396899,0 32.76255808500804,34.85728750414488,0 32.76235737948962,34.85714696241943,0 32.76213494094389,34.85694747192689,0 32.76208984928979,34.85686996208208,0 32.76195021135468,34.85659760610319,0 32.76192256918173,34.85651402484882,0 32.76186893527056,34.85645879097052,0 32.76178078437811,34.85641056311363,0 32.76172272760876,34.85638018961732,0 32.76163048344841,34.85635401473564,0 32.76154350952149,34.85630312433695,0 32.76146069553463,34.85627500716964,0 32.76115542667134,34.85616520497408,0 32.76104160875256,34.85614363062644,0 32.76090248092373,34.85607983944397,0 32.76078191720004,34.85602757806435,0 32.76065345807206,34.85598625901284,0 32.76053890966853,34.85595877016838,0 32.76039628172393,34.85595505203578,0 32.76021206725935,34.85590468842029,0 32.76015983480492,34.85586146021349,0 32.76010815980408,34.855812315086,0 32.76002990288253,34.85571292583664,0 32.76001303488506,34.85563940210754,0 32.75999821410084,34.85552557782972,0 32.7599996230575,34.85550396121272,0 32.75999350400918,34.85546009825966,0 32.75989725107434,34.85530792164055,0 32.75986524698492,34.85523676585161,0 32.75984697570232,34.85518598913629,0 32.759828136176,34.85505041670137,0 32.75980373044761,34.85496603454616,0 32.75977943526183,34.85489179478174,0 32.75953107604101,34.8546871893575,0 32.75940836476624,34.85461181918223,0 32.75934126446114,34.85455246496863,0 32.75931169997354,34.85451990930272,0 32.7592859191083,34.8544862568459,0 32.75924820911566,34.85443858129932,0 32.75910336367254,34.85431115711591,0 32.75883322864137,34.8538510379549,0 32.75881538170149,34.85382454689805,0 32.75879935993466,34.85377368703621,0 32.75878157424749,34.85371722749043,0 32.75866311578121,34.85351749595263,0 32.75863113714832,34.8534824049648,0 32.75853593159215,34.85338434677915,0 32.75847213917957,34.85326831385174,0 32.75845236105754,34.85325425256362,0 32.75831127036249,34.85314792513176,0 32.75819485057747,34.85304405074742,0 32.7581118111687,34.85291436930977,0 32.75805311642826,34.85287050443051,0 32.75799278665953,34.85276735169874,0 32.75819230965698,34.85267649506198,0 32.75818148025003,34.85259434448468,0 32.75803874860382,34.85219254161689,0 32.75777411806631,34.85183612349742,0 32.75777185908616,34.85183455498738,0 32.75702290834774,34.85131447646071,0 32.75674158623664,34.85098996099107,0 32.75658704242943,34.8508436452656,0 32.75646580159231,34.85066545684762,0 32.75631164899091,34.8503868216895,0 32.75612974270423,34.85013550763936,0 32.75589203272287,34.85003921412284,0 32.75569280919989,34.85002968875641,0 32.75564874761866,34.84995659651936,0 32.75558285667615,34.84977851838983,0 32.75545032078185,34.84967787219069,0 32.75531257527412,34.84946771022376,0 32.75520225980225,34.84933973239101,0 32.75473263844621,34.84906046073656,0 32.75454500149944,34.84887757332898,0 32.75435714953031,34.84876768893005,0 32.75423024574575,34.84863511447632,0 32.75421933938502,34.84858033940936,0 32.75416448211936,34.84841597125889,0 32.75400420890166,34.84833808124174,0 32.75398230151328,34.8482604700629,0 32.75361756522166,34.84808260089801,0 32.75323068512139,34.84789393053988,0 32.75289874640492,34.84784762984988,0 32.75264992313983,34.84776955721419,0 32.75245651382901,34.84766878392438,0 32.7524624587819,34.84753191478866,0 32.75251252942608,34.8474453253507,0 32.75256265350329,34.847340484386,0 32.75276293456319,34.8469941254194,0 32.7528020447889,34.84687101124529,0 32.75284623986583,34.84679858768968,0 32.75286878569699,34.84676164168557,0 32.75291356702159,34.84659291220704,0 32.75289733138312,34.84646968645027,0 32.75289744049257,34.8464331843409,0 32.75285891716494,34.84636010321215,0 32.75277628226493,34.84623217937146,0 32.7528099117177,34.84609080332262,0 32.75279386843987,34.84590369862348,0 32.75288804920643,34.84587195169789,0 32.7533704438042,34.84557179125296,0 32.75349244604453,34.84548990943934,0 32.75347079839106,34.84532560819985,0 32.75346585344734,34.84518202994369,0 32.7533992064683,34.84507146023239,0 32.75317349143296,34.84496056779578,0 32.75324923026669,34.84482958058965,0 32.75334150747609,34.84476764895732,0 32.75334179577798,34.84467101880249,0 32.75326667521102,34.84459494287042,0 32.75314109564017,34.8445946880688,0 32.7530323636876,34.8445599572045,0 32.75285679930912,34.84447677464588,0 32.75276526513152,34.84429023043109,0 32.75265667828857,34.84420718370192,0 32.75263180943942,34.84412430716095,0 32.75259906522771,34.84387576355633,0 32.75249959402671,34.84354425820199,0 32.75236595509712,34.84344045395928,0 32.75229093994142,34.84332986657861,0 32.75219918073968,34.84321924503978,0 32.75197334813234,34.84314976355827,0 32.75158022437173,34.84303162518147,0 32.75134778762597,34.8429712183551,0 32.7511786892006,34.84292727220763,0 32.75115405072589,34.84276847222999,0 32.75079439741828,34.84265730127132,0 32.75075287219732,34.84254678154229,0 32.7506190902554,34.84249129001198,0 32.75055228264539,34.84243593660182,0 32.75043534816816,34.84234596836435,0 32.75017632550056,34.84217978467329,0 32.75015154425741,34.8420693000222,0 32.75005150078429,34.84193105116913,0 32.75001826433085,34.84184815687556,0 32.74997684381064,34.84170312693001,0 32.75023726261259,34.84140686899726,0 32.75024661443337,34.84108248748351,0 32.75031427529942,34.84085485554674,0 32.75028932750325,34.84079958699601,0 32.74994684292886,34.8405504054104,0 32.74982139483245,34.8405087349102,0 32.74981319115226,34.84045350069621,0 32.74972131309333,34.84038429046301,0 32.74949569943195,34.84024578269234,0 32.74933724710003,34.84004529408193,0 32.7490943479928,34.8400862058607,0 32.74888524810937,34.84002365554094,0 32.74879335034006,34.83996134605599,0 32.74869295505992,34.83994043240514,0 32.74866016133704,34.83971259287481,0 32.74844304902563,34.83953268905137,0 32.74815947052763,34.8391869942973,0 32.74799242147625,34.83906240974678,0 32.7479928001075,34.83893817103865,0 32.7479010304672,34.83883444947541,0 32.7479263968873,34.83875167601285,0 32.74809428626456,34.83860017652824,0 32.74809476986443,34.83844142785539,0 32.74823731447267,34.83836579841685,0 32.74815419004617,34.83817236649384,0 32.74828009488741,34.83806219237511,0 32.74828897071058,34.83789655955824,0 32.74812179682601,34.83781338747757,0 32.7481807330379,34.8377030747701,0 32.74819816861962,34.83747533990796,0 32.74834047931581,34.83747563440361,0 32.74844110247578,34.83742062516453,0 32.74844143841608,34.83731019112444,0 32.74833309611564,34.83715121822043,0 32.74824172725798,34.8369163557851,0 32.74808298994979,34.83681249391172,0 32.74756509285294,34.83644560677919,0 32.74765728065609,34.83641128696293,0 32.74769941046429,34.83632164588887,0 32.74766626282935,34.83621114328378,0 32.74741574060483,34.83601046104874,0 32.74704730700972,34.83604420567368,0 32.74687969448048,34.83610597680021,0 32.74685489828961,34.83600239284601,0 32.74690556802755,34.8358575524348,0 32.74706495643064,34.83574745008875,0 32.74728292060224,34.8356443698281,0 32.74739235629973,34.83544443479047,0 32.74749422094771,34.83498220179681,0 32.7474948109986,34.8347889430632,0 32.74779717596347,34.83445826685395,0 32.74788913001084,34.83449987005095,0 32.74810692168902,34.8344520062207,0 32.74833318936106,34.83436964843806,0 32.74846781730571,34.83414215579781,0 32.7485516099814,34.83411472032565,0 32.74862667587036,34.83420460305555,0 32.74873543429366,34.83422553494085,0 32.74896990433112,34.8341984103067,0 32.74900883691563,34.83418301184738,0 32.74921295362435,34.8341022807089,0 32.7493386427358,34.83406112715877,0 32.74942331333158,34.83374380199246,0 32.74940335842859,34.83342281052056,0 32.74948802920076,34.83310548527428,0 32.7494296428085,34.8330363437189,0 32.74936287497339,34.83297063561714,0 32.74920826599145,34.83288749086842,0 32.74931438590678,34.83239765619221,0 32.74943163971584,34.83237719145102,0 32.74967020569444,34.83237768259041,0 32.7497247816988,34.83232257746627,0 32.74966656277661,34.83219821894517,0 32.74961267523837,34.83202555429411,0 32.74944610881508,34.83174567350954,0 32.74937134750318,34.83155571019103,0 32.74969850296242,34.8313251609005,0 32.74973666120953,34.8311630387819,0 32.74998395968942,34.83104275925431,0 32.74999702658133,34.83087368307282,0 32.75011079994845,34.83061853688735,0 32.75007337260917,34.83053908550908,0 32.75021621439581,34.83035992266949,0 32.75050588209025,34.83006717433026,0 32.7506747383185,34.82958782001587,0 32.75074204523909,34.8294740723004,0 32.75065854816803,34.82940487984641,0 32.750453639123,34.82934924226328,0 32.75022373393875,34.82925559113833,0 32.7500829306844,34.82919523743076,0 32.74997294479983,34.82914809275018,0 32.74980172729245,34.82902350195062,0 32.74974059795116,34.82878324063511,0 32.7498025962411,34.82868162864934,0 32.74985857747655,34.82830304890915,0 32.74985920984508,34.82809391998916,0 32.74982546808781,34.82791863295371,0 32.74982601208752,34.82773874960196,0 32.74982604925273,34.82772646020194,0 32.7498541671804,34.8274947793958,0 32.74992983872534,34.82740450052693,0 32.75006034422633,34.82731433427221,0 32.75017023655881,34.8272410809348,0 32.75017057794211,34.8271280379127,0 32.75013676652557,34.82697536007843,0 32.75001427730196,34.82668119583929,0 32.74997356090574,34.82654546005102,0 32.74999439680078,34.8264550684214,0 32.75000856743265,34.82630248912525,0 32.75000882362568,34.82621770729751,0 32.74996798788757,34.82612153593124,0 32.7496322148948,34.82609258492888,0 32.74949562684638,34.82592839115436,0 32.74931061289936,34.82591105287752,0 32.74918031443882,34.82593339361483,0 32.74883701913566,34.82612485849294,0 32.74867222506058,34.82622060562475,0 32.74847302222172,34.826361498171,0 32.74826017801636,34.82647975287384,0 32.74823057697874,34.82651097466692,0 32.7481157730891,34.82663206239262,0 32.74801938269537,34.82677316699791,0 32.74795736644602,34.82688043016387,0 32.74794321024096,34.82702735713207,0 32.74813365233992,34.82751383807247,0 32.74823605480817,34.82764970211792,0 32.74829045919764,34.82779111887368,0 32.74826256038655,34.82794932161442,0 32.74776156827565,34.82815176205477,0 32.74763824090975,34.82813455001202,0 32.74724824657737,34.82790200091979,0 32.7467765554691,34.82748841261197,0 32.74683180592291,34.8273528755074,0 32.74666782059319,34.82718296858814,0 32.74653828139056,34.82695661225587,0 32.74633976529459,34.82687141618187,0 32.74614102522813,34.82685969746233,0 32.74592835001465,34.82692142746246,0 32.74577023154977,34.82707370553537,0 32.74554343086673,34.82727105652887,0 32.74532443929679,34.82715755550017,0 32.74538633738897,34.82708985901122,0 32.74547605229765,34.82689222068808,0 32.74552460563828,34.82670580129533,0 32.74543631831079,34.8264399644851,0 32.74546404956906,34.82639074470266,0 32.74551902064095,34.82629318120099,0 32.74555369245601,34.82616325370347,0 32.74567050978835,34.82606741051951,0 32.7458280881843,34.82609034911307,0 32.74591056488912,34.82601704323637,0 32.7461580114684,34.82579147320121,0 32.74635713020482,34.82567884474684,0 32.74662491294262,34.82552679430236,0 32.74679628531143,34.82552149898196,0 32.74696777866895,34.82547663809065,0 32.7471051038733,34.82539779335541,0 32.74716734464811,34.82521705379879,0 32.74727666955319,34.82509758087381,0 32.74727190659745,34.82488288231741,0 32.74727175481001,34.82487603007313,0 32.74734817335025,34.82476249328196,0 32.74730624412383,34.82464298016994,0 32.74711655110677,34.82449023540384,0 32.74653656441512,34.82418652046723,0 32.74631709469973,34.82406075324054,0 32.74619269220288,34.82397881871371,0 32.74600825482794,34.82354136343871,0 32.74592636280141,34.82349487949863,0 32.74574209833072,34.82351028798921,0 32.74551134850955,34.82359056115199,0 32.74526501389524,34.82354601967624,0 32.74506169074233,34.82346371409844,0 32.74486786177913,34.82343568823767,0 32.74468572957977,34.82314196224829,0 32.74457143657659,34.8230248212636,0 32.74440735398139,34.82297523941431,0 32.74430537557469,34.82298018504794,0 32.74423476511192,34.82320492887165,0 32.74414837007888,34.82333469050644,0 32.74397693946867,34.82339625417181,0 32.74379660046581,34.82331948017487,0 32.74368973167103,34.82308034168501,0 32.74361384329686,34.82264068196331,0 32.74347506465971,34.82226038356603,0 32.74334437295371,34.82213773954033,0 32.74316424246543,34.82203113421085,0 32.7429455896572,34.8217887598768,0 32.74277840840492,34.82171204370925,0 32.74264087904853,34.82162733196206,0 32.74243840873618,34.82142299702674,0 32.74232051699067,34.82135193569585,0 32.74215906844546,34.8213972756153,0 32.74170332219675,34.82167715251631,0 32.7412603327835,34.82201403194842,0 32.74096255214066,34.82227566835601,0 32.74081680896366,34.82242683873836,0 32.74068510453493,34.82245062504918,0 32.74035643695232,34.82242466544695,0 32.74014269024024,34.822423655628,0 32.73994510521443,34.82246339852806,0 32.73966194557563,34.82251358253319,0 32.73942189293298,34.82251244754814,0 32.7388308881445,34.82237948555433,0 32.73800773426249,34.82205559487118,0 32.73783377278291,34.82200867101687,0 32.73775139234604,34.82203268482403,0 32.7376583905734,34.82216512115033,0 32.73746516656443,34.82252215588163,0 32.73729123997563,34.8226045003166,0 32.73681956952507,34.82282780525344,0 32.7367295946191,34.82288838191629,0 32.73665946611882,34.8228944699929,0 32.73656602221686,34.82289402611625,0 32.73653288255172,34.82290028975585,0 32.73650537038985,34.82293708329659,0 32.73650720489154,34.82295314571782,0 32.73655533541074,34.82303043217824,0 32.73665204377011,34.82312079385151,0 32.73672581822389,34.82315004153349,0 32.73682489954376,34.82317940791686,0 32.73691626461397,34.82319910750207,0 32.73698814850832,34.82322031900874,0 32.73701917196888,34.82323812572292,0 32.73700720080606,34.82327980818073,0 32.73689803551963,34.82330015950022,0 32.73674608725842,34.82331388624505,0 32.73663510711297,34.82330543474766,0 32.73654372547566,34.82329847512209,0 32.7363401473339,34.82317870996475,0 32.73615964979401,34.82309918661245,0 32.73588359303225,34.82304328995356,0 32.73553556416648,34.82297902312715,0 32.7352112558035,34.82286349544009,0 32.73498240582561,34.82273879074856,0 32.7348137371499,34.82263845232112,0 32.7346530241536,34.82251407218358,0 32.73456622189856,34.82239967621129,0 32.73455342777186,34.82228081721855,0 32.73463249142912,34.82211102379166,0 32.73470795235578,34.82189947444835,0 32.73472271640146,34.82173740138693,0 32.73468896018725,34.82155422772892,0 32.73457749155239,34.82134820764612,0 32.73437886233422,34.82107916064585,0 32.73421319252168,34.82082953586856,0 32.73406451369537,34.82065544544307,0 32.7339952330519,34.82054113240296,0 32.73364621723212,34.8203420036042,0 32.73348713019149,34.82026418541505,0 32.73338573278285,34.82028778141679,0 32.73321067193152,34.8205438046929,0 32.73313609950674,34.82062853262433,0 32.73306775104895,34.82065870841733,0 32.73288336859649,34.8205791626544,0 32.73276887538735,34.82052724276077,0 32.73269930222428,34.82045466733969,0 32.73263376996548,34.82036124207654,0 32.73250930755205,34.8203429872657,0 32.73220767257757,34.82032709374021,0 32.73182539735691,34.82042800669367,0 32.73170847099943,34.82044510546471,0 32.73159173914902,34.82043491311556,0 32.73147336298164,34.82038136803752,0 32.73138841148403,34.82028142682649,0 32.73122247000465,34.82007193088304,0 32.73109331143526,34.81989150848442,0 32.73104887705131,34.81984313394829,0 32.73097505086382,34.8198219101296,0 32.7308659807498,34.81982941328913,0 32.73021530317679,34.81989531790667,0 32.7301375268441,34.81988210142806,0 32.73001526107331,34.81982853548625,0 32.72987928770314,34.81978614222744,0 32.72977429332694,34.81976797832052,0 32.72967314640797,34.81975625382483,0 32.72959326373652,34.81976550189393,0 32.72951125304253,34.81980042482289,0 32.72946212061026,34.81986600885016,0 32.72937344240021,34.82001809380594,0 32.7293488763938,34.82018814481626,0 32.72932917542673,34.82049628282089,0 32.72934013943939,34.82059747527402,0 32.72930103536502,34.82062136688131,0 32.72923895723156,34.82059056589034,0 32.7289175790411,34.82033857888491,0 32.72875332845615,34.82016601220865,0 32.72863432895133,34.81992623667732,0 32.7285531491904,34.81984397124681,0 32.72836712167989,34.81972267056822,0 32.72825488666644,34.81962741329858,0 32.72820685725421,34.81953727988218,0 32.72814766018657,34.81937485124102,0 32.72801798688297,34.81926827041816,0 32.72793256014169,34.81920743970021,0 32.72787271515073,34.819164824975,0 32.7276712657573,34.81902257956827,0 32.72754345964052,34.81892724531695,0 32.72734959165663,34.81881393220722,0 32.72723691439654,34.81878128060119,0 32.727106786594,34.81873891177163,0 32.72699833257683,34.8186597247767,0 32.72687267921175,34.8185355031307,0 32.72672161744339,34.81842560694693,0 32.72658413682551,34.81832219728874,0 32.72627544281956,34.81820511683608,0 32.72622323822339,34.81815509773585,0 32.72621422395588,34.81805391476716,0 32.72624389174759,34.81798823776255,0 32.72626554970364,34.81789375036981,0 32.72627792691927,34.81783975332461,0 32.72626658515161,34.8174637287713,0 32.72623617878702,34.81710080626895,0 32.72603656438052,34.81681868851202,0 32.7257892301737,34.81654541069616,0 32.7253337134558,34.81616531114307,0 32.72518891670054,34.81590764407301,0 32.72519061910717,34.81566882449597,0 32.72505319864296,34.81540514679855,0 32.7250509595252,34.81520560988066,0 32.72504226699279,34.81488209251182,0 32.72494501694636,34.81463976977729,0 32.72470410154146,34.81449651429831,0 32.72469485386068,34.8142515968198,0 32.72450901053885,34.81409651498831,0 32.72411789344424,34.81394043758515,0 32.72382178172964,34.81382714025582,0 32.72355079112119,34.81378954643117,0 32.72334012136532,34.814030371006,0 32.72305423080992,34.81402595709746,0 32.72241084083814,34.81377795294887,0 32.72231718465871,34.81354774008711,0 32.7223967146235,34.81319139816252,0 32.72173294749449,34.8132304861637,0 32.72104105360835,34.81310316292078,0 32.72077440391745,34.81297186512356,0 32.72067396071568,34.81266603782875,0 32.7204738565628,34.8124564648682,0 32.72018237782585,34.81221016636632,0 32.72012837988577,34.81156295454146,0 32.72004234130555,34.81129347479985,0 32.71996383180285,34.81099682360958,0 32.71974488465693,34.81085971165933,0 32.71945989533911,34.81073134531288,0 32.71947625371376,34.8104956216742,0 32.7196358234411,34.81022432050689,0 32.71963245061612,34.80967409498154,0 32.71967858716587,34.80937502990045,0 32.71957795848262,34.80909640875683,0 32.71956165351796,34.80881517835708,0 32.71962562713425,34.80807482383167,0 32.72002831683039,34.80763541649809,0 32.72004428124887,34.80745410705271,0 32.72006384775291,34.807281884418,0 32.71999577119055,34.80706388629329,0 32.71997185351548,34.80682191734589,0 32.72009419674882,34.80662903546383,0 32.72034076654044,34.8064911779268,0 32.72062737336154,34.80639281431744,0 32.72117390324069,34.80633804425545,0 32.72140169178004,34.80626357587494,0 32.7215076976128,34.80579248563345,0 32.72169154438776,34.80571175650329,0 32.72187178414106,34.8056219421176,0 32.72199783323415,34.80542302880418,0 32.72218950536227,34.80527280572978,0 32.72243574403542,34.80518028984842,0 32.72252496422796,34.80500538240266,0 32.72248223354507,34.80482983240351,0 32.72222066040027,34.80450508201933,0 32.72211196068447,34.80432921090779,0 32.72233612059878,34.80424867738956,0 32.72250189503655,34.80413158440766,0 32.72189476002621,34.80395026116819,0 32.72114800695716,34.80381662467508,0 32.72090652182593,34.80375800668995,0 32.72080452893064,34.8036698377629,0 32.72079020532662,34.80342816759421,0 32.72073014229989,34.80336166206772,0 32.7206064463434,34.80322469886956,0 32.72051225190157,34.80309675112669,0 32.72041205829482,34.80297613096444,0 32.72028532507852,34.80282595957025,0 32.72032723561728,34.80278448626071,0 32.72043200600172,34.80268202888526,0 32.7205753571675,34.80258711412534,0 32.72080209101013,34.80247054378671,0 32.72083251637195,34.80237262557281,0 32.72084623542245,34.80211771963546,0 32.72081784873978,34.80193125552979,0 32.72071308604047,34.80161938530797,0 32.72064018804937,34.80142289668995,0 32.72106339830509,34.80126315352383,0 32.72121865323616,34.80116584485508,0 32.72130546112867,34.80108046054766,0 32.72149388782251,34.80091711575554,0 32.72176041255306,34.80063892732607,0 32.72193659595738,34.80052455868028,0 32.72219949475767,34.80033706167477,0 32.7222955864068,34.80020023653096,0 32.72219266967979,34.80004528239368,0 32.72211268448599,34.80000811763741,0 32.72198502249808,34.79998788321112,0 32.72171765392242,34.79996941795339,0 32.72150663428373,34.79996838807994,0 32.72139061458515,34.79998253318199,0 32.72117324597661,34.80003786062208,0 32.72101841208875,34.80007633141803,0 32.72090204222253,34.80013950623434,0 32.72074669943745,34.80024907138729,0 32.720561108063,34.80043203899112,0 32.72033670026471,34.80063933479504,0 32.72024677661287,34.80074431697456,0 32.72011653251568,34.80067013075227,0 32.71996521713624,34.80063261573015,0 32.71970115413693,34.80056758093305,0 32.71956457558964,34.80054729999472,0 32.71938640620306,34.8005243628842,0 32.71923783343602,34.80051873229693,0 32.71905936325561,34.80053747183233,0 32.71893734733247,34.80055893858387,0 32.71877628467696,34.8006366026721,0 32.71865090736273,34.80071198994253,0 32.71859150081577,34.80070679543741,0 32.71832165184778,34.80061966496245,0 32.71819715684325,34.80057247231176,0 32.71802488145512,34.8005569171429,0 32.71772193336387,34.80052601074887,0 32.71750224323485,34.80049060932863,0 32.71720856401521,34.80041071383147,0 32.71704210659293,34.80041234709226,0 32.71684858111188,34.80045797751106,0 32.71668483363172,34.80049639950919,0 32.71649102156344,34.80058125455111,0 32.71627930899298,34.80067582759279,0 32.71616286283753,34.80074880369636,0 32.71602249838089,34.80084127641076,0 32.71572994723902,34.8010163552679,0 32.71546727752565,34.80116951411905,0 32.71522854570812,34.80130072843562,0 32.71499823208945,34.80150062841994,0 32.71475887624658,34.80171764520173,0 32.7146418896932,34.80186416725817,0 32.71441431765987,34.80209595154177,0 32.71419311106587,34.8022689268918,0 32.7138442301646,34.80239189284838,0 32.71347771361253,34.80244479949144,0 32.71343707149974,34.80251134013838,0 32.71343081473621,34.80255905916707,0 32.71336465864557,34.80272532879538,0 32.71328020462658,34.8027551924228,0 32.71318170155409,34.80271538831231,0 32.71304489396785,34.80265027204559,0 32.71285314688613,34.80251467388134,0 32.71259451610037,34.80236684611732,0 32.71230816125072,34.80237951284118,0 32.7118388474311,34.80244079660181,0 32.71132254836331,34.80241186684351,0 32.71086268131695,34.80238868142978,0 32.71056875572202,34.80232448438519,0 32.70973599597929,34.80189287196347,0 32.70861808578763,34.80076465656455,0 32.70809953336547,34.80036790118373,0 32.70706857398537,34.79977215945151,0 32.70626462016482,34.79925610469222,0 32.70612022072932,34.79914364230001,0 32.70599184520814,34.79899036456293,0 32.7059257577648,34.79884709911305,0 32.70572387308516,34.79814235035391,0 32.70561718214644,34.79794264566991,0 32.70553009075545,34.79779988808014,0 32.70535176406773,34.7976399514319,0 32.70519050704481,34.79746603104827,0 32.70503394680957,34.79731747071609,0 32.70496553280747,34.79725449157978,0 32.70459110253941,34.79700821658461,0 32.70443778068043,34.79681628537257,0 32.70437912958526,34.79669416718427,0 32.70420368270692,34.79629034022238,0 32.70413294372423,34.79615973688902,0 32.70400594243916,34.79600646034449,0 32.70389129423875,34.79588561198097,0 32.70373351861105,34.79579114325789,0 32.70357421450885,34.79569638214186,0 32.70327366128418,34.79551563839239,0 32.70310086178718,34.79546986483148,0 32.7026799228951,34.7954375658278,0 32.70246164813733,34.79540858252847,0 32.70225109330721,34.79536609591147,0 32.7020636706859,34.79530590691092,0 32.7018729863609,34.79519868076814,0 32.70172507458238,34.79506986115271,0 32.70162565626732,34.79489355444971,0 32.7015847805614,34.79472245738412,0 32.70132667843717,34.79399305258741,0 32.7012073923004,34.79364513196484,0 32.70111869925535,34.79324095444824,0 32.70105373021503,34.79307600000374,0 32.70096043326317,34.79286082801204,0 32.7008741576542,34.7927318792942,0 32.70169806943848,34.79236109669445,0 32.70198022033481,34.79233473160706,0 32.70217440034011,34.79237116953025,0 32.70236417689756,34.79249517088751,0 32.70276654161407,34.79258964129342,0 32.70299923347301,34.7925968863876,0 32.70314916060969,34.79254717002303,0 32.70318969860755,34.79252890535227,0 32.70327076966213,34.79249404545184,0 32.70353585762319,34.79249636091311,0 32.70371817457955,34.79244338374549,0 32.70387927511683,34.79238117247122,0 32.70399782402798,34.79233471770144,0 32.70421403759615,34.7921395050579,0 32.70435374593762,34.79211772459185,0 32.70458936081738,34.79212403262469,0 32.7046878735352,34.79213958469109,0 32.70475188220423,34.79215181766481,0 32.70481605766982,34.79211724928349,0 32.70486935029966,34.79205548012757,0 32.70489598797282,34.79202685952318,0 32.70489609285194,34.79199742006864,0 32.70484724121845,34.79192268820778,0 32.70481058400051,34.79185605302001,0 32.70483346580036,34.7917474345334,0 32.70494532416499,34.7916744499204,0 32.70502944983978,34.79163901570734,0 32.70509724239674,34.79167116088985,0 32.70541373928607,34.79163963268789,0 32.70547196809206,34.79162395397231,0 32.70555111155009,34.79150650830647,0 32.70587338420671,34.79140252762749,0 32.70610581567016,34.7909042040976,0 32.70588639816218,34.79061964908809,0 32.7055872895917,34.79074299682236,0 32.70518618071603,34.79035865699383,0 32.70566337879022,34.78992873066793,0 32.70541745440936,34.78935318857295,0 32.70490136915662,34.78891323810429,0 32.70568621894984,34.7888951188336,0 32.70565237998704,34.78878185479725,0 32.70537241299338,34.78841170249778,0 32.70505831115652,34.78801150065404,0 32.70501002684333,34.78792013202874,0 32.70493715680069,34.78761422592027,0 32.70490559600307,34.78746397775917,0 32.7049322339433,34.7873863864578,0 32.70497823663411,34.78733837556836,0 32.70510922855242,34.78726399027249,0 32.70528043515947,34.78716730104095,0 32.70533297885996,34.78711664205092,0 32.70534332802353,34.78703628882563,0 32.70531485938738,34.78691017749971,0 32.7052615985307,34.78659731289218,0 32.70524921181804,34.78650344408003,0 32.70525637476477,34.78641235491593,0 32.70534422174335,34.78597972647289,0 32.70538079595175,34.78588074412338,0 32.70550303496649,34.78565890321503,0 32.70562908951796,34.7854273293692,0 32.70570832538937,34.78529103875658,0 32.70572246197393,34.78513565925436,0 32.70571307309997,34.78507932892369,0 32.70566778788666,34.78502549717617,0 32.70553146174192,34.78493100590264,0 32.70542105971531,34.78486076687985,0 32.70519615426202,34.78473202547095,0 32.70519004550014,34.78467303112598,0 32.70519381570011,34.78460068490414,0 32.70526969541266,34.7844777784585,0 32.70530624967171,34.78438147518408,0 32.70538936924275,34.78425688603949,0 32.70546834207769,34.78415811531662,0 32.70567550806475,34.78391793937759,0 32.70579406939147,34.78375504262241,0 32.70586750225267,34.78363611250157,0 32.70592038172527,34.78353721081148,0 32.70601909015572,34.78341441761493,0 32.70614044221303,34.78331853878439,0 32.706268428371,34.78320661279285,0 32.7063602761217,34.78313202795259,0 32.70638446284188,34.78302820068981,0 32.70637880416342,34.78290488407014,0 32.70639916233054,34.78279241792592,0 32.70644881683354,34.78268813913832,0 32.70647209907722,34.78267302016764,0 32.70654711143642,34.78262430693955,0 32.70667809557406,34.78254991805296,0 32.70685901346936,34.78247457744829,0 32.70707837504317,34.78235506668378,0 32.70745481279919,34.78216129433103,0 32.70772978668857,34.78201793818053,0 32.70785402242558,34.78197567594243,0 32.70810752991318,34.78191950494634,0 32.70839163233661,34.78186999996635,0 32.70856473285077,34.78183602033875,0 32.70880654869526,34.78177022208628,0 32.7089567448025,34.78174684953436,0 32.7091067720246,34.78174759756301,0 32.70943936712078,34.78175997559685,0 32.7097295811044,34.78176946166438,0 32.70997976869639,34.78176506120622,0 32.71013326311721,34.78173634311311,0 32.71034893150549,34.78167845020476,0 32.71052540513536,34.78162840464563,0 32.71069860023849,34.78158102205366,0 32.71088813897799,34.78152835943811,0 32.71120609095878,34.78148797798718,0 32.71194381096318,34.78139428057642,0 32.71222261776359,34.78136653690485,0 32.71239976022311,34.78135307581563,0 32.71256999276801,34.78124458914127,0 32.71272119404509,34.78106431849987,0 32.71306732074061,34.78081511133557,0 32.71318064814784,34.7809142474589,0 32.71342009663701,34.78114573843246,0 32.7134731605455,34.78131716352883,0 32.71349788200618,34.78150278564296,0 32.71361520941391,34.78164943572396,0 32.71360712600548,34.78201502041497,0 32.7140763809365,34.78246092555014,0 32.71414223877968,34.78251591491168,0 32.71418232197119,34.78253045126431,0 32.71444920561211,34.78212492279497,0 32.71455204322351,34.78202326965143,0 32.71460091313398,34.78202440738927,0 32.7147560577918,34.78219902346412,0 32.71481384408303,34.78261870028779,0 32.7150711099782,34.78249092541696,0 32.71523401061511,34.78234476133242,0 32.71531621840289,34.78224211095202,0 32.71550663091937,34.78219644931064,0 32.7159052388884,34.78219930844157,0 32.71615548078042,34.78214139487786,0 32.71657549766486,34.78188716485804,0 32.71682877503252,34.78170918205224,0 32.71715062817501,34.78136037337828,0 32.7172273750457,34.78126127876195,0 32.71730483901096,34.78121326860646,0 32.71766023213863,34.78118364760167,0 32.71802859273856,34.78116305213383,0 32.71829219752496,34.78105860036067,0 32.71858718083848,34.78081988096093,0 32.71877108233775,34.78062183941736,0 32.71890745697458,34.78038682277639,0 32.71904979702164,34.78007745585589,0 32.71923598988701,34.77986239755732,0 32.71934783631536,34.77971508245296,0 32.71943746462022,34.77963666127019,0 32.71949658867374,34.7792686379712,0 32.71973265683506,34.77891402563473,0 32.71976847402917,34.77876633763552,0 32.71977444131713,34.77854053996694,0 32.71982223767358,34.77838842992372,0 32.71994618242447,34.77821966575366,0 32.72018661580347,34.77801293755198,0 32.72024539907352,34.77799440527374,0 32.72031796237356,34.77787198824001,0 32.72034200479113,34.7777000481296,0 32.72069910308777,34.77773315723022,0 32.72103068010014,34.77768996785524,0 32.72123896349174,34.77757358995621,0 32.72163799321302,34.77751459846638,0 32.72176271173238,34.7773888508238,0 32.72199887826639,34.77732189553939,0 32.72216565818324,34.77723757444156,0 32.72227293412956,34.77712070277423,0 32.72240663410286,34.77695377563948,0 32.72285136201087,34.77657866568138,0 32.72289946940607,34.77653409264586,0 32.72291630495423,34.77645800287645,0 32.72306323486355,34.77626335914482,0 32.72324664065086,34.77613162163527,0 32.72356123105779,34.77603278391364,0 32.72411622158825,34.77603368679298,0 32.72445554128544,34.77599448373496,0 32.72460599287746,34.77628893463564,0 32.72468691928317,34.7764736568624,0 32.724963394718,34.7767030347622,0 32.72559815553899,34.77708123585207,0 32.72596889368509,34.77733965790861,0 32.72673682699551,34.77666829997521,0 32.72753188500656,34.77620525076197,0 32.72789701942418,34.77648302406804,0 32.7279509871835,34.77653077950553,0 32.72797746469244,34.77662589738058,0 32.72808391324324,34.77662461893595,0 32.72845452719582,34.77612904766678,0 32.72864746879028,34.77587636926812,0 32.72844435228128,34.77557159954159,0 32.72818989540723,34.7753087011505,0 32.72801274042089,34.77517252971504,0 32.72730746777889,34.77476944808298,0 32.72700246187988,34.77459178489354,0 32.72710001712206,34.77438211355382,0 32.72722841357848,34.77410614950026,0 32.7265509712859,34.77370153562558,0 32.72636493536574,34.7735189464816,0 32.72619904018518,34.77327679523388,0 32.72577031600714,34.77291257603114,0 32.72558864572925,34.77268809664516,0 32.72490828139209,34.77223464492188,0 32.72462381335988,34.77202988193553,0 32.72432589324816,34.77186844165425,0 32.72360167769411,34.77157476504282,0 32.72306409142126,34.77137961538945,0 32.7214293515822,34.77065303267815,0 32.7213347480381,34.77055494755303,0 32.72127327879441,34.77041905893204,0 32.72130658883241,34.77035685072054,0 32.72150740207229,34.77030901729831,0 32.72151813534845,34.77018704026966,0 32.72137069807052,34.77012394971923,0 32.72143086158301,34.76998323090207,0 32.72152355615876,34.76988876998343,0 32.72156613692346,34.76944966867203,0 32.72161338629449,34.76927634510644,0 32.72156130548721,34.76874729427524,0 32.72133336234489,34.76799501842604,0 32.7213116788503,34.767810512304,0 32.72129701090199,34.76710537656587,0 32.72134834282859,34.7668208890576,0 32.72144641791576,34.76643358258005,0 32.72127407236515,34.76571954361869,0 32.72127833064253,34.76558397391903,0 32.72133561173349,34.76538629334868,0 32.721458266457,34.76523774309808,0 32.72146532357372,34.76516998393635,0 32.72138089430943,34.76502855915731,0 32.72138818424775,34.76492825875491,0 32.7214386603037,34.76476308628902,0 32.72173189011077,34.76412938727113,0 32.72164810470007,34.76388907583767,0 32.72136244439264,34.76347461654859,0 32.72110162008473,34.76318589583796,0 32.72080789824807,34.76290243667365,0 32.72073016084568,34.76274477342815,0 32.72069514320759,34.76258731900938,0 32.72077844031065,34.7624277308549,0 32.72104059655304,34.76207105445695,0 32.72110092852088,34.76190592987128,0 32.72111887318877,34.76169449845236,0 32.72120011007982,34.76149348589423,0 32.7207742751363,34.7611748654715,0 32.72059821375903,34.76098146899098,0 32.72046868159134,34.76071508240527,0 32.72044332694331,34.76058479210125,0 32.72051044652248,34.76038987027119,0 32.72039183942192,34.76021945914477,0 32.720125510092,34.75999749381535,0 32.72014172117498,34.75984302174749,0 32.72014314654976,34.75982944903701,0 32.720136574387,34.75979022132667,0 32.72007923047777,34.75973499408845,0 32.72004487503463,34.75970083270919,0 32.71979215574218,34.7597893399991,0 32.71973612695341,34.75979042532027,0 32.7196489923513,34.75976416443159,0 32.71947961729537,34.75948867221746,0 32.71943289273955,34.75934159414026,0 32.71935457066419,34.75923515225332,0 32.71919266336228,34.75906711464026,0 32.71902681762872,34.75898879815069,0 32.71870258997657,34.75893962044569,0 32.7184431756528,34.75881325550349,0 32.71804189945323,34.75871066935179,0 32.71794058389565,34.7585945961947,0 32.71787719059995,34.75847462997106,0 32.71787801273676,34.75836041688486,0 32.7178608690947,34.75822436126016,0 32.71763570215112,34.75791867886566,0 32.71764289984667,34.75783441083514,0 32.71770471014423,34.75771641869093,0 32.71775783264436,34.75766093075308,0 32.71779190885385,34.75750472988774,0 32.71776689910798,34.75731696537041,0 32.71777574481407,34.75723270565017,0 32.71783259188444,34.75711740810833,0 32.71786763063471,34.75705639282528,0 32.71786333426229,34.75696662987976,0 32.71784091540597,34.75687677896767,0 32.71760448400843,34.75653432863522,0 32.71753618065753,34.75641025908335,0 32.71741096942504,34.75618121128958,0 32.7173607777752,34.75605858994096,0 32.71732423766143,34.75587076878059,0 32.71724738335459,34.7557901674606,0 32.71702763869665,34.75564767790484,0 32.71698792220149,34.7554435238027,0 32.71694228189394,34.75537531418525,0 32.71680249186725,34.7553406336086,0 32.716702103284,34.75532518345028,0 32.71657759898974,34.75522667240357,0 32.71644155651008,34.75512946311473,0 32.71640428248757,34.7550436176703,0 32.71638006126365,34.75497551270868,0 32.71638261115079,34.75485043017887,0 32.71644842328724,34.75463455742754,0 32.71662734877869,34.75426831202495,0 32.71665264993394,34.75418685271254,0 32.7165913038944,34.75378407344098,0 32.71659677436974,34.75371067571793,0 32.71664201162087,34.75360619892113,0 32.71672205877323,34.75347198005881,0 32.71685003093675,34.75331760053217,0 32.71689672029905,34.7532403258846,0 32.71699316217912,34.75288863055717,0 32.71703553458093,34.75272431337503,0 32.71708899790621,34.75262123654448,0 32.71730354424196,34.75256926074239,0 32.71752332053055,34.75270631141261,0 32.71759411046632,34.75271345741126,0 32.71763376654617,34.7526973356922,0 32.71765799477585,34.75253564724154,0 32.71764326472705,34.75229354468103,0 32.71764821349967,34.75206377465089,0 32.71766949975592,34.7518531219122,0 32.71777658057371,34.75162521393131,0 32.71779845685063,34.75156141413922,0 32.71786071299737,34.75138087583776,0 32.71796910666179,34.75119920484783,0 32.71813534242635,34.75099198231235,0 32.71824729123257,34.75077361539422,0 32.71826589311597,34.75070708011044,0 32.71820728034116,34.75061025286617,0 32.71814213020257,34.75050659451371,0 32.71815984515167,34.75033399666664,0 32.71829129870628,34.75015243821537,0 32.71854454115486,34.74998779220704,0 32.71869331137713,34.74991781564908,0 32.71893117901757,34.74982923828644,0 32.71896604708562,34.74979133658187,0 32.71903291276278,34.74942725718931,0 32.71909539848794,34.74921408670878,0 32.71907037574114,34.74908546796227,0 32.71948379175368,34.74910316376903,0 32.71955411607355,34.74913605239151,0 32.71971324417213,34.74922932515469,0 32.71979211337449,34.74951747400436,0 32.7198182053826,34.74993040426332,0 32.71995825135421,34.75008010934994,0 32.72018428118583,34.75010519372468,0 32.72088178301602,34.75007776640115,0 32.72127204953735,34.75006254211577,0 32.72167200809665,34.75014328307073,0 32.72184518993508,34.7503034249178,0 32.72193532385674,34.75046829980096,0 32.7220311101078,34.75071370604149,0 32.72212036541257,34.75100190408674,0 32.72229343932436,34.75117746002167,0 32.72256698286376,34.75123360269591,0 32.72277540207637,34.75110957741083,0 32.72308249547665,34.75082673316199,0 32.72339183248239,34.75051991975234,0 32.72356489622606,34.75040599749552,0 32.72373349172011,34.75033658803309,0 32.72387896568465,34.750308175763,0 32.72410431361588,34.75042917042123,0 32.72398110641042,34.75082767251102,0 32.72387089798369,34.75114915782711,0 32.72386795719402,34.75127075738687,0 32.72386455182563,34.75145744409858,0 32.72405670864739,34.75157656514929,0 32.72427892312655,34.7515553757029,0 32.72479062237095,34.75139170817875,0 32.72498527027032,34.75145260350597,0 32.72526073605338,34.75153101687871,0 32.72538922054346,34.75155733186336,0 32.72546189111724,34.75155254488673,0 32.72558277950257,34.75147947716808,0 32.7257738813371,34.7511635199569,0 32.72590480472187,34.75113846019837,0 32.72609519493316,34.75121474744189,0 32.7261447214494,34.75125438339851,0 32.72635041398565,34.75151402222424,0 32.72647338755944,34.75173215104233,0 32.72676822126582,34.75200592322025,0 32.72696242321901,34.75213018801501,0 32.72724664019557,34.75214526272249,0 32.72747160825283,34.75173525894399,0 32.72761788490939,34.75159379625461,0 32.72770548418015,34.75153255485903,0 32.72784042612662,34.75152635426773,0 32.72796886167698,34.75155951752966,0 32.7281669989641,34.7517146318034,0 32.72848011543081,34.75204501276547,0 32.72865316855761,34.75222569795304,0 32.72873592686256,34.75226206608063,0 32.72894766583085,34.75225452085319,0 32.72918245217574,34.75221625513245,0 32.72960844508705,34.75213951109063,0 32.72980297919431,34.75221752623496,0 32.72987269271976,34.75233776184746,0 32.73000298619959,34.75269637894243,0 32.73014508411346,34.75285293336629,0 32.73025661936174,34.75292883560585,0 32.7304471256967,34.75298970041178,0 32.73063652196321,34.7529135304434,0 32.73090138991743,34.75272981137056,0 32.73121806516427,34.75255661704676,0 32.73130948749499,34.75254163908763,0 32.73157061501094,34.75259427705145,0 32.73173766602356,34.75274409752466,0 32.73187945408203,34.75294518233659,0 32.73205594389709,34.75322865215529,0 32.73211124406326,34.75333340191399,0 32.73221441954952,34.75341782711764,0 32.73243796551844,34.75350282776893,0 32.73268707704155,34.75349374183543,0 32.73320841748637,34.75343457014971,0 32.73349489508672,34.75342394900107,0 32.7339169423255,34.7536143788882,0 32.73417933342112,34.75378349362611,0 32.73447820698227,34.75407782007417,0 32.73463059545618,34.75424812184611,0 32.73462962516913,34.75438686000719,0 32.73459404479438,34.75442951172254,0 32.73452505432391,34.75450112395381,0 32.7343600701404,34.75464764463197,0 32.73434904619045,34.75474008705055,0 32.73439199308698,34.75483107414721,0 32.73446009652437,34.75488621179476,0 32.73467529868081,34.75497801960734,0 32.73509337223637,34.75514444705535,0 32.7356457376572,34.75539886871205,0 32.73600547632798,34.75559756037541,0 32.73622195654134,34.75580413501974,0 32.73644262430903,34.75600558992693,0 32.73664713266761,34.75614359080809,0 32.73713071136235,34.7564422142156,0 32.73737045560712,34.75658723388897,0 32.73775010783456,34.75678695763939,0 32.73789570542946,34.75691610789625,0 32.73807324295475,34.75716889622523,0 32.73814879962264,34.75745319645255,0 32.73826735436667,34.75782568339429,0 32.73835705957427,34.75816604145734,0 32.73851897720198,34.75857472387582,0 32.73873094263074,34.75875569092968,0 32.73895841415915,34.75879675622949,0 32.73926517291016,34.75858625352594,0 32.73943931040965,34.75863106737619,0 32.73992815286767,34.75871735904263,0 32.74054904855263,34.7586283112314,0 32.74071762328053,34.75877707234901,0 32.74050177613366,34.759155976915,0 32.74031088021916,34.75943102203186,0 32.74050700994705,34.75979987336431,0 32.74060376055518,34.75991263405698,0 32.74065086973469,34.75994149820313,0 32.74178920671332,34.76063896322611,0 32.74194262964285,34.76082284833704,0 32.74159017675033,34.76121526377138,0 32.74149378794681,34.76153673444965,0 32.74154563906774,34.76182004545514,0 32.74173945170497,34.761998571695,0 32.74198806668236,34.76203304503979,0 32.74247224061415,34.76204642273196,0 32.74252554760409,34.76211883076679,0 32.74232713367716,34.76260633355434,0 32.74162312824386,34.76325796031368,0 32.74146555954799,34.76367350177598,0 32.7415234817077,34.76405119941799,0 32.74164973412256,34.76427380973127,0 32.74183783130775,34.76430799901112,0 32.7425527975616,34.76401719102532,0 32.74275476441725,34.76399039019743,0 32.74327799903371,34.76419266340925,0 32.74359922969302,34.76442728624086,0 32.74353766587141,34.76457685751289,0 32.74300994907593,34.76502396055724,0 32.74300887646474,34.76517936274054,0 32.7431421692665,34.76535760296952,0 32.74406051712315,34.76581149356216,0 32.74419358811218,34.7660230347861,0 32.74417206992806,34.76621719642936,0 32.74370526566534,34.76660908070699,0 32.74371072831945,34.76679227058288,0 32.74385060264247,34.76699274482827,0 32.7440318988099,34.76703799715131,0 32.74451166333136,34.7667183223183,0 32.74487494294711,34.76670892461988,0 32.74530529430519,34.76672758796778,0 32.7459156109632,34.7669857610689,0 32.74620300443894,34.76725352152407,0 32.74639486021039,34.7677206528352,0 32.74628595052558,34.7679088570966,0 32.74584719088987,34.7681343741807,0 32.74567109174258,34.76831116124821,0 32.74574435108437,34.76841696258472,0 32.74595825585948,34.76861222436305,0 32.74638732238549,34.76881959361095,0 32.74664941055877,34.76885412067125,0 32.74697983776709,34.76873355611341,0 32.74709042049054,34.76830113947769,0 32.74725298951424,34.76813538587505,0 32.74734514702097,34.76811759032932,0 32.74742136669312,34.76810287078513,0 32.74824709220214,34.768339833013,0 32.74866868010948,34.76865816645254,0 32.74857949561105,34.76891307006833,0 32.74784033884691,34.76978658432448,0 32.74781134823837,34.77009172498945,0 32.74793108878593,34.77028654479052,0 32.74815196075991,34.77044853342995,0 32.74887589915618,34.77081823064712,0 32.74919683445809,34.77110279229042,0 32.74932092444358,34.77164730640698,0 32.74921144203664,34.77191876442075,0 32.74942943226259,34.7725025698183,0 32.74961056033123,34.7725755612846,0 32.74997371404649,34.77258835201084,0 32.75002945905092,34.77230553912026,0 32.75010412763991,34.77220598204262,0 32.75034015641945,34.77211826754497,0 32.75098551747246,34.77118879769809,0 32.7511271479046,34.77113394955178,0 32.75138459932238,34.77086317513039,0 32.75115583391086,34.77087321427659,0 32.75110984512744,34.7707120421515,0 32.75113141331158,34.77050677802445,0 32.75143632890726,34.77018071211617,0 32.7517813267204,34.76989369272117,0 32.75181808922567,34.76943317966685,0 32.75197325260778,34.7693672944874,0 32.75158599281735,34.7689436718521,0 32.75125743060137,34.76879229054993,0 32.75083745158853,34.76823530705975,0 32.75068513828035,34.76788492789399,0 32.75069163669531,34.76693029099226,0 32.75045871665188,34.76656288459386,0 32.74995140162711,34.76599439291324,0 32.74956961134518,34.76575950274437,0 32.74929075481276,34.76522537012242,0 32.74959169076835,34.76449411661383,0 32.75022861073823,34.76380882416796,0 32.74945428695656,34.76294491996688,0 32.74871299739979,34.76216996832968,0 32.74781886076281,34.76112788410032,0 32.7475453145812,34.76080468726972,0 32.74785772810165,34.76036211259378,0 32.74824835039556,34.75997710200772,0 32.74837654298248,34.75985075052062,0 32.74912182985227,34.75928633146369,0 32.74978096863853,34.75927339684673,0 32.75046351860874,34.75938054245237,0 32.75153321913199,34.7595654613845,0 32.75209503515573,34.75961205091786,0 32.75258857890995,34.7597223108646,0 32.75292220570124,34.75983182885498,0 32.75310561984565,34.75994065292283,0 32.75299151433813,34.7596161922121,0 32.75288203630789,34.7593237471373,0 32.75270491053153,34.75900299303297,0 32.75254763125495,34.75861434579588,0 32.75276479614897,34.75874732150226,0 32.752923550932,34.75748830900277,0 32.75336416164414,34.75754233163303,0 32.7537652133544,34.75771214649321,0 32.75445425274787,34.75757534928791,0 32.75438275481697,34.75739905507925,0 32.75433018551438,34.75729083499296,0 32.7539885458802,34.75693333250189,0 32.75409547831271,34.7568858350466,0 32.75428484104296,34.7568307188364,0 32.754493175222,34.75683567699845,0 32.75478724386092,34.75706098577876,0 32.75511664095216,34.75707849695603,0 32.75540773466779,34.75702784564918,0 32.75568374987119,34.75705710858229,0 32.75598425757671,34.7570464915499,0 32.75627416624489,34.75717179652364,0 32.75651628830876,34.75719690340472,0 32.75674869413939,34.75722596313538,0 32.75686937874801,34.75729450246581,0 32.75728064535384,34.75738836813886,0 32.75739939509047,34.7577448406109,0 32.75755241138832,34.75804947955464,0 32.75741371760808,34.75849675532874,0 32.75721162586504,34.7590037263716,0 32.7576805421183,34.75989369110656,0 32.75771196116913,34.76002078658968,0 32.75790796958724,34.76081369029132,0 32.75845747287652,34.76111314974096,0 32.75912456126243,34.76142979584461,0 32.75929645833483,34.7608699906193,0 32.75949928596742,34.76021041931649,0 32.7594983867511,34.7600289507622,0 32.7594936266512,34.75906914956833,0 32.75977236516365,34.75905442453379,0 32.76166269818552,34.75935497136206,0 32.76246433993833,34.75795489369255,0 32.7626803497178,34.75789988581939,0 32.76254361806146,34.75769330632596,0 32.76303768105919,34.75736161420577,0 32.76329517944853,34.75726080157672,0 32.76350486121301,34.75706379164384,0 32.76355292730036,34.75675807050072,0 32.76366456585225,34.75673058170407,0 32.76390303756125,34.75657569273549,0 32.764115987602,34.75651920157015,0 32.76562771298968,34.75611815938315,0 32.76551016822832,34.75591835399627,0 32.76564762755739,34.75479384138811,0 32.7659006224434,34.75473366683904,0 32.7659132117961,34.75451605471521,0 32.76601128952593,34.75428963101996,0 32.76610118732767,34.75417660264547,0 32.76622847337578,34.75402695467803,0 32.76624384268516,34.75395037974886,0 32.76624514046134,34.75375417724224,0 32.76620874341572,34.75364057995395,0 32.76603515686935,34.75348957531304,0 32.76594694317171,34.75334815301235,0 32.76597450568882,34.7531122131372,0 32.76571453381408,34.75310490992513,0 32.76544427643002,34.75240776230692,0 32.76524091663224,34.75226582015651,0 32.76511860398181,34.75222541244813,0 32.76503690724264,34.75222197803281,0 32.7646946922109,34.7522940093792,0 32.76414699182892,34.75185083224554,0 32.76405770603578,34.75177858468299,0 32.76370396100058,34.75112152069884,0 32.76354725295938,34.75087551486283,0 32.76327651919402,34.75055862068606,0 32.76353886852804,34.7503044600282,0 32.7637389773004,34.74988514552045,0 32.76379654127857,34.74965418439695,0 32.76393000197779,34.74899932508362,0 32.76407513879251,34.74805297765411,0 32.76383709324506,34.74758342388358,0 32.76331113482752,34.74718494966341,0 32.76309432569622,34.74718597766078,0 32.76308573186954,34.74701302520511,0 32.7625009458586,34.74593870987483,0 32.76203976575897,34.7456913208139,0 32.7622718095089,34.74553620398446,0 32.76267426573757,34.7452671665617,0 32.76285854809004,34.74542314690871,0 32.76288132182928,34.7455389697645,0 32.76289821488997,34.74562487693021,0 32.7629585745698,34.74566247365443,0 32.76301433218068,34.74566907900869,0 32.76308274192744,34.74565350681576,0 32.76309443408962,34.74563132562243,0 32.76307072998851,34.74553982788128,0 32.76301921606483,34.74534099289677,0 32.76289865889086,34.7451052383841,0 32.76273969008781,34.74493203176636,0 32.76260532715362,34.74473205617402,0 32.76241202010552,34.74441756886644,0 32.76228898949773,34.74434980829813,0 32.7622271159152,34.7442677643384,0 32.76219235144453,34.74419032386881,0 32.76221598756472,34.74390146184267,0 32.76219637381408,34.74379048856687,0 32.76195900000651,34.74357324364897,0 32.76192308763347,34.74346443713691,0 32.76188102497076,34.7432603988103,0 32.76186581474182,34.74269247052585,0 32.76186158936805,34.74251212448671,0 32.7620778259765,34.74223533803265,0 32.7621296633997,34.74219413242014,0 32.76211408234311,34.74208877768648,0 32.76202888471006,34.74184198252389,0 32.76200861586589,34.7416257232565,0 32.76199680122274,34.74136246015219,0 32.76203718692648,34.74120695814459,0 32.76218425823873,34.74092425609519,0 32.76220810785933,34.74080676079762,0 32.76224371373094,34.74055379392251,0 32.7622255479326,34.74042938709982,0 32.76216771808984,34.74035184205056,0 32.76212430763574,34.74014667784992,0 32.76226044736179,34.73987512614702,0 32.76241596124653,34.73975038843447,0 32.76261288823483,34.73972328046085,0 32.76305220967592,34.73976895399669,0 32.76335841988224,34.73983530299925,0 32.76378776262104,34.73995373058251,0 32.76399602362863,34.74005883753593,0 32.76422452096013,34.74017269685802,0 32.76520916969734,34.74066333573325,0 32.76545250312223,34.74074184159348,0 32.76570577585519,34.74095377372489,0 32.7659380843198,34.74106319203864,0 32.76646351143194,34.74114177791781,0 32.76688965484822,34.74106926559858,0 32.76697616851585,34.74107858641636,0 32.7671727843625,34.74113067940983,0 32.76743785377542,34.74130514671981,0 32.76786235145951,34.74148211698996,0 32.76852789379271,34.7416482577958,0 32.76932683090483,34.74149702411147,0 32.76960627831809,34.74146076250288,0 32.76989771707983,34.74135607745926,0 32.77002898455127,34.74136202353808,0 32.77022006831261,34.74148792294839,0 32.77037529906278,34.7415803164689,0 32.77066773106084,34.74187398923696,0 32.77091108168516,34.74239133032174,0 32.7709379490134,34.74269512906082,0 32.77098366024886,34.74298591182314,0 32.77090523950768,34.74350241027327,0 32.77097637373822,34.7437671073908,0 32.77140108176601,34.74435552068196,0 32.77169029565403,34.74459201313485,0 32.77222006320176,34.74412159016097,0 32.77340309015765,34.74470741976774,0 32.77421367733514,34.74376842737255,0 32.7742871732794,34.74367229089156,0 32.77427959931885,34.74339537335983,0 32.7752233650934,34.7433852699606,0 32.775516058839,34.74342050713297,0 32.77611248660293,34.74356843719902,0 32.77585699947593,34.74269259278142,0 32.77580335158361,34.74239939388782,0 32.77575184087156,34.74211037357158,0 32.7756489517275,34.74184494365419,0 32.77559325667182,34.74153387203971,0 32.77553684822364,34.74066664892253,0 32.77674520284967,34.7407916808053,0 32.77724950616437,34.74090287575348,0 32.7774283038372,34.74103347319915,0 32.77794904259932,34.74105780225803,0 32.77848449376842,34.74115007486056,0 32.77848041480907,34.74133464672249,0 32.77864609074993,34.74148662016894,0 32.77864906450081,34.74169623128902,0 32.77932066628998,34.7418212543727,0 32.78087909340864,34.74192515737631,0 32.78104668946565,34.74155552316696,0 32.78101000395069,34.74131420558084,0 32.78131967049681,34.74140190200057,0 32.78156902918341,34.74127447496843,0 32.7819088784133,34.74110080481778,0 32.78220738173725,34.74090442131381,0 32.78201164012305,34.74071480782065,0 32.78212583163484,34.74057120876181,0 32.78234571506087,34.74037150386842,0 32.78309253141573,34.7397918243414,0 32.78376704641723,34.73923504604412,0 32.78392659823239,34.73910474304567,0 32.78408128154242,34.73883329701113,0 32.78415722155268,34.73857818010722,0 32.78441895671185,34.73815000171598,0 32.784428047832,34.73785648557525,0 32.78458366276507,34.7376642377732,0 32.78494895506257,34.73739966151878,0 32.78504270931408,34.737291698112,0 32.78518487758445,34.73705830456706,0 32.78525863593768,34.73691809998554,0 32.78530661500422,34.73674800962794,0 32.78552801161456,34.73676088134917,0 32.78616080544283,34.73685771237988,0 32.78638428327345,34.73699682644205,0 32.7866015313629,34.73720796253132,0 32.78658399918386,34.73769555937923,0 32.78681598182627,34.73785912444443,0 32.78703024717527,34.7377457272084,0 32.78710819963868,34.73762637883087,0 32.78748911123671,34.73660564282013,0 32.78759604006345,34.73635363548641,0 32.78767371565221,34.73582342640404,0 32.78766711878321,34.73561260819093,0 32.78777195317574,34.73512241187775,0 32.7877696889466,34.73468355482725,0 32.78768300024554,34.73447536810502,0 32.78809998106063,34.73447419572971,0 32.78956187389053,34.73408096429721,0 32.78982228337662,34.73396954746282,0 32.78982206608006,34.73388975567964,0 32.78953044048446,34.73323469445486,0 32.79029972495864,34.73296231737797,0 32.79044230539047,34.73300282671316,0 32.79062847174445,34.73302403650905,0 32.79073298602131,34.73303594327417,0 32.79095557246976,34.73298293797705,0 32.79119763362514,34.73295159992949,0 32.79182843562046,34.73295161316825,0 32.7919444377648,34.73217773361594,0 32.79196346601474,34.73175150442991,0 32.7923393336698,34.73175041947342,0 32.79266212866149,34.73187322252319,0 32.79325604125922,34.73202146929859,0 32.79337961253106,34.7316010829712,0 32.79394544628147,34.73153605053741,0 32.79429963695516,34.73134329645601,0 32.7944162619895,34.73150838407163,0 32.79455759572684,34.7319029218769,0 32.79474584939248,34.73159073708728,0 32.79519336537556,34.73163042284534,0 32.79540180966318,34.73174733357071,0 32.79546216773075,34.73202550378991,0 32.79542772708282,34.73230596678269,0 32.79528936995828,34.73300150631387,0 32.79582734355824,34.73321156008709,0 32.79574151202159,34.7328253545009,0 32.79613361018414,34.73284321493926,0 32.79621755600053,34.73300816136421,0 32.79626204720166,34.73321071489298,0 32.79624425669867,34.73344268182319,0 32.79619290354198,34.73381481195351,0 32.79619922280038,34.73384991477786,0 32.79629959631446,34.73400144054299,0 32.79633104826669,34.73419854178015,0 32.79630769819889,34.73427399145614,0 32.79613582050619,34.73458085122595,0 32.79593502838627,34.73533008797596,0 32.79590383971522,34.73561326349991,0 32.79589259958843,34.73584256210535,0 32.79590488045049,34.73596942695682,0 32.79593367286424,34.73606938278623,0 32.79606902457967,34.73637755178984,0 32.79607513994142,34.73644503399216,0 32.79605835962293,34.73651511374436,0 32.79594165150669,34.73688426657035,0 32.79591270237591,34.73733204067199,0 32.79591497543795,34.73749124230199,0 32.7959497816902,34.73767486683536,0 32.79599813441175,34.73778299922446,0 32.79607263524035,34.73789124298409,0 32.79610513455748,34.73792106286339,0 32.79621282708487,34.73794850339274,0 32.79634353309864,34.73795445622703,0 32.79649725468664,34.73793892129556,0 32.79667410896234,34.73788301211378,0 32.79691001469298,34.73779227749523,0 32.79748353621722,34.73754918331038,0 32.79780378075811,34.73756133523516,0 32.7984312502351,34.73757749010939,0 32.79856517615141,34.73759154825564,0 32.79898941047731,34.73770127409797,0 32.79921460312992,34.73775619137442,0 32.79940385829683,34.73780825811829,0 32.79989281203704,34.73802348306818,0 32.80000907323534,34.73825062053515,0 32.80032734720493,34.73858114469189,0 32.80080191246879,34.73900946131087,0 32.800908990678,34.73913672670655,0 32.80098658390251,34.73927466134822,0 32.80100574455353,34.73934759321437,0 32.80100199149974,34.73942582431363,0 32.8009852799112,34.73948511339373,0 32.80088281638544,34.73966815693022,0 32.80089502390524,34.7398085133168,0 32.80041625816231,34.74058356450664,0 32.80028260090548,34.74105248472188,0 32.80079427504202,34.74129747984147,0 32.80103792586822,34.74101250327048,0 32.80146628919194,34.74045848510938,0 32.80182178631409,34.74005795553509,0 32.80231442631393,34.73967958921186,0 32.80309569793494,34.73914054195343,0 32.80313541554945,34.73905976368373,0 32.80313908543654,34.73899502279869,0 32.80311373462411,34.73886540344933,0 32.80301068808924,34.7386140400157,0 32.80288753608111,34.73844353601144,0 32.80262426338474,34.7382022904988,0 32.80205665567146,34.73801912469996,0 32.80198821839877,34.73798645705045,0 32.8019589874765,34.73795665577066,0 32.80194939602433,34.73792153802717,0 32.8020138156814,34.73754676308972,0 32.80200769759537,34.73747928208596,0 32.80171308395035,34.73702205026358,0 32.80134655005966,34.7365672110047,0 32.80106042924361,34.73632316810934,0 32.80090092473214,34.73621726477234,0 32.80018335438595,34.73597409767829,0 32.79986375153826,34.73585942130723,0 32.79908133883715,34.73553232922018,0 32.79867032276487,34.73540107509643,0 32.79858541121611,34.73538992241707,0 32.79847094883832,34.7354002297535,0 32.79805555808262,34.73544703457438,0 32.79791174784745,34.73544642375702,0 32.79775509853854,34.73540798489717,0 32.79769648630776,34.73537265919891,0 32.7976511144928,34.73531040886601,0 32.7976354446925,34.73520241432564,0 32.7976511248664,34.73478426409167,0 32.79784976741185,34.73437768232075,0 32.79788992941919,34.734226755295,0 32.79793366006147,34.73402727672973,0 32.79793451804973,34.73388967303921,0 32.79791874649116,34.73379786686031,0 32.79778347841973,34.73347621038372,0 32.7977871150466,34.73341686482425,0 32.79780691110011,34.73338726921427,0 32.79791941091482,34.73316649584964,0 32.79793610700154,34.73310990519141,0 32.7980643459811,34.73193674294097,0 32.798091843506,34.7311881021365,0 32.79809205047999,34.7311824674157,0 32.79812268984202,34.7311079444235,0 32.79804895553254,34.73079010410921,0 32.7974066017378,34.73044298177592,0 32.79678511770181,34.73021669363234,0 32.79670448585851,34.73012242980361,0 32.79609479334673,34.72815942355286,0 32.79641272250293,34.72779223543445,0 32.79641916618683,34.72771855041861,0 32.79591354827005,34.7267728466655,0 32.79583934399257,34.72629585278906,0 32.7957638316761,34.72601541875267,0 32.79548528897124,34.72583239001337,0 32.79532085344867,34.72549751552967,0 32.79512005234526,34.72526076651738,0 32.79490228108745,34.72489126112641,0 32.79448279563984,34.72442259819824,0 32.79419248865914,34.7242198576836,0 32.7938352296926,34.72423796445457,0 32.79390773823068,34.72407611156095,0 32.7941467434398,34.7239395521767,0 32.79610429690978,34.72315684790347,0 32.79586804775344,34.72288063306827,0 32.79589241250712,34.72279719803102,0 32.79624096557315,34.72229745997917,0 32.79625394854502,34.72213534829573,0 32.796125981987,34.72168760617048,0 32.79553001264451,34.72090859142762,0 32.79533989195499,34.71996381999104,0 32.79695917300443,34.71991227551182,0 32.79703252991489,34.72051703459535,0 32.79760452672968,34.72042613206676,0 32.7979720891154,34.71974956056678,0 32.79790353703923,34.7193168180925,0 32.79813695978073,34.71912125663675,0 32.79828992352031,34.71849290205133,0 32.79842658459863,34.71852788883748,0 32.79886788488098,34.71929639741857,0 32.79918150592047,34.7195729387921,0 32.79969511697611,34.72020907113647,0 32.80004832257193,34.7199009942231,0 32.80027907857809,34.72010837945909,0 32.80056551223498,34.7199965808033,0 32.80199905670432,34.72013048287851,0 32.80207720705032,34.72001287728155,0 32.80225055398424,34.71990059159859,0 32.80164082083908,34.71939674092435,0 32.80138169826783,34.71897792860722,0 32.80173026718974,34.71846834576941,0 32.80255839337941,34.71834411435931,0 32.80316204263094,34.71886759187812,0 32.80371364980181,34.71915987863211,0 32.80415172592429,34.71952047846126,0 32.8045309322336,34.71978254197847,0 32.80482691190857,34.72002950844411,0 32.80541392195039,34.72037108054366,0 32.80598832647576,34.72082070578934,0 32.80649038346355,34.72141253441097,0 32.80682649856601,34.72189554679329,0 32.80733682722767,34.72213358601844,0 32.80762069375785,34.7224148940191,0 32.80782664454345,34.72277941281838,0 32.80834232659994,34.72402487483031,0 32.80877766686584,34.72481297882315,0 32.80931358370477,34.72478083869076,0 32.80921680703704,34.72410227631033,0 32.80903369807279,34.72388528118946,0 32.80899935832208,34.72367382696461,0 32.8087861386697,34.72351076050446,0 32.80835090134132,34.72270791484979,0 32.80827595743978,34.72233412063556,0 32.80802312775796,34.72185637920141,0 32.80783365801905,34.72170323936231,0 32.80815077456158,34.72144904211017,0 32.80873227161333,34.7217266898721,0 32.80899396489539,34.72175727887937,0 32.80952911108197,34.72275710952407,0 32.80965868356115,34.72296896487455,0 32.8100457119572,34.72386497215365,0 32.81022891945142,34.72406722331631,0 32.81086489997301,34.72512644291004,0 32.81090570435016,34.72525929686824,0 32.81129794533986,34.72535431212864,0 32.8112729581104,34.72553603262348,0 32.81158878034897,34.72640225074875,0 32.81160460072487,34.72671682407142,0 32.81199153184079,34.72671353202409,0 32.81233351275865,34.72629726068546,0 32.81309043290156,34.72614809034452,0 32.81399245330172,34.72565061443481,0 32.81422446296117,34.72567123885837,0 32.81425932242882,34.72580406729976,0 32.81543982164862,34.72550430902476,0 32.81581083471184,34.72612503845709,0 32.81608866650662,34.72642595865223,0 32.81649525009194,34.72705489068131,0 32.81685334717139,34.72769079788176,0 32.81698487098473,34.72782339038077,0 32.81701605160706,34.7278378633956,0 32.81706931262326,34.72786258408293,0 32.81716113286802,34.72800163436519,0 32.8172121459146,34.72818355480501,0 32.81767412638995,34.72841019167414,0 32.81842530086547,34.72870495113376,0 32.81867356754397,34.72883507445433,0 32.81890404955999,34.72903207137726,0 32.81963636924563,34.7295706231195,0 32.82061703014994,34.73022972802261,0 32.82100353137363,34.73048951778249,0 32.82163944359472,34.73069293435802,0 32.82182397942118,34.73082757521142,0 32.82203695257672,34.73104840417132,0 32.8224076540686,34.73128886867876,0 32.82249402929487,34.73134275623109,0 32.82260960830823,34.73134091523148,0 32.82270044846837,34.73129005243145,0 32.82165134811601,34.73064038276942,0 32.82186841808372,34.73018698146591,0 32.82244479792148,34.72970156014767,0 32.82267312515443,34.72930080406901,0 32.82152341428577,34.72881796262099,0 32.82097215503266,34.72803149742396,0 32.82096263657081,34.7276919432216,0 32.82154316857097,34.72747432904935,0 32.82202051670053,34.72707936542299,0 32.82208646356855,34.7267114261068,0 32.82265106073636,34.72625464753347,0 32.82173760697309,34.72597838301048,0 32.82147205487586,34.72583385042766,0 32.8207823341694,34.72591234619204,0 32.82027009781045,34.72537947616462,0 32.81931129093754,34.72494520747588,0 32.81858884368814,34.72469360700244,0 32.81800545941162,34.72443300608975,0 32.81839519959527,34.72415724468783,0 32.81889451350796,34.72395844007716,0 32.81910962306985,34.7238254227215,0 32.82045468800772,34.72360135963199,0 32.82085407920889,34.72364123626422,0 32.82134721271386,34.72350456055582,0 32.82171124494995,34.72364471044918,0 32.82305303463328,34.72204819959974,0 32.82330262035329,34.72195835107065,0 32.82299937845178,34.72134504343978,0 32.82257336039324,34.72092251421469,0 32.82381823149854,34.72001897919355,0 32.82407797730805,34.72016348306812,0 32.82450274467762,34.71983524282564,0 32.82518192429858,34.71957497111595,0 32.82553102144252,34.7193085873708,0 32.8253937878847,34.71901634028895,0 32.82729701002508,34.71937783476795,0 32.82767995860391,34.71925982042112,0 32.82809300980625,34.71895064771625,0 32.82862738718253,34.71868977731626,0 32.82881342580328,34.71857097201482,0 32.82908604711773,34.71850033168106,0 32.82923561887068,34.71866829477511,0 32.82961838796133,34.71857896419483,0 32.82998097349236,34.71992890571932,0 32.83022281263433,34.72016418182154,0 32.8303481381372,34.7205137591614,0 32.8304199431843,34.72109743713228,0 32.83111369569435,34.72130581691953,0 32.83132004627045,34.72069455225767,0 32.83167806198359,34.72087290438813,0 32.83201927468662,34.72095554956997,0 32.83306985777867,34.72154310293126,0 32.83343072002376,34.72124327006705,0 32.83397577078775,34.72113543945021,0 32.83487520614367,34.72084251010077,0 32.83571587254909,34.72069279945267,0 32.83627315077937,34.72047502294443,0 32.83662685061194,34.72040468383462,0 32.83669190992389,34.72017540778193,0 32.8367023525526,34.71938643413286,0 32.83645529841551,34.71905073033579,0 32.83724382125803,34.71890080384111,0 32.83892632120171,34.71938080017561,0 32.83977507446667,34.71982404907114,0 32.83988555824514,34.71974796976161,0 32.84009751628195,34.72014569473843,0 32.8396723330028,34.72055528058596,0 32.83965932094743,34.72079910702383,0 32.83948459638174,34.72096579099618,0 32.83934403098763,34.72123302986138,0 32.83926146324198,34.72148614786546,0 32.83909831925224,34.72165287719061,0 32.83970642792509,34.72165525189013,0 32.83960228390333,34.72262557222602,0 32.83993547902233,34.7230907171943,0 32.84079479184115,34.72272585893769,0 32.84132774117707,34.72369865849726,0 32.84137128120615,34.72417701869914,0 32.84128759993228,34.72462140993171,0 32.84140122815845,34.72499962264777,0 32.84137579968854,34.72538685733058,0 32.84157919557054,34.72626273635986,0 32.84210146473999,34.72609261698803,0 32.84276396105749,34.72571263450301,0 32.84277855306359,34.72519624490826,0 32.84338592436828,34.72518486105644,0 32.84413769298947,34.72517076619926,0 32.84459126475072,34.72521452326897,0 32.84472037588506,34.72482204283086,0 32.84503942768153,34.72451417055387,0 32.84523294309749,34.72395164821709,0 32.84509951925794,34.72282711822219,0 32.84580920285045,34.72246318266982,0 32.84610783342384,34.72182772142712,0 32.84600606129318,34.72071642048117,0 32.8460264434492,34.72047284063848,0 32.8462649730898,34.72037686143963,0 32.84631723132319,34.72010720981817,0 32.84676235412525,34.71995180294201,0 32.84679516963301,34.72033183841162,0 32.84731548582661,34.72035227434588,0 32.8475993761414,34.72124160563682,0 32.84766381512867,34.72164272873587,0 32.84730543071408,34.72160460591111,0 32.84720214664207,34.72249761864003,0 32.8485379154888,34.72254229032587,0 32.84868742205839,34.72247739011212,0 32.84882032995695,34.72254604415955,0 32.84910732269156,34.72229305315829,0 32.8492621717681,34.72241157517365,0 32.84896785552562,34.72284269927314,0 32.84896962352202,34.72309946842018,0 32.84910763105873,34.72339608539673,0 32.84936417462148,34.72348881507494,0 32.85016667150047,34.72356014988034,0 32.8507856701195,34.72352856495513,0 32.85193443470634,34.72411741632308,0 32.85246890517674,34.72445753053599,0 32.85277674363569,34.72445613607404,0 32.85358397303376,34.72424188437636,0 32.85377785807412,34.72477190002851,0 32.85354362579594,34.7252451939673,0 32.8535480561394,34.72559891451649,0 32.85362513544705,34.72601580436459,0 32.85414088174421,34.72630081619927,0 32.85444028204039,34.72668714759943,0 32.85523033503503,34.72730598558687,0 32.85657192492108,34.72805275804283,0 32.85671740115804,34.72814765363597,0 32.85711067470155,34.72878587129514,0 32.85777828980608,34.72916316753048,0 32.85837693755138,34.72938298645089,0 32.85852556374515,34.72948313187401,0 32.85894753346508,34.73069262210161,0 32.85889695222444,34.73124786721248,0 32.85885560985021,34.73143081981623,0 32.85881599352072,34.73160613536999,0 32.85881539474225,34.73171231666266,0 32.85875050711659,34.73181342568943,0 32.85859068162006,34.7321603257348,0 32.85841842469333,34.73263749378496,0 32.85836467245313,34.73287822929361,0 32.85830889946543,34.73298543987251,0 32.8583885766857,34.73306940409151,0 32.85842604603468,34.73320058400832,0 32.85853093867435,34.73326293953136,0 32.85860345304588,34.73336748749066,0 32.85868676671816,34.7334542674059,0 32.85874046187001,34.73354323503362,0 32.8589743189894,34.73376354770752,0 32.85904150542206,34.73383474938898,0 32.85907370756229,34.73389702119998,0 32.85909771557185,34.73402818441765,0 32.85912986125484,34.73412379508486,0 32.85936082114885,34.73446634882009,0 32.85960815183806,34.73468222977238,0 32.85967795721456,34.73479788722721,0 32.85969667582847,34.73487347872418,0 32.85972332156936,34.73503798467231,0 32.8598467224222,34.73530262057858,0 32.85988420632778,34.73542713187276,0 32.85995673819371,34.73552278875251,0 32.85997282922511,34.73556059221484,0 32.86000504022793,34.7356184177418,0 32.86006417896115,34.73567405118286,0 32.85998389077169,34.73538723852243,0 32.85998666981727,34.73533612136055,0 32.85998730712536,34.73495827334108,0 32.85992309572873,34.73471815431756,0 32.85974039147806,34.73449568029149,0 32.85965986614541,34.73435111580926,0 32.8596411476796,34.73427552520198,0 32.85966828047909,34.73415108827174,0 32.85965763929555,34.73407550606855,0 32.85967120996298,34.73401106503959,0 32.85964987394338,34.73389101829257,0 32.86043301731326,34.7340830651186,0 32.86110607881839,34.73409494773826,0 32.86119605047542,34.73375515230679,0 32.86109337495675,34.73330984503809,0 32.86086813965068,34.73326689902085,0 32.86061019880215,34.73290374482711,0 32.86040772065099,34.73250711096172,0 32.8605564242989,34.73193402407812,0 32.86109220237936,34.73180351877509,0 32.86145795044249,34.73174904949612,0 32.86149499694493,34.73168200806055,0 32.86144380654034,34.731370926606,0 32.86140001464259,34.73105375600975,0 32.86088979646414,34.73081266569407,0 32.86099889478394,34.73045259823463,0 32.86096927503536,34.73022005982612,0 32.86125787452425,34.73018989584789,0 32.86172676683314,34.73001700384233,0 32.86172696043893,34.72990075175078,0 32.86262039904294,34.72984458888016,0 32.86263669059305,34.72976456507336,0 32.8630406312047,34.72978026552291,0 32.86332326149371,34.72916882921832,0 32.86321937861218,34.72917252402057,0 32.86298927117779,34.72873012451819,0 32.86323014678583,34.72824061080487,0 32.86296516249818,34.72795254113476,0 32.86263325289903,34.72765677081411,0 32.86248137662102,34.72737073326466,0 32.86225549093614,34.72717227687489,0 32.86215185095507,34.72703113223839,0 32.86198363949146,34.7268537042165,0 32.86220592490636,34.72665273564502,0 32.86241091957164,34.72656115827181,0 32.86266782915157,34.72629036780069,0 32.86277398843803,34.72643786659512,0 32.86308160405355,34.72657930955954,0 32.86330202168542,34.72636211315996,0 32.8635441398571,34.7264725556908,0 32.86381574677687,34.72644580027215,0 32.86393680533077,34.72614441350054,0 32.86503911963204,34.72601158153498,0 32.86527677686377,34.72491521967418,0 32.865760753542,34.72374707176174,0 32.86587651482907,34.72281064675764,0 32.86681289749674,34.72230711501028,0 32.8670549263279,34.72241299090372,0 32.86727145440054,34.72264997964829,0 32.86753616014121,34.72299717802295,0 32.86790456762824,34.72402371215481,0 32.86802762947914,34.72411006014553,0 32.86801058960344,34.72426027315631,0 32.86833351481716,34.724664049422,0 32.86853553290202,34.72519080156805,0 32.86875915895619,34.7246952073158,0 32.86908602219361,34.7243476049395,0 32.86974685241735,34.72387946149454,0 32.86986304624734,34.72379714820691,0 32.86991361841996,34.72364815706522,0 32.8699442279985,34.72331965503869,0 32.87001571202988,34.72317722451538,0 32.87028457018817,34.72285606369572,0 32.8705273955566,34.72250670280891,0 32.87063162923729,34.72212225520573,0 32.87070933196521,34.72180040705886,0 32.87087307670118,34.7215458870096,0 32.87100985433315,34.72143395682387,0 32.87118838292223,34.72134812037274,0 32.87141385587216,34.72129704066025,0 32.87154776498661,34.72123050029059,0 32.8719846651435,34.72082345936569,0 32.87229469362049,34.72063215593404,0 32.87236841122181,34.72055891402839,0 32.87253424822173,34.72039952407557,0 32.87266811884827,34.72033946758816,0 32.87286485605797,34.7202753117883,0 32.87306474075283,34.72011388144898,0 32.87322533720251,34.71995447155891,0 32.87332842309274,34.7197775609509,0 32.87345499125679,34.71961586709897,0 32.87367380400511,34.71934424451088,0 32.87391125076586,34.71901647748155,0 32.87394040531433,34.71895172358174,0 32.87396242439945,34.71875506655604,0 32.87403126755082,34.7186147871392,0 32.87431873037924,34.71823747304753,0 32.87456580901535,34.71806323481008,0 32.87467636858203,34.71795553197598,0 32.87476887984133,34.71779587775043,0 32.87506342776809,34.71755911178675,0 32.87537347290462,34.7173613143418,0 32.87568586471198,34.71721324985062,0 32.87583023685051,34.71714674153626,0 32.87606540702582,34.71698853333442,0 32.87668107321436,34.71657434693561,0 32.87689704616498,34.71621002373498,0 32.87696314005638,34.71590226391466,0 32.87728282802623,34.7151187973182,0 32.87732393977678,34.71458877275905,0 32.87726552137603,34.71401091509273,0 32.87769723880032,34.71324043114254,0 32.87775457815623,34.71305610203017,0 32.8777549750824,34.71270695770632,0 32.87770687084582,34.7119833057474,0 32.87754936089843,34.71154994698824,0 32.87757732692411,34.71128642127218,0 32.87747298129843,34.71113017543618,0 32.87750580304536,34.71101479320569,0 32.87751970329386,34.71085623315547,0 32.87742904297782,34.71038128530256,0 32.87740839206815,34.71005729050835,0 32.87758900842118,34.70968620602244,0 32.8778103384743,34.70922498888827,0 32.87805585484537,34.70903202087234,0 32.87861030016774,34.70852284157387,0 32.87885710978907,34.70838430490387,0 32.87928273054335,34.70790653679417,0 32.87947606747992,34.70755806093814,0 32.87971562870072,34.70728010557837,0 32.88009562126977,34.70690705211522,0 32.88011222979634,34.70681418089864,0 32.88049336387814,34.70652211092688,0 32.88124678080432,34.70607865581884,0 32.88162700680654,34.70594455786239,0 32.88219586475114,34.70572083487853,0 32.88284225219041,34.70543498048564,0 32.883142863514,34.7051625380677,0 32.88355971006705,34.70509095464148,0 32.88404154785275,34.70504660469888,0 32.88450864468707,34.70515364186718,0 32.88452914960873,34.70519720506218,0 32.88436493200561,34.70550832191145,0 32.88434990048938,34.70629450670416,0 32.88409486227743,34.70648873600808,0 32.88413640974779,34.70662574231554,0 32.88359461743838,34.7070082663379,0 32.88346141571255,34.70750433110903,0 32.8841821718605,34.70788678940567,0 32.88495187115095,34.70836699103985,0 32.88533293588245,34.70896525156736,0 32.88520252737192,34.70957341046663,0 32.88469513616044,34.71073064477739,0 32.88468763764556,34.7108092431909,0 32.8853066616624,34.7117431962689,0 32.88673241514086,34.71172201581682,0 32.887130054634,34.7117697994557,0 32.88725778452022,34.71163628286417,0 32.88758250620973,34.71159661982457,0 32.88819018475675,34.71267320624985,0 32.88855489967037,34.71305008985627,0 32.8898925697837,34.71289737193714,0 32.89019424436704,34.71319541417751,0 32.88907063280801,34.7135439638901,0 32.88986009078776,34.71428919150556,0 32.88991920655145,34.71444081537128,0 32.88978452162337,34.71455683808197,0 32.88981811509024,34.71485688663741,0 32.88994359579606,34.71512521345247,0 32.89022940035716,34.71510870755746,0 32.89036413421106,34.71498394736469,0 32.89054026920437,34.71502530921418,0 32.89021621249116,34.71557458064046,0 32.88955461020851,34.71593051754226,0 32.88952147916829,34.71617792378595,0 32.88967532495533,34.71642013932961,0 32.89036439744758,34.71683014572233,0 32.89044810823692,34.71699932408108,0 32.89049742621826,34.7170111389048,0 32.89146720885031,34.71642327585324,0 32.89189765127036,34.7164043409505,0 32.89207790682699,34.71685840239885,0 32.89213771728819,34.71704538137909,0 32.89227140698019,34.7174633217494,0 32.89236859318901,34.71811627070987,0 32.89227032678869,34.71858661200869,0 32.89203813505279,34.71901694367001,0 32.89160972249514,34.71941100741662,0 32.89229005457541,34.71945404565968,0 32.89283675138599,34.71946722045749,0 32.89313506708384,34.71945979026058,0 32.89372272894295,34.71944017722178,0 32.89401386096412,34.71888316691991,0 32.89419919604204,34.71858034959872,0 32.89437291076077,34.71817663937188,0 32.89456230902962,34.71769977017021,0 32.8946740154226,34.7175545129601,0 32.89488171114795,34.71713218981979,0 32.89491855520507,34.71704161400056,0 32.89501062063925,34.7168152856905,0 32.89502054698922,34.71679088425124,0 32.89517820375254,34.71620859400318,0 32.89519258145559,34.71618726227539,0 32.89524527083617,34.71610908706718,0 32.89534950896335,34.71599392194657,0 32.89555100472541,34.71576290844251,0 32.89578301171152,34.71539801277277,0 32.89587823281411,34.7152201188084,0 32.89594786825956,34.71509002408725,0 32.8960424796414,34.71495561997562,0 32.89611490076047,34.71486210737402,0 32.89615181424054,34.7148031890241,0 32.89621958305322,34.71469503883145,0 32.89628161971641,34.71459603544189,0 32.8963790141064,34.71447630214475,0 32.89638755780647,34.71446579827146,0 32.89652251038691,34.71430617880047,0 32.89674401504423,34.71411213059769,0 32.89685734037133,34.7140100711065,0 32.89699547886141,34.71385237933513,0 32.89716339676509,34.71371534358481,0 32.89726146235529,34.71364863369666,0 32.89746880141624,34.71353827280166,0 32.89753940846481,34.71348822037942,0 32.89758920028191,34.71344156969746,0 32.89764903751181,34.71337034254131,0 32.89773814884828,34.71325347956608,0 32.89815313501706,34.713313584719,0 32.89854649415123,34.71293216282987,0 32.89899033474686,34.71295279755158,0 32.89962847237506,34.71175315428253,0 32.90000727455331,34.71177686070648,0 32.90005050090178,34.71169839072574,0 32.90010043371838,34.71163681888096,0 32.90017684067902,34.71156966877382,0 32.90030887207935,34.7115064017023,0 32.90047125036874,34.71146696981811,0 32.90058882448783,34.71144471835285,0 32.90070119521052,34.71144933085915,0 32.90085985987324,34.71147807724332,0 32.90096082146493,34.71151397026419,0 32.90105379042991,34.7115742063278,0 32.90119970665933,34.71160318711551,0 32.90102622271556,34.71178663977261,0 32.90100471256667,34.71177276850097,0 32.90098320242389,34.71175889812697,0 32.90095837818053,34.71178514859996,0 32.90098309171306,34.71187286101876,0 32.90093818395767,34.71198972358352,0 32.90092015267277,34.7120694457756,0 32.90092562381146,34.71217500789132,0 32.9009467402226,34.71227014820652,0 32.90097406904403,34.71235095748408,0 32.90096122991528,34.71247083177717,0 32.90094443763143,34.71250200448998,0 32.90090109278299,34.71256211173251,0 32.90085894473417,34.7126447729153,0 32.90083552218164,34.71280798577232,0 32.90084282774245,34.71285646106688,0 32.90093995462004,34.71307471569234,0 32.90120786595084,34.71341623522964,0 32.90124519354094,34.71348935758987,0 32.90134589422415,34.71360098798315,0 32.90143287435135,34.71365588759561,0 32.90160459142388,34.71370216092905,0 32.90174765072331,34.71375288941685,0 32.90185773859015,34.71376861504423,0 32.90206840391562,34.713768288748,0 32.90217976920948,34.7137580040934,0 32.90236818936144,34.7137229843697,0 32.90255129376013,34.7136741090146,0 32.90262525376795,34.71363986630811,0 32.90269529150414,34.71360074797811,0 32.90273823481576,34.71356965991248,0 32.90273867129884,34.71356889401133,0 32.9027686234361,34.71351632885536,0 32.90277674635753,34.713456016168,0 32.90277582397803,34.71335051728243,0 32.90277849349557,34.71327000821131,0 32.90277034554067,34.71320247979075,0 32.902781999732,34.71304914360306,0 32.90279340917522,34.71299298480255,0 32.90280818853071,34.71295278381002,0 32.90282871752328,34.71289693968104,0 32.90284158530297,34.71282779996485,0 32.9046152527541,34.71331705728028,0 32.90498590402824,34.71276722288814,0 32.90509073077064,34.71261154765529,0 32.90531642480726,34.7122057902707,0 32.90535065675102,34.71191141557681,0 32.90522847389853,34.71186693400104,0 32.90517098835599,34.71195130205905,0 32.90507574183185,34.71200207172173,0 32.90492809330009,34.71205889887839,0 32.90493332043322,34.71195664827133,0 32.90496761860604,34.71128573943454,0 32.90589709243745,34.71056432074422,0 32.90612050232612,34.71039494269096,0 32.90620809188134,34.71032853750587,0 32.90635237941608,34.71037747394193,0 32.90674341738558,34.71043283478807,0 32.90684130502073,34.71044929480048,0 32.90689432732552,34.71047598820912,0 32.90711356609969,34.71061892865439,0 32.90722592050378,34.71068539224004,0 32.90728635108761,34.7107472908398,0 32.90735071942847,34.71081501590322,0 32.90739010776223,34.71090887541155,0 32.90741383382261,34.71100299795368,0 32.90743937280924,34.71126502435674,0 32.90741273321446,34.7115899806184,0 32.90739277823987,34.71171957616929,0 32.90740217864894,34.71178811399756,0 32.90742919516657,34.71185196043572,0 32.90747903746117,34.71191096617841,0 32.90757033939848,34.71200729178063,0 32.90818204966652,34.71239539467032,0 32.90845259499094,34.71266509551054,0 32.90877948265508,34.7130881753224,0 32.90883497196105,34.71319476612955,0 32.90888670026866,34.71356239372336,0 32.90888880300247,34.71369267756733,0 32.90877288790757,34.71414086307514,0 32.90837388573076,34.7144804332011,0 32.90835193959318,34.71450377107887,0 32.90820239510163,34.71435674412047,0 32.90801611631364,34.7143438865884,0 32.90792429014567,34.7146182833004,0 32.90776772897897,34.71468636018556,0 32.90769561203754,34.71550647193542,0 32.90770759317337,34.71559732483534,0 32.90770669177728,34.71572473700041,0 32.90766122274875,34.71587583396543,0 32.90757371858275,34.71605849374139,0 32.90746879345653,34.71617925702348,0 32.90740397612106,34.71624608601758,0 32.90739707274097,34.71630713461322,0 32.90736102291506,34.71639698824859,0 32.90732187400026,34.71647863613994,0 32.90709744211234,34.7168640887051,0 32.90709727368227,34.71686435901756,0 32.90699493030295,34.71702864138867,0 32.90697741745542,34.71713316333909,0 32.90696108991285,34.71735295530598,0 32.90695631200648,34.71737380715626,0 32.90693327380757,34.71747434128037,0 32.90691263148395,34.71751975236491,0 32.9068049294065,34.71770571711605,0 32.90662644546163,34.71803914400756,0 32.90645560272683,34.71834125042227,0 32.90629481541096,34.71887425496472,0 32.90628441895088,34.71890871915628,0 32.906206664466,34.71924617755235,0 32.90612060144586,34.7194923935758,0 32.90596075303251,34.71988557771848,0 32.90585079208109,34.72007559641715,0 32.90558166595402,34.72041363378837,0 32.90553152553846,34.72056161254191,0 32.90552462849016,34.7205819695777,0 32.90553441413481,34.7206386453167,0 32.90554219211863,34.72068369054647,0 32.90568149318912,34.72071372634581,0 32.90600693208363,34.72069008533025,0 32.90625095063014,34.72062294442973,0 32.90641598965907,34.7206374921215,0 32.9067012235087,34.72069791821536,0 32.90694306691643,34.7207280076215,0 32.90692174061449,34.72095241566312,0 32.90831799879253,34.72168541860625,0 32.90834238197692,34.72169335996467,0 32.90964813936983,34.7221186288707,0 32.90974019639354,34.72216167554271,0 32.9104269973783,34.72246023512027,0 32.91172210077141,34.72291002543146,0 32.91259473376373,34.72321858197187,0 32.91253678057281,34.72362323223525,0 32.91232685866245,34.72395681135822,0 32.91198783139581,34.72417864279237,0 32.9117596277593,34.72438754540699,0 32.91140643722443,34.72471982729557,0 32.91040290766727,34.72613469085888,0 32.91040645005113,34.72613635487038,0 32.91087651019198,34.72635712761352,0 32.91001151713355,34.72748780364962,0 32.9100623042336,34.72751349243224,0 32.90991769771182,34.7278016083707,0 32.90991493822965,34.72780892534933,0 32.90948095092106,34.72895975661493,0 32.90944198106607,34.72911095069158,0 32.90947560692346,34.72926243580861,0 32.90982512302246,34.7299706907347,0 32.90987473607146,34.73014682376657,0 32.90977729989842,34.73058125275553,0 32.90975624227602,34.73073491846041,0 32.90977243649041,34.73087463810715,0 32.90988209349057,34.73160234964669,0 32.90988288055843,34.73160757783909,0 32.90988935995803,34.73202619888932,0 32.90974819783155,34.73227096718924,0 32.90976318419853,34.73267529813214,0 32.90982497119221,34.73281275275328,0 32.90993549457146,34.73297009549891,0 32.90999986198106,34.73315825315763,0 32.91003644767724,34.73333878908905,0 32.90995733597085,34.73389509456246,0 32.90982950865204,34.73425599071643,0 32.91000060659973,34.73426325146853,0 32.91053570622328,34.73428595788133,0 32.91055844759526,34.73428692292591,0 32.91096691120133,34.73430425900403,0 32.91281287256659,34.73436000327109,0 32.91357486536231,34.73444434489992,0 32.91357607840101,34.73444447917774,0 32.91440927702772,34.73450116400421,0 32.91453694565589,34.73450984913786,0 32.91455132057769,34.7345743465747,0 32.91456163901544,34.73462064144451,0 32.91457070524983,34.73475685677721,0 32.91457940160319,34.73488750438622,0 32.91461575831078,34.73501231906078,0 32.91459756170971,34.73506315986244,0 32.91459747870778,34.73511730191437,0 32.91459744531016,34.73521344695495,0 32.9145973195398,34.73522212528974,0 32.9146152723636,34.73535735792699,0 32.91460285300895,34.73538307077804,0 32.91459262555512,34.73540424717986,0 32.91438552745094,34.73550940485011,0 32.91418596207644,34.73566771706329,0 32.91414747184588,34.73569824876743,0 32.91384096983129,34.73590235973796,0 32.91387127588056,34.73594017156592,0 32.91352024106573,34.73618076143282,0 32.91342774804212,34.73622802273735,0 32.9130866832807,34.73652971894662,0 32.91332132007268,34.73665897529436,0 32.91324140148496,34.73680272217848,0 32.91336157338876,34.73717261101108,0 32.91350385356132,34.73747072530469,0 32.91359070094319,34.73764499177489,0 32.91367347088052,34.73781107718338,0 32.91367419773547,34.73781253717301,0 32.91415829568206,34.73838651856534,0 32.91445636954487,34.73850732016214,0 32.91439845908248,34.73862212630997,0 32.91410502155139,34.73891081358989,0 32.91402791629253,34.73922114490193,0 32.9138836147275,34.73951829609398,0 32.91365869423979,34.73966551128073,0 32.91365871387491,34.73966553202838,0 32.91367233203544,34.73967980738649,0 32.91384515130111,34.73986097124028,0 32.91367165121358,34.73997738634666,0 32.91363198029256,34.74025680104996,0 32.91390449251736,34.74046024938834,0 32.91418474637678,34.7406110488263,0 32.91435586579756,34.74083809265678,0 32.91437715143147,34.74084616312447,0 32.91438990163691,34.74085099673437,0 32.91562918896725,34.74029858393074,0 32.91689987184728,34.73968557249305,0 32.9169104686498,34.73968046029513,0 32.91692213502235,34.7396836107652,0 32.91712182271517,34.73973753460387,0 32.91744863530457,34.73952991806713,0 32.91756486594079,34.73926084776433,0 32.9171835235957,34.73907805022147,0 32.91718100119658,34.73902313838076,0 32.91691642333969,34.73903921252872,0 32.91669537367915,34.7390749092549,0 32.91654055623628,34.73917179925449,0 32.916392170196,34.73926466301409,0 32.91635479253123,34.73928805474373,0 32.91634861426811,34.7392496732717,0 32.91633274375488,34.73915109062123,0 32.91633105947069,34.73914062614313,0 32.91633971946597,34.73913285964814,0 32.91651422846994,34.73897634869108,0 32.91679726460634,34.73876327072198,0 32.91685799922308,34.73873010667715,0 32.91723884595934,34.7386563331192,0 32.91724072788257,34.73865596840252,0 32.91738043615005,34.73863291719705,0 32.91768733520629,34.73856391670014,0 32.91769871777408,34.73856351242191,0 32.91771960972471,34.73856307039517,0 32.91774050792885,34.73856292945892,0 32.91776140583462,34.73856308960873,0 32.91778229689005,34.7385635508401,0 32.91780317563531,34.73856431314943,0 32.91782403442732,34.7385653756301,0 32.91784486780619,34.73856673827839,0 32.91786566921913,34.73856840199139,0 32.91788643211688,34.7385703640603,0 32.91790691191139,34.73857259907926,0 32.91790715103867,34.73857262538292,0 32.91792781834144,34.73857518505269,0 32.91793838113642,34.7385766489398,0 32.91794842856619,34.73857804216447,0 32.91796897516275,34.73858119491088,0 32.91798945157832,34.73858464418909,0 32.91801018745019,34.7385885461747,0 32.91801631584377,34.73858969966981,0 32.91802244096233,34.73859085226093,0 32.91804270586353,34.73859506943732,0 32.91806287765643,34.73859957862287,0 32.91808295197581,34.73860437711026,0 32.91810292117768,34.73860946489442,0 32.9181227798048,34.73861483926732,0 32.91814252239899,34.73862049842245,0 32.91816214131717,34.73862644145321,0 32.91818163219317,34.73863266655385,0 32.9182009884768,34.73863917191706,0 32.91821299111834,34.73864340785548,0 32.91822020471166,34.73864595393336,0 32.91823927434576,34.73865301259845,0 32.91825819192267,34.73866034430287,0 32.9182769508913,34.73866794814082,0 32.91829554688722,34.73867582050354,0 32.91831397336018,34.73868395958384,0 32.91834496500236,34.73869843628242,0 32.9183528422347,34.73870352944029,0 32.91836061015378,34.73870873610917,0 32.91836826657819,34.7387140535832,0 32.91837580932477,34.73871948095949,0 32.9183832373033,34.73872501643434,0 32.91839054614832,34.73873065730055,0 32.9183977347687,34.73873640265585,0 32.91840480098219,34.73874225069593,0 32.91841174260558,34.73874820051783,0 32.91841855745839,34.73875424851427,0 32.91842524335745,34.73876039378234,0 32.91843179811957,34.73876663541913,0 32.91843821956425,34.73877296981736,0 32.91844450660123,34.73877939517335,0 32.91845065704732,34.73878591058419,0 32.9184566676282,34.73879251424481,0 32.91846253943944,34.73879920255008,0 32.91846826702086,34.73880597549635,0 32.91847385256095,34.7388128285778,0 32.91847929059869,34.73881976269225,0 32.91848458223136,34.73882677243165,0 32.91848972418199,34.73883385869528,0 32.91849471645498,34.73884101697586,0 32.91849955577509,34.73884824636971,0 32.91850424214407,34.73885554507399,0 32.91850877338141,34.73886290948131,0 32.91851314839677,34.73887033778805,0 32.91851736500701,34.73887782909132,0 32.91852142321645,34.73888537888378,0 32.91852532084195,34.73889298626256,0 32.91852905679318,34.73890064942396,0 32.91853534310374,34.73891450736593,0 32.91853862354313,34.73892231085114,0 32.91854173794971,34.73893016019996,0 32.91854468523323,34.73893805360879,0 32.91854746648828,34.73894598837397,0 32.91855007844141,34.73895396178894,0 32.91855102872851,34.73895707428677,0 32.91855252218635,34.73896197205147,0 32.91855479554258,34.73897001555424,0 32.91855689960293,34.73897809139658,0 32.91855883109479,34.73898619597038,0 32.91856059220488,34.73899432657277,0 32.91856218074991,34.73900248230078,0 32.91856359673431,34.73901065864715,0 32.91856483906686,34.7390188547096,0 32.91856590775015,34.73902706778381,0 32.91856680387972,34.73903529426461,0 32.91856752527234,34.73904353324912,0 32.91856807193149,34.73905178113146,0 32.9185684449518,34.73906003520794,0 32.91856864324295,34.73906829367491,0 32.91856866571553,34.73907655382725,0 32.91856851455707,34.7390848120606,0 32.91856818976754,34.73909306837488,0 32.91856768916812,34.73910131735989,0 32.91856701385078,34.73910955901631,0 32.91856616600395,34.73911778883835,0 32.91856514344444,34.73912600592297,0 32.91856394726771,34.73913420666514,0 32.91856257747552,34.73914238926184,0 32.91856103516337,34.73915055010799,0 32.91855932033211,34.73915868830207,0 32.91855743516928,34.7391668002397,0 32.9185540338223,34.73917981514095,0 32.91848710030356,34.7394195712552,0 32.91848615674342,34.73942294931987,0 32.91841230624576,34.73955566694402,0 32.91840426009801,34.7395701255823,0 32.91837867759291,34.73961609945365,0 32.91836810073524,34.73964877593067,0 32.91834236288625,34.73972828153461,0 32.91828483381785,34.73980525251856,0 32.91819538043726,34.73983958070697,0 32.91816455608581,34.73988097065979,0 32.91814084304397,34.73994786335983,0 32.91810250997999,34.74000782206171,0 32.91806314820747,34.74004118049186,0 32.91801719334686,34.74004508176356,0 32.91787172134788,34.74011328425399,0 32.91768815505126,34.74019934682366,0 32.91764097966594,34.74022146486082,0 32.91760449623246,34.74019103282509,0 32.91745683245748,34.74020377603005,0 32.91742345646882,34.74019040178846,0 32.91740208819918,34.74018184049697,0 32.91719259861971,34.7400978988405,0 32.91694574219304,34.74023958639378,0 32.91692415129497,34.7402516414008,0 32.91685464080108,34.74029044896801,0 32.91671832328919,34.74036939098658,0 32.9166567953878,34.74040502172221,0 32.9166039813968,34.74046405775307,0 32.91642290965988,34.74035795726022,0 32.91590508718119,34.74081245454146,0 32.91570052486252,34.74086505971592,0 32.91551309286078,34.74112303853574,0 32.91526535253739,34.7413534668739,0 32.91510499412385,34.74145722843773,0 32.91497919551629,34.74161887091278,0 32.91468096516024,34.74218043254972,0 32.91466130474836,34.74221745280089,0 32.91459255226058,34.74225352725029,0 32.91459238289853,34.74225361547521,0 32.91440273498912,34.74260587348678,0 32.91438966254285,34.7427247108598,0 32.91438611055374,34.74275699977294,0 32.91416201427177,34.74303202441128,0 32.91377030537578,34.74316400266053,0 32.91312376191104,34.7435248614913,0 32.91308859901451,34.74354448745591,0 32.91324552060325,34.74369355122853,0 32.91305621462687,34.74395475475347,0 32.91314280075553,34.74403464402777,0 32.91320647621216,34.74409339647474,0 32.91228195648807,34.74438655331291,0 32.91213879062315,34.74444244825754,0 32.91208383300734,34.74446390494673,0 32.91197279002989,34.74450533542585,0 32.9117750864016,34.74462791699399,0 32.9116756544382,34.74470821058116,0 32.91159412419383,34.74477404855964,0 32.91156146852217,34.74482278963062,0 32.91151350600299,34.7449184886318,0 32.91139011560369,34.74516469192263,0 32.91139008271912,34.74516480548338,0 32.91138100776408,34.74519605088668,0 32.91135132748354,34.74529825096676,0 32.91126312040977,34.74543854760931,0 32.91115229643759,34.74571140440635,0 32.91102978357542,34.74601303543938,0 32.91094903641753,34.74616977100006,0 32.91083030092499,34.74640024019371,0 32.91078437833917,34.74648937590475,0 32.91074734868224,34.74660710988961,0 32.91074346783991,34.74663803722108,0 32.91073222187436,34.74672764814959,0 32.91074112011748,34.7468976043121,0 32.91076379662465,34.74701084045747,0 32.9107807673504,34.74705244830013,0 32.91082565598731,34.74716249869729,0 32.91083073482268,34.74720481088276,0 32.91096826243234,34.74750796065891,0 32.91099365591363,34.74763106166689,0 32.91103761869709,34.74771186055865,0 32.91106686312384,34.74804192001379,0 32.91112068079335,34.74819906212855,0 32.91113057221224,34.74833077429274,0 32.91114990353643,34.74866609822772,0 32.91106806249208,34.74880185951498,0 32.91070357276244,34.7490426517385,0 32.91068774918944,34.74905310524121,0 32.91003064446249,34.74955363861784,0 32.90984664151127,34.74974245047206,0 32.90980970083142,34.74982800999202,0 32.90954846681391,34.7503104253239,0 32.9094310589602,34.75053529768177,0 32.90933524228035,34.75071881417466,0 32.90929995494469,34.75087162852702,0 32.90927600769837,34.75090556435484,0 32.9091306503439,34.75113132695514,0 32.90907417007494,34.75129962700052,0 32.9088172928742,34.75174904127712,0 32.90897691380256,34.75184800897915,0 32.90933949996118,34.75206571449457,0 32.90944540640209,34.7521317408286,0 32.90935941461391,34.75220416811817,0 32.9092543456854,34.75234299381954,0 32.90918149852487,34.75247300099713,0 32.90916360987106,34.75254127268213,0 32.90917734171937,34.75261354070452,0 32.90914410598781,34.75289060352297,0 32.90914468748538,34.75290515990164,0 32.90907842669475,34.75294159361066,0 32.90861728278145,34.75327426016692,0 32.9086172040783,34.75327431780156,0 32.9086171231917,34.75327437453311,0 32.90832823427028,34.75347954702048,0 32.90832792075948,34.7534795864489,0 32.90824641638753,34.75350293969751,0 32.90799965921339,34.75346893419034,0 32.90792706607478,34.75345893076533,0 32.90768915029408,34.7534458840472,0 32.90756584615885,34.75343916745668,0 32.90739720543753,34.75346541256981,0 32.90736486827281,34.75346817169653,0 32.90718704004811,34.75348334135104,0 32.90710554744677,34.7534978450718,0 32.90704671273182,34.75351447996899,0 32.90695397562546,34.7535407003498,0 32.90674012607762,34.75358080517006,0 32.90664269729757,34.75358895006698,0 32.90663040892119,34.75358779308164,0 32.90659362242381,34.7535843311931,0 32.90644838048529,34.7544263657152,0 32.90575701277558,34.75567967618441,0 32.90573903697061,34.75579463227201,0 32.90545928198448,34.755994986601,0 32.90566153098654,34.75621130907622,0 32.90577553205283,34.7566621634947,0 32.90602388069551,34.75695531490112,0 32.90626715824617,34.75709509406465,0 32.90691145449851,34.75718347741822,0 32.90706150387518,34.75738524855759,0 32.9070237206427,34.75799854130477,0 32.90768192495452,34.75882498371036,0 32.90812731285987,34.75921462386374,0 32.90881050635264,34.75967692555555,0 32.90953561722581,34.75987578295543,0 32.90983118577034,34.76001572629671,0 32.91046227712989,34.76044430231408,0 32.91077025923995,34.76041655238613,0 32.91096754162528,34.76046032581536,0 32.91136344363707,34.76026512873808,0 32.91176338519951,34.76044374487458,0 32.91205389617284,34.76042552012498,0 32.91217567015199,34.76046904592619,0 32.91257048360278,34.76050387412526,0 32.91262547071935,34.76063131198629,0 32.91266783405191,34.76073079540679,0 32.91281561803672,34.76086047492965,0 32.91302810264538,34.7610641916981,0 32.91337501251343,34.76121801766634,0 32.91345806049303,34.76128204815144,0 32.91332980001173,34.76131853739593,0 32.91311367765101,34.76144533822301,0 32.91306029802156,34.76155254177793,0 32.91305627330917,34.76196359254152,0 32.91282500604857,34.76227825683196,0 32.91273482761017,34.76242728519676,0 32.91275080454979,34.76290551281532,0 32.91270328731648,34.76306139307265,0 32.91258620345465,34.76330764371244,0 32.91249113333647,34.7636261136164,0 32.91239685378647,34.7637818393214,0 32.91197389647517,34.76421331418823,0 32.91198985765932,34.76427544642198,0 32.91207972591081,34.76460962856815,0 32.91206033506872,34.76483439066314,0 32.91201106550152,34.76493154084886,0 32.91193798595115,34.76490780929715,0 32.91172004856402,34.76456984819294,0 32.91156428957476,34.76440658394226,0 32.91153368786033,34.76442829417336,0 32.91155545577264,34.76455084670715,0 32.91174139293788,34.76477964483721,0 32.91178350290536,34.7649005867302,0 32.91177105972234,34.76495087932648,0 32.91170808125178,34.76494060387636,0 32.91155049908572,34.76473371201231,0 32.91131406961227,34.76443595549512,0 32.91122439072935,34.7644809587668,0 32.91122185938667,34.76458329636897,0 32.91140351835935,34.76485570465412,0 32.91142743375229,34.76495477476307,0 32.9114291799864,34.76501350361582,0 32.91134230911872,34.76531689972899,0 32.91091578711798,34.76564265730751,0 32.91080095908167,34.76584193616759,0 32.91075470720653,34.76615385514764,0 32.91069395398235,34.7665210934139,0 32.91064839683601,34.76669040149084,0 32.91063046953856,34.76703093734879,0 32.91061583785578,34.76711310030165,0 32.91058120026458,34.76712808601721,0 32.91052029288038,34.76710942697584,0 32.91050217491919,34.76707245550953,0 32.91034509238055,34.76676321680559,0 32.91019752233704,34.76658823427795,0 32.91009611873579,34.76653588454393,0 32.90977509872228,34.76648951564398,0 32.90972632581439,34.76648432042245,0 32.90965709055367,34.76650590146049,0 32.90964671339673,34.7665494893799,0 32.90982737027309,34.76661049185004,0 32.90998568804006,34.76666638698048,0 32.91015503152288,34.76696224397805,0 32.91020319107717,34.76709327279107,0 32.91019412719247,34.76713081471294,0 32.91016311692738,34.7671522664692,0 32.91011322153908,34.7671462213972,0 32.90993161043617,34.76691452316392,0 32.90981212252309,34.76681849027907,0 32.90957017080069,34.76681768429868,0 32.90931166336109,34.76687722381563,0 32.90876499391818,34.76723780866108,0 32.90832268702348,34.76746115803517,0 32.90811027068287,34.76765675221669,0 32.90806245292611,34.7678713524493,0 32.90805677150188,34.76820018350178,0 32.90822203793083,34.76849770773592,0 32.90821662922281,34.76877117297597,0 32.908180014057,34.76918882604564,0 32.9081241382029,34.76938829814709,0 32.90796969097246,34.76978542238781,0 32.90764960079481,34.77037494065097,0 32.90759607681186,34.77050898616188,0 32.90758923896127,34.77107270733011,0 32.9077396292974,34.77108831030339,0 32.90776174671249,34.77113871876748,0 32.90748507696006,34.77158073434959,0 32.90746632138401,34.77167295043054,0 32.90759630838485,34.77211632753508,0 32.90759304728653,34.77236631024062,0 32.90752659610654,34.77264795926872,0 32.9071971256411,34.77307469746451,0 32.90711732885848,34.77317509816596,0 32.90717002210574,34.77321050899406,0 32.90726980660453,34.77318064300143,0 32.90736792635179,34.77307526925873,0 32.90751935800807,34.77287947339465,0 32.90766280277444,34.77265344888291,0 32.90777778256028,34.7724273296157,0 32.90784713785923,34.77238226038176,0 32.90789986568419,34.77241095954415,0 32.90789534522185,34.7725032234068,0 32.9077108122468,34.77281467920407,0 32.90752449212498,34.77307579304155,0 32.90736463080049,34.77333196327132,0 32.90732880114205,34.77358854687339,0 32.90729302075484,34.77383506477539,0 32.90714354511253,34.77404596850393,0 32.90688621674268,34.77427328814024,0 32.90675723097105,34.77445238096252,0 32.90660922590189,34.77477737856076,0 32.90638382238068,34.77508193623637,0 32.90638160440823,34.77511595657159,0 32.9063719486716,34.77526408713652,0 32.90665955527508,34.77559807842621,0 32.90664550138258,34.77572013898467,0 32.90656270090709,34.7761416950399,0 32.90651364308093,34.77654116048581,0 32.90635053186042,34.77687918838691,0 32.90626772871342,34.77730074415687,0 32.90625364582167,34.77742835400484,0 32.90618011381501,34.77733375306175,0 32.90606712858173,34.77705584926291,0 32.90599343261519,34.77699454713387,0 32.90591273949138,34.77698872626416,0 32.90590546725404,34.77709970848964,0 32.90597188452538,34.77727199649812,0 32.90619190138218,34.77767236790232,0 32.90621828585136,34.77777791591787,0 32.90609575237089,34.77807167237849,0 32.90602716543513,34.77833786132427,0 32.90604570528536,34.77867094997322,0 32.90603189232922,34.77874305885554,0 32.90598444629284,34.77881505522513,0 32.90587692526518,34.77879249512383,0 32.90585059613423,34.77867584380588,0 32.90582472718303,34.77846484417507,0 32.90579361289365,34.77795409851914,0 32.90576706430981,34.77788185294751,0 32.90555943414616,34.77769799060015,0 32.90537851994365,34.77755307553642,0 32.90520408913797,34.77745812870757,0 32.90500247631564,34.77741859484222,0 32.90477516170707,34.77713476001716,0 32.90392393476095,34.77651024159491,0 32.90374233827307,34.7765040754839,0 32.90388434400641,34.77635469393017,0 32.9043633494581,34.77607323935596,0 32.90468920252138,34.77547489240467,0 32.9048310962614,34.77534771081172,0 32.90500181998381,34.77513070022778,0 32.90501619001518,34.77511136518546,0 32.90528766122316,34.77474609282887,0 32.90569681045849,34.77465854594112,0 32.9057031678644,34.77460655458956,0 32.90476061177554,34.77400440476244,0 32.90464279229254,34.77398051756567,0 32.90491021691942,34.7733572743477,0 32.90505378608599,34.77269670178782,0 32.90516040890425,34.77251753560707,0 32.905312413745,34.77179491260893,0 32.90534594173585,34.77159368829614,0 32.90528939898063,34.77151464113412,0 32.90504409404392,34.77136784536211,0 32.90483467189571,34.7713654624454,0 32.90459672023452,34.77137640565834,0 32.90432795005896,34.77145099983062,0 32.90402932994395,34.77139462447845,0 32.90407073250617,34.77165650283906,0 32.90407639971507,34.77174376787753,0 32.90386912021621,34.77171957863363,0 32.90322286106669,34.77165028151224,0 32.90301981306035,34.771592549,0 32.90239646823559,34.771414268226,0 32.9019124919546,34.77101498612592,0 32.90187840529914,34.77132694278997,0 32.90186494353517,34.77158024623565,0 32.90171199193247,34.77167032849798,0 32.90138608728915,34.77178499047473,0 32.90115694065069,34.77206776168238,0 32.90071100281079,34.77260146601085,0 32.9003516275981,34.77290224695208,0 32.90031860642626,34.77299944702745,0 32.9003660823889,34.77326470300692,0 32.90039852624719,34.77409532777816,0 32.90043932110481,34.7744763285225,0 32.89992649461589,34.77455847196899,0 32.8995030563678,34.77465601732186,0 32.89948035246472,34.77509259416946,0 32.89947755486764,34.77514639014836,0 32.89869455574221,34.77568210673865,0 32.89835676866416,34.77596957148476,0 32.89801816937572,34.7764179994324,0 32.89762069746028,34.77653319522372,0 32.89716201893638,34.77678138731537,0 32.89658303364139,34.77687375811102,0 32.8961580944194,34.77709986313084,0 32.89608880572077,34.77749925652796,0 32.89582799773219,34.77779118708015,0 32.89554953042358,34.7781028817533,0 32.8952930883619,34.77822222666409,0 32.8949708455795,34.77837621870305,0 32.89433827638555,34.7787457316156,0 32.89342312397888,34.77890501158191,0 32.89341402808945,34.77894352572293,0 32.89344281865754,34.77918775382309,0 32.89351973112203,34.77959367476217,0 32.89354807602522,34.78014443584372,0 32.89402302232953,34.78036909837073,0 32.89407789804022,34.78051521422214,0 32.89406554223795,34.78053903356843,0 32.89392419482746,34.78055414696131,0 32.89330525575047,34.7806456162827,0 32.89307700080736,34.78068887810498,0 32.89267818173622,34.78102339972553,0 32.89226588747287,34.78138173548282,0 32.89218558790598,34.78142275563927,0 32.89186593478275,34.78150149138511,0 32.89130019084573,34.78162984670788,0 32.89153257102517,34.78186835852068,0 32.89132800576016,34.78228156121963,0 32.89120879442732,34.78253536982077,0 32.89169012394485,34.783036312028,0 32.89150824016905,34.7831467294156,0 32.89122127334361,34.78314022349539,0 32.89110568567099,34.78312054855807,0 32.89100591959152,34.78305228547883,0 32.89094805139079,34.78305667333979,0 32.89083105923498,34.78309389431513,0 32.89061527027813,34.78330790003889,0 32.89045421798902,34.78391123194042,0 32.89040961012272,34.78393310356607,0 32.89012929298526,34.7839312075148,0 32.88964588470827,34.78405250062534,0 32.88927824810189,34.78415767630968,0 32.88908397955817,34.78429557960838,0 32.88881734648022,34.78466083761165,0 32.88877157138827,34.7849093930602,0 32.88866138119865,34.78492093827679,0 32.88852838899536,34.78525637669907,0 32.88839266392555,34.78547433066823,0 32.88862052410523,34.78572659821283,0 32.88951882170502,34.78669982541575,0 32.8895215371159,34.7868209812838,0 32.88937930010072,34.78765657316563,0 32.88925429865526,34.78838484644147,0 32.88999291276443,34.78839752274978,0 32.8905911793539,34.78844458085935,0 32.89069995115275,34.78849360255789,0 32.89045116396384,34.78906542305114,0 32.89042936422253,34.78919475285004,0 32.89050589101463,34.78945750229184,0 32.89054366047728,34.78951833154116,0 32.89065450080042,34.78956753181902,0 32.89085588157092,34.78965692091793,0 32.89094359034074,34.78976219796316,0 32.89106746934434,34.79001828529865,0 32.8912094645178,34.79034385148752,0 32.89132775976086,34.79088943696215,0 32.89141216224724,34.79124019858392,0 32.89141532413915,34.79142475609742,0 32.89142943885982,34.79147390358347,0 32.89162111663404,34.79171668211688,0 32.89170418821454,34.79192691395818,0 32.89174404916253,34.79215900373447,0 32.89181480754741,34.79236919298233,0 32.89192260560733,34.79296214631373,0 32.89218287147876,34.79384176131552,0 32.89222911678851,34.794029853644,0 32.89220815038401,34.79411612805337,0 32.89192994484285,34.79473990755071,0 32.89174535208744,34.79511682336519,0 32.8916379014078,34.7952586686037,0 32.89158228657361,34.79529741602009,0 32.89145911641747,34.79530206683803,0 32.89156683862721,34.79550899785951,0 32.89141419873183,34.79565745808536,0 32.89169583774759,34.79596996500393,0 32.89187846948892,34.79637863288656,0 32.89191913845111,34.79645327004464,0 32.89236252569282,34.79684421952917,0 32.89239096607497,34.79690188298019,0 32.89237996045735,34.79704744964494,0 32.89238932417216,34.79722356308068,0 32.89241725464901,34.79738111658774,0 32.89244980854531,34.79743710063488,0 32.89275878672839,34.79762271926997,0 32.89302236152897,34.7978572797136,0 32.89336966868697,34.79817508954972,0 32.89335114365984,34.79858813734867,0 32.89313722072598,34.79867882201698,0 32.89278800621121,34.79873517509021,0 32.89289142165582,34.7989827234089,0 32.89209706639603,34.79898843108478,0 32.89181688404824,34.79919232006861,0 32.89252701218394,34.80000577341752,0 32.89232139803089,34.80007616855631,0 32.89145430208793,34.80025600703108,0 32.8915621074778,34.80044769973718,0 32.89211782521887,34.80095247773548,0 32.89217721865437,34.80097808036798,0 32.89243977022348,34.80101285382697,0 32.89289432738098,34.80123114590203,0 32.89332405973203,34.80148829075043,0 32.89371764861253,34.80158785307635,0 32.89373059247499,34.8014643034731,0 32.89428941979609,34.80136126593883,0 32.89427390675014,34.80158639134943,0 32.89419101288953,34.80174186841263,0 32.89406096197041,34.80188702325766,0 32.89396420786913,34.80194256069051,0 32.89357564539426,34.80206480974221,0 32.89300653302613,34.80217119466976,0 32.89276538129261,34.80236675541235,0 32.89290525775647,34.80271093580995,0 32.89287431322217,34.80274130389515,0 32.89181669818896,34.80244134157718,0 32.89178522604582,34.8025749852197,0 32.892082502341,34.8026437427868,0 32.89208592463584,34.80277750758686,0 32.89210218937724,34.8028080390249,0 32.89245492214464,34.80287021552296,0 32.8925122734103,34.80289411783603,0 32.89266931948833,34.80309106068069,0 32.89273889135416,34.80313362840945,0 32.89418356017131,34.80320804995408,0 32.89437546378031,34.8034135766209,0 32.89359520286962,34.80386800722381,0 32.8933174719019,34.80399064072469,0 32.89318990094296,34.804081726486,0 32.8931841962815,34.80408579966868,0 32.89322729615682,34.80422503320668,0 32.89313240449692,34.80424064066727,0 32.89316815775253,34.804423225127,0 32.8931808630123,34.80458302215634,0 32.8931075329764,34.80493104888674,0 32.89310355338748,34.80499141683263,0 32.89339159931062,34.80496655493442,0 32.89364014382063,34.80493195816492,0 32.89382729766398,34.80490774079981,0 32.8939719244105,34.80486571839423,0 32.89404725997511,34.80495713670742,0 32.89461883138031,34.80458396395085,0 32.89465592111487,34.8047641909135,0 32.89498170790081,34.80468414730723,0 32.89510208762618,34.80478287227827,0 32.89520029641281,34.80494345401228,0 32.89501508742077,34.80488299594921,0 32.89460762625239,34.80593851515327,0 32.89463157064986,34.80609925924189,0 32.89455524669285,34.80623165853113,0 32.89467345131896,34.80640578072276,0 32.89423807668075,34.80689247344509,0 32.89391558325618,34.80709537374996,0 32.89383062469928,34.80695892195861,0 32.89339710787009,34.80715106154956,0 32.89335114379378,34.80736987679617,0 32.8930529472525,34.80759089552184,0 32.89250582673914,34.80793698454595,0 32.89235795669354,34.80806719085346,0 32.89222359554276,34.80812641567823,0 32.89208711227548,34.80821119655203,0 32.89208126010254,34.80882700385669,0 32.89215052999506,34.80884894901183,0 32.89236144258307,34.80949912147553,0 32.89231437218677,34.80957301452951,0 32.89233683103144,34.80983465849923,0 32.8925700020296,34.80980148096486,0 32.89228139687766,34.81017074424865,0 32.89229553173941,34.8102794813303,0 32.89228204822538,34.81082003898635,0 32.89227874827257,34.81090590421728,0 32.89219790980106,34.81123548500994,0 32.89185952599642,34.81149983497043,0 32.89177368331072,34.8114611033389,0 32.89170522502592,34.81152147330432,0 32.89148277020525,34.81143272424936,0 32.89128357987885,34.81137486231224,0 32.89128075543059,34.81163462951119,0 32.89122206862073,34.8116936593552,0 32.89119683109379,34.81184948671902,0 32.89105585440853,34.81192391635565,0 32.89085248307142,34.81186728947457,0 32.89064388635968,34.81192902045739,0 32.89071356915228,34.81207038078681,0 32.89051901464635,34.81208084667698,0 32.89014343026108,34.81213630826431,0 32.89010444784118,34.8120941083904,0 32.88973565984026,34.81219351088973,0 32.88964617152975,34.81220208463907,0 32.88964053566436,34.81225320015975,0 32.88953103982331,34.81240358795613,0 32.88957637697408,34.81247350090916,0 32.88958456977845,34.8125695953671,0 32.88968806206915,34.81266512179816,0 32.88971693527859,34.81269591193474,0 32.88934731874851,34.81276518766094,0 32.88935114785156,34.81280337768976,0 32.88983391088433,34.8128236675696,0 32.88974484322209,34.81295165304203,0 32.88978781469081,34.81303783683692,0 32.88963412262869,34.81305684264096,0 32.88949115473257,34.81321363280094,0 32.88920918016883,34.81331031347386,0 32.88900789290162,34.81348787085445,0 32.88909654043193,34.81355235704798,0 32.88887102872341,34.81381962656162,0 32.889102094286,34.81391517526326,0 32.88894501942576,34.81417308884799,0 32.88897392503104,34.81446590962662,0 32.88890969193346,34.81447519187731,0 32.88850127805206,34.81466576001122,0 32.88845305123007,34.81500983452163,0 32.88846614271041,34.81544439015328,0 32.88840134738279,34.81548498365272,0 32.88851582346604,34.81572755560647,0 32.88845467194606,34.81574720806935,0 32.88837529295559,34.81555849953952,0 32.88810423014198,34.81522715340701,0 32.88776574837019,34.81499557881875,0 32.88727810129951,34.81490003536722,0 32.88727259628367,34.81495578705783,0 32.88680122371985,34.81473587852521,0 32.88656475773013,34.81511813932465,0 32.88624824026975,34.81481774589129,0 32.88598523081988,34.81483872268604,0 32.88577169608939,34.81503157439294,0 32.88598598843236,34.81512742965588,0 32.88581462331793,34.81527198402312,0 32.88586398240002,34.8153870424507,0 32.88566978675788,34.81546476116032,0 32.88566279751718,34.81555759001706,0 32.8854072813077,34.81550538348149,0 32.88513145635467,34.81535819978897,0 32.88513098127343,34.81529097965515,0 32.88504277599624,34.8153087424558,0 32.88486012741802,34.81533559357252,0 32.8845369512313,34.81531011150231,0 32.88429146202576,34.81546180499519,0 32.88362650186767,34.81539726941372,0 32.88310748158366,34.81538922944159,0 32.88299364442565,34.8154840486288,0 32.88304694578137,34.81574515396592,0 32.88306190188526,34.81593621184285,0 32.88319230788545,34.81630143707519,0 32.88315306928241,34.8163543301149,0 32.88263980428865,34.8165607226886,0 32.88260638528682,34.81662162247361,0 32.88259642740571,34.81672036721971,0 32.88259742534328,34.81696617141339,0 32.88258802697689,34.81708577274578,0 32.88251144123554,34.81741879077771,0 32.88231450509397,34.81734349847986,0 32.88177759367225,34.81688009009349,0 32.88155635746268,34.81684001712123,0 32.88132134573529,34.81686165651249,0 32.88096006563243,34.81693310986111,0 32.8806671541251,34.81688737611082,0 32.8802356843136,34.81721753179065,0 32.88009603113859,34.81770824162209,0 32.87997953252734,34.81780891567877,0 32.88039964347676,34.81809934256067,0 32.88026922774491,34.81820374334148,0 32.87995178850362,34.81828948519378,0 32.87994541020905,34.8183649711948,0 32.87974377313523,34.81837673347148,0 32.87973120648842,34.81853963458048,0 32.8797111699476,34.81879935801066,0 32.87971813619445,34.81889408520456,0 32.87971686319577,34.8189155890389,0 32.87955165399449,34.81895433958166,0 32.87946475599541,34.8189378686947,0 32.8791816619508,34.81892120308571,0 32.87897181761667,34.81891280211802,0 32.87888610770751,34.81890397092295,0 32.87871566528214,34.81890710767841,0 32.87864709248103,34.81892157074768,0 32.87835329310585,34.81908181013807,0 32.87830057883423,34.81909609865869,0 32.87827544243076,34.81935085602032,0 32.87825302376424,34.81950945436593,0 32.8782457700861,34.8195212922151,0 32.87823315698932,34.8195256958167,0 32.87820981304844,34.81951968048657,0 32.87818652265087,34.81950328405961,0 32.87814889316412,34.81947793805518,0 32.87812377953188,34.81946598395916,0 32.87809864295709,34.8194584785112,0 32.87801780063207,34.81944335852997,0 32.87796752751884,34.81942834848657,0 32.87794066281607,34.81940748983512,0 32.87790126703315,34.81937620590625,0 32.87780460152718,34.8192928117936,0 32.87778668157232,34.81928088378267,0 32.87775435041942,34.81927335300761,0 32.87755294026086,34.81927411143192,0 32.87731192987078,34.8192821421947,0 32.87764216357163,34.81940493368005,0 32.87778922682598,34.81947961190991,0 32.87782861496076,34.81951237875892,0 32.87788916951465,34.81962381961448,0 32.87789171235291,34.81964953884985,0 32.87788129656784,34.81967526401003,0 32.8778310925194,34.81972445373951,0 32.87780400137647,34.81974660140434,0 32.87776975488735,34.81976130668156,0 32.87774997436328,34.81976123542572,0 32.87772123381464,34.81975520105788,0 32.87759200479807,34.81970876431918,0 32.87750050487678,34.81966839526121,0 32.87739827101394,34.81961760622799,0 32.87713469994227,34.81947132552096,0 32.87707753406499,34.8197395387252,0 32.87703676114037,34.81971929774272,0 32.87699680121782,34.81970365678728,0 32.87693929726611,34.81969603453904,0 32.87690154972181,34.81969293321364,0 32.87678456835472,34.81971030752124,0 32.87644214933903,34.81951183688761,0 32.87638309553443,34.81952472629273,0 32.87630066533434,34.81977129568557,0 32.87653617436904,34.81975390154804,0 32.87657871997525,34.81990986561995,0 32.87660320957981,34.81998544493045,0 32.87664965924921,34.8200568376113,0 32.87676160286822,34.82016362190836,0 32.87684466418818,34.82024736094548,0 32.87684639985456,34.82025923124598,0 32.87684632970765,34.82027257810326,0 32.87684085637149,34.82028738795992,0 32.87677720123997,34.82042210981427,0 32.87677170486124,34.82044136741811,0 32.87677161825985,34.82045768094334,0 32.87677153933365,34.82047251068303,0 32.87679834160696,34.82050523175881,0 32.87684646957872,34.82058548644947,0 32.87690647236811,34.82080073414512,0 32.87695069091659,34.82094029329254,0 32.87696849277236,34.82097446558112,0 32.877014927101,34.82103543548624,0 32.8771168470181,34.82114554198376,0 32.87729485701798,34.82130553679281,0 32.877322674142,34.82133017182997,0 32.87732965658826,34.82137023767701,0 32.87732026504734,34.82144583584731,0 32.87731653623381,34.82147103313133,0 32.87730923955469,34.82149028533505,0 32.87729117795249,34.82150504916056,0 32.87726049850209,34.82152570117199,0 32.87717568888924,34.82158026622528,0 32.877354584031,34.82175738404381,0 32.87755476151573,34.82199093058392,0 32.87762458084247,34.82205050128533,0 32.87767475374419,34.82208478985506,0 32.87787675789505,34.82219132376072,0 32.87807825906607,34.82229682285819,0 32.87814470231119,34.82231485719795,0 32.87836930186415,34.82235125457067,0 32.87834151721421,34.82238215025996,0 32.87815237861064,34.82256402398843,0 32.87820065878685,34.82261610153345,0 32.87856002871263,34.82301334647246,0 32.87858854228374,34.82306238606213,0 32.87862933438655,34.82317078960018,0 32.87868081977989,34.82329702822798,0 32.87877276059749,34.82359543519861,0 32.87884926766409,34.82375142230312,0 32.87893485339239,34.82389112912512,0 32.87910956546007,34.82418093534918,0 32.87910934246901,34.82420860794613,0 32.87889456298782,34.82436998618437,0 32.87872870122452,34.82444798870279,0 32.87853753612382,34.82454962798553,0 32.87850149936619,34.82456284607257,0 32.87847272542763,34.82456274251377,0 32.87813597602653,34.82449895868196,0 32.87758513957299,34.82440829100216,0 32.87746475989694,34.82438709564236,0 32.87736796133513,34.82436696421162,0 32.87734618726921,34.82436442450303,0 32.87733329966274,34.82442073161502,0 32.8773231055576,34.82451759873097,0 32.87719309239905,34.82440836285773,0 32.87715720336172,34.82439340396657,0 32.87707281252214,34.82436788962969,0 32.87702074821846,34.82435138999627,0 32.87691669530147,34.82430356002736,0 32.87673548647678,34.8242228262979,0 32.87669055822862,34.824216732018,0 32.87656464398673,34.82422221137674,0 32.87631639985766,34.82423466254814,0 32.87623011132047,34.82422841877161,0 32.87608097600434,34.8242041539866,0 32.87584903454442,34.82419441891162,0 32.87584274484835,34.82422481130562,0 32.87584189786322,34.82438420092623,0 32.87584434497498,34.82440053505471,0 32.87564272558561,34.82443836416275,0 32.87547163856453,34.82448371887462,0 32.87519668260567,34.82457489679128,0 32.87513113565471,34.82459816004986,0 32.87465134921172,34.82495783334149,0 32.87448462724289,34.82508062869857,0 32.87441433143152,34.82513240324189,0 32.87409140428137,34.82532253663157,0 32.87405898724668,34.82533131658727,0 32.87385392390957,34.82533947142942,0 32.87389289502522,34.82545083589501,0 32.8738963822731,34.82547160899169,0 32.87388728728048,34.82549085550646,0 32.87352802789946,34.8257490725364,0 32.87341980652676,34.82580799886065,0 32.87340536410581,34.82581832800854,0 32.87338160556703,34.82588942433234,0 32.87300219344833,34.82587914804422,0 32.87295363817471,34.82587897204782,0 32.87291583931741,34.82588476497212,0 32.87284733503758,34.82591566011378,0 32.87277156574917,34.82595987380108,0 32.87272278694686,34.82600121840968,0 32.87269558837801,34.82604264327438,0 32.87256284847096,34.82631502799917,0 32.87252090599421,34.82642313318541,0 32.87265730582281,34.82647553326493,0 32.87288002985482,34.82619161195092,0 32.87297842880002,34.82620745409573,0 32.8729642122786,34.82625568592292,0 32.8728878963487,34.8264022230473,0 32.87277569098085,34.82653379903964,0 32.87274251102789,34.8266849416172,0 32.87287504607822,34.82678774936507,0 32.87304555327596,34.82685213700695,0 32.87348968825201,34.82720373091685,0 32.87353624058353,34.8272424570565,0 32.87373577028839,34.82726097731766,0 32.87376622314346,34.82728333249999,0 32.87364045601299,34.82759726633384,0 32.87366166129425,34.82785818955256,0 32.87351600373974,34.82833830252023,0 32.87322391194565,34.82847664102638,0 32.87317764134105,34.82872227923797,0 32.87316305084762,34.82875966800493,0 32.8729004469164,34.8287646458013,0 32.8728698344756,34.82877194983786,0 32.87254160636181,34.82894129766066,0 32.87234997034999,34.82912745584868,0 32.87222706348381,34.82924119652023,0 32.87207273912177,34.82927517595663,0 32.87124773232964,34.82960448698189,0 32.87124400147418,34.82960568737401,0 32.87094406596314,34.82970217294946,0 32.87074447195486,34.82973823279755,0 32.87050279983135,34.82977128536185,0 32.87046937838055,34.8298092613306,0 32.87042669645472,34.82990986755969,0 32.87040648455142,34.83000496098898,0 32.87041319840186,34.83006964825864,0 32.87054184541133,34.83043842339222,0 32.87031741103219,34.83064260221307,0 32.86981992075517,34.83068942597409,0 32.86978011384092,34.8307122919806,0 32.86976010545194,34.83084208781714,0 32.86975988128088,34.83088378245332,0 32.8699250457563,34.83105351513753,0 32.87006163111801,34.83119064850086,0 32.86969800525178,34.83141863980435,0 32.86980591366024,34.83155030787206,0 32.86986925825224,34.83170070723353,0 32.86991523690754,34.8317703656478,0 32.87003678535953,34.83189242057909,0 32.87027283610357,34.83187938692323,0 32.87044992898203,34.83185918479192,0 32.87057269792232,34.83183554417332,0 32.87061869070524,34.83184907251183,0 32.8706280731855,34.83194401622632,0 32.87063455577155,34.83200579242837,0 32.87069684862673,34.83217627368452,0 32.87086111751459,34.83219077315007,0 32.87097759303956,34.83247263659621,0 32.8708034424737,34.83272912042865,0 32.87061338775729,34.832808339973,0 32.87044001453426,34.8328821736824,0 32.87010062201666,34.83301007395681,0 32.86989652108852,34.8330869885899,0 32.86980459579262,34.83311955165278,0 32.86934081515231,34.83331195612866,0 32.86915810801462,34.83337720516867,0 32.86913620829829,34.83338502604748,0 32.86890979732446,34.83322738966234,0 32.86870967681825,34.83303409905372,0 32.86869231283842,34.83300491473364,0 32.86851618989856,34.83270889227836,0 32.86829374944848,34.83216057958963,0 32.86794872169207,34.83175245530008,0 32.86791905184169,34.83160667900017,0 32.86831641909885,34.83134694885568,0 32.86847066445463,34.83098586411871,0 32.86850916918136,34.83062435483755,0 32.86841879661254,34.83043817481381,0 32.8681845930555,34.82981447405475,0 32.86797220003475,34.8296630070525,0 32.8679482953879,34.82957752881691,0 32.86802965962607,34.82917599474909,0 32.86803041967727,34.82903535454433,0 32.86814131151228,34.8288047083204,0 32.86825889530388,34.82846358088052,0 32.86810225564061,34.82814154025166,0 32.86807900267836,34.82793551505437,0 32.86810477907022,34.8276744173678,0 32.86830143901209,34.82735367263754,0 32.86830845256627,34.82718291801081,0 32.86782421353487,34.8266135481385,0 32.86762455945676,34.82636166882944,0 32.86754020806259,34.826190578595,0 32.86725280125398,34.82527032614809,0 32.86710631720594,34.82507279305808,0 32.8669988189294,34.8249278327941,0 32.86680452816345,34.82481158879087,0 32.8662942054385,34.82456358462264,0 32.86612457991716,34.82439217966329,0 32.86581728671198,34.82377322601189,0 32.86583776836252,34.82336644341493,0 32.86593724249524,34.82299511457779,0 32.86540191583324,34.82286756462613,0 32.86540153362132,34.8229378838856,0 32.86571045757748,34.82325547016372,0 32.86510801571202,34.82314776063697,0 32.86451868950831,34.82286931933248,0 32.86422036465182,34.82284309972999,0 32.86401316203729,34.82286242354716,0 32.86354286425475,34.82309675626212,0 32.86294347526366,34.82354659378196,0 32.8629725016356,34.82380789379738,0 32.86261963090382,34.82373123741638,0 32.86207746618054,34.82373926715081,0 32.86188707493032,34.82402486505188,0 32.86214794929379,34.82421670711216,0 32.86199418643429,34.82448737171296,0 32.86193343684873,34.82445700855208,0 32.86165561277058,34.82402400261232,0 32.86133046613285,34.8233346489798,0 32.86094623495099,34.82342362830783,0 32.86106058585365,34.82367520222749,0 32.86077403124639,34.82372435993114,0 32.86028062563692,34.82372753894813,0 32.86010602825847,34.82335519044023,0 32.86035126946913,34.82306477780067,0 32.86035818860583,34.82291411591791,0 32.86061566895721,34.8226137025217,0 32.85964030561465,34.8227557203079,0 32.85901265402115,34.82280359917363,0 32.85865372426461,34.82272188604311,0 32.85842808164726,34.82277126853776,0 32.85775959709038,34.82249249684281,0 32.85717661037985,34.82217385952736,0 32.85688118673471,34.82162524834494,0 32.85713280509203,34.82128463684963,0 32.85690738802377,34.8212938345097,0 32.85625529870442,34.82135667422538,0 32.85587187705944,34.8212999762393,0 32.85584943814789,34.82095331008849,0 32.85561614041128,34.82128394176188,0 32.85531657413359,34.82148372572368,0 32.85488322315385,34.82164282189792,0 32.85443819224611,34.82171145701427,0 32.85340646140462,34.82103949989966,0 32.85328470096613,34.82102899182867,0 32.85324152902713,34.82112426397275,0 32.85282639658356,34.82129346657446,0 32.85263476914906,34.82179503053119,0 32.85220155465704,34.82192900280945,0 32.85206143350008,34.82193349212793,0 32.85171627801179,34.82157052630298,0 32.85144592807733,34.82090144869505,0 32.85056732107677,34.82008438415632,0 32.85017263105905,34.81986689001669,0 32.85000877169674,34.81976078264001,0 32.84973688825734,34.81936795510257,0 32.849399239908,34.8184273275769,0 32.84934923678,34.81836448481792,0 32.84925230523164,34.81828818739808,0 32.8490652816799,34.81819451262875,0 32.84885463208115,34.81804443219462,0 32.84859534327741,34.81784867009511,0 32.84845246852423,34.81772201913042,0 32.84835643142427,34.81762254752466,0 32.84815919114057,34.81737289444958,0 32.8475764189203,34.8180545962409,0 32.84740408224079,34.81796321438813,0 32.84728581784778,34.81793047845094,0 32.847171959306,34.81791275804293,0 32.84709245199549,34.81794688005024,0 32.84693755127411,34.81800815182974,0 32.84671490412244,34.81803864898526,0 32.84659147628846,34.818040671342,0 32.84652944729573,34.81801795670948,0 32.84632952687275,34.81785962181004,0 32.84616417355599,34.81776933146927,0 32.84598859472416,34.81775435165267,0 32.84580348375221,34.81776143250545,0 32.8456624939129,34.81781566551221,0 32.84552048795148,34.81789884635714,0 32.84542649263183,34.81800484253636,0 32.84541556442538,34.81802691247139,0 32.84525278108797,34.81802573648809,0 32.84517314921113,34.81805176022181,0 32.84504479564497,34.81810706509153,0 32.84515487195267,34.81838241188932,0 32.84514663371995,34.81841088734733,0 32.8450330958811,34.81858136817961,0 32.84500873353717,34.81858127404698,0 32.84473965620089,34.81877110439625,0 32.84483027734223,34.81890205069354,0 32.84470202860294,34.81896183014211,0 32.84427647498108,34.81881954255023,0 32.84399655751574,34.81877325310329,0 32.84371035219638,34.81876209901381,0 32.84316750723547,34.81889561346635,0 32.84317891442539,34.81903127442393,0 32.84338548547748,34.81912248996312,0 32.84331820111868,34.81917245745805,0 32.84333415275288,34.81957937617051,0 32.84371924268724,34.82040965224609,0 32.84392058187464,34.82035015693904,0 32.84396284452831,34.82041561791214,0 32.8437424609999,34.82061065752765,0 32.84400851520965,34.82095324746219,0 32.84408429187739,34.82155126693531,0 32.84440397001789,34.82210502610338,0 32.84451224238902,34.82341642828638,0 32.84463832640562,34.82373838286988,0 32.84460945058339,34.82453189237872,0 32.84455248498107,34.82490839075199,0 32.84464693774191,34.82504618759114,0 32.84472163893643,34.82515516764412,0 32.84481772884716,34.82539663982205,0 32.84483403264462,34.82574328364373,0 32.84507951802274,34.82649264690819,0 32.84475356743808,34.82703888581072,0 32.84453291038838,34.82727913051433,0 32.84431657002233,34.82783081413529,0 32.84444266212203,34.82815276960769,0 32.84420463669783,34.82823221652228,0 32.84397276151862,34.82830163949514,0 32.84375970743728,34.82827569811199,0 32.84357044172084,34.82835030699897,0 32.84367225170502,34.82865710203887,0 32.84336573114373,34.82899747297785,0 32.84333258183081,34.8294694982955,0 32.84285109493897,34.82951283661033,0 32.84291761448272,34.82959848385217,0 32.84304487621522,34.82971450454113,0 32.84315331906262,34.82992588799265,0 32.84349967863844,34.83007791953273,0 32.84354077252609,34.83034931487979,0 32.84334481160428,34.83052938105742,0 32.84332587891508,34.83064483268266,0 32.84342803227378,34.83089135176712,0 32.84339614274387,34.83114237501199,0 32.84311578289373,34.83116640166728,0 32.84389971271892,34.83150095271427,0 32.8437948132155,34.83173662165632,0 32.84342264688544,34.83183563736277,0 32.84343963334074,34.83206173703551,0 32.84385238034137,34.83232452599002,0 32.84386276030977,34.83264101108291,0 32.8438312682464,34.83291114836107,0 32.84380399546495,34.83314509775195,0 32.84387495911096,34.833160436901,0 32.84383511038321,34.83338457407398,0 32.84345005660253,34.83362578448446,0 32.84365437204592,34.83375211254241,0 32.84344594725268,34.83399066064683,0 32.8431894881524,34.83410850702266,0 32.84288477866075,34.83449899764633,0 32.84289562163619,34.83473337459989,0 32.84292889889038,34.83494942606085,0 32.84290977860866,34.83509832204005,0 32.84275898390289,34.83526202098949,0 32.84272334533443,34.8353007093806,0 32.84271919889906,34.8354522415923,0 32.84268278550365,34.83550622479402,0 32.842465623509,34.83560009854623,0 32.84229202424509,34.83553718127907,0 32.84222898298258,34.83565600997225,0 32.84195955250796,34.83570637948907,0 32.84154906425717,34.83574266978655,0 32.84134170449051,34.83527098106089,0 32.84127276406956,34.83527341879598,0 32.8413675391994,34.83591786643393,0 32.84129144313237,34.83602311347062,0 32.84093471970215,34.83641412434695,0 32.84066733838188,34.83667829083037,0 32.8405228468447,34.83669125816714,0 32.84039757529176,34.83678548751938,0 32.84023203616122,34.83703381379235,0 32.84022415173002,34.83726381136848,0 32.84018706713611,34.83743415762386,0 32.8399893585225,34.83756869618959,0 32.83956571321944,34.83760763436229,0 32.83922764527358,34.83760631181146,0 32.83909832995234,34.83783312797578,0 32.83906743361812,34.83806844781667,0 32.83898823834095,34.83814120548679,0 32.83877750429156,34.83825674837905,0 32.83843884138279,34.83835825855044,0 32.83805545593655,34.83824579937716,0 32.83774410934047,34.83816339212032,0 32.83695588289775,34.83824418901261,0 32.83663154759627,34.83813737184651,0 32.83635318302164,34.83802802760253,0 32.83592637868003,34.83804529058483,0 32.83580473092904,34.83807999275965,0 32.835209828314,34.83821836960064,0 32.83483241437568,34.83820876209514,0 32.83468589318615,34.8380052173971,0 32.83444606739918,34.83804215721324,0 32.83422352242815,34.83793032303318,0 32.83425441175748,34.83769771058292,0 32.83342662800899,34.83780809655432,0 32.83326245357026,34.83781827076794,0 32.83272088361335,34.83781612457556,0 32.8324832813892,34.83803438589734,0 32.83209007556616,34.83791916391267,0 32.8319228081396,34.83789685007236,0 32.83203894483252,34.83824370664112,0 32.832100644567,34.83835761169049,0 32.83224051678934,34.83857466576281,0 32.83241643368294,34.83880268589803,0 32.83275430397977,34.83883920622475,0 32.83251635198451,34.83911700249332,0 32.83219570997105,34.83950271858015,0 32.83225456989302,34.839540839173,0 32.83269722383945,34.83962107572299,0 32.83286113400025,34.83965690564259,0 32.83301810158472,34.83975765819379,0 32.83276351783489,34.84007327586114,0 32.83262153989514,34.84021614166986,0 32.83250306038555,34.84026979607577,0 32.83235249822144,34.84019613126753,0 32.83222052600375,34.84031197409265,0 32.83206903183869,34.84039797164574,0 32.83193409220099,34.8404596788638,0 32.83207059104826,34.84069295450668,0 32.83211897295866,34.84083928341346,0 32.83213370968753,34.84112620023252,0 32.83216831334597,34.84138342814169,0 32.83233746554686,34.84164660182956,0 32.83249372485816,34.84186913186254,0 32.83273149399942,34.84218670011021,0 32.83285182246615,34.84237931881422,0 32.8329910397613,34.84271002852434,0 32.83305946843125,34.8427968987473,0 32.83338424011215,34.84283065984005,0 32.8337768106809,34.84305953604666,0 32.83399695605349,34.84302251936228,0 32.83424582240988,34.84312633980512,0 32.83463573984115,34.8432469535844,0 32.83484660677366,34.84311247509811,0 32.83497022388661,34.84330510606752,0 32.83514898136273,34.84361161340063,0 32.83494135358793,34.8437542224644,0 32.83447747242178,34.84393370629714,0 32.83394785818136,34.84412645992336,0 32.83371063620044,34.84427707010153,0 32.83365032220588,34.84448791517386,0 32.83347928350256,34.84454677387642,0 32.83329820933233,34.84463806897402,0 32.83312280109568,34.84488363937739,0 32.83302257429401,34.84518363050277,0 32.83287965618185,34.84548615995664,0 32.83275307171012,34.84580228481316,0 32.83260748732886,34.84599926041754,0 32.83245184680514,34.84623137671785,0 32.83299921678782,34.84637427096054,0 32.83322326961787,34.8467946204992,0 32.83321277615313,34.84690553217186,0 32.83313980106883,34.84703514074159,0 32.83292223270757,34.84719123903968,0 32.83273049049691,34.84718060702866,0 32.83282827031247,34.8473732315559,0 32.83284687574204,34.84740988571925,0 32.83251716319563,34.84759703548448,0 32.833103846157,34.84805872772894,0 32.83320604064274,34.84829765010888,0 32.83332968450106,34.84853371264438,0 32.83349308478667,34.84869042622803,0 32.83430773497127,34.84926491270772,0 32.83444835368522,34.84965416241294,0 32.83454066099938,34.84975170041172,0 32.83459213461452,34.85011409704727,0 32.83452535574655,34.85054080714367,0 32.83469274504008,34.85062686442595,0 32.83483817097389,34.85080411828379,0 32.83498598796187,34.85118456178281,0 32.83513808215362,34.85144429155803,0 32.8352433798723,34.85176567453826,0 32.83492763495266,34.85200588994901,0 32.83474337192835,34.85236440999045,0 32.83472140873607,34.85245560765203,0 32.83470209418319,34.85270582805327,0 32.83476684936817,34.85324201022445,0 32.83465761490085,34.85359788074835,0 32.83482973281957,34.85471458371931,0 32.83472610748558,34.85472006347099,0 32.8345550351907,34.8546516615446,0 32.83426285417137,34.85452388726721,0 32.83388866352591,34.85436928497843,0 32.8335070738883,34.85425882344773,0 32.83329693315723,34.85415198168568,0 32.83307281525609,34.85399208365919,0 32.8328374660939,34.85392047837187,0 32.83266971286415,34.85389625653525,0 32.83237969239208,34.85412399572276,0 32.83186740775925,34.85445523161875,0 32.8319961204247,34.85454588966122,0 32.83166544095746,34.85498984640626,0 32.83179703871406,34.85515427325205,0 32.83172589723826,34.85541896713265,0 32.83164502279416,34.85564811149942,0 32.83144687913472,34.85609532579937,0 32.83124914628637,34.85647151612358,0 32.83061690380902,34.85634607150075,0 32.83038791992529,34.85639979326837,0 32.83012888676706,34.85649163904157,0 32.8300723230514,34.85652965881825,0 32.83004667441463,34.8569475099087,0 32.82971701765878,34.857213903493,0 32.82928259775141,34.85726133981391,0 32.8287632295459,34.85710082439413,0 32.82817302028628,34.85715309712288,0 32.82788048765601,34.85730490103674,0 32.82681575962567,34.8574590713099,0 32.82659076676108,34.85795807162324,0 32.82610785677075,34.85835769425661,0 32.82611366256747,34.85849703571333,0 32.82576838461625,34.85859945259152,0 32.82558520786575,34.85875169061188,0 32.82554498673846,34.85882801708032,0 32.82491801241245,34.85892929693503,0 32.82473832445292,34.85905150065653,0 32.82466515604599,34.85909491256564,0 32.82436067022105,34.85902539075688,0 32.82397672445697,34.85894188983799,0 32.8238740195608,34.85893601153658,0 32.82367155641197,34.85898709614803,0 32.8235089402714,34.85902468319096,0 32.82318737395808,34.85903977326629,0 32.82259407927123,34.85905103098211,0 32.82246157993451,34.85903956682255,0 32.82225994574929,34.8589513342875,0 32.82193897200148,34.8588680821198,0 32.82108848178217,34.85865975065161,0 32.82053916794462,34.85852093236718,0 32.82040992132088,34.85852040713441,0 32.82034323081149,34.85858842921728,0 32.82037524292942,34.85877704760262,0 32.82040413859118,34.85893287302304,0 32.82046558175954,34.85918717282794,0 32.8205768092899,34.85943074761504,0 32.82058622463666,34.85951820190249,0 32.82056452620981,34.85982133384619,0 32.82060264325667,34.86009739341774,0 32.82060773755816,34.86035419441507,0 32.82058311809877,34.86059175434647,0 32.82012296968067,34.86105700559386,0 32.81983378648511,34.8611978784396,0 32.819557566024,34.8613879726127,0 32.8193455255936,34.86137618328046,0 32.81906441139783,34.86127669360669,0 32.8189452020389,34.86125981687381,0 32.81891163372452,34.86133070536831,0 32.81884169151724,34.86138778449119,0 32.81861345899556,34.86131309833407,0 32.81854390993232,34.86130461833059,0 32.81830120425855,34.86143201712804,0 32.81815088551747,34.86162808703772,0 32.81804063046506,34.86177515004615,0 32.81794794090096,34.86181714315005,0 32.81776057411069,34.86190618598772,0 32.81753677302452,34.86208733149913,0 32.81724540874555,34.8622712101244,0 32.81714663510031,34.86230390856588,0 32.81705498109421,34.86236672686569,0 32.81688127993608,34.86241266007027,0 32.81674602316531,34.86244069414411,0 32.81650648766048,34.86250591680604,0 32.81620471156771,34.86265081397148,0 32.81605479752794,34.8627227931895,0 32.81567325510886,34.862786109104,0 32.81554933716253,34.86295292504493,0 32.81554846095526,34.86332627321379,0 32.81544963058259,34.86345449108155,0 32.81542260832101,34.86358414300781,0 32.81550668037968,34.86384059875093,0 32.815184059501,34.8642080721505,0 32.81511445445813,34.86452763912649,0 32.8147451605285,34.86461945823062,0 32.81439132038057,34.86466808535553,0 32.81431960116925,34.86465185439604,0 32.81426467378627,34.86460040609038,0 32.81433893606042,34.86442428038898,0 32.81427200474472,34.86430220885706,0 32.81416061231243,34.86422434840252,0 32.81404335349665,34.86420337728082,0 32.81374934566441,34.86417826104395,0 32.8135219831409,34.86409423041071,0 32.81301451293731,34.86374382598995,0 32.81298986703765,34.86393609189177,0 32.81257954783597,34.86418823030762,0 32.81220297909914,34.86411382447372,0 32.81189582139231,34.86420702985694,0 32.81171633395161,34.86419945757582,0 32.8113473086125,34.86402035956028,0 32.81101176140812,34.86401327780999,0 32.81066889275846,34.86384794561044,0 32.81031782905582,34.8638942962719,0 32.80982112288103,34.86381824518261,0 32.80916111475504,34.86402380380377,0 32.8090986632516,34.86407362788666,0 32.80868051908325,34.86447369614151,0 32.80865050589451,34.86463861992259,0 32.80856702492634,34.86473957763186,0 32.80855624076891,34.86514703243828,0 32.80867658861473,34.86579065437456,0 32.809366358424,34.86749409705225,0 32.80920168455761,34.86754691050709,0 32.80803795755705,34.8674601077479,0 32.80761885871503,34.86733770332957,0 32.80749232954767,34.86747604360931,0 32.80761912031191,34.86751982738089,0 32.8075937376068,34.86760509195229,0 32.80781998592664,34.86764587508129,0 32.80789073344485,34.86871955481564,0 32.8086297558877,34.86892410885276,0 32.80838732952935,34.86926799371134,0 32.80814449826651,34.86922828073368,0 32.80793849363538,34.86926384658242,0 32.8077631283703,34.86925742340754,0 32.80762404616859,34.86919082368774,0 32.80751971635107,34.86931218247823,0 32.80737646196906,34.86925011825646,0 32.80733935184466,34.86899613031763,0 32.80710744090692,34.86897694857488,0 32.80693273366726,34.86908890580397,0 32.80680064804384,34.86923177617555,0 32.80664824453553,34.86930967935564,0 32.80586953875699,34.86904575825279,0 32.80561685575649,34.86925983194131,0 32.80576406841635,34.86957574804335,0 32.80528577891064,34.86986741653953,0 32.80500687359277,34.86963062589033,0 32.80446127783361,34.8703090186942,0 32.80359646674521,34.8707902849187,0 32.80346051839185,34.87110956543736,0 32.80333316678688,34.87115569832046,0 32.80316810123796,34.87126996887085,0 32.80307294868319,34.87169186517603,0 32.80338506633374,34.87214165508352,0 32.80310233343349,34.87229868455047,0 32.80282157450551,34.87236010657865,0 32.80265744619117,34.87232299013154,0 32.80244609029997,34.87232892908708,0 32.80242558769001,34.8725166559784,0 32.80252786365721,34.87295076697551,0 32.80240940620939,34.8731210071417,0 32.80226109915971,34.87320461305037,0 32.80217544942491,34.87342962854818,0 32.80200599289449,34.87358257943959,0 32.80229986817802,34.87407896411624,0 32.80250101723819,34.87416063018998,0 32.80238980846711,34.87516524945664,0 32.80223050809926,34.87546166401177,0 32.8020320043675,34.87539822181022,0 32.80161518115107,34.87601567922965,0 32.80165322390388,34.87611714479731,0 32.80144820498371,34.87621303126199,0 32.80142703682551,34.8762549535271,0 32.80127967352772,34.87654679881772,0 32.80133766220536,34.8769688660499,0 32.80174849582102,34.87697060124648,0 32.80158582371855,34.87713642341907,0 32.80166598410185,34.877242218818,0 32.80137479195915,34.87749630323896,0 32.80130654646107,34.87764032096268,0 32.80109782779139,34.87762834024039,0 32.80088811068985,34.87777731131043,0 32.8008403783442,34.87787146471009,0 32.80068447168158,34.87803175915577,0 32.80066357145522,34.87814267735531,0 32.80058244328075,34.87819229051733,0 32.80046818672996,34.87815295423845,0 32.80037368912996,34.87818585688186,0 32.80017747327791,34.87832932933188,0 32.79994133104062,34.87839493392361,0 32.79961100064276,34.87844348978767,0 32.79951643166854,34.87848749022518,0 32.79929945614959,34.87871968140136,0 32.79913698140186,34.87885219670797,0 32.79930012163209,34.87933468191774,0 32.79964907670374,34.8806182808495,0 32.80014286612532,34.88244086990944,0 32.80086789196807,34.88499152643669,0 32.80123693181201,34.88630295851046,0 32.80131338754764,34.88656604524115,0 32.80131606421487,34.88657525695474,0 32.80017849455674,34.88794009797603,0 32.79960824732547,34.88864812057882,0 32.79905854716967,34.88930072033009,0 32.79827112807325,34.89026312762906,0</coordinates>
						</LinearRing>
					</outerBoundaryIs>
				</Polygon>
			</MultiGeometry>
		</Placemark>
	</Document>
</kml>