<?xml version='1.0' encoding='UTF-8'?>
<kml xmlns="http://www.opengis.net/kml/2.2">
	<Document>
		<name>LEMESOS Community Cluster E</name>
		<Style id="PolyStyle80">
			<LabelStyle>
				<color>00000000</color>
				<scale>0.000000</scale>
			</LabelStyle>
			<LineStyle>
				<color>ffa9e600</color>
				<width>2.000000</width>
			</LineStyle>
			<PolyStyle>
				<color>00828282</color>
				<outline>1</outline>
			</PolyStyle>
		</Style>
		<Placemark id="ID_80008">
			<name>LEMESOS Community Cluster E</name>
			<snippet />
			<description>&lt;html xmlns:fo="http://www.w3.org/1999/XSL/Format" xmlns:msxsl="urn:schemas-microsoft-com:xslt"&gt;

&lt;head&gt;

&lt;META http-equiv="Content-Type" content="text/html"&gt;

&lt;meta http-equiv="content-type" content="text/html; charset=UTF-8"&gt;

&lt;/head&gt;

&lt;body style="margin:0px 0px 0px 0px;overflow:auto;background:#FFFFFF;"&gt;

&lt;table style="font-family:Arial,Verdana,Times;font-size:12px;text-align:left;width:100%;border-collapse:collapse;padding:3px 3px 3px 3px"&gt;

&lt;tr style="text-align:center;font-weight:bold;background:#9CBCE2"&gt;

&lt;td&gt;Σύμπλεγμα Ε&lt;/td&gt;

&lt;/tr&gt;

&lt;tr&gt;

&lt;td&gt;

&lt;table style="font-family:Arial,Verdana,Times;font-size:12px;text-align:left;width:100%;border-spacing:0px; padding:3px 3px 3px 3px"&gt;

&lt;tr&gt;

&lt;td&gt;NAME_GR&lt;/td&gt;

&lt;td&gt;Σύμπλεγμα Ε&lt;/td&gt;

&lt;/tr&gt;

&lt;tr bgcolor="#D4E4F3"&gt;

&lt;td&gt;NAME_ENG&lt;/td&gt;

&lt;td&gt;Community Cluster "Ε"&lt;/td&gt;

&lt;/tr&gt;

&lt;tr&gt;

&lt;td&gt;DISTRICT_N&lt;/td&gt;

&lt;td&gt;ΛΕΜΕΣΟΣ&lt;/td&gt;

&lt;/tr&gt;

&lt;tr bgcolor="#D4E4F3"&gt;

&lt;td&gt;SHAPE.AREA&lt;/td&gt;

&lt;td&gt;147515665,632809&lt;/td&gt;

&lt;/tr&gt;

&lt;tr&gt;

&lt;td&gt;SHAPE.LEN&lt;/td&gt;

&lt;td&gt;76088,40664&lt;/td&gt;

&lt;/tr&gt;

&lt;/table&gt;

&lt;/td&gt;

&lt;/tr&gt;

&lt;/table&gt;

&lt;/body&gt;&lt;script type="text/javascript"&gt;

				function changeImage(attElement, nameElement) {

				document.getElementById('imageAttachment').src = attElement;

				document.getElementById('imageName').innerHTML = nameElement;}

			&lt;/script&gt;&lt;/html&gt;

</description>
			<styleUrl>#PolyStyle80</styleUrl>
			<MultiGeometry>
				<Polygon>
					<extrude>0</extrude>
					<altitudeMode>clampToGround</altitudeMode>
					<outerBoundaryIs>
						<LinearRing>
							<coordinates> 32.7511271479046,34.77113394955178,0 32.75098551747246,34.77118879769809,0 32.75034015641945,34.77211826754497,0 32.75010412763991,34.77220598204262,0 32.75002945905092,34.77230553912026,0 32.74997371404649,34.77258835201084,0 32.74961056033123,34.7725755612846,0 32.74942943226259,34.7725025698183,0 32.74921144203664,34.77191876442075,0 32.74932092444358,34.77164730640698,0 32.74919683445809,34.77110279229042,0 32.74887589915618,34.77081823064712,0 32.74815196075991,34.77044853342995,0 32.74793108878593,34.77028654479052,0 32.74781134823837,34.77009172498945,0 32.74784033884691,34.76978658432448,0 32.74857949561105,34.76891307006833,0 32.74866868010948,34.76865816645254,0 32.74824709220214,34.768339833013,0 32.74742136669312,34.76810287078513,0 32.74734514702097,34.76811759032932,0 32.74725298951424,34.76813538587505,0 32.74709042049054,34.76830113947769,0 32.74697983776709,34.76873355611341,0 32.74664941055877,34.76885412067125,0 32.74638732238549,34.76881959361095,0 32.74595825585948,34.76861222436305,0 32.74574435108437,34.76841696258472,0 32.74567109174258,34.76831116124821,0 32.74584719088987,34.7681343741807,0 32.74628595052558,34.7679088570966,0 32.74639486021039,34.7677206528352,0 32.74620300443894,34.76725352152407,0 32.7459156109632,34.7669857610689,0 32.74530529430519,34.76672758796778,0 32.74487494294711,34.76670892461988,0 32.74451166333136,34.7667183223183,0 32.7440318988099,34.76703799715131,0 32.74385060264247,34.76699274482827,0 32.74371072831945,34.76679227058288,0 32.74370526566534,34.76660908070699,0 32.74417206992806,34.76621719642936,0 32.74419358811218,34.7660230347861,0 32.74406051712315,34.76581149356216,0 32.7431421692665,34.76535760296952,0 32.74300887646474,34.76517936274054,0 32.74300994907593,34.76502396055724,0 32.74353766587141,34.76457685751289,0 32.74359922969302,34.76442728624086,0 32.74327799903371,34.76419266340925,0 32.74275476441725,34.76399039019743,0 32.7425527975616,34.76401719102532,0 32.74183783130775,34.76430799901112,0 32.74164973412256,34.76427380973127,0 32.7415234817077,34.76405119941799,0 32.74146555954799,34.76367350177598,0 32.74162312824386,34.76325796031368,0 32.74232713367716,34.76260633355434,0 32.74252554760409,34.76211883076679,0 32.74247224061415,34.76204642273196,0 32.74198806668236,34.76203304503979,0 32.74173945170497,34.761998571695,0 32.74154563906774,34.76182004545514,0 32.74149378794681,34.76153673444965,0 32.74159017675033,34.76121526377138,0 32.74194262964285,34.76082284833704,0 32.74178920671332,34.76063896322611,0 32.74065086973469,34.75994149820313,0 32.74060376055518,34.75991263405698,0 32.74050700994705,34.75979987336431,0 32.74031088021916,34.75943102203186,0 32.74050177613366,34.759155976915,0 32.74071762328053,34.75877707234901,0 32.74054904855263,34.7586283112314,0 32.73992815286767,34.75871735904263,0 32.73943931040965,34.75863106737619,0 32.73926517291016,34.75858625352594,0 32.73895841415915,34.75879675622949,0 32.73873094263074,34.75875569092968,0 32.73851897720198,34.75857472387582,0 32.73835705957427,34.75816604145734,0 32.73826735436667,34.75782568339429,0 32.73814879962264,34.75745319645255,0 32.73807324295475,34.75716889622523,0 32.73789570542946,34.75691610789625,0 32.73775010783456,34.75678695763939,0 32.73737045560712,34.75658723388897,0 32.73713071136235,34.7564422142156,0 32.73664713266761,34.75614359080809,0 32.73644262430903,34.75600558992693,0 32.73622195654134,34.75580413501974,0 32.73600547632798,34.75559756037541,0 32.7356457376572,34.75539886871205,0 32.73509337223637,34.75514444705535,0 32.73467529868081,34.75497801960734,0 32.73446009652437,34.75488621179476,0 32.73439199308698,34.75483107414721,0 32.73434904619045,34.75474008705055,0 32.7343600701404,34.75464764463197,0 32.73452505432391,34.75450112395381,0 32.73459404479438,34.75442951172254,0 32.73462962516913,34.75438686000719,0 32.73463059545618,34.75424812184611,0 32.73447820698227,34.75407782007417,0 32.73417933342112,34.75378349362611,0 32.7339169423255,34.7536143788882,0 32.73349489508672,34.75342394900107,0 32.73320841748637,34.75343457014971,0 32.73268707704155,34.75349374183543,0 32.73243796551844,34.75350282776893,0 32.73221441954952,34.75341782711764,0 32.73211124406326,34.75333340191399,0 32.73205594389709,34.75322865215529,0 32.73187945408203,34.75294518233659,0 32.73173766602356,34.75274409752466,0 32.73157061501094,34.75259427705145,0 32.73130948749499,34.75254163908763,0 32.73121806516427,34.75255661704676,0 32.73090138991743,34.75272981137056,0 32.73063652196321,34.7529135304434,0 32.7304471256967,34.75298970041178,0 32.73025661936174,34.75292883560585,0 32.73014508411346,34.75285293336629,0 32.73000298619959,34.75269637894243,0 32.72987269271976,34.75233776184746,0 32.72980297919431,34.75221752623496,0 32.72960844508705,34.75213951109063,0 32.72918245217574,34.75221625513245,0 32.72894766583085,34.75225452085319,0 32.72873592686256,34.75226206608063,0 32.72865316855761,34.75222569795304,0 32.72848011543081,34.75204501276547,0 32.7281669989641,34.7517146318034,0 32.72796886167698,34.75155951752966,0 32.72784042612662,34.75152635426773,0 32.72770548418015,34.75153255485903,0 32.72761788490939,34.75159379625461,0 32.72747160825283,34.75173525894399,0 32.72724664019557,34.75214526272249,0 32.72696242321901,34.75213018801501,0 32.72676822126582,34.75200592322025,0 32.72647338755944,34.75173215104233,0 32.72635041398565,34.75151402222424,0 32.7261447214494,34.75125438339851,0 32.72609519493316,34.75121474744189,0 32.72590480472187,34.75113846019837,0 32.7257738813371,34.7511635199569,0 32.72558277950257,34.75147947716808,0 32.72546189111724,34.75155254488673,0 32.72538922054346,34.75155733186336,0 32.72526073605338,34.75153101687871,0 32.72498527027032,34.75145260350597,0 32.72479062237095,34.75139170817875,0 32.72427892312655,34.7515553757029,0 32.72405670864739,34.75157656514929,0 32.72386455182563,34.75145744409858,0 32.72386795719402,34.75127075738687,0 32.72387089798369,34.75114915782711,0 32.72398110641042,34.75082767251102,0 32.72410431361588,34.75042917042123,0 32.72387896568465,34.750308175763,0 32.72373349172011,34.75033658803309,0 32.72356489622606,34.75040599749552,0 32.72339183248239,34.75051991975234,0 32.72308249547665,34.75082673316199,0 32.72277540207637,34.75110957741083,0 32.72256698286376,34.75123360269591,0 32.72229343932436,34.75117746002167,0 32.72212036541257,34.75100190408674,0 32.7220311101078,34.75071370604149,0 32.72193532385674,34.75046829980096,0 32.72184518993508,34.7503034249178,0 32.72167200809665,34.75014328307073,0 32.72127204953735,34.75006254211577,0 32.72088178301602,34.75007776640115,0 32.72018428118583,34.75010519372468,0 32.71995825135421,34.75008010934994,0 32.7198182053826,34.74993040426332,0 32.71979211337449,34.74951747400436,0 32.71971324417213,34.74922932515469,0 32.71955411607355,34.74913605239151,0 32.71948379175368,34.74910316376903,0 32.71907037574114,34.74908546796227,0 32.71906680215093,34.74906709694826,0 32.71859893220436,34.74906752580461,0 32.71835820275859,34.74909626050989,0 32.71773785664015,34.74922375220966,0 32.71698716111314,34.74937915633789,0 32.71671837495141,34.74941454839542,0 32.7165340680499,34.74938644827906,0 32.71647171249861,34.74935214765281,0 32.71600400168209,34.74910237801942,0 32.71579221780733,34.74900071745609,0 32.71564263282905,34.74895511040698,0 32.71543681144611,34.74894050014792,0 32.71519756154751,34.74899235094029,0 32.71511822268996,34.74902867275674,0 32.71500189516783,34.7491681505335,0 32.71473411213444,34.74952035914222,0 32.71452994043185,34.74973282930939,0 32.71444539245353,34.74980583695736,0 32.71433789077661,34.74986377416435,0 32.7142751826318,34.74987842183713,0 32.71384359978295,34.74987221247483,0 32.71373893584254,34.7497656382441,0 32.71368488921964,34.74972186063461,0 32.7136508262553,34.74964826728357,0 32.7136804978099,34.74941862037603,0 32.7137627356508,34.7492096295986,0 32.71389273742856,34.74900223388268,0 32.71392622687029,34.74892761386075,0 32.71396009892759,34.7487999671629,0 32.7139558071478,34.74871020398048,0 32.71390895046991,34.74858351791651,0 32.71384551184616,34.74847170845209,0 32.71378848496065,34.74838440402471,0 32.71373760437377,34.7483583178407,0 32.71353175545558,34.74834778341341,0 32.71329749551288,34.74839285691672,0 32.7127967038681,34.74861745425437,0 32.71226418333681,34.74890036220691,0 32.71158214850917,34.7492239735657,0 32.71144079922917,34.74925373851973,0 32.71140798273159,34.7492613772667,0 32.7112335261377,34.74922445274618,0 32.71113564129089,34.74916987601627,0 32.71100571676438,34.74901597500037,0 32.71094124798667,34.74887141240847,0 32.71082375462571,34.74851022532688,0 32.7107158701555,34.74832938837073,0 32.71050944334036,34.7481841213571,0 32.71005265205865,34.74792943015445,0 32.70987839501421,34.74786545852335,0 32.70956205120626,34.74781881020684,0 32.70923412988182,34.74786225522866,0 32.70879641626065,34.74798628805817,0 32.70840337054523,34.7479753152414,0 32.70802183748745,34.74788326337924,0 32.70769483810903,34.74780049736731,0 32.70754242341405,34.74773663071147,0 32.70749933803417,34.74765528032815,0 32.70741389617783,34.74739341510122,0 32.70724142614259,34.74708604129279,0 32.70705836798615,34.74673353803581,0 32.70694056385691,34.7464174212656,0 32.7069090610278,34.74624597581189,0 32.70698714925125,34.74602098762193,0 32.70698840497984,34.7458497066263,0 32.70697821097095,34.74575048976931,0 32.70677206215412,34.74556915859554,0 32.70659721885998,34.74558631510654,0 32.70613774166496,34.74570121460676,0 32.70579884023008,34.74575361058752,0 32.70560262079114,34.74570755312193,0 32.70550480856924,34.7456439574146,0 32.70527715626962,34.7454174400407,0 32.70508146725946,34.7452992642846,0 32.70500529668733,34.74526282212157,0 32.70481632860692,34.74518136072184,0 32.70460293261971,34.74501616520809,0 32.70415344647882,34.74454414065829,0 32.70389558965961,34.74441174825504,0 32.70363163631406,34.74430845768483,0 32.70331867941754,34.74426925559754,0 32.70263574625641,34.7443447254466,0 32.70216215573625,34.74435084030326,0 32.7010599117798,34.74429528890516,0 32.70062983087958,34.74446567608472,0 32.70007655269384,34.74481710994714,0 32.69995047059214,34.74476427663222,0 32.69972475561247,34.74435491561383,0 32.69958136889036,34.7441651856519,0 32.69905909521238,34.74399381568429,0 32.69887003491102,34.74396124732961,0 32.69867989537918,34.7439639772505,0 32.69854099301742,34.74405310088349,0 32.69836149257862,34.74426219309342,0 32.69817486997818,34.74445768866336,0 32.69796020272664,34.74449199346346,0 32.69770867457259,34.74443762788503,0 32.69721337619843,34.74420174978088,0 32.69687684222095,34.74397183323569,0 32.69643926566511,34.74358612125604,0 32.69573648418075,34.74287233725315,0 32.69559904838416,34.742688111864,0 32.69549537035821,34.74246931762767,0 32.69514841428654,34.7414709596078,0 32.69530588309058,34.74106147241287,0 32.69482478414763,34.74089393465292,0 32.69508470615854,34.74050425077234,0 32.69513753928462,34.74036749150223,0 32.69513115630063,34.74023757393487,0 32.69521826492053,34.73984568926493,0 32.69520555564682,34.73939432778761,0 32.69533785563917,34.73890389190609,0 32.69532080844598,34.73831535480447,0 32.69485633505591,34.73806964604155,0 32.69440773921841,34.73785056037075,0 32.69439818860781,34.73776481544272,0 32.69458067323109,34.73766119210872,0 32.69482870307817,34.73746335502209,0 32.69486771120152,34.7372644530933,0 32.69484095002534,34.73715649089856,0 32.6946616231439,34.73686963240492,0 32.69459658067299,34.73679836647513,0 32.69451224859066,34.73677595918335,0 32.69441805680997,34.73687757285807,0 32.69423338018485,34.7371898114342,0 32.69417134819706,34.73722591161806,0 32.69383927988849,34.73719023045356,0 32.69358153129812,34.73724475361684,0 32.6930996036437,34.73719131134296,0 32.69280699347433,34.73718860221586,0 32.69211826012657,34.73706369371918,0 32.69195881808846,34.73706378369167,0 32.69130699182434,34.73719913863263,0 32.69068651431385,34.73699324175673,0 32.69053901000437,34.73699014647217,0 32.68981922690988,34.73734203053013,0 32.68960915303968,34.73731424687288,0 32.68932037955294,34.73719259028334,0 32.68907923457449,34.73719013687808,0 32.68881110747474,34.73725552212442,0 32.68739932976508,34.73707224288969,0 32.68682724404163,34.73664806859915,0 32.68615478695556,34.7362685267594,0 32.68562533003205,34.73611536052351,0 32.68549211257045,34.73601290977085,0 32.68556473646652,34.73582947657771,0 32.68625412990529,34.7356703783766,0 32.68650912891784,34.73559036395742,0 32.68737434772803,34.73517755252573,0 32.68774314769295,34.73496915185527,0 32.68774063381632,34.73493610049362,0 32.6874194972112,34.73487692693549,0 32.68718866907166,34.73492440666182,0 32.68697606758566,34.73470785651481,0 32.6870547783096,34.73420253379305,0 32.68704144214537,34.73403570547807,0 32.68679093260354,34.73391181269513,0 32.68678197017363,34.73373575469626,0 32.68660318890225,34.73365471668924,0 32.68636080493007,34.73362311856185,0 32.68545463834632,34.7336718489017,0 32.68527036030697,34.73373401825332,0 32.68519696094443,34.73372056986598,0 32.68517491331837,34.7337165293196,0 32.68511441611437,34.73367209759904,0 32.68509328658865,34.73364048817206,0 32.68507430658662,34.73352698730528,0 32.68504713943864,34.73348652702281,0 32.68483814952558,34.73326998245737,0 32.68479601642929,34.73319038334544,0 32.68480627379621,34.73304553398984,0 32.68485244497088,34.73299537255948,0 32.68495068098178,34.73292280019679,0 32.68498615839911,34.73287384155218,0 32.6847801547446,34.73266613442234,0 32.68464061863254,34.7325494908428,0 32.68447691631118,34.73260030336388,0 32.6843346580995,34.73264114787144,0 32.68404753856453,34.73266360171915,0 32.68388276874875,34.73265392791917,0 32.68373349058054,34.73261409331,0 32.68377049507546,34.73256514439228,0 32.68403622421,34.73234475829032,0 32.68413324909501,34.73223059895107,0 32.68417639689478,34.73217664198273,0 32.68418461219341,34.73209982347976,0 32.68419852677062,34.73187561252013,0 32.6843224189868,34.73184097401712,0 32.68466671593956,34.73172557345047,0 32.6847586254317,34.73168194885445,0 32.68495715212773,34.73166785606408,0 32.68518053316678,34.73163333152354,0 32.68519622467359,34.73149669855281,0 32.68511216590264,34.73135365347059,0 32.68496638791569,34.73105427564109,0 32.68476236968935,34.73065442127654,0 32.6846849277302,34.73050264160251,0 32.68410447625767,34.73049963677457,0 32.6838878539942,34.73064989321869,0 32.6837246718696,34.73076308194668,0 32.68357446949734,34.73084546421438,0 32.68337551321597,34.73091625386995,0 32.68305894064355,34.73099903318872,0 32.68286711107731,34.73064459966133,0 32.68284119397497,34.73059671316992,0 32.68314210674492,34.73045196585797,0 32.68322663749527,34.73040607225977,0 32.68336795795827,34.73027268777879,0 32.68343355994788,34.73019133896115,0 32.68352691595975,34.73015036844026,0 32.68358925795231,34.73010923796353,0 32.68365434969301,34.7300949439453,0 32.68383755966008,34.73008492025448,0 32.68398389579863,34.73006860848208,0 32.68410801448422,34.73006071718275,0 32.68434330320446,34.72999975446781,0 32.68445767624799,34.72991377984933,0 32.68430214160273,34.72978007657598,0 32.68428792940229,34.7297068490326,0 32.68427834261549,34.72960804002897,0 32.68442155666295,34.72922471856397,0 32.68454360474813,34.72890590761112,0 32.6846009913633,34.72873916917438,0 32.6846017500069,34.72863919432893,0 32.68451464714285,34.72863508617316,0 32.68438758721601,34.72864174428404,0 32.68431860774834,34.72877916132717,0 32.68415686145843,34.72907460056202,0 32.68411486109198,34.72915973043153,0 32.68395634234901,34.72922474928223,0 32.68348288919221,34.72933690426999,0 32.6832919439691,34.72939321819965,0 32.68294556044473,34.72949749627584,0 32.68271632909704,34.72953897883176,0 32.68240577004461,34.72959345177672,0 32.68217816221328,34.72961543529374,0 32.68212238703692,34.72957003359819,0 32.68223512704781,34.72931091995488,0 32.68227638645948,34.72912946654742,0 32.68240987533255,34.72905456769494,0 32.68250778094296,34.72899777109485,0 32.68258819731791,34.72871654288107,0 32.68268545307723,34.72835736925304,0 32.6827357000042,34.72815889419606,0 32.68279790142489,34.72794219109606,0 32.68229131425795,34.72794565679909,0 32.6820329234067,34.72793821803845,0 32.68204387386714,34.72785780542334,0 32.68208678517831,34.7276531941425,0 32.68195084702199,34.72766224246857,0 32.68188720597914,34.72768020021874,0 32.68171586968348,34.72787682702739,0 32.68154888662134,34.72808323052069,0 32.68149514471091,34.72815854431484,0 32.68133399774515,34.72818087220185,0 32.6809835601853,34.72823635323002,0 32.68051801340282,34.72828025951259,0 32.68019854064262,34.72834199631198,0 32.67987293734515,34.72843296143645,0 32.67975452379856,34.72846770269633,0 32.67961614155209,34.72840967581452,0 32.67962408431844,34.7283365627819,0 32.67960893268116,34.72819383119058,0 32.67953877428067,34.72809836556787,0 32.67952631352291,34.72798978667265,0 32.67956940784339,34.72776201187531,0 32.67962911367835,34.72767941546502,0 32.67938403321509,34.72766960279129,0 32.67896627715697,34.72764425590382,0 32.67831954944536,34.7276274647331,0 32.67780875032371,34.72760284803622,0 32.67767753121887,34.7275741183317,0 32.67747553955245,34.72753038738019,0 32.67717474450081,34.7274678511953,0 32.67688545429932,34.72744560864973,0 32.67634205280513,34.72743544534009,0 32.67624610954505,34.7274288458909,0 32.67599331799883,34.72746165864599,0 32.67590893559881,34.72748803906903,0 32.6757212519463,34.72750412382202,0 32.67563261652422,34.72750731700904,0 32.67536021085773,34.72740225057998,0 32.67522611257464,34.72736374951858,0 32.67479529870573,34.72730905866427,0 32.67466833373847,34.72730351460345,0 32.67451380726834,34.72723320505395,0 32.67442565870184,34.72717299874319,0 32.67400435827197,34.72684280543599,0 32.67379301134386,34.72667221825773,0 32.67357726428032,34.72649794816088,0 32.67339686525365,34.72633605850032,0 32.67325295256911,34.72623044564627,0 32.67317950187571,34.72618006954841,0 32.67289846902522,34.72604569042525,0 32.67248649514252,34.72584721980807,0 32.67241881920034,34.72581394241167,0 32.67219681988635,34.72568475146672,0 32.67203094803716,34.72555463579118,0 32.67186215088324,34.72542084665805,0 32.67178263337383,34.72539116450004,0 32.67152182486548,34.72531541288884,0 32.6712372968154,34.72525172860642,0 32.67100126389057,34.72521878022922,0 32.67057345204444,34.72515921376817,0 32.6703698985967,34.72512765551092,0 32.67019742395549,34.7250877262293,0 32.67008237970187,34.72506882924553,0 32.66991755381268,34.72499480078699,0 32.66968079272494,34.72486552559439,0 32.66947360607276,34.72473153079348,0 32.66931339155783,34.72463436173826,0 32.66908537036513,34.72452098208238,0 32.66893945817172,34.72448363104357,0 32.6687404043826,34.72444355895618,0 32.66850163818965,34.72438254926796,0 32.66838233755154,34.72434168124708,0 32.66817180312095,34.72425887374516,0 32.66808646563987,34.72421818538272,0 32.66785623051224,34.72419989279467,0 32.66768786429397,34.72420143668882,0 32.66743356295153,34.72423910091111,0 32.66713761904703,34.72431434011841,0 32.66705471321595,34.72434072206328,0 32.66685033584528,34.72441522819413,0 32.66653913637852,34.72455256570954,0 32.66645897419715,34.72460578591737,0 32.66633699459744,34.7247185260597,0 32.66624003642688,34.72484237305196,0 32.66614476347632,34.72493940514235,0 32.66598112226426,34.72509215757999,0 32.66579115596682,34.72521185032295,0 32.66554213800929,34.72532878984881,0 32.6652513794823,34.72549549574445,0 32.66498271501881,34.72566963296629,0 32.6648479289368,34.72572012187713,0 32.66471917460617,34.72575479303605,0 32.66447872161085,34.72572058936436,0 32.66418370719281,34.72567633946142,0 32.66399788569557,34.72564364663855,0 32.66369257986301,34.72559324442263,0 32.66328984789805,34.72553744377261,0 32.66293295466325,34.72547457134954,0 32.66286366262291,34.72545957036628,0 32.66270925548302,34.72537583422037,0 32.66244454250791,34.72523420319923,0 32.6623372584349,34.72516778895262,0 32.66222808644062,34.72515379307455,0 32.66208786192125,34.72514450585147,0 32.66164834887782,34.72525919697392,0 32.6613805773833,34.72531872299007,0 32.6609517367325,34.72539079483249,0 32.66077116146738,34.72544225246776,0 32.66057724629395,34.72549973500679,0 32.66052902373548,34.72543485574656,0 32.6604283292205,34.72528190870274,0 32.66029101619742,34.72509096916117,0 32.66008515077982,34.72479114787059,0 32.65986173138876,34.72447050388995,0 32.6597580358343,34.72432363728101,0 32.65961366918444,34.72409120453073,0 32.65948540228236,34.72387714606081,0 32.65937755910547,34.72369489860695,0 32.65926561537945,34.72347117316693,0 32.65919327229178,34.72328180140013,0 32.65916172838094,34.72316214483568,0 32.65911759688749,34.72295341638853,0 32.65907770967912,34.72258133296101,0 32.6590290721752,34.72238233397091,0 32.658930808479,34.72223881273091,0 32.65883067204413,34.7221969748699,0 32.65874520347605,34.72220496945717,0 32.65860825668685,34.72224370478366,0 32.65775246551958,34.72291585344868,0 32.65752274104047,34.72302458242198,0 32.65746135661286,34.72301014598426,0 32.65737653525282,34.72293354178428,0 32.65725077449686,34.72240268125451,0 32.65723095917357,34.72186676038616,0 32.65731070674924,34.72126652158156,0 32.65730544773132,34.7210606268935,0 32.65740903131801,34.72091736913342,0 32.65762143137254,34.72083956683097,0 32.65777852876383,34.72084606426061,0 32.65815319986069,34.72099193180748,0 32.65874100047428,34.72141250709397,0 32.65893583106269,34.72160306141692,0 32.65903512915547,34.72150321829898,0 32.6590863628401,34.72143268511775,0 32.65912720280983,34.72136209669022,0 32.65915823237069,34.72121742915703,0 32.65915896146016,34.7211251672783,0 32.65920953144948,34.72097416662046,0 32.65929741066531,34.7208705736956,0 32.65940983405422,34.72078534994247,0 32.65955707681447,34.72073357304582,0 32.65973941181358,34.72068091139046,0 32.65999580048963,34.72062972000809,0 32.66010640691464,34.72060993050507,0 32.66021593410822,34.72056224118882,0 32.66030641878021,34.72045758565435,0 32.66037170957303,34.72025194994198,0 32.6603705491473,34.72006955710373,0 32.66032561290703,34.72000065462818,0 32.66026117918873,34.71993271822291,0 32.6601267650524,34.71984080234912,0 32.66000252673925,34.71977683577086,0 32.65980819987863,34.71970283659866,0 32.65962809856222,34.71963749666035,0 32.65933511512819,34.71955116488482,0 32.65913813952109,34.71948358828251,0 32.65895300825353,34.71942864247922,0 32.65774118321278,34.71902691510509,0 32.65706221866315,34.71891604584372,0 32.65626866845198,34.7190470711509,0 32.65610502312155,34.71900387453245,0 32.65599620771067,34.71893841762223,0 32.65595921523519,34.71886207274537,0 32.65596656386113,34.71834886025178,0 32.65608635842109,34.71787292431225,0 32.65641642258664,34.71714997077345,0 32.65659298830131,34.71684354881965,0 32.65669952938931,34.71675952880133,0 32.65688124252697,34.71667309985855,0 32.65795930075117,34.71641107900306,0 32.65814066675729,34.71636976729611,0 32.65861320271134,34.71622287979221,0 32.65897945957032,34.71607983344268,0 32.65918471440496,34.71601406179357,0 32.65941916683278,34.71589613334982,0 32.65951489681969,34.71579136406397,0 32.65952845726612,34.71568849346338,0 32.65947113115695,34.71559342976047,0 32.65924257980743,34.71547755833124,0 32.65898481608819,34.71540154770974,0 32.65847845942122,34.7152933256625,0 32.65789331844855,34.71523869866019,0 32.65774484851291,34.71519828549757,0 32.65763519082282,34.71510657069497,0 32.65763141100894,34.71497976185813,0 32.65780614251752,34.71473900095334,0 32.65803306297724,34.71457380011291,0 32.65841766717175,34.71449660660522,0 32.65899414096378,34.71422082808802,0 32.65916311988373,34.71414938926175,0 32.65924713866951,34.71409252097986,0 32.65931173471277,34.71398407600768,0 32.65929826414168,34.71389626721289,0 32.65922007251466,34.71375312939389,0 32.65912608091807,34.71363798107514,0 32.65899951717471,34.71354004784877,0 32.6588636946363,34.7133459915031,0 32.65880766000947,34.71315154726665,0 32.65886188779766,34.71297353807689,0 32.65900429808543,34.71293458777655,0 32.65924596052032,34.71298586851809,0 32.65941722875113,34.71300082852102,0 32.65956731641767,34.71300748520733,0 32.65975304314487,34.71298508785924,0 32.65991772056939,34.7129380106633,0 32.65997776074233,34.71286814521621,0 32.65998696851487,34.71277811815832,0 32.65994374397941,34.7126913189558,0 32.65978667096143,34.71249277630156,0 32.65961824209503,34.71229768047099,0 32.65946273413668,34.71208042734663,0 32.65927372438038,34.71180099462685,0 32.65901585810226,34.71147051727228,0 32.65890136930726,34.71131515741531,0 32.65873055975211,34.71111497932092,0 32.65864271502895,34.71105046057545,0 32.6585069837985,34.71104440010245,0 32.65800176638313,34.71115557608461,0 32.6576933949616,34.71117706106638,0 32.65734015449082,34.71115026822718,0 32.65714873398986,34.71110120928204,0 32.6567226123398,34.71100215003067,0 32.65653554800041,34.71098827396299,0 32.65608815492739,34.71114812725626,0 32.65586964452679,34.71116498610313,0 32.65563277191886,34.71113796613012,0 32.65521561364415,34.7110301457745,0 32.65506669108461,34.71092891162044,0 32.65501133040766,34.7108307539004,0 32.65518140466734,34.71063079093409,0 32.6552483080533,34.7104586029702,0 32.65528811274395,34.71016523184907,0 32.65530321108542,34.70984082367166,0 32.65528248728656,34.70974665025734,0 32.65520611410161,34.70965456763142,0 32.65504876203158,34.70965881889662,0 32.654525956066,34.70984445755064,0 32.65416399505883,34.70997493468371,0 32.65397892228359,34.70997394228847,0 32.65379426257276,34.70992202250491,0 32.65359194156063,34.70976560034985,0 32.65349118381069,34.70963773577888,0 32.65345528325341,34.7095000331101,0 32.65361054843647,34.70899156855184,0 32.65367056831904,34.70880117117411,0 32.65365978673598,34.7085166479443,0 32.65354184992719,34.70853761970129,0 32.65308722439545,34.70866120799581,0 32.65289543263127,34.70864577409126,0 32.6528085807932,34.708598497195,0 32.65265723877844,34.70843564613331,0 32.65261924026101,34.70828060654254,0 32.65265532983167,34.70813316656825,0 32.65276082459101,34.7080329096722,0 32.65313664670185,34.70794490808911,0 32.65350409559959,34.70781364994796,0 32.65413873159538,34.70754339155699,0 32.65451978468087,34.70734738782065,0 32.65458192229767,34.70721449051869,0 32.65457549860385,34.70692999045807,0 32.65447195804915,34.70678900333041,0 32.65429357481769,34.70673403440734,0 32.65372198820477,34.70675977539039,0 32.65302749330691,34.70688207674095,0 32.65268252677931,34.70693063489777,0 32.65240743216841,34.70696876493734,0 32.65195805368256,34.70698435313041,0 32.6514345578337,34.70699593880718,0 32.65105434700818,34.7070875122298,0 32.65081809494905,34.70717625992329,0 32.65074965618619,34.70754677706795,0 32.65067410584487,34.70771920917375,0 32.65058175251805,34.70781233349367,0 32.65046428425569,34.70777569186103,0 32.6501420878146,34.70770553823866,0 32.64986675461765,34.70777246816961,0 32.64951701877245,34.70795224618535,0 32.64915627247375,34.70815528895623,0 32.64908377064525,34.70814543629974,0 32.64895053381953,34.70808794918729,0 32.64888675139097,34.7079456872527,0 32.64914192863083,34.70757177415559,0 32.64932534433211,34.70709655553161,0 32.64977287337291,34.70655653330308,0 32.65012733105702,34.7061863072788,0 32.65041592560556,34.70592925958718,0 32.65067419078922,34.70564366407412,0 32.65080296409919,34.70531006442,0 32.65077730153214,34.70517747088487,0 32.65061454486767,34.70505469433619,0 32.65044581688644,34.70499856384312,0 32.65026451974725,34.70503656507058,0 32.64995565748088,34.70527851958117,0 32.64972587695078,34.70547217474194,0 32.64943333051211,34.70564275347206,0 32.64907030876333,34.7057707235969,0 32.64873110340129,34.70587283423794,0 32.64831464072247,34.70579912086853,0 32.64800918976107,34.70562206185317,0 32.64762943838536,34.7053893786417,0 32.64741333964345,34.7053524776578,0 32.6472082752529,34.70540983484563,0 32.64699786748276,34.70563932189977,0 32.64678650308082,34.70598574032145,0 32.64684193464129,34.70642455685213,0 32.64685227560678,34.70660326811222,0 32.64680035741987,34.70669718555963,0 32.64664638442544,34.70676131653474,0 32.64616736560566,34.70663853153799,0 32.64585375617084,34.70649715411252,0 32.64550847537578,34.70616612086691,0 32.64521773948434,34.70590107047535,0 32.64482432966258,34.7058953224107,0 32.64428187350711,34.70593929019515,0 32.6440854792958,34.70589852036038,0 32.64393327569775,34.7058002432467,0 32.64365973622368,34.70557137463849,0 32.64335116657384,34.70534953348101,0 32.64313791207093,34.70523287697768,0 32.64278004116708,34.70515874115446,0 32.64220306140252,34.70514837443183,0 32.64118827467897,34.70510955362467,0 32.64063021237708,34.70516611308463,0 32.64029708390548,34.70518747208482,0 32.63997258089506,34.70513601814717,0 32.63986970835614,34.7049632412647,0 32.63990920288941,34.704552796307,0 32.63996438584055,34.704185490425,0 32.63978320491859,34.70378046010521,0 32.63968467746005,34.70356796558008,0 32.63888747318256,34.70295422622988,0 32.63871008736928,34.70280742858971,0 32.63813110199654,34.70251926081649,0 32.6375652497109,34.70229115976758,0 32.63719808403941,34.7022028945226,0 32.63693058936611,34.70214517476654,0 32.63640409141093,34.70210102781942,0 32.63601820211773,34.70208015263123,0 32.63569200797296,34.70198085860103,0 32.63557000479338,34.70190518984956,0 32.63548029307118,34.70176969984438,0 32.63544088336236,34.70159323990217,0 32.63554170327529,34.70148505005955,0 32.63559515783861,34.70137944543376,0 32.63603193687245,34.70051653607428,0 32.6360264780052,34.70040042265964,0 32.63597598309468,34.70032099419936,0 32.63588379664934,34.70025980131131,0 32.63599167366588,34.70015249305192,0 32.63611420042374,34.70022151194232,0 32.63761951202715,34.70139071612769,0 32.63963358264013,34.70295500526193,0 32.64069350908668,34.70381525066038,0 32.64098436186815,34.70405529022851,0 32.64107340075093,34.70395973573648,0 32.64149482820323,34.70295856888423,0 32.64211838047557,34.7014156433089,0 32.64213197181832,34.70138201256209,0 32.64254473371265,34.7005473755443,0 32.64227915368755,34.69858042044091,0 32.64363932456267,34.69591538317753,0 32.64568228187184,34.69498740651288,0 32.64835689895445,34.68972821558224,0 32.64668827166848,34.6869354307325,0 32.64461646320539,34.68346755511095,0 32.64433362893843,34.68072039199604,0 32.6459625809774,34.67813799332249,0 32.64742348821442,34.67243403736034,0 32.64744388090749,34.67235441174609,0 32.64806425285992,34.66974231212966,0 32.64810822478722,34.66700662534895,0 32.64811015462131,34.66688102439694,0 32.6481492490116,34.66433658300406,0 32.64818496739544,34.66172620432448,0 32.64820871939924,34.66058420753033,0 32.64761725255233,34.65811361954658,0 32.64764856101164,34.65811798571213,0 32.64796767101863,34.6579315480801,0 32.64805108771916,34.6578828127796,0 32.64824471805926,34.65783490115698,0 32.64850149835772,34.65762338900809,0 32.64860575878861,34.65750989661212,0 32.64860772927207,34.65750725917262,0 32.64860872109745,34.65750593145709,0 32.64860972696803,34.65750463623502,0 32.64861176613481,34.65750200981106,0 32.64861383229715,34.65749944927234,0 32.64861489498776,34.65749813257867,0 32.64861592128923,34.65749690773035,0 32.64861593993032,34.65749688524722,0 32.64861805284301,34.65749436270504,0 32.64861807477214,34.65749433662552,0 32.64861810437969,34.65749430065194,0 32.64862023553766,34.65749184937864,0 32.64862026184957,34.65749181880439,0 32.64862139430301,34.65749051583378,0 32.64862244435005,34.65748935145251,0 32.64862247504093,34.657489317285,0 32.64862468145822,34.6574868698344,0 32.64862471653189,34.65748683117215,0 32.64862476256823,34.65748677992085,0 32.64862696861253,34.65748442081347,0 32.64862700806516,34.65748437855797,0 32.64862821136097,34.65748309201793,0 32.64862928079361,34.65748198718967,0 32.64862932571614,34.65748194134402,0 32.64863162125908,34.65747957257826,0 32.64863167056441,34.65747952223787,0 32.6486317363061,34.65747945481688,0 32.64863401068351,34.65747718965945,0 32.64863406436782,34.65747713572579,0 32.64863533740363,34.65747586831761,0 32.64863642403239,34.65747482483898,0 32.64863648318661,34.6574747673152,0 32.64863886457852,34.65747247812629,0 32.64863892811169,34.65747241700924,0 32.64863901355116,34.65747233522141,0 32.64864135189032,34.65747016580433,0 32.64864142198434,34.65747010110024,0 32.64864276474872,34.65746885552829,0 32.64864386312654,34.65746787158065,0 32.64864393869048,34.65746780328647,0 32.6486464015524,34.6574655972677,0 32.64864648149531,34.65746552538024,0 32.64864658771969,34.65746543013023,0 32.648648985653,34.65746335734229,0 32.64864907106201,34.65746328276613,0 32.64865048354735,34.65746206083329,0 32.64865159149615,34.6574611355089,0 32.64865168346222,34.65746105824724,0 32.64865422343042,34.65745893538602,0 32.64865432086637,34.65745885453423,0 32.64865444895895,34.65745874762807,0 32.64865689994463,34.65745677054897,0 32.64865700175196,34.65745668790682,0 32.64865848394685,34.65745549231745,0 32.64865959819764,34.65745462470542,0 32.64865970655818,34.65745454027924,0 32.64866232143936,34.6574525032736,0 32.64866243636836,34.65745241345748,0 32.64866258741628,34.65745229579978,0 32.64866508708299,34.65745041621986,0 32.64866520747049,34.65745032551798,0 32.64866675827255,34.65744915897334,0 32.64866787336683,34.65744834995939,0 32.64866980262653,34.65744694922081,0 32.64867068573415,34.65744630721232,0 32.64867099432995,34.65744608273331,0 32.64867174275371,34.65744555842967,0 32.64867353613202,34.65744430063368,0 32.64867370135452,34.65744418481976,0 32.64867529449373,34.65744306797797,0 32.64867640717011,34.65744231484832,0 32.64867923098198,34.65744040374906,0 32.64867930318933,34.65744035527756,0 32.64867965766916,34.6574401156057,0 32.6486820884606,34.65743852880568,0 32.64868223723911,34.65743843187525,0 32.64868408275772,34.65743722741624,0 32.648684964409,34.65743667194485,0 32.64868519083814,34.65743652926309,0 32.64868786641807,34.65743484400622,0 32.64868816722885,34.65743465466215,0 32.64868856758132,34.65743440250182,0 32.64869079774922,34.65743304770352,0 32.64869117946822,34.65743281622338,0 32.64869311213234,34.65743164266535,0 32.64869374645156,34.65743127128322,0 32.64869421125307,34.65743099947614,0 32.64869672555934,34.65742952830493,0 32.64869726582195,34.65742921254311,0 32.64869771422133,34.6574289497035,0 32.64869972745495,34.65742781423939,0 32.64870035406148,34.65742746086444,0 32.64870237167021,34.65742632270849,0 32.64870274563084,34.65742612005307,0 32.64870345856603,34.65742573267087,0 32.64870579528789,34.65742446291774,0 32.64870658694939,34.65742403339314,0 32.64870708447137,34.65742376348325,0 32.64870886446378,34.65742283378426,0 32.64870974790102,34.65742237207104,0 32.64871185043912,34.65742127292292,0 32.64871194992755,34.65742122272708,0 32.64871292293583,34.65742073422768,0 32.64871506793298,34.65741965593572,0 32.64871612184564,34.65741912620165,0 32.64871666848258,34.65741885102437,0 32.64871820221487,34.65741810992508,0 32.64871934786901,34.65741755611551,0 32.64872135166708,34.65741658829781,0 32.64872153750699,34.65741649868593,0 32.64872259233935,34.65741600952074,0 32.64872453366858,34.65741510913347,0 32.64872585630951,34.65741449543505,0 32.64872645532287,34.65741421770424,0 32.64872772757899,34.6574136516387,0 32.64872914848802,34.65741301839097,0 32.64873093992115,34.65741222124113,0 32.64873141975215,34.65741200717147,0 32.6487324547459,34.65741156572711,0 32.64873417827837,34.65741083058324,0 32.64873578049604,34.65741014737527,0 32.64873643078343,34.65740986979208,0 32.64873742963545,34.65740946159804,0 32.6487391311817,34.65740876605555,0 32.64874070049619,34.6574081242205,0 32.6487414851515,34.65740780375369,0 32.64874249704149,34.65740740821779,0 32.64874399301965,34.65740682386566,0 32.648745881295,34.6574060864918,0 32.64874658393595,34.6574058117638,0 32.64874729745204,34.65740554518039,0 32.64874928830218,34.65740480179169,0 32.64875062354719,34.65740430351786,0 32.6487517227768,34.65740389290842,0 32.64875270720307,34.65740354236695,0 32.64875396586938,34.65740309435495,0 32.64875614559242,34.6574023181557,0 32.64875690166645,34.65740204899043,0 32.64875732227098,34.6574019095723,0 32.64876656029708,34.65739884232924,0 32.64887998329311,34.65733105912604,0 32.64896497645519,34.65728954852947,0 32.64911972331261,34.65722976384043,0 32.64912878833773,34.65722657978187,0 32.64912884187338,34.65722656100498,0 32.6491294984605,34.6572263411321,0 32.64913791826746,34.65722352662296,0 32.64913802751681,34.65722348997693,0 32.6491391723639,34.65722312637187,0 32.6491471131018,34.65722060436372,0 32.64914727696253,34.65722055254979,0 32.64915173915312,34.65721920867301,0 32.64915636519288,34.65721781568651,0 32.64915658693777,34.65721774871409,0 32.64916102042564,34.65721648498547,0 32.64916567563925,34.65721515879153,0 32.64916595416598,34.65721507936187,0 32.64917035677307,34.65721389487366,0 32.64917504116056,34.65721263547233,0 32.64917537646151,34.65721254538832,0 32.64917974710071,34.65721143923594,0 32.64918445738549,34.65721024751922,0 32.64918485163874,34.65721014768859,0 32.64918918813581,34.65720911806281,0 32.64919392213223,34.65720799492588,0 32.64919437533018,34.65720788715159,0 32.64919867550707,34.65720693314472,0 32.64920343321515,34.65720587858759,0 32.64920394535018,34.65720576467249,0 32.64920820812358,34.65720488447844,0 32.64921298736526,34.65720389759335,0 32.6492135584298,34.65720377934037,0 32.64921778271258,34.65720297205456,0 32.64922258129842,34.65720205463819,0 32.64922321237581,34.65720193385341,0 32.64922739599374,34.65720119766662,0 32.64923221283283,34.65720034971578,0 32.64923290391543,34.6572002282021,0 32.64923704360332,34.65719956130203,0 32.64924187760475,34.65719878281358,0 32.64924263087065,34.65719866147875,0 32.64924672444667,34.65719806385908,0 32.64925157561046,34.65719735483304,0 32.64925238777546,34.657197236372,0 32.64925643634192,34.65719670533155,0 32.6492613013915,34.65719606665994,0 32.64926217463368,34.65719595198039,0 32.64926617492542,34.65719548570682,0 32.64927105276987,34.65719491738651,0 32.64927198599069,34.6571948082883,0 32.64927593801154,34.65719440588008,0 32.649280826469,34.65719390790483,0 32.64928182075182,34.65719380619394,0 32.64928572123657,34.65719346583882,0 32.64929061921615,34.65719303820541,0 32.64929167454955,34.65719294658628,0 32.64929552350583,34.65719266648131,0 32.6493004299128,34.65719231008813,0 32.6493015452021,34.65719222945899,0 32.64930534154277,34.65719200869961,0 32.64931025419911,34.65719172263888,0 32.6493114305314,34.65719165390438,0 32.64931517099131,34.65719149067823,0 32.64932008989322,34.65719127585145,0 32.64932132507527,34.65719122170967,0 32.64932500966201,34.65719111421387,0 32.64932993263144,34.65719096971324,0 32.64933122774658,34.65719093197023,0 32.64933485537684,34.65719087839869,0 32.64933978022436,34.65719080602093,0 32.64934113526881,34.65719078557819,0 32.64934470485926,34.65719078412483,0 32.64934936212762,34.65719078219351,0 32.64934962941063,34.6571907820607,0 32.64935104437301,34.65719078162255,0 32.64935401812281,34.65719082352906,0 32.64935455483652,34.65719083138285,0 32.64935867511021,34.65719088830556,0 32.64935947800081,34.65719089962924,0 32.64936095178638,34.65719092009399,0 32.64936333085863,34.65719098823578,0 32.64936440095249,34.65719101835727,0 32.64936798428851,34.65719112061217,0 32.64936932272215,34.65719115871705,0 32.64937085532333,34.65719120188767,0 32.6493726376121,34.6571912782293,0 32.64937424319968,34.65719134685101,0 32.64937728857541,34.6571914782087,0 32.64937916139663,34.65719155841649,0 32.6493807506202,34.65719162699106,0 32.64938193728474,34.65719169530945,0 32.64938407611962,34.65719181774985,0 32.6493865836072,34.65719196108268,0 32.64938898856963,34.65719209871183,0 32.64939063550271,34.65719219359492,0 32.64939122770987,34.6571922358641,0 32.6493938975419,34.65719242834314,0 32.6493958682892,34.65719257013239,0 32.64939880314267,34.65719278140287,0 32.64940050778146,34.65719290349595,0 32.64941349721551,34.65719405686898,0 32.64946815140371,34.65718191791486,0 32.64954720081217,34.65717768556024,0 32.64965068254283,34.65717669564342,0 32.64973547561004,34.65716005737328,0 32.64979386942645,34.65715104811193,0 32.64984089803473,34.65715130487764,0 32.64991829122088,34.65711908039684,0 32.64999944585087,34.65708687567866,0 32.65006929956942,34.65705616376588,0 32.65016865148036,34.65704463145079,0 32.65034219870942,34.65703905963927,0 32.65061298919667,34.65703619213226,0 32.65082344019797,34.65701778833831,0 32.65103404833256,34.65697983348397,0 32.65121318143161,34.65693301870338,0 32.65126857265093,34.65690942422797,0 32.6513979850466,34.65683409850303,0 32.65154052277873,34.65676101515332,0 32.65167230529667,34.65671828776461,0 32.65181456414852,34.65667995868813,0 32.65191208657104,34.65664790490226,0 32.65200689186579,34.65662669792075,0 32.65205443203212,34.6565987166471,0 32.65216526801834,34.65654501120626,0 32.65226285916617,34.65650426893637,0 32.65241313942541,34.65644860597225,0 32.65255304760134,34.65637550762297,0 32.65268774960988,34.65629586401055,0 32.65279332877464,34.65624212949763,0 32.65285391030401,34.6562027065865,0 32.65293815712914,34.65615184280087,0 32.65300691686306,34.65609576313208,0 32.65310679184741,34.6560321554032,0 32.65321926904314,34.65594552104397,0 32.6533035142985,34.65589465609631,0 32.65336906852364,34.65585139056198,0 32.6534500459702,34.65582103735908,0 32.653534249963,34.65577530512162,0 32.65358715967604,34.65576019621393,0 32.65371497734558,34.65569673858028,0 32.65371790716179,34.65569526578032,0 32.65371794651728,34.65569524605966,0 32.65371913921538,34.65569464636127,0 32.65372085214202,34.65569381916605,0 32.65372093194013,34.65569378062932,0 32.65372334556136,34.65569261466711,0 32.65372381666115,34.6556923960455,0 32.65372393689441,34.65569234049561,0 32.6537268061213,34.65569100905465,0 32.65372696570628,34.65569093468557,0 32.65372759311077,34.65569064348851,0 32.65372981726845,34.65568965367689,0 32.65373001837197,34.65568956410065,0 32.65373188185611,34.65568873462843,0 32.65373284248869,34.65568832448172,0 32.6537330872926,34.65568821970457,0 32.65373588940717,34.65568702419525,0 32.65373617355531,34.6556869024018,0 32.65373620961928,34.65568688717917,0 32.65373895797897,34.65568576363501,0 32.6537392880018,34.65568562844976,0 32.65374057639659,34.65568510204223,0 32.65374204280943,34.65568452836215,0 32.65374241651389,34.65568438248324,0 32.65374497999868,34.6556833810143,0 32.65374514498571,34.65568331928115,0 32.65374556236807,34.65568316361006,0 32.65374826880031,34.65568215353228,0 32.65374872770494,34.65568198175255,0 32.6537494193384,34.65568172319082,0 32.6537514066805,34.6556810157689,0 32.65375191362293,34.65568083511086,0 32.65375389331734,34.65568013037161,0 32.65375456081565,34.65567990419434,0 32.65375511142095,34.65567971734996,0 32.6537577322554,34.65567882872776,0 32.65375832765199,34.65567862668552,0 32.65375840084836,34.65567860165213,0 32.65376092100354,34.65567778846773,0 32.65376156223734,34.65567758204825,0 32.65376293865493,34.65567713792451,0 32.65376412272639,34.65567677619012,0 32.6537648108883,34.6556765653965,0 32.65376733742392,34.65567579189493,0 32.65376750673335,34.65567574009025,0 32.65376807251397,34.65567557672718,0 32.65377057157044,34.65567485272854,0 32.65377135143301,34.65567462687023,0 32.65377210507987,34.65567440905077,0 32.65377381651359,34.65567394063693,0 32.65377464328557,34.65567371491183,0 32.65377672933458,34.65567314389224,0 32.65377707443894,34.65567305472485,0 32.65377795030213,34.65567282913911,0 32.65378034527532,34.65567221212004,0 32.65378126482386,34.65567197493914,0 32.65378138058467,34.6556719455192,0 32.65378363016232,34.65567140110658,0 32.65378459879082,34.65567116676945,0 32.65378605555362,34.65567081482387,0 32.6537869247513,34.65567061806625,0 32.65378794245601,34.65567038747437,0 32.65379023228876,34.65566986931862,0 32.65379075424522,34.65566975090471,0 32.6537912969141,34.65566963615547,0 32.65379355165757,34.65566916117076,0 32.65379466210511,34.65566892723621,0 32.65379547447014,34.65566875555846,0 32.65379687854654,34.65566848098983,0 32.65379804023712,34.65566825441256,0 32.65380021513748,34.65566782878206,0 32.65380142479462,34.6556676104542,0 32.65380356462071,34.65566722438886,0 32.65380481903913,34.65566699807479,0 32.65380497516009,34.65566696967092,0 32.6538069205332,34.65566664795951,0 32.65380822399784,34.65566643260233,0 32.6538097512577,34.6556661800187,0 32.65381028396585,34.65566609949709,0 32.65381163756388,34.65566589600138,0 32.65381365595339,34.65566559252662,0 32.65381454452503,34.65566545892698,0 32.65381505646077,34.65566538916405,0 32.65381703652199,34.6556651207379,0 32.6538184849997,34.65566492472327,0 32.65381935168559,34.65566480728796,0 32.65382042351613,34.65566467781446,0 32.65382191993043,34.65566449726092,0 32.65382381473523,34.65566426825742,0 32.65382417273933,34.65566422510165,0 32.65382536019576,34.65566409866079,0 32.6538272145017,34.65566390199529,0 32.65382880577695,34.65566373343017,0 32.65382900441361,34.65566371235874,0 32.65383061851188,34.65566356459225,0 32.65383225880336,34.65566341419572,0 32.65383384670837,34.65566326905923,0 32.65383402567857,34.65566325514377,0 32.65383571497507,34.65566312562019,0 32.65383743919588,34.65566299258981,0 32.65383869743809,34.65566289609841,0 32.65383917539048,34.65566286590374,0 32.6538408558547,34.65566276159626,0 32.65384263889499,34.65566265036816,0 32.65384355551182,34.65566259347314,0 32.65384427567007,34.65566255855724,0 32.65384610770413,34.65566247090646,0 32.65384769750235,34.65566239518866,0 32.65384841875152,34.6556623602758,0 32.65384957529866,34.65566232118989,0 32.65385112244996,34.65566226969071,0 32.65385304711444,34.65566220574113,0 32.65385328606253,34.65566219740474,0 32.65385454836857,34.65566217304259,0 32.65385651983373,34.65566213536852,0 32.65385797633779,34.65566210795173,0 32.65385815635393,34.65566210485687,0 32.65385999351275,34.65566209655011,0 32.65386140411216,34.65566208973683,0 32.65386302853485,34.65566208262906,0 32.65386346707186,34.6556620865784,0 32.65386483176658,34.65566210036867,0 32.65386694044732,34.65566212077827,0 32.65386789933252,34.65566213071207,0 32.65386825930108,34.6556621398472,0 32.65387041366913,34.65566219193802,0 32.65387168665571,34.65566222259585,0 32.65387276874698,34.65566224910588,0 32.65387388567636,34.65566229284281,0 32.65387511168235,34.65566234049523,0 32.65387735536311,34.65566242709543,0 32.65387763568731,34.65566243780739,0 32.65387853550565,34.6556624854353,0 32.65388082376784,34.65566260731945,0 32.65388195590258,34.65566266732599,0 32.65388249688452,34.65566269590582,0 32.65388428659432,34.65566281727615,0 32.65388537394532,34.65566289067765,0 32.65388735233488,34.65566302430268,0 32.65388774929717,34.65566305698105,0 32.6538887885954,34.65566314286674,0 32.65389120526716,34.65566334174038,0 32.6538921998566,34.65566342299176,0 32.65390154945116,34.65566439247166,0 32.65414051791737,34.65568108431231,0 32.65442283841684,34.65571340570424,0 32.65454381590872,34.65572945759124,0 32.65466798001042,34.65573526232151,0 32.65477052731017,34.65572555447017,0 32.65487616322061,34.65571842717819,0 32.65493201374875,34.65572386247355,0 32.65498177756557,34.6557138671296,0 32.65511848104523,34.65570434307204,0 32.65523661971562,34.65568702000984,0 32.65531747150222,34.65567206147121,0 32.65542645508194,34.65563416055484,0 32.65554162973562,34.65559885885023,0 32.65559778453524,34.65556580449193,0 32.65569124103191,34.65552781891315,0 32.65583756572102,34.65547985624774,0 32.65598080923629,34.65542930920315,0 32.65621756768091,34.65533307938925,0 32.65638264456614,34.65526982044893,0 32.65661312931847,34.65518125453838,0 32.65674386821567,34.65514090309948,0 32.6569088219732,34.65509303936136,0 32.65698659186253,34.65507549643165,0 32.65707052923521,34.65506312001464,0 32.65715763352461,34.65504306107248,0 32.65726024411686,34.65502565271681,0 32.65745314283485,34.6549779389047,0 32.65766461163241,34.6549380223852,0 32.65792913113754,34.65486503233355,0 32.65820586648664,34.65481776884708,0 32.65832391861548,34.65481070672067,0 32.65845427066955,34.65481910675248,0 32.65853802777782,34.65482982186696,0 32.65875850908668,34.65482844324236,0 32.65895721040228,34.65483207769786,0 32.659009958116,34.65483749433329,0 32.65906568639145,34.65485832275908,0 32.65912770536517,34.65486891989244,0 32.6592673941606,34.65487480300106,0 32.65946184994826,34.65490746393967,0 32.6596234394086,34.65493460505373,0 32.65987353793322,34.65496030351677,0 32.66027131512644,34.65493290965797,0 32.66054910071654,34.6549170330884,0 32.66073730584573,34.65479635736479,0 32.66091044110113,34.65471732448324,0 32.66109838588816,34.65462794032763,0 32.66135778586139,34.65454589672728,0 32.66150756823217,34.65449281466348,0 32.66159839886323,34.65444636683398,0 32.66180296894483,34.65438141078516,0 32.66192323093475,34.6543368599077,0 32.66228791146029,34.65424147769647,0 32.66247983068364,34.65417992909778,0 32.66267393874332,34.6541079616076,0 32.66282174618305,34.65403921926544,0 32.66301400795744,34.65393594695272,0 32.66323381317985,34.65380848453392,0 32.66349989066095,34.65368127111816,0 32.66371305535162,34.65359375724828,0 32.66386900198756,34.65355809041743,0 32.66400608847795,34.65351362892422,0 32.66422759399667,34.65343485258278,0 32.66463785445978,34.65342315905843,0 32.66484140577751,34.65348162850913,0 32.66499885354468,34.65351898735553,0 32.66516248381247,34.65357202608676,0 32.66555506163764,34.65366454540126,0 32.66577111767629,34.65373698979536,0 32.66601245873827,34.65380435474911,0 32.66616336974463,34.6538694929413,0 32.66635205574941,34.65394526533474,0 32.66646537790592,34.65397716932235,0 32.66663127054139,34.65401109381263,0 32.66683088897806,34.65403650746725,0 32.66715487066217,34.6540295566614,0 32.66729792571026,34.65402684870993,0 32.66746811053748,34.65405036453772,0 32.66769535623349,34.65404115348289,0 32.66792478816025,34.65402152331298,0 32.66821517636731,34.65400743497997,0 32.66859394468956,34.65398860465032,0 32.66872014472813,34.65398928203152,0 32.66882358453754,34.65394376453292,0 32.66904486725142,34.65389192569301,0 32.66917766114545,34.65385786686895,0 32.66939074098547,34.65377990476451,0 32.66964169724794,34.65370040693157,0 32.6698335673819,34.65364406252877,0 32.67001685336093,34.65360853397001,0 32.67024621316205,34.65359759124392,0 32.67041247535717,34.65358631077846,0 32.67059131325589,34.65358031334416,0 32.67072800085703,34.65358452100734,0 32.67093182492076,34.6536099501251,0 32.6711110032758,34.65356222901686,0 32.67124589794022,34.65352817900952,0 32.67136182117775,34.65349924226801,0 32.67152215383881,34.65344098831858,0 32.67163593126215,34.6534172560558,0 32.67175613089528,34.65337965015872,0 32.67184054579707,34.65334532927181,0 32.67201779039803,34.6532767342957,0 32.67226455525904,34.65319460008766,0 32.67232573534485,34.65317232591443,0 32.67244576498452,34.6531555798935,0 32.67260790316992,34.65313384357515,0 32.67267961361137,34.65310988649863,0 32.67273448282639,34.65308757805064,0 32.67287156388907,34.65304310655562,0 32.6729748945255,34.65301062414964,0 32.67313547996732,34.65292107586745,0 32.6732559675219,34.65284782856668,0 32.67345666986636,34.65273936984573,0 32.67359803420415,34.65268535877946,0 32.67380275865786,34.65259952103088,0 32.67406435762911,34.65250355365852,0 32.67425430777588,34.65242372184321,0 32.67447997944312,34.65234842575958,0 32.67467832932853,34.65227037628254,0 32.67486186336328,34.65220354819558,0 32.67497109549537,34.65216953109073,0 32.67511779480391,34.65211432089042,0 32.67530927277115,34.65204280579125,0 32.67540810620154,34.65200515650793,0 32.67558863117579,34.65195521474681,0 32.67577985965505,34.65191423839627,0 32.67594955887406,34.65187060107417,0 32.67620705628384,34.6518210675596,0 32.67652021843198,34.65174128886616,0 32.67663590115251,34.65171390690382,0 32.67679767488926,34.65169822194068,0 32.67689597233918,34.65172673736228,0 32.6770524296365,34.65179755159272,0 32.6772209154303,34.65190405889778,0 32.67725388854119,34.65192484673737,0 32.67725394948315,34.65192488476061,0 32.67728051592096,34.65193749548738,0 32.67730682696729,34.65194704412472,0 32.67730704919385,34.65194712494405,0 32.67733579748396,34.65195464900268,0 32.67733601761965,34.6519547063781,0 32.67736728334683,34.65195977967097,0 32.67736752972979,34.65195981998777,0 32.67739491744221,34.65196177923564,0 32.67739513999717,34.65196177531707,0 32.67742593747285,34.65196128615923,0 32.67742618847426,34.65196126068047,0 32.67745079846826,34.65195880075083,0 32.67745086397633,34.65195878650053,0 32.67749766442032,34.65194878762946,0 32.67759629023399,34.65193658554972,0 32.6777134519911,34.65191684467086,0 32.67786140207008,34.65189726795619,0 32.67809710998363,34.65187688156146,0 32.6783450817212,34.65186292212279,0 32.67856687333676,34.6518500966392,0 32.67873481525153,34.65183316870981,0 32.67883824377863,34.65179808622979,0 32.67900520846914,34.65171116575973,0 32.67908872748165,34.65166325224955,0 32.67918148157462,34.65161538731911,0 32.67937142501748,34.65154258619759,0 32.67957071714886,34.65145583648643,0 32.67977163084014,34.65135891485833,0 32.67984751191514,34.65130332544096,0 32.6798862938833,34.65126662815518,0 32.68000366811918,34.65122016501249,0 32.6800577634813,34.65119372787626,0 32.68012576320752,34.65116100244369,0 32.68035283464382,34.65106548985884,0 32.68045481430396,34.65101894535663,0 32.68065190157291,34.65091627164588,0 32.68070177431515,34.65089111858215,0 32.68092481994009,34.65076946873826,0 32.68110182092438,34.65077421737396,0 32.68126023709565,34.65079286569631,0 32.68144341770358,34.65079510135208,0 32.68160815583349,34.65079342215369,0 32.68168517848632,34.6507874652652,0 32.68175929488723,34.65075985993618,0 32.68183974223511,34.65071065641597,0 32.68202211513247,34.65062126858962,0 32.6821562266894,34.65059906783738,0 32.68226610685061,34.650527113599,0 32.68235127319212,34.65046520943367,0 32.68246568917149,34.65040345890477,0 32.68253526771336,34.65036564920746,0 32.68258003285317,34.65035061465234,0 32.68262657086385,34.65030632191435,0 32.68269165318059,34.65025322042265,0 32.6827597644347,34.65020649569679,0 32.68281560018362,34.65015461682139,0 32.68282272608557,34.6501482060366,0 32.68282326572719,34.65014772064371,0 32.68282402420432,34.65014706093387,0 32.68282634668622,34.65014504406481,0 32.68282700009178,34.6501444760321,0 32.68282997598247,34.65014189022877,0 32.68283107483902,34.65014093572042,0 32.68283305780872,34.65013927224781,0 32.68283365313494,34.65013877347758,0 32.68283615920823,34.65013667054421,0 32.68283734876973,34.65013567300092,0 32.68283902641789,34.650134264753,0 32.68283926496065,34.65013407155632,0 32.68284108029577,34.6501326005632,0 32.68284242073388,34.65013151416626,0 32.68284484117824,34.65012955344306,0 32.68284557759434,34.6501289576804,0 32.68284711827526,34.6501277095387,0 32.68284862815838,34.65012652802601,0 32.68285245319429,34.65012353516098,0 32.6828533416156,34.65012284063138,0 32.68285534713176,34.65012127187192,0 32.68285629344685,34.65012055675896,0 32.68286018044761,34.65011761994627,0 32.68286119021367,34.65011685722011,0 32.68286370970792,34.65011495354707,0 32.68286407397257,34.65011468855928,0 32.68286802293819,34.65011180779895,0 32.6828722059935,34.65010875726847,0 32.68287597738322,34.65010610141482,0 32.68287998612488,34.65010327850396,0 32.68288083053084,34.65010268392344,0 32.68288404159757,34.65010050168972,0 32.68288811011554,34.65009773662843,0 32.68288958221879,34.65009673621349,0 32.68289221557784,34.65009500952502,0 32.68289634168357,34.65009230411061,0 32.68289845886879,34.65009091593582,0 32.68290049604117,34.65008962761666,0 32.68290467864383,34.65008698184619,0 32.68290745720493,34.65008522398337,0 32.68290887862079,34.65008435685468,0 32.68291311662264,34.6500817725283,0 32.68291335170376,34.65008162890356,0 32.68291657394435,34.65007966305203,0 32.68291736549837,34.65007919724476,0 32.68292165562691,34.65007667435391,0 32.68292217494581,34.65007636920276,0 32.68292580690198,34.65007423403759,0 32.68293029345437,34.65007169272619,0 32.68293463898532,34.65006923037778,0 32.68293515279496,34.65006893963584,0 32.68293902793361,34.65006682493502,0 32.68294342230844,34.650064426718,0 32.68294460835081,34.65006377983829,0 32.68294785577842,34.65006207457772,0 32.68295230117882,34.65005974049776,0 32.68295417246498,34.65005875824795,0 32.68295677480025,34.65005744345152,0 32.68296126904455,34.65005517350297,0 32.68296177071058,34.65005492059129,0 32.68296384186496,34.65005387485624,0 32.68296578390827,34.65005293155361,0 32.68297032481137,34.65005072663224,0 32.68297138708671,34.65005021104586,0 32.68297361108969,34.65004913145194,0 32.68297487873228,34.65004854067552,0 32.68297946629073,34.65004640168279,0 32.68298348012888,34.65004453073941,0 32.68298406036313,34.65004427082008,0 32.68299332223864,34.6500401264776,0 32.68299344462267,34.65004007180579,0 32.68299394285124,34.65003986215586,0 32.68301209107675,34.65003221704715,0 32.68310930744133,34.65000346025662,0 32.68314641654329,34.64998329513342,0 32.68319917357053,34.64993139996623,0 32.6832703420165,34.64988723677259,0 32.68338793559161,34.64981277651223,0 32.68349175663534,34.64972806487386,0 32.68358614811072,34.64966748009842,0 32.68366986493084,34.64959411529056,0 32.6837846240913,34.64948910170424,0 32.68384333352011,34.64946268655856,0 32.68397011386726,34.64939463649824,0 32.68402910779289,34.64933259389663,0 32.68409585098169,34.64926423036448,0 32.68419953699272,34.64919605893111,0 32.68424774626951,34.64913523232658,0 32.68434252268981,34.64902629552459,0 32.68443857302724,34.64895044879005,0 32.68455766337455,34.64888108639514,0 32.68470451386587,34.64880550516772,0 32.6848110965994,34.64876025349405,0 32.68490389444094,34.64870602257091,0 32.68507551757421,34.64861275665525,0 32.68522543514097,34.64853846371183,0 32.68536142617862,34.64847300516765,0 32.68546961908912,34.64841885409736,0 32.68550834594343,34.64838851746637,0 32.68556126353382,34.6483162618487,0 32.68559372093002,34.6482998891042,0 32.68562141031505,34.64830257927847,0 32.68567720307065,34.6482557886872,0 32.68578702364971,34.64819019369098,0 32.68584475582819,34.6481584157821,0 32.68592025958786,34.64811685663576,0 32.68606901434368,34.6480406764673,0 32.68612720867512,34.64801559487137,0 32.6862052908785,34.64800269918727,0 32.68628977066886,34.64798896260832,0 32.68637486697745,34.64794735754033,0 32.68645697707115,34.64792675542359,0 32.68651798403754,34.64790439251027,0 32.68656774075295,34.64785491852329,0 32.68661588607527,34.64784114962225,0 32.68665281818824,34.64781564713123,0 32.6867210155545,34.64776694795491,0 32.68680594947819,34.64774636096957,0 32.68693071600348,34.64769094311552,0 32.68707171475891,34.64764457072609,0 32.68717718656166,34.64761932687445,0 32.68727923809976,34.64756893290816,0 32.68742941752811,34.64751597943597,0 32.68754876356505,34.64743017092973,0 32.68763706087294,34.64733953470517,0 32.68770239386627,34.64729549096973,0 32.68790086148093,34.64721008484359,0 32.68796615818492,34.6471707132206,0 32.68801139923249,34.64713856966885,0 32.68808177916209,34.64711314599892,0 32.68812494058751,34.64707791764424,0 32.68817630368181,34.64703631968552,0 32.68839726996688,34.64696503960442,0 32.68850506040479,34.64691186919947,0 32.68866426868743,34.64678655867381,0 32.68870318416583,34.64676419414759,0 32.68890748464221,34.64665969988918,0 32.68916774775176,34.64654229727793,0 32.6893919468572,34.64644449859894,0 32.6895843029513,34.64633664452391,0 32.6897489529736,34.64619896824961,0 32.69015714558817,34.64604273909624,0 32.69025760220641,34.64595090853238,0 32.69035353836772,34.64592830877017,0 32.69050960337115,34.64586973760525,0 32.69086213459713,34.64568684067267,0 32.69094620138875,34.64565098930597,0 32.6911421408038,34.64559591603685,0 32.69137007312447,34.64553111085843,0 32.69146989952906,34.64552172127419,0 32.69188458352198,34.64556009263494,0 32.69216794959832,34.64555162853226,0 32.69230393596713,34.64550944279125,0 32.69268032631289,34.6453365548733,0 32.69296108131216,34.64514669453887,0 32.69312951372349,34.64503541659217,0 32.69338176055951,34.64492126252003,0 32.69371774471737,34.64481412440695,0 32.69382554897826,34.64480477366068,0 32.69394549865977,34.64477239894899,0 32.69406148233577,34.6447367057517,0 32.69433669121919,34.64475128040403,0 32.69451621507906,34.64475548128733,0 32.69495174635981,34.64467522320612,0 32.69523947433922,34.64461730697857,0 32.69561493096471,34.64456642513407,0 32.69579086334915,34.64451784095182,0 32.69608671879352,34.64444017632403,0 32.69633464662956,34.64436886514304,0 32.69673862838904,34.64423897515695,0 32.69699852398284,34.64416772393279,0 32.69738262898587,34.64402783822935,0 32.69768254639558,34.64394029690852,0 32.69795475761791,34.64382293480106,0 32.69819070991237,34.64375156132135,0 32.69843332623599,34.64369169047577,0 32.6987698335791,34.6436086487716,0 32.6988896608961,34.64355933283902,0 32.69918607335698,34.64340996039725,0 32.69943100962583,34.64332244499526,0 32.69954798235187,34.64329529860075,0 32.69973106451296,34.64322300396874,0 32.69984535994581,34.64319473376636,0 32.70005635365082,34.64315807239279,0 32.70029412870395,34.64312930850236,0 32.70050511261095,34.64309375514315,0 32.70062483579886,34.64305774664194,0 32.70084983507529,34.64294461896502,0 32.70096826744557,34.64290194865173,0 32.70136463790461,34.64266765884603,0 32.70154279691192,34.64253654970136,0 32.70166702970671,34.64243733875537,0 32.70177795736323,34.64232253295138,0 32.70194181161646,34.64213145444733,0 32.70200803671522,34.64207077741826,0 32.70220720537147,34.64182441432037,0 32.70232251469783,34.64166304209827,0 32.70245970172775,34.64144853870615,0 32.70259268414681,34.64125730553918,0 32.70272822321459,34.64108272422418,0 32.7028256192344,34.64098227021826,0 32.70286749202281,34.6409469829616,0 32.70290917126499,34.6409372070183,0 32.70300097163914,34.64086667278222,0 32.70312530721517,34.64075304143707,0 32.70344347029221,34.64056494345431,0 32.70353231417852,34.64052988916973,0 32.70372425346601,34.64043701847501,0 32.70388798822338,34.64043559244802,0 32.70391084524277,34.64045471688863,0 32.70409160893247,34.64052718273872,0 32.70422371272074,34.64059269892359,0 32.70436649825253,34.64067727825267,0 32.7044459463032,34.64072799500231,0 32.70457354198815,34.64085275847822,0 32.70458417976884,34.64087741440348,0 32.70467822242099,34.64096622491172,0 32.70490381844543,34.64119323916008,0 32.70505316735666,34.64130468946482,0 32.70523640156468,34.64140847960644,0 32.70540104947428,34.64146520804243,0 32.70555024873282,34.64148601476387,0 32.70584830587448,34.64147084730621,0 32.70615981130312,34.64145241752607,0 32.70636248315957,34.64145008946581,0 32.70669623214457,34.64150719434602,0 32.70683620752578,34.64153043654043,0 32.70713065761419,34.64156146608958,0 32.70725939301998,34.64157541001574,0 32.7075331606568,34.64157786621161,0 32.70778658106561,34.64160906080924,0 32.70802518588244,34.64164683715409,0 32.70814987920067,34.64166297818073,0 32.70842710363958,34.64174087624348,0 32.70870662461846,34.64183374908974,0 32.70880922058745,34.64186556563168,0 32.70889309439323,34.64186821337952,0 32.70900511168519,34.64190678627889,0 32.7092211857027,34.64197659640093,0 32.70946143890355,34.64197444744978,0 32.70954864668088,34.64197820249177,0 32.70966726471955,34.64191001415241,0 32.709873258015,34.64182339645503,0 32.71002980536068,34.64170880610875,0 32.71029803991431,34.64155483125312,0 32.71039519400327,34.64148542740148,0 32.71055144694922,34.64140965779079,0 32.71092179249774,34.6412406519336,0 32.71103490737389,34.64119018216362,0 32.71121387314499,34.64112783261638,0 32.71150114802515,34.64109414461861,0 32.71160376112637,34.64114280025204,0 32.71183284645551,34.64131077854645,0 32.71196622736728,34.64141221684567,0 32.71208762555623,34.64148560068521,0 32.71222244019712,34.64152739404639,0 32.71233113447395,34.64156108897892,0 32.71244830997168,34.6415892453041,0 32.71259432450766,34.64160708356548,0 32.71263565427363,34.64162060124994,0 32.71282873375725,34.64165483711066,0 32.71304365524794,34.64169203403017,0 32.71311494313223,34.64169999321604,0 32.71329549924711,34.64171514886161,0 32.71344156981204,34.64172537867488,0 32.71356232347299,34.6417354839469,0 32.71362785348499,34.64174436504263,0 32.7137036495147,34.64176566010646,0 32.71375652054392,34.64177447896133,0 32.71392789841999,34.64178578355445,0 32.71396399454557,34.64178802004724,0 32.71399028192943,34.64178919682722,0 32.7140165902534,34.64178999322728,0 32.71404291078505,34.64179041102983,0 32.71406666718831,34.64179044599742,0 32.71406761940803,34.64179044732851,0 32.71406923698265,34.64179044931811,0 32.71409556012301,34.64179010717012,0 32.71412187147672,34.64178938546695,0 32.71414515577537,34.64178841146106,0 32.71414653577266,34.64178835339525,0 32.71414816340521,34.64178828509213,0 32.71417442827598,34.64178680512632,0 32.71420065735966,34.64178494645056,0 32.71422036861456,34.64178326270753,0 32.71422314102144,34.64178302580534,0 32.71422684410837,34.64178270995101,0 32.71425297870508,34.64178009560465,0 32.71427905459883,34.64177710519918,0 32.71430066539116,34.64177430806174,0 32.71430255649776,34.6417740636843,0 32.71430506415097,34.64177373961819,0 32.71433099754451,34.64176999883872,0 32.71435684822849,34.64176588464842,0 32.7143826085643,34.64176139793096,0 32.7145473989376,34.64172797565951,0 32.71469372215595,34.64170206975134,0 32.71482397220758,34.64167133022406,0 32.71501997847949,34.64161713995219,0 32.71513759647311,34.6415825338827,0 32.71514121231809,34.6415812523146,0 32.71514333967137,34.64158049823976,0 32.71514912403072,34.64157854653008,0 32.71515494846351,34.64157667784961,0 32.71516081187286,34.64157489399878,0 32.7151667120804,34.64157319407101,0 32.71517264798922,34.64157157986666,0 32.71517861632407,34.64157005227957,0 32.71518461599729,34.64156861040572,0 32.71519064482435,34.64156725514149,0 32.71519670171142,34.64156598738573,0 32.71520278447709,34.64156480713347,0 32.71520889203062,34.64156371438204,0 32.71521502109671,34.64156271002533,0 32.71522116949085,34.64156179495969,0 32.71522733721919,34.64156096738218,0 32.71523352209108,34.64156022999212,0 32.71523972083738,34.64155958188041,0 32.71524593236735,34.64155902304443,0 32.71525215449957,34.64155855347919,0 32.71525838614021,34.64155817408352,0 32.71526462401711,34.64155788484985,0 32.71527086813335,34.64155768487666,0 32.71527711521056,34.64155757595928,0 32.7152833630735,34.64155755628965,0 32.71528961062523,34.6415576276682,0 32.71529585569049,34.64155778828688,0 32.71530209717548,34.64155803904459,0 32.71530833180799,34.64155837993372,0 32.71531455849733,34.64155881095171,0 32.71532077397127,34.64155933209094,0 32.71532619316358,34.6415598639918,0 32.71532697932675,34.64155994155099,0 32.71532890266118,34.64156015878918,0 32.71533009547856,34.64156029318919,0 32.71533316910395,34.64156064112212,0 32.71533934439668,34.64156142990534,0 32.71534550193279,34.64156230789307,0 32.71535163953386,34.64156327417874,0 32.71535775610609,34.64156432966126,0 32.71536440865621,34.6415655811135,0 32.71553452912406,34.64159209294305,0 32.71565983901966,34.64160887499357,0 32.71572313398916,34.64160823466015,0 32.71588080418145,34.64160520622424,0 32.71602924256059,34.64160593508134,0 32.71608225378866,34.64159478463151,0 32.71623069106201,34.64159551324081,0 32.71623438817367,34.64159566607974,0 32.71623814526978,34.64159582086107,0 32.71624345350025,34.64159594860117,0 32.71624876417627,34.64159599881971,0 32.71625407511332,34.641595972413,0 32.7162593841268,34.64159587027752,0 32.71626469122287,34.64159569061032,0 32.71626999312314,34.64159543520669,0 32.71627528873991,34.64159510316263,0 32.71628057589173,34.64159469447307,0 32.7162858545755,34.64159421003951,0 32.71629112152205,34.64159364895287,0 32.71629637672829,34.64159301211456,0 32.71629712314328,34.64159291108254,0 32.716301616922,34.64159229951701,0 32.7163068421001,34.64159151206171,0 32.71631204899344,34.64159064883953,0 32.71631723759891,34.64158971075199,0 32.71632006015447,34.64158915750021,0 32.71632240464431,34.64158869779145,0 32.71632755012653,34.64158761085939,0 32.71633267186411,34.64158644995076,0 32.71633776767553,34.64158521506047,0 32.71634283755773,34.64158390709,0 32.71634611940478,34.64158300783713,0 32.71634787823849,34.64158252603172,0 32.71635288971778,34.64158107188567,0 32.71635515756287,34.64158037761392,0 32.71635786980798,34.64157954644971,0 32.71636281633065,34.64157794881726,0 32.71636772818892,34.64157628078876,0 32.71637260429515,34.64157454146022,0 32.71637744355239,34.64157273263204,0 32.71638224377919,34.64157085429913,0 32.71638651564048,34.641569106353,0 32.71638700279404,34.64156890645646,0 32.71639172059082,34.64156689090694,0 32.71639398842171,34.64156588021589,0 32.71639639498805,34.64156480764551,0 32.71640102489494,34.64156265666963,0 32.7164056081239,34.64156043977721,0 32.7164101435842,34.64155815696567,0 32.71641463127578,34.64155580823503,0 32.7164156093029,34.64155527683471,0 32.71641906791727,34.64155339628213,0 32.7164203410849,34.6415526771593,0 32.71642345242096,34.64155092020293,0 32.71642778478072,34.6415483818004,0 32.71643206281816,34.64154578016798,0 32.71643628543329,34.64154311800759,0 32.71644045044465,34.64154039531412,0 32.71644455784919,34.64153761298905,0 32.71644860655305,34.64153477193134,0 32.716573409102,34.64146026105875,0 32.71661142940638,34.64145379026432,0 32.71666903031519,34.64144456406012,0 32.7167254067524,34.64144579122009,0 32.71675405321329,34.64146304802761,0 32.71675542304275,34.64146373272596,0 32.71675677753753,34.64146443631972,0 32.71675811778534,34.64146515971287,0 32.7167594426985,34.64146590200139,0 32.71676075118626,34.64146666318279,0 32.71676204324862,34.64146744325708,0 32.71676331888559,34.64146824222419,0 32.71676457700949,34.64146905918016,0 32.71676581871107,34.64146989412757,0 32.71676704180885,34.64147074706128,0 32.7167682463059,34.64147161707984,0 32.71676943328989,34.64147250508726,0 32.71677060058546,34.64147340927555,0 32.7167717492803,34.6414743305487,0 32.71677287719599,34.64147526800016,0 32.71677398651401,34.64147622163501,0 32.7167749554335,34.64147708479605,0 32.7167750750529,34.6414771914482,0 32.71677530774419,34.6414774056387,0 32.71677614281572,34.64147817653822,0 32.71677718980242,34.64147917690511,0 32.71677821492234,34.64148019254633,0 32.71677921926924,34.64148122256295,0 32.71678020066165,34.64148226694985,0 32.71678116019336,34.64148332480816,0 32.71678209786132,34.64148439703932,0 32.71678301257787,34.64148548273933,0 32.71678390434605,34.64148658100675,0 32.71678477207513,34.64148769183898,0 32.71678561685586,34.6414888152386,0 32.71678643760055,34.64148995030162,0 32.71678723430615,34.64149109792947,0 32.7167873840647,34.6414913227451,0 32.71678773784287,34.64149185363534,0 32.71678800588802,34.64149225631672,0 32.71678875343693,34.64149342546586,0 32.71678947695286,34.64149460537693,0 32.71679017425436,34.64149579604483,0 32.716790847529,34.64149699567172,0 32.71679149459227,34.64149820515399,0 32.71679211544416,34.64149942449162,0 32.71679271118151,34.64150065188424,0 32.71679328071054,34.64150188823075,0 32.7167938240374,34.64150313172822,0 32.71679434115898,34.64150438327815,0 32.71679483207836,34.64150564197904,0 32.71679529570482,34.64150690782837,0 32.71679573312909,34.64150818082867,0 32.71679614326653,34.64150945917446,0 32.71679644631896,34.64151047313874,0 32.71679652720791,34.64151074286828,0 32.71679659939242,34.64151100626731,0 32.71679688276868,34.64151203280655,0 32.71679721104569,34.64151332718883,0 32.71679751312971,34.64151462601769,0 32.71679778683924,34.64151592928802,0 32.71679803326808,34.64151723610094,0 32.71679825132857,34.64151854555237,0 32.71679844210531,34.64151985944785,0 32.71679860560747,34.64152117508294,0 32.71679874074436,34.64152249245512,0 32.71679884860362,34.64152381246842,0 32.71679892810063,34.64152513331728,0 32.71679897923541,34.6415264550018,0 32.71679900309869,34.64152777752444,0 32.71679900168557,34.64152851402812,0 32.71679900036776,34.64152890166032,0 32.71679899969352,34.64152909998378,0 32.71679896683844,34.64153042237469,0 32.71679890780874,34.64153174380336,0 32.7167988193291,34.64153306516366,0 32.71679870359023,34.64153438375622,0 32.71679856058597,34.641535701384,0 32.71679838923173,34.64153701624147,0 32.71679818952749,34.64153832832868,0 32.71679796256399,34.64153963764819,0 32.71679770834432,34.64154094329847,0 32.71679721658811,34.64154313905674,0 32.71677153208918,34.64159531461101,0 32.71676094898103,34.64162759447154,0 32.71671049631761,34.64176523293158,0 32.71665880926628,34.64191522775261,0 32.71663962867778,34.64202449181213,0 32.71663192600503,34.64213761471663,0 32.7166360863601,34.64220039784838,0 32.71665171496463,34.64226894192195,0 32.71668659957844,34.64237315350154,0 32.71672037085463,34.64245420083022,0 32.71677025689549,34.64253241346924,0 32.71683343546363,34.64266119736771,0 32.71689742877806,34.64275860180182,0 32.71694427902374,34.6428466054742,0 32.71704297095494,34.64298831322299,0 32.7171912432194,34.64316753004861,0 32.71727171693057,34.64328414060472,0 32.71736814326802,34.6434949771056,0 32.71741825503273,34.64362565775878,0 32.71742371267119,34.64369335420145,0 32.71744445686581,34.64378632922164,0 32.71749901921272,34.64403088570525,0 32.7174673272865,34.64419373261094,0 32.71733796621726,34.64455209354485,0 32.71722824932007,34.64479024105572,0 32.71717688273586,34.64507718190905,0 32.71715486040016,34.64520126599103,0 32.71716754054196,34.64539731521488,0 32.71714529595531,34.64555244563182,0 32.71715612995268,34.64567862792118,0 32.71726369663639,34.64606724343787,0 32.71755576392326,34.64659452503748,0 32.71762722846206,34.64677921558278,0 32.7176613208097,34.6469365589093,0 32.71773499443024,34.64714066418804,0 32.71794000205708,34.64736675106875,0 32.71804984192744,34.64743907902648,0 32.71814309384687,34.64753267223758,0 32.71841417325555,34.64773313599465,0 32.71899791276309,34.6481713344019,0 32.71912157853852,34.64828059788935,0 32.71952858961954,34.64849795303423,0 32.71973459051125,34.64858626742393,0 32.71998711962678,34.6487085892349,0 32.72001684171099,34.64870697893195,0 32.72061349519307,34.64896064538712,0 32.72108518288359,34.64918038636947,0 32.72140909640496,34.64929067872554,0 32.72167824700616,34.64934283253788,0 32.72217177253837,34.64947673821541,0 32.72274161178192,34.64962328285188,0 32.72276567621161,34.64962747443947,0 32.7230108003546,34.64967017279567,0 32.72304883608724,34.64939500781967,0 32.72308060468148,34.64940392885921,0 32.72303834025707,34.64967732005141,0 32.72309849572436,34.64969131415926,0 32.72325081445,34.6496993080705,0 32.72366897807353,34.64972125537563,0 32.72418765861202,34.6497600149049,0 32.72464183639629,34.64980600697748,0 32.72504501223387,34.64981319461216,0 32.72512567926235,34.64981007166255,0 32.72542722477644,34.64978345071034,0 32.72595996330561,34.64977546936976,0 32.72627432904145,34.64973663037848,0 32.72643127073811,34.64975140889588,0 32.72655014889426,34.64974671380864,0 32.72720232154246,34.649655113331,0 32.72804810505756,34.64949427700463,0 32.7284819383255,34.64936655618931,0 32.72883936387323,34.64924022529935,0 32.72910924617607,34.64918889107089,0 32.72946871604638,34.64907309121435,0 32.72978959263362,34.6490132279445,0 32.73044197653945,34.64890304286101,0 32.73062871017396,34.64888656994006,0 32.73090877646719,34.64890277391366,0 32.73111303890557,34.64891598939791,0 32.73135344666812,34.64896195729427,0 32.73156887182082,34.64902461825952,0 32.73186877405156,34.64912877298745,0 32.73193211400465,34.64914437076602,0 32.73210159063561,34.64912893762224,0 32.73254860686897,34.64904418483151,0 32.73289498143563,34.64892968573105,0 32.73335457703776,34.64875822375474,0 32.7336713025159,34.64868430068081,0 32.73413816858215,34.64857785620296,0 32.734659720382,34.64842178003998,0 32.73487887247327,34.64834170163744,0 32.73566621574831,34.64813421146251,0 32.7363334741182,34.64794090727514,0 32.73670005352334,34.64783834320695,0 32.7368425451804,34.64783423715786,0 32.73723695245204,34.64787108453103,0 32.73767735177552,34.64793837328808,0 32.73818650455843,34.6480855320036,0 32.73831850449389,34.64813433823264,0 32.73850427050865,34.64813873658263,0 32.7387155012464,34.64814373911555,0 32.73893293461922,34.64817097146084,0 32.73945870154504,34.64819214928536,0 32.73968972322234,34.64822131683871,0 32.7402904476659,34.64822036655466,0 32.74073947284953,34.6481924901005,0 32.7414843050356,34.64799930637871,0 32.74194558542912,34.64783476860709,0 32.74245417675981,34.64771352148308,0 32.74264479969185,34.64768256785009,0 32.74314294996978,34.64742830269126,0 32.74351632293646,34.6471884401377,0 32.74406743282825,34.64681081261447,0 32.74411976987939,34.64678108895629,0 32.74416763501063,34.64674198233308,0 32.7446120163156,34.64649845929466,0 32.74465224870376,34.64647641137538,0 32.74469502750812,34.64651968260904,0 32.74509793570765,34.64694479043042,0 32.7451856483391,34.64704819829907,0 32.74528949230518,34.64711235161705,0 32.74554852557252,34.64735888028705,0 32.74564275067724,34.64750539202122,0 32.74567149124731,34.64761414577536,0 32.74572828718964,34.64772459150023,0 32.74576102075797,34.64778498209444,0 32.74577962285148,34.64782708920909,0 32.74618904208781,34.6480334968672,0 32.74640533194461,34.64814861023861,0 32.74650175365039,34.64821574539532,0 32.74669927344718,34.64845526362848,0 32.74680404138862,34.64861580529921,0 32.74696818376037,34.64874994413111,0 32.74710799565666,34.64876688985085,0 32.74731841023388,34.64868782567839,0 32.74743686378027,34.64867947729083,0 32.74750853870589,34.64869166314308,0 32.74774087910046,34.64882166732183,0 32.74786976902973,34.64886227408087,0 32.74804347650716,34.64890753208281,0 32.74825324920516,34.6489247968103,0 32.74839859060891,34.6489195355644,0 32.74844156508597,34.64893158862856,0 32.74875396287946,34.64889300490671,0 32.74902831384853,34.64891056450601,0 32.74925406355143,34.64895309544151,0 32.74938255122846,34.64905446203439,0 32.7495282070292,34.64927150793519,0 32.74955421816611,34.6494064926379,0 32.74955361685779,34.64949689512314,0 32.74958914869332,34.64954892922812,0 32.74979091008744,34.64969212832442,0 32.74987499575372,34.64999633204622,0 32.75003134962176,34.65022380050312,0 32.75005259564796,34.65025673534025,0 32.75007929245582,34.6502981209719,0 32.75023269981985,34.65042924319101,0 32.75047407767406,34.6505503910257,0 32.75070665320824,34.65064630427601,0 32.75111989177141,34.65082158957917,0 32.75136309506568,34.65093829780111,0 32.75167489127694,34.65099159112739,0 32.75201560434132,34.65101240997164,0 32.75228446347126,34.6510477219004,0 32.75255277405029,34.65116602478525,0 32.75268712126956,34.65119627685129,0 32.75311789246865,34.65116266647482,0 32.75357339876459,34.65118696675848,0 32.75386400143988,34.65118976861969,0 32.75410809006557,34.6511730924455,0 32.75431276264285,34.65114882616811,0 32.75478994025334,34.65115099014042,0 32.75492129738059,34.65113851905464,0 32.7549389319104,34.65113684439437,0 32.75509693289612,34.65111681188715,0 32.75527293073717,34.65108796820095,0 32.7556446596697,34.65103036829023,0 32.75595734297644,34.6509487878952,0 32.75616764051733,34.65088749347935,0 32.75618730444867,34.65089795657615,0 32.75636870222834,34.6508661715682,0 32.75652468389099,34.65088021531336,0 32.75662682976839,34.6508969784545,0 32.75669324486815,34.65116404642831,0 32.75681225969937,34.6513439121326,0 32.75697120755949,34.65145281912978,0 32.75715720974092,34.65153961789331,0 32.7574510964962,34.65186254750891,0 32.75735241616245,34.65213776316823,0 32.75733021587977,34.65222823176638,0 32.75730264788125,34.65234057843296,0 32.75727765360981,34.65259537706134,0 32.75728768750673,34.65270657615804,0 32.75745425722734,34.65302152116102,0 32.75747780715285,34.65326023665079,0 32.75737075966503,34.65344352737267,0 32.7572012708338,34.65357318292774,0 32.75701137790664,34.65380500699579,0 32.75688768565027,34.65406380603134,0 32.7572255625736,34.65451883778871,0 32.75762408101697,34.65502897649588,0 32.75768104192473,34.65509740719392,0 32.75792550715865,34.65529858575595,0 32.75835406573808,34.65560581788356,0 32.75892067015826,34.65592848975442,0 32.75910463975701,34.6560538087837,0 32.7592438647544,34.65616262421187,0 32.75966307590689,34.65652909089533,0 32.76003081520584,34.65681084859057,0 32.76032062669162,34.65693812380071,0 32.76059051940655,34.6570934672385,0 32.76089803907632,34.6572563886576,0 32.7613076770809,34.65744199837673,0 32.76159938213489,34.65755445849044,0 32.76181968323848,34.65761176135776,0 32.76197537053272,34.65767322242345,0 32.76227837007725,34.65770421763551,0 32.76270640675482,34.65782024834342,0 32.76349691873134,34.65792603906086,0 32.76407297279696,34.65790341289021,0 32.76476951304635,34.65788672825759,0 32.76508605853779,34.65788724659205,0 32.76539724501474,34.65786190306376,0 32.76585750783203,34.65782920870274,0 32.76622365164802,34.65782151131393,0 32.76667924489773,34.65776068875576,0 32.76691590042653,34.65773767686297,0 32.76696535708067,34.65736852403153,0 32.76699937262796,34.65736867918593,0 32.76695571281384,34.65773924130079,0 32.76792383199557,34.65768204204986,0 32.7683325206301,34.65761029278535,0 32.76867313036681,34.65754492346806,0 32.7692424389665,34.65743508911248,0 32.76961235620382,34.65734709959841,0 32.76995488856945,34.65723623281564,0 32.77016098046106,34.65718095711526,0 32.77035558065226,34.65714838113397,0 32.77047878494813,34.65713421744105,0 32.77064724441027,34.65713497976351,0 32.77091930158534,34.65714691741989,0 32.77113467405777,34.65715726064762,0 32.77123354432476,34.65714833857414,0 32.77139904129552,34.65710759934167,0 32.77157263722959,34.6570668957911,0 32.77183876774106,34.65699582857135,0 32.77203354488021,34.65693648360187,0 32.77214550859993,34.65690754544622,0 32.7722673580329,34.65685322384852,0 32.77239247581318,34.65679490206796,0 32.77249804800515,34.65675255210986,0 32.77253223315972,34.65672727808994,0 32.7726040555708,34.65664462586681,0 32.7726595302918,34.65658465131354,0 32.77275560521139,34.65650879988019,0 32.77289383972937,34.65642644702585,0 32.77299965955508,34.65634662451406,0 32.77303541089258,34.65632938722546,0 32.77307753419093,34.65632823871781,0 32.77310344227385,34.65632969323534,0 32.77320378103922,34.65634352916707,0 32.77333811680113,34.6563601939494,0 32.77337090567407,34.65636157375769,0 32.77340937007072,34.65636319217798,0 32.77347686136346,34.65636513946617,0 32.77361177540563,34.65637378368316,0 32.77380508855477,34.65637766812825,0 32.77393634258543,34.65638830467139,0 32.77406618774481,34.65642806967744,0 32.77413665254499,34.65643742954308,0 32.77426894864443,34.6564741906461,0 32.77431017060706,34.65649246055329,0 32.77436107899516,34.65651679998418,0 32.774464221244,34.65654941241459,0 32.77454300419971,34.65658794298557,0 32.77464829118317,34.65666376429154,0 32.77467641964981,34.65668127787567,0 32.77468027945961,34.65668368113302,0 32.77468224561244,34.65668519473952,0 32.77473317617293,34.65672440571387,0 32.77473651406265,34.65672697567982,0 32.77473940803761,34.65672991172649,0 32.77478352920937,34.65677467581541,0 32.77478508499398,34.65677625447002,0 32.7747877258503,34.65677960202276,0 32.77480786333033,34.65680513116902,0 32.77484887208847,34.65685554805353,0 32.77491052581573,34.65691007590825,0 32.77496729608065,34.65696759573393,0 32.77505427703329,34.65705338027367,0 32.77512442240491,34.65711095985758,0 32.77522603036765,34.65719178788736,0 32.77527679469859,34.65723822906875,0 32.77532030204716,34.65727861065394,0 32.77540847397285,34.65736841952047,0 32.77548463331332,34.65743607225266,0 32.77555121169244,34.65748157966006,0 32.77567725133971,34.65754543691512,0 32.77576691273642,34.65759406250743,0 32.77594628911581,34.65768327512713,0 32.77607123360634,34.6577290445421,0 32.77621801756032,34.65778194312445,0 32.77624707601455,34.65780116184168,0 32.77629437674472,34.65781945755649,0 32.77643390710254,34.65786629636805,0 32.77653222638988,34.65789285741022,0 32.7766354233128,34.65791743053853,0 32.77670702574366,34.65793884915178,0 32.77682121331158,34.65795643958157,0 32.77691473556975,34.65797293195981,0 32.77703508229657,34.65797849333973,0 32.77711530766368,34.65798287064676,0 32.77724790742168,34.6579744227346,0 32.7773951696205,34.65795498811123,0 32.77747667861102,34.65794932507695,0 32.77763475290483,34.65795003175067,0 32.77773073305185,34.65796251551441,0 32.77783281531642,34.65797201381399,0 32.7779992550409,34.65799485929166,0 32.77817293808495,34.65802577421498,0 32.77835373841227,34.65808384618519,0 32.77847882389005,34.65810851613814,0 32.77881546550103,34.65813714337418,0 32.77926668609678,34.65830893960099,0 32.77938214364112,34.65836723880292,0 32.77958785985636,34.65847111296431,0 32.77993731812852,34.65863377104455,0 32.78034624338083,34.65876132810871,0 32.78081092783395,34.65895877003972,0 32.78117714505582,34.65917898600496,0 32.78144328713787,34.65930203709507,0 32.78178411753679,34.6593863974203,0 32.78181731422077,34.65939461428809,0 32.78238345839176,34.65946482879977,0 32.78275979261979,34.65956321633357,0 32.78306807931538,34.65968644984164,0 32.78327099157986,34.65981308498443,0 32.78354194030823,34.65991680787697,0 32.78424095728626,34.66008238778508,0 32.78446982568538,34.6601762504207,0 32.78499990425948,34.6604029817569,0 32.78542464510947,34.66062731232211,0 32.78595850611996,34.66100300695981,0 32.786306085987,34.66121151868377,0 32.78693488435845,34.66137677524869,0 32.78751420171121,34.6615940395497,0 32.78777555101607,34.66173833426925,0 32.78821352119991,34.66210005675984,0 32.78864005763775,34.66241723574694,0 32.78938048099383,34.66309752498545,0 32.78940307657723,34.66313533946327,0 32.78947551448478,34.66325656252535,0 32.78954944200622,34.66342131226906,0 32.7896748885526,34.66358435240708,0 32.78984512378126,34.66369729257944,0 32.79002247819464,34.66379478807024,0 32.79042929931028,34.66388941731928,0 32.79068191225819,34.66393114248087,0 32.79091593697405,34.66394957265994,0 32.79106419643443,34.66392699514947,0 32.79135414017743,34.66388283979054,0 32.79170121613739,34.66383381603633,0 32.79225566332719,34.66365720466282,0 32.79252888617109,34.66359521296241,0 32.79353099503681,34.66366790176371,0 32.79379339106833,34.66374841042804,0 32.79400136603164,34.66373124633094,0 32.79486297889077,34.6635813692376,0 32.79643706507292,34.66322369754388,0 32.79837252295957,34.66281033440356,0 32.79996843850216,34.66245572444546,0 32.80082622232254,34.66232989260772,0 32.80119118966372,34.66228326895667,0 32.80132582256802,34.6622531456301,0 32.8022612170227,34.66204385335977,0 32.80279814087648,34.66191059232655,0 32.80374450549221,34.66162452043854,0 32.8038084438935,34.6615941173807,0 32.80383671819285,34.66156278608746,0 32.80385151633779,34.66151847799034,0 32.80386973051874,34.66140559737046,0 32.80390647652344,34.6613589356572,0 32.80393500855052,34.66132930133294,0 32.80397922181852,34.66129679847486,0 32.80403551583171,34.6612679786186,0 32.80407853405866,34.66125090708018,0 32.80413338708539,34.66124931666365,0 32.80418586554207,34.66125815790022,0 32.80424508267437,34.66126813407494,0 32.80428995475897,34.6612657928592,0 32.80433067679786,34.66125874737298,0 32.80437140105293,34.66124657788446,0 32.80440800708627,34.6612305488654,0 32.80442604423946,34.66122052904161,0 32.80446279232169,34.66119232218826,0 32.80451977294707,34.66116556668828,0 32.80456636246417,34.66114871255,0 32.80460456951615,34.66114405005037,0 32.80465062035886,34.66116611446059,0 32.80469686928696,34.66120466807686,0 32.80473791172405,34.66125030435112,0 32.80474628460313,34.6612886999236,0 32.80473426666168,34.66138564979454,0 32.80470940609843,34.66140646833843,0 32.8046918726142,34.66147384004013,0 32.80465890837087,34.66163210992792,0 32.80465066234038,34.66173863860594,0 32.80465234016601,34.66177031647016,0 32.80466901853627,34.66179819430464,0 32.80469323714336,34.66181760673178,0 32.80479768220082,34.66185945015211,0 32.80500309378094,34.66190058508186,0 32.80504716022689,34.66189811519157,0 32.80512766235532,34.66188766596397,0 32.805361196227,34.66189192707408,0 32.8056938341179,34.66183427366016,0 32.80578856158829,34.6618178545522,0 32.8060632624559,34.6617453596719,0 32.80650263561687,34.66160634785747,0 32.80706409742906,34.66138185499466,0 32.80706424375951,34.66138179663025,0 32.80757224266706,34.66118021436812,0 32.80784559018016,34.66109123433093,0 32.80795472624622,34.66108669336434,0 32.80822683707625,34.66118802664646,0 32.80843188196663,34.66134917330525,0 32.80855734970772,34.66163018030979,0 32.80862888394044,34.66181579753869,0 32.80880766983517,34.66228735187909,0 32.80898772642378,34.66256358323393,0 32.80927682478634,34.66285029872865,0 32.80965678320803,34.66314741691837,0 32.80980783364856,34.66322318734442,0 32.80992886959704,34.66325375404527,0 32.8101361305847,34.66325107597179,0 32.81051112267589,34.66321484127115,0 32.81077680599851,34.66318488587766,0 32.81100419286834,34.66315586757773,0 32.81141015550089,34.66313205268085,0 32.81179088592242,34.66308639077075,0 32.81222754023755,34.66305318747776,0 32.81276140330673,34.66298533676277,0 32.81332534949188,34.66287080805449,0 32.8138598217673,34.66278965758153,0 32.81406162406194,34.66277726010474,0 32.81420542295579,34.66277609555856,0 32.81538982485576,34.66264563550141,0 32.8154090599691,34.66266024420414,0 32.81591722337419,34.66304619086271,0 32.81609795822644,34.66311772532413,0 32.81615999443993,34.66320509081276,0 32.81626924931003,34.66363562753265,0 32.81662776660909,34.66475588192451,0 32.81668168333835,34.6650827490113,0 32.81671501318807,34.66553746399646,0 32.81684620545861,34.66614502340764,0 32.81704869235082,34.66693797807811,0 32.81709343013187,34.6672516623373,0 32.81715590455819,34.66768970199851,0 32.81724303042076,34.66797587899903,0 32.8173149882719,34.66805784084235,0 32.81737357740352,34.66813914256875,0 32.81754195504011,34.66837278763727,0 32.81780142447861,34.668976679359,0 32.81787233300039,34.66911697197383,0 32.81808023852464,34.66934511501242,0 32.81840755589167,34.66960175006377,0 32.81883241712111,34.66987689678893,0 32.8190820810156,34.67012168098495,0 32.81945213227823,34.67056625130028,0 32.81970136806478,34.67088350677966,0 32.81979782223925,34.67108648945172,0 32.81982684195251,34.67123319966823,0 32.81987811985411,34.67132399540687,0 32.82007055365434,34.67147466007808,0 32.82043521526773,34.67182203133431,0 32.8207520263029,34.67217249891905,0 32.82089458178188,34.67233119318485,0 32.82097926892578,34.67250283584013,0 32.82108512367009,34.67280138941219,0 32.82116893114198,34.67312126287503,0 32.82119376071953,34.67326183384087,0 32.82123233555711,34.67348022314724,0 32.82127448360657,34.67379132986095,0 32.82127282993758,34.67406994898596,0 32.82127122415547,34.6743404918554,0 32.82129348365082,34.67470804765436,0 32.82143859636835,34.67496708903133,0 32.82155974846225,34.67514526893167,0 32.82170996445429,34.67536798891145,0 32.82180037613367,34.67578428508621,0 32.82195524436057,34.67604740481767,0 32.82202236311041,34.67626977761547,0 32.82255375133197,34.67651427496698,0 32.82279244225428,34.67665660082513,0 32.82310326413207,34.67700112886962,0 32.82343893487567,34.67727711243363,0 32.82380386703366,34.67756533070663,0 32.82401332766124,34.67769137995545,0 32.82414958161027,34.6777969346093,0 32.82457239400065,34.67821864684159,0 32.82475193297574,34.67844552311371,0 32.82516611496975,34.67867337052658,0 32.82569202190527,34.67902282024689,0 32.82620763299675,34.67946106353649,0 32.82625098927038,34.67957026952482,0 32.82626812247589,34.67998222254174,0 32.8262460776138,34.68040612732167,0 32.82619061817688,34.68069259979285,0 32.8260701372173,34.68122916191051,0 32.82599521825003,34.68149940158921,0 32.82594630919137,34.68150323694399,0 32.82589258136486,34.68149493876988,0 32.8258194189597,34.68146637020637,0 32.82522683996915,34.68081379060595,0 32.82519273923118,34.68079345854241,0 32.82517785998647,34.68082973955852,0 32.82515735408727,34.68099117674725,0 32.82507239321561,34.68130579273806,0 32.82501282694287,34.68145899205015,0 32.82498230617659,34.681660768388,0 32.82493723859037,34.68184229384632,0 32.82488651879913,34.68215301398553,0 32.82481192810628,34.68236672104295,0 32.82471806896579,34.68253189204067,0 32.82466365068486,34.68264069376233,0 32.82465330185293,34.68273756385474,0 32.82468203744088,34.68283863424225,0 32.82472553835537,34.68292361381675,0 32.82477380501525,34.68302880405253,0 32.82480239923929,34.68315410130671,0 32.82476269512134,34.68325488757292,0 32.82467453161772,34.68328278850356,0 32.82459631363667,34.68328246412197,0 32.8245231263138,34.68325793245124,0 32.82439699684981,34.68309184901385,0 32.82426631337134,34.68286921394381,0 32.82424317935197,34.68264702503057,0 32.82423711926949,34.68201706376575,0 32.8242280569104,34.68189588541307,0 32.82418811348364,34.6820370508812,0 32.82407872822388,34.68234752647618,0 32.8240385244795,34.68253310982054,0 32.82388537801594,34.68280302332954,0 32.82388745415045,34.68327952183042,0 32.82388478318349,34.68373177281295,0 32.82384324052824,34.6841434815156,0 32.8236996778018,34.68444573900613,0 32.82336089797933,34.68469065119357,0 32.8229005647317,34.68482199224731,0 32.82268977300795,34.6849180280386,0 32.82243946525649,34.68508254581697,0 32.8221999856739,34.68506943365188,0 32.82190596408324,34.68518531156877,0 32.82121971087303,34.6854893392944,0 32.82112145410279,34.68556969037536,0 32.82091981333351,34.68577075092648,0 32.82060059824726,34.6860116986985,0 32.82047719984924,34.68620904778706,0 32.82027009069395,34.68650699671466,0 32.81982291815714,34.68688873952095,0 32.81934176091703,34.68722995866174,0 32.81893501786458,34.68738977489168,0 32.81822788167034,34.68775537025536,0 32.81788056307031,34.68793493447979,0 32.8181739685329,34.68871478945605,0 32.8181613301853,34.68908974534966,0 32.81835585556192,34.68959723903958,0 32.81844408624778,34.68991249554261,0 32.81846969405479,34.69066605555359,0 32.81861787409005,34.69070084763811,0 32.81862356648494,34.69143997866479,0 32.81854828981574,34.69161620449962,0 32.81869722021758,34.69221511365295,0 32.81859007852898,34.69274426077384,0 32.81851332806527,34.6934080779362,0 32.81843895147076,34.69367399693299,0 32.81832892250959,34.69410580206608,0 32.81821049599368,34.69420264187139,0 32.81819972229758,34.69426557557829,0 32.81836759089889,34.6945954742886,0 32.81842492316778,34.69486193831804,0 32.81910553572634,34.69581515157675,0 32.81907539877402,34.69621866051035,0 32.81872323786585,34.69625142221551,0 32.81720384965028,34.69650227053263,0 32.81672450471564,34.69658140473324,0 32.81650898777944,34.69644469500517,0 32.81622892479025,34.69692497092511,0 32.81607620668603,34.69734379580897,0 32.81605028241783,34.69778696414437,0 32.81581391082143,34.69775264599487,0 32.8152296913575,34.69754709697718,0 32.81467056548274,34.69742391469499,0 32.8132284887203,34.69733704600711,0 32.81303114284843,34.6975149849976,0 32.81266347630905,34.69770653018902,0 32.8133407436957,34.69872213285295,0 32.81219663295187,34.69895819030801,0 32.81019838379354,34.69965070905494,0 32.81024115153341,34.69972952905653,0 32.81104696340232,34.70049781656502,0 32.81181381276374,34.70104668725226,0 32.81147748406352,34.70174359197254,0 32.81084901909833,34.70165762111989,0 32.81021348945091,34.70132615024956,0 32.81014385226744,34.70222767100436,0 32.81014142942274,34.70225904020591,0 32.81017260541478,34.70246725002918,0 32.8096036223797,34.70234839682407,0 32.80935860138307,34.70222441492974,0 32.80857170485209,34.70182623591261,0 32.80799380318482,34.70146916200766,0 32.80771514465705,34.70146424591964,0 32.80751751623787,34.70164456247204,0 32.80744834812884,34.70174238895618,0 32.80511226859312,34.7019667364761,0 32.80512975341815,34.70208755967428,0 32.80517353580218,34.70220697625214,0 32.80529068822718,34.70252650307561,0 32.80549779406516,34.70288014709608,0 32.80550414174964,34.7032671620299,0 32.80561227720377,34.7034080036026,0 32.80603236203225,34.7035141297028,0 32.80620160281998,34.70364442253832,0 32.8064367239693,34.70440856865017,0 32.80680085382614,34.70582302471018,0 32.80683911363421,34.7059833775315,0 32.80661167762529,34.70645582960637,0 32.80688168091435,34.70757830638654,0 32.80692466707331,34.70803567021233,0 32.80762049119703,34.70868830881322,0 32.80782345092016,34.70901133082251,0 32.80794909701357,34.70949963224952,0 32.80803862292498,34.71019117957279,0 32.80802585552111,34.71049711812547,0 32.80740914435242,34.71116596894884,0 32.80719244355866,34.711307275875,0 32.80656063561627,34.71159087184182,0 32.80633701697931,34.71179334534584,0 32.8061633308866,34.7120302240137,0 32.80612957082995,34.71220288003526,0 32.80632856542853,34.71281748085944,0 32.80646480253328,34.71335622580091,0 32.80648690984383,34.71401869620309,0 32.80603689270406,34.71451903041849,0 32.80604948938139,34.71459827964535,0 32.80648856728781,34.71517246867018,0 32.80677981537576,34.71603404062306,0 32.80685792944639,34.71645194909306,0 32.80710000749819,34.7167205311572,0 32.80729926688276,34.71694160614786,0 32.80745279159835,34.71712899368632,0 32.80776611311855,34.71745465345749,0 32.80846472731556,34.71802273396833,0 32.80857681799276,34.71817554581793,0 32.8071672198064,34.71893620194226,0 32.80746797091765,34.71936500648561,0 32.80965605087424,34.72154138776668,0 32.80899396489539,34.72175727887937,0 32.80873227161333,34.7217266898721,0 32.80815077456158,34.72144904211017,0 32.80783365801905,34.72170323936231,0 32.80802312775796,34.72185637920141,0 32.80827595743978,34.72233412063556,0 32.80835090134132,34.72270791484979,0 32.8087861386697,34.72351076050446,0 32.80899935832208,34.72367382696461,0 32.80903369807279,34.72388528118946,0 32.80921680703704,34.72410227631033,0 32.80931358370477,34.72478083869076,0 32.80877766686584,34.72481297882315,0 32.80834232659994,34.72402487483031,0 32.80782664454345,34.72277941281838,0 32.80762069375785,34.7224148940191,0 32.80733682722767,34.72213358601844,0 32.80682649856601,34.72189554679329,0 32.80649038346355,34.72141253441097,0 32.80598832647576,34.72082070578934,0 32.80541392195039,34.72037108054366,0 32.80482691190857,34.72002950844411,0 32.8045309322336,34.71978254197847,0 32.80415172592429,34.71952047846126,0 32.80371364980181,34.71915987863211,0 32.80316204263094,34.71886759187812,0 32.80255839337941,34.71834411435931,0 32.80173026718974,34.71846834576941,0 32.80138169826783,34.71897792860722,0 32.80164082083908,34.71939674092435,0 32.80225055398424,34.71990059159859,0 32.80207720705032,34.72001287728155,0 32.80199905670432,34.72013048287851,0 32.80056551223498,34.7199965808033,0 32.80027907857809,34.72010837945909,0 32.80004832257193,34.7199009942231,0 32.79969511697611,34.72020907113647,0 32.79918150592047,34.7195729387921,0 32.79886788488098,34.71929639741857,0 32.79842658459863,34.71852788883748,0 32.79828992352031,34.71849290205133,0 32.79813695978073,34.71912125663675,0 32.79790353703923,34.7193168180925,0 32.7979720891154,34.71974956056678,0 32.79760452672968,34.72042613206676,0 32.79703252991489,34.72051703459535,0 32.79695917300443,34.71991227551182,0 32.79533989195499,34.71996381999104,0 32.79553001264451,34.72090859142762,0 32.796125981987,34.72168760617048,0 32.79625394854502,34.72213534829573,0 32.79624096557315,34.72229745997917,0 32.79589241250712,34.72279719803102,0 32.79586804775344,34.72288063306827,0 32.79610429690978,34.72315684790347,0 32.7941467434398,34.7239395521767,0 32.79390773823068,34.72407611156095,0 32.7938352296926,34.72423796445457,0 32.79419248865914,34.7242198576836,0 32.79448279563984,34.72442259819824,0 32.79490228108745,34.72489126112641,0 32.79512005234526,34.72526076651738,0 32.79532085344867,34.72549751552967,0 32.79548528897124,34.72583239001337,0 32.7957638316761,34.72601541875267,0 32.79583934399257,34.72629585278906,0 32.79591354827005,34.7267728466655,0 32.79641916618683,34.72771855041861,0 32.79641272250293,34.72779223543445,0 32.79609479334673,34.72815942355286,0 32.79670448585851,34.73012242980361,0 32.79678511770181,34.73021669363234,0 32.7974066017378,34.73044298177592,0 32.79804895553254,34.73079010410921,0 32.79812268984202,34.7311079444235,0 32.79809205047999,34.7311824674157,0 32.798091843506,34.7311881021365,0 32.7980643459811,34.73193674294097,0 32.79793610700154,34.73310990519141,0 32.79791941091482,34.73316649584964,0 32.79780691110011,34.73338726921427,0 32.7977871150466,34.73341686482425,0 32.79778347841973,34.73347621038372,0 32.79791874649116,34.73379786686031,0 32.79793451804973,34.73388967303921,0 32.79793366006147,34.73402727672973,0 32.79788992941919,34.734226755295,0 32.79784976741185,34.73437768232075,0 32.7976511248664,34.73478426409167,0 32.7976354446925,34.73520241432564,0 32.7976511144928,34.73531040886601,0 32.79769648630776,34.73537265919891,0 32.79775509853854,34.73540798489717,0 32.79791174784745,34.73544642375702,0 32.79805555808262,34.73544703457438,0 32.79847094883832,34.7354002297535,0 32.79858541121611,34.73538992241707,0 32.79867032276487,34.73540107509643,0 32.79908133883715,34.73553232922018,0 32.79986375153826,34.73585942130723,0 32.80018335438595,34.73597409767829,0 32.80090092473214,34.73621726477234,0 32.80106042924361,34.73632316810934,0 32.80134655005966,34.7365672110047,0 32.80171308395035,34.73702205026358,0 32.80200769759537,34.73747928208596,0 32.8020138156814,34.73754676308972,0 32.80194939602433,34.73792153802717,0 32.8019589874765,34.73795665577066,0 32.80198821839877,34.73798645705045,0 32.80205665567146,34.73801912469996,0 32.80262426338474,34.7382022904988,0 32.80288753608111,34.73844353601144,0 32.80301068808924,34.7386140400157,0 32.80311373462411,34.73886540344933,0 32.80313908543654,34.73899502279869,0 32.80313541554945,34.73905976368373,0 32.80309569793494,34.73914054195343,0 32.80231442631393,34.73967958921186,0 32.80182178631409,34.74005795553509,0 32.80146628919194,34.74045848510938,0 32.80103792586822,34.74101250327048,0 32.80079427504202,34.74129747984147,0 32.80028260090548,34.74105248472188,0 32.80041625816231,34.74058356450664,0 32.80089502390524,34.7398085133168,0 32.80088281638544,34.73966815693022,0 32.8009852799112,34.73948511339373,0 32.80100199149974,34.73942582431363,0 32.80100574455353,34.73934759321437,0 32.80098658390251,34.73927466134822,0 32.800908990678,34.73913672670655,0 32.80080191246879,34.73900946131087,0 32.80032734720493,34.73858114469189,0 32.80000907323534,34.73825062053515,0 32.79989281203704,34.73802348306818,0 32.79940385829683,34.73780825811829,0 32.79921460312992,34.73775619137442,0 32.79898941047731,34.73770127409797,0 32.79856517615141,34.73759154825564,0 32.7984312502351,34.73757749010939,0 32.79780378075811,34.73756133523516,0 32.79748353621722,34.73754918331038,0 32.79691001469298,34.73779227749523,0 32.79667410896234,34.73788301211378,0 32.79649725468664,34.73793892129556,0 32.79634353309864,34.73795445622703,0 32.79621282708487,34.73794850339274,0 32.79610513455748,34.73792106286339,0 32.79607263524035,34.73789124298409,0 32.79599813441175,34.73778299922446,0 32.7959497816902,34.73767486683536,0 32.79591497543795,34.73749124230199,0 32.79591270237591,34.73733204067199,0 32.79594165150669,34.73688426657035,0 32.79605835962293,34.73651511374436,0 32.79607513994142,34.73644503399216,0 32.79606902457967,34.73637755178984,0 32.79593367286424,34.73606938278623,0 32.79590488045049,34.73596942695682,0 32.79589259958843,34.73584256210535,0 32.79590383971522,34.73561326349991,0 32.79593502838627,34.73533008797596,0 32.79613582050619,34.73458085122595,0 32.79630769819889,34.73427399145614,0 32.79633104826669,34.73419854178015,0 32.79629959631446,34.73400144054299,0 32.79619922280038,34.73384991477786,0 32.79619290354198,34.73381481195351,0 32.79624425669867,34.73344268182319,0 32.79626204720166,34.73321071489298,0 32.79621755600053,34.73300816136421,0 32.79613361018414,34.73284321493926,0 32.79574151202159,34.7328253545009,0 32.79582734355824,34.73321156008709,0 32.79528936995828,34.73300150631387,0 32.79542772708282,34.73230596678269,0 32.79546216773075,34.73202550378991,0 32.79540180966318,34.73174733357071,0 32.79519336537556,34.73163042284534,0 32.79474584939248,34.73159073708728,0 32.79455759572684,34.7319029218769,0 32.7944162619895,34.73150838407163,0 32.79429963695516,34.73134329645601,0 32.79394544628147,34.73153605053741,0 32.79337961253106,34.7316010829712,0 32.79325604125922,34.73202146929859,0 32.79266212866149,34.73187322252319,0 32.7923393336698,34.73175041947342,0 32.79196346601474,34.73175150442991,0 32.7919444377648,34.73217773361594,0 32.79182843562046,34.73295161316825,0 32.79119763362514,34.73295159992949,0 32.79095557246976,34.73298293797705,0 32.79073298602131,34.73303594327417,0 32.79062847174445,34.73302403650905,0 32.79044230539047,34.73300282671316,0 32.79029972495864,34.73296231737797,0 32.78953044048446,34.73323469445486,0 32.78982206608006,34.73388975567964,0 32.78982228337662,34.73396954746282,0 32.78956187389053,34.73408096429721,0 32.78809998106063,34.73447419572971,0 32.78768300024554,34.73447536810502,0 32.7877696889466,34.73468355482725,0 32.78777195317574,34.73512241187775,0 32.78766711878321,34.73561260819093,0 32.78767371565221,34.73582342640404,0 32.78759604006345,34.73635363548641,0 32.78748911123671,34.73660564282013,0 32.78710819963868,34.73762637883087,0 32.78703024717527,34.7377457272084,0 32.78681598182627,34.73785912444443,0 32.78658399918386,34.73769555937923,0 32.7866015313629,34.73720796253132,0 32.78638428327345,34.73699682644205,0 32.78616080544283,34.73685771237988,0 32.78552801161456,34.73676088134917,0 32.78530661500422,34.73674800962794,0 32.78525863593768,34.73691809998554,0 32.78518487758445,34.73705830456706,0 32.78504270931408,34.737291698112,0 32.78494895506257,34.73739966151878,0 32.78458366276507,34.7376642377732,0 32.784428047832,34.73785648557525,0 32.78441895671185,34.73815000171598,0 32.78415722155268,34.73857818010722,0 32.78408128154242,34.73883329701113,0 32.78392659823239,34.73910474304567,0 32.78376704641723,34.73923504604412,0 32.78309253141573,34.7397918243414,0 32.78234571506087,34.74037150386842,0 32.78212583163484,34.74057120876181,0 32.78201164012305,34.74071480782065,0 32.78220738173725,34.74090442131381,0 32.7819088784133,34.74110080481778,0 32.78156902918341,34.74127447496843,0 32.78131967049681,34.74140190200057,0 32.78101000395069,34.74131420558084,0 32.78104668946565,34.74155552316696,0 32.78087909340864,34.74192515737631,0 32.77932066628998,34.7418212543727,0 32.77864906450081,34.74169623128902,0 32.77864609074993,34.74148662016894,0 32.77848041480907,34.74133464672249,0 32.77848449376842,34.74115007486056,0 32.77794904259932,34.74105780225803,0 32.7774283038372,34.74103347319915,0 32.77724950616437,34.74090287575348,0 32.77674520284967,34.7407916808053,0 32.77553684822364,34.74066664892253,0 32.77559325667182,34.74153387203971,0 32.7756489517275,34.74184494365419,0 32.77575184087156,34.74211037357158,0 32.77580335158361,34.74239939388782,0 32.77585699947593,34.74269259278142,0 32.77611248660293,34.74356843719902,0 32.775516058839,34.74342050713297,0 32.7752233650934,34.7433852699606,0 32.77427959931885,34.74339537335983,0 32.7742871732794,34.74367229089156,0 32.77421367733514,34.74376842737255,0 32.77340309015765,34.74470741976774,0 32.77222006320176,34.74412159016097,0 32.77169029565403,34.74459201313485,0 32.77140108176601,34.74435552068196,0 32.77097637373822,34.7437671073908,0 32.77090523950768,34.74350241027327,0 32.77098366024886,34.74298591182314,0 32.7709379490134,34.74269512906082,0 32.77091108168516,34.74239133032174,0 32.77066773106084,34.74187398923696,0 32.77037529906278,34.7415803164689,0 32.77022006831261,34.74148792294839,0 32.77002898455127,34.74136202353808,0 32.76989771707983,34.74135607745926,0 32.76960627831809,34.74146076250288,0 32.76932683090483,34.74149702411147,0 32.76852789379271,34.7416482577958,0 32.76786235145951,34.74148211698996,0 32.76743785377542,34.74130514671981,0 32.7671727843625,34.74113067940983,0 32.76697616851585,34.74107858641636,0 32.76688965484822,34.74106926559858,0 32.76646351143194,34.74114177791781,0 32.7659380843198,34.74106319203864,0 32.76570577585519,34.74095377372489,0 32.76545250312223,34.74074184159348,0 32.76520916969734,34.74066333573325,0 32.76422452096013,34.74017269685802,0 32.76399602362863,34.74005883753593,0 32.76378776262104,34.73995373058251,0 32.76335841988224,34.73983530299925,0 32.76305220967592,34.73976895399669,0 32.76261288823483,34.73972328046085,0 32.76241596124653,34.73975038843447,0 32.76226044736179,34.73987512614702,0 32.76212430763574,34.74014667784992,0 32.76216771808984,34.74035184205056,0 32.7622255479326,34.74042938709982,0 32.76224371373094,34.74055379392251,0 32.76220810785933,34.74080676079762,0 32.76218425823873,34.74092425609519,0 32.76203718692648,34.74120695814459,0 32.76199680122274,34.74136246015219,0 32.76200861586589,34.7416257232565,0 32.76202888471006,34.74184198252389,0 32.76211408234311,34.74208877768648,0 32.7621296633997,34.74219413242014,0 32.7620778259765,34.74223533803265,0 32.76186158936805,34.74251212448671,0 32.76186581474182,34.74269247052585,0 32.76188102497076,34.7432603988103,0 32.76192308763347,34.74346443713691,0 32.76195900000651,34.74357324364897,0 32.76219637381408,34.74379048856687,0 32.76221598756472,34.74390146184267,0 32.76219235144453,34.74419032386881,0 32.7622271159152,34.7442677643384,0 32.76228898949773,34.74434980829813,0 32.76241202010552,34.74441756886644,0 32.76260532715362,34.74473205617402,0 32.76273969008781,34.74493203176636,0 32.76289865889086,34.7451052383841,0 32.76301921606483,34.74534099289677,0 32.76307072998851,34.74553982788128,0 32.76309443408962,34.74563132562243,0 32.76308274192744,34.74565350681576,0 32.76301433218068,34.74566907900869,0 32.7629585745698,34.74566247365443,0 32.76289821488997,34.74562487693021,0 32.76288132182928,34.7455389697645,0 32.76285854809004,34.74542314690871,0 32.76267426573757,34.7452671665617,0 32.7622718095089,34.74553620398446,0 32.76203976575897,34.7456913208139,0 32.7625009458586,34.74593870987483,0 32.76308573186954,34.74701302520511,0 32.76309432569622,34.74718597766078,0 32.76331113482752,34.74718494966341,0 32.76383709324506,34.74758342388358,0 32.76407513879251,34.74805297765411,0 32.76393000197779,34.74899932508362,0 32.76379654127857,34.74965418439695,0 32.7637389773004,34.74988514552045,0 32.76353886852804,34.7503044600282,0 32.76327651919402,34.75055862068606,0 32.76354725295938,34.75087551486283,0 32.76370396100058,34.75112152069884,0 32.76405770603578,34.75177858468299,0 32.76414699182892,34.75185083224554,0 32.7646946922109,34.7522940093792,0 32.76503690724264,34.75222197803281,0 32.76511860398181,34.75222541244813,0 32.76524091663224,34.75226582015651,0 32.76544427643002,34.75240776230692,0 32.76571453381408,34.75310490992513,0 32.76597450568882,34.7531122131372,0 32.76594694317171,34.75334815301235,0 32.76603515686935,34.75348957531304,0 32.76620874341572,34.75364057995395,0 32.76624514046134,34.75375417724224,0 32.76624384268516,34.75395037974886,0 32.76622847337578,34.75402695467803,0 32.76610118732767,34.75417660264547,0 32.76601128952593,34.75428963101996,0 32.7659132117961,34.75451605471521,0 32.7659006224434,34.75473366683904,0 32.76564762755739,34.75479384138811,0 32.76551016822832,34.75591835399627,0 32.76562771298968,34.75611815938315,0 32.764115987602,34.75651920157015,0 32.76390303756125,34.75657569273549,0 32.76366456585225,34.75673058170407,0 32.76355292730036,34.75675807050072,0 32.76350486121301,34.75706379164384,0 32.76329517944853,34.75726080157672,0 32.76303768105919,34.75736161420577,0 32.76254361806146,34.75769330632596,0 32.7626803497178,34.75789988581939,0 32.76246433993833,34.75795489369255,0 32.76166269818552,34.75935497136206,0 32.75977236516365,34.75905442453379,0 32.7594936266512,34.75906914956833,0 32.7594983867511,34.7600289507622,0 32.75949928596742,34.76021041931649,0 32.75929645833483,34.7608699906193,0 32.75912456126243,34.76142979584461,0 32.75845747287652,34.76111314974096,0 32.75790796958724,34.76081369029132,0 32.75771196116913,34.76002078658968,0 32.7576805421183,34.75989369110656,0 32.75721162586504,34.7590037263716,0 32.75741371760808,34.75849675532874,0 32.75755241138832,34.75804947955464,0 32.75739939509047,34.7577448406109,0 32.75728064535384,34.75738836813886,0 32.75686937874801,34.75729450246581,0 32.75674869413939,34.75722596313538,0 32.75651628830876,34.75719690340472,0 32.75627416624489,34.75717179652364,0 32.75598425757671,34.7570464915499,0 32.75568374987119,34.75705710858229,0 32.75540773466779,34.75702784564918,0 32.75511664095216,34.75707849695603,0 32.75478724386092,34.75706098577876,0 32.754493175222,34.75683567699845,0 32.75428484104296,34.7568307188364,0 32.75409547831271,34.7568858350466,0 32.7539885458802,34.75693333250189,0 32.75433018551438,34.75729083499296,0 32.75438275481697,34.75739905507925,0 32.75445425274787,34.75757534928791,0 32.7537652133544,34.75771214649321,0 32.75336416164414,34.75754233163303,0 32.752923550932,34.75748830900277,0 32.75276479614897,34.75874732150226,0 32.75254763125495,34.75861434579588,0 32.75270491053153,34.75900299303297,0 32.75288203630789,34.7593237471373,0 32.75299151433813,34.7596161922121,0 32.75310561984565,34.75994065292283,0 32.75292220570124,34.75983182885498,0 32.75258857890995,34.7597223108646,0 32.75209503515573,34.75961205091786,0 32.75153321913199,34.7595654613845,0 32.75046351860874,34.75938054245237,0 32.74978096863853,34.75927339684673,0 32.74912182985227,34.75928633146369,0 32.74837654298248,34.75985075052062,0 32.74824835039556,34.75997710200772,0 32.74785772810165,34.76036211259378,0 32.7475453145812,34.76080468726972,0 32.74781886076281,34.76112788410032,0 32.74871299739979,34.76216996832968,0 32.74945428695656,34.76294491996688,0 32.75022861073823,34.76380882416796,0 32.74959169076835,34.76449411661383,0 32.74929075481276,34.76522537012242,0 32.74956961134518,34.76575950274437,0 32.74995140162711,34.76599439291324,0 32.75045871665188,34.76656288459386,0 32.75069163669531,34.76693029099226,0 32.75068513828035,34.76788492789399,0 32.75083745158853,34.76823530705975,0 32.75125743060137,34.76879229054993,0 32.75158599281735,34.7689436718521,0 32.75197325260778,34.7693672944874,0 32.75181808922567,34.76943317966685,0 32.7517813267204,34.76989369272117,0 32.75143632890726,34.77018071211617,0 32.75113141331158,34.77050677802445,0 32.75110984512744,34.7707120421515,0 32.75115583391086,34.77087321427659,0 32.75138459932238,34.77086317513039,0 32.7511271479046,34.77113394955178,0</coordinates>
						</LinearRing>
					</outerBoundaryIs>
				</Polygon>
			</MultiGeometry>
		</Placemark>
	</Document>
</kml>