<?xml version='1.0' encoding='UTF-8'?>
<kml xmlns="http://www.opengis.net/kml/2.2">
	<Document>
		<name>PAFOS Community Cluster ST</name>
		<Style id="PolyStyle80">
			<LabelStyle>
				<color>00000000</color>
				<scale>0.000000</scale>
			</LabelStyle>
			<LineStyle>
				<color>ffa9e600</color>
				<width>2.000000</width>
			</LineStyle>
			<PolyStyle>
				<color>00828282</color>
				<outline>1</outline>
			</PolyStyle>
		</Style>
		<Placemark id="ID_80031">
			<name>PAFOS Community Cluster ST</name>
			<snippet />
			<description>&lt;html xmlns:fo="http://www.w3.org/1999/XSL/Format" xmlns:msxsl="urn:schemas-microsoft-com:xslt"&gt;

&lt;head&gt;

&lt;META http-equiv="Content-Type" content="text/html"&gt;

&lt;meta http-equiv="content-type" content="text/html; charset=UTF-8"&gt;

&lt;/head&gt;

&lt;body style="margin:0px 0px 0px 0px;overflow:auto;background:#FFFFFF;"&gt;

&lt;table style="font-family:Arial,Verdana,Times;font-size:12px;text-align:left;width:100%;border-collapse:collapse;padding:3px 3px 3px 3px"&gt;

&lt;tr style="text-align:center;font-weight:bold;background:#9CBCE2"&gt;

&lt;td&gt;Σύμπλεγμα ΣΤ&lt;/td&gt;

&lt;/tr&gt;

&lt;tr&gt;

&lt;td&gt;

&lt;table style="font-family:Arial,Verdana,Times;font-size:12px;text-align:left;width:100%;border-spacing:0px; padding:3px 3px 3px 3px"&gt;

&lt;tr&gt;

&lt;td&gt;NAME_GR&lt;/td&gt;

&lt;td&gt;Σύμπλεγμα ΣΤ&lt;/td&gt;

&lt;/tr&gt;

&lt;tr bgcolor="#D4E4F3"&gt;

&lt;td&gt;NAME_ENG&lt;/td&gt;

&lt;td&gt;Community Cluster "ΣΤ"&lt;/td&gt;

&lt;/tr&gt;

&lt;tr&gt;

&lt;td&gt;DISTRICT_N&lt;/td&gt;

&lt;td&gt;ΠΑΦΟΣ&lt;/td&gt;

&lt;/tr&gt;

&lt;tr bgcolor="#D4E4F3"&gt;

&lt;td&gt;SHAPE.AREA&lt;/td&gt;

&lt;td&gt;58856823,644099&lt;/td&gt;

&lt;/tr&gt;

&lt;tr&gt;

&lt;td&gt;SHAPE.LEN&lt;/td&gt;

&lt;td&gt;71104,169251&lt;/td&gt;

&lt;/tr&gt;

&lt;/table&gt;

&lt;/td&gt;

&lt;/tr&gt;

&lt;/table&gt;

&lt;/body&gt;&lt;script type="text/javascript"&gt;

				function changeImage(attElement, nameElement) {

				document.getElementById('imageAttachment').src = attElement;

				document.getElementById('imageName').innerHTML = nameElement;}

			&lt;/script&gt;&lt;/html&gt;

</description>
			<styleUrl>#PolyStyle80</styleUrl>
			<MultiGeometry>
				<Polygon>
					<extrude>0</extrude>
					<altitudeMode>clampToGround</altitudeMode>
					<outerBoundaryIs>
						<LinearRing>
							<coordinates> 32.45336715683086,34.88299143115169,0 32.45301722157016,34.8831112646579,0 32.45271117773625,34.88321606687171,0 32.45268915737132,34.883255968742,0 32.45269667897758,34.88329064459874,0 32.45282102864685,34.88334384160678,0 32.4529506700968,34.88336826518398,0 32.45295334366708,34.88338592362857,0 32.45276378073808,34.88348458306497,0 32.45266585216013,34.88358089460739,0 32.45266668355171,34.88360184670539,0 32.45286583932333,34.88367221916396,0 32.4530129740101,34.88375231265288,0 32.45306460697844,34.88378041900405,0 32.45306544430186,34.88379652863855,0 32.45301243149682,34.88383418808974,0 32.45298552335893,34.88385330265394,0 32.45292127202575,34.8839285155899,0 32.45291464285106,34.88404752332077,0 32.45295401038015,34.88415906235029,0 32.4530099876902,34.88420300027249,0 32.4530598478885,34.88424213667027,0 32.45327798155429,34.88430596471165,0 32.45332746774526,34.88435304092431,0 32.45326371787224,34.88451059298804,0 32.45319191481676,34.8846829138915,0 32.45307911145436,34.88510194859391,0 32.45300322460574,34.8852236302461,0 32.45296154551333,34.88529046047652,0 32.45288126945714,34.88558163724618,0 32.45277528581173,34.88577449997715,0 32.45215998948128,34.88611179433766,0 32.45164058542889,34.8857944025573,0 32.45130314560579,34.88551277124309,0 32.45078715615256,34.88525770803346,0 32.45052450131947,34.88519180654346,0 32.4504221395572,34.88503873253025,0 32.45027788892883,34.88483919046975,0 32.44991372133437,34.88452021255667,0 32.44958919360331,34.88430022515896,0 32.44906324438427,34.8841145548725,0 32.44913777466282,34.88384327439464,0 32.44915444160167,34.88361885939327,0 32.44911577380535,34.88347441558787,0 32.44879673948168,34.8832547403188,0 32.44865543758395,34.88304812623455,0 32.44862809721147,34.88291794289171,0 32.44866175745977,34.88271491843137,0 32.44863608340491,34.88242402832027,0 32.44854887063747,34.88225797228245,0 32.44832119658221,34.88208147941688,0 32.44824165471027,34.88215184471943,0 32.44781859269637,34.88243209885305,0 32.44743786320997,34.8825544779996,0 32.44662773335147,34.88278772524828,0 32.4464189031164,34.88292792235222,0 32.44618340385177,34.88308602261301,0 32.44563896084733,34.88351940997813,0 32.44478127967877,34.88390494641435,0 32.44453141716117,34.88397161062912,0 32.44453460956746,34.884104708809,0 32.44433508978521,34.88420975206274,0 32.44410857901708,34.88424996689164,0 32.44385026132927,34.88424432966495,0 32.44365921496986,34.88398822812168,0 32.44342555179806,34.88383448151036,0 32.44313522453947,34.88380200035731,0 32.44295415847601,34.88390717274624,0 32.44264218817326,34.88374146168734,0 32.44252321477331,34.88364936329888,0 32.44279956223907,34.88326351087769,0 32.44309818686305,34.88252041381254,0 32.44290809848266,34.88260651113089,0 32.44254515524084,34.88289289238016,0 32.44215844937963,34.88324373926233,0 32.4418379997058,34.88343916878912,0 32.44078739059251,34.88374345826826,0 32.44026206103064,34.88368267937501,0 32.44041393747116,34.88328834021495,0 32.44037878413334,34.88312459672797,0 32.44036265628983,34.88290776001897,0 32.43992470381709,34.88244457497562,0 32.43990894397126,34.8821935206801,0 32.43975825231271,34.88204796375719,0 32.43983210844941,34.88161504680086,0 32.43952709725868,34.88080301240426,0 32.43914806726682,34.88086874375374,0 32.43912397744138,34.88096362538431,0 32.43886179314472,34.88088951143391,0 32.43894326941666,34.88189386029352,0 32.4390163490904,34.88196282073117,0 32.43879657080471,34.88225966426906,0 32.43869460529373,34.88204834263981,0 32.4380258351264,34.88138961114016,0 32.43796484570005,34.88112039100196,0 32.43800059314042,34.88061078732483,0 32.43805736848146,34.88033409690497,0 32.43798799324196,34.87990687034924,0 32.43770394940145,34.87943100234438,0 32.43727464362185,34.8793309457875,0 32.43752126993591,34.87922187271064,0 32.4375896756675,34.8791142942072,0 32.43738232974197,34.8790102841923,0 32.43734791267784,34.87877173341108,0 32.4372419366133,34.87862134307476,0 32.43703116926846,34.87852284960685,0 32.43682796363738,34.87834682357237,0 32.4370545660208,34.87822375228277,0 32.43717066712518,34.87805832554655,0 32.43718914784167,34.87790328293588,0 32.43725782128764,34.87777076774253,0 32.43724381634075,34.87751019655632,0 32.43726376023204,34.87721938713862,0 32.43700944983382,34.87679360689165,0 32.43693457147817,34.87656585159045,0 32.43695338149818,34.87638033131105,0 32.43688778271247,34.8762274575663,0 32.43649414438445,34.87593922744644,0 32.43650658892463,34.87572040949566,0 32.43642079048119,34.87557016238957,0 32.43618760430765,34.87536898155015,0 32.43677621429441,34.8753482598077,0 32.43681502881208,34.87486638834609,0 32.43697768472246,34.87474840150843,0 32.43694475112105,34.87468443305941,0 32.43677734226463,34.87461950190182,0 32.43656551128386,34.87462075599601,0 32.43640149270603,34.87455307714563,0 32.43633142659647,34.87416423266507,0 32.43631680513408,34.87408309103008,0 32.43618190550667,34.87401336000532,0 32.43585700559832,34.87382192943819,0 32.43601215359826,34.87361961436398,0 32.43568475677224,34.87366597480848,0 32.43508360113611,34.873618684936,0 32.43470053495331,34.87366750818943,0 32.4341646686299,34.87369517657019,0 32.43371640277307,34.87366043887099,0 32.43342970792278,34.87380450144956,0 32.43327291768606,34.87383202610175,0 32.4328430674927,34.87370000110334,0 32.43261016525101,34.87368972979156,0 32.43231019278743,34.87377352566514,0 32.43183347223852,34.87379874479041,0 32.43127461961438,34.87402679656265,0 32.43078199517006,34.87391150318965,0 32.43068553379115,34.87382485219425,0 32.43041840217771,34.87376275628002,0 32.43000276990413,34.87360217283279,0 32.42954449011515,34.87287111089816,0 32.42977367662249,34.87158916867351,0 32.42975182015063,34.87135406747148,0 32.42989697217413,34.87111157524502,0 32.43010347089064,34.87098699819511,0 32.42966771615895,34.87075750399518,0 32.42940785515353,34.87066680691117,0 32.42932790509299,34.87066336413056,0 32.42904717819376,34.87057251516018,0 32.42899635412839,34.8704460805723,0 32.42839326685144,34.87025548502861,0 32.42818840728243,34.87022535147694,0 32.42776243690452,34.87038558537355,0 32.42720880749322,34.87045034168757,0 32.42581472673732,34.8707353516178,0 32.42531270604709,34.87085204727629,0 32.42521122214248,34.87091147941458,0 32.42517245173649,34.8709599058185,0 32.42518557121218,34.87136112462203,0 32.42505809827203,34.87157508691644,0 32.4250531267346,34.87171544510257,0 32.42524957263112,34.87188305119965,0 32.42527647802348,34.87196920105983,0 32.42480327285399,34.87199155264828,0 32.4244243260308,34.87165357512663,0 32.42424435479661,34.8715720431553,0 32.42397031153944,34.87150701850727,0 32.42342597730551,34.87135120692719,0 32.42308992221994,34.87123129104509,0 32.42120071024755,34.87000843092288,0 32.42093741316435,34.86991482566287,0 32.42075073835747,34.86981031788655,0 32.4204273787758,34.86980509376834,0 32.42015713773849,34.86972741717116,0 32.4199893538531,34.8696791899344,0 32.41979374608679,34.86952236588464,0 32.41965377160993,34.86931574427174,0 32.41964054066221,34.86919372197117,0 32.41962416151979,34.86909558338817,0 32.41927908387523,34.86880857059491,0 32.4191816173612,34.86869788615031,0 32.41916498981126,34.86862365317609,0 32.41920198913068,34.86841354218915,0 32.41921343503888,34.86815064930924,0 32.41915782206858,34.867920735886,0 32.4190612817814,34.8677216027929,0 32.41889800917099,34.86752437185363,0 32.41873131199635,34.86737732143955,0 32.4184289753822,34.8671647289797,0 32.41816099366775,34.86699542104194,0 32.41802842557181,34.86663584648985,0 32.41798149333531,34.86640838627097,0 32.41792213624994,34.86625972920209,0 32.41762590745096,34.86629581218058,0 32.41715258292042,34.86634733366995,0 32.41687440526525,34.86632138819198,0 32.41661437897021,34.86622385543658,0 32.41643271187114,34.86612211533114,0 32.41623789669737,34.86589117995329,0 32.41610901074015,34.86573483972492,0 32.41594299833469,34.86552324086184,0 32.41586531763124,34.86546290449155,0 32.41561097079506,34.86537736428603,0 32.41551293935973,34.86532165969869,0 32.41540953180225,34.86522527281551,0 32.41527259974473,34.8650067140595,0 32.41517874684609,34.86482911426231,0 32.41513947104646,34.86470211915948,0 32.4151181988713,34.86451787867698,0 32.41512698239872,34.86423345068719,0 32.41512613819757,34.86403740684019,0 32.41514534324393,34.86386541767344,0 32.41524388159438,34.86359599203939,0 32.41529836562513,34.86337883856379,0 32.41528379600027,34.86310858230616,0 32.41522497202161,34.86290972298856,0 32.41518799751353,34.86284012139063,0 32.41501528926059,34.86271453790007,0 32.41476450548289,34.86256686384291,0 32.41456340004846,34.86238369477829,0 32.41429881812866,34.86216897873405,0 32.41411626951582,34.86187597226746,0 32.41396224730455,34.86162859917777,0 32.41392594991629,34.86149445250358,0 32.41390158083684,34.86132931527937,0 32.41388376474928,34.86109250610836,0 32.41385616918544,34.86095842387997,0 32.41378492087343,34.86083836573465,0 32.41370757273615,34.86074694999309,0 32.4135696992929,34.86061923012393,0 32.41344925048751,34.86048924591309,0 32.41339530420995,34.86037887664997,0 32.41335043436991,34.86023271470725,0 32.41331303406448,34.8602037515442,0 32.41322913256683,34.86018400831043,0 32.41304047821182,34.86019696551656,0 32.41295652532217,34.86018200304378,0 32.41280665164267,34.86009244420596,0 32.4127323800816,34.85998431662139,0 32.41256129091392,34.85970573644725,0 32.41251082543612,34.85954040704485,0 32.412523163843,34.85948513312749,0 32.41257897840836,34.8592350993159,0 32.41246537224171,34.85872712156367,0 32.4123062747198,34.85850723260295,0 32.4121589957219,34.85826207571463,0 32.41124052702589,34.85819814340702,0 32.41171543193347,34.85803054597568,0 32.41135808562011,34.85765386324109,0 32.41152758806302,34.85728112720314,0 32.41148997386893,34.85720477683156,0 32.41154440764844,34.85715130223247,0 32.41122715813986,34.85697459942063,0 32.41091828451285,34.85708321815179,0 32.41083742384847,34.85709212111225,0 32.41076841354631,34.85707258625027,0 32.41067664738847,34.85702435484711,0 32.41072776389511,34.85692331306623,0 32.41079835306856,34.85680023002623,0 32.41070771067694,34.85665058209855,0 32.41063001116596,34.85637424907941,0 32.41078788745038,34.85635641572792,0 32.41080390174029,34.85629948400584,0 32.41089682613677,34.85624312858675,0 32.41101282321081,34.85618694613861,0 32.41128181436831,34.85585933019024,0 32.41146213178208,34.85589871576697,0 32.41151229823562,34.85588324385346,0 32.41145545778963,34.85580674903857,0 32.41152555397289,34.85572803528861,0 32.41155814355601,34.85556346333581,0 32.41179223952314,34.85526094091524,0 32.41197162183826,34.85503724701687,0 32.41231695232553,34.85476091250628,0 32.41229472047181,34.85468467724989,0 32.41242204103677,34.85464759542747,0 32.41223424613571,34.85458913867633,0 32.41224267345728,34.85452264102464,0 32.41255104431299,34.85445838853995,0 32.41252860278303,34.85440116894186,0 32.41242121140529,34.85437500887226,0 32.41254969738978,34.85388469015226,0 32.41246751761826,34.85366537741395,0 32.41242739146212,34.85346856474685,0 32.4122674968789,34.85332156975478,0 32.41227246404201,34.85322018071486,0 32.41224184113248,34.85320727293591,0 32.41213011512522,34.85322545389901,0 32.4121058858111,34.85332986787909,0 32.4119366892366,34.85332860096101,0 32.41190750494014,34.85318575304436,0 32.41185762014667,34.85317587098438,0 32.41181087952484,34.85322940281163,0 32.41160428040482,34.85313276859336,0 32.41144484538366,34.85294457113329,0 32.41141527600342,34.85283658506448,0 32.41149463862407,34.85261531118182,0 32.4109605736185,34.85222462441521,0 32.41088874204573,34.85211315139623,0 32.41088168265087,34.8520560474557,0 32.41096259088013,34.85169532602916,0 32.41112630494109,34.85149687138759,0 32.41133231658022,34.85129873392948,0 32.41124187864232,34.85107348765841,0 32.41090745038043,34.85106245278917,0 32.41067939751028,34.85110054049053,0 32.41051319897178,34.8511589889825,0 32.41038448061298,34.85094766847533,0 32.41041778661894,34.8507432477992,0 32.41068120762802,34.85062583273546,0 32.41085449165458,34.85055038032936,0 32.4110065789362,34.85052025096692,0 32.41120804851863,34.85039099997086,0 32.41168170894436,34.8502865281078,0 32.41160973977353,34.84993350123701,0 32.41152744455466,34.84989024621756,0 32.4115095533488,34.84963711638509,0 32.41137102328575,34.84937739828868,0 32.41141361561654,34.84895700621821,0 32.41148666493382,34.8489007009854,0 32.41171436528262,34.84889387805462,0 32.41189388211125,34.84887816705304,0 32.41206032541,34.84879697643235,0 32.41213531332937,34.84887713202958,0 32.41225378287578,34.84907984662736,0 32.41244204020008,34.84920917449789,0 32.41238753175777,34.84883638008422,0 32.41235088617134,34.84871955748169,0 32.41233797149459,34.84863986691528,0 32.41220166333861,34.84849102871816,0 32.41197951866064,34.84830743708181,0 32.41186735269408,34.84815877922684,0 32.41188494041026,34.84812764130344,0 32.41231626242563,34.84810813051479,0 32.41261866593164,34.84820704354922,0 32.41309428507059,34.84823618518632,0 32.41328100955525,34.84819209911414,0 32.41328878648974,34.84811256343883,0 32.41322370275846,34.84807227897626,0 32.41297650583855,34.84797093771815,0 32.41274815618187,34.84772476250156,0 32.41257284540549,34.84767228357757,0 32.41245343634893,34.84755484128046,0 32.41234358593096,34.84750853665099,0 32.41217498386743,34.84747316273104,0 32.41203318590203,34.84750905572962,0 32.41197430946027,34.84753135562556,0 32.41173106830578,34.84738455992835,0 32.41146650691882,34.84729445633915,0 32.41126101288154,34.84716499754231,0 32.41113451903163,34.84706455676438,0 32.41116358578619,34.84693116985623,0 32.41106634961363,34.8466802887777,0 32.41093264567152,34.84660822067111,0 32.41090622269814,34.84650284484972,0 32.41102871377159,34.84634173248401,0 32.41076728974448,34.84628007741232,0 32.41072638031761,34.84623713050516,0 32.41051413459745,34.8457835586044,0 32.41048730347796,34.84571513410025,0 32.41031265930525,34.84560296038136,0 32.41021548965511,34.84534639356614,0 32.41011148895914,34.84496249027392,0 32.41009473957168,34.84490066439339,0 32.41021796278385,34.84462868532613,0 32.41062266626541,34.84435308815112,0 32.41080666996665,34.84425967785078,0 32.41151649381903,34.84293351885861,0 32.4116499283472,34.84268316075411,0 32.41185395454985,34.84203258495648,0 32.41222488924627,34.84102512506496,0 32.41270348450726,34.83946956837789,0 32.41257669950108,34.8393739493977,0 32.41256377440473,34.83937098345588,0 32.41234330572635,34.8393203819691,0 32.41242400537542,34.83906917850663,0 32.41252302339494,34.83892705600234,0 32.41279906352516,34.83864161971744,0 32.41304049978682,34.83835056122652,0 32.41324280759933,34.83807170553249,0 32.41287375709606,34.83794209853875,0 32.41306068303396,34.83773204216749,0 32.41323965638776,34.83753092092829,0 32.41346688650677,34.83726334119173,0 32.41404341210661,34.83672097462181,0 32.41402237315776,34.8366656684464,0 32.41424897157895,34.83627480377497,0 32.41450636232094,34.83594742805537,0 32.41494727757593,34.835389453904,0 32.41473487613515,34.83519972195398,0 32.41463309726222,34.83515030588918,0 32.41435469529448,34.83505903051632,0 32.41389338983579,34.83495991070431,0 32.41385650294175,34.83491421946796,0 32.413623851417,34.8349579131269,0 32.41346264617863,34.83494536500673,0 32.4135714210062,34.83489426419116,0 32.41439618520216,34.83450134317596,0 32.41438807413621,34.83448035926086,0 32.41436117158701,34.83446653062368,0 32.41399514034008,34.83454064088879,0 32.41379953882094,34.83456025572056,0 32.41345913318587,34.83448958470613,0 32.41340734261723,34.83441485742825,0 32.41322953356613,34.83445690644456,0 32.41318230646911,34.83437725670668,0 32.41281469637314,34.83404494063919,0 32.41325959260568,34.83335436875112,0 32.41345506242214,34.83307083522884,0 32.41373096446081,34.83271603114688,0 32.41388834762856,34.83247929889587,0 32.4140875327638,34.8321301233663,0 32.41405588443227,34.83186225241068,0 32.41401486694199,34.83162652840785,0 32.41391340620962,34.8311450249751,0 32.41407800804575,34.83065930169344,0 32.41412848266469,34.83048757319962,0 32.41417445384561,34.83033116454449,0 32.41434112086797,34.82958881711304,0 32.41452692903792,34.82915843701651,0 32.41484056414986,34.82856909100902,0 32.4149158193821,34.82848702825942,0 32.41553774886662,34.82807586235354,0 32.4156552564257,34.82797279039586,0 32.41568894128326,34.82785044146549,0 32.41583234264288,34.82716388879462,0 32.41591246079572,34.8269352759413,0 32.41614127830255,34.82641459438186,0 32.41620654067416,34.82606860504481,0 32.41630842368744,34.82562693969402,0 32.41643405072762,34.82537467739049,0 32.4165591430349,34.82517038328341,0 32.4165509325144,34.82503706455153,0 32.41659781132431,34.82460032194872,0 32.4167164442816,34.82381497404183,0 32.41671719872225,34.82374718953326,0 32.41671736596662,34.82373214984462,0 32.41686267270357,34.8237478868785,0 32.41712538368854,34.82377633764447,0 32.41729976365225,34.82397286068417,0 32.41765031244106,34.82375165949415,0 32.41785016215585,34.82362555013062,0 32.41797166589316,34.82375319723965,0 32.41896733409543,34.82480676309843,0 32.41908336474332,34.82475489225979,0 32.41925011179625,34.8246386636711,0 32.41941488281782,34.82453602451136,0 32.41957491923046,34.82444224170038,0 32.41996673858824,34.82426812351795,0 32.42010879419939,34.8244328921425,0 32.42019080775489,34.82449811173362,0 32.42025761012384,34.82453357714017,0 32.42032827872701,34.82484694448987,0 32.42033264338683,34.82485977471794,0 32.42040280614368,34.82483005775715,0 32.42051467934628,34.82483443710258,0 32.42048176196185,34.824692210091,0 32.42055157672485,34.82460398986628,0 32.4205973097336,34.82435231075166,0 32.42052895112894,34.82390101107698,0 32.42061586379409,34.82376581806922,0 32.42065528394976,34.82370450066865,0 32.42080676737559,34.82346886754843,0 32.42095835655996,34.82313834033392,0 32.42107612965592,34.82266164605221,0 32.42116069526725,34.82228021808681,0 32.42135472411014,34.82248858633461,0 32.42148144530629,34.82267258296854,0 32.42175045516036,34.82279129487567,0 32.42195787255575,34.82295200545195,0 32.42219134771044,34.82308372117182,0 32.42224969129717,34.82304435298695,0 32.42254235125396,34.82335691616502,0 32.42278522626118,34.82351257789709,0 32.42305334972919,34.82377740135088,0 32.42305585432663,34.82377987505568,0 32.42341464309578,34.82392842653393,0 32.42358678713155,34.82407826348553,0 32.42365967963102,34.8241822678909,0 32.42389224627374,34.82439887349324,0 32.42402600763855,34.82452720364204,0 32.42425618978565,34.82466685230216,0 32.42437173553713,34.82469422944819,0 32.42451162411164,34.82485178653503,0 32.42472217650445,34.82502047413702,0 32.42484697894816,34.82508506269906,0 32.42492644156649,34.8251758525709,0 32.4249833584115,34.82526912476341,0 32.42504432870106,34.82528549186623,0 32.42527709667073,34.82548352343933,0 32.42552679100039,34.82560473912168,0 32.42590279083259,34.82564993805126,0 32.42571592044268,34.82537264723857,0 32.42556034165126,34.82517783222777,0 32.42542636696713,34.82506807598612,0 32.42542763097773,34.82465154540765,0 32.42549001721309,34.82453526603157,0 32.42521459501787,34.82441386021403,0 32.42524113625362,34.82433976658751,0 32.42545455107302,34.82424316326991,0 32.42576864485476,34.82435954256614,0 32.42594227817857,34.82437142441439,0 32.42676127236049,34.82421556736706,0 32.42713765297874,34.8237967010717,0 32.42720417631303,34.82372266724656,0 32.42724956247009,34.82369116110058,0 32.42762484941638,34.82340882176868,0 32.42819756770628,34.82314593746984,0 32.42858391352703,34.82305747983988,0 32.42881882605532,34.82294425254589,0 32.42902855877324,34.82288492894525,0 32.42905290630674,34.82290877087301,0 32.42929731530582,34.82267391372073,0 32.42924061103044,34.82260927057642,0 32.42969986583518,34.82222047107489,0 32.42984810093402,34.82216070091241,0 32.43002579837009,34.82203015240098,0 32.43005510651279,34.82197289598792,0 32.43005583017013,34.8219052905626,0 32.42997931518872,34.82177627334478,0 32.42986909446467,34.82173152510015,0 32.42969567047803,34.82146320041166,0 32.42963852750071,34.82143912103845,0 32.42960046213198,34.82116501963873,0 32.42979005831511,34.82107174403326,0 32.42980768311219,34.82095693372782,0 32.42990813597036,34.82076497426865,0 32.42997219615942,34.82052542221761,0 32.42993931229948,34.82014994317217,0 32.43011032420812,34.81987736304512,0 32.43011209563522,34.81971173009204,0 32.43020643753293,34.81932365344079,0 32.43041618279283,34.81887894769991,0 32.43054989587034,34.81864328288898,0 32.43069550766251,34.81844488951837,0 32.43046588609507,34.818064599175,0 32.4303332090477,34.81782023424142,0 32.43031339796666,34.81775586254111,0 32.43031116275414,34.81719805842753,0 32.4308427279852,34.81694500058373,0 32.43097607634167,34.81674313839116,0 32.43105054879383,34.816679451976,0 32.43118236952032,34.81661956005572,0 32.43135900549045,34.81658703511396,0 32.43168271108903,34.81660291103699,0 32.43195380772024,34.81655417139621,0 32.43232530837903,34.81631684876962,0 32.43256695532421,34.81633888482131,0 32.43290313110219,34.81633793889144,0 32.43331464973171,34.81619217778153,0 32.43336974891341,34.81612375097492,0 32.43345067832233,34.81602324588365,0 32.43383125367553,34.81559076304524,0 32.43377471180663,34.81539408337538,0 32.43390335184007,34.81529829185227,0 32.43393893195212,34.81519614393583,0 32.43375048236452,34.81507816462547,0 32.43351821982207,34.81518743331167,0 32.43310029596378,34.81491704257719,0 32.43310087162131,34.81486300032219,0 32.43304617482494,34.81481709474994,0 32.43288709750231,34.81485577430804,0 32.43261470146591,34.81452384900643,0 32.43241935552037,34.81440581655055,0 32.43218692188732,34.81420787113008,0 32.43214354284672,34.81407102029004,0 32.43199548339097,34.81404719827927,0 32.431524924034,34.8138617605426,0 32.43158501401327,34.81372565427132,0 32.4317054825249,34.81374927851075,0 32.43179957474977,34.81365893027916,0 32.43177956072413,34.81327192697086,0 32.43191519075193,34.81316765514862,0 32.43158368535051,34.81288081379824,0 32.43160857801585,34.81272070808293,0 32.43188066734823,34.8126251721692,0 32.43196848895666,34.81265583360336,0 32.43202659460995,34.81274081047926,0 32.43204072553997,34.81281953251278,0 32.43210662389486,34.81283799058213,0 32.43220949110168,34.81281426965738,0 32.43241539131072,34.81274262464632,0 32.43244531559947,34.81265805858037,0 32.43309850376566,34.81246143982658,0 32.43328639435443,34.81234845860751,0 32.43371236357152,34.81219036934959,0 32.434070526125,34.81197572147128,0 32.43421863828802,34.81179470595578,0 32.43459659683217,34.81175319989875,0 32.43463882603479,34.81171446018652,0 32.43462436057913,34.8115283626764,0 32.43483061068737,34.81128272269078,0 32.43502527822162,34.81119710099596,0 32.43509420523439,34.81108926344124,0 32.43523668380724,34.81096446227763,0 32.43547360586428,34.81083577311288,0 32.43562068053378,34.81080617143851,0 32.43576194877609,34.8108587423441,0 32.43588718644725,34.8109545007178,0 32.43605485890909,34.81098123579897,0 32.4362070006993,34.8109776147895,0 32.43639102785637,34.81091357256865,0 32.43646487381982,34.81085334677144,0 32.43575911048613,34.81065284731454,0 32.43577435650079,34.81057759090799,0 32.43586924235192,34.81050881009432,0 32.43633674739203,34.8104114727963,0 32.43650491846928,34.81036466190297,0 32.43645827165867,34.81028224709333,0 32.43581443455091,34.81008458040444,0 32.43536405348883,34.80997866075101,0 32.43504477481687,34.80987767419271,0 32.43506664116006,34.80974798714985,0 32.43512534174729,34.80960116613025,0 32.43546840391254,34.80929126522665,0 32.43574224324147,34.80913246282734,0 32.43609343320918,34.80916870069964,0 32.43630282735338,34.80923023869131,0 32.43650243889087,34.80918790033678,0 32.43679755175176,34.80898593119392,0 32.4369083764655,34.80888693939182,0 32.43676321998934,34.80863534335661,0 32.4359393960078,34.80842827322778,0 32.43570826143583,34.80839159560863,0 32.43535929259019,34.80825903984423,0 32.43552853151139,34.80796129021946,0 32.43585135952954,34.80757380275389,0 32.43648033918996,34.80675827138846,0 32.43657991878267,34.80663018061484,0 32.43667949915233,34.80650209066052,0 32.43679495497472,34.80633122227023,0 32.43735870530399,34.80670234477681,0 32.43765189742931,34.80636946621814,0 32.43807980706474,34.80608862909664,0 32.43774582820883,34.80554288434946,0 32.43730153822823,34.80517660058103,0 32.43687870292218,34.80471185803915,0 32.43673782104854,34.80403845192158,0 32.43652514918038,34.80322759125943,0 32.4361381398142,34.80284018529252,0 32.43622155064472,34.80279766219272,0 32.43610179921271,34.80262482918128,0 32.43585941389149,34.80234924827426,0 32.43576738267712,34.80236278405676,0 32.43550152090785,34.80173593321501,0 32.43556490811328,34.80158196523006,0 32.43555676790592,34.80125197710633,0 32.43548553313919,34.80103310916316,0 32.43515314050094,34.80026025592386,0 32.43511783038112,34.80010583001292,0 32.43514809007608,34.79983096744056,0 32.43526018021995,34.79956155340692,0 32.4352203907379,34.79897241583598,0 32.43512050755529,34.7987763239228,0 32.43516960931902,34.79848902950119,0 32.43503974965638,34.79801864985281,0 32.43497079493121,34.79769795251302,0 32.43499773953289,34.79732909186127,0 32.43490212818102,34.79704076771015,0 32.43495446087466,34.79675892489586,0 32.43480549915501,34.79655210479814,0 32.43481454478361,34.79653421710664,0 32.43483119893953,34.79648740679608,0 32.43484448059981,34.79645007301575,0 32.43485445547519,34.79642203578347,0 32.43503610925575,34.79575231199094,0 32.43510151032644,34.79554956372579,0 32.43516707005026,34.79535250606191,0 32.4352174024722,34.79521803159335,0 32.43530569781669,34.79496401438831,0 32.43531905285085,34.7949059125372,0 32.43535621099961,34.79478532400327,0 32.43539803709699,34.79465529916785,0 32.43545578953547,34.7945206624873,0 32.43552682637931,34.79438199663797,0 32.43559839343975,34.79424229834473,0 32.43583299234814,34.79377371603794,0 32.43594425151328,34.79360646318698,0 32.43599192989023,34.79355538209458,0 32.43626822312724,34.79331026518808,0 32.43658905526691,34.79339945218813,0 32.43679183500812,34.79341070681622,0 32.43690846556148,34.79342270830841,0 32.43701668986897,34.79344498692428,0 32.43716501046627,34.79349610595255,0 32.43722437308767,34.79355254398109,0 32.43737567925404,34.7937778994259,0 32.4374943185426,34.79390338423936,0 32.43772558447807,34.79401678080749,0 32.43776567449328,34.79404676772477,0 32.43783148635308,34.79417659290558,0 32.4379084367609,34.79430303048404,0 32.43800125438251,34.79434357603841,0 32.43812330398602,34.7943762336296,0 32.43826067625715,34.7944032304428,0 32.43840913146612,34.79443486298111,0 32.43851039453624,34.79445940052359,0 32.43858251901055,34.79447807219986,0 32.43864480965137,34.79451274597259,0 32.43871383698988,34.79457839733116,0 32.4388342409249,34.79485404148842,0 32.43890556605369,34.79499076861366,0 32.43895782815778,34.79507009766394,0 32.43903375602567,34.79514265866,0 32.43914854150928,34.79522227578648,0 32.43938951643461,34.79533915294393,0 32.43978416212781,34.79551480172258,0 32.43988055635236,34.79558202069135,0 32.44006727126229,34.79575935898841,0 32.44024110698661,34.79591755871869,0 32.44042947051047,34.79606509331308,0 32.44071179251117,34.79623469045504,0 32.44081321798762,34.79644147340897,0 32.44088060333596,34.79654494144736,0 32.44094809826514,34.79663236245965,0 32.44103507611093,34.79671528907672,0 32.44113184139323,34.79678909019377,0 32.44138953540025,34.79690030879392,0 32.44145718575164,34.79696480653722,0 32.44153708541138,34.79706718500462,0 32.44160335376771,34.79713053059047,0 32.44170149456143,34.79720662993534,0 32.44198122068272,34.79734775006008,0 32.44219386802391,34.79754587227002,0 32.4424090637437,34.79777839132853,0 32.44247949447724,34.79784290124007,0 32.44256385826451,34.79790174445449,0 32.44262350433389,34.79791691758493,0 32.44290689892794,34.79771992198635,0 32.44298629104589,34.79769163029607,0 32.44310020258743,34.7976955905923,0 32.44336508864205,34.79777130574539,0 32.44345817474352,34.79777287718599,0 32.44355279605553,34.79775267851125,0 32.44368484130652,34.79774640505305,0 32.44381884716235,34.79775361247921,0 32.44389925190138,34.7977455180479,0 32.44402764771844,34.79771931015553,0 32.44415592041529,34.7977114342148,0 32.44423981054331,34.79769348467337,0 32.44433751945368,34.79765444309739,0 32.44442154193165,34.79761675062525,0 32.44451500447285,34.79760486262516,0 32.44459293552062,34.7976074358417,0 32.44480154259664,34.79756293417717,0 32.44498342819492,34.79749502962451,0 32.44527657255691,34.79746975910468,0 32.44553048517801,34.79748311087603,0 32.44568340668592,34.79752593551454,0 32.44576233200726,34.79758061683394,0 32.44606468672829,34.79783859820391,0 32.44649693192274,34.79813671773996,0 32.44670226978219,34.7983647015409,0 32.44680624221904,34.79841171299029,0 32.44693087990054,34.7984362533368,0 32.44705367566202,34.79848052859685,0 32.44719296536603,34.79861513565548,0 32.44729021282232,34.79864519245095,0 32.44747630146308,34.79868411437951,0 32.44753062177366,34.79874218134707,0 32.44760531558253,34.79882149403037,0 32.44762828993374,34.79896544429959,0 32.44760295449203,34.79917545661019,0 32.44763125485623,34.79928981503255,0 32.44769726048337,34.79939024238785,0 32.44790565845459,34.79967323867924,0 32.44798338733881,34.79981038525465,0 32.44805270972184,34.79992634039051,0 32.44816471577871,34.80005094997948,0 32.4485477958091,34.80028960905951,0 32.44867019255475,34.8003945218587,0 32.44872428950226,34.80048643285441,0 32.44873047930462,34.80058376896084,0 32.44874171420078,34.80069381933377,0 32.44893855532328,34.80091611961008,0 32.44902334159934,34.80102086264462,0 32.44912840865646,34.80116095285484,0 32.44915503077494,34.80127107283125,0 32.44922198916984,34.80148573359937,0 32.44928752950218,34.80165667063307,0 32.44932440067228,34.80174953014249,0 32.44977591991164,34.80173923613863,0 32.44976791160266,34.80161802617459,0 32.44989878247685,34.80137748272221,0 32.4499858941406,34.80131123187049,0 32.45038447547009,34.80101736919296,0 32.4505848720086,34.80092497108758,0 32.45066997428412,34.80093989552802,0 32.45091736723261,34.80107066741385,0 32.45099272582731,34.80100436280485,0 32.45150164268753,34.80112904195914,0 32.45155235730106,34.80101294469739,0 32.45128747212036,34.80086149545337,0 32.4510754141244,34.80071876649923,0 32.45117464529635,34.80037508180925,0 32.45126588107408,34.8003512588153,0 32.451666998315,34.80056027246596,0 32.45237746112498,34.80108451730429,0 32.45246585936828,34.80082318012607,0 32.45253324427831,34.80062960628365,0 32.45253544999414,34.80051813652789,0 32.45253804469906,34.80045708984518,0 32.45253656149455,34.80033679008137,0 32.4525463960431,34.80022781828189,0 32.45240831177632,34.80008998747448,0 32.4525030625281,34.79988929816184,0 32.45267835564988,34.79956867700081,0 32.45285417866307,34.7993401584192,0 32.4529754130573,34.79926927843159,0 32.45303539939049,34.7991567729604,0 32.4531465908697,34.79905389599895,0 32.4533879606786,34.79890555253632,0 32.45342296156625,34.7989536394828,0 32.45347643799582,34.79896421739077,0 32.45341071236125,34.79908327604493,0 32.45343724828303,34.79920556875302,0 32.45351199953561,34.79927262927889,0 32.45356982331349,34.79931517923176,0 32.45357128860957,34.79931603136469,0 32.45398067515999,34.79955385133479,0 32.45408154450152,34.79928834286908,0 32.45414584572809,34.79921250798961,0 32.45420394742073,34.79921276856962,0 32.45427660666005,34.7992516257003,0 32.45437266996522,34.79936953072841,0 32.45471879634998,34.79940303458346,0 32.4548209331282,34.79929071706841,0 32.45493090242477,34.79920004935688,0 32.45510313297891,34.79911851069216,0 32.45513963273945,34.79916982201274,0 32.45518184153885,34.79924087344973,0 32.45520113560934,34.79928347730635,0 32.45522189636218,34.79933835637144,0 32.4552840668188,34.79950057717422,0 32.45532367690085,34.79960207940829,0 32.45537888174999,34.79968942213092,0 32.45555452045473,34.79996256291174,0 32.45559894706372,34.79988853679608,0 32.45566248849827,34.79977852579994,0 32.45573395876204,34.79977599417855,0 32.4558450219555,34.79984609307016,0 32.45603111780646,34.79996380886782,0 32.45636547075849,34.80005797035022,0 32.45639952771813,34.800026779286,0 32.45644299352305,34.7999664955813,0 32.45647831598038,34.79991714335534,0 32.45654891019396,34.79989808208092,0 32.45690008967136,34.7999765663109,0 32.45699272527803,34.79999627055771,0 32.45720600565439,34.80004416285111,0 32.45741718058134,34.8000334885142,0 32.45758487980483,34.80002483309446,0 32.45774568279843,34.80004546256269,0 32.45786629820233,34.80006064386775,0 32.45787377074902,34.80009955911971,0 32.45793313090188,34.80012085781203,0 32.45803092523762,34.8001729226333,0 32.45815028490129,34.80023591964594,0 32.45816331287437,34.80025254978769,0 32.45817228907485,34.8002978458227,0 32.45835751548455,34.80033245282853,0 32.45849909194207,34.80025267948822,0 32.45860838092622,34.80029457171933,0 32.45866306969256,34.80027172361304,0 32.45860503919525,34.80014127628954,0 32.4586145386633,34.80004622706619,0 32.45858213814606,34.79998381661396,0 32.45876063135888,34.79995185118759,0 32.45886891244401,34.79990060335034,0 32.45912094640706,34.79985691927007,0 32.45921639732748,34.79997655485982,0 32.45931689219453,34.80005764631952,0 32.45938717645708,34.80010724137549,0 32.45955762280032,34.80028900106743,0 32.45967081944644,34.80035631418358,0 32.45978908503762,34.80041420797457,0 32.46005984949139,34.80045590600417,0 32.46012002182795,34.80048232653408,0 32.46018834843656,34.80051300195941,0 32.46028013256917,34.80055390459,0 32.46040446767551,34.80060520449955,0 32.46040428947528,34.80053611977501,0 32.46038932430668,34.80044925521778,0 32.46036766577311,34.8003813192402,0 32.46027117754436,34.80020689921973,0 32.46021999555146,34.80008045658865,0 32.46022892857404,34.79996908317753,0 32.460242881357,34.79984724012335,0 32.4602354691711,34.79965688994241,0 32.46018573610301,34.79945223814254,0 32.46010655100971,34.79927239771477,0 32.46004541222078,34.79919002838596,0 32.45998584925626,34.79913063660917,0 32.45990870257572,34.79908976445908,0 32.45986710932718,34.79893679415791,0 32.46004635328528,34.79879077407418,0 32.46028373971668,34.79873736720677,0 32.46035429175035,34.79865238093328,0 32.46041189387535,34.79860145775629,0 32.46046148721404,34.79855902760787,0 32.4605373142051,34.79855685772637,0 32.46069537094473,34.79860469562663,0 32.46079495149833,34.79860648361252,0 32.46095017284401,34.7985883157131,0 32.46110048866752,34.79857147355274,0 32.46125081100794,34.79855328447793,0 32.46134389727673,34.79854965623674,0 32.46140094168631,34.79856472302914,0 32.46155604133158,34.79856540932079,0 32.46167031520692,34.79856726159564,0 32.46184641434179,34.79856941961113,0 32.46218357907456,34.79856211643976,0 32.46220399692919,34.79856329200414,0 32.46226928464566,34.79856251407707,0 32.46247747278283,34.7985554018799,0 32.46249490528788,34.79855604587994,0 32.46251429534002,34.79855613151438,0 32.46253757399952,34.79855463515673,0 32.46259381942767,34.79855275071487,0 32.46275980126048,34.79854331343242,0 32.46304775181281,34.79852655080757,0 32.46322813338743,34.79852283838599,0 32.46335029704876,34.79850684644171,0 32.46343958131921,34.79850423378835,0 32.46348470136573,34.79850717309191,0 32.46360491614589,34.79848684897445,0 32.46368046496639,34.79844357816991,0 32.46360087031493,34.798354115134,0 32.46343049740003,34.79810341259082,0 32.46341783638454,34.79800827694954,0 32.4634094506681,34.79788476376257,0 32.46350883058331,34.79771801012738,0 32.46355699981842,34.79763462702478,0 32.46360523501781,34.79754121292087,0 32.46367392565768,34.79741527198218,0 32.4637283945241,34.79733828797469,0 32.46376555641663,34.79719454695341,0 32.4636928900858,34.79725441169318,0 32.46365324402696,34.79722875856243,0 32.46372667110582,34.79710153226608,0 32.46377671454961,34.79695542761638,0 32.46370069557391,34.79689719920427,0 32.46362790406094,34.79684228515605,0 32.46356090489697,34.79678931126276,0 32.46344327925079,34.7966652389913,0 32.46345818134402,34.79639030015219,0 32.46339656517594,34.79620263624257,0 32.4634081511272,34.79608770808763,0 32.46332473909522,34.79581807614731,0 32.46340086376762,34.79561304200926,0 32.46342882703507,34.79557971268712,0 32.46359248681063,34.79552057096772,0 32.46390282312962,34.79522350337592,0 32.46402038602899,34.79518128186123,0 32.46412353077517,34.79514450367619,0 32.46421815474452,34.79516912134419,0 32.46428358343621,34.79517164313255,0 32.46453401119233,34.79531255471063,0 32.46460864371667,34.7953234479682,0 32.46476907297892,34.79508541318167,0 32.46490340439762,34.79499772626995,0 32.46493279605168,34.79497710152608,0 32.46505005667538,34.79491302485986,0 32.46514754856281,34.79486073593839,0 32.46528729863603,34.79485320543479,0 32.4654468087841,34.79484331774231,0 32.46561020341064,34.79476707081592,0 32.46584035568965,34.79492789375369,0 32.46580861286807,34.79481582655123,0 32.46578621344678,34.7947450477572,0 32.46576663829166,34.79466909804788,0 32.4657486371574,34.79460832836227,0 32.46574228782871,34.79455588508367,0 32.4657158018201,34.79451438889713,0 32.46561811489391,34.79443697214047,0 32.46554163475123,34.79442310022823,0 32.46548474805573,34.79433938293532,0 32.46547981767823,34.7942558929025,0 32.46523120666983,34.79421870606731,0 32.46489385756182,34.79416564359901,0 32.46481071396548,34.79411985512571,0 32.46464716649199,34.79403792289894,0 32.46453332197609,34.7939579317912,0 32.46448103014123,34.79393342130728,0 32.46444201958979,34.79392021386484,0 32.46430875520053,34.79393266319132,0 32.4642546870288,34.79390961595008,0 32.46425532490281,34.79381099799197,0 32.46396247653448,34.79377548163488,0 32.46381508550185,34.79377340272039,0 32.4637101228636,34.7937928081188,0 32.46356247096751,34.79405979278317,0 32.46337809075445,34.7940917042409,0 32.46327173418133,34.79410759739346,0 32.46327359714409,34.79403865139774,0 32.46327312762815,34.79389256029168,0 32.4632057474583,34.7937964287434,0 32.46320737676748,34.79376371168155,0 32.46332670325956,34.7937139832517,0 32.46340343809862,34.79367809161336,0 32.46352132440572,34.79363186326169,0 32.46359802233898,34.793601814502,0 32.46376449191194,34.79349152069052,0 32.46375164919854,34.79335478073074,0 32.4637420565725,34.79323960232325,0 32.46382529306062,34.79315787985343,0 32.46392725724389,34.7931775189475,0 32.46413758589996,34.79322641913657,0 32.46482063654982,34.79331577659387,0 32.46496578713197,34.79322440877008,0 32.46505432035975,34.79311284296467,0 32.46509531877421,34.79294509116578,0 32.4651385632509,34.79284323042459,0 32.46516595033024,34.79284811220498,0 32.46529084214795,34.79272604278629,0 32.46511505362915,34.7926847946048,0 32.46481164368855,34.79251798529496,0 32.46453238583619,34.79238334678846,0 32.46447855264091,34.79237294615012,0 32.4644062601845,34.7923593371478,0 32.46448327987749,34.79230210435456,0 32.46474766264629,34.79234248556678,0 32.46493334656722,34.79246584263154,0 32.4651587917181,34.79250595351524,0 32.4655690678311,34.79275614706462,0 32.46524556635276,34.79239412111031,0 32.46535933965632,34.79230817684848,0 32.4652321544845,34.7921755888544,0 32.46503836443981,34.79208429977732,0 32.46505885028068,34.79198164580572,0 32.46534270139026,34.79202216176765,0 32.46528908043229,34.79193184390024,0 32.46534753552206,34.79153391703103,0 32.46529730032308,34.79149502074985,0 32.46523707049551,34.79128580113999,0 32.46499656180487,34.7911941877329,0 32.46481952545861,34.79098415785545,0 32.46478885688553,34.790935759624,0 32.46496859296185,34.7908727581522,0 32.4651673225663,34.79085807350726,0 32.46541204234391,34.79091759108513,0 32.46546227725084,34.7909564873199,0 32.46555201848582,34.79093783566516,0 32.46555521309208,34.79100852931373,0 32.4655848999093,34.79115650299868,0 32.46566168955719,34.79126625485542,0 32.46570610709558,34.79110594570928,0 32.46579661222423,34.7910102002179,0 32.46591686559413,34.79105600663886,0 32.46602796720662,34.79123987961975,0 32.46617452410274,34.79138223779407,0 32.46629795576307,34.79110682955229,0 32.46643648476298,34.79087971017117,0 32.46658944520834,34.79076833635215,0 32.46681093029229,34.79081484059763,0 32.4668879751454,34.79089889530766,0 32.46685420447835,34.79077016702225,0 32.46685626613336,34.79056137876014,0 32.46690090325325,34.79037858355181,0 32.46692930107452,34.79026313360325,0 32.46746641313126,34.79028612063662,0 32.46749649123432,34.79000042909661,0 32.46766811927471,34.78996949131751,0 32.4678859339822,34.78999348288061,0 32.46808124124253,34.78993058361534,0 32.46818250443052,34.78992807116504,0 32.46846856538621,34.78974372837934,0 32.46891546170618,34.78943842586465,0 32.46896775365347,34.7892685313775,0 32.46917132036408,34.7891575030327,0 32.46929856979227,34.78888854185327,0 32.46929936065996,34.78880823910085,0 32.46938982761643,34.78871570435803,0 32.46956556795855,34.78866230605831,0 32.46976653684094,34.78841955151223,0 32.47007905204247,34.78831569571381,0 32.47044487497232,34.78833427826276,0 32.47057908386399,34.78814888566333,0 32.47048168551609,34.78815463869996,0 32.47032275238303,34.78808287358723,0 32.47032816215469,34.78792871651251,0 32.47043397646515,34.78785877308655,0 32.4705327650454,34.78771168570754,0 32.47076456009195,34.78750126499283,0 32.47092032593432,34.78749912513148,0 32.47104677189745,34.78740006308434,0 32.47150572363448,34.78742337133113,0 32.47157730231168,34.78738480181923,0 32.47189113745976,34.78721569587063,0 32.47188457139841,34.78700388341789,0 32.47197894085658,34.78709598071727,0 32.47226520358473,34.78700677736207,0 32.4723749498806,34.7870606800394,0 32.47246152965896,34.78718121718211,0 32.47268331951183,34.787253369923,0 32.47282181028669,34.78720053928551,0 32.47295090053805,34.78684528755381,0 32.47289699375064,34.78669811928592,0 32.47301796844036,34.7865642031883,0 32.4730840456959,34.7863793691224,0 32.47309435690989,34.78622783555018,0 32.473225833467,34.78620709441002,0 32.47323579800268,34.78608924907666,0 32.47340737090969,34.78585702162754,0 32.473514423438,34.78594199440522,0 32.47370578891432,34.7860540243899,0 32.4737836520521,34.78598523089476,0 32.47381102107668,34.78594003619981,0 32.47392369240961,34.78575398688384,0 32.47385680156081,34.78556180324923,0 32.47406791612313,34.78554194626093,0 32.47433432265389,34.78558637547263,0 32.47457250106877,34.78544598757725,0 32.47458275085521,34.78528628737273,0 32.47429011918693,34.78528073391363,0 32.47419663674177,34.78516292844411,0 32.47428071247183,34.78493982477525,0 32.47448051925316,34.78476366957372,0 32.47449215685555,34.78446906033059,0 32.4745886311247,34.78429574816756,0 32.47457666838403,34.78420335413006,0 32.47486255006671,34.78402778702149,0 32.47460479360948,34.78356091252751,0 32.47485926891485,34.78350939676712,0 32.47488735384862,34.78328946031542,0 32.47462405293359,34.78336221850532,0 32.47446488380017,34.78335402868817,0 32.47431125933196,34.78322516067432,0 32.47487655993008,34.78308345927309,0 32.47434646060614,34.78273188678424,0 32.47413976809006,34.78274112362323,0 32.47401284483456,34.78252722620142,0 32.47401985171788,34.78226453966799,0 32.4739226908513,34.78208635175208,0 32.47389552297609,34.78179857807702,0 32.47395807646996,34.78157532739142,0 32.47388269101653,34.78137243381293,0 32.47425026176663,34.78120452908347,0 32.4743123396989,34.78102743023086,0 32.47461743279801,34.78065672008574,0 32.47451549286696,34.78052465525731,0 32.47412947440827,34.780394196738,0 32.47411302672023,34.78031952370956,0 32.47438722545047,34.78002316181041,0 32.47452727911447,34.77979689016785,0 32.47491734484156,34.77953327370452,0 32.47541514609531,34.77925619110851,0 32.47594667865953,34.77904679532703,0 32.47632674628316,34.77891802476141,0 32.47688926371779,34.77820466945479,0 32.47712676094716,34.77812817968361,0 32.47719645641352,34.77804699444494,0 32.47731536818343,34.77736256515254,0 32.477342670725,34.77679822722354,0 32.47743898357636,34.776639113234,0 32.47738883205749,34.77649320231446,0 32.47749871145985,34.77627027169956,0 32.47748451549752,34.77597548592293,0 32.47764204461071,34.77530197066449,0 32.47761001721116,34.77506742154171,0 32.47780220186793,34.77479179440069,0 32.47785025192417,34.77430215797615,0 32.47779725195657,34.77401420905492,0 32.47797707054394,34.77368524030805,0 32.47810152428574,34.77329908673449,0 32.47804816065914,34.77304663986737,0 32.47790621562311,34.77292353518306,0 32.47771374881579,34.77275661414151,0 32.47737723009582,34.77218322790081,0 32.47750942773018,34.77199376633087,0 32.47735379012297,34.771928226436,0 32.47729187945595,34.77179577761304,0 32.47731234179264,34.7716147644147,0 32.47763156034909,34.77169677087318,0 32.47780018405052,34.77158431646373,0 32.47809151702395,34.77148190811362,0 32.4791767311875,34.7708997833922,0 32.47925537791185,34.77077836380261,0 32.47917002847422,34.77048969639791,0 32.47914743795098,34.77034384446439,0 32.47914899353733,34.77019153327584,0 32.47921628708298,34.76989065962967,0 32.47913083691756,34.76961192569912,0 32.47897726310723,34.76932279403993,0 32.47894215939058,34.76922321576992,0 32.47902526770049,34.76894562849084,0 32.47906991984359,34.76889626237895,0 32.47912608602498,34.76850590651836,0 32.47956227688513,34.76863139389055,0 32.47987089069779,34.76867322833844,0 32.48009229447791,34.76860850610966,0 32.48049173324043,34.76840260556391,0 32.48097844757591,34.76829663635513,0 32.48095986771572,34.76815081170683,0 32.48088567600929,34.76794831651288,0 32.48095569097437,34.76777329120397,0 32.48111008260758,34.76758890424474,0 32.48139565625885,34.76741989033984,0 32.48169892395673,34.76744455090123,0 32.4818739649279,34.76727169475765,0 32.48213356583186,34.767162629456,0 32.4830105789913,34.76665556812542,0 32.48291462176492,34.76655475716273,0 32.48333177356756,34.76578935097999,0 32.48325258852957,34.76568285117849,0 32.48375765764145,34.76534851308401,0 32.4837348579775,34.76522252801853,0 32.48373286389833,34.76502383456972,0 32.48395381776893,34.76500214935628,0 32.48397633920032,34.76476057415668,0 32.48382381058454,34.76476285373216,0 32.48364143003936,34.76454307131325,0 32.48340078278737,34.76452819703724,0 32.48333505307306,34.76428271289181,0 32.4835151339934,34.76433360204317,0 32.48371820817501,34.76409655977957,0 32.48391461000621,34.76412106809424,0 32.48402913818298,34.76430396642899,0 32.48434117855352,34.76440210500262,0 32.48422111412878,34.76397413058256,0 32.48422110301231,34.76358008049144,0 32.48461902725345,34.76351985566621,0 32.48463305073391,34.76332458065589,0 32.48492059332337,34.76306823949434,0 32.48477867969611,34.76281561878717,0 32.48451529180277,34.76227408986362,0 32.48437688940876,34.76207116246967,0 32.48419812396757,34.76189114107098,0 32.48425946149532,34.76177897017724,0 32.48439947500134,34.76182296438149,0 32.48494617233297,34.76173394136492,0 32.48524035644306,34.76161340934692,0 32.48547077166186,34.76144939702651,0 32.48488193672132,34.7609454078414,0 32.48478606471873,34.76090171275366,0 32.48492796051457,34.76076028410144,0 32.48472488327312,34.76060327830593,0 32.48490222157425,34.76052831578018,0 32.48467112400509,34.76036449808278,0 32.48420400877344,34.76012623560179,0 32.48370914312871,34.75985466946503,0 32.48365316703448,34.75983442260716,0 32.48350182360631,34.75972081272827,0 32.48327885804994,34.75954711362875,0 32.48316757588664,34.75944039725161,0 32.48301154364052,34.75899893171811,0 32.48285571829813,34.75893165010026,0 32.48234346626967,34.75879241418648,0 32.48213244171647,34.75862872838522,0 32.48195023359154,34.75844626680151,0 32.48191721328139,34.7584131999185,0 32.48189252854327,34.7583503385812,0 32.48177388780574,34.75824188497123,0 32.48154274503364,34.75810599980962,0 32.48149181366988,34.7581600025155,0 32.48125656905066,34.7580464697521,0 32.48105287961346,34.75787879916552,0 32.48077937273012,34.75771704065166,0 32.48045190843348,34.75752613276984,0 32.48014737168482,34.75736735495283,0 32.47970472266563,34.75745061996883,0 32.47941438205077,34.75741983309656,0 32.47912315985074,34.75747536920929,0 32.47889416678338,34.75750895378799,0 32.4788166303416,34.75751161386397,0 32.47881520564559,34.75727180199151,0 32.478717621938,34.75696098227024,0 32.4785070403826,34.75671012808731,0 32.4782848668764,34.75645599667701,0 32.4781789466582,34.75620267048431,0 32.47802971536034,34.75601618954833,0 32.47773359173394,34.75579351716381,0 32.47736745787576,34.75559593747916,0 32.47691695845391,34.75531144149574,0 32.47666642223445,34.75517860984396,0 32.47654868811167,34.75494438457149,0 32.47646954070242,34.75472641417925,0 32.47644350702029,34.75467494026738,0 32.47644353217546,34.75459671784932,0 32.47652147190902,34.75455655702843,0 32.47653833743334,34.75447563864377,0 32.47652760544362,34.75423261804648,0 32.47660682231611,34.75398998497916,0 32.47694681902932,34.75389020653662,0 32.47715844995727,34.75404634888815,0 32.47764071948396,34.75407879027169,0 32.47779625794502,34.75405246070101,0 32.47804140654302,34.75408050838917,0 32.4787745263299,34.75388454496815,0 32.47891396415299,34.75381764914668,0 32.48023964781822,34.75301677693479,0 32.48194318209423,34.7525954569907,0 32.48293126614215,34.75216095318363,0 32.48321771753405,34.75212167320129,0 32.48448496102308,34.75216079112187,0 32.48500058025599,34.75208873099773,0 32.48548332326001,34.75204352647142,0 32.48595855790219,34.75189029978529,0 32.48622001632819,34.75192514991914,0 32.48658873746518,34.75180521809686,0 32.48675982955209,34.7519071777774,0 32.48688177666827,34.75202242939723,0 32.48707777719802,34.75206375103496,0 32.48746043321714,34.75233533355205,0 32.48756561098295,34.75251800652374,0 32.4877774670385,34.75264038471852,0 32.4881365546095,34.75275663232179,0 32.48871862771523,34.75303230227604,0 32.48896667071408,34.7531611765549,0 32.48914979586831,34.75325515324261,0 32.48932557369307,34.75330911313605,0 32.48947629335291,34.7533501112176,0 32.48970488579612,34.75354671417953,0 32.48973855134496,34.75366684572421,0 32.48974325345963,34.75396902852634,0 32.48975221842392,34.75423287239627,0 32.489796525145,34.75445059641357,0 32.48990980629717,34.75455368685716,0 32.49013297704624,34.75471188336662,0 32.49024007628416,34.75485170071188,0 32.49034940578602,34.75515459812877,0 32.49046846843393,34.75526092501948,0 32.49049806857959,34.75540021319745,0 32.4905192561524,34.75560498819002,0 32.49063002273112,34.75576561340976,0 32.49081268634026,34.75590594642198,0 32.49084690102336,34.75597172689046,0 32.49087757006002,34.75619735056087,0 32.49088934479192,34.75637488390682,0 32.49087828776111,34.75651069635829,0 32.49085123155146,34.75669595864801,0 32.49091024985354,34.75680027618819,0 32.49103130113343,34.75690181961276,0 32.49132342715804,34.75714041952618,0 32.49152513497926,34.75731445335091,0 32.49163819652093,34.75743992248781,0 32.4917203285876,34.75775062699288,0 32.49180031440466,34.75808209912543,0 32.49189518268892,34.75828258208689,0 32.49201479057306,34.75851458286049,0 32.49201656821383,34.75866091116244,0 32.49191427849255,34.7588207408094,0 32.49187044425836,34.75908532767687,0 32.49187782017887,34.75925954949718,0 32.49170027260239,34.75930061507934,0 32.49153948187814,34.75936265232489,0 32.49144584604328,34.75948767840064,0 32.49151090804006,34.75989207339516,0 32.49179603103607,34.76020680737673,0 32.49189610406611,34.76040928708108,0 32.49188556906969,34.76075065780613,0 32.49184203358778,34.76096647281358,0 32.49185785069419,34.76114072980963,0 32.49211023325924,34.76128810271348,0 32.49242998743453,34.76146362701481,0 32.49280022833378,34.76166723185121,0 32.49297684219632,34.76177944894739,0 32.4931707691484,34.76182206200382,0 32.49342387858749,34.76185098725996,0 32.49376192707406,34.76179665107509,0 32.49398996377932,34.76178366341482,0 32.49425983271014,34.76183355852574,0 32.49441960678961,34.76193873627616,0 32.49462087319184,34.76216253670228,0 32.49491500982972,34.76238672116677,0 32.49512510280486,34.76254784883312,0 32.49534414889914,34.76262540096354,0 32.49548682806696,34.76276534483425,0 32.49560430654646,34.76288428130054,0 32.49581495284125,34.76295483047471,0 32.49596704984329,34.76293455733791,0 32.49606887122047,34.76285136650875,0 32.49617086281281,34.76274030613659,0 32.49636534272408,34.76269233770595,0 32.49655910332046,34.76276281575065,0 32.49687933771193,34.76286168630995,0 32.49701518990396,34.76287478856862,0 32.49714694822985,34.76286697182418,0 32.49733952067346,34.76285522507948,0 32.49746636485231,34.76282230392548,0 32.49758328046423,34.7627558969358,0 32.49767453843172,34.76274373156733,0 32.49773015977209,34.76276068383982,0 32.49777020417388,34.76284027947703,0 32.49782562306952,34.76289067560631,0 32.49787602656122,34.76293268916766,0 32.49805798607883,34.76300032887917,0 32.49814881414837,34.76305923178455,0 32.49821930419179,34.76313059179648,0 32.49822406675293,34.76318077807424,0 32.49822880292891,34.76323514517253,0 32.49818280743334,34.7633018450847,0 32.49810649208968,34.7633558781163,0 32.49805543029586,34.76342255709492,0 32.49805494949721,34.76350198646536,0 32.49808998011709,34.76357320036406,0 32.498155303191,34.76366126192622,0 32.49825112121965,34.76373272720605,0 32.49836760867766,34.76373738720332,0 32.49846877126618,34.76376288771247,0 32.49850904439207,34.76380485928172,0 32.49855405398054,34.76390119791955,0 32.49859873614238,34.76405188366717,0 32.49861808865933,34.76420246419312,0 32.49860747710762,34.76428185184073,0 32.49855646569992,34.7643401693679,0 32.49845986176182,34.76439829998034,0 32.49834806128641,34.76445636790509,0 32.49826655339369,34.76453128247049,0 32.49824593553758,34.76458972510382,0 32.49828106794678,34.76464421744467,0 32.49849831475725,34.764741265696,0 32.49863970172398,34.76481709927655,0 32.49867995017082,34.76486325071046,0 32.49871483024351,34.7649595484697,0 32.49873372825857,34.76518537749055,0 32.49876858216488,34.76528585514957,0 32.49885419647516,34.76536981892346,0 32.49899062071503,34.76542890885592,0 32.49909176030749,34.76545858878288,0 32.49913697456215,34.76552148330506,0 32.49913160526398,34.76557162875294,0 32.49912114553381,34.76562593328624,0 32.49912091825595,34.76566355710076,0 32.49915106008049,34.76570548677172,0 32.4992874093491,34.7657771179469,0 32.49940861158456,34.76584032483795,0 32.49951975713725,34.76589094838725,0 32.49959027597387,34.76595812767997,0 32.49961510065066,34.76604184196008,0 32.49998397672621,34.76619803821233,0 32.50024689871168,34.7662827299315,0 32.50037285387582,34.76631536284144,0 32.50068212817956,34.76639137535079,0 32.50109328307544,34.76659655427947,0 32.50141007728109,34.76676913751684,0 32.50168676786461,34.76664313777307,0 32.50195618493336,34.76681895660244,0 32.50230342384838,34.76695977774323,0 32.50243676686701,34.76696777052418,0 32.50255348622755,34.76691527911574,0 32.50251191101393,34.76676584253365,0 32.50259618840091,34.76651070490838,0 32.5028050920255,34.76627415839572,0 32.50330274998209,34.76599691652098,0 32.50354437872379,34.76593460211547,0 32.50379433319998,34.7659007538219,0 32.50416443741644,34.76590321983021,0 32.50464602553708,34.76594904288488,0 32.5050326159096,34.7660261954352,0 32.50519472895031,34.76617288039365,0 32.50538447144559,34.76613507735881,0 32.50567423014559,34.76599139726147,0 32.50583505719629,34.76582910202629,0 32.50626780696604,34.76558693219774,0 32.50652598471309,34.76559219854872,0 32.50663450950614,34.76549703134721,0 32.50683809290488,34.76536342991854,0 32.50712347862149,34.76522681943338,0 32.50730426307877,34.7652244690597,0 32.50773843530236,34.76527706793356,0 32.50789811577203,34.76523195755593,0 32.50813137068887,34.76514471921461,0 32.50850233669867,34.76505839247284,0 32.50872519314336,34.76515575707317,0 32.50893231410534,34.76510030598848,0 32.50916480799764,34.7650911913715,0 32.5095300561353,34.76515043093735,0 32.51004978296508,34.76525685830016,0 32.51024723052532,34.76531143505652,0 32.51045218125434,34.76547970385058,0 32.51065799319927,34.76555919452929,0 32.51081292286527,34.76556021824245,0 32.51092922091217,34.76555033317692,0 32.51108504564687,34.76545902538404,0 32.51120172345387,34.7654100771895,0 32.51140219917969,34.76559607149468,0 32.51157912845448,34.76554752065946,0 32.51183758632916,34.76552436582987,0 32.51197529986278,34.76552527396466,0 32.51213539096943,34.76543754535945,0 32.51232983933176,34.7653571459354,0 32.51315564139684,34.7654123066968,0 32.51334454964351,34.76545972012386,0 32.51343000377499,34.76552420712942,0 32.51369629193911,34.76602670602848,0 32.51400227287991,34.76643002733705,0 32.51432192083801,34.76675530605286,0 32.51480476721926,34.76711717254147,0 32.51533113601255,34.76742960080658,0 32.51568177847153,34.76766629471566,0 32.51587837962703,34.76780964111701,0 32.51599692975946,34.76801284881485,0 32.51601741301847,34.76856699995962,0 32.51602829744097,34.76922407933255,0 32.51612607477864,34.76979649358169,0 32.51625012490473,34.77032291370571,0 32.51646649987115,34.7710949842225,0 32.51661391684972,34.77142978246529,0 32.51681408112939,34.77165128100665,0 32.51708781931746,34.77183064429664,0 32.51763212386869,34.77207215435885,0 32.5183437737438,34.77236802718504,0 32.51911961330279,34.77270338054836,0 32.51922890513367,34.77280304026752,0 32.51936282550784,34.77292515670214,0 32.51951599090204,34.7731108290933,0 32.51955425449577,34.77320281447565,0 32.51962933706823,34.77338331071948,0 32.51978909654409,34.77375932931842,0 32.52000081991235,34.77429253837122,0 32.52010744825534,34.77463389809078,0 32.52015196064828,34.77494789275278,0 32.52016227105629,34.7751121650192,0 32.52010091350752,34.77531518127641,0 32.52002195062677,34.77549602542629,0 32.51984070078012,34.77581099675442,0 32.51935766169892,34.77650946508723,0 32.51929230577552,34.77661603878362,0 32.51911399288928,34.77662972079553,0 32.51887922797037,34.77668117647685,0 32.51873931645181,34.7766713844957,0 32.51852281536446,34.77663565673586,0 32.5184157716166,34.77664721089788,0 32.5182371748979,34.7766852539905,0 32.51783076696973,34.77662867549972,0 32.51772942525727,34.77666477468656,0 32.51736862942032,34.77680700803088,0 32.5171573176267,34.7768497380817,0 32.51704152435926,34.77684407739914,0 32.51667677166595,34.77678041535061,0 32.51638141095258,34.77691327263405,0 32.516256210419,34.77695901597041,0 32.51624965619227,34.77702269538705,0 32.51628101005056,34.77716014503849,0 32.51627711907069,34.77725570128768,0 32.51619661480382,34.77738498101437,0 32.51621155187174,34.77759870380377,0 32.51600410358689,34.77847923919808,0 32.51578329904484,34.77886999589831,0 32.51561506952667,34.77906495560156,0 32.51544801669479,34.77913738301326,0 32.5152539992581,34.77923414021797,0 32.51504458368635,34.77938716554222,0 32.51491833781706,34.7795407364829,0 32.5149027773151,34.77961415792836,0 32.51499357911956,34.77974709949724,0 32.51514246580536,34.78001766676292,0 32.51517740147786,34.78009142006101,0 32.51517895241068,34.78023847966735,0 32.51490873028954,34.78053570175204,0 32.51489335754186,34.78058951921331,0 32.51476744044175,34.78070878120921,0 32.51440902716934,34.78090984095657,0 32.51415789987677,34.78107484441861,0 32.51402287995001,34.78121365147598,0 32.51384520691261,34.78146246405269,0 32.51375124922554,34.78165545952012,0 32.51367709344959,34.78195152006028,0 32.51362405636305,34.78221340715604,0 32.51352708259194,34.7824112834347,0 32.51344182352229,34.78262639437835,0 32.51339249483414,34.7828123301656,0 32.51320944462287,34.7830022871741,0 32.51307741482627,34.78313866305117,0 32.51302268798526,34.7832681950603,0 32.51305368063959,34.78344240772933,0 32.51310720053214,34.7837442095971,0 32.51301502574868,34.78405975627147,0 32.51299214500673,34.7842752768236,0 32.5130108496614,34.78449107101251,0 32.51299950011438,34.78504977947605,0 32.5129772361141,34.78520158357069,0 32.5127612402539,34.78541828196516,0 32.51271616103657,34.78547190266202,0 32.51246763216179,34.78567368111841,0 32.51235106710418,34.78574643614403,0 32.51240601167492,34.78590119875373,0 32.51249289717599,34.78613214806519,0 32.51247997098356,34.78623989869639,0 32.51243638867494,34.78644547880732,0 32.51242072648871,34.78652870268014,0 32.51247636194409,34.78661239782851,0 32.51256757418738,34.78670367867899,0 32.51264664110553,34.78682183799412,0 32.51272765936321,34.78704539518132,0 32.5127706770393,34.78720498128069,0 32.51278467460898,34.78729330260737,0 32.51274748385016,34.78745236120218,0 32.51273194193077,34.78752332949451,0 32.51267393193837,34.78765908792005,0 32.51268935525834,34.78771009410634,0 32.51269345953371,34.78777283960655,0 32.51267068423432,34.78784285584528,0 32.51269154962736,34.78809754256977,0 32.51265494423237,34.78823761174966,0 32.51284991147332,34.78854834428298,0 32.51294253351524,34.78877010876025,0 32.51295473642664,34.78897679199419,0 32.51286856453238,34.78917939102776,0 32.51278706083827,34.78934880023974,0 32.51245811004734,34.78976444146191,0 32.5123536836652,34.7899602025124,0 32.51243613384612,34.79000915690131,0 32.51254522129319,34.79020562264839,0 32.5126447909484,34.79072616660005,0 32.51251843015982,34.79099580100272,0 32.51229352243617,34.79116585866039,0 32.51218438488954,34.79123775436086,0 32.51157357332155,34.79147156789242,0 32.5113104532511,34.79150350743025,0 32.51103634173475,34.79148485808377,0 32.51092852965262,34.7915514998295,0 32.51066903151552,34.79160451034357,0 32.51029734143042,34.79178096119412,0 32.51010796855351,34.79223224162597,0 32.51005469896111,34.79246236592273,0 32.51002180841385,34.79282733227825,0 32.50993004605197,34.79294880334562,0 32.50977896654123,34.79313513164919,0 32.509652219428,34.79318059849775,0 32.50938632676915,34.79323461623784,0 32.50932554539254,34.79344995590191,0 32.50892342085282,34.79360620543224,0 32.50881342067296,34.79363494500831,0 32.50863999500514,34.79362642855475,0 32.50845162544132,34.79357992672439,0 32.50829719749544,34.793716768215,0 32.50820496475801,34.7937550955921,0 32.50802252553446,34.79375493791443,0 32.50794448385883,34.79390807214723,0 32.5082958679132,34.79424611774604,0 32.50847497246768,34.79445778517158,0 32.50882372266791,34.79467373384418,0 32.50875547205353,34.79473853023755,0 32.50877085815065,34.79486176333398,0 32.50884740460958,34.79486227057344,0 32.50881226680848,34.79506409884119,0 32.50845646449519,34.79557215561744,0 32.50843371031871,34.79568145518159,0 32.50837398105546,34.79578840405644,0 32.50836244621705,34.79605563820881,0 32.50831762577201,34.79620372889884,0 32.50821769858274,34.79637671301798,0 32.5080980125919,34.79635171360519,0 32.50759013044354,34.79662302173053,0 32.50703450064963,34.79683920648229,0 32.50703429801841,34.79683928498882,0 32.50720901029032,34.79697830956941,0 32.5073865423455,34.79708999001723,0 32.50817067489931,34.7971436026389,0 32.50838825145005,34.79720503095312,0 32.50924664780479,34.79723176610095,0 32.50975289229181,34.79752242249759,0 32.51048644964095,34.79805452785214,0 32.51096414643411,34.79826395583905,0 32.51147517074654,34.79832626625763,0 32.51176598131573,34.79820400266327,0 32.51202219183325,34.79822884642785,0 32.51222169658536,34.79831225023257,0 32.51256307181058,34.79837027926538,0 32.51286798056024,34.79850489161502,0 32.51315666114698,34.79873411360809,0 32.51319222265024,34.79888273581253,0 32.51330060678991,34.79902131416254,0 32.51332444236577,34.79919511821148,0 32.51384719274197,34.79976054389947,0 32.51420396161004,34.80007440262456,0 32.51434402626092,34.80036789203282,0 32.51451846711746,34.80066897426796,0 32.5145917924916,34.80073891519353,0 32.51532694660898,34.80164039504637,0 32.5155510808128,34.80194916828457,0 32.51556656027737,34.80206398219249,0 32.5156161715371,34.80218703414952,0 32.51571725809552,34.80243775991754,0 32.51576404523335,34.80271733126811,0 32.51585172201225,34.80280813119672,0 32.51602222002076,34.80295317865054,0 32.51610206347852,34.80304607465767,0 32.5161187190965,34.80320944593777,0 32.51616393903667,34.80338159818203,0 32.51622127724363,34.80337767767597,0 32.51638397058083,34.803252002889,0 32.51668678056572,34.80318095225446,0 32.51695112668826,34.80304734920021,0 32.51717049299936,34.80298649230262,0 32.51758876294819,34.80282597188107,0 32.5181888178538,34.80244967402433,0 32.51827221934942,34.80244377519342,0 32.51840683850848,34.80252843545703,0 32.51944429871845,34.8027092263092,0 32.51943060033985,34.80305069772396,0 32.51948378486512,34.80320786302789,0 32.51957386495859,34.80332015754782,0 32.51964418045915,34.80332061720517,0 32.51979804554622,34.80330014141224,0 32.52006962374504,34.80322672983181,0 32.52018700319579,34.80320816314843,0 32.52025986470833,34.80321508233508,0 32.52027479023105,34.80328821870819,0 32.52024841470984,34.80332241746493,0 32.52017243662409,34.80336918152457,0 32.51997624133151,34.80345812333254,0 32.51964207439837,34.80353971889161,0 32.51937752978591,34.80369480666536,0 32.51914505722998,34.80376417678091,0 32.51886039500413,34.80384394563622,0 32.51869119188078,34.8038342449688,0 32.51848180551615,34.80366961310916,0 32.51841423823017,34.80365413294341,0 32.51817157717161,34.80397047600739,0 32.51817023242116,34.8041100992528,0 32.51816952981981,34.80418313252238,0 32.51829453918041,34.80445462278411,0 32.51822306267829,34.80457445299592,0 32.51821506187581,34.80486440563608,0 32.51792214801016,34.80498922991321,0 32.51771740835544,34.80515329943442,0 32.5175746997148,34.80536718232178,0 32.51752173622599,34.8059984016967,0 32.51733473145733,34.80621414229592,0 32.5172846463663,34.80627611092851,0 32.5167725628914,34.80616963980201,0 32.51674599893052,34.80622317032824,0 32.51693799983579,34.80657028694232,0 32.5169521150676,34.80672719719614,0 32.5170984997193,34.80694297664879,0 32.51708487764419,34.80700518452962,0 32.51700950450887,34.8075288469462,0 32.51694308426293,34.80766374692667,0 32.51689597440697,34.80768706780444,0 32.51673470438883,34.80766452775138,0 32.51664081744129,34.80767680124175,0 32.51658312314708,34.80771723806627,0 32.51653022591251,34.80780067032752,0 32.51654611852675,34.80804351883013,0 32.51646506064768,34.80834588135938,0 32.51628457335804,34.80869484997607,0 32.51596510559456,34.80860038105264,0 32.51588409780543,34.80862777463916,0 32.51560114793313,34.80879777088226,0 32.51543827516152,34.80894062889179,0 32.51545222173535,34.80911472372576,0 32.51538461856574,34.8093720613748,0 32.51519699635973,34.80965009221342,0 32.51514730181076,34.80967124764871,0 32.51503774443697,34.80968771226917,0 32.51490114429381,34.80980711226126,0 32.51462451996224,34.80986114517702,0 32.51436623062774,34.80990455769589,0 32.51416722253914,34.81001280570276,0 32.51386976071134,34.81006670051532,0 32.51396938523001,34.81026928533744,0 32.51397305634955,34.81042827520452,0 32.51397084638115,34.81056453508476,0 32.51377956998112,34.81057360571432,0 32.51361311987855,34.81053063571182,0 32.51341146973594,34.81047694808035,0 32.51322532483026,34.81053677437463,0 32.51315349444179,34.81054681216187,0 32.51309005312515,34.8105493113387,0 32.51295773482406,34.81048545621992,0 32.51290608230286,34.81047010700318,0 32.5126825483407,34.81044856172291,0 32.51257991339331,34.81044608634782,0 32.51250813056563,34.81044786310508,0 32.51241764451295,34.81048090180313,0 32.51232221960233,34.81035360410205,0 32.5123265622738,34.81016060415289,0 32.5123525515987,34.81010253897499,0 32.5123433699659,34.81002846832208,0 32.51194758147329,34.80969568533497,0 32.51166080702371,34.80954064737776,0 32.5115255482247,34.80951345057986,0 32.51118354022982,34.80957807740415,0 32.51099597034812,34.80957965943757,0 32.5108828605169,34.80938002250603,0 32.51081525844199,34.80926298661531,0 32.51076609925644,34.80910038648439,0 32.51078305998106,34.80886062345871,0 32.5107421269713,34.80875638256997,0 32.5106713036545,34.80870609014274,0 32.51050452350962,34.80848621411693,0 32.5102493657532,34.80794449627606,0 32.51035456471149,34.80763174588784,0 32.51037079561546,34.80754656784524,0 32.51009319319331,34.80721815479939,0 32.50993345241436,34.80691892233282,0 32.51015892208234,34.80689806833008,0 32.51020577243123,34.80678399873115,0 32.51030792784239,34.80662767106826,0 32.51033750060321,34.80649928454364,0 32.51046885708283,34.80614567484432,0 32.5105390982847,34.80601638093082,0 32.51074217192338,34.80580317729437,0 32.51074934313098,34.80556540573975,0 32.51070707678725,34.8053582504227,0 32.51053940633955,34.80521687134591,0 32.51047584081378,34.80506046728764,0 32.5103514889825,34.80489358001227,0 32.51027715512542,34.80462348638262,0 32.51023485844338,34.8042805838743,0 32.51021151870404,34.80414096149363,0 32.51008138203879,34.80408063937104,0 32.51003906401905,34.80388114225602,0 32.51000797051011,34.80341857816328,0 32.50997651487142,34.80268652446276,0 32.50967919559852,34.80259374815286,0 32.50911343355937,34.80241939581872,0 32.50900309982072,34.80244583724491,0 32.50875974087502,34.8023867813219,0 32.50849282562424,34.80227437777153,0 32.50817949863691,34.80222145187569,0 32.5076091280947,34.80191647247582,0 32.50727078559138,34.80173811953283,0 32.50702410800371,34.80167663263841,0 32.50686893989461,34.80165991047993,0 32.50670163326516,34.8016924173562,0 32.50645301398656,34.8017842582585,0 32.50647656764426,34.80224987025333,0 32.5044172152597,34.8027416235492,0 32.50379480818148,34.80289745871676,0 32.50355595689912,34.80270581356397,0 32.50348954880536,34.80282640574813,0 32.50343348446449,34.80290744681334,0 32.50311385128393,34.8029827686511,0 32.50293569513099,34.80307496481131,0 32.50280280792477,34.80310696144429,0 32.50266264283072,34.8031566776484,0 32.50261240029203,34.80316238940044,0 32.50250861180588,34.80312646624591,0 32.5024734436679,34.80301095369621,0 32.50233027859612,34.80296303703147,0 32.50225791370209,34.80306923603241,0 32.50220615844744,34.80332638608112,0 32.50220122122494,34.80355118814331,0 32.50216084702986,34.80370484830969,0 32.50214248880477,34.80377576923227,0 32.50214919867465,34.80385270979194,0 32.50198804760323,34.80381359387304,0 32.50199457941516,34.80392011463602,0 32.50188310291761,34.80396994822515,0 32.50160315919504,34.80400430006893,0 32.5014314271632,34.80393555825487,0 32.50116829242823,34.804047253445,0 32.50097525892006,34.80428251266421,0 32.50079714357172,34.80451988535003,0 32.50084043897225,34.80476842998352,0 32.50091554370753,34.80479622307879,0 32.50104745555023,34.80498884840487,0 32.50105039047541,34.80554949159669,0 32.50091041598116,34.80564686140607,0 32.50064886186067,34.80567322842053,0 32.50040742006469,34.80569652508886,0 32.50002682613545,34.80558051278396,0 32.49975393667845,34.80550302091358,0 32.49964199133868,34.80555933007967,0 32.49953170774324,34.80560738783937,0 32.49956419671462,34.80580492344092,0 32.49950872029131,34.80589096716741,0 32.49964807792597,34.80600559462999,0 32.49944386401398,34.80616165037343,0 32.49922312335299,34.80628720318185,0 32.49921648251508,34.80636224546578,0 32.49918302576765,34.80644367680833,0 32.49935039933396,34.80647608734852,0 32.49934385040039,34.80665052781375,0 32.49926068697258,34.80677480495626,0 32.49903469390126,34.80689622790575,0 32.49892977235272,34.80698416274429,0 32.49884181313959,34.80707399187074,0 32.4988055112176,34.80725140711355,0 32.49871584841385,34.80719131168554,0 32.49858517575007,34.80711651863961,0 32.49844688185622,34.80733064127733,0 32.4984365778138,34.80741615310554,0 32.49849480475933,34.8076139536599,0 32.49817299957805,34.80790430289986,0 32.49807627739142,34.80766700169119,0 32.49784095636421,34.80762879669492,0 32.49758975026995,34.80746934268028,0 32.49754756892934,34.80759020186552,0 32.49748588977387,34.80760950852472,0 32.4971113035886,34.80749148277326,0 32.49701008359792,34.80736402477248,0 32.49687729420788,34.80732087266896,0 32.49668029750325,34.80720685644708,0 32.49652609694628,34.80691000481348,0 32.49647253390977,34.80679977090756,0 32.49634798030674,34.80695951788274,0 32.49611062683262,34.80712695757821,0 32.49587932197203,34.80737332078106,0 32.49558375823474,34.80755445369773,0 32.49513725763499,34.80779936617148,0 32.49476839900902,34.80813777083839,0 32.49435871531507,34.80845899447424,0 32.493777566796,34.80884667643798,0 32.49335533375177,34.80905512064705,0 32.49315942864332,34.80917494149045,0 32.49296316423486,34.80933138257938,0 32.49269396308134,34.8096084741427,0 32.49255526165865,34.80981601488275,0 32.49246238947756,34.80988018446501,0 32.49232662096648,34.80944822312959,0 32.49220043459086,34.80942764850849,0 32.49196872425284,34.80936973625105,0 32.49157299110162,34.80966005482909,0 32.49116082819018,34.80988546524497,0 32.49094982995673,34.81014885903281,0 32.49072886147432,34.8103840135519,0 32.49035694727729,34.8106829401012,0 32.4900419361855,34.81041316503616,0 32.48952098967882,34.80989970443105,0 32.48939535962887,34.80982278629946,0 32.4889131002432,34.81022520076912,0 32.48863052641178,34.81047120207698,0 32.48836284215158,34.81093705167125,0 32.48818364251171,34.81109360086631,0 32.487902792741,34.81150864814965,0 32.48772271279373,34.81175252477011,0 32.48670802477194,34.81142163604535,0 32.48644648769803,34.81135441257285,0 32.48667135424255,34.81167212497044,0 32.48675099734104,34.81190650084453,0 32.48607628740179,34.81173850329843,0 32.48585050160778,34.81177077218819,0 32.48571990722485,34.81184876577299,0 32.48564552179724,34.81211308264756,0 32.48541984423883,34.81247497289482,0 32.48596390639207,34.81272660170649,0 32.48623811315705,34.81297638949274,0 32.48612420315116,34.81309393984386,0 32.48605769166297,34.81325406983203,0 32.48596532119873,34.81360841731593,0 32.48580931973387,34.81383555373612,0 32.48568380202605,34.81408825210658,0 32.48542509090692,34.81433722578066,0 32.48533765506824,34.81453947239581,0 32.48521521438406,34.81482599998176,0 32.48494097085956,34.81491991640624,0 32.48486937397148,34.8149053416781,0 32.4846377127901,34.81484178075491,0 32.48454138813766,34.81490873755646,0 32.48429452699612,34.81499720480848,0 32.4841049776685,34.8151621297372,0 32.4841463619571,34.8154638593955,0 32.48406061818036,34.81549708180379,0 32.48378042249098,34.81550361965767,0 32.48337732731645,34.81550086498344,0 32.48329245506805,34.81578764651012,0 32.48312704130516,34.81593019579937,0 32.48295261101711,34.81628961343362,0 32.48277504288391,34.81647175330969,0 32.48246888830474,34.8167857859743,0 32.48230536814462,34.81689469041814,0 32.48193546503113,34.81733703398059,0 32.48192860455642,34.81744222561552,0 32.48172530247206,34.81746953529646,0 32.4814448117319,34.81767330744071,0 32.48138603341785,34.81774944242832,0 32.48143133002301,34.81785977729645,0 32.48130869975613,34.81794025637816,0 32.48097357809944,34.81780880419635,0 32.48046366906346,34.81775268661094,0 32.4798541889534,34.81779155621562,0 32.47969762408008,34.81778569721271,0 32.4795251087126,34.81763622053799,0 32.47933968732845,34.81761581366101,0 32.47921768611039,34.81763410914453,0 32.47914174859206,34.81768620746148,0 32.47904662179698,34.81791516762837,0 32.47906310496533,34.81800616936092,0 32.47910941344603,34.81801605541541,0 32.47927259922375,34.81794063885096,0 32.47941640269029,34.81806121630265,0 32.47924543442445,34.81833270755136,0 32.47867128100696,34.81889322726416,0 32.47831493495104,34.81913952519664,0 32.47792252141803,34.81950994637803,0 32.47783169649223,34.81931319376899,0 32.47767537060945,34.81928341522435,0 32.47741405472538,34.81931031896517,0 32.47728513740582,34.8194385893251,0 32.4771583341634,34.81993042725891,0 32.47723968969323,34.81991663501489,0 32.47739620958635,34.8199272809542,0 32.47748258630598,34.81999006144011,0 32.47751603455451,34.82012423502642,0 32.47749810224367,34.82017673009403,0 32.47721822200594,34.82031831169319,0 32.4769981848804,34.82027852744842,0 32.47688178360765,34.82031599485691,0 32.47653935131132,34.82033276907509,0 32.47627160461609,34.82042181238987,0 32.47612078697955,34.82042077187664,0 32.47584733109247,34.8205002073477,0 32.47566055059869,34.8206137242633,0 32.47560698327096,34.82074729615702,0 32.4755831999196,34.8208045352393,0 32.47545944246649,34.82099502530519,0 32.47544623789574,34.82115279363371,0 32.47547910081585,34.82134436449512,0 32.47531581034522,34.82142934242757,0 32.475292846127,34.82140526595679,0 32.47512356209674,34.82150933554786,0 32.47520761018661,34.82180171639684,0 32.47523950096399,34.82208895306474,0 32.47539563230108,34.82213786699711,0 32.47541825657485,34.82219542601465,0 32.47569576905559,34.82228822938401,0 32.47557283434499,34.82239740404679,0 32.47530024969869,34.82239073902941,0 32.47493441465838,34.8224264822492,0 32.474506516703,34.82228958635829,0 32.47439557398582,34.82236057338719,0 32.47471325707146,34.82249670991956,0 32.47497161845317,34.82276159127876,0 32.47512142050708,34.82286308184498,0 32.47479594402527,34.8229230212423,0 32.47454099988202,34.82289255780168,0 32.47437180432255,34.82298706059273,0 32.47413952943818,34.82300937445923,0 32.47411593598051,34.82304747915818,0 32.47369510594481,34.82278625447506,0 32.47343666275194,34.82277326785304,0 32.47316969715544,34.82275985075125,0 32.47298717987108,34.82259859748194,0 32.47282619176841,34.82258392409555,0 32.47245670961524,34.82269796935771,0 32.47219350718608,34.82270970401527,0 32.47196920633571,34.82277594219632,0 32.47199973948813,34.82300664887288,0 32.4718769672879,34.82311426638169,0 32.47192178699688,34.82323389192672,0 32.47195187924565,34.82383067540569,0 32.47223683884602,34.82394382933206,0 32.47223625968529,34.82400069150722,0 32.47223612131059,34.82401432970593,0 32.47241076396628,34.82430297939253,0 32.47189083649265,34.82465732186198,0 32.47200184132137,34.82505942340446,0 32.47232236698866,34.82523248166201,0 32.47169656550789,34.82532576652596,0 32.47149157723432,34.8257555051682,0 32.47145769361346,34.82617558426755,0 32.47118740599509,34.82623607907436,0 32.47097133770899,34.82613966996867,0 32.4704876854874,34.82583802627335,0 32.47028687014554,34.82585832512321,0 32.47008978464299,34.82583526347641,0 32.46989501521227,34.82590712516205,0 32.46991742433989,34.82596693871907,0 32.46980498177651,34.8260285273428,0 32.4695940184065,34.82607587180675,0 32.46926249371929,34.82601390871218,0 32.46907459190881,34.82637868329606,0 32.46894836151794,34.8265025410335,0 32.46894834739731,34.8268252331328,0 32.46901045460051,34.82718360943917,0 32.46889223453675,34.82716651772206,0 32.46866933847232,34.82709446229809,0 32.46841422571666,34.82695710239664,0 32.46819032925234,34.82698266138306,0 32.46795400141355,34.82693762880383,0 32.46779882907318,34.82699620446385,0 32.46728512558724,34.82706041935661,0 32.46692977242013,34.82707692499509,0 32.46664069192625,34.82704508295705,0 32.46661544267207,34.8269418601393,0 32.46627131760862,34.82682556786264,0 32.46607846285534,34.82671033070525,0 32.46589636655779,34.82650839399369,0 32.46565377480537,34.82643348457695,0 32.46559616685585,34.8262785146756,0 32.465601930989,34.82603721275555,0 32.46547778168735,34.82595770661738,0 32.46546228132232,34.82586540045455,0 32.46535902970097,34.82567214763785,0 32.46514330478826,34.82554319043339,0 32.46494576619758,34.82524352416425,0 32.46470627101002,34.82518761802492,0 32.46458763886734,34.82489121267248,0 32.46444275067054,34.82490918249403,0 32.46425715345465,34.82504889267747,0 32.46415571305172,34.82499937153609,0 32.46399937586201,34.82485184637436,0 32.4637993147036,34.82479892467263,0 32.46351731748982,34.8247183115024,0 32.46336764247651,34.82456269743771,0 32.46335588248078,34.82442702928916,0 32.46325804294813,34.82434770544227,0 32.46312954610005,34.82437121144915,0 32.46294600686473,34.82431026812329,0 32.4628671133235,34.824307003683,0 32.46275131732039,34.8243739850346,0 32.46214185879499,34.82415820077676,0 32.46189478617124,34.82419985545231,0 32.46168287348122,34.82433937771043,0 32.46161699459456,34.82434976286039,0 32.46140495626698,34.82418286021736,0 32.46127060347934,34.82413581957159,0 32.46108567257502,34.82421044839437,0 32.46100087312002,34.8241420608846,0 32.46073853187374,34.82406971434493,0 32.46067206327713,34.82413704034571,0 32.46039085849686,34.82398049785662,0 32.4600125257545,34.82399410950351,0 32.46007543572241,34.82427114524717,0 32.45957115467994,34.82406151105801,0 32.45958550917352,34.8248995273546,0 32.46055202835837,34.82588795477472,0 32.46114264945582,34.82633682187151,0 32.46135998236317,34.82662849863799,0 32.46181802655643,34.82749674446453,0 32.46158044212245,34.82757371734481,0 32.46138765054392,34.82745304910451,0 32.46130212063299,34.82745516109144,0 32.46112938229655,34.82762207379201,0 32.46142636968343,34.82784380622025,0 32.46146797429838,34.82795527762639,0 32.46098433407189,34.82861082428986,0 32.46101411932174,34.82887657441744,0 32.46128113750535,34.82901017407145,0 32.46137444863302,34.82921013889103,0 32.46135063618807,34.82944588877871,0 32.46142701074289,34.82953455535721,0 32.46156708201497,34.82950570822294,0 32.46173099583186,34.82955702505955,0 32.46185283665283,34.82970160058429,0 32.46172442237173,34.8301942279758,0 32.46156304940932,34.83037478067875,0 32.4614606894965,34.8305733725979,0 32.46124407269525,34.83052982047889,0 32.46098370985001,34.83058222707388,0 32.46058313632857,34.83082528246526,0 32.46040613278274,34.83090532954535,0 32.46023054286901,34.83094074878002,0 32.46011828889842,34.83092055511994,0 32.45982504021602,34.8309529906287,0 32.45947954954023,34.83123515697017,0 32.45928991418109,34.83136534021407,0 32.45895617493363,34.83177694981266,0 32.45846163443092,34.83205590814883,0 32.45844431223112,34.83221533253229,0 32.45849261224561,34.83235150254757,0 32.45840804545131,34.83243714858983,0 32.45833318810757,34.83259616714658,0 32.45827120917059,34.83277468072617,0 32.4584060919483,34.83313999981723,0 32.45823590273685,34.83315820557046,0 32.45803059307883,34.83328612106904,0 32.45796162742742,34.83338050001273,0 32.45801235825324,34.83379050382305,0 32.45806265701896,34.83398705672929,0 32.45812429798594,34.83409744835231,0 32.45820974178982,34.83418213506678,0 32.45832388850598,34.83427349217383,0 32.45825988773402,34.83439377908552,0 32.45737092797643,34.83410938578766,0 32.4571199525148,34.83409899201997,0 32.45675192935931,34.83402524752955,0 32.45676585443355,34.83419782701296,0 32.45669026363733,34.83442798904724,0 32.45671247756271,34.83455750687259,0 32.45668300255307,34.83462629200147,0 32.45654155629396,34.83464685389358,0 32.45632605836633,34.83449225521689,0 32.45618447162368,34.83427134054567,0 32.45565255037178,34.8341123500797,0 32.45536773128065,34.83408662102779,0 32.45510310431423,34.83413218277155,0 32.45465079695877,34.83411604840975,0 32.45392027734091,34.83419496354654,0 32.4533648678607,34.83428589500899,0 32.45334033946707,34.83428619584218,0 32.45280770571127,34.83429272717986,0 32.45273465512312,34.83427496114327,0 32.4527303284614,34.83469535533996,0 32.45278941573031,34.83479926400434,0 32.45292186071425,34.83514516642056,0 32.45280886794596,34.83545052247039,0 32.45292224438953,34.83578625018401,0 32.45294375372949,34.83581369023628,0 32.45302731941764,34.83588260415019,0 32.45315357714738,34.83616397875365,0 32.4530405777684,34.83629816809234,0 32.45318894156264,34.83646115973848,0 32.45322740187085,34.83654941933129,0 32.45324077912188,34.83671599037055,0 32.45318259879419,34.83685822725496,0 32.45310538618961,34.83688206932707,0 32.45325629674,34.83721301110673,0 32.45307940648595,34.83737345971118,0 32.45322417417047,34.8385559882407,0 32.45312709300246,34.83883989590066,0 32.45313371903961,34.8389585242288,0 32.45305124337118,34.83909376838429,0 32.45305002152504,34.83946675340456,0 32.45323511633852,34.83978068813158,0 32.453303605214,34.83984290398834,0 32.45335950341797,34.83989368257732,0 32.45359551519817,34.83958057487629,0 32.45366907976235,34.83954875553554,0 32.4538381073779,34.83939040635013,0 32.45418203211099,34.83901122520069,0 32.45433948785505,34.83896059474915,0 32.45471608572602,34.83896541511582,0 32.45491159142477,34.83852050066214,0 32.45495336740219,34.83827285286774,0 32.45508125223665,34.83804521782427,0 32.45519688154451,34.83799213445527,0 32.45510610039309,34.83817259953334,0 32.45514394191459,34.83856310782338,0 32.45534837278598,34.83903241128313,0 32.45561339772646,34.83920460940021,0 32.45582797928839,34.83944975639003,0 32.45570873706143,34.83959983598925,0 32.45550378215233,34.83969109702873,0 32.45539385123172,34.83995335501962,0 32.4551981174782,34.8401654178963,0 32.45512865528077,34.84030722560055,0 32.45506871118914,34.84105063033696,0 32.45541103899501,34.84159205684088,0 32.45558400417686,34.84206976085303,0 32.45575182242,34.8422843931675,0 32.45583716786928,34.84263427213276,0 32.45611106162661,34.8432183339683,0 32.45646831500834,34.84358091229891,0 32.45669773355397,34.84365583707397,0 32.45718051760488,34.84402145561169,0 32.45706048918044,34.84399258051573,0 32.45675725987559,34.84397319244834,0 32.45621699451309,34.84411167650165,0 32.45601437993921,34.84422882629729,0 32.45598016148482,34.84450455622858,0 32.45559078354599,34.84497828684091,0 32.45512939678027,34.84507635785752,0 32.45446197499197,34.84511475745516,0 32.45424980028563,34.84488902966829,0 32.45402514823066,34.84485941076546,0 32.45390316674115,34.84476583758889,0 32.45388288469283,34.84470316968603,0 32.45383611461329,34.84467265428003,0 32.45359171264136,34.84452862568133,0 32.45328085769248,34.84448761519066,0 32.45327288191582,34.84448917668642,0 32.45289818439706,34.84456252025798,0 32.45274164886619,34.84452260175819,0 32.45246202555825,34.84449690267612,0 32.45231087560855,34.84444193043575,0 32.45164640683022,34.84444799426859,0 32.45161311595535,34.84437876528137,0 32.45136073895765,34.84424761114324,0 32.45119343173579,34.8442377996329,0 32.45105376033229,34.84433814018062,0 32.45083434989473,34.84405414189482,0 32.45053174519033,34.84397437462003,0 32.45008637618416,34.84378794596113,0 32.44980092293729,34.843820412071,0 32.44960671695571,34.8436292996462,0 32.4486959628678,34.8434223058347,0 32.44865811779675,34.84354061733177,0 32.44872109848274,34.84377391605975,0 32.4488526857857,34.84394949115016,0 32.44899988642861,34.84438605674585,0 32.44920218521952,34.8445535107028,0 32.44969390237215,34.84481142166785,0 32.45002852992918,34.84508330485048,0 32.45005925426591,34.84525317705469,0 32.45007615147312,34.84534660260999,0 32.45056706506066,34.84570761812632,0 32.4508100918072,34.846014758777,0 32.45098098363248,34.84613634619637,0 32.45119358661442,34.84622948926363,0 32.45126722790361,34.84627313193357,0 32.4513555716626,34.84636897725724,0 32.45136784814216,34.84644451621314,0 32.45157205881087,34.84650705846501,0 32.45189219870606,34.84694229708666,0 32.45232448316737,34.84707832852285,0 32.45257268146162,34.8471034583355,0 32.45305986373339,34.84740695158259,0 32.45316962556929,34.84753887723695,0 32.45317712780878,34.8476539044935,0 32.45312154354973,34.84775770106233,0 32.45313592610056,34.84784044095974,0 32.45325013376753,34.84792868309155,0 32.45349263807273,34.84811605208259,0 32.45375768746726,34.84819699010853,0 32.4539497691329,34.84818256246191,0 32.45411336728726,34.84822394710591,0 32.45439489979449,34.84833512429021,0 32.45476719485351,34.84844406923025,0 32.45489878822978,34.84854269207214,0 32.45506110184591,34.84870761693626,0 32.45517482914661,34.84884633824556,0 32.45525428670706,34.84892447908552,0 32.45538597102811,34.84901448137168,0 32.45547288709563,34.84904670205011,0 32.45577510422057,34.8490561874867,0 32.4559002577551,34.84910304429956,0 32.45602242967419,34.84910103340974,0 32.45618931203696,34.84916255181749,0 32.45636060959909,34.84913502873145,0 32.45650351058471,34.8491532769437,0 32.45699443485281,34.84960210072673,0 32.45729599315936,34.84966330386342,0 32.45745577804456,34.8497362623478,0 32.45759775688181,34.84984357517732,0 32.45820770206776,34.85025875315563,0 32.45854608810357,34.85046195643353,0 32.45872601166195,34.85061263458919,0 32.45874683086022,34.85062427373774,0 32.4587717958612,34.8505727307405,0 32.45896561220146,34.85039307867789,0 32.45915930766925,34.85022491817032,0 32.45956691780059,34.85008561743024,0 32.45965120823868,34.85003449108625,0 32.45966200469586,34.85000296083705,0 32.45971092173962,34.84999755859717,0 32.4599236503799,34.85001342128535,0 32.46006625778789,34.85006039639724,0 32.46033721524977,34.85018297918297,0 32.46050842347366,34.85016406940041,0 32.46091734391201,34.85025334895096,0 32.46111662014967,34.85022026954297,0 32.46120088011488,34.85017201576621,0 32.46140137306463,34.8500211388688,0 32.46168940620429,34.84984214389744,0 32.46177736316972,34.84977380224216,0 32.46175954200087,34.8496948359685,0 32.46191877820597,34.8494833306875,0 32.46223232987732,34.84924837163116,0 32.46247141367454,34.84907765165917,0 32.46275287648193,34.84885838133992,0 32.46288688025813,34.84872427601922,0 32.46298263822335,34.84891458378598,0 32.46311013056607,34.84907350742273,0 32.46328854826365,34.84937070526628,0 32.46341459982208,34.84973222729725,0 32.46350349912922,34.84991099393145,0 32.46365157712994,34.85010454002022,0 32.4638057474637,34.85044070921664,0 32.46388071912649,34.85061650432207,0 32.46402823750823,34.85086463846216,0 32.46424062109433,34.85101737881416,0 32.46469510072821,34.85128202611329,0 32.46499830535195,34.85132437200728,0 32.4656097990591,34.85139014559403,0 32.46562958656389,34.85150234147717,0 32.46579917907611,34.85198049080616,0 32.46585836807307,34.85208644057418,0 32.46594629454123,34.85202096956881,0 32.46591216285297,34.85194602571115,0 32.46584555823831,34.85162799671797,0 32.46587205435559,34.85142705220252,0 32.46594799048501,34.8511788929961,0 32.46616773464534,34.85119191983375,0 32.46627896690425,34.85123579595214,0 32.46649965464446,34.8511568834162,0 32.46705865042323,34.85110044424538,0 32.46721007104603,34.85114806079262,0 32.46745172407761,34.85140690386568,0 32.46770069665932,34.85163275526649,0 32.46787869485934,34.85197304309714,0 32.46800150442813,34.85224973360378,0 32.46799672210146,34.85273089310818,0 32.4680021702756,34.85288034172929,0 32.46808690098749,34.85346708130729,0 32.46830972597753,34.85424184757459,0 32.46818823952768,34.85451683673366,0 32.46825703876908,34.85461500737914,0 32.46829785811629,34.85471873020113,0 32.46828242645293,34.85486228673572,0 32.46834218477847,34.85516152366746,0 32.4683784260869,34.85571124973647,0 32.4686815766443,34.85610125386519,0 32.46872119155019,34.85632277180213,0 32.46878856567199,34.85656028616137,0 32.46883477875271,34.85681920278957,0 32.4687410346253,34.8571116247136,0 32.4685964992908,34.85759780636191,0 32.46889164856591,34.85808831834288,0 32.46886077656558,34.8577659338028,0 32.46891101129101,34.85753691540108,0 32.46909933965773,34.85742712522998,0 32.46995791529931,34.85776281231197,0 32.47016020396435,34.85841648376819,0 32.47007201154381,34.85899554046982,0 32.46997967499052,34.8590844964685,0 32.47058998211878,34.85943278869257,0 32.47048385978438,34.85972496235127,0 32.47062199709933,34.85984060584977,0 32.47067543573749,34.85989548708435,0 32.4707060907479,34.85987789558781,0 32.4708674980689,34.85986040342419,0 32.47095887939557,34.85976878247063,0 32.47104013864013,34.85985114674436,0 32.47105669137166,34.8598499711559,0 32.4710655370551,34.85990557230787,0 32.47108611017838,34.86003487444397,0 32.47118713267362,34.86021255311024,0 32.47136815699788,34.86036987261378,0 32.47156463176533,34.86058272971316,0 32.47183596553256,34.86075356130928,0 32.47194479692588,34.86085199291616,0 32.47204130175063,34.86076961960212,0 32.47213583446205,34.86088052161576,0 32.47236564896555,34.86094737061919,0 32.4725474648877,34.86102737749467,0 32.47268531854758,34.86115432952985,0 32.47287308061335,34.86099240744152,0 32.47304769858755,34.86097180922597,0 32.47326241371358,34.8609464806373,0 32.47327254782473,34.8609993937181,0 32.47322110980863,34.86108437818601,0 32.47326445548628,34.86142696624473,0 32.47326391171785,34.86148035139603,0 32.47333664926824,34.861686194587,0 32.47316456407368,34.86192730425983,0 32.47320824922742,34.86204670381364,0 32.47309811979138,34.86208290247781,0 32.47315115491619,34.86226396917837,0 32.47328091561388,34.86232483099768,0 32.47411795428976,34.86292610880488,0 32.47387836728976,34.86293677128701,0 32.47344287694347,34.86307749608397,0 32.47346660807673,34.86319675774043,0 32.47342087166533,34.86327857676571,0 32.47366651848915,34.86365347436941,0 32.4738554794903,34.86420509321669,0 32.47388344660853,34.86439830609005,0 32.47380349991544,34.86441007275017,0 32.47357430375564,34.86437973904543,0 32.47356311279039,34.86449875933012,0 32.47388478934441,34.86482801238671,0 32.47396658976156,34.86512426766775,0 32.47411802735582,34.86544153813108,0 32.47421223238912,34.86549968510392,0 32.47437187802388,34.86550078905282,0 32.47445798603882,34.86537407335104,0 32.47464810931478,34.86532199960148,0 32.47496140923887,34.86542272783246,0 32.47503689790695,34.86544536606532,0 32.47513421321523,34.86568833881867,0 32.47524958526633,34.86562753377513,0 32.47571635383684,34.86535560202264,0 32.47580225170278,34.86524941823488,0 32.47598131816731,34.86497746900767,0 32.47606809033529,34.86478504850708,0 32.47663425401234,34.86455075982236,0 32.47671711935857,34.86425153441704,0 32.47682976428815,34.86411468366485,0 32.47693016675126,34.86405377382864,0 32.47728084553543,34.86391245297066,0 32.47735118913787,34.86386365595863,0 32.47739264032719,34.86371199005747,0 32.47754862766344,34.86358164754854,0 32.47755532344608,34.86341331435624,0 32.4775273880774,34.86324213076835,0 32.47747371909166,34.86312266461789,0 32.47764192287152,34.86326345408465,0 32.4777123482483,34.86320644422936,0 32.47804904961389,34.86345927676146,0 32.47826627373728,34.86319383031253,0 32.47846216762127,34.86306376058376,0 32.47864679501677,34.86306092400287,0 32.47863606942976,34.86313477227939,0 32.47896470736059,34.86319863498609,0 32.47918274792892,34.86332024958999,0 32.47937178389113,34.86337493695881,0 32.47981982238218,34.86347247230546,0 32.4799805865312,34.86336269260058,0 32.48044088493297,34.86323443607026,0 32.48060077643899,34.86321089213468,0 32.48131924883913,34.86320760727751,0 32.48151368805768,34.86322126119533,0 32.48182756907072,34.86326448069404,0 32.48195147872933,34.86320993993697,0 32.48197233361618,34.86344173555821,0 32.48221253011945,34.86392910731242,0 32.48235379751414,34.86439861740516,0 32.48281067177909,34.86512387400943,0 32.48299166088038,34.86527984466389,0 32.48309953752113,34.8654439209823,0 32.48325986220816,34.86554017165014,0 32.4838613828706,34.86593479296049,0 32.48389956188332,34.8662832461186,0 32.48386633402288,34.86647216667922,0 32.48399490344177,34.86665357627286,0 32.48396557712619,34.86697148442258,0 32.48402593816391,34.86719112461239,0 32.48399100236204,34.86754768410243,0 32.48378852265307,34.86796330114137,0 32.48313829213455,34.86880148298968,0 32.48309489190943,34.86896454291924,0 32.48295785624228,34.86910118119063,0 32.48273819056093,34.86915558780829,0 32.4823639601163,34.8690198112994,0 32.48215472584308,34.8690742874113,0 32.4820811236807,34.86912967538125,0 32.48173683022736,34.86912735925742,0 32.48140867135462,34.86907786408111,0 32.48107463608948,34.86909280903667,0 32.48082366793583,34.86914700197492,0 32.4806665990259,34.86920182714567,0 32.48045335728571,34.86964745619881,0 32.4803267054341,34.86978846091462,0 32.47997114083547,34.86986773812809,0 32.47986592731793,34.8699530027987,0 32.47980444612114,34.87035236907801,0 32.47965184098958,34.87048030120593,0 32.47942125163132,34.87058191363786,0 32.47915255668186,34.8708380232818,0 32.47910432650887,34.87096236062887,0 32.47890976550496,34.87111150218821,0 32.47874809284276,34.87110611094216,0 32.47840087084771,34.87088023152945,0 32.47820732276893,34.87093050790949,0 32.47786545736309,34.87119901627751,0 32.47789989866698,34.8714012882312,0 32.47799154664474,34.87162114306216,0 32.47765042859137,34.8718165765354,0 32.47749971742209,34.87175967409737,0 32.47741952235351,34.87194827542827,0 32.47715607745408,34.87220011589831,0 32.47711314887994,34.87231589085244,0 32.47661477114846,34.87258333571053,0 32.47641984710927,34.87276686044348,0 32.47629225458101,34.87299812635884,0 32.47616802523454,34.8729027126027,0 32.47607049975052,34.87274729807235,0 32.47583720565925,34.87260385882459,0 32.47564418405482,34.87260255060814,0 32.4752625612014,34.87267733952066,0 32.47514734995015,34.87271954497118,0 32.47487077136891,34.87272626535774,0 32.47481281022223,34.87278175517005,0 32.47470770600146,34.87336136830292,0 32.47463891295644,34.87345547281324,0 32.47470729382912,34.8739073017509,0 32.47489858747303,34.87407624991377,0 32.47505302718137,34.87443794994186,0 32.47516720399684,34.87470535369455,0 32.47618614629894,34.8749343525412,0 32.47607243744046,34.87507309982233,0 32.47586053813318,34.87518128521751,0 32.47560696925417,34.87548138147239,0 32.47509188917937,34.87549497088289,0 32.47485238276408,34.87559869581283,0 32.47464870766382,34.87557595887256,0 32.47446509425937,34.87562026857591,0 32.47400213552544,34.87560573487615,0 32.47399327866218,34.87579929197084,0 32.47410303353973,34.87588260936908,0 32.47410424608791,34.87593386920586,0 32.47395361899062,34.87596274223442,0 32.4738701908782,34.87618284295708,0 32.47357538243843,34.87594308821252,0 32.47334864768488,34.87580772334267,0 32.4728975820148,34.87569470759614,0 32.47272438713625,34.87565131252126,0 32.47237381722773,34.87564688457037,0 32.47217543852754,34.8756618662117,0 32.47183003459474,34.87575955093015,0 32.47159026885463,34.87585586931709,0 32.47134780036355,34.87591142438978,0 32.47118924035436,34.8759093223128,0 32.47098054575345,34.87584154884414,0 32.47084157911894,34.87586203674315,0 32.47061373844561,34.87597276943137,0 32.47024086044969,34.87609169845673,0 32.47012482278451,34.87617256966907,0 32.46986571168513,34.87643518321062,0 32.46976381754834,34.87646511086103,0 32.46958935612736,34.87644248383094,0 32.4694906728895,34.87639995726431,0 32.46937046135694,34.87615822995799,0 32.46920457780691,34.87589985830351,0 32.4690630611179,34.87580497935971,0 32.4689987331331,34.87579535237523,0 32.46881689327872,34.87589006309752,0 32.46852198716748,34.87601666603247,0 32.46817622607335,34.87614904394267,0 32.46781692879673,34.87639463566447,0 32.46773740408768,34.87641756975604,0 32.4675900633824,34.87640839438252,0 32.46736888927072,34.87634971503094,0 32.46702373771365,34.87629937458703,0 32.46679187705572,34.87631717988801,0 32.46660607883037,34.87643533872079,0 32.46645172276165,34.87662925013118,0 32.46641191293677,34.87664530932656,0 32.46635531974493,34.87660613166911,0 32.46624616642256,34.87661865389294,0 32.46605789921049,34.87673577340297,0 32.46554174215332,34.8764443701065,0 32.46549113461767,34.87618168107003,0 32.46545664046592,34.87608982215882,0 32.46533704305056,34.87589873790631,0 32.46538558561119,34.87576292064586,0 32.46519195144037,34.87568148007079,0 32.46501242535428,34.87568079482713,0 32.46434699663749,34.87604673670361,0 32.46427598668561,34.87612413454861,0 32.4642474879419,34.87631282486579,0 32.46432565846976,34.87657616047154,0 32.46443528577019,34.87670426915717,0 32.46454957880736,34.87675289824445,0 32.46477238576503,34.87675442916073,0 32.46499514602243,34.87673953445903,0 32.46522011729692,34.87677624978337,0 32.46528454995547,34.87681452225004,0 32.46585989961958,34.87744066235928,0 32.46581502211291,34.87747150872671,0 32.4657556285439,34.87746324844477,0 32.46568384502873,34.87748389581118,0 32.46558119562727,34.87748541698566,0 32.46542233578345,34.87742410176861,0 32.46520936777794,34.87733871267493,0 32.46517280529098,34.87734847571579,0 32.46524908804996,34.87793328568068,0 32.46519445146036,34.87798783172,0 32.46500977544687,34.87809122391974,0 32.46476253153422,34.87816309856044,0 32.46415536324881,34.87825633197644,0 32.46410392801369,34.87824354291096,0 32.46399774510083,34.87817234845033,0 32.46396001767938,34.87817208927034,0 32.46349935575111,34.87869947487273,0 32.46360520277016,34.878927138894,0 32.46334469710488,34.87918958699785,0 32.46311615421099,34.87920248437328,0 32.46264794507229,34.87929494817246,0 32.46239574081684,34.87939446278968,0 32.46208829161379,34.87967625533312,0 32.4620441571227,34.87968734959024,0 32.46183756396465,34.87959577285199,0 32.46149453115216,34.87956335645227,0 32.46131280702864,34.87949992801862,0 32.46103476169396,34.87950837170889,0 32.46059172820716,34.87940780465559,0 32.46050690156567,34.87923880639725,0 32.46054991274085,34.87917462147801,0 32.46053285602158,34.87895147200579,0 32.46065917904389,34.87884386240912,0 32.46066958795917,34.87879198879848,0 32.46054573249865,34.87863411235745,0 32.46037000743058,34.87852854374623,0 32.460263270295,34.87853336946612,0 32.45941144969157,34.87878821300174,0 32.45941169672936,34.8787504819571,0 32.45926858678955,34.87875456184202,0 32.45919251762842,34.87900891500239,0 32.45919805843177,34.87910220901562,0 32.45897703680986,34.87958782585105,0 32.45876114634755,34.87976871350251,0 32.45870108280489,34.87976372980496,0 32.45866652743597,34.87979659089152,0 32.45894313109488,34.87994639257327,0 32.45893394390726,34.88003832387758,0 32.45913391739145,34.88009109558507,0 32.45915148910989,34.88002985926275,0 32.45926045487759,34.88004348052649,0 32.45944072658311,34.88011148663954,0 32.45944706996068,34.88015158619399,0 32.45939467537108,34.88021491318641,0 32.45914799102045,34.8803549541067,0 32.45909144300294,34.88044877505224,0 32.45912375815324,34.88070011089982,0 32.45907693313177,34.88078879906706,0 32.45905877412658,34.8808476439628,0 32.45915385883833,34.88133375839875,0 32.45930915129858,34.88167897000994,0 32.45942109875462,34.88198866428405,0 32.45954884637772,34.88224320608535,0 32.45954441983332,34.88227989269997,0 32.45935957866366,34.88233880601086,0 32.45929216732919,34.88240769108136,0 32.45929447400848,34.88249275951636,0 32.45945600998625,34.88300419467104,0 32.45956614261376,34.88332025560923,0 32.45966740986515,34.88345447455166,0 32.4598599754183,34.88357226214416,0 32.45999933057391,34.88376819344953,0 32.4599593317633,34.88379670382704,0 32.45981981327252,34.88377218613491,0 32.45958074848735,34.88369725676841,0 32.45906042054617,34.88348037224482,0 32.459012775891,34.88348004215052,0 32.45884523891923,34.88361099381858,0 32.45859899472576,34.88381682641564,0 32.45838903288814,34.88389608162012,0 32.45829518368107,34.8839687902828,0 32.45815045684042,34.88402949311514,0 32.4580681819757,34.88401890956109,0 32.4577612513572,34.88380434526093,0 32.45747374171157,34.88371094709971,0 32.45728498984604,34.88361255985104,0 32.45713246094952,34.88351940461657,0 32.45703125687938,34.88351091369251,0 32.45669284526503,34.88360341024992,0 32.45658212944662,34.88358345891547,0 32.45617193665347,34.88366157261493,0 32.45566728844761,34.88377531928515,0 32.45557193081658,34.88371945517288,0 32.45550733960938,34.88370360539515,0 32.45542587607159,34.88373231436746,0 32.45509458410237,34.88393985735147,0 32.45494526892561,34.88416429786739,0 32.45491901904636,34.88416495179967,0 32.45483806140427,34.88398328125697,0 32.45477406186453,34.8838145708664,0 32.45468947461445,34.88376613889114,0 32.45462602592716,34.88363217925566,0 32.4545491641428,34.88348922532207,0 32.45437061847242,34.88338450623696,0 32.45405607943623,34.88310860565871,0 32.45397788102596,34.88296452938458,0 32.45365094745395,34.88284319908036,0 32.45336715683086,34.88299143115169,0</coordinates>
						</LinearRing>
					</outerBoundaryIs>
				</Polygon>
			</MultiGeometry>
		</Placemark>
	</Document>
</kml>