<?xml version='1.0' encoding='UTF-8'?>
<kml xmlns="http://www.opengis.net/kml/2.2">
	<Document>
		<name>PAFOS Community Cluster Z</name>
		<Style id="PolyStyle80">
			<LabelStyle>
				<color>00000000</color>
				<scale>0.000000</scale>
			</LabelStyle>
			<LineStyle>
				<color>ffa9e600</color>
				<width>2.000000</width>
			</LineStyle>
			<PolyStyle>
				<color>00828282</color>
				<outline>1</outline>
			</PolyStyle>
		</Style>
		<Placemark id="ID_80021">
			<name>PAFOS Community Cluster Z</name>
			<snippet />
			<description>&lt;html xmlns:fo="http://www.w3.org/1999/XSL/Format" xmlns:msxsl="urn:schemas-microsoft-com:xslt"&gt;

&lt;head&gt;

&lt;META http-equiv="Content-Type" content="text/html"&gt;

&lt;meta http-equiv="content-type" content="text/html; charset=UTF-8"&gt;

&lt;/head&gt;

&lt;body style="margin:0px 0px 0px 0px;overflow:auto;background:#FFFFFF;"&gt;

&lt;table style="font-family:Arial,Verdana,Times;font-size:12px;text-align:left;width:100%;border-collapse:collapse;padding:3px 3px 3px 3px"&gt;

&lt;tr style="text-align:center;font-weight:bold;background:#9CBCE2"&gt;

&lt;td&gt;Σύμπλεγμα Ζ&lt;/td&gt;

&lt;/tr&gt;

&lt;tr&gt;

&lt;td&gt;

&lt;table style="font-family:Arial,Verdana,Times;font-size:12px;text-align:left;width:100%;border-spacing:0px; padding:3px 3px 3px 3px"&gt;

&lt;tr&gt;

&lt;td&gt;NAME_GR&lt;/td&gt;

&lt;td&gt;Σύμπλεγμα Ζ&lt;/td&gt;

&lt;/tr&gt;

&lt;tr bgcolor="#D4E4F3"&gt;

&lt;td&gt;NAME_ENG&lt;/td&gt;

&lt;td&gt;Community Cluster "Ζ"&lt;/td&gt;

&lt;/tr&gt;

&lt;tr&gt;

&lt;td&gt;DISTRICT_N&lt;/td&gt;

&lt;td&gt;ΠΑΦΟΣ&lt;/td&gt;

&lt;/tr&gt;

&lt;tr bgcolor="#D4E4F3"&gt;

&lt;td&gt;SHAPE.AREA&lt;/td&gt;

&lt;td&gt;196347941,455865&lt;/td&gt;

&lt;/tr&gt;

&lt;tr&gt;

&lt;td&gt;SHAPE.LEN&lt;/td&gt;

&lt;td&gt;103606,952719&lt;/td&gt;

&lt;/tr&gt;

&lt;/table&gt;

&lt;/td&gt;

&lt;/tr&gt;

&lt;/table&gt;

&lt;/body&gt;&lt;script type="text/javascript"&gt;

				function changeImage(attElement, nameElement) {

				document.getElementById('imageAttachment').src = attElement;

				document.getElementById('imageName').innerHTML = nameElement;}

			&lt;/script&gt;&lt;/html&gt;

</description>
			<styleUrl>#PolyStyle80</styleUrl>
			<MultiGeometry>
				<Polygon>
					<extrude>0</extrude>
					<altitudeMode>clampToGround</altitudeMode>
					<outerBoundaryIs>
						<LinearRing>
							<coordinates> 32.74820736834888,34.91675783823653,0 32.74767456940917,34.9171683672683,0 32.74699371484372,34.91764614668105,0 32.74676511727017,34.91783455677762,0 32.74645715534987,34.91810486951569,0 32.74626350973197,34.9182479407724,0 32.74611062720882,34.91837228660037,0 32.74588781297896,34.91846263344843,0 32.74553025281328,34.91859082948202,0 32.74510447230949,34.91866123358044,0 32.74473020121527,34.91866909813187,0 32.74450808402564,34.91865843518302,0 32.74431550069789,34.91860461998368,0 32.74281694594757,34.91800593502759,0 32.74284644777112,34.9179675935372,0 32.74272493607312,34.91762645339205,0 32.74253880550967,34.91748608492981,0 32.74231361900028,34.91707616945585,0 32.74215732531344,34.91684935994719,0 32.74207583731117,34.91679606532409,0 32.74199531995268,34.91660328340465,0 32.74192545817898,34.91655966324849,0 32.74154768052345,34.91640331467705,0 32.74149515954257,34.91638863663987,0 32.7411551430748,34.91651690314008,0 32.74078041253746,34.91659209283509,0 32.7406397534705,34.91663952922334,0 32.74055793146086,34.91663433175804,0 32.74029522892364,34.91657536920797,0 32.7400672708529,34.91656467034529,0 32.73987987129439,34.91660707410482,0 32.73950994511288,34.916831394914,0 32.73939274011307,34.91686931948497,0 32.73926397592228,34.91688795002106,0 32.73919404991364,34.91685394829893,0 32.73915345796444,34.91680565502012,0 32.73915189598179,34.91598004063665,0 32.73914067198995,34.91591264672654,0 32.73892515008154,34.91579618334341,0 32.7388964210634,34.91572389665967,0 32.73888563389814,34.91559397456025,0 32.7388157091408,34.91555997261869,0 32.73872219527262,34.91555471814107,0 32.73837139164215,34.9155530538527,0 32.73828379262491,34.91553820785839,0 32.73819044710206,34.91550890478912,0 32.73809159121235,34.91543147465296,0 32.73791243135955,34.91513240073277,0 32.73789331977227,34.91508138413129,0 32.73797537509632,34.91505291340174,0 32.73812218163513,34.9149622189256,0 32.73811879623411,34.91492001714773,0 32.73775792189441,34.91469466834365,0 32.73720661328628,34.91449077748383,0 32.73691755129266,34.91436267617971,0 32.73677268047019,34.91434707769915,0 32.73664887063495,34.91437867076863,0 32.73634431034495,34.91445638767448,0 32.73622088337551,34.91447424323074,0 32.73602505211965,34.91442720287594,0 32.73588565437526,34.91432510066932,0 32.735785002086,34.91429234539479,0 32.73580255888516,34.91418638173064,0 32.73565733066997,34.91411652722855,0 32.73554877739273,34.91401661280359,0 32.73539373403321,34.91374844831943,0 32.73533231394557,34.91371587994725,0 32.73505225683486,34.91369148887747,0 32.7348624869789,34.91357992414804,0 32.73490210728983,34.913524784011,0 32.7351144557543,34.91361340312481,0 32.73540585092593,34.91361940417119,0 32.73571266543472,34.91382374169035,0 32.73582904439443,34.91387271922807,0 32.73556225466548,34.91352131032359,0 32.73527598582992,34.91346992532574,0 32.73507642102814,34.9134403893388,0 32.73499845215345,34.91341143554251,0 32.73486872335896,34.91333221369975,0 32.73462593375743,34.91327388810325,0 32.73439167783126,34.91323704119762,0 32.73353843758679,34.91352593295288,0 32.73284491095934,34.91333682480056,0 32.73266332476894,34.91322162380731,0 32.73260298069255,34.91315702384044,0 32.73271816277077,34.91283602109772,0 32.73281627495963,34.91247206235176,0 32.73279935861716,34.9124076706242,0 32.73274776295463,34.91221679493228,0 32.73276614301042,34.91207396919422,0 32.7328802634481,34.91190301993248,0 32.73282279691279,34.91143113156182,0 32.73290257787647,34.91120285283814,0 32.73289439755006,34.91113135714843,0 32.73284294106004,34.91103821655916,0 32.73271306761335,34.91098042917381,0 32.73258359638227,34.91086547785171,0 32.73245336961864,34.91085770839599,0 32.73234283408038,34.91037305030121,0 32.7324500333409,34.90995196955777,0 32.73238211747906,34.90973012846898,0 32.7320814748793,34.9092570728641,0 32.73208455628543,34.90882120186562,0 32.73197407616382,34.90845936706985,0 32.73222190090757,34.90780315517509,0 32.73206825036032,34.90742369771441,0 32.73203195170952,34.90665817836951,0 32.73187717697527,34.90661368636704,0 32.73182521757696,34.90655090011904,0 32.73191919055454,34.90637693959829,0 32.7319484625541,34.90598465393008,0 32.73224978749614,34.90540495119543,0 32.7322636415883,34.90506308043668,0 32.73217826792898,34.90495267522856,0 32.73215407349701,34.90492138796103,0 32.73213175152463,34.90484285500145,0 32.73211000350967,34.9046148954006,0 32.73205039899805,34.9044169766177,0 32.73202107309135,34.90425057306003,0 32.73199112600606,34.90417200342267,0 32.73190432351719,34.90404610543415,0 32.73181777999248,34.90380798692316,0 32.73157947387061,34.90354019414382,0 32.73150446608562,34.90336415953321,0 32.73129721658977,34.90301809072423,0 32.73121340714128,34.90300827714292,0 32.73114096835046,34.90300792852603,0 32.7310672204315,34.90319265952179,0 32.73102916168798,34.90318306602519,0 32.73102229116917,34.90307637362964,0 32.73106104583821,34.90295807250249,0 32.73116527244645,34.90277662525509,0 32.73120809799043,34.90265134872858,0 32.73123935251486,34.90254483980052,0 32.73121687733844,34.90248826536322,0 32.73113357932414,34.90240630167339,0 32.73103605291497,34.90217996710789,0 32.73091768750544,34.90220449379595,0 32.73083072085688,34.9020227279544,0 32.73047671467263,34.90194259969635,0 32.73037092124377,34.90180719786004,0 32.73026102521575,34.90171255801755,0 32.73019708007806,34.90158990599833,0 32.73015671820606,34.9015102887272,0 32.73009551929047,34.90142322706123,0 32.73004852461861,34.90138410570216,0 32.72998688064893,34.90135987330584,0 32.72993267762917,34.90131174042621,0 32.72987862311643,34.90124266561593,0 32.72983924205675,34.90115570909444,0 32.72981812442922,34.901056872525,0 32.72979299000105,34.90101187269289,0 32.72952867772164,34.90085202573961,0 32.72948536318448,34.90080693761004,0 32.72942982734379,34.90057521801278,0 32.72938644854819,34.90053910623615,0 32.72927158294739,34.90084073976249,0 32.72916341344779,34.90071156411755,0 32.7290670021703,34.90046276654323,0 32.72904176121083,34.90043272570112,0 32.72887139542427,34.90035710535821,0 32.72879167841855,34.90031782487628,0 32.72875531688216,34.90031764908639,0 32.72870045576137,34.90036226417924,0 32.72862348208089,34.90044865936758,0 32.72859369095506,34.90054725087553,0 32.72820956249019,34.90090182913922,0 32.7281672179687,34.90093281877457,0 32.72810391037122,34.90094984328115,0 32.72769534515866,34.90094440342077,0 32.72759412742078,34.9009612444674,0 32.72747167523897,34.90100224416727,0 32.72740422872171,34.90100885010999,0 32.72735382984739,34.90098781105871,0 32.7272032503428,34.90083804251647,0 32.72714122802839,34.90067483925105,0 32.72707476995913,34.90054280947874,0 32.72697015523035,34.9004452542437,0 32.72681928103631,34.90033707696357,0 32.72653817417447,34.90017974494717,0 32.72646187438188,34.90012496136383,0 32.72631967364795,34.89998216517355,0 32.72627420452668,34.89986063439953,0 32.72620678457815,34.89986377370656,0 32.72611421551711,34.89984946033358,0 32.72604711696371,34.89980754363341,0 32.72602664954218,34.89972425949232,0 32.72604339834508,34.89928152914281,0 32.72589042749461,34.89919156586532,0 32.72585933226114,34.89911706298133,0 32.72571529084937,34.89904201230243,0 32.72566620507499,34.89895627018706,0 32.72563030115636,34.89892263757069,0 32.72551310228558,34.89888489291506,0 32.72511082362023,34.89890896450287,0 32.72479459805018,34.89890371108919,0 32.72474952614107,34.89888862169943,0 32.72474091472907,34.89882909817999,0 32.72479434607281,34.89875226418182,0 32.72486697834196,34.89870428813561,0 32.72502991495135,34.89866418581231,0 32.72511580712636,34.89865716766954,0 32.72518825288456,34.89863521376375,0 32.72521562567309,34.89859817059471,0 32.72517491181866,34.89860540815205,0 32.72507078742036,34.89863464344357,0 32.72497192689071,34.89855981125301,0 32.72492916614446,34.89847311860672,0 32.7249091246283,34.89824087053943,0 32.72474725538009,34.89811507959558,0 32.72463893819272,34.89808776673651,0 32.72437947443992,34.89795257301024,0 32.72430467012313,34.89779148918787,0 32.72425124665792,34.8976751544098,0 32.72424065146372,34.89763938739094,0 32.72431673490679,34.89762189896943,0 32.72429535322632,34.89757715078619,0 32.72420867464992,34.89755887217259,0 32.72411120858276,34.89753161140743,0 32.72403653272434,34.89735267108442,0 32.72401642909602,34.89712935145306,0 32.72416878858306,34.89706758989568,0 32.72415947210808,34.89685325146009,0 32.72397654431045,34.89651608986004,0 32.72403405944988,34.89606099604777,0 32.72372585505245,34.89515767964593,0 32.7235980805154,34.89481776083252,0 32.72295027971443,34.89420914999314,0 32.72303026921132,34.89364702022656,0 32.72274628296313,34.89239559200668,0 32.72258385087761,34.89235015661622,0 32.72249781974976,34.89224259058997,0 32.72254173255163,34.89217137337202,0 32.72265875958047,34.89190607247617,0 32.72272992087028,34.89153315564663,0 32.72270020938932,34.89040186378988,0 32.72269956719,34.89037744500185,0 32.72179867593603,34.88993964552128,0 32.72173141655643,34.89001984690265,0 32.72141629793204,34.89039560013099,0 32.72073013830278,34.89120847726466,0 32.72017456616009,34.89137916113558,0 32.71988445761872,34.89174992248625,0 32.71930718156876,34.8920812097492,0 32.71908418462198,34.89239731561085,0 32.71883547554339,34.89340577308403,0 32.71839054022157,34.89391646992021,0 32.71804581977396,34.89402896831142,0 32.7179631764122,34.89410045909823,0 32.71782638355067,34.89456078285392,0 32.7177696476978,34.89459857020709,0 32.71741842508256,34.8941908262187,0 32.71708458046468,34.89421879118794,0 32.71689509816464,34.89415864766602,0 32.7166350446495,34.89392052762278,0 32.71561841905813,34.89325574203396,0 32.7155946287177,34.89299763653738,0 32.71037627425669,34.89503672461935,0 32.70901268487822,34.89556949643664,0 32.70761512430326,34.89595633628842,0 32.7062242922298,34.89631621963375,0 32.70499849828738,34.89649349549254,0 32.70446704857451,34.89663647989033,0 32.70390137861327,34.89697890314998,0 32.7035389250502,34.89728997892077,0 32.70277629128588,34.8977015344735,0 32.70242126393175,34.89789395507972,0 32.70132041388501,34.8979962960948,0 32.69955765384354,34.89817080087436,0 32.69946437310654,34.89838611872357,0 32.69952852344494,34.89856447284372,0 32.69936208739456,34.89893046911877,0 32.69920243762025,34.89926413470829,0 32.69926598675539,34.89952340419378,0 32.69939537512727,34.89973445356758,0 32.69956538539494,34.89976768537059,0 32.69973639870324,34.89966604977054,0 32.69997208907245,34.89967263805851,0 32.70018780801357,34.89972228072175,0 32.70035709718906,34.89985261351188,0 32.70057956703611,34.89987531730429,0 32.70074873608689,34.90002183097697,0 32.70089275243041,34.90002795466751,0 32.70122806790349,34.89984622360564,0 32.70139863807852,34.89980392808513,0 32.70147058834939,34.89981508344204,0 32.70153462651357,34.90000961341832,0 32.70155334248381,34.90013378747533,0 32.70167089112569,34.90017753800804,0 32.7018154685484,34.90010813584841,0 32.70210603201027,34.89978052362153,0 32.70220497118451,34.89968391639076,0 32.70236867675258,34.89968474193866,0 32.70250609966601,34.89969622645631,0 32.70289375567773,34.8995201509999,0 32.70334677165899,34.89936059044026,0 32.70353702929488,34.89931299532711,0 32.7039342212633,34.89961710198874,0 32.70416272032813,34.8997099611713,0 32.70439221739267,34.89966795178684,0 32.70466029344162,34.89972325137989,0 32.70488248905328,34.89978370970622,0 32.70497939627936,34.8999622225019,0 32.70510919413098,34.90011932201385,0 32.70537659672316,34.90026631995285,0 32.70550687416697,34.90035868337741,0 32.70577224556793,34.90078080271919,0 32.7059615392545,34.90086267512782,0 32.70620989710772,34.90092865432789,0 32.706424827806,34.90108618172191,0 32.70663449326148,34.90107104438775,0 32.70687026272649,34.90106683288582,0 32.70715750462703,34.90118695508237,0 32.70729474206097,34.9012254020839,0 32.70743053809382,34.90145805860777,0 32.70763262369292,34.90158314892917,0 32.7077275127667,34.90203677729644,0 32.70790339725901,34.90216173564383,0 32.70836026829906,34.90236902147399,0 32.70877690396832,34.90270557462092,0 32.70900458417265,34.90291170829911,0 32.70920068110284,34.90296123931797,0 32.70950190120269,34.90296274027639,0 32.70998651916359,34.90295975908099,0 32.71028960815153,34.9029808904675,0 32.71031793822581,34.90299480949497,0 32.71048041579181,34.90307463949904,0 32.71066625990486,34.90334079273966,0 32.71073494191253,34.90338218079982,0 32.71097213451394,34.90344019464516,0 32.71118698199389,34.90340968776733,0 32.71137481541007,34.90340430615766,0 32.71153494371509,34.90351877145067,0 32.71163068634861,34.90352871795438,0 32.71185398057325,34.90339089746729,0 32.71209154398965,34.90339839159616,0 32.71217514016706,34.90349668772528,0 32.7123887210042,34.90363983513193,0 32.71235750675595,34.9037154586531,0 32.71233663778557,34.90394900980863,0 32.71245864977787,34.90403486665883,0 32.71254250265431,34.90409843071545,0 32.71257235655502,34.904209091578,0 32.71248458215701,34.90468227609793,0 32.71250679943925,34.90485673081267,0 32.71254058242393,34.90512200843409,0 32.71266587977769,34.90533675145161,0 32.71208133890418,34.90656759519412,0 32.71188712748703,34.90689036085811,0 32.71134505082262,34.90738983326879,0 32.71096226898169,34.90768616995065,0 32.7102829985736,34.90775974693925,0 32.70958802936659,34.9078350196863,0 32.70882123757138,34.90784638025001,0 32.70852495461717,34.9077856901852,0 32.70839473901955,34.90769850086479,0 32.70810801805382,34.90683926974509,0 32.70798021771854,34.90667466307954,0 32.70784778088925,34.90663908235446,0 32.70734856890701,34.90656969115706,0 32.70713176903762,34.90651404420348,0 32.7069241016593,34.90637903105706,0 32.7067565533436,34.90631375674442,0 32.70660299569109,34.90631537381885,0 32.70632068283698,34.90649056430361,0 32.70585821506968,34.90673883320758,0 32.70546417560405,34.90721622144675,0 32.70537558962307,34.907232477802,0 32.7049220295085,34.90700702223261,0 32.70471549272613,34.90702268519061,0 32.70453730957327,34.90694284179772,0 32.70436411892938,34.90693589873786,0 32.70412742143758,34.90704250278698,0 32.7036514815464,34.90734982869934,0 32.70311929405125,34.90728945686602,0 32.70261779262532,34.90731577602964,0 32.70251313508597,34.90737592974301,0 32.70222984884684,34.90768578665462,0 32.70222568116177,34.90785178878266,0 32.70238029494015,34.90809838343523,0 32.70281144972961,34.90828993657252,0 32.70281288649198,34.9083446005487,0 32.70266297808169,34.90867633695578,0 32.70258314491625,34.90875488307315,0 32.70213269694356,34.9088543334448,0 32.70196090256918,34.90890660399111,0 32.70185872357415,34.90901540024782,0 32.70175365152942,34.909265377834,0 32.70168886348808,34.90930300707605,0 32.70153912907647,34.90936297985978,0 32.70056542414149,34.90989152223637,0 32.70040156965957,34.90990834758614,0 32.69983052896833,34.90961851289772,0 32.69961676229059,34.90961439431194,0 32.69940548009872,34.90972994457343,0 32.69925319851526,34.9096778361559,0 32.69914441569233,34.90968335774426,0 32.6989596150862,34.90974922246453,0 32.69878079727241,34.90975438903929,0 32.69863009968365,34.90969593224202,0 32.69845140431172,34.90968439771043,0 32.69839872885377,34.90958089109126,0 32.6981867549636,34.90960513004607,0 32.69793476295639,34.90960014374055,0 32.69764053536714,34.9096726890156,0 32.69690830755894,34.90974184156581,0 32.69678991194434,34.90980045064546,0 32.69678067247472,34.91004939188477,0 32.69672852104095,34.91012200231608,0 32.69657911098459,34.91013794179064,0 32.69622174550049,34.91011183045478,0 32.69599123048245,34.91012887533836,0 32.69549580397543,34.91032523813075,0 32.6953693248967,34.90998754666173,0 32.69532090901694,34.90980814930535,0 32.69537854994918,34.90949568804969,0 32.69534591251507,34.9094241646479,0 32.69518777840965,34.90937477503685,0 32.69490792517175,34.90933539126168,0 32.69409703484846,34.90932669672326,0 32.69367559165183,34.90924407588921,0 32.69357650360577,34.90918587721721,0 32.6935586218229,34.90911291037919,0 32.69350567644816,34.90880140246874,0 32.69337349696831,34.90873240569021,0 32.69309017683928,34.90866715306554,0 32.69281196751626,34.90865210291483,0 32.69259041410273,34.90869425190789,0 32.69225586106095,34.90882992246561,0 32.69216571420968,34.90880820480757,0 32.6920033166823,34.90859178469796,0 32.69177325180142,34.90854961183949,0 32.69131237588408,34.9085639486489,0 32.69043085152107,34.90863533132675,0 32.6904035280416,34.90859268054417,0 32.69049048917839,34.90845362550341,0 32.69050156076548,34.90830320384867,0 32.69071534301406,34.90806138588588,0 32.690803043858,34.90791912337252,0 32.6907600076006,34.9077610063632,0 32.69065337970158,34.90772554019672,0 32.69050381104752,34.90776272680072,0 32.6904195164973,34.90769852719936,0 32.69035268258619,34.90751903403772,0 32.69033934229377,34.90733374117779,0 32.69051414517654,34.90712816023931,0 32.69063354339112,34.90693747760315,0 32.69064214487238,34.9067750722115,0 32.69054900165884,34.90641932803127,0 32.69047088629003,34.90578278911227,0 32.69066190499005,34.90542934222889,0 32.69120872396993,34.90478965466607,0 32.69123302730537,34.90474938699101,0 32.69152940435922,34.90425830794259,0 32.69185262061378,34.90394976791432,0 32.69235632237841,34.90358820527537,0 32.69268591580889,34.90330127487107,0 32.69268662858667,34.90320686998222,0 32.69262074188888,34.90239192693996,0 32.69258596762848,34.90222721026323,0 32.6924947223059,34.90217009870673,0 32.69221997865601,34.9021309272195,0 32.69194522082023,34.90209445307982,0 32.69183105459706,34.9020372207311,0 32.69180234254605,34.9019372721974,0 32.69192023502873,34.90150090273425,0 32.69204264042162,34.90133429362679,0 32.6924911526185,34.90090770846479,0 32.69273357907598,34.90045579141784,0 32.69269581571472,34.90025329689833,0 32.69264772397782,34.89968390433226,0 32.69222484152826,34.89845173789139,0 32.69198891719091,34.89804322487864,0 32.6916778597876,34.89761274657877,0 32.69150756262901,34.89718568877422,0 32.69159807512769,34.89690562597708,0 32.69172877197721,34.89650708433812,0 32.6916713939893,34.89630178934424,0 32.69158288206763,34.89588324213986,0 32.69156507313152,34.89564038624783,0 32.69146206486656,34.89540788529141,0 32.6913089700539,34.89530460003871,0 32.69111267958404,34.89528471054261,0 32.69076847682754,34.89534228469885,0 32.69018563014191,34.89535277708069,0 32.68977666348656,34.89531560796689,0 32.68957429837734,34.89523364362025,0 32.68941164701682,34.89509524125978,0 32.68937039745785,34.89492239579741,0 32.68941805029845,34.89468257701883,0 32.68959495699296,34.89423572128101,0 32.68991064898609,34.89361964872607,0 32.69000384921533,34.89341782522149,0 32.68995541558404,34.89332856287227,0 32.68968125761956,34.89321655988508,0 32.68937127011953,34.89308009431461,0 32.68927080803586,34.89294471089737,0 32.68927221994188,34.89275859883073,0 32.68947913948931,34.89223907095806,0 32.68953209014582,34.89173223573794,0 32.689497673947,34.89152166530678,0 32.68928105581616,34.89116179889445,0 32.6890055530247,34.8907962348905,0 32.68878400706835,34.89065482967705,0 32.68860096916952,34.89061612367016,0 32.68844663663465,34.89067736777007,0 32.68825190993641,34.89088406174124,0 32.68772264928005,34.8916015292112,0 32.68739287963671,34.89191542010793,0 32.68679562318754,34.89210115045027,0 32.6866627580383,34.89192243752741,0 32.68627729722758,34.89138096910037,0 32.68592301511124,34.8910446610762,0 32.68538862064668,34.89071551127653,0 32.68497533711542,34.89038968564675,0 32.68491029614642,34.89033270384834,0 32.68493609904582,34.89021195618498,0 32.68505474747636,34.8896567298135,0 32.6849436646445,34.88952143965705,0 32.68485075431966,34.88945360076395,0 32.68471082547192,34.88942593331566,0 32.68445620147627,34.88943038562204,0 32.68415903562632,34.88950004970057,0 32.68401005208037,34.8895434607789,0 32.68397296525541,34.8895542663824,0 32.68358435488638,34.88959753511848,0 32.68348585964076,34.88956448162873,0 32.68328620151379,34.88941701252926,0 32.6830677087114,34.88915012805624,0 32.68282542221254,34.88855228960868,0 32.68261697394132,34.88826376259544,0 32.68157863138193,34.88760211817829,0 32.68112927251008,34.88739639641482,0 32.68098793069366,34.88737125402496,0 32.68087604423656,34.88736795766946,0 32.68069155999181,34.88738868863216,0 32.67950813715986,34.88761842632743,0 32.6792084112918,34.88764397675215,0 32.67910312951071,34.88763800178886,0 32.67901117892192,34.8876104039422,0 32.67890970973504,34.88753665601246,0 32.67863167787967,34.88731012778964,0 32.67780738156635,34.88664143751931,0 32.6765062338379,34.88549568551443,0 32.67603384413018,34.88486679541987,0 32.67600816483605,34.88478259738122,0 32.67626022583865,34.88283419269236,0 32.67656313304278,34.87984204011656,0 32.6765440580495,34.87975516438542,0 32.67553540462362,34.87782996175182,0 32.67551943253249,34.87776750694596,0 32.67559235078577,34.87685132701657,0 32.67559210602945,34.87645812576653,0 32.67553473752722,34.87621648014424,0 32.67526347507479,34.87567409150515,0 32.67524045527915,34.87565633652744,0 32.67444433349652,34.87504228282428,0 32.67406310590255,34.87483794312902,0 32.67263971679953,34.87449562062137,0 32.67205357316577,34.87433836573229,0 32.67135160075458,34.8740456076028,0 32.67099675991066,34.87383176351597,0 32.67060496553943,34.8734852441663,0 32.66980541107943,34.87274643536548,0 32.66862693206148,34.87283578666089,0 32.66862510363922,34.872935185454,0 32.66849900400203,34.87299232395299,0 32.66839083074481,34.87299897459024,0 32.66810546968513,34.87286979464722,0 32.66799612876245,34.87265243078697,0 32.667452539902,34.87228823219888,0 32.66731388948208,34.87208275508832,0 32.66714239825928,34.87196622332067,0 32.66711966431585,34.87188420740728,0 32.66691532989516,34.87185662260582,0 32.66650469011847,34.87168100583369,0 32.66637756018191,34.87149726686215,0 32.66534646947701,34.87107264877756,0 32.66550795211488,34.87060381689319,0 32.66542377860758,34.87016016601963,0 32.66505215747281,34.86985468538214,0 32.66505735340973,34.86956566943565,0 32.6646803101918,34.86957810501262,0 32.66443729619316,34.86963943129093,0 32.66400475585111,34.86964915872102,0 32.66383183041585,34.86971567683482,0 32.66361892844985,34.86966395375028,0 32.66357451003211,34.86973838552328,0 32.66344860077273,34.86977143191452,0 32.66317410269537,34.8701192215804,0 32.66310606256174,34.87022483892584,0 32.6629652373821,34.87029634496752,0 32.6623088934739,34.87052405717077,0 32.66210321258724,34.87066747397773,0 32.66190565035877,34.87089282882121,0 32.6614674356454,34.8712493701376,0 32.66116860980816,34.87134652089523,0 32.66093194830592,34.87134283864525,0 32.6605411264783,34.87124920438192,0 32.659760708977,34.87090778448859,0 32.66021617421686,34.87058747418654,0 32.66019900490894,34.8705416158389,0 32.66040190016471,34.87038132489766,0 32.66034170374427,34.87023407120846,0 32.6603778550246,34.870096970941,0 32.66057188826967,34.86994867657606,0 32.66052949084557,34.86976779568662,0 32.66054621789049,34.86950052069204,0 32.66069896157278,34.86940017751794,0 32.66051203392101,34.86902100687805,0 32.66061470102564,34.86897097588435,0 32.66089445656372,34.86869789108734,0 32.66104406549787,34.8686240266922,0 32.66115538280323,34.86858849470557,0 32.66104200022497,34.86851562432932,0 32.6614713736336,34.86779773286676,0 32.66145761616632,34.86732073697342,0 32.66091387771483,34.86661447344281,0 32.66056776477955,34.8660441594925,0 32.66022047142224,34.86525464645741,0 32.65937013842823,34.86526210672817,0 32.65844408120753,34.86560637066827,0 32.65835640813211,34.86560830586926,0 32.65830792223952,34.86545870417171,0 32.65823599001696,34.86531861167932,0 32.65824292532437,34.86518135410329,0 32.65843649652818,34.86472233807044,0 32.65840354214149,34.86445720425869,0 32.65831713367601,34.86430017178258,0 32.65854846541411,34.86350173409554,0 32.65957779863032,34.86192236506821,0 32.65982274110953,34.86161537177157,0 32.65989713738796,34.8614447554969,0 32.66008623236718,34.86107065074609,0 32.66017143408306,34.86090208822751,0 32.6601616373546,34.86076940357027,0 32.66045435873966,34.86033583106439,0 32.66045503017214,34.86002288518198,0 32.66022054029239,34.85972506674271,0 32.66009004884076,34.85953659338611,0 32.66002601588175,34.8594036173595,0 32.65998188050118,34.85926925822744,0 32.65991733933475,34.85897235412995,0 32.65986643374102,34.85877983922087,0 32.65967844729953,34.85809033640915,0 32.65944648162303,34.85793112222783,0 32.65926059750905,34.85811639808821,0 32.65934947958569,34.85830762872143,0 32.65929779328074,34.85844147089023,0 32.65922833411827,34.85853647141546,0 32.659139155072,34.85861050223855,0 32.65906835188148,34.85864737562977,0 32.65894975356476,34.85867874505266,0 32.6589820317667,34.85858879038151,0 32.65899105069471,34.85836381447377,0 32.65893706496534,34.85810422132463,0 32.65889284851102,34.85798029305366,0 32.65878712898768,34.85786050472556,0 32.65858954110772,34.85769849262775,0 32.65840811610113,34.85754997965266,0 32.65845188404984,34.85750252799305,0 32.65932250974833,34.85692156285352,0 32.6595784015933,34.85679925397309,0 32.6597644720458,34.85659013310584,0 32.66017783379433,34.85598881334624,0 32.66031474577703,34.85582264415159,0 32.66051319454365,34.85564786562343,0 32.66105808475761,34.85533039595423,0 32.66195424332955,34.85494476895117,0 32.66231150594849,34.85480511544668,0 32.6625366164534,34.85468710482726,0 32.66293238071751,34.85447910424647,0 32.66316675435354,34.85433282719553,0 32.66304642499401,34.85377334331041,0 32.66295165946391,34.85341070730464,0 32.66286498308948,34.85316882408006,0 32.66271842737121,34.85295493316153,0 32.66257658775974,34.85283048384397,0 32.66229379956695,34.85269782484105,0 32.66161578283918,34.85247809903584,0 32.66092141639636,34.85226871301963,0 32.66008977998258,34.85204368162793,0 32.6589991204716,34.85165481212623,0 32.65869298477281,34.85150413693977,0 32.65822588073913,34.8511350160239,0 32.65791183179091,34.85080300908252,0 32.65743979304121,34.85030397127174,0 32.6572616132437,34.84933475786716,0 32.65711689398665,34.84902753962166,0 32.65692747275612,34.84882222424515,0 32.65629433892228,34.84824848707705,0 32.6550660175475,34.84752468407911,0 32.65459817999589,34.84726890914602,0 32.6542482811993,34.8471159187575,0 32.65400625648746,34.84692430627064,0 32.65400199086774,34.84692092994354,0 32.65366277146858,34.84653085844784,0 32.65245495807849,34.84514194706067,0 32.65208459936321,34.84474126855901,0 32.65119871391087,34.84376561122318,0 32.65066531500101,34.84288289770733,0 32.64996829156973,34.84122726400589,0 32.64960346774704,34.84036751078768,0 32.64907272187487,34.84003632471669,0 32.64875282046893,34.83984477173297,0 32.6482289651418,34.83951305739624,0 32.6471605472177,34.83885833835567,0 32.64589421288726,34.83777184883634,0 32.64330876379309,34.83731582482228,0 32.64324111179722,34.83718926622443,0 32.64311471789986,34.8369495624275,0 32.64233964206004,34.83678549808719,0 32.64092678680783,34.8356640906579,0 32.63983963395133,34.83468192685444,0 32.63820258423511,34.83296986026687,0 32.63743627152478,34.83193651138237,0 32.63692344276555,34.83124495960706,0 32.63685601530155,34.83109375790247,0 32.63674861014095,34.83095188666111,0 32.63595835238803,34.83009285246871,0 32.63501174735956,34.82906369268617,0 32.63448304694571,34.82836649833762,0 32.63420553718332,34.82798248161974,0 32.63363400412135,34.82724602468839,0 32.63268072319818,34.82600560013289,0 32.63235222783618,34.82558473353239,0 32.63173219329376,34.82484299257703,0 32.63151851608104,34.82458736936463,0 32.63136791526499,34.82440720416969,0 32.63094106754774,34.82351286577262,0 32.63080536516047,34.82323981209989,0 32.63068552926472,34.82299248957797,0 32.63035936636142,34.82230255768322,0 32.62717579483431,34.81970483385903,0 32.62682142977122,34.81888913763402,0 32.62638908416785,34.81793096674382,0 32.62563109358049,34.81745371606302,0 32.62528652402497,34.81724368975568,0 32.62498793830113,34.81705280132837,0 32.62453426111649,34.81677594843129,0 32.62402811606125,34.81645564417377,0 32.62310546448223,34.81610134384991,0 32.62156325235166,34.81537555605623,0 32.61990519099994,34.81459976665531,0 32.61912282604953,34.81388412293033,0 32.61846632296974,34.81301829083212,0 32.61812430822859,34.81248656569353,0 32.61745658197088,34.81133812369617,0 32.61743767433985,34.81131594900589,0 32.61623650017646,34.80990717272439,0 32.61592151086651,34.80963566395631,0 32.61460057458035,34.80862793389041,0 32.61332908171963,34.8077617424887,0 32.61253042155671,34.80714549358126,0 32.61135965628433,34.80622688724992,0 32.61095385020016,34.80588099346883,0 32.61083226390846,34.80553032392653,0 32.6104514420451,34.80453600902533,0 32.61020445536165,34.80405458046921,0 32.609942478444,34.80350563612478,0 32.609460636138,34.80276736101326,0 32.60941674059329,34.80270010268281,0 32.60804304844851,34.80162104055898,0 32.60698978010147,34.8007399441574,0 32.60599338449295,34.80001260551325,0 32.60556121356902,34.79976645375947,0 32.60548574590629,34.79972346868469,0 32.6049541818361,34.7995167194567,0 32.60341838523435,34.79890648731172,0 32.60227784905647,34.79841557754881,0 32.60053904072637,34.79752568537668,0 32.59905149275093,34.79643548184968,0 32.59704564233692,34.79475708485764,0 32.59546990113202,34.793694565184,0 32.59399522684409,34.7928263202144,0 32.59353351970366,34.79248058183536,0 32.59328580790341,34.79227734527049,0 32.59307111034801,34.79165463822765,0 32.59259230543297,34.790465418008,0 32.59167165228664,34.78890232563789,0 32.59130802665855,34.78815565364254,0 32.59129314665511,34.78812509856374,0 32.59075650393922,34.78737806735107,0 32.59065000760505,34.78726847135647,0 32.59009493119587,34.78648765276649,0 32.58949765147482,34.7856714956888,0 32.58885865887986,34.78476274273373,0 32.58850526754308,34.78447252963076,0 32.58791672666266,34.78393897772926,0 32.5872367883053,34.78310753836845,0 32.58629343639023,34.78194024493682,0 32.58562598761718,34.78121968053841,0 32.58511832877925,34.78065705160024,0 32.584802734957,34.78014543628139,0 32.58432286762449,34.7792246858891,0 32.58389967604923,34.7784778768159,0 32.58349552808838,34.77785676321569,0 32.58260954932836,34.77679505371244,0 32.58202613234961,34.77594569811316,0 32.58141023028325,34.77497425325232,0 32.58119231204492,34.77455925186801,0 32.58098315215545,34.77391345052801,0 32.580934129387,34.77358843323231,0 32.58084317230037,34.7729853976688,0 32.58065568159132,34.77247430408627,0 32.58030772760512,34.77178895156597,0 32.5798607042025,34.77107414822562,0 32.57944345563547,34.77045742863932,0 32.57918300275342,34.77007245806831,0 32.57891123547734,34.76934515861324,0 32.57866819658642,34.76898481894649,0 32.57801475901773,34.76838450533698,0 32.57726135070469,34.76751970792571,0 32.57702680498523,34.76656569409449,0 32.577304988394,34.76549076743991,0 32.57788625654543,34.76449419887297,0 32.5781651404493,34.76405785451649,0 32.57882920825253,34.76345759410485,0 32.57912075295607,34.76303451829097,0 32.57857202343695,34.76289134704799,0 32.5784976975264,34.76261910557523,0 32.57802612069988,34.76207002867108,0 32.5778701935988,34.76198464507964,0 32.5772910952828,34.76202071892781,0 32.57707780160766,34.76191387524948,0 32.57692573055878,34.76175462782435,0 32.5767523609595,34.76183273944321,0 32.57656093451451,34.76178408134616,0 32.57647255716906,34.76165424574629,0 32.57641156905642,34.76168026412722,0 32.57639755760106,34.76181739425844,0 32.57600360704351,34.76153001765744,0 32.57449365782708,34.76088754094125,0 32.57360797388613,34.76052327934334,0 32.572620664854,34.76008186784058,0 32.5725073849316,34.76023422531616,0 32.57241863626444,34.7601466051038,0 32.57229713396895,34.76014586377854,0 32.57228199686242,34.76005077653761,0 32.57229881229488,34.75995852212127,0 32.57194917655436,34.7597241782083,0 32.57154149029252,34.75918866029666,0 32.57143038484619,34.75909826443732,0 32.57144928532932,34.75905542981613,0 32.57145437023088,34.75902577271695,0 32.57148882337702,34.75882486590554,0 32.57143898515424,34.7587119193944,0 32.5713710284692,34.75867947842745,0 32.57119871974481,34.75879327632172,0 32.5711253122496,34.75862276089857,0 32.57088262511962,34.75902227899653,0 32.57087267816555,34.75903865492894,0 32.57076487885411,34.75914433385243,0 32.57058156121624,34.75926195748873,0 32.57037074644449,34.75923691964677,0 32.57040705466487,34.75911048168047,0 32.57045273687544,34.75904412358055,0 32.57045388050022,34.75901965852316,0 32.57046061038447,34.75887554863824,0 32.57037845821284,34.75826268771865,0 32.57043582527235,34.75805963633848,0 32.57042062859276,34.75791558520045,0 32.57030985255319,34.7575911816495,0 32.57008135887867,34.7570390199466,0 32.5700197583115,34.75694052219685,0 32.56978388527984,34.75672708087798,0 32.56956377464817,34.7565946680326,0 32.5693565140702,34.75648095314549,0 32.56926601304806,34.7564116428842,0 32.56909527786358,34.75628955872699,0 32.56868297325198,34.75600914280812,0 32.56866438700941,34.7555671285984,0 32.56854274470099,34.75548688371047,0 32.56830252145118,34.75546822137658,0 32.56810274474392,34.7554877659803,0 32.56812390355389,34.75554734158143,0 32.56796973417417,34.75570611070751,0 32.56774132151671,34.75582145082776,0 32.56727977922201,34.75599766871862,0 32.56717863180436,34.75585810292645,0 32.56728688084261,34.75569117573757,0 32.56720314614262,34.7557379314209,0 32.56705279759265,34.75595401846038,0 32.56701227259867,34.75602109318134,0 32.5668109411558,34.75611654437421,0 32.56625842481514,34.75627572713779,0 32.56606796618525,34.75651233771345,0 32.56619993711019,34.7566019582223,0 32.56582031184936,34.75712388726372,0 32.56574219733346,34.75712483920237,0 32.56571419421159,34.75724642223309,0 32.56564407936411,34.75741859704522,0 32.56544332565012,34.75764153445264,0 32.56539949488915,34.75768996644488,0 32.56534444785073,34.75782713996993,0 32.56534899495161,34.75818813657629,0 32.56568689633881,34.75882692497491,0 32.5657040090162,34.75895021757425,0 32.56567513105499,34.75897653981777,0 32.56560232415107,34.75896606482063,0 32.56560257835941,34.758989894781,0 32.56560416676832,34.75913958519529,0 32.56546961518093,34.75937551520556,0 32.56529850985319,34.75938356836815,0 32.56518158513128,34.75950122702714,0 32.56512081899726,34.75950995966227,0 32.56494176274229,34.75978659124593,0 32.56475237346484,34.75998575788383,0 32.56494451957016,34.76009166052017,0 32.56489762746825,34.76039642617553,0 32.56495790232977,34.76044232725232,0 32.56501735120985,34.76057928667075,0 32.56525371376281,34.76067635475496,0 32.56499174154405,34.76097068962002,0 32.56462951498956,34.76075901719265,0 32.56434529986948,34.76107142641153,0 32.56415158766286,34.76113852705466,0 32.56404428943404,34.76141104290119,0 32.56395551774701,34.76146513501192,0 32.56390413081384,34.76165604215294,0 32.56373870237693,34.76164591757988,0 32.56382504540556,34.76125033794219,0 32.56389307748445,34.76044031839454,0 32.56368166465481,34.76002468555421,0 32.5637329671135,34.75984288194044,0 32.56360299397092,34.75957344921787,0 32.56284989895823,34.75926829817174,0 32.56293951739404,34.75907166106779,0 32.56283040822246,34.75897279990285,0 32.56263918516267,34.75879953515079,0 32.56245395366611,34.75874539180909,0 32.56239761268902,34.75864190969269,0 32.56177685540882,34.7581897243074,0 32.56153384947288,34.75799914290486,0 32.56100696016241,34.75791423318465,0 32.56068454979923,34.75767588688654,0 32.55949128061413,34.75719579183475,0 32.55904256682288,34.75691368554343,0 32.55887429361359,34.75671353456117,0 32.55884078454358,34.75620052145332,0 32.55869921531221,34.75573697259905,0 32.55859598197583,34.75563749429233,0 32.55846989942189,34.75556938751752,0 32.55831401027312,34.75553404045043,0 32.55821633867625,34.75539592219911,0 32.55818276643827,34.75508058143795,0 32.55813893516771,34.7549385000362,0 32.55805775755361,34.75489502305478,0 32.55779263317206,34.75484753738463,0 32.55751623957295,34.75470400884083,0 32.55753864850239,34.75453082610684,0 32.5574300412638,34.75444993511202,0 32.55724156167681,34.75437284444235,0 32.55703417242825,34.75427558134873,0 32.55697247745111,34.75418925263208,0 32.55697696995288,34.75407755255371,0 32.55716511455443,34.75400137341929,0 32.55744187599665,34.75391428574975,0 32.55748897175964,34.75388879517466,0 32.55752372530151,34.75369420264502,0 32.55752905440175,34.75349083299317,0 32.55767915359404,34.75301906894185,0 32.55755376898676,34.75287504768906,0 32.55744713517378,34.75276838494982,0 32.55747262479436,34.75263819385402,0 32.55752649386788,34.7524408564008,0 32.55757932044362,34.75216759275597,0 32.55751783823288,34.75205834736285,0 32.55748563579301,34.75197363417202,0 32.55751437105842,34.75186781397117,0 32.55773294338857,34.75169012069116,0 32.55814811814285,34.75145921814001,0 32.55820287384584,34.75135499219292,0 32.55825402835806,34.75088404554423,0 32.55831101733014,34.75072540135424,0 32.55846320351803,34.75059456517,0 32.5587260166988,34.75051311750438,0 32.55894742966312,34.75021368437141,0 32.55891702503862,34.75012182138472,0 32.55878981675085,34.74998781622338,0 32.55867774340125,34.74990690472776,0 32.55857793570895,34.74981317832243,0 32.55856829412266,34.74972860575468,0 32.55877401844894,34.74943623842642,0 32.55885174926765,34.74928631675112,0 32.55895697227888,34.74916664738627,0 32.55914568994717,34.74902600945309,0 32.5592697148151,34.74893796964552,0 32.55936503204136,34.74876237379992,0 32.55932472604879,34.74861458479889,0 32.55903786219319,34.74809856627115,0 32.55896844513445,34.74790762359781,0 32.55898906140309,34.74774015904084,0 32.55913463949719,34.7475720372117,0 32.55923282706492,34.7474623509635,0 32.55987671100635,34.74707959195566,0 32.55993833561004,34.74679205899821,0 32.56000702072889,34.74668218797157,0 32.56039787068472,34.74645112645244,0 32.56058236874164,34.74639210865519,0 32.56069754199804,34.74632263334257,0 32.56079380811801,34.74623298725836,0 32.56110043012869,34.74610310382819,0 32.5613929895651,34.7459931858155,0 32.56151156705686,34.74593089306968,0 32.56165295194091,34.74584152592301,0 32.56173172703721,34.74557558318563,0 32.56178331795816,34.74547924266869,0 32.56182882361693,34.7453942665321,0 32.56198011855406,34.74516887960932,0 32.56211355097286,34.74499924735993,0 32.56214487123705,34.74479890215417,0 32.56220327134356,34.74467464347115,0 32.56236911533266,34.74456680419348,0 32.56259345522317,34.74451519130687,0 32.56264581005856,34.74446650324555,0 32.56274319394206,34.74437594100599,0 32.56413692055884,34.74368012356614,0 32.56377110305066,34.74312646865133,0 32.56278484160249,34.7415453300282,0 32.56192174660853,34.7408382167543,0 32.56115334093083,34.74026623255698,0 32.56010237584749,34.73948143131587,0 32.55896743608606,34.73844282711351,0 32.55874265182087,34.7382039867351,0 32.55819258804085,34.73717955959944,0 32.55760536022081,34.73602562127791,0 32.55711031322123,34.73493029533451,0 32.55696033454824,34.73455208953219,0 32.55686575517765,34.73405814135968,0 32.55671367881819,34.73321031028555,0 32.55674822192798,34.73187819613044,0 32.55635860820485,34.73079143898846,0 32.55616432334938,34.72992112125657,0 32.55578446266463,34.72902842480057,0 32.55538987304345,34.72846116302835,0 32.55523485356911,34.7281777914819,0 32.55492027238363,34.72683676540063,0 32.55458428646931,34.72611726383158,0 32.55637223043336,34.7267102377258,0 32.55658268791075,34.72672703011073,0 32.55698393322192,34.72709278220662,0 32.55767859617048,34.72752576402307,0 32.55796004050534,34.72776509172567,0 32.55842957582357,34.72794859998639,0 32.55893997161127,34.72799904038945,0 32.55999485835608,34.72802522766295,0 32.56019954204321,34.72809349691608,0 32.56059508169314,34.72817476113485,0 32.56080170677527,34.72802623457954,0 32.56109766060133,34.72803199064798,0 32.56125569895459,34.72797777107616,0 32.5618514668002,34.72809179367701,0 32.56197171363277,34.72745787923767,0 32.5617706732071,34.7264475154939,0 32.56205746272453,34.72640985170808,0 32.56239613137297,34.72644346000095,0 32.56249622037836,34.72592767900873,0 32.56248374972415,34.72465041840869,0 32.56228978304539,34.72445213610343,0 32.56202298962452,34.72385527269911,0 32.56172428300034,34.7236248120788,0 32.5609003429556,34.72287079925613,0 32.56120597100206,34.72179258341461,0 32.5608711435808,34.72186542830087,0 32.56048991915659,34.72178819480042,0 32.56013210424411,34.72176234852297,0 32.55887888932553,34.72150237049274,0 32.55792840396135,34.72102349430421,0 32.55741342630803,34.72042509329583,0 32.55690509655011,34.72014996973004,0 32.55694305871538,34.71911347642207,0 32.55720237898283,34.71947378901936,0 32.55733115819238,34.71948640778925,0 32.55777213089579,34.71928808432708,0 32.55803888115221,34.71935279636151,0 32.55849484268165,34.71961182640494,0 32.55901661008728,34.71945341308543,0 32.55954145303875,34.71948423055936,0 32.56024532678334,34.71978025269244,0 32.56001572754194,34.71929792854037,0 32.56051411577362,34.71908417924789,0 32.56084422932295,34.71900342238361,0 32.56118860961633,34.7194627962447,0 32.56173448328896,34.71927692657954,0 32.56203021776832,34.7198384910894,0 32.56264215015254,34.71973974298897,0 32.56293747747025,34.71981250318844,0 32.56329574106395,34.71978709929791,0 32.56414957865439,34.71986326718189,0 32.56428043008921,34.71964331734851,0 32.56457790008691,34.71947562838081,0 32.5647306524047,34.71947655914897,0 32.56483388205268,34.71967822674942,0 32.56482879787607,34.72024977596098,0 32.5654096347904,34.72042676148743,0 32.56552458711486,34.72038409971864,0 32.56571335925185,34.72062964909158,0 32.56612810494318,34.72069524502461,0 32.56666220931205,34.72022152014541,0 32.56638266662245,34.71998330438188,0 32.56622112086356,34.71935949645241,0 32.56635473047399,34.71882814729982,0 32.56671853192766,34.71871604513353,0 32.5678143077688,34.71896316035528,0 32.56790214195976,34.71928693222468,0 32.56808764716452,34.71936295483454,0 32.56830461960259,34.71911987153073,0 32.56831033549955,34.71901347434913,0 32.568487479803,34.71895541951893,0 32.56866817604963,34.71903535458389,0 32.56885016356014,34.71896944481752,0 32.56880528724141,34.71864593472632,0 32.56904500869905,34.71852912967838,0 32.56944978084289,34.71864195702859,0 32.56959545870794,34.71890300655618,0 32.56992302171704,34.71910997133574,0 32.57044295464486,34.71915647844804,0 32.57054246744791,34.71923986192633,0 32.57062456394117,34.71967397115932,0 32.57080961888023,34.71980123248036,0 32.57121892985032,34.7199416735796,0 32.57159347115616,34.72023564050883,0 32.57177971110551,34.72022888075985,0 32.57217086818182,34.72026277792491,0 32.57279251177292,34.72014432861639,0 32.57296380648114,34.72020843256318,0 32.57298604470186,34.72039383821259,0 32.57339006719015,34.72059336948124,0 32.57359045607071,34.72060640300844,0 32.57381395004236,34.72070629795245,0 32.57494138993234,34.72061453414202,0 32.57510857140006,34.72114770031362,0 32.57568481305948,34.72239681362532,0 32.57631592914451,34.72337820356103,0 32.57927568870458,34.72503577640249,0 32.57960921843301,34.72459234202781,0 32.57985034581468,34.72455178423705,0 32.5799562549733,34.72453396970852,0 32.5803400041012,34.72451723151895,0 32.58064591127351,34.72446370692536,0 32.5808094841242,34.72436691486951,0 32.5809626650265,34.72415578887095,0 32.58108747099086,34.72408468000619,0 32.58130558113869,34.72411308843965,0 32.58182701910143,34.72437539974479,0 32.58221809300632,34.72469229326691,0 32.58229835332239,34.72481411510484,0 32.58231851519491,34.72495324622273,0 32.58236358227483,34.72502066680734,0 32.58247851773667,34.72509557459887,0 32.58270638818379,34.72514995711146,0 32.58320146753992,34.72437188416921,0 32.58361570621418,34.72385485181643,0 32.58440934839438,34.72400215884998,0 32.58466754543016,34.72401666587886,0 32.5850472357302,34.72417090969909,0 32.58531993279394,34.72368011849986,0 32.58523497753087,34.72360421386021,0 32.58508195424348,34.72331938648039,0 32.58514839048127,34.72323143094267,0 32.58528725279189,34.72318396315064,0 32.58542349471608,34.72295034634271,0 32.58578886058378,34.72278996263693,0 32.58616065835304,34.72286876175618,0 32.58618662878771,34.72267689469725,0 32.58632540755924,34.72231841870102,0 32.58603966140359,34.72203279915488,0 32.58608161544473,34.72180921981784,0 32.58606550979511,34.72153463775576,0 32.5862579282259,34.72124245355762,0 32.58617621698377,34.72112298213356,0 32.58626179088192,34.72096916890059,0 32.58648742863306,34.72079263198965,0 32.58673385232246,34.72084594041455,0 32.58688125196305,34.72096109267852,0 32.58743525532951,34.7207712022071,0 32.58784224616473,34.7207430028409,0 32.58838558885478,34.72078865444394,0 32.58848625263727,34.72086347233907,0 32.58851066070537,34.72084712565155,0 32.58832617969963,34.72040779004054,0 32.58826688831174,34.72017418150103,0 32.58784747453158,34.71951314690342,0 32.58747797046062,34.71869690661624,0 32.58754568099958,34.71862544984126,0 32.58780632910123,34.71868355224771,0 32.58791826993883,34.71877375255696,0 32.58817999897931,34.71887073695634,0 32.58833746006864,34.71897770107228,0 32.58859208752092,34.71907110702963,0 32.5887907037939,34.71920423382182,0 32.58928083367775,34.71913411458804,0 32.58942749085364,34.71901129258007,0 32.58962476880604,34.71897359285047,0 32.58995634301723,34.71908041285894,0 32.59027033558752,34.71923896270728,0 32.59017238550666,34.7193408698085,0 32.59068395804418,34.7195889482523,0 32.5911139223716,34.71954438236514,0 32.59134566812357,34.71964353733322,0 32.59159833262919,34.71963679157547,0 32.59187349591555,34.71966787658113,0 32.59198416593101,34.71941231691764,0 32.59215409186394,34.71938771798406,0 32.59243464789604,34.7194405981857,0 32.59274851629441,34.7196473198602,0 32.59305447557865,34.71992328531887,0 32.5933628933611,34.71971422680291,0 32.59310305381392,34.71917492791898,0 32.59299173166151,34.719175773942,0 32.59297936876543,34.71892263825108,0 32.59341771303439,34.71887853933205,0 32.59365649438166,34.71870220594922,0 32.59470310934356,34.7175530442686,0 32.59511565211239,34.71732953273509,0 32.59521597500648,34.7171267711978,0 32.59561099414525,34.71702818114882,0 32.59635465633973,34.71691658252237,0 32.59640559028368,34.7167270854222,0 32.59640302896565,34.71639567779464,0 32.59651835476546,34.71614630695268,0 32.59666517190626,34.71625864110837,0 32.59689685069477,34.71647390629719,0 32.59702604415872,34.71651533849214,0 32.59718311225368,34.71649969468318,0 32.59741164341714,34.71644982573441,0 32.59771989370561,34.7164651979046,0 32.59810894486846,34.7166301711957,0 32.59825083448055,34.71668071538828,0 32.59835312135895,34.71666926601745,0 32.59859673810451,34.71656375043409,0 32.59872831239957,34.71654192855413,0 32.59914925707137,34.71660766873394,0 32.599900546611,34.71750081633296,0 32.60033788687826,34.71777904123397,0 32.60062997729296,34.71797356462767,0 32.60082343029395,34.71817955981128,0 32.6013962659518,34.71840585433382,0 32.6017956393159,34.71864468658853,0 32.60233581894919,34.71905907630891,0 32.60310059053496,34.71945820627878,0 32.60346191566186,34.7196666839849,0 32.60375854749783,34.71976030318798,0 32.60404328517146,34.71975292737929,0 32.60441782818215,34.71970088392015,0 32.60491566730166,34.71973993981629,0 32.60515658454631,34.71973531839266,0 32.60575399225687,34.71965594932646,0 32.60624592801011,34.71969305245686,0 32.6069541208165,34.71974646210113,0 32.60802121595986,34.71950538747515,0 32.60852539327157,34.71957179937991,0 32.6088412863411,34.71964773455285,0 32.60973675566291,34.71998115361847,0 32.61056883910318,34.7202224134628,0 32.61104665345918,34.72037340051324,0 32.61348380736289,34.71997761113634,0 32.61589958296216,34.71957812218479,0 32.61786219220196,34.7192534527273,0 32.61909916460514,34.7190488054393,0 32.62162192981479,34.71863567813066,0 32.62399037522952,34.71826047870159,0 32.62741269696166,34.71767922021755,0 32.63219237211359,34.71691113087152,0 32.63262189971,34.71683906842626,0 32.63733263679887,34.71604864009093,0 32.63802079526155,34.7195044324437,0 32.63545066959839,34.72434987014786,0 32.63430218428356,34.72639644431158,0 32.63272365839388,34.72830746616494,0 32.63524218035994,34.73038811971112,0 32.63762856780691,34.73236338694737,0 32.64180374072369,34.73581295394953,0 32.64897835696101,34.74171478543089,0 32.65290722902648,34.74499070278919,0 32.65469339001588,34.74651762222359,0 32.6546864355369,34.74656639672686,0 32.6540665668327,34.74685861807055,0 32.6541698829208,34.74749644729683,0 32.65421546039107,34.74754821773536,0 32.65504452078408,34.74779948622452,0 32.65454972443082,34.74805984597749,0 32.65431180027922,34.74823753276578,0 32.65512580685971,34.74873006608167,0 32.65481465162185,34.74902938860302,0 32.65485897211208,34.74923843467448,0 32.65483797281486,34.74940102820105,0 32.65486070785897,34.7494336921148,0 32.65549021747936,34.74958354017358,0 32.65582272927919,34.74949042658146,0 32.6560564543889,34.74984151124701,0 32.65634220851653,34.74984577054199,0 32.65591662328453,34.75007667931965,0 32.655860262971,34.75014145669491,0 32.65601249011626,34.75124055385998,0 32.65605457047335,34.75131942239248,0 32.65619452720662,34.75148288706274,0 32.65648472248424,34.75175563476627,0 32.65670541189751,34.75168089780198,0 32.65662212885277,34.75182688418898,0 32.65661474413581,34.7519298902344,0 32.65608024762783,34.7522225830244,0 32.6557770441978,34.75234568329346,0 32.65538852701584,34.7524574732947,0 32.65530610221659,34.75249499402516,0 32.65518592845526,34.75273568863114,0 32.65506361019624,34.75283265111784,0 32.65482608215066,34.75295881696841,0 32.65447926728945,34.75319557159788,0 32.6546111644745,34.75354610665029,0 32.65467643078199,34.75360069749131,0 32.65499746893231,34.75371362091706,0 32.65529125851703,34.75394842653737,0 32.65537230407777,34.75408445168152,0 32.65514748124004,34.75426492460198,0 32.65518403319343,34.75462578739241,0 32.65516058493169,34.75468260844837,0 32.6549487937112,34.754876710074,0 32.6546347115797,34.75512720136953,0 32.65459980983814,34.75538463017422,0 32.65449665803609,34.75554949107125,0 32.65473999299305,34.75634536049488,0 32.65499056265087,34.75623282405421,0 32.6551953789437,34.75609021019638,0 32.65539720883838,34.75590961539934,0 32.65547641815255,34.75586394356757,0 32.65555534118001,34.75585352511525,0 32.65574230863185,34.7558897903463,0 32.65631606445958,34.7560339063887,0 32.65644746544103,34.7560346170262,0 32.65653959768215,34.75601613469566,0 32.65660227089747,34.75598393105785,0 32.65667252625101,34.75582431677586,0 32.6567054422997,34.75581636045131,0 32.65712381424089,34.75608437543156,0 32.65719213492535,34.75616880998859,0 32.65732505534545,34.75639189304853,0 32.65745576869941,34.75647937596457,0 32.65762616412788,34.75653452952879,0 32.65803962778019,34.7565937091932,0 32.65808857989923,34.75663465117142,0 32.65828995520338,34.7569258962321,0 32.65844014557356,34.75704331428938,0 32.65856141347763,34.75707922142191,0 32.6585077381088,34.75680504104722,0 32.65865834929422,34.75669627776557,0 32.658852515327,34.75655605913069,0 32.65886941500567,34.75649649211796,0 32.65875516725137,34.75640096536585,0 32.65870981080269,34.75631936713119,0 32.65869454000585,34.75617284902683,0 32.65904759465864,34.75566710110371,0 32.65945189821366,34.75555321982986,0 32.65956107585041,34.75545889537428,0 32.65902911163843,34.75500045215797,0 32.65934937275497,34.75471092728752,0 32.65980609260482,34.75480667603902,0 32.66002496837051,34.75496784884156,0 32.66029370721926,34.75505607007783,0 32.66054445276698,34.75534215584717,0 32.6608771553551,34.75565308549392,0 32.66093292019115,34.75608184654526,0 32.66106995664154,34.75620461277356,0 32.66117302481234,34.75646820846669,0 32.66138514537523,34.75665374626433,0 32.66165715786428,34.75674469599626,0 32.66205426158466,34.75680648489914,0 32.66221133421861,34.75730629542308,0 32.66230297011112,34.75735288545582,0 32.6624321177085,34.7572261234606,0 32.66238182117593,34.7570924879192,0 32.66261618466106,34.75680136236791,0 32.6626752402407,34.75681252557336,0 32.6626968124581,34.75699433110994,0 32.66291460875315,34.75687617965053,0 32.66310855320665,34.75683107551816,0 32.66335093433409,34.75696529243925,0 32.66344227445553,34.7570498466325,0 32.66354264017912,34.75724020825864,0 32.66383046521242,34.75740987703814,0 32.66414915077596,34.75753812800357,0 32.66401560163281,34.75768475503379,0 32.66423417669145,34.75788659772908,0 32.66449977210686,34.75795852337797,0 32.66468839114705,34.75820901466147,0 32.66484014286336,34.75836021940415,0 32.66477662759455,34.75868946994251,0 32.66487829805592,34.75871441730336,0 32.66515799671863,34.75866438776055,0 32.66526000186632,34.75832199229247,0 32.66575554943037,34.75830690912535,0 32.66589658675584,34.75834020301991,0 32.66632562530318,34.75852146741386,0 32.66669641338596,34.75858852464701,0 32.66708981907922,34.75870451245902,0 32.66724758170993,34.75869992976144,0 32.66752481496361,34.75854411990934,0 32.66762239550266,34.75867209142736,0 32.66759776377955,34.75888076953112,0 32.6676368556396,34.75892436620164,0 32.66786258563316,34.75905301716887,0 32.66809431366238,34.75925492305963,0 32.66814675712135,34.75927147163772,0 32.6682125996427,34.75925555101237,0 32.66861619026413,34.75905483330572,0 32.66880778172595,34.75920176404125,0 32.66914369688912,34.75910592187827,0 32.66954812845435,34.75907281244379,0 32.66977843294473,34.75903606906174,0 32.66988682080037,34.75904206557652,0 32.67023756024059,34.75915239620394,0 32.67056043446334,34.75904292171536,0 32.6709601718115,34.75919147484999,0 32.67137631448889,34.75934282039702,0 32.67146939954358,34.75941507557967,0 32.67149845352349,34.75948620151815,0 32.67152885919045,34.75955003829576,0 32.67161174960282,34.7595962416612,0 32.67169667602298,34.75964357998705,0 32.67178374748475,34.75967582009796,0 32.67185426354649,34.75967757418035,0 32.67190991278787,34.75964746938389,0 32.67196735085786,34.75960418735254,0 32.67196958779824,34.75959813197149,0 32.67202408799926,34.75945060003561,0 32.67212851356167,34.75933423792671,0 32.67229253439496,34.75926315593161,0 32.6727113083664,34.75936429366185,0 32.67294025751202,34.75935201075055,0 32.67315327550479,34.75928568367032,0 32.67373349937768,34.75894249487899,0 32.67390978506606,34.75891959136732,0 32.67404414616701,34.75893513708018,0 32.67412627215769,34.75896954381187,0 32.67456782444274,34.75923490977715,0 32.67466615163509,34.75926796759005,0 32.6748498029268,34.75931503469068,0 32.67490536857239,34.75935329041476,0 32.67509698255004,34.75961460914824,0 32.67511618084362,34.75964079185515,0 32.67522163683983,34.75969315224231,0 32.67542700283798,34.75972634704988,0 32.67562246598286,34.75974983166269,0 32.67579078072166,34.75975445818474,0 32.67602702815792,34.75980061424132,0 32.67613153389756,34.75981987786513,0 32.67620445259842,34.75980528966967,0 32.67630041037031,34.75975339000603,0 32.6763828075609,34.75969019050107,0 32.67645084300418,34.75962170178255,0 32.67658346255387,34.7594881991993,0 32.67668904941845,34.75943180578712,0 32.67679105518528,34.75941335869656,0 32.67724381242402,34.75950521931913,0 32.67739876910876,34.75943823689419,0 32.67792741236607,34.75948981509408,0 32.67801918937089,34.75952012596469,0 32.67809608683827,34.75961553954397,0 32.67809693606356,34.75963032300771,0 32.67810595173433,34.75978739537277,0 32.67814236020059,34.75993065857958,0 32.67821009643783,34.75999273175662,0 32.67832919026738,34.76002982593941,0 32.6784211941751,34.76004153099881,0 32.67853034123881,34.76004210316122,0 32.67870414504139,34.76006265359948,0 32.67894932468859,34.76011724357773,0 32.67902402020179,34.76016252334815,0 32.67907118885685,34.76023851984635,0 32.67917119262688,34.76045845442759,0 32.679208723627,34.76052470324463,0 32.67926768467356,34.76055282541562,0 32.67937346621593,34.76053947845259,0 32.67950897372497,34.76050890433935,0 32.67966551062673,34.76103815243295,0 32.67974483095436,34.76116720294635,0 32.68014021538517,34.76164103196869,0 32.68031532033913,34.76195833194095,0 32.68033348502155,34.7623745045564,0 32.68038717800466,34.76253818988824,0 32.68041114352443,34.76271909795916,0 32.68072482655899,34.76315884093366,0 32.68081795317888,34.76329390809044,0 32.68095273397088,34.76336069609697,0 32.68123417625636,34.76359864114906,0 32.68137324574472,34.76365850319565,0 32.68147878916487,34.76367994107087,0 32.68179472552936,34.76383464425547,0 32.6819721851484,34.76385299823404,0 32.6824238117914,34.76396325345249,0 32.68266498833019,34.76394718904913,0 32.68255975144633,34.76388402900609,0 32.68237872276922,34.7637787317436,0 32.68226112811082,34.76367378365878,0 32.68196299969603,34.76340096594498,0 32.68182890240227,34.76324377989791,0 32.68152621329773,34.76301614830729,0 32.68137892842039,34.762924954582,0 32.68128569020346,34.76283783431955,0 32.68123145274357,34.76274367113473,0 32.68118585959547,34.76262521732477,0 32.68122073404565,34.76248981402773,0 32.68132872496183,34.76219487357722,0 32.6813178174845,34.76196534903005,0 32.68121359449064,34.76136429016337,0 32.68142569725585,34.76072915198224,0 32.68159445001815,34.76032014722404,0 32.68171874024889,34.7601052254517,0 32.68187225270086,34.75993912898169,0 32.68213148156925,34.75977357876486,0 32.68241916297915,34.75975768847824,0 32.68253290715391,34.75981391429286,0 32.68264226370224,34.75989098201296,0 32.68273478793072,34.75995753082716,0 32.68281066569511,34.75998922187,0 32.68290793094473,34.75998972760574,0 32.68300923961706,34.76001459670008,0 32.68322813011793,34.76014787549556,0 32.68343075464927,34.76019761579062,0 32.68356754915791,34.7602823821536,0 32.68370639159474,34.76037699761211,0 32.68388737163627,34.76049270015854,0 32.68398438263132,34.76052798265565,0 32.68410267760269,34.76054598884812,0 32.68431435265327,34.76052275462695,0 32.6844199893096,34.76053721741264,0 32.68449998008197,34.76058632252744,0 32.68466812877286,34.76072282968889,0 32.68483649405172,34.76083151996297,0 32.68499268849686,34.76090790449199,0 32.68543131485433,34.76094549342476,0 32.68587686345772,34.76125275739983,0 32.68618429446208,34.76131296345184,0 32.68651263516256,34.76140811352295,0 32.68680298747442,34.76143656162667,0 32.68708492352201,34.76145723035787,0 32.68751406882756,34.76145315896675,0 32.68776009645176,34.76149087160965,0 32.6879974257695,34.7615513314145,0 32.68833745755575,34.76162753803082,0 32.68867965254382,34.76167208909651,0 32.688933249683,34.7616866070626,0 32.68931795924651,34.76170762869027,0 32.689604116156,34.76178355006454,0 32.68966776531894,34.76189375156748,0 32.68994857756016,34.76191264394934,0 32.69010683558265,34.76194694618194,0 32.69016567635376,34.76195970011631,0 32.69041304681659,34.762074998473,0 32.69046463132136,34.76212435106745,0 32.69057186867715,34.76225575702796,0 32.69064454650179,34.76231472041189,0 32.69085286882687,34.7623843219766,0 32.6911522655242,34.76249039016251,0 32.69124631480063,34.76252254843106,0 32.69145404416575,34.76253630480193,0 32.69155611617306,34.76252575762388,0 32.69182087981624,34.76251448820384,0 32.6920457841524,34.76254733215224,0 32.69241074168836,34.7626363244466,0 32.69247062579046,34.76260655629275,0 32.69260375684126,34.76256133904849,0 32.69266061991005,34.76255531300565,0 32.69325521449679,34.76268534595766,0 32.69345540945779,34.76267847709526,0 32.69352841373141,34.7626946915073,0 32.69363565589345,34.76276333342477,0 32.69378791932098,34.76282507422673,0 32.69396840998705,34.76287826513691,0 32.69436025337124,34.76297530969377,0 32.69470148143546,34.76303775070352,0 32.6951131201964,34.76306364886693,0 32.69534429619252,34.76303319118072,0 32.69559409477912,34.76297104556033,0 32.6958734342643,34.76293450342823,0 32.69598880225545,34.76294777073353,0 32.69615698715231,34.76309905957774,0 32.69639262467425,34.76347357875358,0 32.69603970495634,34.76356831326726,0 32.69588660825807,34.76370525108619,0 32.69573865165642,34.76390381534885,0 32.69563679319781,34.76413441981959,0 32.69522193898297,34.76438687134888,0 32.69471302885599,34.76465413099942,0 32.69414993300156,34.76495604148698,0 32.69392608835715,34.76503717997687,0 32.69341263710351,34.76511732594302,0 32.69310430373351,34.76517585521483,0 32.69252170838493,34.76525388047521,0 32.69183906267224,34.76532311025031,0 32.69154607612967,34.76538962977909,0 32.69138704678679,34.76545762314429,0 32.69118223835641,34.76556892434358,0 32.69096037864497,34.7658662933737,0 32.69074939493623,34.76603136906952,0 32.69046840403884,34.76604484400793,0 32.69016948615094,34.76599513094603,0 32.68987977141781,34.76588597049583,0 32.68956919117952,34.76561041278597,0 32.68925191407868,34.7653285765583,0 32.68881431486993,34.76503684052597,0 32.68858815860047,34.76491851023123,0 32.68816854127498,34.76468360432369,0 32.6879489311339,34.76461696660304,0 32.68772979438012,34.76458889679074,0 32.68761729723229,34.76458839998582,0 32.68732253234806,34.76463907248311,0 32.68702026437274,34.76466437957874,0 32.68667675639389,34.76469427370032,0 32.68639204480919,34.76468801297589,0 32.68625560791688,34.76466512863676,0 32.68582800088272,34.76458632124643,0 32.68559541443469,34.7645565938712,0 32.68542371812403,34.76453503103584,0 32.68525231218276,34.76455786282222,0 32.68509627535141,34.7645839424065,0 32.68496428624269,34.76461475897532,0 32.68482680833519,34.76464690256282,0 32.68463136227563,34.76471830220775,0 32.68426436067217,34.76477349479791,0 32.68433333963343,34.7648539773443,0 32.68440737087921,34.76488108679227,0 32.68452780379032,34.76490845254916,0 32.68458274635748,34.76500411609966,0 32.68459102128876,34.76513385285232,0 32.68459501248847,34.76521779164543,0 32.68464091095329,34.76528289214004,0 32.68481306928249,34.76541977179484,0 32.68478629255718,34.76531473219002,0 32.68479020225483,34.76525522263924,0 32.68485243003767,34.76523572291849,0 32.68495763598442,34.76523347199696,0 32.68517458600306,34.76522629954008,0 32.68554176375945,34.76528546995765,0 32.68580172551073,34.7652882153245,0 32.68605285269933,34.7653658386117,0 32.68613341472903,34.7653717083688,0 32.68708860439541,34.7653044868889,0 32.68788228777016,34.76509537366477,0 32.68791221639314,34.7652944923524,0 32.68775108094119,34.76536175259406,0 32.68774957126463,34.76556336164307,0 32.68778502504239,34.76592608211796,0 32.68780369337645,34.76608692306479,0 32.68793512839115,34.76668460846491,0 32.68813624495971,34.76731335161277,0 32.68827484617636,34.76760011684442,0 32.68841441095574,34.76781154233102,0 32.68866404954441,34.76795227018557,0 32.6889236876877,34.76799723507037,0 32.68978273620094,34.76798939454979,0 32.69005937960196,34.76797588310584,0 32.69025751393872,34.76794101231195,0 32.69062938221857,34.76781768099031,0 32.69079078433906,34.76780172412739,0 32.69103904528783,34.76760145815268,0 32.69148312826743,34.76767777304037,0 32.69179896687881,34.76773801417872,0 32.69241851904042,34.76818643629772,0 32.69276088439769,34.7683963181566,0 32.69325735087966,34.76865636048208,0 32.69332573983198,34.76867601596974,0 32.69353293154745,34.76865123555412,0 32.69408128231851,34.7685106349684,0 32.69461970133715,34.76831928646338,0 32.69457977234082,34.76812839092798,0 32.69511003438362,34.767987441923,0 32.69589970758574,34.76796155455646,0 32.69646294150328,34.76773023509948,0 32.69671256532931,34.76767621167456,0 32.69710136184403,34.76783599932637,0 32.69746914535138,34.76803407524194,0 32.69776038741562,34.76832810867662,0 32.69777678032387,34.76876798515215,0 32.69770873231901,34.76942030408264,0 32.69767332551792,34.76972232444088,0 32.69769814974394,34.76993627046824,0 32.69789752804663,34.76996725896512,0 32.69819803541525,34.7696596921494,0 32.6982732415436,34.76957292572786,0 32.69840714788266,34.76960359336362,0 32.69843834675404,34.7698488987287,0 32.69844625187569,34.77011161032612,0 32.69846211729711,34.77020021424236,0 32.69846735167614,34.7703772789201,0 32.69849105405726,34.77072728170719,0 32.69838676190165,34.77112061332677,0 32.69827332848958,34.77163572261428,0 32.6982084136645,34.77188421345735,0 32.6980756944465,34.77209142064794,0 32.69792144310919,34.77233432876836,0 32.69785355151142,34.77251218551943,0 32.69775866016507,34.77278807269538,0 32.69766389326919,34.77305033095881,0 32.69787795322147,34.77345807586093,0 32.69791399722511,34.77350727849741,0 32.69803256327984,34.77362863293946,0 32.69809005925373,34.77368747843114,0 32.698278214224,34.77376607688722,0 32.69835590031366,34.77378418675704,0 32.69856422408978,34.77378137455722,0 32.69896846394274,34.77375628839894,0 32.69948880495821,34.77391832807486,0 32.69953625760932,34.77391515487745,0 32.69980380924628,34.77400506277124,0 32.69998204099709,34.77408224317869,0 32.70004929642754,34.77416292075041,0 32.70009376375201,34.77424873364196,0 32.70018291789072,34.77443345087558,0 32.69993584144121,34.77452449691074,0 32.70033352986982,34.77474953994363,0 32.70142597229374,34.77523079953798,0 32.7011412736681,34.77574899229305,0 32.70080175621832,34.77611901145144,0 32.70060221401993,34.77650917445639,0 32.7008260095141,34.77662310357265,0 32.70203355706143,34.77683522293894,0 32.70226604532478,34.77704404902217,0 32.70246434853266,34.77701972935529,0 32.70263651199016,34.77693599449765,0 32.70288858609914,34.7770218625386,0 32.70310705283307,34.777007577372,0 32.70377543682805,34.7768930050559,0 32.70385796627755,34.7768467835148,0 32.70397771292657,34.77667561763364,0 32.70403196961502,34.77650156011493,0 32.7040525066951,34.77624273231694,0 32.70422147741592,34.77616923249671,0 32.70450516160211,34.77619629172041,0 32.70497088893116,34.77627756169717,0 32.70501592141427,34.77648444253301,0 32.70480893872453,34.77665916784515,0 32.7047551609046,34.77675136195636,0 32.70455964676916,34.77699951938523,0 32.70396319504252,34.77771419049338,0 32.70379406144388,34.778268234503,0 32.70376368167259,34.77847715160307,0 32.70374456361749,34.77872888824289,0 32.70372634872285,34.77885233806807,0 32.70369042050852,34.77902796525554,0 32.70362526951699,34.77920177786872,0 32.70361313756124,34.77928249360181,0 32.70355912714008,34.77956256454003,0 32.70351758345407,34.77971440567002,0 32.7035576538636,34.77977162494693,0 32.70377609163589,34.77995328182451,0 32.70382796051434,34.77997730023125,0 32.70407624435238,34.78002606344484,0 32.70418566520934,34.7800883829452,0 32.70431801213272,34.78017932789432,0 32.70433631740788,34.78023495075177,0 32.70450659855878,34.78068720481863,0 32.705015371217,34.78069451004368,0 32.70520172700181,34.78050538158256,0 32.70501747467442,34.78039517120587,0 32.70514012828595,34.78021997821584,0 32.70537561761999,34.78044448369,0 32.70554205718405,34.7806211256412,0 32.70561605397956,34.7807878018066,0 32.7057063975635,34.78109710710981,0 32.70581164131647,34.78117560610411,0 32.7060589991497,34.78135740537664,0 32.70612771544612,34.78145278129812,0 32.70625305307485,34.78171949750426,0 32.70635566374757,34.78192908034355,0 32.7064531253095,34.7820483590131,0 32.70645289167526,34.78208161857964,0 32.70645164294252,34.78227805910853,0 32.70642728171395,34.78245374465696,0 32.70639202317567,34.78253434535832,0 32.70647209907722,34.78267302016764,0 32.70644881683354,34.78268813913832,0 32.70639916233054,34.78279241792592,0 32.70637880416342,34.78290488407014,0 32.70638446284188,34.78302820068981,0 32.7063602761217,34.78313202795259,0 32.706268428371,34.78320661279285,0 32.70614044221303,34.78331853878439,0 32.70601909015572,34.78341441761493,0 32.70592038172527,34.78353721081148,0 32.70586750225267,34.78363611250157,0 32.70579406939147,34.78375504262241,0 32.70567550806475,34.78391793937759,0 32.70546834207769,34.78415811531662,0 32.70538936924275,34.78425688603949,0 32.70530624967171,34.78438147518408,0 32.70526969541266,34.7844777784585,0 32.70519381570011,34.78460068490414,0 32.70519004550014,34.78467303112598,0 32.70519615426202,34.78473202547095,0 32.70542105971531,34.78486076687985,0 32.70553146174192,34.78493100590264,0 32.70566778788666,34.78502549717617,0 32.70571307309997,34.78507932892369,0 32.70572246197393,34.78513565925436,0 32.70570832538937,34.78529103875658,0 32.70562908951796,34.7854273293692,0 32.70550303496649,34.78565890321503,0 32.70538079595175,34.78588074412338,0 32.70534422174335,34.78597972647289,0 32.70525637476477,34.78641235491593,0 32.70524921181804,34.78650344408003,0 32.7052615985307,34.78659731289218,0 32.70531485938738,34.78691017749971,0 32.70534332802353,34.78703628882563,0 32.70533297885996,34.78711664205092,0 32.70528043515947,34.78716730104095,0 32.70510922855242,34.78726399027249,0 32.70497823663411,34.78733837556836,0 32.7049322339433,34.7873863864578,0 32.70490559600307,34.78746397775917,0 32.70493715680069,34.78761422592027,0 32.70501002684333,34.78792013202874,0 32.70505831115652,34.78801150065404,0 32.70537241299338,34.78841170249778,0 32.70565237998704,34.78878185479725,0 32.70568621894984,34.7888951188336,0 32.70490136915662,34.78891323810429,0 32.70541745440936,34.78935318857295,0 32.70566337879022,34.78992873066793,0 32.70518618071603,34.79035865699383,0 32.7055872895917,34.79074299682236,0 32.70588639816218,34.79061964908809,0 32.70610581567016,34.7909042040976,0 32.70587338420671,34.79140252762749,0 32.70555111155009,34.79150650830647,0 32.70547196809206,34.79162395397231,0 32.70541373928607,34.79163963268789,0 32.70509724239674,34.79167116088985,0 32.70502944983978,34.79163901570734,0 32.70494532416499,34.7916744499204,0 32.70483346580036,34.7917474345334,0 32.70481058400051,34.79185605302001,0 32.70484724121845,34.79192268820778,0 32.70489609285194,34.79199742006864,0 32.70489598797282,34.79202685952318,0 32.70486935029966,34.79205548012757,0 32.70481605766982,34.79211724928349,0 32.70475188220423,34.79215181766481,0 32.7046878735352,34.79213958469109,0 32.70458936081738,34.79212403262469,0 32.70435374593762,34.79211772459185,0 32.70421403759615,34.7921395050579,0 32.70399782402798,34.79233471770144,0 32.70387927511683,34.79238117247122,0 32.70371817457955,34.79244338374549,0 32.70353585762319,34.79249636091311,0 32.70327076966213,34.79249404545184,0 32.70318969860755,34.79252890535227,0 32.70314916060969,34.79254717002303,0 32.70299923347301,34.7925968863876,0 32.70276654161407,34.79258964129342,0 32.70236417689756,34.79249517088751,0 32.70217440034011,34.79237116953025,0 32.70198022033481,34.79233473160706,0 32.70169806943848,34.79236109669445,0 32.7008741576542,34.7927318792942,0 32.70096043326317,34.79286082801204,0 32.70105373021503,34.79307600000374,0 32.70111869925535,34.79324095444824,0 32.7012073923004,34.79364513196484,0 32.70132667843717,34.79399305258741,0 32.7015847805614,34.79472245738412,0 32.70162565626732,34.79489355444971,0 32.70172507458238,34.79506986115271,0 32.7018729863609,34.79519868076814,0 32.7020636706859,34.79530590691092,0 32.70225109330721,34.79536609591147,0 32.70246164813733,34.79540858252847,0 32.7026799228951,34.7954375658278,0 32.70310086178718,34.79546986483148,0 32.70327366128418,34.79551563839239,0 32.70357421450885,34.79569638214186,0 32.70373351861105,34.79579114325789,0 32.70389129423875,34.79588561198097,0 32.70400594243916,34.79600646034449,0 32.70413294372423,34.79615973688902,0 32.70420368270692,34.79629034022238,0 32.70437912958526,34.79669416718427,0 32.70443778068043,34.79681628537257,0 32.70459110253941,34.79700821658461,0 32.70496553280747,34.79725449157978,0 32.70503394680957,34.79731747071609,0 32.70519050704481,34.79746603104827,0 32.70535176406773,34.7976399514319,0 32.70553009075545,34.79779988808014,0 32.70561718214644,34.79794264566991,0 32.70572387308516,34.79814235035391,0 32.7059257577648,34.79884709911305,0 32.70599184520814,34.79899036456293,0 32.70612022072932,34.79914364230001,0 32.70626462016482,34.79925610469222,0 32.70706857398537,34.79977215945151,0 32.70809953336547,34.80036790118373,0 32.70861808578763,34.80076465656455,0 32.70973599597929,34.80189287196347,0 32.71056875572202,34.80232448438519,0 32.71086268131695,34.80238868142978,0 32.71132254836331,34.80241186684351,0 32.7118388474311,34.80244079660181,0 32.71230816125072,34.80237951284118,0 32.71259451610037,34.80236684611732,0 32.71285314688613,34.80251467388134,0 32.71304489396785,34.80265027204559,0 32.71318170155409,34.80271538831231,0 32.71328020462658,34.8027551924228,0 32.71336465864557,34.80272532879538,0 32.71343081473621,34.80255905916707,0 32.71343707149974,34.80251134013838,0 32.71347771361253,34.80244479949144,0 32.7138442301646,34.80239189284838,0 32.71419311106587,34.8022689268918,0 32.71441431765987,34.80209595154177,0 32.7146418896932,34.80186416725817,0 32.71475887624658,34.80171764520173,0 32.71499823208945,34.80150062841994,0 32.71522854570812,34.80130072843562,0 32.71546727752565,34.80116951411905,0 32.71572994723902,34.8010163552679,0 32.71602249838089,34.80084127641076,0 32.71616286283753,34.80074880369636,0 32.71627930899298,34.80067582759279,0 32.71649102156344,34.80058125455111,0 32.71668483363172,34.80049639950919,0 32.71684858111188,34.80045797751106,0 32.71704210659293,34.80041234709226,0 32.71720856401521,34.80041071383147,0 32.71750224323485,34.80049060932863,0 32.71772193336387,34.80052601074887,0 32.71802488145512,34.8005569171429,0 32.71819715684325,34.80057247231176,0 32.71832165184778,34.80061966496245,0 32.71859150081577,34.80070679543741,0 32.71865090736273,34.80071198994253,0 32.71877628467696,34.8006366026721,0 32.71893734733247,34.80055893858387,0 32.71905936325561,34.80053747183233,0 32.71923783343602,34.80051873229693,0 32.71938640620306,34.8005243628842,0 32.71956457558964,34.80054729999472,0 32.71970115413693,34.80056758093305,0 32.71996521713624,34.80063261573015,0 32.72011653251568,34.80067013075227,0 32.72024677661287,34.80074431697456,0 32.72033670026471,34.80063933479504,0 32.720561108063,34.80043203899112,0 32.72074669943745,34.80024907138729,0 32.72090204222253,34.80013950623434,0 32.72101841208875,34.80007633141803,0 32.72117324597661,34.80003786062208,0 32.72139061458515,34.79998253318199,0 32.72150663428373,34.79996838807994,0 32.72171765392242,34.79996941795339,0 32.72198502249808,34.79998788321112,0 32.72211268448599,34.80000811763741,0 32.72219266967979,34.80004528239368,0 32.7222955864068,34.80020023653096,0 32.72219949475767,34.80033706167477,0 32.72193659595738,34.80052455868028,0 32.72176041255306,34.80063892732607,0 32.72149388782251,34.80091711575554,0 32.72130546112867,34.80108046054766,0 32.72121865323616,34.80116584485508,0 32.72106339830509,34.80126315352383,0 32.72064018804937,34.80142289668995,0 32.72071308604047,34.80161938530797,0 32.72081784873978,34.80193125552979,0 32.72084623542245,34.80211771963546,0 32.72083251637195,34.80237262557281,0 32.72080209101013,34.80247054378671,0 32.7205753571675,34.80258711412534,0 32.72043200600172,34.80268202888526,0 32.72032723561728,34.80278448626071,0 32.72028532507852,34.80282595957025,0 32.72041205829482,34.80297613096444,0 32.72051225190157,34.80309675112669,0 32.7206064463434,34.80322469886956,0 32.72073014229989,34.80336166206772,0 32.72079020532662,34.80342816759421,0 32.72080452893064,34.8036698377629,0 32.72090652182593,34.80375800668995,0 32.72114800695716,34.80381662467508,0 32.72189476002621,34.80395026116819,0 32.72250189503655,34.80413158440766,0 32.72233612059878,34.80424867738956,0 32.72211196068447,34.80432921090779,0 32.72222066040027,34.80450508201933,0 32.72248223354507,34.80482983240351,0 32.72252496422796,34.80500538240266,0 32.72243574403542,34.80518028984842,0 32.72218950536227,34.80527280572978,0 32.72199783323415,34.80542302880418,0 32.72187178414106,34.8056219421176,0 32.72169154438776,34.80571175650329,0 32.7215076976128,34.80579248563345,0 32.72140169178004,34.80626357587494,0 32.72117390324069,34.80633804425545,0 32.72062737336154,34.80639281431744,0 32.72034076654044,34.8064911779268,0 32.72009419674882,34.80662903546383,0 32.71997185351548,34.80682191734589,0 32.71999577119055,34.80706388629329,0 32.72006384775291,34.807281884418,0 32.72004428124887,34.80745410705271,0 32.72002831683039,34.80763541649809,0 32.71962562713425,34.80807482383167,0 32.71956165351796,34.80881517835708,0 32.71957795848262,34.80909640875683,0 32.71967858716587,34.80937502990045,0 32.71963245061612,34.80967409498154,0 32.7196358234411,34.81022432050689,0 32.71947625371376,34.8104956216742,0 32.71945989533911,34.81073134531288,0 32.71974488465693,34.81085971165933,0 32.71996383180285,34.81099682360958,0 32.72004234130555,34.81129347479985,0 32.72012837988577,34.81156295454146,0 32.72018237782585,34.81221016636632,0 32.7204738565628,34.8124564648682,0 32.72067396071568,34.81266603782875,0 32.72077440391745,34.81297186512356,0 32.72104105360835,34.81310316292078,0 32.72173294749449,34.8132304861637,0 32.7223967146235,34.81319139816252,0 32.72231718465871,34.81354774008711,0 32.72241084083814,34.81377795294887,0 32.72305423080992,34.81402595709746,0 32.72334012136532,34.814030371006,0 32.72355079112119,34.81378954643117,0 32.72382178172964,34.81382714025582,0 32.72411789344424,34.81394043758515,0 32.72450901053885,34.81409651498831,0 32.72469485386068,34.8142515968198,0 32.72470410154146,34.81449651429831,0 32.72494501694636,34.81463976977729,0 32.72504226699279,34.81488209251182,0 32.7250509595252,34.81520560988066,0 32.72505319864296,34.81540514679855,0 32.72519061910717,34.81566882449597,0 32.72518891670054,34.81590764407301,0 32.7253337134558,34.81616531114307,0 32.7257892301737,34.81654541069616,0 32.72603656438052,34.81681868851202,0 32.72623617878702,34.81710080626895,0 32.72626658515161,34.8174637287713,0 32.72627792691927,34.81783975332461,0 32.72626554970364,34.81789375036981,0 32.72624389174759,34.81798823776255,0 32.72621422395588,34.81805391476716,0 32.72622323822339,34.81815509773585,0 32.72627544281956,34.81820511683608,0 32.72658413682551,34.81832219728874,0 32.72672161744339,34.81842560694693,0 32.72687267921175,34.8185355031307,0 32.72699833257683,34.8186597247767,0 32.727106786594,34.81873891177163,0 32.72723691439654,34.81878128060119,0 32.72734959165663,34.81881393220722,0 32.72754345964052,34.81892724531695,0 32.7276712657573,34.81902257956827,0 32.72787271515073,34.819164824975,0 32.72793256014169,34.81920743970021,0 32.72801798688297,34.81926827041816,0 32.72814766018657,34.81937485124102,0 32.72820685725421,34.81953727988218,0 32.72825488666644,34.81962741329858,0 32.72836712167989,34.81972267056822,0 32.7285531491904,34.81984397124681,0 32.72863432895133,34.81992623667732,0 32.72875332845615,34.82016601220865,0 32.7289175790411,34.82033857888491,0 32.72923895723156,34.82059056589034,0 32.72930103536502,34.82062136688131,0 32.72934013943939,34.82059747527402,0 32.72932917542673,34.82049628282089,0 32.7293488763938,34.82018814481626,0 32.72937344240021,34.82001809380594,0 32.72946212061026,34.81986600885016,0 32.72951125304253,34.81980042482289,0 32.72959326373652,34.81976550189393,0 32.72967314640797,34.81975625382483,0 32.72977429332694,34.81976797832052,0 32.72987928770314,34.81978614222744,0 32.73001526107331,34.81982853548625,0 32.7301375268441,34.81988210142806,0 32.73021530317679,34.81989531790667,0 32.7308659807498,34.81982941328913,0 32.73097505086382,34.8198219101296,0 32.73104887705131,34.81984313394829,0 32.73109331143526,34.81989150848442,0 32.73122247000465,34.82007193088304,0 32.73138841148403,34.82028142682649,0 32.73147336298164,34.82038136803752,0 32.73159173914902,34.82043491311556,0 32.73170847099943,34.82044510546471,0 32.73182539735691,34.82042800669367,0 32.73220767257757,34.82032709374021,0 32.73250930755205,34.8203429872657,0 32.73263376996548,34.82036124207654,0 32.73269930222428,34.82045466733969,0 32.73276887538735,34.82052724276077,0 32.73288336859649,34.8205791626544,0 32.73306775104895,34.82065870841733,0 32.73313609950674,34.82062853262433,0 32.73321067193152,34.8205438046929,0 32.73338573278285,34.82028778141679,0 32.73348713019149,34.82026418541505,0 32.73364621723212,34.8203420036042,0 32.7339952330519,34.82054113240296,0 32.73406451369537,34.82065544544307,0 32.73421319252168,34.82082953586856,0 32.73437886233422,34.82107916064585,0 32.73457749155239,34.82134820764612,0 32.73468896018725,34.82155422772892,0 32.73472271640146,34.82173740138693,0 32.73470795235578,34.82189947444835,0 32.73463249142912,34.82211102379166,0 32.73455342777186,34.82228081721855,0 32.73456622189856,34.82239967621129,0 32.7346530241536,34.82251407218358,0 32.7348137371499,34.82263845232112,0 32.73498240582561,34.82273879074856,0 32.7352112558035,34.82286349544009,0 32.73553556416648,34.82297902312715,0 32.73588359303225,34.82304328995356,0 32.73615964979401,34.82309918661245,0 32.7363401473339,34.82317870996475,0 32.73654372547566,34.82329847512209,0 32.73663510711297,34.82330543474766,0 32.73674608725842,34.82331388624505,0 32.73689803551963,34.82330015950022,0 32.73700720080606,34.82327980818073,0 32.73701917196888,34.82323812572292,0 32.73698814850832,34.82322031900874,0 32.73691626461397,34.82319910750207,0 32.73682489954376,34.82317940791686,0 32.73672581822389,34.82315004153349,0 32.73665204377011,34.82312079385151,0 32.73655533541074,34.82303043217824,0 32.73650720489154,34.82295314571782,0 32.73650537038985,34.82293708329659,0 32.73653288255172,34.82290028975585,0 32.73656602221686,34.82289402611625,0 32.73665946611882,34.8228944699929,0 32.7367295946191,34.82288838191629,0 32.73681956952507,34.82282780525344,0 32.73729123997563,34.8226045003166,0 32.73746516656443,34.82252215588163,0 32.7376583905734,34.82216512115033,0 32.73775139234604,34.82203268482403,0 32.73783377278291,34.82200867101687,0 32.73800773426249,34.82205559487118,0 32.7388308881445,34.82237948555433,0 32.73942189293298,34.82251244754814,0 32.73966194557563,34.82251358253319,0 32.73994510521443,34.82246339852806,0 32.74014269024024,34.822423655628,0 32.74035643695232,34.82242466544695,0 32.74068510453493,34.82245062504918,0 32.74081680896366,34.82242683873836,0 32.74096255214066,34.82227566835601,0 32.7412603327835,34.82201403194842,0 32.74170332219675,34.82167715251631,0 32.74215906844546,34.8213972756153,0 32.74232051699067,34.82135193569585,0 32.74243840873618,34.82142299702674,0 32.74264087904853,34.82162733196206,0 32.74277840840492,34.82171204370925,0 32.7429455896572,34.8217887598768,0 32.74316424246543,34.82203113421085,0 32.74334437295371,34.82213773954033,0 32.74347506465971,34.82226038356603,0 32.74361384329686,34.82264068196331,0 32.74368973167103,34.82308034168501,0 32.74379660046581,34.82331948017487,0 32.74397693946867,34.82339625417181,0 32.74414837007888,34.82333469050644,0 32.74423476511192,34.82320492887165,0 32.74430537557469,34.82298018504794,0 32.74440735398139,34.82297523941431,0 32.74457143657659,34.8230248212636,0 32.74468572957977,34.82314196224829,0 32.74486786177913,34.82343568823767,0 32.74506169074233,34.82346371409844,0 32.74526501389524,34.82354601967624,0 32.74551134850955,34.82359056115199,0 32.74574209833072,34.82351028798921,0 32.74592636280141,34.82349487949863,0 32.74600825482794,34.82354136343871,0 32.74619269220288,34.82397881871371,0 32.74631709469973,34.82406075324054,0 32.74653656441512,34.82418652046723,0 32.74711655110677,34.82449023540384,0 32.74730624412383,34.82464298016994,0 32.74734817335025,34.82476249328196,0 32.74727175481001,34.82487603007313,0 32.74727190659745,34.82488288231741,0 32.74727666955319,34.82509758087381,0 32.74716734464811,34.82521705379879,0 32.7471051038733,34.82539779335541,0 32.74696777866895,34.82547663809065,0 32.74679628531143,34.82552149898196,0 32.74662491294262,34.82552679430236,0 32.74635713020482,34.82567884474684,0 32.7461580114684,34.82579147320121,0 32.74591056488912,34.82601704323637,0 32.7458280881843,34.82609034911307,0 32.74567050978835,34.82606741051951,0 32.74555369245601,34.82616325370347,0 32.74551902064095,34.82629318120099,0 32.74546404956906,34.82639074470266,0 32.74543631831079,34.8264399644851,0 32.74552460563828,34.82670580129533,0 32.74547605229765,34.82689222068808,0 32.74538633738897,34.82708985901122,0 32.74532443929679,34.82715755550017,0 32.74554343086673,34.82727105652887,0 32.74577023154977,34.82707370553537,0 32.74592835001465,34.82692142746246,0 32.74614102522813,34.82685969746233,0 32.74633976529459,34.82687141618187,0 32.74653828139056,34.82695661225587,0 32.74666782059319,34.82718296858814,0 32.74683180592291,34.8273528755074,0 32.7467765554691,34.82748841261197,0 32.74724824657737,34.82790200091979,0 32.74763824090975,34.82813455001202,0 32.74776156827565,34.82815176205477,0 32.74826256038655,34.82794932161442,0 32.74829045919764,34.82779111887368,0 32.74823605480817,34.82764970211792,0 32.74813365233992,34.82751383807247,0 32.74794321024096,34.82702735713207,0 32.74795736644602,34.82688043016387,0 32.74801938269537,34.82677316699791,0 32.7481157730891,34.82663206239262,0 32.74823057697874,34.82651097466692,0 32.74826017801636,34.82647975287384,0 32.74847302222172,34.826361498171,0 32.74867222506058,34.82622060562475,0 32.74883701913566,34.82612485849294,0 32.74918031443882,34.82593339361483,0 32.74931061289936,34.82591105287752,0 32.74949562684638,34.82592839115436,0 32.7496322148948,34.82609258492888,0 32.74996798788757,34.82612153593124,0 32.75000882362568,34.82621770729751,0 32.75000856743265,34.82630248912525,0 32.74999439680078,34.8264550684214,0 32.74997356090574,34.82654546005102,0 32.75001427730196,34.82668119583929,0 32.75013676652557,34.82697536007843,0 32.75017057794211,34.8271280379127,0 32.75017023655881,34.8272410809348,0 32.75006034422633,34.82731433427221,0 32.74992983872534,34.82740450052693,0 32.7498541671804,34.8274947793958,0 32.74982604925273,34.82772646020194,0 32.74982601208752,34.82773874960196,0 32.74982546808781,34.82791863295371,0 32.74985920984508,34.82809391998916,0 32.74985857747655,34.82830304890915,0 32.7498025962411,34.82868162864934,0 32.74974059795116,34.82878324063511,0 32.74980172729245,34.82902350195062,0 32.74997294479983,34.82914809275018,0 32.7500829306844,34.82919523743076,0 32.75022373393875,34.82925559113833,0 32.750453639123,34.82934924226328,0 32.75065854816803,34.82940487984641,0 32.75074204523909,34.8294740723004,0 32.7506747383185,34.82958782001587,0 32.75050588209025,34.83006717433026,0 32.75021621439581,34.83035992266949,0 32.75007337260917,34.83053908550908,0 32.75011079994845,34.83061853688735,0 32.74999702658133,34.83087368307282,0 32.74998395968942,34.83104275925431,0 32.74973666120953,34.8311630387819,0 32.74969850296242,34.8313251609005,0 32.74937134750318,34.83155571019103,0 32.74944610881508,34.83174567350954,0 32.74961267523837,34.83202555429411,0 32.74966656277661,34.83219821894517,0 32.7497247816988,34.83232257746627,0 32.74967020569444,34.83237768259041,0 32.74943163971584,34.83237719145102,0 32.74931438590678,34.83239765619221,0 32.74920826599145,34.83288749086842,0 32.74936287497339,34.83297063561714,0 32.7494296428085,34.8330363437189,0 32.74948802920076,34.83310548527428,0 32.74940335842859,34.83342281052056,0 32.74942331333158,34.83374380199246,0 32.7493386427358,34.83406112715877,0 32.74921295362435,34.8341022807089,0 32.74900883691563,34.83418301184738,0 32.74896990433112,34.8341984103067,0 32.74873543429366,34.83422553494085,0 32.74862667587036,34.83420460305555,0 32.7485516099814,34.83411472032565,0 32.74846781730571,34.83414215579781,0 32.74833318936106,34.83436964843806,0 32.74810692168902,34.8344520062207,0 32.74788913001084,34.83449987005095,0 32.74779717596347,34.83445826685395,0 32.7474948109986,34.8347889430632,0 32.74749422094771,34.83498220179681,0 32.74739235629973,34.83544443479047,0 32.74728292060224,34.8356443698281,0 32.74706495643064,34.83574745008875,0 32.74690556802755,34.8358575524348,0 32.74685489828961,34.83600239284601,0 32.74687969448048,34.83610597680021,0 32.74704730700972,34.83604420567368,0 32.74741574060483,34.83601046104874,0 32.74766626282935,34.83621114328378,0 32.74769941046429,34.83632164588887,0 32.74765728065609,34.83641128696293,0 32.74756509285294,34.83644560677919,0 32.74808298994979,34.83681249391172,0 32.74824172725798,34.8369163557851,0 32.74833309611564,34.83715121822043,0 32.74844143841608,34.83731019112444,0 32.74844110247578,34.83742062516453,0 32.74834047931581,34.83747563440361,0 32.74819816861962,34.83747533990796,0 32.7481807330379,34.8377030747701,0 32.74812179682601,34.83781338747757,0 32.74828897071058,34.83789655955824,0 32.74828009488741,34.83806219237511,0 32.74815419004617,34.83817236649384,0 32.74823731447267,34.83836579841685,0 32.74809476986443,34.83844142785539,0 32.74809428626456,34.83860017652824,0 32.7479263968873,34.83875167601285,0 32.7479010304672,34.83883444947541,0 32.7479928001075,34.83893817103865,0 32.74799242147625,34.83906240974678,0 32.74815947052763,34.8391869942973,0 32.74844304902563,34.83953268905137,0 32.74866016133704,34.83971259287481,0 32.74869295505992,34.83994043240514,0 32.74879335034006,34.83996134605599,0 32.74888524810937,34.84002365554094,0 32.7490943479928,34.8400862058607,0 32.74933724710003,34.84004529408193,0 32.74949569943195,34.84024578269234,0 32.74972131309333,34.84038429046301,0 32.74981319115226,34.84045350069621,0 32.74982139483245,34.8405087349102,0 32.74994684292886,34.8405504054104,0 32.75028932750325,34.84079958699601,0 32.75031427529942,34.84085485554674,0 32.75024661443337,34.84108248748351,0 32.75023726261259,34.84140686899726,0 32.74997684381064,34.84170312693001,0 32.75001826433085,34.84184815687556,0 32.75005150078429,34.84193105116913,0 32.75015154425741,34.8420693000222,0 32.75017632550056,34.84217978467329,0 32.75043534816816,34.84234596836435,0 32.75055228264539,34.84243593660182,0 32.7506190902554,34.84249129001198,0 32.75075287219732,34.84254678154229,0 32.75079439741828,34.84265730127132,0 32.75115405072589,34.84276847222999,0 32.7511786892006,34.84292727220763,0 32.75134778762597,34.8429712183551,0 32.75158022437173,34.84303162518147,0 32.75197334813234,34.84314976355827,0 32.75219918073968,34.84321924503978,0 32.75229093994142,34.84332986657861,0 32.75236595509712,34.84344045395928,0 32.75249959402671,34.84354425820199,0 32.75259906522771,34.84387576355633,0 32.75263180943942,34.84412430716095,0 32.75265667828857,34.84420718370192,0 32.75276526513152,34.84429023043109,0 32.75285679930912,34.84447677464588,0 32.7530323636876,34.8445599572045,0 32.75314109564017,34.8445946880688,0 32.75326667521102,34.84459494287042,0 32.75334179577798,34.84467101880249,0 32.75334150747609,34.84476764895732,0 32.75324923026669,34.84482958058965,0 32.75317349143296,34.84496056779578,0 32.7533992064683,34.84507146023239,0 32.75346585344734,34.84518202994369,0 32.75347079839106,34.84532560819985,0 32.75349244604453,34.84548990943934,0 32.7533704438042,34.84557179125296,0 32.75288804920643,34.84587195169789,0 32.75279386843987,34.84590369862348,0 32.7528099117177,34.84609080332262,0 32.75277628226493,34.84623217937146,0 32.75285891716494,34.84636010321215,0 32.75289744049257,34.8464331843409,0 32.75289733138312,34.84646968645027,0 32.75291356702159,34.84659291220704,0 32.75286878569699,34.84676164168557,0 32.75284623986583,34.84679858768968,0 32.7528020447889,34.84687101124529,0 32.75276293456319,34.8469941254194,0 32.75256265350329,34.847340484386,0 32.75251252942608,34.8474453253507,0 32.7524624587819,34.84753191478866,0 32.75245651382901,34.84766878392438,0 32.75264992313983,34.84776955721419,0 32.75289874640492,34.84784762984988,0 32.75323068512139,34.84789393053988,0 32.75361756522166,34.84808260089801,0 32.75398230151328,34.8482604700629,0 32.75400420890166,34.84833808124174,0 32.75416448211936,34.84841597125889,0 32.75421933938502,34.84858033940936,0 32.75423024574575,34.84863511447632,0 32.75435714953031,34.84876768893005,0 32.75454500149944,34.84887757332898,0 32.75473263844621,34.84906046073656,0 32.75520225980225,34.84933973239101,0 32.75531257527412,34.84946771022376,0 32.75545032078185,34.84967787219069,0 32.75558285667615,34.84977851838983,0 32.75564874761866,34.84995659651936,0 32.75569280919989,34.85002968875641,0 32.75589203272287,34.85003921412284,0 32.75612974270423,34.85013550763936,0 32.75631164899091,34.8503868216895,0 32.75646580159231,34.85066545684762,0 32.75658704242943,34.8508436452656,0 32.75674158623664,34.85098996099107,0 32.75702290834774,34.85131447646071,0 32.75777185908616,34.85183455498738,0 32.75777411806631,34.85183612349742,0 32.75803874860382,34.85219254161689,0 32.75818148025003,34.85259434448468,0 32.75819230965698,34.85267649506198,0 32.75799278665953,34.85276735169874,0 32.75805311642826,34.85287050443051,0 32.7581118111687,34.85291436930977,0 32.75819485057747,34.85304405074742,0 32.75831127036249,34.85314792513176,0 32.75845236105754,34.85325425256362,0 32.75847213917957,34.85326831385174,0 32.75853593159215,34.85338434677915,0 32.75863113714832,34.8534824049648,0 32.75866311578121,34.85351749595263,0 32.75878157424749,34.85371722749043,0 32.75879935993466,34.85377368703621,0 32.75881538170149,34.85382454689805,0 32.75883322864137,34.8538510379549,0 32.75910336367254,34.85431115711591,0 32.75924820911566,34.85443858129932,0 32.7592859191083,34.8544862568459,0 32.75931169997354,34.85451990930272,0 32.75934126446114,34.85455246496863,0 32.75940836476624,34.85461181918223,0 32.75953107604101,34.8546871893575,0 32.75977943526183,34.85489179478174,0 32.75980373044761,34.85496603454616,0 32.759828136176,34.85505041670137,0 32.75984697570232,34.85518598913629,0 32.75986524698492,34.85523676585161,0 32.75989725107434,34.85530792164055,0 32.75999350400918,34.85546009825966,0 32.7599996230575,34.85550396121272,0 32.75999821410084,34.85552557782972,0 32.76001303488506,34.85563940210754,0 32.76002990288253,34.85571292583664,0 32.76010815980408,34.855812315086,0 32.76015983480492,34.85586146021349,0 32.76021206725935,34.85590468842029,0 32.76039628172393,34.85595505203578,0 32.76053890966853,34.85595877016838,0 32.76065345807206,34.85598625901284,0 32.76078191720004,34.85602757806435,0 32.76090248092373,34.85607983944397,0 32.76104160875256,34.85614363062644,0 32.76115542667134,34.85616520497408,0 32.76146069553463,34.85627500716964,0 32.76154350952149,34.85630312433695,0 32.76163048344841,34.85635401473564,0 32.76172272760876,34.85638018961732,0 32.76178078437811,34.85641056311363,0 32.76186893527056,34.85645879097052,0 32.76192256918173,34.85651402484882,0 32.76195021135468,34.85659760610319,0 32.76208984928979,34.85686996208208,0 32.76213494094389,34.85694747192689,0 32.76235737948962,34.85714696241943,0 32.76255808500804,34.85728750414488,0 32.76271689953883,34.85722908396899,0 32.76302861206202,34.85721467455686,0 32.76334941427961,34.85722626352683,0 32.76339298386868,34.85729386845264,0 32.76342579684542,34.8573810048138,0 32.76343914604358,34.85745367024548,0 32.76346380374952,34.85752263379453,0 32.7635469808396,34.8576718010484,0 32.76359417046856,34.85776315793871,0 32.76365916554049,34.8579495411396,0 32.7638145335272,34.85813982462489,0 32.76445965770776,34.85853221432484,0 32.76453438283984,34.85847648197316,0 32.76507225666717,34.85884258547026,0 32.7652979628572,34.85893242402327,0 32.76538816720068,34.85899592558641,0 32.76545621971367,34.85890292842933,0 32.76557380318093,34.85887335423136,0 32.76572764558454,34.85880659840307,0 32.76581759674365,34.85895950190939,0 32.76589407523326,34.85908257849636,0 32.7661152209247,34.85918730766119,0 32.76609734395696,34.8591164953168,0 32.76610214853839,34.85901592658094,0 32.76618354684864,34.85899745742362,0 32.76647277572698,34.85899801316542,0 32.76654959201858,34.85900188542568,0 32.76662185688342,34.85901692503548,0 32.76669410074068,34.85903941411493,0 32.76678882505944,34.85910292331175,0 32.76688347705234,34.85919250753335,0 32.76693297791259,34.8592671051501,0 32.76699145451387,34.85936407040459,0 32.76705417809067,34.8595578978619,0 32.76708558089737,34.85963991119826,0 32.7671079251408,34.85972935673027,0 32.76721201464375,34.85967740375006,0 32.76726162211072,34.85971475006579,0 32.76730660480573,34.85978933887846,0 32.76742785838967,34.86006150561699,0 32.7674725374039,34.86024412219859,0 32.76751756250205,34.86030381010287,0 32.76755803737498,34.86037466542299,0 32.76763450819213,34.86050146565579,0 32.76772896372908,34.86066182677597,0 32.7678190869943,34.86075512727922,0 32.76786401842445,34.86084834145743,0 32.76793621300209,34.86088945538221,0 32.76801292543837,34.86093057788258,0 32.76810762266518,34.86100526121484,0 32.76820222491304,34.86111346997401,0 32.76840952882849,34.86132247218691,0 32.76849506160917,34.86144183957027,0 32.76856255962326,34.86154627166689,0 32.7686030985965,34.86159477539507,0 32.76863462997902,34.86163208674576,0 32.76870689752826,34.86164712512061,0 32.76887848699532,34.86169960271443,0 32.76899589618127,34.86173335238136,0 32.76910421446736,34.86178570945084,0 32.76996642635002,34.86214123135292,0 32.7701966036891,34.86225341970407,0 32.77030057017048,34.86224616657851,0 32.7705084616946,34.86224655908175,0 32.77059434089713,34.86224299544332,0 32.77066655764229,34.86227665823512,0 32.77088779027168,34.86235530273181,0 32.77095555023936,34.86236660560184,0 32.77110917922296,34.86237807008951,0 32.77116338016976,34.86238934732184,0 32.77120856383782,34.86239315801554,0 32.77134385712824,34.86249771609265,0 32.77140247517581,34.86254625287707,0 32.77161033657814,34.8625578186672,0 32.77168261687764,34.86256912962185,0 32.77188582460191,34.86262911368409,0 32.77198513879301,34.86267027606957,0 32.77203932058924,34.86268900332654,0 32.77210707071461,34.86270403121287,0 32.77219744767176,34.86270792532311,0 32.77272619801931,34.8627163651256,0 32.77278937809282,34.86275000886595,0 32.77288861095924,34.86282097216547,0 32.77314125835293,34.86298162438435,0 32.77323165611704,34.86297806731464,0 32.7734396323423,34.86294865406686,0 32.77359338417715,34.8629154147447,0 32.77377421230337,34.8628971256018,0 32.77384201390927,34.86289352603975,0 32.773932421742,34.86288624369277,0 32.77402281027398,34.86288641169361,0 32.77412669575968,34.86290895605056,0 32.77423506067094,34.86294640863551,0 32.77428620331433,34.86298095142918,0 32.77434398413782,34.86301604197838,0 32.77438632261214,34.86305428415221,0 32.77442485479625,34.8630734374427,0 32.77445566254904,34.86309575669579,0 32.77455204520332,34.86312455813292,0 32.77476308906306,34.86321669387251,0 32.77527823706621,34.86344330499845,0 32.77567951446362,34.86358944911125,0 32.77583991658165,34.86369509958179,0 32.77615372029462,34.86379501245933,0 32.77659533823739,34.8638981693358,0 32.77675242386992,34.86388039645447,0 32.77692062838147,34.86380244160513,0 32.77777904664796,34.86373177054239,0 32.77797820445493,34.86374280744249,0 32.77864497042888,34.86367701940274,0 32.77887786124228,34.86373104578944,0 32.77937339590099,34.86372000799918,0 32.77952818916183,34.86373222659114,0 32.77983162901348,34.86375064391815,0 32.77992926097328,34.8637195530898,0 32.78025670493146,34.86372764887034,0 32.78065349468239,34.86367056451967,0 32.7809733533741,34.86366813382757,0 32.78109393065642,34.8636912981542,0 32.78120085247123,34.86366570832536,0 32.78124593485956,34.86366277679989,0 32.78128978227474,34.86365992596959,0 32.78128922483092,34.86366104095718,0 32.78126656745669,34.86412771845158,0 32.7816341242127,34.86449357911898,0 32.78183323139318,34.8645834906407,0 32.78176561881494,34.86491506623969,0 32.78200784574812,34.86491882614618,0 32.78208132353091,34.86519975371164,0 32.78165066429384,34.86548116886221,0 32.7812752122457,34.86583027939303,0 32.78124016653708,34.86584110671629,0 32.78079301960911,34.86597925572177,0 32.78123933549296,34.86615492009233,0 32.78124364020623,34.86615661444132,0 32.78134788952013,34.86623531965681,0 32.78138659595771,34.86632452689751,0 32.78138884219436,34.86648372803324,0 32.78149347547634,34.86650307271736,0 32.78156540510373,34.86651687868122,0 32.78158153023216,34.86655472328902,0 32.78156488264097,34.86659782034514,0 32.78138415479436,34.86670225345262,0 32.78129343210633,34.86706340591133,0 32.78130302618769,34.86709852365189,0 32.78152333206673,34.86745564508973,0 32.78178220972326,34.86741630841983,0 32.78199391509482,34.86758452197709,0 32.78208494879591,34.86768205387977,0 32.78225524761518,34.86767200855541,0 32.78252896669599,34.86787017005239,0 32.782649762865,34.86792196313067,0 32.78289157799687,34.86799047678826,0 32.78303223784693,34.868007280191,0 32.78335308970274,34.86800328734753,0 32.78359698487968,34.86825797972762,0 32.78412379662145,34.86880800092455,0 32.78429968551056,34.86945631969527,0 32.78460227245141,34.86974903971419,0 32.78460540659911,34.8697706402868,0 32.78458889825421,34.86979215197645,0 32.78454835201862,34.86993585072744,0 32.78453013137532,34.87001500138271,0 32.78447527551901,34.87032668878842,0 32.78465699023122,34.87040492624612,0 32.78485653081055,34.87043007822373,0 32.78488251163477,34.8704625699033,0 32.7848855424717,34.87050035753278,0 32.78485242657388,34.87055957165973,0 32.78460869297349,34.87078784938097,0 32.78434805544607,34.87109969753254,0 32.78413381968523,34.87132270535925,0 32.78413030404285,34.87136046425186,0 32.78416555419784,34.87147933456488,0 32.78430187205467,34.87166340541692,0 32.78441733811258,34.87203625127437,0 32.78423701608823,34.87207593574638,0 32.7841877019142,34.87210809831862,0 32.78418427292522,34.87213236543712,0 32.78419066272524,34.87215667792776,0 32.78440872872494,34.87235729008687,0 32.7844150319883,34.87239509163128,0 32.78441534029881,34.87285647503825,0 32.78415480013584,34.87315213198067,0 32.78415464370148,34.87317641301644,0 32.78416752810647,34.87320884733088,0 32.78435928014063,34.87342823409885,0 32.78511014741836,34.87427332640475,0 32.78560590978799,34.87456688349076,0 32.78567370914949,34.87471557819917,0 32.78589305224945,34.87522917589128,0 32.78596602152487,34.87559374119496,0 32.78718505546205,34.87562429454211,0 32.78731195251341,34.87563552773037,0 32.78736555171822,34.87557506154479,0 32.78741924895601,34.87547605875876,0 32.78745303366619,34.87532747234601,0 32.78748026471182,34.87512932657159,0 32.78752728157063,34.87503031205303,0 32.78764101606532,34.87496444568916,0 32.78794167017112,34.87494845416346,0 32.78803523613482,34.87493210195071,0 32.78812888681424,34.87488271638018,0 32.7882563192827,34.87468474497841,0 32.78874251761275,34.87506346994567,0 32.78972315461327,34.87582554725419,0 32.789937230278,34.87598795192724,0 32.79007557481257,34.87589911013368,0 32.79028002675047,34.87579058560564,0 32.79048454093196,34.87565731709021,0 32.79066527242052,34.87542997670978,0 32.79078568774733,34.8753064598141,0 32.79135048309966,34.87538397831194,0 32.79164405710764,34.87545145366592,0 32.79214929591759,34.87546264086045,0 32.79262738376325,34.87554398504923,0 32.79316903387492,34.87571708896752,0 32.79352778210905,34.87594429840971,0 32.79393466271468,34.87622306806158,0 32.7940544489188,34.87630513749627,0 32.79433643911705,34.87644510161833,0 32.79450348936414,34.87648651698123,0 32.79491183566228,34.8767153043427,0 32.79659242961186,34.87755925624375,0 32.79694547377154,34.87776135972938,0 32.79656454970428,34.87835916740871,0 32.79650292441482,34.87851986298134,0 32.79644816836412,34.87865838728252,0 32.7962793400848,34.87872982069882,0 32.796211393925,34.87882388610043,0 32.79619572758817,34.87917348851722,0 32.79613382178201,34.87937858493365,0 32.79597155203721,34.8794777969882,0 32.79551921176135,34.87964792468346,0 32.79543036722146,34.87985290600027,0 32.79531338474541,34.8802464769175,0 32.79531244112378,34.88039633135072,0 32.79544487631836,34.88075766721929,0 32.79554387779105,34.88108000703905,0 32.7955491808058,34.88130759263132,0 32.7956293774515,34.88140784090196,0 32.79576321153247,34.88154717027994,0 32.79571463288051,34.88177452469517,0 32.79582825783577,34.88191376775139,0 32.79600142479958,34.88222532420511,0 32.79602717623458,34.88241414411364,0 32.79594565718157,34.88252480193789,0 32.7957357046827,34.88270706379046,0 32.79549895170074,34.8828670118374,0 32.79526893852713,34.88302698699346,0 32.7950724170364,34.88321485744384,0 32.79496388238768,34.88333649820999,0 32.79453808273757,34.88356778832743,0 32.7944228763627,34.88367830162822,0 32.79440646591755,34.88414445616964,0 32.79437787601746,34.88440519714451,0 32.7942340832355,34.88477645120575,0 32.79414389882047,34.88519233796457,0 32.79394589832881,34.88561331176826,0 32.79383669289834,34.88584040474092,0 32.79388725275156,34.88636790039806,0 32.79388665723553,34.88646225251482,0 32.79367763686592,34.88649465818968,0 32.79315080667152,34.88671995837913,0 32.79269726621158,34.88707322929484,0 32.79260170134574,34.88727262949653,0 32.79263176281412,34.88784443884053,0 32.79261053336009,34.88800530653207,0 32.79241371816543,34.88823757165098,0 32.79170067980694,34.88914475272439,0 32.79159125139724,34.88940514513307,0 32.79163043604503,34.88959957320026,0 32.79227606268733,34.89023749306641,0 32.79222326343874,34.89053841243662,0 32.7915923963463,34.89071808339554,0 32.79135388223825,34.89078601168229,0 32.79068058695109,34.8910778129776,0 32.79031387526773,34.89127140479388,0 32.78988143262856,34.8914071183898,0 32.78962383324114,34.89142983270578,0 32.78941719206347,34.89147179851888,0 32.78921347919049,34.8915836767894,0 32.7890759243944,34.89166660793732,0 32.78895396768007,34.89169113724265,0 32.78879167796045,34.89167372978186,0 32.78827486785847,34.89154202609598,0 32.78805683493158,34.89151184717937,0 32.78741689459648,34.8915884196286,0 32.78712271207298,34.89156208480955,0 32.78650958916698,34.89139236869654,0 32.78625138700679,34.8912951911316,0 32.78593792397707,34.89111007019351,0 32.78572542389208,34.89100891368736,0 32.78551767779837,34.89095789348836,0 32.78515747190189,34.89093961799382,0 32.784827392859,34.89097158885811,0 32.78429848240493,34.89114468479722,0 32.7831384995695,34.89126490246877,0 32.78210004677586,34.89175315582382,0 32.7811714429866,34.89177560941835,0 32.78063821163999,34.89178849990247,0 32.779730305702,34.89178868086899,0 32.77929614392674,34.89143595967978,0 32.77816884645586,34.89153539297748,0 32.77744458256299,34.89131084781157,0 32.77569010233864,34.89224540458103,0 32.77516141048594,34.89238087456938,0 32.77435564185081,34.89419413466313,0 32.77364755377922,34.89578968432063,0 32.77362361414842,34.89589564560401,0 32.77361889382465,34.8960313731034,0 32.77365454270327,34.89711233662371,0 32.77364656496514,34.89731035300355,0 32.77325304918047,34.89909028499634,0 32.77324174225653,34.89932836951363,0 32.77331380286742,34.90036564454771,0 32.77343438134509,34.90156847007102,0 32.77342444534367,34.9020731597966,0 32.7733043067404,34.9027559100681,0 32.77308194769569,34.90360192563825,0 32.77307565592394,34.90406217376962,0 32.77312783904956,34.90514218791457,0 32.77313015704175,34.90519017046712,0 32.77307014351513,34.9053929373414,0 32.77293786665092,34.9055763045303,0 32.77251043181208,34.90611584614282,0 32.7719961760694,34.90665114613801,0 32.77193663372862,34.90678104091803,0 32.77189530528651,34.90690288844727,0 32.77215977019909,34.90759927315938,0 32.77229016624245,34.90794994033956,0 32.77211654059825,34.90780124792333,0 32.7719072715913,34.90781507736463,0 32.77130845237206,34.90787108617466,0 32.77098502460851,34.90794006465914,0 32.77085204204089,34.9079394687503,0 32.77016411828924,34.90782292346623,0 32.76988854510454,34.90783733796495,0 32.76944266351444,34.90774925975709,0 32.76926631307874,34.90784236917689,0 32.76863881045958,34.90792562578061,0 32.7681534561077,34.90806038098186,0 32.76760163560161,34.90819092274031,0 32.76698816813369,34.90830553166764,0 32.76676956263677,34.90832411198345,0 32.76664155950391,34.90828831712182,0 32.76612245161063,34.9077851654152,0 32.76619473339593,34.90762898953128,0 32.76620008434959,34.90753902898419,0 32.76615302913325,34.90747230136606,0 32.76590159562729,34.90742812907511,0 32.76488109451523,34.90732961140326,0 32.76464406691181,34.90726202335561,0 32.76442204620896,34.90708104034783,0 32.76428110554646,34.90684955963621,0 32.76424892971448,34.90668900047659,0 32.76425495974556,34.90649731119544,0 32.76440501201145,34.90607543468384,0 32.76441059670039,34.90595025721609,0 32.76389566372562,34.90553710366825,0 32.7634786636953,34.90539435944167,0 32.7633025727144,34.90544833557046,0 32.76323435316097,34.90551620457944,0 32.76312283488296,34.90547929779888,0 32.76302329911965,34.90544635717597,0 32.76289491690216,34.90539534042591,0 32.76274144419361,34.90542994646443,0 32.76267984518807,34.90547505592313,0 32.76260016248621,34.90547469387753,0 32.76253297446208,34.90543908557316,0 32.76244760141574,34.90537313349385,0 32.76230696123518,34.90532206151507,0 32.76222111578104,34.90532671449636,0 32.76210424922496,34.90538670195639,0 32.76203682615046,34.90538639508775,0 32.76198206593394,34.9053256263966,0 32.7619094259342,34.90518912698464,0 32.76179159973168,34.90509110525774,0 32.76175703536639,34.9050623501007,0 32.76162972721017,34.90495858278383,0 32.76147303565001,34.90489554239744,0 32.76125724283198,34.90485993372036,0 32.76100755104182,34.90485879575897,0 32.76093701105838,34.90491849187791,0 32.76089901468951,34.90504331066798,0 32.76088543357402,34.90508697671859,0 32.76085515874783,34.90518432309031,0 32.76084841893724,34.90527507215613,0 32.76095827534611,34.90534617926546,0 32.76108008603455,34.90546273060082,0 32.76099999603363,34.90552288483723,0 32.76093805726221,34.9056184255694,0 32.76096203289833,34.9056992272677,0 32.76099813312701,34.9058002576644,0 32.76123102023178,34.90580636292244,0 32.76132899086746,34.90582193931435,0 32.76138991282974,34.90587769306457,0 32.76133996284097,34.90601363480171,0 32.76129546435053,34.90625046729025,0 32.7613569565284,34.90640688318971,0 32.76156265329674,34.90681128401656,0 32.76186581719357,34.90730690821587,0 32.76230363507932,34.90798332444642,0 32.76255224923015,34.90838791921941,0 32.76285559253274,34.90885832524565,0 32.76298822222294,34.90926093129625,0 32.76295500726857,34.90964407086412,0 32.76280394053914,34.91023345047385,0 32.76259832804635,34.91058466507263,0 32.76236343297959,34.91087610804856,0 32.76233160041326,34.91105247896566,0 32.76254457557396,34.91197475857808,0 32.76248216114205,34.91214090332257,0 32.76232193688947,34.91226625689597,0 32.76206369930618,34.9123810779982,0 32.76177284831216,34.91278826121331,0 32.76168526795563,34.91305011417137,0 32.76158630663043,34.91318078907076,0 32.76138508161726,34.91335698588669,0 32.76114042175826,34.91346136866227,0 32.7609083061571,34.91356066176368,0 32.76078945654778,34.91356011958948,0 32.76065550492699,34.91352345577575,0 32.76054705891333,34.91349813889562,0 32.76040814100146,34.91351736230295,0 32.7600935674248,34.91363506989017,0 32.75991767562959,34.91376830304409,0 32.75946414744293,34.91391019582553,0 32.75880741788986,34.91412262335272,0 32.75868630050959,34.91418660496176,0 32.75855924823394,34.91423566667623,0 32.75815486033093,34.91424870687361,0 32.7580341104258,34.91425808125047,0 32.75788892209295,34.91431202349528,0 32.75704905512689,34.91491595949622,0 32.75689162825665,34.91499466561331,0 32.75668602847423,34.91505825712914,0 32.75635364391824,34.91513119358077,0 32.75623869047316,34.91517534354283,0 32.75585772739186,34.91529273474621,0 32.75556137759998,34.91539065715308,0 32.75528333086331,34.91545887726152,0 32.7544320564994,34.91582971703563,0 32.75359747081847,34.91609890158292,0 32.75308978020137,34.91621569802764,0 32.75272704685592,34.91631330642257,0 32.75246699590987,34.91639649620593,0 32.75224321937449,34.9164699238063,0 32.75198450006346,34.91649937877447,0 32.75181554010287,34.91649859572753,0 32.75167075083717,34.91649296072476,0 32.75108003585991,34.91639589781476,0 32.75047074212907,34.91636824694334,0 32.7497650025898,34.91632525120994,0 32.749541666137,34.91633413992692,0 32.74922242821635,34.91624826055961,0 32.74910187886693,34.91622784206726,0 32.74898098912281,34.91625706491488,0 32.74820736834888,34.91675783823653,0</coordinates>
						</LinearRing>
					</outerBoundaryIs>
				</Polygon>
			</MultiGeometry>
		</Placemark>
	</Document>
</kml>