<?xml version='1.0' encoding='UTF-8'?>
<kml xmlns="http://www.opengis.net/kml/2.2">
	<Document>
		<name>PAFOS Community Cluster B</name>
		<Style id="PolyStyle80">
			<LabelStyle>
				<color>00000000</color>
				<scale>0.000000</scale>
			</LabelStyle>
			<LineStyle>
				<color>ffa9e600</color>
				<width>2.000000</width>
			</LineStyle>
			<PolyStyle>
				<color>00828282</color>
				<outline>1</outline>
			</PolyStyle>
		</Style>
		<Placemark id="ID_80013">
			<name>PAFOS Community Cluster B</name>
			<snippet />
			<description>&lt;html xmlns:fo="http://www.w3.org/1999/XSL/Format" xmlns:msxsl="urn:schemas-microsoft-com:xslt"&gt;

&lt;head&gt;

&lt;META http-equiv="Content-Type" content="text/html"&gt;

&lt;meta http-equiv="content-type" content="text/html; charset=UTF-8"&gt;

&lt;/head&gt;

&lt;body style="margin:0px 0px 0px 0px;overflow:auto;background:#FFFFFF;"&gt;

&lt;table style="font-family:Arial,Verdana,Times;font-size:12px;text-align:left;width:100%;border-collapse:collapse;padding:3px 3px 3px 3px"&gt;

&lt;tr style="text-align:center;font-weight:bold;background:#9CBCE2"&gt;

&lt;td&gt;Σύμπλεγμα Β&lt;/td&gt;

&lt;/tr&gt;

&lt;tr&gt;

&lt;td&gt;

&lt;table style="font-family:Arial,Verdana,Times;font-size:12px;text-align:left;width:100%;border-spacing:0px; padding:3px 3px 3px 3px"&gt;

&lt;tr&gt;

&lt;td&gt;NAME_GR&lt;/td&gt;

&lt;td&gt;Σύμπλεγμα Β&lt;/td&gt;

&lt;/tr&gt;

&lt;tr bgcolor="#D4E4F3"&gt;

&lt;td&gt;NAME_ENG&lt;/td&gt;

&lt;td&gt;Community Cluster "Β"&lt;/td&gt;

&lt;/tr&gt;

&lt;tr&gt;

&lt;td&gt;DISTRICT_N&lt;/td&gt;

&lt;td&gt;ΠΑΦΟΣ&lt;/td&gt;

&lt;/tr&gt;

&lt;tr bgcolor="#D4E4F3"&gt;

&lt;td&gt;SHAPE.AREA&lt;/td&gt;

&lt;td&gt;122355378,142753&lt;/td&gt;

&lt;/tr&gt;

&lt;tr&gt;

&lt;td&gt;SHAPE.LEN&lt;/td&gt;

&lt;td&gt;78889,700725&lt;/td&gt;

&lt;/tr&gt;

&lt;/table&gt;

&lt;/td&gt;

&lt;/tr&gt;

&lt;/table&gt;

&lt;/body&gt;&lt;script type="text/javascript"&gt;

				function changeImage(attElement, nameElement) {

				document.getElementById('imageAttachment').src = attElement;

				document.getElementById('imageName').innerHTML = nameElement;}

			&lt;/script&gt;&lt;/html&gt;

</description>
			<styleUrl>#PolyStyle80</styleUrl>
			<MultiGeometry>
				<Polygon>
					<extrude>0</extrude>
					<altitudeMode>clampToGround</altitudeMode>
					<outerBoundaryIs>
						<LinearRing>
							<coordinates> 32.5896538736019,34.97685853085118,0 32.58954943094268,34.97703254200714,0 32.58946455448196,34.97703290771044,0 32.58934877471552,34.9770488058412,0 32.58930315782537,34.97704853347749,0 32.58914234769804,34.9769978009246,0 32.58898698136871,34.97693138378884,0 32.5888567439005,34.9769026634339,0 32.58878715914613,34.97685334890716,0 32.58860885394272,34.97671576825159,0 32.58837167470457,34.97671163642229,0 32.5882491419778,34.97674884099753,0 32.58822894666169,34.97675308582728,0 32.58818552231232,34.9767449681796,0 32.58806280022462,34.97669967184744,0 32.587989840412,34.97667274308337,0 32.58779645376549,34.97654139659183,0 32.5876606621956,34.97650424852516,0 32.58751195830114,34.97647156356251,0 32.58735780041299,34.97643127711019,0 32.58724950732164,34.97640489037332,0 32.58719109083834,34.976354579863,0 32.58715494720713,34.9762816931807,0 32.58713553081448,34.97618922494902,0 32.58713436218761,34.97611352033193,0 32.5871071202773,34.97607399403304,0 32.58705955115869,34.97604494435763,0 32.5870043308015,34.97604915460572,0 32.58694174031192,34.97605483522013,0 32.58688297548132,34.97604388493406,0 32.58673671430465,34.97594308675964,0 32.5865455567166,34.97592679995117,0 32.58634529835861,34.97589986126876,0 32.58612555622878,34.97578802288501,0 32.58595511603745,34.9757173579753,0 32.58589674012171,34.97566250560781,0 32.58582783961204,34.97555005871903,0 32.58575634736473,34.97552237822673,0 32.58559479584036,34.97548658585725,0 32.58537610379585,34.97546407716747,0 32.58532093727175,34.97546223107203,0 32.58514327585162,34.97537638202562,0 32.58492918837354,34.97524943581085,0 32.58468919367759,34.97514050210156,0 32.58435524480702,34.9750476549747,0 32.58421293390267,34.97491659838072,0 32.58416159612823,34.9748981209849,0 32.58408818536358,34.97487951207977,0 32.58389109669274,34.97491011807914,0 32.5837916926103,34.9749186032498,0 32.58361901248848,34.97489334020409,0 32.5834907708426,34.97483503712664,0 32.58342958166511,34.97468327269404,0 32.58331301219582,34.97455388354319,0 32.58310231344033,34.97446026235219,0 32.58301614872121,34.97442794974119,0 32.58290942878491,34.97443184876825,0 32.58275397049352,34.97453840202561,0 32.58262807079036,34.9744240952299,0 32.5825033610085,34.9743824660643,0 32.58241138340813,34.9743834253164,0 32.58220854895785,34.9744397309515,0 32.58205611552694,34.97441307323511,0 32.5818342482629,34.97433452287262,0 32.58155704125608,34.97427380358491,0 32.58150023897884,34.97424923785203,0 32.58147124188495,34.97420061518591,0 32.58147907023858,34.97394177585011,0 32.58155139513087,34.97387559919128,0 32.58159814771101,34.97378958599221,0 32.58156207602833,34.97370912862997,0 32.58153145670017,34.97363627462409,0 32.58157251535214,34.9735699081693,0 32.58167422866867,34.97350845068598,0 32.58170062731397,34.97343593915748,0 32.58154934316613,34.97328060202785,0 32.58146853418973,34.9730605906942,0 32.58139190520863,34.97299048515467,0 32.58127260981405,34.97296099934175,0 32.58117324847957,34.9729649411538,0 32.58098312899821,34.973039489264,0 32.58081117143659,34.97313988409343,0 32.58072647066773,34.97314996977003,0 32.58066964194191,34.97312843053722,0 32.58053637623463,34.9730155915906,0 32.58049412704612,34.97300928080815,0 32.58038198530442,34.9730025455283,0 32.58032091204462,34.97304456707544,0 32.58023155849578,34.97316362926611,0 32.58018101867469,34.97326172956196,0 32.58016616938214,34.97348267755193,0 32.58006149163659,34.97346387698448,0 32.57990558698354,34.97341448598988,0 32.57982694429338,34.97336404968036,0 32.57970467273447,34.97325581898752,0 32.57965191773882,34.97319039855512,0 32.57962908966098,34.97306914385666,0 32.57958356723179,34.97301739327995,0 32.57953594970819,34.97299439625519,0 32.57947899920581,34.97298648106315,0 32.57941624871724,34.97301032364477,0 32.57932520391963,34.97311272099817,0 32.57922144587519,34.9731968735849,0 32.57921910611185,34.97325287723661,0 32.57925836364586,34.97338785631639,0 32.57934697308854,34.97355795544173,0 32.57939464246905,34.97378079651831,0 32.57933781225302,34.97396515441215,0 32.57918444776406,34.9740429504309,0 32.57912776534742,34.97400475808826,0 32.5790394015764,34.97401330557997,0 32.57897457795795,34.97406287367544,0 32.57882428199765,34.97420881577013,0 32.57863222297497,34.97429394696716,0 32.57844919594966,34.97439729993697,0 32.5783008319571,34.97453265635213,0 32.57815453777841,34.97464228683891,0 32.57800296031382,34.97452025010996,0 32.5779896840045,34.97435969021384,0 32.57795026374264,34.97424287567043,0 32.57787162147799,34.97419243810436,0 32.57775013383699,34.97420229826187,0 32.57762568045749,34.97426123950059,0 32.57745468219397,34.9743422243224,0 32.57724060556676,34.97462883044653,0 32.57715513882543,34.97463500418695,0 32.57702944640255,34.97459072121207,0 32.57687807516256,34.97423494021969,0 32.57665148990102,34.9741030024057,0 32.57635470548377,34.9740878069124,0 32.57596519214278,34.97398165692075,0 32.57585926518281,34.97400109756768,0 32.57579657465254,34.97418818895002,0 32.57575639025639,34.97458632352369,0 32.57579495505881,34.97482089860836,0 32.57575274973146,34.97499137705837,0 32.57560554745645,34.97507752010499,0 32.57512124963353,34.9751080470234,0 32.57483383244155,34.97495564791404,0 32.57414268190441,34.9749213021362,0 32.5739676419882,34.97493697235996,0 32.57362934117272,34.97501525174972,0 32.57340613027382,34.97496032472828,0 32.57327372334987,34.97475865374957,0 32.57352077315348,34.97442538842439,0 32.57348516481262,34.97431469839444,0 32.57340852196393,34.97424392615858,0 32.57325848895666,34.9741927949052,0 32.57299780075659,34.97423472045178,0 32.57276072617601,34.97436383484597,0 32.572704572524,34.97427644981239,0 32.57262115563645,34.97405499027042,0 32.5724921856843,34.97392363882717,0 32.57236637584147,34.97389274036095,0 32.57210571541292,34.97393131891243,0 32.57200837704344,34.97390059341263,0 32.57196849209825,34.97381330774094,0 32.57209620561798,34.97363331183581,0 32.57220737832396,34.97348334342338,0 32.57215231356899,34.97327544797511,0 32.57208459378567,34.97311769104139,0 32.57185898307834,34.97287862168054,0 32.57156117447526,34.97297722909634,0 32.57132579642674,34.9729188758939,0 32.57119966086578,34.9729247991161,0 32.57086804652771,34.97316380382156,0 32.57067695329825,34.97315593591872,0 32.57053141646235,34.97305796031237,0 32.5705158149004,34.97298421378025,0 32.57058258358299,34.9727971503666,0 32.57054719200595,34.97266302412374,0 32.57044584765461,34.97262557841874,0 32.57019690825807,34.97271778757539,0 32.56427644937447,34.97076641965295,0 32.55993765596357,34.96933681535552,0 32.55773237333671,34.9686263230313,0 32.5574951465438,34.96781177274607,0 32.55714022588115,34.96748817590641,0 32.55691670607506,34.96747004065102,0 32.55651850412592,34.96698883061045,0 32.55627970125479,34.96686347353214,0 32.55621571513515,34.96674590141644,0 32.55630346443304,34.96649202057094,0 32.55604073165629,34.96631629507792,0 32.55585116429047,34.96614437741054,0 32.5558409748591,34.96592671122012,0 32.55574562989527,34.96568173049786,0 32.55533913803934,34.96565910176032,0 32.55492150296695,34.96552257830201,0 32.55405516007185,34.96509199014579,0 32.55395128017744,34.96489047487149,0 32.55371680984883,34.96473835817679,0 32.5537023393568,34.96454409864483,0 32.55358148206427,34.9644194752077,0 32.5533175851593,34.96437095297551,0 32.55288964891212,34.96403014543848,0 32.55286217476409,34.96392284515716,0 32.55269680786078,34.96377450815773,0 32.5523762267007,34.96369884596207,0 32.55231271114211,34.96353105967408,0 32.55242430892841,34.96333759273149,0 32.55226921992927,34.96339687743895,0 32.55198527067398,34.96331809601502,0 32.55174397526385,34.9630253272844,0 32.55187904228507,34.96293243909951,0 32.55174531106601,34.96288138291482,0 32.55155598242506,34.96268602417051,0 32.55129947302058,34.9626558733288,0 32.55118276409473,34.96264215509962,0 32.55106142868078,34.96267786817256,0 32.55087405806699,34.96266686943613,0 32.55061418905484,34.96257123520028,0 32.55052293118218,34.9624878862621,0 32.5504299960496,34.96240172040616,0 32.55021116001465,34.96229231379664,0 32.55005713477651,34.96217770501953,0 32.54990637608108,34.96207854774349,0 32.54986218050735,34.9619602901856,0 32.54978201729788,34.96174579665936,0 32.54991274311173,34.96157737143402,0 32.55004752732254,34.96153916189883,0 32.55010603639108,34.96148311535825,0 32.54973499335076,34.9611336004162,0 32.54978743137775,34.96088005741799,0 32.54994375338221,34.9605099972721,0 32.55005278567223,34.96040653103078,0 32.55000673430725,34.96025652116034,0 32.54986253802058,34.96017315674226,0 32.54975369467918,34.95997284441901,0 32.54961157004546,34.95995024969347,0 32.54925931891758,34.95984821597501,0 32.5489009285101,34.95983944503723,0 32.54845438180777,34.95967388780883,0 32.54813810141343,34.95967189033131,0 32.54802497178532,34.95964947824249,0 32.5476795707435,34.95937823293676,0 32.54756954076169,34.95930593272164,0 32.54743678191004,34.95912716521874,0 32.54722448896897,34.95899780203441,0 32.54694839591826,34.95892662002278,0 32.54676114411696,34.95893845480241,0 32.54667647892042,34.95897263633768,0 32.54659540494518,34.95918693941029,0 32.54651546500093,34.95956181916505,0 32.54641395355091,34.95998863857179,0 32.54632588303758,34.96010525319392,0 32.54606464753398,34.96013614695892,0 32.54558008597815,34.96008968019309,0 32.54548159247846,34.96019320978785,0 32.54549373713769,34.96030394921807,0 32.54573411057115,34.96053113751098,0 32.54571742492804,34.96062433553656,0 32.54546599694618,34.96073340553369,0 32.54522736564984,34.96088378200184,0 32.54517193469042,34.96089211001588,0 32.54499899357438,34.96078252154894,0 32.54487245990732,34.960783888157,0 32.54468220102341,34.96083475812938,0 32.54450187609486,34.9609507866323,0 32.54440822376021,34.96109991218851,0 32.54432813542461,34.9612078970903,0 32.5441933502799,34.96124609846535,0 32.54394571430983,34.96123150776504,0 32.54345887985814,34.96114595988222,0 32.54308643352196,34.96123038655616,0 32.54289049307135,34.961324615161,0 32.54272955170651,34.96134094977886,0 32.54255896354464,34.96126175010585,0 32.54240092401439,34.96124989507446,0 32.54223260353093,34.96120976669036,0 32.54170869024527,34.96114350583583,0 32.54153254402082,34.9610946473115,0 32.54144354277849,34.96102898422468,0 32.54146897799072,34.96084687815572,0 32.54137744256651,34.9607703496038,0 32.54122469483001,34.96075635772314,0 32.54109840378992,34.96073168368709,0 32.54088166396015,34.96051548645156,0 32.54079016898372,34.96043461905617,0 32.5405634593075,34.9604375124926,0 32.54024080327413,34.96055262657686,0 32.54007685816398,34.96060799689706,0 32.53996115456178,34.96057904936075,0 32.53964121474366,34.96040558850399,0 32.53937053763701,34.96031923614976,0 32.53881489606099,34.9602636082009,0 32.53849248858541,34.96007276992434,0 32.53825387192627,34.9599410519598,0 32.53812482859555,34.95992937732793,0 32.53795802197444,34.96000859459978,0 32.53778938103451,34.96000317538518,0 32.53760118284419,34.96011480347624,0 32.53735514246602,34.96021087142341,0 32.53711286460277,34.96018762092724,0 32.53691580310358,34.96012126229953,0 32.53681193668006,34.95995568843466,0 32.5366708800649,34.95982025323822,0 32.53624282858179,34.95965259981028,0 32.53600693396545,34.95951221523638,0 32.53566589568502,34.95906303765496,0 32.53529179554106,34.95876553509489,0 32.53468837611945,34.95846872783998,0 32.5339692641414,34.95814296620125,0 32.5335154032139,34.95791872091402,0 32.53344267735994,34.95780542103698,0 32.53335941233996,34.95741430952374,0 32.53327244062235,34.95713600862796,0 32.53309540605236,34.9569048647262,0 32.53256071950276,34.95658896112487,0 32.5323760296956,34.95633172833644,0 32.53229707155042,34.95604262875447,0 32.53234499070083,34.95571528979695,0 32.53248245938492,34.95511729402325,0 32.53241299305613,34.95493891869541,0 32.53213814252857,34.95473969027595,0 32.53193630962904,34.95434564464746,0 32.53160041969301,34.95391384753792,0 32.5311555490886,34.95357898722615,0 32.53044029667311,34.9534072901322,0 32.52975426287053,34.95321190795526,0 32.52927054084863,34.95308292892522,0 32.52879937424631,34.95301912279411,0 32.52826975431757,34.95300484196048,0 32.52805429094116,34.95293618090439,0 32.52796014051005,34.95285962755935,0 32.52791685245712,34.9527009465382,0 32.52792809873613,34.95207610023618,0 32.52818300423342,34.95160255368602,0 32.52820242656658,34.95150069692859,0 32.52815310077045,34.95142226076744,0 32.52802714053059,34.95136502942418,0 32.52799615939162,34.95129756360275,0 32.52809352185258,34.95103781146159,0 32.52807071513249,34.95094219076331,0 32.52781132747381,34.95078211009066,0 32.52779337724579,34.95072991722731,0 32.52781238569451,34.95067145439968,0 32.5279577258518,34.95063116762734,0 32.52799509742256,34.95058150462572,0 32.52795658401769,34.95047493094979,0 32.52793674530265,34.9503446114888,0 32.52801665680997,34.95025616502822,0 32.52813956332811,34.95008120272173,0 32.52817043952403,34.94988394486417,0 32.52834069759399,34.94971797047683,0 32.52837860838343,34.94961189195796,0 32.52836482688035,34.94939915714482,0 32.52838991344674,34.94925610825771,0 32.52850443512077,34.94913099785067,0 32.52866398454238,34.94898231040929,0 32.52868670300393,34.94881103945761,0 32.5286019359527,34.94858048565901,0 32.52867493331068,34.94838784140648,0 32.52877793549199,34.94836464081065,0 32.52897448271627,34.94820534425325,0 32.52899153679989,34.94807526171085,0 32.52892226887035,34.94787735652905,0 32.52878764139911,34.94790035434961,0 32.52858804798576,34.94810302799225,0 32.52853785178784,34.94811572085572,0 32.52876416386961,34.94732828100287,0 32.52873315306648,34.94732067706517,0 32.52812251171792,34.94717093698757,0 32.52778474384375,34.94692874375479,0 32.52780009097403,34.94711708141264,0 32.52772836676029,34.94731416694069,0 32.52765274691103,34.94752195521647,0 32.52733917055451,34.94751775265997,0 32.52717792158199,34.94756878309702,0 32.52690354297133,34.94759955043097,0 32.52642180691827,34.94754217704102,0 32.52639918871628,34.94742702734454,0 32.52615439952908,34.94739506008305,0 32.52613641508454,34.94730383691213,0 32.52609695301987,34.94710367654546,0 32.52603339138984,34.9468773781532,0 32.52584287602344,34.94677731562116,0 32.52543051175602,34.94729924946898,0 32.52538789342928,34.94735319190777,0 32.52522672538684,34.94739554024587,0 32.52501450421381,34.9475256507158,0 32.52462406906846,34.94776502204668,0 32.52436534568006,34.94798092188369,0 32.52411705540647,34.94830725864274,0 32.52357832752524,34.94895965528905,0 32.52341799777543,34.94890184987948,0 32.52315880816974,34.94876771748822,0 32.52298008414582,34.94863095650624,0 32.52264690019789,34.9486224758985,0 32.52238199736783,34.94868381500884,0 32.52235868057191,34.9487183497578,0 32.52243741887599,34.94889545398381,0 32.52241300908843,34.94904350357034,0 32.52232439531736,34.94909653570689,0 32.521971176817,34.94917936900447,0 32.52165981934515,34.94929085925587,0 32.52120546007087,34.9495338546518,0 32.52078244175767,34.94970452538375,0 32.52045526975077,34.94986636139785,0 32.52016226976207,34.95005995528927,0 32.51998035133656,34.95025427503727,0 32.51935889624249,34.95074213387807,0 32.51925829631887,34.95084553839102,0 32.51917611947876,34.95102474169929,0 32.51904493809405,34.95112163747682,0 32.51889198376528,34.95129440268592,0 32.51887963467347,34.95128944010941,0 32.51886986421704,34.95128929413978,0 32.51852525668865,34.95128414539124,0 32.51829252549187,34.95142675013594,0 32.51813608232814,34.95151246082217,0 32.51795477562564,34.95168488879754,0 32.51776040375725,34.95179951308418,0 32.51771717368729,34.95184317860444,0 32.51763810456141,34.95192267131866,0 32.51758127583977,34.95197953552332,0 32.51733195952331,34.95210630391371,0 32.51722671038625,34.95217621474762,0 32.51718221695829,34.95218953582201,0 32.51702878416897,34.95233647183107,0 32.5167860643507,34.95248155250282,0 32.5164214730607,34.95270705575711,0 32.51595885480774,34.95293704490455,0 32.51587169154163,34.95300134764632,0 32.51583904491881,34.95302656375729,0 32.51606640785082,34.95324408377493,0 32.51615304368129,34.95342493994037,0 32.51613271089681,34.95344026337578,0 32.51608843764612,34.95349719670599,0 32.51607508993579,34.95408236496729,0 32.51613281671852,34.95448138659248,0 32.51604301418023,34.95450102329385,0 32.51581060849075,34.95453311982573,0 32.51545799782155,34.95454388020744,0 32.51527009809742,34.95454660727778,0 32.51518349529406,34.95455495135806,0 32.51503555042422,34.95458390851181,0 32.51476482897508,34.95466973084157,0 32.51459527089035,34.95478376580677,0 32.51457689577748,34.95480528957901,0 32.51461920749431,34.95489046200942,0 32.51497685621121,34.954978380489,0 32.51503706504666,34.95500057507127,0 32.51538277366208,34.9551205425733,0 32.51495412859925,34.95558780075073,0 32.51462993373081,34.95591232606286,0 32.51459733554962,34.9559437347938,0 32.51483175459492,34.95614187128276,0 32.51494173184894,34.9562080206912,0 32.5151303776533,34.95628022343412,0 32.51523024011093,34.95629013566771,0 32.51536692996895,34.9564219401061,0 32.51543034134913,34.95654348322226,0 32.51551909843982,34.9566496211222,0 32.51559716071705,34.95672153433181,0 32.51559993483033,34.95673890049856,0 32.51562098727587,34.95687069321943,0 32.51562567063191,34.956900015365,0 32.51539635104842,34.95700280126398,0 32.51479308580832,34.95706342033331,0 32.51447184113313,34.95698519200538,0 32.51427252574103,34.95700983685275,0 32.51419372460487,34.9569794177628,0 32.51411024544684,34.95693389999876,0 32.51384949007618,34.95695645493866,0 32.51373152705877,34.95689521958808,0 32.51362292992484,34.95668980743493,0 32.51358539048226,34.95659489859256,0 32.51357371793626,34.95656559795782,0 32.51356066526674,34.95653305748792,0 32.51344224500389,34.95637314572708,0 32.51334064548062,34.95607569897986,0 32.51332869036492,34.95604069838942,0 32.51322284326844,34.95616975918077,0 32.51292364965892,34.95620877763011,0 32.5127842700411,34.9563592196271,0 32.51254789650694,34.95624098163749,0 32.51224382681698,34.95638718149768,0 32.51201684337923,34.95609241571381,0 32.51187831863113,34.95615456659927,0 32.51188855204119,34.95628392409682,0 32.51185321566943,34.9563719845425,0 32.51163371034331,34.95669227651961,0 32.51163345607441,34.95669342661457,0 32.51161878240606,34.95680580662724,0 32.51159671141375,34.95698446737629,0 32.5115574902646,34.95710251506754,0 32.51143639423493,34.95744511233665,0 32.51138650468636,34.95759050588411,0 32.51130052764105,34.95791594595401,0 32.51138315083955,34.95815557190426,0 32.51137590726391,34.95819590577688,0 32.51134765273972,34.95823615421665,0 32.51128414067161,34.95831662469971,0 32.51128229561776,34.9583144313251,0 32.51124854729269,34.95829243151184,0 32.51120786528797,34.95833103168545,0 32.51089191763488,34.95869597812023,0 32.51084798936451,34.95887858271093,0 32.51078487948327,34.95906421451863,0 32.51064999834597,34.95914530940259,0 32.51059914952132,34.95925218632708,0 32.51049531522097,34.95929249416275,0 32.51021281603911,34.95918971355,0 32.51021782553485,34.95946093758251,0 32.51008748284849,34.95946953428667,0 32.5100394748336,34.95967733939379,0 32.50998887685929,34.95975899255188,0 32.5096913023986,34.96002190392283,0 32.50962448236112,34.96019489748038,0 32.50938224219918,34.96067575834341,0 32.50907101295791,34.96115931542361,0 32.50911509667807,34.96135196350529,0 32.50888490292687,34.9613851246818,0 32.50863681247179,34.96169351008523,0 32.50856946410981,34.96177722580673,0 32.50852664124113,34.96177409856362,0 32.50851259062893,34.96169268564255,0 32.50849225989585,34.9615748731124,0 32.5080368965111,34.96151824008387,0 32.50801907301683,34.96099150650076,0 32.50833333484013,34.96098098129269,0 32.50840600282525,34.96060305484132,0 32.50829073454274,34.96024595666756,0 32.5082848976128,34.96005987132581,0 32.50839129880836,34.9597578513626,0 32.50846977329248,34.95917814771643,0 32.50842475942504,34.95908009267357,0 32.50811328784515,34.95880683185893,0 32.5078601755814,34.95844251334109,0 32.50753406879357,34.95809977767087,0 32.5073987576459,34.95783399342401,0 32.50754890281166,34.95775931004358,0 32.50771341450234,34.95763876893231,0 32.50803757135009,34.95756741956362,0 32.50824149142253,34.95750819347751,0 32.5082438581511,34.9575068040516,0 32.50841865211051,34.95746356816432,0 32.50851721087746,34.95742767213401,0 32.50859873094493,34.9574056665232,0 32.50870054711334,34.95739211897862,0 32.50888346681707,34.95742636193837,0 32.50906982856143,34.95745224251412,0 32.50921911978184,34.95743888641849,0 32.50932115331326,34.95738904433915,0 32.50938315969864,34.95735418439988,0 32.50916870427148,34.95722467046598,0 32.5091531129791,34.95713429930147,0 32.50912311806201,34.95697988241242,0 32.50909655666047,34.9568288029365,0 32.50869461297057,34.95691781580643,0 32.50866935713928,34.95686146034257,0 32.50855939017847,34.95661289065985,0 32.50854030592618,34.95654396725854,0 32.50837097853316,34.95607621865844,0 32.50827792179422,34.95596990311494,0 32.50821310831834,34.95600482775551,0 32.50796439929449,34.956226506237,0 32.50787762861292,34.95623760998065,0 32.50784339665739,34.95624259316287,0 32.50761222958276,34.95622716587641,0 32.50745680512841,34.95611945565933,0 32.50723342727854,34.95597510256291,0 32.50707780801719,34.95589826300656,0 32.50700969649271,34.95589329466378,0 32.50697790897494,34.95588885954078,0 32.50658761441284,34.9558077105584,0 32.50657706702408,34.95580576300411,0 32.50654177877274,34.95579866246052,0 32.50650832669675,34.95579137105398,0 32.50618312447926,34.955740599966,0 32.50622019997724,34.95561691590443,0 32.50635260714633,34.95541114181047,0 32.50657531641904,34.95519483983922,0 32.50662574629006,34.95512999710053,0 32.50658736214165,34.95512616427391,0 32.50653342821104,34.95509955960992,0 32.50646234186971,34.95506695206038,0 32.5061357590797,34.95472223557605,0 32.50600849366312,34.95458482341868,0 32.50593761602877,34.95450714434999,0 32.50597210905557,34.95428356222538,0 32.50606784148773,34.95426444205879,0 32.50558000407953,34.95419428353809,0 32.50535392922925,34.95420703857231,0 32.50495890822577,34.95416643998781,0 32.50479862851913,34.95417000890378,0 32.50475624341667,34.95416650172911,0 32.50470550607923,34.95416746759764,0 32.50469791763608,34.95416727800323,0 32.50462341944753,34.95433641200033,0 32.50462184102974,34.95434726771188,0 32.50459429467555,34.95452406145685,0 32.5045488679969,34.95460113263623,0 32.50451945769882,34.95461549853594,0 32.5044586634117,34.95464744034202,0 32.50380897621144,34.95443233340792,0 32.50374441653835,34.95444011665983,0 32.50358363382377,34.9545199350963,0 32.5035108093542,34.95460172282895,0 32.50337937230169,34.95455404557691,0 32.50281679565206,34.95429966652959,0 32.50274802801184,34.95427198717082,0 32.50267995087218,34.95424183709546,0 32.50264531629295,34.95407177342392,0 32.50263963474916,34.9540158195601,0 32.50261909267382,34.95380961963798,0 32.50261783117578,34.95380784407721,0 32.50258889105734,34.95355770593838,0 32.50266966183205,34.95327274254583,0 32.50267022119219,34.95327203541602,0 32.50268223486928,34.95324359512384,0 32.50284598100414,34.95267814548913,0 32.50260156681901,34.95275997304401,0 32.50225034760446,34.95259897876956,0 32.50212944776023,34.95262937054642,0 32.5018176887524,34.95240039997452,0 32.50154768892377,34.95232725865315,0 32.50156903026755,34.95260475924543,0 32.50138316772983,34.95282896822396,0 32.5011660288406,34.95305406977547,0 32.50104504768052,34.95306157029339,0 32.50101966453625,34.95306124336983,0 32.50097284114906,34.95326737054395,0 32.50097594683769,34.95344248294332,0 32.50082586494371,34.95363780949231,0 32.50078473587425,34.95379685611102,0 32.50078595715144,34.95380471703237,0 32.50083225942235,34.95398084797637,0 32.50074324255694,34.95412680921487,0 32.50072330288824,34.95430700824621,0 32.50070157545801,34.95442144922799,0 32.50077340531951,34.9545790626152,0 32.50078389044837,34.95460061906986,0 32.50083535647155,34.95469531683714,0 32.50084149001576,34.95480474053159,0 32.50081709735765,34.95488077266084,0 32.50072079382507,34.95498562877399,0 32.50059399302891,34.95508730089031,0 32.50056257408435,34.95509802212975,0 32.50019457883676,34.9552151347558,0 32.50005692833643,34.95532845491334,0 32.50005824569362,34.95536826626472,0 32.50003140456661,34.95538362419694,0 32.49977780671189,34.95552491019784,0 32.49949930630088,34.95550063149863,0 32.49969115014264,34.95573050584088,0 32.50012054424845,34.95614006120879,0 32.50042749058433,34.95622577567384,0 32.50050797173123,34.9562620121399,0 32.50088956910889,34.9563768977692,0 32.50160951121352,34.95648890729099,0 32.50207119990865,34.95658289563671,0 32.50226782333716,34.95665675644789,0 32.50239334539052,34.95682902514096,0 32.50241119388637,34.9568544724105,0 32.502419420991,34.95689377569231,0 32.50242740986167,34.95693391091191,0 32.50243842241288,34.95699223480405,0 32.50253340397671,34.95737652714519,0 32.50308078741327,34.95762537997992,0 32.50312900778811,34.95765266860894,0 32.50299502127118,34.95765618041695,0 32.50282651956311,34.95765921186293,0 32.50268687343297,34.95764713800442,0 32.50247131777107,34.95756941434612,0 32.50246956431818,34.95756895464929,0 32.50235291377737,34.95751610320163,0 32.50223011136148,34.957449267,0 32.50222509501403,34.95744338809607,0 32.50211697626587,34.95739271587228,0 32.50185242088548,34.95732885965096,0 32.50161106359655,34.95731040444744,0 32.50156420214829,34.95730834440047,0 32.5013949511875,34.95729979201568,0 32.50097188073556,34.95726561050689,0 32.50092418924147,34.95726610413856,0 32.50075802299938,34.95725137707904,0 32.50022799548512,34.95728823430044,0 32.50016268655062,34.95729060221268,0 32.49982970108157,34.9573030682548,0 32.4995372453953,34.95729484958812,0 32.49939946008378,34.95727368246548,0 32.49921437582586,34.95723348765888,0 32.49904917968144,34.95717671721441,0 32.49864296903843,34.95699763307839,0 32.49818978079354,34.95686661296156,0 32.49792536596321,34.95683130314131,0 32.49788022871848,34.9568295264398,0 32.49783027492518,34.95683189437941,0 32.4976171762894,34.95683708331816,0 32.49746332584328,34.95686145772557,0 32.49741167362866,34.95687462021076,0 32.49714025756907,34.95691239318338,0 32.49711808500675,34.95691235727136,0 32.49687329869816,34.95693707101986,0 32.49640868829613,34.95700832842019,0 32.49637881295536,34.95701529513577,0 32.49637626477354,34.95701588942425,0 32.496316587264,34.95702931383182,0 32.4962744742496,34.95697489699412,0 32.49586554370992,34.95651717617129,0 32.49582968809565,34.95647409890215,0 32.49607045330338,34.9563244622616,0 32.49626944932007,34.95606038489408,0 32.49629025662819,34.95602529677863,0 32.4962566439356,34.95599321456989,0 32.4961224201736,34.95587041410604,0 32.49604421215211,34.95577711781694,0 32.49589491283954,34.95559454431909,0 32.49587296138375,34.95558831812885,0 32.49579063064406,34.95446487679683,0 32.49578259539588,34.95444789759531,0 32.49576250302208,34.95441079455749,0 32.49571062654489,34.95424573691338,0 32.49573662510361,34.95400137178613,0 32.49575753203965,34.95384395297592,0 32.49575934897577,34.95383027331479,0 32.49575199718532,34.95375426637256,0 32.49566805051928,34.95361711701484,0 32.4957405340537,34.95348056844347,0 32.49573285389848,34.95332732622063,0 32.49583951571115,34.95316186570878,0 32.49591544468706,34.95297138115777,0 32.49615117893971,34.95304996634489,0 32.49635475553139,34.95319535470291,0 32.49639014090204,34.95330796925529,0 32.49651770026622,34.95324592669842,0 32.49652062580783,34.95305468572136,0 32.49650749035384,34.95284780427876,0 32.4963690704737,34.95273375839866,0 32.49674026269756,34.95269773641165,0 32.49689970694808,34.95269967243686,0 32.49709550198685,34.95289541056926,0 32.49721900900985,34.95299674963546,0 32.49726579895604,34.95310047353894,0 32.49765755885981,34.95312282350019,0 32.49772724729416,34.95302783308169,0 32.49776540210943,34.95296708079555,0 32.4977226648432,34.9527671361104,0 32.49772761667244,34.95274759660786,0 32.49771418292648,34.95267581031635,0 32.49771805833144,34.95254412842947,0 32.49769608439374,34.95241229908198,0 32.4976567880521,34.95229212920997,0 32.49760279196042,34.95221655953385,0 32.49754299866408,34.95214801227735,0 32.49744735301142,34.95206815253552,0 32.49731319269237,34.95195919674695,0 32.49716502962918,34.95180312404669,0 32.49707140161022,34.95165206984378,0 32.49709509589613,34.95155813508403,0 32.49709538372694,34.95152050816659,0 32.49702760403708,34.95136960420899,0 32.49700520349926,34.95129421917323,0 32.49699140020806,34.95122123506957,0 32.49687671110569,34.95115312628995,0 32.49677999866002,34.95103027723022,0 32.49660425559168,34.95072589107458,0 32.49661199519266,34.95046489619338,0 32.49633190131701,34.95043954000679,0 32.49602653882253,34.95056006384405,0 32.49600331091581,34.95059285409538,0 32.49597715507674,34.9506326822244,0 32.49591883273602,34.9507475790023,0 32.49586964875422,34.9507943291201,0 32.49580624815741,34.95082218406706,0 32.49520549650997,34.95101673015959,0 32.49503550422734,34.95108629944125,0 32.49493492825063,34.95109277266597,0 32.49484309436107,34.95108283389548,0 32.49464804869476,34.9510487799039,0 32.49439854128673,34.95100030060222,0 32.49420885814821,34.95101566441359,0 32.49401339296565,34.95103569845452,0 32.49391499703522,34.95113155151163,0 32.49371693212246,34.95132524511945,0 32.4934103006095,34.95160568661484,0 32.49311784208533,34.95190973252838,0 32.49305451919124,34.95215105321878,0 32.49301934141005,34.95224257209374,0 32.49298976143731,34.9523529405399,0 32.49294556558956,34.95249615080014,0 32.49275570345477,34.95253268239199,0 32.49245943998815,34.95258505874884,0 32.4922664868625,34.95264979479773,0 32.49242872597311,34.9528412427728,0 32.49245768841401,34.95308537713937,0 32.49257148456451,34.95322715420848,0 32.49256808196265,34.95329534253967,0 32.49256972961905,34.95345293614343,0 32.49236217059921,34.95354816683268,0 32.4922004759236,34.95365542369413,0 32.49211390281815,34.95370666637389,0 32.49180922881158,34.95373077429071,0 32.49156146399287,34.9539850401284,0 32.49142257753543,34.95411359917873,0 32.49091032407611,34.95423293885754,0 32.49059654261473,34.95431814633086,0 32.49041852226178,34.95430770480005,0 32.49045803773849,34.95421947708657,0 32.4905888465962,34.95402266110806,0 32.49047733726521,34.9539561551767,0 32.49007931770251,34.95379390276921,0 32.48993876992677,34.95376721376169,0 32.48980956400048,34.95375940655465,0 32.48970035393766,34.95376582924342,0 32.48938417804146,34.95378986291831,0 32.48931812903623,34.95359545218133,0 32.48920528473806,34.95333371748829,0 32.48881889251408,34.9531550643008,0 32.48886663788268,34.9531024815265,0 32.48895651719895,34.95299716430836,0 32.48906059264399,34.95291309738052,0 32.48924251741598,34.95279185224918,0 32.48932046062796,34.95274291361987,0 32.48936111803135,34.95268670326692,0 32.48950365898483,34.95245939031694,0 32.48958266033835,34.95223490839149,0 32.48958297496712,34.95219492620613,0 32.48954092582302,34.95206297321325,0 32.48954125832841,34.95202064019149,0 32.48958611786188,34.95179511694364,0 32.48946381092486,34.95164153052511,0 32.4893270124748,34.95150432320686,0 32.48922360992128,34.95150372077173,0 32.48918569625232,34.95157640892094,0 32.48914726450158,34.95171494651855,0 32.48909756386927,34.95182519692967,0 32.48899990418357,34.95182462837304,0 32.48885571329816,34.95189669709505,0 32.48882304199125,34.95203291872679,0 32.48879094583154,34.95209623389411,0 32.48869319134986,34.95219850710681,0 32.48860877987433,34.95233913245652,0 32.48853947058429,34.95238576869728,0 32.48834901913423,34.95249520068074,0 32.48825699019638,34.95250877602739,0 32.48807298813954,34.95252887131133,0 32.487969431187,34.952547083448,0 32.48788301569031,34.95257715477052,0 32.48781081402602,34.95262612570068,0 32.48770960825662,34.95271020816777,0 32.48757413721182,34.95276821747915,0 32.48735222877524,34.95285865110119,0 32.48724585446751,34.95286979078522,0 32.48716640842294,34.95287696603659,0 32.48711166335973,34.95289781555373,0 32.48689245661106,34.95300943325114,0 32.48669938109136,34.9530859243752,0 32.48659358366294,34.95302415166218,0 32.48647609125595,34.95298818491525,0 32.48639849604414,34.95299243606232,0 32.48632938577515,34.95301320014409,0 32.48625178943854,34.95301745119253,0 32.48615981237811,34.95302396973059,0 32.48606466195546,34.95306810284956,0 32.48599551451505,34.95309357020547,0 32.48595252041955,34.95308155979328,0 32.48592107243688,34.9530625590256,0 32.4858753548449,34.9530317144572,0 32.48582066327602,34.95304550728153,0 32.485817660325,34.9530619536419,0 32.48580879851609,34.95309247885561,0 32.48577969818633,34.95313935041976,0 32.48574781819991,34.95317444574401,0 32.48568997315833,34.95322350052084,0 32.48563307006392,34.95325495808447,0 32.48549199386818,34.95329411781898,0 32.48534836364406,34.95329327856895,0 32.48523306593944,34.95334199773622,0 32.48505779905916,34.95334567720359,0 32.48490830973778,34.95335891444456,0 32.48468383120517,34.95340934607009,0 32.48438452951489,34.95347580516775,0 32.48423240637303,34.95356285778173,0 32.48400767832398,34.95364386603963,0 32.48387483660762,34.95373011761621,0 32.48379963633501,34.95379318516071,0 32.48370160549294,34.95383730146755,0 32.4835399766385,34.95393044156648,0 32.48328301474886,34.9539626995134,0 32.48345371144671,34.95380483203721,0 32.48366074224806,34.95335158748361,0 32.48388257101982,34.95320048375975,0 32.48394872389547,34.95314004682836,0 32.48397890805244,34.95309422596193,0 32.48399110327389,34.95305653431547,0 32.48397836190171,34.95293941607031,0 32.48397049596334,34.95284639552641,0 32.48382498196243,34.95272545718252,0 32.48375340386929,34.95266356690532,0 32.48366191081002,34.95255417711201,0 32.48358511789862,34.95251451617958,0 32.48332411930269,34.9524670533099,0 32.48305194405425,34.95230742159183,0 32.4828576522488,34.9522296761715,0 32.48272358894821,34.95213847540948,0 32.48229111898178,34.95210359848966,0 32.4820472504507,34.9519737401644,0 32.48193334697768,34.95188942122054,0 32.48175210634682,34.95185936176167,0 32.48157745372136,34.95168527383305,0 32.48152645428623,34.95153889681607,0 32.48147290334012,34.951519730241,0 32.4812596092964,34.95165721942087,0 32.48101746147167,34.95171253657327,0 32.48108143858827,34.95140021373575,0 32.48095067629107,34.95132237428671,0 32.48072175686773,34.95110027061979,0 32.48046065863159,34.95099669755389,0 32.48025443415657,34.95090443451647,0 32.48011543013065,34.95087278925704,0 32.47998750978107,34.95074168776792,0 32.47984207125486,34.95059488947498,0 32.47973403553935,34.9505341712028,0 32.47967371062266,34.95044506139292,0 32.4794206052937,34.9504669352488,0 32.47926861072196,34.95046083194453,0 32.47913512720477,34.95043171428523,0 32.47902289217188,34.9504444252803,0 32.47888324787909,34.95049045144335,0 32.47864002743773,34.95059720164976,0 32.47839041950639,34.9506532657978,0 32.47833209800137,34.95069382723928,0 32.47828936152543,34.95073328915105,0 32.47824905087454,34.9508368940653,0 32.4782498034696,34.95096710415604,0 32.47814156050464,34.95106668893229,0 32.47796511031959,34.95107969724663,0 32.47763472923302,34.95095882943304,0 32.47751810002253,34.95094923967916,0 32.47739215079027,34.95094497678344,0 32.47729116633767,34.95092749005521,0 32.47719837143808,34.95088943918837,0 32.4770946863014,34.95082797019308,0 32.4770208880911,34.9507783158302,0 32.47696119095552,34.95074300337648,0 32.47687922886918,34.95069938124765,0 32.47682608315122,34.9506806218166,0 32.47678712874799,34.95067180668564,0 32.47669923887718,34.95068995861519,0 32.47664965879007,34.95069845184572,0 32.47660500796616,34.95071876411128,0 32.47644966267362,34.95079382042736,0 32.47608757194873,34.95096575505106,0 32.47587416353648,34.95104521511711,0 32.47573068009373,34.95108868447045,0 32.47562040242974,34.9510927777568,0 32.47550710166673,34.95122823566957,0 32.47545516780876,34.95129885958789,0 32.47533830476464,34.95163058392118,0 32.47519037139044,34.95174367727765,0 32.47507777483165,34.95179366316529,0 32.4750525527942,34.95180301008228,0 32.47503496278554,34.95182506757938,0 32.47501104408443,34.95191040639632,0 32.47496714268852,34.95207417900529,0 32.47494947233288,34.95210573352402,0 32.47492997449881,34.95212461245627,0 32.47482121730133,34.95217778770206,0 32.47475326193461,34.95220904453808,0 32.47469109445102,34.95224191737682,0 32.4746580170526,34.95226546639539,0 32.4745542317328,34.9524184007383,0 32.47448093878688,34.95253816478336,0 32.47444342745278,34.95262975732355,0 32.47441963847947,34.95269926940401,0 32.47440970362535,34.95273087083211,0 32.47439798153338,34.95274504815259,0 32.47436295595034,34.95277016794855,0 32.474250300609,34.95282648889215,0 32.47399595152494,34.95294212092989,0 32.47378416357817,34.95305642423729,0 32.47370139787863,34.95309972240723,0 32.47362476837485,34.95308535791768,0 32.47354656397047,34.95311577009178,0 32.47340008024405,34.95313475185169,0 32.47320050540892,34.95311707222373,0 32.47305503736661,34.95315474084038,0 32.47293694677206,34.95316917494837,0 32.4728155257821,34.95317776859762,0 32.472721056367,34.95316964687705,0 32.47220469257475,34.95306137089185,0 32.47204913263394,34.95308031248408,0 32.47196719848857,34.95311825593274,0 32.47176475519864,34.9531939758113,0 32.47141055665709,34.95322606335933,0 32.47122203970171,34.95325326802217,0 32.47105073960297,34.95324971964856,0 32.47079445512298,34.95322898567571,0 32.4705334465496,34.95323718964242,0 32.47045745455093,34.95324395525923,0 32.47035190402772,34.95323826680288,0 32.47020694540291,34.95319653249678,0 32.47009478012162,34.95317175530617,0 32.46987486858464,34.95314090276644,0 32.46973965139563,34.95317207323136,0 32.46947378482257,34.95322976339354,0 32.469336086584,34.95327738523318,0 32.46916340466839,34.95332616740191,0 32.46896986763926,34.95333067677373,0 32.46880221828626,34.95335538182511,0 32.46864284584029,34.95335736195915,0 32.46838014954822,34.95349545055586,0 32.46831212455594,34.95349727114681,0 32.46827635816709,34.95351538008371,0 32.46819493783389,34.95350700187782,0 32.46797928911868,34.9535651628152,0 32.46790331023026,34.95356982206947,0 32.46773243526413,34.95357122869398,0 32.4675585476691,34.95355445642683,0 32.46722007525977,34.953544321303,0 32.46708420228403,34.95352262476946,0 32.46696746799905,34.95348290522172,0 32.46673859691357,34.95347347143361,0 32.46675545041651,34.95335168135852,0 32.46675593381416,34.95329462260135,0 32.46673427162863,34.95323741073136,0 32.46668106001092,34.95316960564924,0 32.46659300363672,34.95310674596844,0 32.46640096774886,34.95299388645494,0 32.4662835830545,34.95291566548541,0 32.46618635068654,34.95281643610097,0 32.46613962914288,34.95273052720913,0 32.46611812570181,34.95265516850636,0 32.46612219690073,34.95254886823873,0 32.46614175453309,34.95248157834762,0 32.46620274543479,34.95237826855288,0 32.46626678867369,34.95228794990393,0 32.46636257476997,34.95218488575957,0 32.46646882648196,34.95209849422867,0 32.46670379715378,34.9519963989537,0 32.46683716426712,34.95193768260239,0 32.46694526767919,34.95187360445463,0 32.46698045935528,34.95182717341593,0 32.46702237178048,34.95173411426943,0 32.46703945920392,34.9515838393153,0 32.46679355177616,34.95067164983564,0 32.46675627764369,34.95059102439244,0 32.46669031932288,34.95053612578067,0 32.46658337433441,34.95046539035442,0 32.46636582080826,34.95038352136454,0 32.46628721513704,34.95032853812563,0 32.46622417757285,34.95027138501808,0 32.46619038315916,34.95015449696651,0 32.46619392133578,34.9501104537175,0 32.46657668947659,34.94973204795763,0 32.46657401106987,34.94967500322711,0 32.46655868281906,34.94961787229575,0 32.46633381874052,34.94928269950267,0 32.46614619602311,34.94895593166394,0 32.46572832514632,34.94912421981518,0 32.46553689774035,34.94916093544333,0 32.46528563937468,34.94917038621217,0 32.46530189411555,34.94950165191361,0 32.46514490772099,34.9496594352542,0 32.46504710701017,34.94960281895064,0 32.4648252585699,34.94936857897293,0 32.46474121857525,34.94922577499744,0 32.46453870960171,34.94896707488925,0 32.46440861052528,34.94885878409972,0 32.46425387010767,34.94875927521777,0 32.46402994588012,34.94864903955708,0 32.46387146052233,34.94835487862127,0 32.46377937846168,34.94827147103295,0 32.46372323905069,34.94804150390082,0 32.46369099596605,34.94798312066862,0 32.46353914601845,34.94786799027189,0 32.46339772392489,34.94780885521722,0 32.46323162155996,34.94776297182064,0 32.46325958714382,34.94768711272157,0 32.46322188839405,34.94762869624282,0 32.46307437657063,34.94748764060411,0 32.46235598588306,34.94724112239913,0 32.46221436451932,34.94720659571446,0 32.46202635025754,34.94717174893117,0 32.46173234104408,34.94708696668482,0 32.46160185805822,34.94708312978334,0 32.46146335811483,34.94700613203563,0 32.461322271105,34.94691346225141,0 32.46126139346232,34.94686510590989,0 32.46098766970521,34.94671477928514,0 32.46062132138579,34.94633448012912,0 32.46050285726002,34.94638221079366,0 32.46051632987068,34.94666289956453,0 32.46038665161828,34.94685899584812,0 32.46039446115726,34.94690034181196,0 32.46048598495978,34.94703963314322,0 32.46050455904792,34.94709791054344,0 32.46049869393543,34.94714260043686,0 32.46047649117025,34.94718401591594,0 32.46040753071492,34.94726405425516,0 32.46047799857934,34.94731821911103,0 32.46059231598167,34.94735255987018,0 32.46058604515206,34.94744198103157,0 32.4605297119936,34.94763394468075,0 32.46035752779925,34.94765959243852,0 32.46016752476316,34.94766706742336,0 32.46006701502396,34.94761492776629,0 32.45986261566224,34.94758219796441,0 32.45969607755987,34.94758775375803,0 32.4595161399227,34.9475663774145,0 32.45939599833376,34.94757225460785,0 32.45871272139618,34.94778118928462,0 32.45868367635376,34.94767586302188,0 32.45809472799727,34.94783307448527,0 32.45806205288205,34.94789968981465,0 32.45798717530871,34.9480266644327,0 32.457896110866,34.94813339835272,0 32.45775758978871,34.94826155899585,0 32.45761466621972,34.94836793499137,0 32.45757607992706,34.94840793184675,0 32.4575231535169,34.94852164601448,0 32.45737233227822,34.94859665393066,0 32.45738819786703,34.94895123049862,0 32.4573846862863,34.9492477329388,0 32.45737324223416,34.94930358437685,0 32.45732077383018,34.94936809999216,0 32.45726576248757,34.94941246195743,0 32.45719452398294,34.94944104952305,0 32.45712754093194,34.94945800789611,0 32.45714273900938,34.94948190579792,0 32.45709188880534,34.94948475508552,0 32.45712129930336,34.94976077920329,0 32.45730147141045,34.94979754110905,0 32.45737905821468,34.94999336007155,0 32.45704591111732,34.95009754863427,0 32.45632347407128,34.95013392120725,0 32.4559233320686,34.9502135252139,0 32.4559277267422,34.95050944816947,0 32.45581698511401,34.95076315109222,0 32.45598790941134,34.95101292082521,0 32.45647578958087,34.9513477897333,0 32.45656809406029,34.95151416879795,0 32.45680584196012,34.95157502800659,0 32.45745609986592,34.95189739607285,0 32.4578953625139,34.95203662752666,0 32.45796581381322,34.95222655677835,0 32.45781987234022,34.95238537224245,0 32.45812910744041,34.95252962651995,0 32.45853279718506,34.95261534185764,0 32.45909480003003,34.95276729607755,0 32.45945529147605,34.9528408703447,0 32.45982209160865,34.95301514411726,0 32.46060879519136,34.95327350712929,0 32.4606365592558,34.95339804907209,0 32.46046750610316,34.9537166248892,0 32.46045791068995,34.953977116388,0 32.45991938075843,34.95440564912514,0 32.45991726683914,34.95463660900676,0 32.46003069065708,34.95487431499341,0 32.45999091693113,34.95516383319801,0 32.45990846266935,34.95548903273573,0 32.45979829526427,34.95568373375833,0 32.4593251759207,34.95605951948939,0 32.45882301466616,34.95644696722283,0 32.45847455960772,34.95678901040555,0 32.45923344764577,34.95722098816948,0 32.45920077022993,34.95733317949893,0 32.45945708848298,34.95736958677844,0 32.45962863674557,34.95744863398927,0 32.45956476250901,34.95775315159762,0 32.45944867921272,34.95814153211557,0 32.45980909536003,34.95833149013281,0 32.4599214473749,34.95834958640714,0 32.46008515722544,34.9581345097175,0 32.46027257975853,34.95801763074385,0 32.46065327299055,34.95829998993485,0 32.46098693116355,34.95834271743662,0 32.46115684906067,34.95821705800157,0 32.46120318214066,34.95814819040526,0 32.46129866890185,34.95762656709348,0 32.46150277016744,34.95760782932084,0 32.4617533005391,34.95790077832992,0 32.46209660651699,34.95804447578914,0 32.46225249847664,34.95791295474886,0 32.46268033185722,34.95804283281166,0 32.46314061081909,34.95821539172772,0 32.46330501028929,34.95831458406469,0 32.46332142260702,34.95844733397081,0 32.46326783809772,34.95854210780806,0 32.46301618839809,34.95876524184006,0 32.46269776467967,34.95898214229832,0 32.46238284020261,34.9591407994986,0 32.46246125511566,34.95941819541706,0 32.46261293030181,34.9593673603562,0 32.46271488623438,34.95937096639828,0 32.46280570472711,34.95944082165999,0 32.46321995675386,34.95952450216392,0 32.46308606532735,34.95995038942339,0 32.46324384019615,34.9600063069069,0 32.46347610728216,34.9599906469829,0 32.46360671533471,34.95993677268115,0 32.46383612176469,34.95973626229012,0 32.46395693058552,34.95959579987784,0 32.46414564038538,34.95933181332023,0 32.46441077767619,34.95917507648027,0 32.46442559688761,34.95908866856239,0 32.46493409640896,34.95925663506152,0 32.46526228854081,34.95953580901227,0 32.46560172146497,34.95973720559706,0 32.46588301822734,34.95989691810232,0 32.46612518313841,34.95995919648873,0 32.46692409331074,34.96064658807838,0 32.46716054343141,34.96055595121269,0 32.46733663692739,34.96053123237714,0 32.46754579104148,34.96033944383514,0 32.46766673831745,34.96017876757929,0 32.46782923956938,34.96009626508422,0 32.46794116818277,34.96017204932065,0 32.46792858722208,34.9608354162225,0 32.46820423782348,34.96093260765606,0 32.46829732694609,34.96100519375892,0 32.46839063661217,34.96105162514151,0 32.46845643104437,34.96105045461521,0 32.4685809459233,34.96094016985987,0 32.4686794095225,34.96108635852995,0 32.46854513481856,34.96133509129635,0 32.46849912412133,34.96142032206535,0 32.46827720576074,34.96178902947287,0 32.4682065261203,34.96184968576788,0 32.46796201529587,34.96201608614999,0 32.46782509713728,34.96215656575085,0 32.46769658582637,34.96230701118183,0 32.46764380467087,34.96243286147421,0 32.46749052256589,34.9627760127583,0 32.4676899227456,34.96287710947974,0 32.46795120884568,34.96287156407178,0 32.46797410046763,34.96297353293797,0 32.46800989345162,34.96310392059299,0 32.4678716336262,34.96335917665686,0 32.4678228898045,34.9635386241968,0 32.46745994816049,34.96413910066155,0 32.46710883513181,34.96424723088815,0 32.46683768511451,34.96429861162611,0 32.4666742151212,34.96431642345549,0 32.4665838507621,34.96446491861069,0 32.46620521684081,34.96488132716248,0 32.46619702402113,34.96518352816265,0 32.46609456151772,34.96556913866086,0 32.4659948723039,34.96571755087582,0 32.46593195899013,34.96591217104983,0 32.46588929315807,34.9659569948976,0 32.46569196848642,34.96607783386693,0 32.46561898799317,34.96673531009304,0 32.4656369736355,34.96679284390368,0 32.46573389416821,34.96688162204768,0 32.46583135051404,34.96692449227948,0 32.46599064568189,34.96686456336739,0 32.46612211109342,34.96720154478569,0 32.46609445672462,34.96757242487742,0 32.46611083438674,34.96776767038381,0 32.46605783018321,34.96791262174359,0 32.46597666526789,34.96807264627279,0 32.46584513185689,34.96815192452821,0 32.46570911391505,34.96821586419097,0 32.46566104287413,34.96833789865224,0 32.46563563759651,34.9684364057299,0 32.46568897210646,34.96866254775961,0 32.46559912146861,34.96916679836225,0 32.46552345261542,34.96935010153956,0 32.46552748656084,34.96948299566822,0 32.46552386515292,34.96955397909609,0 32.46544217727809,34.96961287882883,0 32.46517467034096,34.96985903864596,0 32.46494934120016,34.96971305463546,0 32.46468306109766,34.96976362257772,0 32.46444776103733,34.9697300934721,0 32.46431374079278,34.96983093091657,0 32.46417658098776,34.96983333834533,0 32.46403802972682,34.96995522435222,0 32.4640756109175,34.97003987479022,0 32.46372847197237,34.97040959796478,0 32.4635249103686,34.97059421534796,0 32.46334898079759,34.97068250269159,0 32.46321668266373,34.97063574640403,0 32.46307816428021,34.97068436772582,0 32.46289595353858,34.970940116536,0 32.4626760127314,34.97106924440885,0 32.46227324115988,34.97102694552327,0 32.46216499729324,34.97094339232827,0 32.4619471713535,34.97089110512808,0 32.46197376300683,34.97077189585167,0 32.46196352529159,34.97068913451561,0 32.46177826472098,34.97062626711521,0 32.46155235609673,34.97054635366511,0 32.46136796529296,34.97041696029304,0 32.46142499836869,34.97018015185386,0 32.46109637020251,34.96969494579291,0 32.46109045960893,34.96946645317419,0 32.46097664598328,34.96930386213494,0 32.46097007389272,34.96910017631184,0 32.46076595641914,34.96896728528679,0 32.46064584464824,34.96869988142972,0 32.4606382258754,34.96839204368719,0 32.46048319499474,34.9682210815125,0 32.46028184684116,34.96784688490359,0 32.45990414434892,34.96784751153596,0 32.45967210149676,34.96706387185716,0 32.4596748478501,34.96692827729488,0 32.45940763378784,34.96678452056825,0 32.4591356825022,34.96680987542027,0 32.45898819855746,34.96672828187376,0 32.4589559565049,34.96661087172541,0 32.45860591330117,34.96660802721641,0 32.45839367460341,34.96655576668961,0 32.45834798759009,34.96663119739699,0 32.45819501858916,34.96671228456493,0 32.45798247237951,34.96693199629163,0 32.45768748972409,34.96700883421015,0 32.45723033454527,34.9672693094162,0 32.4566940117541,34.96674891353337,0 32.45666530126243,34.96666880308333,0 32.4565270332591,34.96654265279042,0 32.45661703434186,34.96644961713353,0 32.45679453410533,34.96611418641059,0 32.45680819136154,34.96566754295676,0 32.45678754618059,34.96562222551537,0 32.45673545071209,34.96560899943034,0 32.45600370524024,34.96566445944396,0 32.45594834141998,34.96569179215576,0 32.45584938953788,34.96582643368556,0 32.45573221374959,34.96607206000022,0 32.45565321102193,34.96659064019248,0 32.45557599786989,34.96704148487775,0 32.45554651144295,34.96706655996419,0 32.45552098661528,34.96707677037973,0 32.45549118811885,34.96709041947089,0 32.45530449332253,34.96712362433131,0 32.45503426524243,34.96722772656287,0 32.45477845804675,34.967378443099,0 32.45461596070166,34.96751602894455,0 32.45446543814035,34.96771622140977,0 32.45441217659691,34.96792762532998,0 32.45441355429686,34.96817419926663,0 32.45443212022646,34.96841361833079,0 32.4544052678844,34.96853841538066,0 32.45436615735221,34.96862491195932,0 32.45430978828584,34.9687390495941,0 32.45424192485849,34.9687489135337,0 32.45405599640305,34.96871614326457,0 32.45365631123026,34.96849410310133,0 32.4536087116248,34.9684507272252,0 32.45354257902348,34.96831128038193,0 32.4533496970631,34.96778185018403,0 32.45326104963106,34.96727858480071,0 32.45322749467677,34.96723224954274,0 32.45303341651621,34.96717162504669,0 32.45282264309741,34.9670900256267,0 32.45276033888344,34.96698533085624,0 32.45272787541766,34.96686351377099,0 32.45272504732188,34.96674193839871,0 32.45277342952861,34.96658605322506,0 32.45287065682719,34.96633485753161,0 32.45288298408866,34.96600155125149,0 32.45296596228813,34.96578342922075,0 32.45295039292996,34.96566521822479,0 32.45287105561529,34.96554405355936,0 32.45247225274329,34.9651933277777,0 32.45246445484389,34.96518646978103,0 32.45231823277231,34.96501508891006,0 32.4521642753126,34.96493168841987,0 32.45197450679017,34.96486414435803,0 32.45183235566334,34.96470668656023,0 32.45171238004692,34.96446257884791,0 32.45165200132733,34.96419116930898,0 32.45151807730159,34.96405461342806,0 32.45132858620391,34.96396275473372,0 32.45106187803039,34.9639570956025,0 32.45096477327839,34.96393198571467,0 32.45086431986284,34.96383043469284,0 32.45070890659101,34.96357949974042,0 32.45059687278648,34.96338059874006,0 32.44977670914711,34.96289800502772,0 32.44928598678388,34.96236344952958,0 32.44924468785366,34.9622727976221,0 32.44924177593296,34.96215814642527,0 32.44925748669886,34.96189775527724,0 32.44922848784704,34.96184193859585,0 32.44913629891445,34.96175781379213,0 32.44885787180769,34.96155875127315,0 32.44861376930885,34.96142821751093,0 32.44847459896668,34.96137844112059,0 32.44837297745469,34.9613776055131,0 32.44817300550822,34.96145932838805,0 32.44808420711741,34.96144817636648,0 32.44794056260592,34.96141920452327,0 32.4475797487376,34.96127267967961,0 32.44739558802823,34.96116462797861,0 32.44700583814448,34.96099980166578,0 32.4468136803024,34.96074216810797,0 32.44655911082879,34.96046841282029,0 32.446188956238,34.96012152517187,0 32.44602126008458,34.95997280140444,0 32.44597717044063,34.95990608094939,0 32.44586942947747,34.95964671799783,0 32.44580904698346,34.95949600009034,0 32.44575080061501,34.95939834043436,0 32.44561364201849,34.95929790206692,0 32.44529583866343,34.95918949128796,0 32.44508058178449,34.9590545236952,0 32.44492549501955,34.95873847413473,0 32.44479541642831,34.9585178484808,0 32.44457433687374,34.95831509185997,0 32.44453078996155,34.95791234215505,0 32.44447934641607,34.95768881080514,0 32.44501604836857,34.95766750386998,0 32.4454985336908,34.957643429387,0 32.44556642731703,34.95763859943533,0 32.44557178681251,34.95749619237172,0 32.44550245497445,34.95741416216601,0 32.44537551847933,34.95737697052336,0 32.44508956005193,34.95733714671743,0 32.4449840983366,34.95726533369516,0 32.44563806119069,34.95698500135462,0 32.44601632935521,34.95683755309933,0 32.44603343522193,34.95676948828486,0 32.44593104835547,34.9565876258325,0 32.44588082177959,34.95611434955006,0 32.44564872225352,34.95597685512953,0 32.4455821916427,34.9558981747965,0 32.44551457599314,34.9555649356755,0 32.44536754175512,34.95518510274299,0 32.44535961781403,34.95470570847398,0 32.44524617052711,34.95448854486035,0 32.44521290523905,34.95426189127095,0 32.445133098075,34.95400221246277,0 32.44493408905543,34.95375150340991,0 32.44456524175253,34.95385620379508,0 32.44415765787218,34.95339047293221,0 32.44358595448037,34.95284724656753,0 32.44322448579322,34.95251183389903,0 32.442973311598,34.95250716134896,0 32.44284354695799,34.95232841217816,0 32.44248555282288,34.95197913046982,0 32.44216558882147,34.95180979443624,0 32.4420456821555,34.95164694926969,0 32.44182027455012,34.95134422806613,0 32.44183070736612,34.95125374184449,0 32.44190167826365,34.95090656043704,0 32.44165045995943,34.95083388811816,0 32.44142672956422,34.95080543917969,0 32.44123254778111,34.95045939035036,0 32.44130860225913,34.94994669034795,0 32.44130164982445,34.94984848464902,0 32.44125647006992,34.94965688900533,0 32.4412345600684,34.94947760471887,0 32.44125186409155,34.9492937106606,0 32.4414030837488,34.94913679995594,0 32.44161680919808,34.94900952756552,0 32.44176218916018,34.94885099764695,0 32.4418220943477,34.94867194517817,0 32.44180584851469,34.94851402993057,0 32.44177219814758,34.94833766824425,0 32.44178906024,34.9479382071369,0 32.44169510386307,34.9477789034964,0 32.44164978431326,34.94760488139644,0 32.44166867365895,34.94741108067473,0 32.44172472396932,34.94722175321922,0 32.44176319121897,34.94703950311293,0 32.44174715458652,34.94685611281567,0 32.44161387437413,34.94672543147407,0 32.44150654519196,34.94662696710529,0 32.44125825494379,34.94656116636494,0 32.44088279945267,34.94616057438007,0 32.44060989131008,34.94615085720654,0 32.44016970941443,34.94593582445859,0 32.43981473184625,34.9453803530121,0 32.43980140570574,34.94515805877213,0 32.43973836792419,34.94488889932647,0 32.43982883556897,34.94464409839198,0 32.43957672922855,34.94415396047172,0 32.43975497117748,34.9439175465518,0 32.43971921140908,34.94373901105493,0 32.43950226281721,34.94348424659002,0 32.43960225007107,34.94322917832579,0 32.43957221904438,34.94310236121442,0 32.43940872371234,34.94283764356792,0 32.43969346719217,34.94232295465336,0 32.43958486018977,34.94220849053927,0 32.43949195609325,34.94179701181999,0 32.43954496402264,34.94153385463802,0 32.43935162946625,34.94112423716323,0 32.43933700614197,34.94072882137541,0 32.43942606130187,34.94032123977383,0 32.4393972956866,34.9400755804249,0 32.43929242843014,34.93990429952589,0 32.43909891765778,34.93980730562827,0 32.43901838122797,34.9397085444492,0 32.43902625173158,34.93955874552248,0 32.43929519669032,34.9393488217879,0 32.43932356848369,34.93904156689326,0 32.43888392072959,34.93878002573198,0 32.4385143225951,34.93871793451539,0 32.43818812712369,34.93870524522304,0 32.43792828934433,34.93864911066284,0 32.43772269644654,34.93850810533275,0 32.43730569710791,34.93793630454913,0 32.43748604534498,34.93788749931829,0 32.43728685522806,34.93765357454323,0 32.43709864205628,34.93745939442764,0 32.43694796917352,34.93729772022307,0 32.43685955952081,34.93710097436583,0 32.43677801417372,34.93693248649971,0 32.43667295166107,34.93679529508597,0 32.43646015528043,34.93669412772294,0 32.43658275230197,34.93625153637591,0 32.43674692903424,34.9357764466581,0 32.43676662859016,34.93566775342119,0 32.43706653507558,34.93524363593059,0 32.43729362720367,34.93506530666309,0 32.43716187510057,34.93478682743206,0 32.43699010266506,34.93447190827923,0 32.43702432454388,34.93432205840863,0 32.43690644172593,34.93414274465692,0 32.43690704105779,34.93405504621489,0 32.43702137789942,34.93401895849144,0 32.43711012294229,34.93394284250208,0 32.43723268691413,34.93372559319362,0 32.43750340678896,34.93339301124776,0 32.43782602697488,34.93301633324583,0 32.4378866943018,34.93277206511078,0 32.43770808322306,34.93225631965209,0 32.4375725028495,34.93214273387824,0 32.43787423095044,34.93204016733139,0 32.43824506896303,34.93176195187789,0 32.43794662035695,34.93143463591697,0 32.43801273820261,34.93136673107185,0 32.43801644184982,34.93136292707017,0 32.43797109244238,34.9313438018348,0 32.43813740713325,34.93129799182707,0 32.4384023792906,34.93120527327247,0 32.43844000050129,34.93117229732344,0 32.43839485899342,34.9310364226704,0 32.43851959386205,34.93098872885961,0 32.43855399509709,34.93067440288036,0 32.43854094408207,34.93044157162878,0 32.43855226860571,34.92996083988075,0 32.43860105446878,34.92975403088107,0 32.43871196935363,34.92925355647871,0 32.43881749418144,34.92896787438895,0 32.43882865881157,34.92879404404748,0 32.43876529583591,34.92861967295778,0 32.43870762499065,34.92849393920018,0 32.43887493366039,34.9285309510216,0 32.43885697845779,34.92817532406536,0 32.43881821136712,34.92802415023666,0 32.43868791721671,34.92771886535299,0 32.4386846132273,34.92715362671738,0 32.43866450303821,34.92670847109796,0 32.43869846545239,34.9264350602554,0 32.43877277066993,34.926164499446,0 32.4384944068227,34.92576607390476,0 32.43842529739399,34.92554818590536,0 32.43825872934556,34.92544212331071,0 32.43816777541306,34.92523430673681,0 32.43804350886007,34.92494696563309,0 32.43799494006667,34.9248417566362,0 32.43808537374378,34.92480660468595,0 32.43830118417085,34.92466238488322,0 32.43850577005704,34.92440554837214,0 32.43852505098907,34.92405274879872,0 32.43855781609347,34.92389186074539,0 32.4386808780426,34.9237086063435,0 32.43890076737035,34.92347234180038,0 32.43909808144554,34.92331519792877,0 32.43949524398278,34.92334619260605,0 32.43973850655718,34.92324820287326,0 32.43989951493096,34.92329283821107,0 32.44000500727361,34.9233012722927,0 32.43999936720087,34.92324752230165,0 32.43980046573629,34.92296987625679,0 32.44004496665583,34.92246268811698,0 32.44022250120372,34.92241281720381,0 32.44042169053709,34.92237077276739,0 32.4408449948255,34.92227919139157,0 32.44108425395297,34.92226556737451,0 32.44141944530435,34.92228332351848,0 32.44181379354248,34.92228615879058,0 32.44181803930481,34.92217877263566,0 32.4414490992656,34.92212241219332,0 32.44121244272946,34.92189053325333,0 32.44117983249821,34.92174451833758,0 32.44094241967854,34.92158424277066,0 32.44076225498495,34.92129650283853,0 32.44094753471253,34.92080934922789,0 32.44054773828809,34.92073485977494,0 32.44027249849107,34.92062802007505,0 32.44058296372545,34.92034125340282,0 32.44058892037241,34.92007275624315,0 32.44067795228833,34.91987646613123,0 32.44057929864207,34.91922358397401,0 32.43998614082361,34.91952110208468,0 32.43986283446475,34.91943581692932,0 32.4394033731303,34.9194248326201,0 32.43981115227443,34.91903902737436,0 32.43998950406593,34.91832675904146,0 32.43997315420157,34.91811180915811,0 32.43975825808914,34.91817164136405,0 32.43955352082752,34.91815226313134,0 32.43954521310459,34.91773454221669,0 32.4395030927766,34.91770106822653,0 32.4394377059744,34.91764910413049,0 32.43937374786192,34.91742712065192,0 32.43933096627547,34.91720366095146,0 32.43935606984318,34.91696581309705,0 32.43934414351976,34.91681323960145,0 32.43931902753834,34.91662710196737,0 32.43947824477573,34.91651667359034,0 32.43958114614411,34.91660667505879,0 32.43967212301452,34.91654410477823,0 32.43975280237748,34.91660047421356,0 32.43977589353457,34.91655229040582,0 32.43976312233575,34.91605382435607,0 32.43987353981573,34.91586122185804,0 32.44011509287297,34.91565097233678,0 32.44060202268385,34.91486972531793,0 32.44054220161807,34.91454944919154,0 32.44049632275614,34.91419207593237,0 32.44053966230786,34.9135117782333,0 32.44057846589781,34.9132591519523,0 32.4406733801515,34.91282468863906,0 32.44052172373802,34.91264879838633,0 32.44044717826429,34.91243998686944,0 32.44026855336007,34.91225274035055,0 32.44048225589184,34.91211295142246,0 32.44082487679856,34.91216376698735,0 32.44115062482976,34.91210288399959,0 32.44115561064535,34.91205828903469,0 32.44089021684379,34.91196340023117,0 32.44086498038858,34.91178841645317,0 32.44095285255865,34.91159193029057,0 32.44094634358635,34.91135385710666,0 32.44108055045417,34.91104612891758,0 32.44116912986004,34.91078270499653,0 32.44115798944369,34.91055575392623,0 32.44104100072921,34.91051772017519,0 32.44089273941269,34.91002200091356,0 32.44064911519273,34.90957766647931,0 32.44046126923068,34.90940894983503,0 32.44028590149255,34.90934074264003,0 32.44028363408496,34.90912873199326,0 32.44039766998058,34.90859399090408,0 32.44034526755096,34.90842624920261,0 32.44032521981825,34.90818807656753,0 32.44019697563192,34.90793424900894,0 32.4403223837942,34.90760414358712,0 32.4402878826809,34.90745140739479,0 32.44034933577546,34.90719150885792,0 32.44063555501518,34.90659849861951,0 32.44075439500007,34.90646174196299,0 32.44119507343855,34.90620456990428,0 32.44158573478545,34.90598050750899,0 32.44178171520666,34.90580711326334,0 32.44194553857539,34.90568555725041,0 32.44210857608855,34.90563837866988,0 32.4425152829047,34.90560410938119,0 32.44260647927359,34.90551922289679,0 32.44262073116459,34.90545237982073,0 32.44258152687079,34.90489049904384,0 32.44266452094772,34.90472744997725,0 32.44302403784217,34.90445853103221,0 32.44316999888257,34.90431824904017,0 32.44322688562598,34.90406203190432,0 32.44324329962622,34.90379065031532,0 32.44294334444836,34.9035504697145,0 32.44287224960605,34.90344210234399,0 32.44288281486774,34.90329712910627,0 32.44300474145538,34.90322166964065,0 32.44304861756979,34.90319225881064,0 32.44324949445284,34.9030503263052,0 32.44353771260864,34.9027482473006,0 32.44403178824085,34.90223040346955,0 32.44421164838597,34.90199383594972,0 32.44430879296983,34.90192818293441,0 32.44456783941932,34.90175222832057,0 32.44495743033509,34.90154175874257,0 32.44534232945178,34.9013454856134,0 32.44561402078426,34.90120413817322,0 32.44584678161412,34.90110231332417,0 32.44590193914146,34.90104169135254,0 32.44603482084466,34.9009206069756,0 32.44623098639375,34.90077674504987,0 32.44634790637762,34.90071638081267,0 32.44641383472289,34.90053369479606,0 32.44645249450977,34.90038134110677,0 32.44671381903583,34.90019727844791,0 32.44683039036169,34.90000385322345,0 32.44695718096956,34.89979940303471,0 32.44704302255108,34.89952661753487,0 32.44706522379782,34.89945606277605,0 32.44715534055847,34.89921527209494,0 32.44721979280537,34.89885219402084,0 32.44722473981553,34.89870237386646,0 32.44718296346112,34.898510594256,0 32.44710109417622,34.89828800171661,0 32.44708272358447,34.89811303920925,0 32.44708822213194,34.89791049609252,0 32.44713294384853,34.89782201156311,0 32.44727534721991,34.89773422634919,0 32.4473128043002,34.89769564155156,0 32.44727337747804,34.89760100697188,0 32.4474544072571,34.89736364013164,0 32.44753559553645,34.89733091862638,0 32.44754974337948,34.89726719242571,0 32.44739856679095,34.89690812510824,0 32.44744958844549,34.89686131329099,0 32.4475042661709,34.89678677569781,0 32.44755858514452,34.89642640058155,0 32.44783307366041,34.89627017809253,0 32.44822810674754,34.89650332997988,0 32.44837534975834,34.89659595845461,0 32.44836292743118,34.89649596606936,0 32.44809014265098,34.89616933359133,0 32.44777227087009,34.89564534684509,0 32.44768445494731,34.89534778458015,0 32.44779974589781,34.89495454344972,0 32.44788932976282,34.89476370048335,0 32.44772779277974,34.89442953523989,0 32.44770956478939,34.89424069856494,0 32.44754623536421,34.89375666501257,0 32.44767957746562,34.89356891010772,0 32.44775147307386,34.893458418653,0 32.44773719947829,34.89321410792959,0 32.44793842310096,34.89297688507372,0 32.44805735966628,34.89287782894915,0 32.4486746691634,34.89247151568568,0 32.44879725958362,34.89234473480163,0 32.44901944783915,34.89203550702044,0 32.44923927447003,34.89195104498936,0 32.44942135600013,34.89193291727652,0 32.44946574902418,34.89187495539679,0 32.44948462834635,34.8916808332951,0 32.44926937292793,34.89132963661021,0 32.44912075365876,34.89104829224082,0 32.44906652574405,34.89075929419963,0 32.44900805355724,34.89055352031973,0 32.44867416821525,34.89027363143632,0 32.44837007113843,34.89004390436528,0 32.44821398772132,34.88983188369952,0 32.44822168766564,34.88974036042045,0 32.44829407499498,34.88958269535661,0 32.44847183252657,34.88933420341889,0 32.44867562996494,34.88917192488425,0 32.44876140266445,34.88902268098994,0 32.44878684254811,34.88884525519997,0 32.44881588629577,34.88875852689715,0 32.4489449124333,34.88851457100238,0 32.44911458508351,34.88839939808078,0 32.44912540435036,34.88834059183635,0 32.4491177060137,34.88809800283582,0 32.44908237347501,34.88789447376334,0 32.44895919504131,34.88762864439718,0 32.44902368101653,34.88748189268561,0 32.44912663727531,34.88739989914113,0 32.44943300288381,34.88723100596845,0 32.44955879041434,34.88708047694099,0 32.44961292049167,34.88694767090865,0 32.44968243232141,34.88664393674397,0 32.4497798716999,34.88643713083695,0 32.44987408081467,34.88621347961649,0 32.44991928910274,34.88595583901213,0 32.44996964141087,34.88553000118937,0 32.4500343120629,34.8853650236851,0 32.45014923310535,34.88527750530289,0 32.45032187880413,34.88520300757803,0 32.45052450131947,34.88519180654346,0 32.45078715615256,34.88525770803346,0 32.45130314560579,34.88551277124309,0 32.45164058542889,34.8857944025573,0 32.45215998948128,34.88611179433766,0 32.45277528581173,34.88577449997715,0 32.45288126945714,34.88558163724618,0 32.45296154551333,34.88529046047652,0 32.45300322460574,34.8852236302461,0 32.45307911145436,34.88510194859391,0 32.45319191481676,34.8846829138915,0 32.45326371787224,34.88451059298804,0 32.45332746774526,34.88435304092431,0 32.45327798155429,34.88430596471165,0 32.4530598478885,34.88424213667027,0 32.4530099876902,34.88420300027249,0 32.45295401038015,34.88415906235029,0 32.45291464285106,34.88404752332077,0 32.45292127202575,34.8839285155899,0 32.45298552335893,34.88385330265394,0 32.45301243149682,34.88383418808974,0 32.45306544430186,34.88379652863855,0 32.45306460697844,34.88378041900405,0 32.4530129740101,34.88375231265288,0 32.45286583932333,34.88367221916396,0 32.45266668355171,34.88360184670539,0 32.45266585216013,34.88358089460739,0 32.45276378073808,34.88348458306497,0 32.45295334366708,34.88338592362857,0 32.4529506700968,34.88336826518398,0 32.45282102864685,34.88334384160678,0 32.45269667897758,34.88329064459874,0 32.45268915737132,34.883255968742,0 32.45271117773625,34.88321606687171,0 32.45301722157016,34.8831112646579,0 32.45336715683086,34.88299143115169,0 32.45365094745395,34.88284319908036,0 32.45397788102596,34.88296452938458,0 32.45405607943623,34.88310860565871,0 32.45437061847242,34.88338450623696,0 32.4545491641428,34.88348922532207,0 32.45462602592716,34.88363217925566,0 32.45468947461445,34.88376613889114,0 32.45477406186453,34.8838145708664,0 32.45483806140427,34.88398328125697,0 32.45491901904636,34.88416495179967,0 32.45494526892561,34.88416429786739,0 32.45509458410237,34.88393985735147,0 32.45542587607159,34.88373231436746,0 32.45550733960938,34.88370360539515,0 32.45557193081658,34.88371945517288,0 32.45566728844761,34.88377531928515,0 32.45617193665347,34.88366157261493,0 32.45658212944662,34.88358345891547,0 32.45669284526503,34.88360341024992,0 32.45703125687938,34.88351091369251,0 32.45713246094952,34.88351940461657,0 32.45728498984604,34.88361255985104,0 32.45747374171157,34.88371094709971,0 32.4577612513572,34.88380434526093,0 32.4580681819757,34.88401890956109,0 32.45815045684042,34.88402949311514,0 32.45829518368107,34.8839687902828,0 32.45838903288814,34.88389608162012,0 32.45859899472576,34.88381682641564,0 32.45884523891923,34.88361099381858,0 32.459012775891,34.88348004215052,0 32.45906042054617,34.88348037224482,0 32.45958074848735,34.88369725676841,0 32.45981981327252,34.88377218613491,0 32.4599593317633,34.88379670382704,0 32.45999933057391,34.88376819344953,0 32.4598599754183,34.88357226214416,0 32.45966740986515,34.88345447455166,0 32.45956614261376,34.88332025560923,0 32.45945600998625,34.88300419467104,0 32.45929447400848,34.88249275951636,0 32.45929216732919,34.88240769108136,0 32.45935957866366,34.88233880601086,0 32.45954441983332,34.88227989269997,0 32.45954884637772,34.88224320608535,0 32.45942109875462,34.88198866428405,0 32.45930915129858,34.88167897000994,0 32.45915385883833,34.88133375839875,0 32.45905877412658,34.8808476439628,0 32.45907693313177,34.88078879906706,0 32.45912375815324,34.88070011089982,0 32.45909144300294,34.88044877505224,0 32.45914799102045,34.8803549541067,0 32.45939467537108,34.88021491318641,0 32.45944706996068,34.88015158619399,0 32.45944072658311,34.88011148663954,0 32.45926045487759,34.88004348052649,0 32.45915148910989,34.88002985926275,0 32.45913391739145,34.88009109558507,0 32.45893394390726,34.88003832387758,0 32.45894313109488,34.87994639257327,0 32.45866652743597,34.87979659089152,0 32.45870108280489,34.87976372980496,0 32.45876114634755,34.87976871350251,0 32.45897703680986,34.87958782585105,0 32.45919805843177,34.87910220901562,0 32.45919251762842,34.87900891500239,0 32.45926858678955,34.87875456184202,0 32.45941169672936,34.8787504819571,0 32.45941144969157,34.87878821300174,0 32.460263270295,34.87853336946612,0 32.46037000743058,34.87852854374623,0 32.46054573249865,34.87863411235745,0 32.46066958795917,34.87879198879848,0 32.46065917904389,34.87884386240912,0 32.46053285602158,34.87895147200579,0 32.46054991274085,34.87917462147801,0 32.46050690156567,34.87923880639725,0 32.46059172820716,34.87940780465559,0 32.46103476169396,34.87950837170889,0 32.46131280702864,34.87949992801862,0 32.46149453115216,34.87956335645227,0 32.46183756396465,34.87959577285199,0 32.4620441571227,34.87968734959024,0 32.46208829161379,34.87967625533312,0 32.46239574081684,34.87939446278968,0 32.46264794507229,34.87929494817246,0 32.46311615421099,34.87920248437328,0 32.46334469710488,34.87918958699785,0 32.46360520277016,34.878927138894,0 32.46349935575111,34.87869947487273,0 32.46396001767938,34.87817208927034,0 32.46399774510083,34.87817234845033,0 32.46410392801369,34.87824354291096,0 32.46415536324881,34.87825633197644,0 32.46476253153422,34.87816309856044,0 32.46500977544687,34.87809122391974,0 32.46519445146036,34.87798783172,0 32.46524908804996,34.87793328568068,0 32.46517280529098,34.87734847571579,0 32.46520936777794,34.87733871267493,0 32.46542233578345,34.87742410176861,0 32.46558119562727,34.87748541698566,0 32.46568384502873,34.87748389581118,0 32.4657556285439,34.87746324844477,0 32.46581502211291,34.87747150872671,0 32.46585989961958,34.87744066235928,0 32.46528454995547,34.87681452225004,0 32.46522011729692,34.87677624978337,0 32.46499514602243,34.87673953445903,0 32.46477238576503,34.87675442916073,0 32.46454957880736,34.87675289824445,0 32.46443528577019,34.87670426915717,0 32.46432565846976,34.87657616047154,0 32.4642474879419,34.87631282486579,0 32.46427598668561,34.87612413454861,0 32.46434699663749,34.87604673670361,0 32.46501242535428,34.87568079482713,0 32.46519195144037,34.87568148007079,0 32.46538558561119,34.87576292064586,0 32.46533704305056,34.87589873790631,0 32.46545664046592,34.87608982215882,0 32.46549113461767,34.87618168107003,0 32.46554174215332,34.8764443701065,0 32.46605789921049,34.87673577340297,0 32.46624616642256,34.87661865389294,0 32.46635531974493,34.87660613166911,0 32.46641191293677,34.87664530932656,0 32.46645172276165,34.87662925013118,0 32.46660607883037,34.87643533872079,0 32.46679187705572,34.87631717988801,0 32.46702373771365,34.87629937458703,0 32.46736888927072,34.87634971503094,0 32.4675900633824,34.87640839438252,0 32.46773740408768,34.87641756975604,0 32.46781692879673,34.87639463566447,0 32.46817622607335,34.87614904394267,0 32.46852198716748,34.87601666603247,0 32.46881689327872,34.87589006309752,0 32.4689987331331,34.87579535237523,0 32.4690630611179,34.87580497935971,0 32.46920457780691,34.87589985830351,0 32.46937046135694,34.87615822995799,0 32.4694906728895,34.87639995726431,0 32.46958935612736,34.87644248383094,0 32.46976381754834,34.87646511086103,0 32.46986571168513,34.87643518321062,0 32.47012482278451,34.87617256966907,0 32.47024086044969,34.87609169845673,0 32.47061373844561,34.87597276943137,0 32.47084157911894,34.87586203674315,0 32.47098054575345,34.87584154884414,0 32.47118924035436,34.8759093223128,0 32.47134780036355,34.87591142438978,0 32.47159026885463,34.87585586931709,0 32.47183003459474,34.87575955093015,0 32.47217543852754,34.8756618662117,0 32.47237381722773,34.87564688457037,0 32.47272438713625,34.87565131252126,0 32.4728975820148,34.87569470759614,0 32.47334864768488,34.87580772334267,0 32.47357538243843,34.87594308821252,0 32.4738701908782,34.87618284295708,0 32.47395361899062,34.87596274223442,0 32.47410424608791,34.87593386920586,0 32.47410303353973,34.87588260936908,0 32.47399327866218,34.87579929197084,0 32.47400213552544,34.87560573487615,0 32.47446509425937,34.87562026857591,0 32.47464870766382,34.87557595887256,0 32.47485238276408,34.87559869581283,0 32.47509188917937,34.87549497088289,0 32.47560696925417,34.87548138147239,0 32.47586053813318,34.87518128521751,0 32.47607243744046,34.87507309982233,0 32.47618614629894,34.8749343525412,0 32.47516720399684,34.87470535369455,0 32.47505302718137,34.87443794994186,0 32.47489858747303,34.87407624991377,0 32.47470729382912,34.8739073017509,0 32.47463891295644,34.87345547281324,0 32.47470770600146,34.87336136830292,0 32.47481281022223,34.87278175517005,0 32.47487077136891,34.87272626535774,0 32.47514734995015,34.87271954497118,0 32.4752625612014,34.87267733952066,0 32.47564418405482,34.87260255060814,0 32.47583720565925,34.87260385882459,0 32.47607049975052,34.87274729807235,0 32.47616802523454,34.8729027126027,0 32.47629225458101,34.87299812635884,0 32.47641984710927,34.87276686044348,0 32.47661477114846,34.87258333571053,0 32.47711314887994,34.87231589085244,0 32.47715607745408,34.87220011589831,0 32.47741952235351,34.87194827542827,0 32.47749971742209,34.87175967409737,0 32.47765042859137,34.8718165765354,0 32.47799154664474,34.87162114306216,0 32.47789989866698,34.8714012882312,0 32.47786545736309,34.87119901627751,0 32.47820732276893,34.87093050790949,0 32.47840087084771,34.87088023152945,0 32.47874809284276,34.87110611094216,0 32.47890976550496,34.87111150218821,0 32.47910432650887,34.87096236062887,0 32.47915255668186,34.8708380232818,0 32.47942125163132,34.87058191363786,0 32.47965184098958,34.87048030120593,0 32.47980444612114,34.87035236907801,0 32.47986592731793,34.8699530027987,0 32.47997114083547,34.86986773812809,0 32.4803267054341,34.86978846091462,0 32.48045335728571,34.86964745619881,0 32.4806665990259,34.86920182714567,0 32.48082366793583,34.86914700197492,0 32.48107463608948,34.86909280903667,0 32.48140867135462,34.86907786408111,0 32.48173683022736,34.86912735925742,0 32.4820811236807,34.86912967538125,0 32.48215472584308,34.8690742874113,0 32.4823639601163,34.8690198112994,0 32.48273819056093,34.86915558780829,0 32.48295785624228,34.86910118119063,0 32.48309489190943,34.86896454291924,0 32.48313829213455,34.86880148298968,0 32.48378852265307,34.86796330114137,0 32.48399100236204,34.86754768410243,0 32.48402593816391,34.86719112461239,0 32.48396557712619,34.86697148442258,0 32.48399490344177,34.86665357627286,0 32.48386633402288,34.86647216667922,0 32.48389956188332,34.8662832461186,0 32.4838613828706,34.86593479296049,0 32.48325986220816,34.86554017165014,0 32.48339538420273,34.8654617853571,0 32.48371501826038,34.86534426609435,0 32.4841291091124,34.86505725052174,0 32.48429413638512,34.86483055983755,0 32.48460495738354,34.86454717547527,0 32.48477026317214,34.86446466268617,0 32.48484640317688,34.8643757837243,0 32.48510450589538,34.8644582521621,0 32.4851491824565,34.86436627856424,0 32.48485866101404,34.86420285379013,0 32.48480571931481,34.86407562445176,0 32.48493666721315,34.86410245421342,0 32.48509294734988,34.86421884235115,0 32.48525516637311,34.86426750714131,0 32.4854346013814,34.8643436815596,0 32.48550386022713,34.8644147913859,0 32.4857305627325,34.86448839794087,0 32.48605844577782,34.86476308678175,0 32.48607789022094,34.8650876136069,0 32.48633489691407,34.86579435486232,0 32.4864616592069,34.86588891718683,0 32.48696793786264,34.86599899392016,0 32.48726343415003,34.8660182707827,0 32.48778167529426,34.86598424784851,0 32.48778463312235,34.86603761266169,0 32.48770912523331,34.86606450169616,0 32.48770007018204,34.86609471842215,0 32.48787036154204,34.86638276645704,0 32.48790817168459,34.86662235141775,0 32.48799814646889,34.86689400372233,0 32.4882281739239,34.86715793965306,0 32.48839279379008,34.86714317998141,0 32.48858170243421,34.86714876577482,0 32.48851585598127,34.86725789961734,0 32.48868324405731,34.86731524618407,0 32.48903565181682,34.86724406646147,0 32.48946041710242,34.86711137361169,0 32.48954514902061,34.8673829901421,0 32.48954065739245,34.8674809996653,0 32.49011702162478,34.86740986885089,0 32.49034615697512,34.8674171620331,0 32.49080339012917,34.86736109366649,0 32.49086245274604,34.8675763089629,0 32.49095965290664,34.86765336946058,0 32.4911573564309,34.86765468462342,0 32.49115658277266,34.86773109335088,0 32.49157270448232,34.86793426510208,0 32.49196518320645,34.86770246443506,0 32.49226313485673,34.86739946186826,0 32.49248072646385,34.8673066858642,0 32.4927155376264,34.86699830385994,0 32.49276094061513,34.86667378628509,0 32.49319666743889,34.8664336839505,0 32.4932965262845,34.86607977371428,0 32.49392636178282,34.86568722523126,0 32.49410743026984,34.8653363321862,0 32.49438126957745,34.8650356433761,0 32.49445619064878,34.86506589426513,0 32.49431724794892,34.86541706761125,0 32.49451207304974,34.86549274369369,0 32.49465206390017,34.86563500511285,0 32.49485117039892,34.86558425314896,0 32.49506596854477,34.86546913769589,0 32.49526062842342,34.86526214505868,0 32.49555402879309,34.86511035643349,0 32.49601054464343,34.8651951995108,0 32.49629379659213,34.8651549206263,0 32.49704194371334,34.86526400460822,0 32.49712186188768,34.86539594748529,0 32.49736527816417,34.86542730884419,0 32.49791032006055,34.86538627360161,0 32.4979472962932,34.86529973427362,0 32.49819207907329,34.86519472858098,0 32.49826854219329,34.8653712793394,0 32.49839764915845,34.86539940583241,0 32.49831966901363,34.86567412036023,0 32.49837405381994,34.86595218620064,0 32.49854598251176,34.86621119096055,0 32.49880330124726,34.86635669971444,0 32.49938856913075,34.86672823778611,0 32.49950877587175,34.86683813446741,0 32.49967643164774,34.86690496636666,0 32.49978268289812,34.86691054619039,0 32.4998610840651,34.8670449230069,0 32.50001618472905,34.86718711421227,0 32.50123537630776,34.86722448451703,0 32.50140716734389,34.86747143336839,0 32.50196939285767,34.86765284999678,0 32.50225974548906,34.86755501163008,0 32.50254332090154,34.86724540115573,0 32.50298582892706,34.86728972958724,0 32.50314119929584,34.86740514888788,0 32.50330367239128,34.86739893200139,0 32.50353194053054,34.86730797814095,0 32.50368441742261,34.86711673625697,0 32.50373020310036,34.86726549419869,0 32.50372519443317,34.86747475473067,0 32.50369361282026,34.86768383828947,0 32.50374149182207,34.86792022071916,0 32.50378972489681,34.86812010182444,0 32.50394321389134,34.86842776433813,0 32.50407604512993,34.86903462897646,0 32.50419364648102,34.86938829106107,0 32.50466031736325,34.8699803467318,0 32.50486499637579,34.87078967971824,0 32.50506797281854,34.87117068199372,0 32.50550805620257,34.87056033472562,0 32.50677490914773,34.87056146337289,0 32.50663531353113,34.87094505102308,0 32.50646706796586,34.87154017564083,0 32.50679448318813,34.87157885785102,0 32.50689114192991,34.87135803852025,0 32.50746683015154,34.87107226042208,0 32.5076689610003,34.87123909010869,0 32.50845972129801,34.8713076137122,0 32.50863739272401,34.87125768647502,0 32.50871064382466,34.87131657938796,0 32.50901538220734,34.87125775846511,0 32.5094315269969,34.87128242024504,0 32.51001026276885,34.8709869149629,0 32.51033308151913,34.87119347864891,0 32.51067311578156,34.8711494891018,0 32.51082316826766,34.87120645604319,0 32.51094860312982,34.87136547267858,0 32.51134055168387,34.87144837513119,0 32.51147844924824,34.87123755969751,0 32.5117040757388,34.87111493504268,0 32.51205208942058,34.87116103973263,0 32.51246129063758,34.87098851836785,0 32.51367537265027,34.87125449385398,0 32.51385004171585,34.87120940571576,0 32.51420681950691,34.87096109066212,0 32.51428919734233,34.87129747685743,0 32.51436727385092,34.87146834669146,0 32.51441758883001,34.87145650896281,0 32.51451012140345,34.87135490623663,0 32.51473439940467,34.87137098441309,0 32.51503122038922,34.87121475090238,0 32.51519081634098,34.87120119874714,0 32.51534493163651,34.87114380573631,0 32.51558305466564,34.87125488577745,0 32.51571532455998,34.87131903060503,0 32.51588089793574,34.87129821594663,0 32.51605901310773,34.87120204045433,0 32.51632054022807,34.87103097079663,0 32.51643577219217,34.87102442586711,0 32.51656135781315,34.87116883590119,0 32.51661706269623,34.87121057390267,0 32.51674094273478,34.87122598959387,0 32.51693750280348,34.87105449090878,0 32.51707685255418,34.87099699827133,0 32.51777042791883,34.87103805297029,0 32.51809576040071,34.87098664574445,0 32.51862134615872,34.87129916151576,0 32.51912785614955,34.87113942645964,0 32.51945815716624,34.87118539394384,0 32.51970297117965,34.87090955993433,0 32.52016219126221,34.8707543761885,0 32.52041800735086,34.87056135670272,0 32.52083538804674,34.87015036253162,0 32.52114219968526,34.86987493029969,0 32.5212400633031,34.86983176366761,0 32.52154727386674,34.86982160036243,0 32.52186481491061,34.86965818493213,0 32.52196799510745,34.86936925384644,0 32.52259642493763,34.86912025266515,0 32.52288964018561,34.86902968325905,0 32.52326501881853,34.8689931906758,0 32.52342175291606,34.86896987464161,0 32.52388139577705,34.86876844008907,0 32.5241100969045,34.86832213622667,0 32.52421774853677,34.8681816845631,0 32.52452983936329,34.86796955234912,0 32.5247645761309,34.86781775938445,0 32.52526987173851,34.86778210359626,0 32.52552243640385,34.86792733009921,0 32.52577608992103,34.86799202415148,0 32.52583213427455,34.86800631864737,0 32.52597677930914,34.86811580232393,0 32.52614721024449,34.86819956375665,0 32.52623850400017,34.86837353171946,0 32.52649864829185,34.86854053108737,0 32.52659787732024,34.86865205379453,0 32.52660883691681,34.86878518008547,0 32.52672524683348,34.86889076600409,0 32.52693731990185,34.86896874973638,0 32.52714500150031,34.86899428755714,0 32.52775013775734,34.86915343971437,0 32.52795855775477,34.86935840279641,0 32.5282293193988,34.86943878005548,0 32.52867149733192,34.86950010415836,0 32.52895500813705,34.8695261293152,0 32.52890913590834,34.86971936838365,0 32.52877564771206,34.86986567264704,0 32.52853990520843,34.86996091507537,0 32.52881175262022,34.87018443438367,0 32.52896825297975,34.87044752377748,0 32.52903548743247,34.87032296858936,0 32.52923860753842,34.87031420083557,0 32.52955837076288,34.87038682679486,0 32.53024294104032,34.8706835662889,0 32.53069379190561,34.87034778951868,0 32.53075065796558,34.87054169168646,0 32.53135730536325,34.8705435869358,0 32.53170023227277,34.87075344383715,0 32.53193867144289,34.87063200540904,0 32.5321208476477,34.87076824838154,0 32.53172331797028,34.87089874338656,0 32.53158746249425,34.87103697194335,0 32.53146588337311,34.87121762828751,0 32.53116959536473,34.87150602045791,0 32.53184961292077,34.87176845082401,0 32.53257952907122,34.87167033502515,0 32.53267961217311,34.87195120173005,0 32.53268091177876,34.87207217050157,0 32.5326003835348,34.87230953824485,0 32.53257871276489,34.87253115874631,0 32.53259692612568,34.87267441203464,0 32.53275116587437,34.87291934011215,0 32.53299329822075,34.87318297507634,0 32.53303783017667,34.87338889446641,0 32.53300276419838,34.87373340325667,0 32.5336754626588,34.87373772939547,0 32.53397595138872,34.87429808933443,0 32.53433041028756,34.87458462038908,0 32.53412540486152,34.87483176338042,0 32.53405600632276,34.87491542567029,0 32.53431342945895,34.87535261417739,0 32.53449516416157,34.87552488406094,0 32.53502070650116,34.87583935264278,0 32.53524810393924,34.87574526028285,0 32.53579593571983,34.87598431724447,0 32.53577914915764,34.87604865084935,0 32.5356307237863,34.8760610322833,0 32.53562459873169,34.87613876676952,0 32.53578213149811,34.87630421396725,0 32.53589520184669,34.87660936798277,0 32.53600628069984,34.87712561076181,0 32.53602812911838,34.87766794572379,0 32.53611526703637,34.87786405117003,0 32.53630618725484,34.87792082714091,0 32.53612880405432,34.87814412395434,0 32.53636280462908,34.87820784299236,0 32.53619248249325,34.87854006746861,0 32.53608654453283,34.87862160740516,0 32.5360688151539,34.87878592918447,0 32.5362320000499,34.87892474727347,0 32.53643418486013,34.87921713820812,0 32.53659968881188,34.87939596675189,0 32.53666329273103,34.87951414759792,0 32.53666606889281,34.87979192926181,0 32.53687099389094,34.88007989392171,0 32.53711720461692,34.88056589044096,0 32.53727169630567,34.8807690905989,0 32.53761713248617,34.88160014915802,0 32.53772651975695,34.88172528683685,0 32.53779361885903,34.88175904740554,0 32.53802230286895,34.88181606250813,0 32.53820909627,34.88173948309661,0 32.53839595266503,34.88194288857012,0 32.53883156133882,34.88207677600118,0 32.5390811519835,34.88220502953053,0 32.5390562574127,34.88227153499447,0 32.53864240630701,34.88240444131605,0 32.53833777870003,34.88239360620285,0 32.53808383954377,34.88244087022808,0 32.53789131698848,34.88255296674044,0 32.53774618105026,34.88278758321511,0 32.53813264775102,34.8829856000827,0 32.53826613814028,34.88312866732704,0 32.53831053893726,34.88328227735016,0 32.53825346595969,34.88342754321624,0 32.53853432694879,34.88364942969637,0 32.53874932196717,34.88365453371439,0 32.53921610544499,34.88384403309548,0 32.53950349475015,34.88385332688588,0 32.53972852795223,34.88399465151235,0 32.53992074799353,34.88401452829373,0 32.54010763544617,34.88412017147736,0 32.54023757138827,34.88426461852698,0 32.54039869897635,34.88422088077507,0 32.54066780759408,34.88424870832796,0 32.54117333461586,34.88416986043358,0 32.54145509076161,34.88405601123695,0 32.54195781695162,34.88427557143773,0 32.54246774189631,34.88445227628452,0 32.54252091350726,34.88457571429264,0 32.54335786611881,34.88463885413663,0 32.54336009112644,34.88488507238792,0 32.5430851088128,34.88500083273804,0 32.54327022363101,34.88529670868124,0 32.54325897200196,34.88553165070422,0 32.5434097342112,34.88587020559507,0 32.5434709338136,34.88610374304055,0 32.54356222355345,34.88626659382359,0 32.5437921948577,34.88660751798105,0 32.54388205321759,34.88692330329327,0 32.54414645303208,34.88721408470833,0 32.5441881200246,34.88735796842165,0 32.54414218450857,34.8876710285505,0 32.54407760159376,34.88779931653181,0 32.5440892326827,34.88800829109423,0 32.54420641588675,34.88830746417721,0 32.54423020108471,34.88842698714124,0 32.54452317910555,34.88832439408572,0 32.54479977286262,34.88827951823194,0 32.5449973860886,34.88845050209424,0 32.5451783367734,34.88846656943109,0 32.54544129655038,34.88842720025634,0 32.54570453191345,34.88835799044519,0 32.54580540077909,34.88822246975421,0 32.54603532657099,34.88808403527906,0 32.54656062874325,34.88782809708344,0 32.54700923459516,34.88778616804652,0 32.54711571880951,34.88801998955257,0 32.54716580156338,34.88823293728386,0 32.54745272400126,34.88829443522802,0 32.54767559659143,34.88818393119025,0 32.54784113294345,34.88815326812212,0 32.5480309383091,34.88843424357153,0 32.54810400954893,34.88861003269861,0 32.54814893213187,34.88864761824192,0 32.54821704842632,34.8886256663645,0 32.54825860846359,34.88853826534709,0 32.5484610040691,34.88843882100461,0 32.54846632729954,34.88835305662887,0 32.54880820531913,34.88810341249256,0 32.54924284562109,34.88834675998994,0 32.54941356564097,34.88824525039828,0 32.5498014009825,34.88840996421758,0 32.54993037389342,34.88841637142099,0 32.55035698487761,34.88830527975763,0 32.55060141922004,34.88831054836951,0 32.5507593683689,34.88836563202626,0 32.55047379197074,34.88889168411211,0 32.55038912390223,34.88923434622266,0 32.55025895503508,34.88935662841867,0 32.55017552898821,34.88943863245951,0 32.54991992082419,34.88968988075991,0 32.55021742906774,34.88975446454418,0 32.5507138241432,34.88991697642996,0 32.55095890147057,34.88982183860318,0 32.55117516644739,34.88975526133255,0 32.55124854106904,34.88970868915925,0 32.55130663571724,34.8895993098629,0 32.55143116158612,34.88950863977546,0 32.55140928019971,34.88981682990506,0 32.55142077884527,34.88994493737309,0 32.55150715261561,34.89020677581483,0 32.55152427084687,34.89041330628258,0 32.5514401987151,34.89058784647316,0 32.55115278407661,34.89080291535346,0 32.55110705820503,34.8909463405365,0 32.55105702224176,34.8912125477058,0 32.55132187969048,34.89137882614201,0 32.55149177592823,34.89152621927349,0 32.55163152595605,34.89150358146833,0 32.55182363671293,34.89130620326565,0 32.55195968193049,34.89139177405228,0 32.55245626750293,34.89169429756161,0 32.55269894166456,34.89134616791198,0 32.55273926261846,34.8913444683317,0 32.55299625801204,34.89072881788855,0 32.55339718753572,34.89044418694363,0 32.55343242259811,34.89047956879758,0 32.55338780289398,34.89069025136696,0 32.55343661572588,34.89079603918191,0 32.5538095121632,34.89098003734342,0 32.55394266733329,34.89093789716905,0 32.55393435660419,34.89081087705421,0 32.5544103715479,34.89061070776348,0 32.55428106108762,34.89049269651871,0 32.55382359549161,34.89037882754025,0 32.55408308290859,34.89010859923025,0 32.5542306414008,34.89004701532853,0 32.55437626265183,34.8899385387129,0 32.55458454441513,34.8897191130513,0 32.55495297227213,34.88961593564646,0 32.55495798311792,34.88958666636898,0 32.55513911804537,34.88948069231272,0 32.55566810700107,34.88970830755896,0 32.55570826273558,34.88998202812208,0 32.55564010288738,34.89017498443988,0 32.55583444461238,34.89043990164807,0 32.55627582627805,34.89039577837561,0 32.55630815589854,34.89048974026139,0 32.55637668825422,34.89051360887605,0 32.55679242285824,34.89042244249818,0 32.5568284656584,34.89011208274592,0 32.55696567761317,34.88988634884936,0 32.55700879621568,34.88957994055001,0 32.55705038155559,34.88948170044686,0 32.55710645457558,34.88934923333758,0 32.5568934337693,34.88883768227161,0 32.55686139205338,34.88844048146768,0 32.55688391297787,34.88832005158562,0 32.55798186150091,34.88827249115769,0 32.55879800269945,34.88840255382664,0 32.55905067168413,34.88848352615697,0 32.55921169062366,34.8884389454962,0 32.55938233837815,34.8885120548608,0 32.55994523139111,34.88843027111925,0 32.55987914723607,34.88804609162297,0 32.55981060367118,34.88793097623511,0 32.56024312852944,34.88785867441041,0 32.56052032112149,34.88798978821151,0 32.5609691617733,34.88788964696376,0 32.56131592403275,34.88802413185477,0 32.56171430190293,34.88817363948891,0 32.56266503605061,34.88841772964706,0 32.56305582412996,34.88861717936614,0 32.56346876960484,34.88893145291755,0 32.56364132783884,34.88899133551271,0 32.56382494267669,34.88901305560305,0 32.56395593730857,34.8891300252564,0 32.56423580542523,34.88952629831634,0 32.56438110208411,34.88973202722489,0 32.56504929479981,34.89039818183306,0 32.56510032650088,34.89060182827009,0 32.56494933922592,34.89089015652701,0 32.56494867478681,34.89112495007046,0 32.56502589462639,34.89135659235864,0 32.56510217733898,34.89136795655133,0 32.56562593111256,34.89111823595423,0 32.56577704750618,34.89130071070664,0 32.56594216456601,34.89139734201203,0 32.56616464789044,34.89139423842727,0 32.56629531305983,34.89140433111226,0 32.5666163122772,34.89155675841116,0 32.56680173500366,34.89174364231858,0 32.56675395697644,34.89179164203459,0 32.56698582557847,34.89232615024556,0 32.56712937822988,34.89240690276317,0 32.56709938250675,34.89248287255699,0 32.56725805893942,34.89263615776411,0 32.56723874453024,34.89277720415107,0 32.56705127896008,34.89306395104209,0 32.56696403159177,34.8932380111377,0 32.56694775998747,34.89354067124174,0 32.56701517001771,34.89381412727087,0 32.56694917203553,34.89388244538717,0 32.56713372426825,34.8941659098719,0 32.56690455042452,34.89432795307802,0 32.56712367814916,34.89452804625384,0 32.5670573240577,34.89463536823209,0 32.56730150274129,34.89480775366211,0 32.5674274801418,34.8948382468563,0 32.56755406186281,34.8948018781491,0 32.56830176018213,34.8946411634346,0 32.5686330874381,34.89465062656544,0 32.56910182703363,34.8944231849187,0 32.56921931831486,34.89414529234745,0 32.56931697721861,34.89406602276697,0 32.56946987308584,34.89411153878283,0 32.5696551815542,34.89406252500431,0 32.57003740810926,34.89442706662604,0 32.57047707913842,34.89442233080555,0 32.57087588555697,34.8944489191332,0 32.57121779755997,34.89453459645512,0 32.57292139348632,34.89387262419958,0 32.57337223317514,34.89438059571173,0 32.57347054179335,34.89498114407189,0 32.57340515014148,34.89548410728438,0 32.57333803450236,34.89567686892603,0 32.57332273794224,34.89587366245775,0 32.57363904151342,34.89579943852418,0 32.57373125621571,34.8958241466546,0 32.57390180754751,34.89591248669161,0 32.57370899550562,34.89604318756091,0 32.57396191118334,34.89624904613024,0 32.57399302311359,34.89655013792915,0 32.57407612126091,34.89658593665042,0 32.57401677377362,34.8969180534038,0 32.57411318400879,34.89722883181642,0 32.57418138767962,34.89741684771329,0 32.57414712053966,34.897466788835,0 32.57411008134359,34.89757429396013,0 32.57414767334866,34.89765624888667,0 32.57435503824118,34.89791383718917,0 32.57446848437299,34.89833616435303,0 32.57460171952772,34.89856358127476,0 32.57467889340997,34.8987572234568,0 32.57466202807812,34.89887785298988,0 32.57478288009494,34.89948039523527,0 32.57519494528722,34.89979123629088,0 32.57531293680379,34.89995912338507,0 32.57535344159282,34.90021940891744,0 32.57505973569134,34.90028634517952,0 32.57493628972896,34.90047505066039,0 32.57514012028616,34.90062488576715,0 32.57526487563905,34.90079281365885,0 32.57538799280368,34.90089200675161,0 32.57563040969951,34.90126496628966,0 32.57565023587239,34.90131709423128,0 32.57576689029919,34.90138281395638,0 32.576601171917,34.90162935181024,0 32.57664885233757,34.901592493292,0 32.5768191191903,34.90171425970318,0 32.5770732714679,34.90178452860134,0 32.57755186506534,34.90222207060668,0 32.57762424439894,34.90219650598319,0 32.57771127653823,34.90229733451871,0 32.57785996313275,34.90231123821818,0 32.57790994552786,34.90226882174992,0 32.57826891861072,34.90238054940188,0 32.57896088499131,34.90259591491415,0 32.57916628911207,34.90263321999831,0 32.5795490605362,34.90290598903836,0 32.57969173838698,34.90310518471658,0 32.57958099070147,34.90325236012102,0 32.57960418664328,34.90329504482828,0 32.57976187155894,34.90358521004656,0 32.57972981727531,34.90374368217226,0 32.57989518407194,34.9038528631349,0 32.57997162028825,34.90409376688928,0 32.57965421888122,34.9040995592392,0 32.57963496010312,34.90412527544273,0 32.57947933961439,34.90435963724264,0 32.57943932555204,34.90466076156682,0 32.57929506431447,34.90534872868573,0 32.57914341843861,34.90519097471144,0 32.57894299667566,34.90506060299742,0 32.57862266010697,34.90498178472238,0 32.57849555207385,34.90500253848124,0 32.57824570237815,34.90497950367791,0 32.57820240182052,34.9049755115027,0 32.57803824361665,34.90527241478829,0 32.57788379375554,34.90526858733407,0 32.57783146342395,34.90562401300959,0 32.57813496591163,34.90584277027133,0 32.57823852274181,34.90578316992444,0 32.57825498453545,34.90577369529058,0 32.57854198881949,34.90607298154118,0 32.57909983493314,34.9063100743763,0 32.57944971065025,34.90642597402175,0 32.57971493907404,34.9064060521507,0 32.579928152293,34.90635813980453,0 32.58014901931897,34.90628874802317,0 32.58040791156327,34.90656092941491,0 32.58051084406002,34.90673991189623,0 32.58031371913688,34.90707698855542,0 32.58001127583919,34.90750260934292,0 32.58029534217867,34.90788257126222,0 32.58037211838206,34.90806447338301,0 32.58021627414188,34.90837719677535,0 32.58020184142566,34.90873998100437,0 32.57998101996071,34.9088032243117,0 32.5800842822255,34.90894530536467,0 32.5803497633867,34.90889770811909,0 32.58045703233426,34.90900906382011,0 32.58071785124758,34.90906599248677,0 32.58102978482064,34.90925238757126,0 32.58118915548467,34.9093825079765,0 32.58187155857453,34.90946965639009,0 32.58249395577001,34.91000848958632,0 32.58257452316923,34.91018426273932,0 32.58256767802592,34.91053479031333,0 32.58269419305632,34.910581681051,0 32.58276051472418,34.91068048497142,0 32.58309807131638,34.91092545759128,0 32.58322936005012,34.91085552040384,0 32.5834063386613,34.91068437716376,0 32.58369929009293,34.91090755180397,0 32.58398384794082,34.91123523167878,0 32.58393392867349,34.91139176679384,0 32.58400572508705,34.9117150906407,0 32.58443029825516,34.91183142542835,0 32.58469880982521,34.91186379250115,0 32.58495757051173,34.91215441324766,0 32.58510330135741,34.91213991191646,0 32.58520867255579,34.91204521731081,0 32.58543757778462,34.91275695396207,0 32.58557014992518,34.91296378826488,0 32.58631085360263,34.91321732221066,0 32.58635628306166,34.91356816303271,0 32.58662153623161,34.91354822897768,0 32.58676685647082,34.91357984967781,0 32.58702094776589,34.9139780694621,0 32.58726974202812,34.91413024539763,0 32.587538211805,34.91416875384444,0 32.58821387556275,34.91417894805452,0 32.58876845180423,34.91437292397332,0 32.58947783986708,34.91445952705,0 32.58949571436807,34.91471987702201,0 32.58951442197256,34.91488610129662,0 32.58965280510242,34.91520254151974,0 32.59023402420418,34.91561575520378,0 32.59042804362721,34.91572211575633,0 32.59043325575699,34.91589379763045,0 32.59049901612194,34.91606030199521,0 32.5904983356702,34.91613781568658,0 32.59040281727633,34.9162978207542,0 32.59039419691499,34.9165137163228,0 32.59027158696018,34.91669570874023,0 32.59025444420303,34.91711642605338,0 32.59010441128596,34.91735916347819,0 32.59039824684643,34.91758239607119,0 32.59119814955444,34.91759270402805,0 32.59163890427342,34.91792755185018,0 32.59153772756863,34.91796570837527,0 32.5914831191366,34.91805951354489,0 32.5911463773021,34.91812949142314,0 32.59078386127767,34.91869704424769,0 32.59072648932322,34.91878686443932,0 32.59078809503162,34.91911275572338,0 32.59077828783741,34.9192719967284,0 32.5905229678513,34.91934077767971,0 32.59027746067613,34.91922684296289,0 32.59005061298853,34.91900785110336,0 32.58970311494097,34.91940015517669,0 32.58970257434124,34.91946150030518,0 32.58961530722387,34.91950333855094,0 32.58927601666825,34.91976861224642,0 32.58912195043722,34.91994443222094,0 32.58894600054864,34.9201887715237,0 32.58882356289303,34.91999523272762,0 32.58850561551446,34.92005175796503,0 32.58820400280371,34.92006602181024,0 32.58810533365524,34.92019396925976,0 32.58797457221431,34.92054228450332,0 32.58787265229892,34.92063661805734,0 32.58777543437517,34.92080108984747,0 32.5873894237097,34.92093316008187,0 32.58711658732793,34.92110242273901,0 32.58692505424273,34.92130284603313,0 32.5867407735394,34.92168589486645,0 32.58650035843288,34.92179838513401,0 32.58620896473183,34.92185944503851,0 32.58598996999973,34.92195599600411,0 32.58577774623348,34.92208910196511,0 32.58576322654262,34.92232710247794,0 32.58588251268522,34.92247534561732,0 32.58598823262615,34.9225533939281,0 32.58587373918852,34.92266517789633,0 32.58576187274478,34.92268057344408,0 32.58548863835039,34.92289365048501,0 32.58537743111383,34.92303466688325,0 32.58516191410042,34.92313853969858,0 32.58489671586056,34.92324503505261,0 32.58453839258281,34.92345321650591,0 32.58422350836489,34.92356233131639,0 32.58406639746889,34.92367969991716,0 32.58383225015627,34.92368413371255,0 32.58357400195115,34.92360662550342,0 32.58345776614495,34.92391412351157,0 32.5834692964868,34.92421362834959,0 32.58341097826811,34.92439001695659,0 32.58319085174659,34.92421341270719,0 32.58282190928556,34.92421849265676,0 32.58258102451489,34.92438209451614,0 32.58242836082466,34.92459735181499,0 32.58226366941074,34.92476871565297,0 32.5821316544965,34.92525431865563,0 32.58210766922459,34.92555799130496,0 32.58248660549918,34.92582611656814,0 32.58283089206038,34.92600200989069,0 32.58308927254065,34.92626502465543,0 32.58322868819649,34.92654338968082,0 32.58327420222268,34.92661085381286,0 32.58348984424931,34.92669395061253,0 32.5844553307947,34.92682099485472,0 32.58464276507404,34.92688493058437,0 32.58503815649809,34.92709910212641,0 32.58500328164975,34.92723181333229,0 32.58463877892642,34.92713467905678,0 32.58437892587033,34.92723682310123,0 32.58358480707784,34.92698519300863,0 32.58307781979099,34.92675573774075,0 32.58303801086323,34.92684459758176,0 32.58297174222422,34.92691723098883,0 32.58182655331647,34.92705346936316,0 32.58166290932435,34.92710652584816,0 32.58187643862874,34.92722758828604,0 32.58191819751969,34.92731840056531,0 32.581826514078,34.92745661149127,0 32.58172992458729,34.92754804915832,0 32.58194765994956,34.9277947528992,0 32.58204359217982,34.92797645343671,0 32.58203750541503,34.928062595725,0 32.58193827163566,34.92825188283148,0 32.58187624207899,34.9284457761902,0 32.5821273651444,34.92872773673511,0 32.5821823395267,34.92892817853142,0 32.58214180712194,34.92929748041806,0 32.58219637188714,34.92934455054441,0 32.58240864109834,34.92940864000796,0 32.58249510594384,34.92945882319934,0 32.58301507555883,34.92922679222293,0 32.58303137438304,34.92918891326767,0 32.5829133344291,34.92870034304561,0 32.58338729934619,34.92865499557767,0 32.58429216056451,34.92802067441495,0 32.58473379718048,34.92782029842081,0 32.58572868085272,34.92863548053547,0 32.5855009073252,34.92892040037457,0 32.5853173133072,34.92922311605821,0 32.58519637455252,34.92926036589999,0 32.58520642101892,34.9293276162533,0 32.58540337684407,34.92931857466429,0 32.58550877064619,34.92943460038371,0 32.58527500122253,34.93039576938986,0 32.58528521780605,34.93064414196473,0 32.58503141346056,34.93106328593537,0 32.58509287161044,34.93193420781285,0 32.58501012100873,34.93246538934369,0 32.58480646550429,34.93302943934489,0 32.58488607595326,34.9331665069485,0 32.58548530927725,34.93419819923302,0 32.58583975500422,34.93462485935609,0 32.58642429082828,34.93432401528872,0 32.58658172743002,34.93452473880561,0 32.58669426150949,34.93487346833864,0 32.58659350903019,34.93555024335509,0 32.58616745628004,34.9355039855089,0 32.58611449101397,34.9359203970936,0 32.58623530012115,34.93640496450776,0 32.58655714123878,34.93644747545235,0 32.58693441760121,34.93643725111838,0 32.5870095659454,34.93655587599013,0 32.58906074176107,34.93748196838439,0 32.59034048839779,34.93807640928588,0 32.59119195648805,34.93846859303103,0 32.59345176450015,34.93950593119044,0 32.59488659781746,34.94016217545954,0 32.59711231094043,34.94118197665019,0 32.59879579278733,34.94197386283542,0 32.5992802889774,34.94208602221801,0 32.59955074447664,34.94220929023552,0 32.59993059268946,34.94250954124699,0 32.60025621011416,34.94294292765514,0 32.60042991300997,34.94336974247022,0 32.60061419905582,34.94371940155732,0 32.60061013650232,34.94418764709923,0 32.60080827849203,34.94471473003796,0 32.60109817336482,34.94537120483002,0 32.60128922507794,34.94559705848419,0 32.60158024824555,34.94578386986946,0 32.60215981127146,34.94602830500035,0 32.6025726534513,34.94623773672777,0 32.6027511982733,34.94638228788069,0 32.60304658111095,34.94681265434437,0 32.60343483218837,34.9471591713353,0 32.60405733207919,34.94755165295858,0 32.60415949015378,34.94763846533078,0 32.60425120962456,34.94778612247459,0 32.60426629397809,34.94781040832097,0 32.60428797183265,34.94781609123348,0 32.60466027246178,34.94791368869463,0 32.60468077607746,34.94803263669344,0 32.60463259694416,34.94828412532246,0 32.60463040082537,34.94848160037712,0 32.60476103335319,34.94864998771544,0 32.60501904665765,34.94885269188639,0 32.60589367604712,34.94919132643385,0 32.60572133818768,34.94947504516858,0 32.60558402226312,34.94971277652645,0 32.60557899933865,34.94996260092973,0 32.60554403322448,34.95045857298568,0 32.60548349195775,34.9506251684934,0 32.60519576798477,34.95111790066856,0 32.6049362895755,34.9515222903055,0 32.60491027628759,34.95188967724481,0 32.60486628764748,34.95242155950656,0 32.60485969875726,34.95285802737192,0 32.60492404227022,34.95342202914429,0 32.60490535864759,34.95358993587131,0 32.60483298176917,34.95377131463001,0 32.60472320365951,34.95429599294671,0 32.60460365635186,34.95477127715266,0 32.60450878257171,34.95495489730638,0 32.60436789333836,34.95508940648217,0 32.60422408214023,34.95521624654168,0 32.60385713352451,34.9555398904253,0 32.60349067727326,34.95590437934489,0 32.60341978988669,34.95602571797842,0 32.60338337405519,34.95626134749402,0 32.60299064356681,34.95665809134363,0 32.6027534584361,34.95690183240979,0 32.60258795944266,34.95720416955785,0 32.60237386710345,34.95743780829935,0 32.60207189895426,34.95786967188851,0 32.60183677194537,34.95812396272738,0 32.60158417511599,34.95853253896662,0 32.6013502886541,34.95888900238798,0 32.60089006386681,34.95935729192799,0 32.60051885451961,34.95981819774077,0 32.60042584882003,34.96003614606153,0 32.60030192398641,34.96051872794657,0 32.60022785740189,34.96064739985544,0 32.59956886186851,34.96111921148224,0 32.59935234215977,34.96131767745323,0 32.5992157960855,34.96163114949219,0 32.59913047549137,34.9618246763233,0 32.59884834116274,34.96214242592158,0 32.59880950933017,34.96224525673106,0 32.59881101861248,34.96225887685502,0 32.59885783273113,34.96268135586506,0 32.59857338150542,34.9632580253832,0 32.59857252719902,34.96335618152333,0 32.59851263320892,34.96379127484703,0 32.59852437496697,34.96400136389067,0 32.59868121007416,34.96482311979769,0 32.5985099903942,34.96511285619628,0 32.59847859692804,34.96534280522385,0 32.59890230478128,34.96537216935161,0 32.59914378707899,34.96536237579818,0 32.59928814627172,34.96532797243477,0 32.59943161374471,34.96528394774707,0 32.5995259773084,34.96529011280791,0 32.59957271477897,34.96540015880746,0 32.59973294569322,34.96533139442249,0 32.59995714132726,34.96551860472454,0 32.60012976630689,34.96570390777422,0 32.60028238423986,34.9657272414903,0 32.60060488745439,34.96580285402142,0 32.60071801596548,34.96589005402323,0 32.60091792488242,34.96584796280284,0 32.60101713603663,34.96585655935849,0 32.60117039983937,34.96591755383851,0 32.60134166593316,34.96603554215984,0 32.60144649414671,34.96618198566924,0 32.60151405092089,34.96636106009219,0 32.6016161485212,34.96648585396853,0 32.60161557267932,34.96666452903068,0 32.6016869869155,34.96673545846814,0 32.60183312951875,34.96683246594043,0 32.60185815847867,34.96686466218036,0 32.60199673048101,34.96716113638949,0 32.60210715619923,34.96722348114491,0 32.60215678304908,34.96722537536805,0 32.60232267775363,34.96728964768939,0 32.60248327967497,34.96729058994584,0 32.60265514599896,34.96733967431374,0 32.60293647097163,34.96733811912576,0 32.60339199218549,34.96745376592905,0 32.60343930668017,34.96749811191786,0 32.6034627945698,34.96759600138121,0 32.60351330445395,34.9676083157073,0 32.60355761405138,34.96766225923073,0 32.60378251529149,34.96810746801231,0 32.60398875026964,34.96834744748544,0 32.60403312108982,34.9685071552595,0 32.60403046395311,34.96870184273372,0 32.60409415953119,34.96876551434432,0 32.60409248077661,34.96884723208318,0 32.60409906502635,34.96887371037853,0 32.60410611086206,34.96887321322555,0 32.6048839533301,34.9688183238791,0 32.60511408450677,34.96876776868718,0 32.60558571993112,34.96891510780911,0 32.60610893782706,34.96934820467123,0 32.60614611618426,34.96973768234782,0 32.60630672028252,34.96991656901154,0 32.60634514447113,34.97016147106079,0 32.60648785642349,34.9703254214554,0 32.60653002146878,34.9706593206301,0 32.6066146347755,34.97077103072109,0 32.60701294415176,34.97106622727129,0 32.60707440306083,34.97125194932398,0 32.60713142858919,34.97195295024402,0 32.60728092036504,34.9723764472293,0 32.60716082818214,34.973246949592,0 32.60703587320563,34.97363548299749,0 32.60698904521946,34.97384281505902,0 32.60678171224018,34.97438286247903,0 32.60651620332326,34.97487808425608,0 32.60630359300319,34.97498435364917,0 32.60604047620138,34.9752015440485,0 32.60600332502759,34.97533107988487,0 32.60557998654578,34.97532490008842,0 32.60456780329973,34.9751781068685,0 32.60405175027255,34.97516312567308,0 32.60359276192268,34.97514979970758,0 32.60335748731662,34.97513025296765,0 32.60284970138528,34.97514241482001,0 32.60249957668778,34.97521605857471,0 32.60235243250881,34.97521519551358,0 32.60226033453115,34.97522979352949,0 32.60211997001011,34.97529558386698,0 32.60186414531313,34.97552420288996,0 32.60170951225376,34.97553843317971,0 32.60143371561652,34.97552470189699,0 32.60122030541613,34.97552950353815,0 32.60098084720868,34.9755674583268,0 32.60060139922856,34.97520490386116,0 32.6004948233529,34.97519216410378,0 32.60027368457752,34.97523930919761,0 32.60017036558991,34.97527503593068,0 32.60003733067179,34.97534389480121,0 32.59988158746577,34.97548528931426,0 32.59975157091021,34.97562986301158,0 32.59967981068868,34.9758444204863,0 32.59962675206777,34.97602275545449,0 32.59958586737561,34.97607096130929,0 32.59940145747829,34.97612437812384,0 32.5991994197687,34.97608987738518,0 32.59892439041957,34.97598833612445,0 32.59873050049445,34.97586304846048,0 32.59854402184178,34.9757317472507,0 32.59833928209228,34.97558519906206,0 32.5981999428779,34.9755329025993,0 32.59808593163294,34.97552920084509,0 32.59793825888191,34.97558888744663,0 32.59778274889848,34.97570302817051,0 32.59763076353494,34.97583535758469,0 32.59747520550355,34.97595555441512,0 32.59732739392084,34.97603038102256,0 32.59708785849164,34.97607740880784,0 32.59691890614751,34.97604613117652,0 32.59671051690371,34.97589653214644,0 32.59661193228303,34.97581116706439,0 32.59644305589818,34.97577080447431,0 32.59619724829816,34.97569365113767,0 32.59595874434019,34.97562259810455,0 32.59583049597526,34.97556430710748,0 32.59556049723344,34.97530836196428,0 32.59524222951988,34.97510360585256,0 32.59512488537452,34.975060519618,0 32.59504008940781,34.97508121209766,0 32.59495860658852,34.97514431494606,0 32.59478930762312,34.97515239477814,0 32.59447990353667,34.97519597699483,0 32.59428594794385,34.97507976567748,0 32.59423457640191,34.97506432030263,0 32.59418273344041,34.97510337612562,0 32.59416386300055,34.97515776627645,0 32.59425751312084,34.97538541473072,0 32.59411047566942,34.97537243050663,0 32.59393030480944,34.97536227665613,0 32.59378704626921,34.97533720306188,0 32.59370233068844,34.97534881122478,0 32.59360653106563,34.97536640915398,0 32.59353607908364,34.97542957680195,0 32.59341946178042,34.97572259083623,0 32.59336586478606,34.9759614779699,0 32.59330170391453,34.9761457971588,0 32.59315706764085,34.97627816628201,0 32.59307869762953,34.97640487281667,0 32.59306598798488,34.97659555615031,0 32.59297147226451,34.97672896647197,0 32.59287042393438,34.97687159440561,0 32.59281286348541,34.97690268620974,0 32.59272572131538,34.97691963098696,0 32.5924328950194,34.97692138160624,0 32.59199814511835,34.97689609158794,0 32.59189831753094,34.97690772072058,0 32.59156639479811,34.9770122695997,0 32.59155790638038,34.97701221941389,0 32.59154307044877,34.97701038559312,0 32.59143767914577,34.97693117180065,0 32.59141230867454,34.97692054248466,0 32.59138048399797,34.97692035246484,0 32.59124861595645,34.97695623961916,0 32.59123800626338,34.97695617686182,0 32.59122109591298,34.97694909063512,0 32.59113705723121,34.9768542862279,0 32.59111382554563,34.97684192250082,0 32.59107362035153,34.97682945924329,0 32.59065790624528,34.97681126143937,0 32.59061762592873,34.97680752896621,0 32.59056049202676,34.97678972432011,0 32.5904675834779,34.97671404839826,0 32.59035806529423,34.97662484189424,0 32.59026679038917,34.9765455710434,0 32.59016773324479,34.97651470103638,0 32.59007949803254,34.97650811757831,0 32.58999094266208,34.97653786845711,0 32.58990214735019,34.97659486849424,0 32.58979371254038,34.97671002506711,0 32.5896538736019,34.97685853085118,0</coordinates>
						</LinearRing>
					</outerBoundaryIs>
				</Polygon>
			</MultiGeometry>
		</Placemark>
	</Document>
</kml>