<?xml version='1.0' encoding='UTF-8'?>
<kml xmlns="http://www.opengis.net/kml/2.2">
	<Document>
		<name>LARNAKA</name>
		<Style id="PolyStyle90">
			<LabelStyle>
				<color>00000000</color>
				<scale>0.000000</scale>
			</LabelStyle>
			<LineStyle>
				<color>ff000000</color>
				<width>2.000000</width>
			</LineStyle>
			<PolyStyle>
				<color>00828282</color>
				<outline>1</outline>
			</PolyStyle>
		</Style>
		<Placemark id="ID_90003">
			<name>LARNAKA</name>
			<snippet />
			<description>&lt;html xmlns:fo="http://www.w3.org/1999/XSL/Format" xmlns:msxsl="urn:schemas-microsoft-com:xslt"&gt;

&lt;head&gt;

&lt;META http-equiv="Content-Type" content="text/html"&gt;

&lt;meta http-equiv="content-type" content="text/html; charset=UTF-8"&gt;

&lt;/head&gt;

&lt;body style="margin:0px 0px 0px 0px;overflow:auto;background:#FFFFFF;"&gt;

&lt;table style="font-family:Arial,Verdana,Times;font-size:12px;text-align:left;width:100%;border-collapse:collapse;padding:3px 3px 3px 3px"&gt;

&lt;tr style="text-align:center;font-weight:bold;background:#9CBCE2"&gt;

&lt;td&gt;4&lt;/td&gt;

&lt;/tr&gt;

&lt;tr&gt;

&lt;td&gt;

&lt;table style="font-family:Arial,Verdana,Times;font-size:12px;text-align:left;width:100%;border-spacing:0px; padding:3px 3px 3px 3px"&gt;

&lt;tr&gt;

&lt;td&gt;DIST_CODE&lt;/td&gt;

&lt;td&gt;4&lt;/td&gt;

&lt;/tr&gt;

&lt;tr bgcolor="#D4E4F3"&gt;

&lt;td&gt;DIST_NM_E&lt;/td&gt;

&lt;td&gt;LARNAKA&lt;/td&gt;

&lt;/tr&gt;

&lt;tr&gt;

&lt;td&gt;DIST_NM_G&lt;/td&gt;

&lt;td&gt;ΛΑΡΝΑΚΑ&lt;/td&gt;

&lt;/tr&gt;

&lt;tr bgcolor="#D4E4F3"&gt;

&lt;td&gt;SHAPE.AREA&lt;/td&gt;

&lt;td&gt;1122258549,503932&lt;/td&gt;

&lt;/tr&gt;

&lt;tr&gt;

&lt;td&gt;SHAPE.LEN&lt;/td&gt;

&lt;td&gt;324735,719401&lt;/td&gt;

&lt;/tr&gt;

&lt;/table&gt;

&lt;/td&gt;

&lt;/tr&gt;

&lt;/table&gt;

&lt;/body&gt;&lt;script type="text/javascript"&gt;

				function changeImage(attElement, nameElement) {

				document.getElementById('imageAttachment').src = attElement;

				document.getElementById('imageName').innerHTML = nameElement;}

			&lt;/script&gt;&lt;/html&gt;

</description>
			<styleUrl>#PolyStyle90</styleUrl>
			<MultiGeometry>
				<Polygon>
					<extrude>0</extrude>
					<altitudeMode>clampToGround</altitudeMode>
					<outerBoundaryIs>
						<LinearRing>
							<coordinates> 33.62284635336209,35.1180669656002,0 33.62128337369387,35.11805046349874,0 33.62080854345145,35.11804198316754,0 33.62036412741533,35.11801016781693,0 33.62039443377759,35.11784281882651,0 33.61873473331149,35.11734395688847,0 33.61880880638491,35.11699406375492,0 33.61841416827647,35.11756288699485,0 33.61777531079418,35.11743126926466,0 33.61779620783192,35.11726105373194,0 33.61754441125068,35.11720765832117,0 33.61747203377553,35.11741458839046,0 33.61658310075423,35.11719432676814,0 33.6166594875847,35.11653780172003,0 33.61596316525265,35.11636515764884,0 33.61383788552948,35.11593243975838,0 33.61380894903706,35.11601764084322,0 33.61313463562423,35.11582056744279,0 33.61311916576409,35.11572951573925,0 33.61199090736129,35.11523947255987,0 33.61157080951347,35.11518696022281,0 33.61092242256697,35.11516974287169,0 33.61089354050969,35.11464063886558,0 33.61080472437129,35.1144328005285,0 33.61058296511563,35.11422904720544,0 33.61021125977725,35.1139782438647,0 33.60991126525396,35.11387048940784,0 33.60973157066705,35.11373481242315,0 33.60942258079558,35.11353491014294,0 33.60923295458606,35.11343106457627,0 33.6082045680198,35.11334447041155,0 33.60748891580037,35.11390655447396,0 33.60709464527581,35.11397340572104,0 33.60697099986635,35.11411060589329,0 33.60679323339973,35.1142344180465,0 33.60614225010045,35.11386549303447,0 33.60597212484338,35.1139985348163,0 33.60653478321012,35.11463557970077,0 33.6062369718593,35.11487230169313,0 33.6057430543051,35.11438990933871,0 33.60539710360862,35.11424822763034,0 33.6052440749216,35.11490799361105,0 33.6054144691556,35.11491055719215,0 33.60552658722879,35.11489975373814,0 33.60571007904354,35.11498761436568,0 33.60588420951523,35.11513194514428,0 33.60598985844483,35.11525547314384,0 33.606078883275,35.11540917088507,0 33.60609233645861,35.11554227010892,0 33.60607322759027,35.11576772397387,0 33.60600037838162,35.11603100577204,0 33.60599741131355,35.11619150291215,0 33.60609746958978,35.11623539177472,0 33.60596571122927,35.11646951053364,0 33.60568939436877,35.11668473272917,0 33.60555122997605,35.11654542760201,0 33.60567944108255,35.11646283864874,0 33.60580737500677,35.11634269167948,0 33.60591007198621,35.11618169607956,0 33.60590429880219,35.11596319558644,0 33.60594919858064,35.11585370691865,0 33.60601850037022,35.11567239127785,0 33.60600512422495,35.1155495351004,0 33.60583261592384,35.11527668019912,0 33.60577820640682,35.11520921779086,0 33.60556767329209,35.11539806789916,0 33.6050207440577,35.11527392869461,0 33.60493901136561,35.11542409055915,0 33.60423355154348,35.1153705806362,0 33.60435221612496,35.11512072935314,0 33.60369451372217,35.11496693876933,0 33.60381134052771,35.11446783739294,0 33.60337470592867,35.11442562240552,0 33.60333664503435,35.11456690434033,0 33.60328167568726,35.11477095154196,0 33.60277847869903,35.1147188231257,0 33.60271841140376,35.11502642772694,0 33.60190358798572,35.11497925922581,0 33.60213348368666,35.11403229554817,0 33.60184213616893,35.11396886636606,0 33.60181871109108,35.11417385422124,0 33.60177365492908,35.1142628553045,0 33.60146353791767,35.11447268046125,0 33.60087255571104,35.11434927375269,0 33.60083398027535,35.11418898255404,0 33.60105821575233,35.11416738402136,0 33.60102050398066,35.11299297682366,0 33.60065902279914,35.11299818300394,0 33.60062354380018,35.11340127123185,0 33.60034491573164,35.11337192112097,0 33.5995219870784,35.113350385259,0 33.59949397595571,35.11349734740483,0 33.59933404778862,35.11350496808495,0 33.5993308026985,35.11391301828312,0 33.59955313531759,35.11391533331369,0 33.59953557472839,35.11407078087225,0 33.59941085363532,35.11406286145702,0 33.59940535842553,35.11416361673049,0 33.59947652455992,35.11423504282938,0 33.59952657470308,35.11426033179995,0 33.59944289032575,35.1144764258495,0 33.59968731162306,35.11439807469782,0 33.59969738032088,35.11431924033117,0 33.59998489662824,35.11431306724105,0 33.60004825945438,35.11417352876845,0 33.60017349485418,35.11415341793094,0 33.6002627193861,35.11384389617913,0 33.6005142921765,35.11395403004264,0 33.60033686237829,35.11425006590235,0 33.60026221025527,35.11423651355939,0 33.59977880425754,35.1143976220377,0 33.59938116231261,35.11454787001518,0 33.59900171607403,35.1143704835675,0 33.59857264858149,35.11434318152347,0 33.59848567015404,35.11463077174897,0 33.59669469743788,35.11429050265092,0 33.59667487936584,35.11439195117996,0 33.59664332714789,35.11476372702251,0 33.59808484556976,35.11510572149513,0 33.59759882946876,35.11517568520409,0 33.59764827446533,35.11537814334493,0 33.59769054017857,35.11553559239044,0 33.59640354002332,35.11571084906044,0 33.59642298944093,35.11555872692888,0 33.59605288363822,35.11554928626499,0 33.59605390880049,35.11569004654689,0 33.59556694500279,35.11563050348187,0 33.59552164184093,35.11599671553652,0 33.59519252488605,35.11597017874931,0 33.59381537085766,35.11599945608256,0 33.59278009748794,35.11592569450045,0 33.59275415540719,35.11612852330897,0 33.59276920685473,35.11631425951887,0 33.59279832896374,35.11655060239316,0 33.59277879102633,35.11669146326859,0 33.59269741828678,35.11681010426604,0 33.59258843315568,35.116900726955,0 33.59223312637965,35.11704322875136,0 33.59203465066058,35.11707798165264,0 33.59181712366501,35.11732116017651,0 33.5915999617089,35.11761501200296,0 33.59070959285637,35.11743365714385,0 33.59017213076087,35.11727287398864,0 33.59000941689629,35.11751578240347,0 33.58998322504046,35.11768482846487,0 33.59007259119907,35.11772380782678,0 33.58966930880349,35.11786653566446,0 33.58925469309173,35.11771468663604,0 33.58927553038102,35.1176910877932,0 33.58946552438238,35.1174035269327,0 33.58973229377762,35.11723346850333,0 33.58991315192075,35.1170698804808,0 33.59026501673134,35.11665172068174,0 33.59043146485158,35.11636079536274,0 33.59062155596123,35.11602854195586,0 33.59089061297098,35.11571802355691,0 33.59124275497659,35.11518923318376,0 33.59147907154191,35.11483670500932,0 33.59179445678714,35.11445721095289,0 33.59191485931962,35.11425798455908,0 33.59200645671786,35.1138024816853,0 33.5920710711014,35.11363016107219,0 33.59219596379793,35.11338118881288,0 33.59233876661543,35.11292174155847,0 33.59246396885435,35.11276458987738,0 33.59262651174794,35.11263413511515,0 33.59261525281642,35.11206026122822,0 33.59254401427649,35.11165104174479,0 33.59237404400858,35.11096275053286,0 33.59199592394947,35.11068814247674,0 33.59203748530799,35.11058474508588,0 33.59143558144203,35.11023030068687,0 33.59065272884919,35.10910793308972,0 33.59030151201127,35.10860438547992,0 33.59004343300281,35.10823190433941,0 33.58991824939121,35.10803499614938,0 33.58983989155743,35.10787635320079,0 33.5895343947598,35.10728653351677,0 33.58930724585642,35.10685215826538,0 33.58890118961549,35.10644376644162,0 33.58864350188328,35.106184267507,0 33.58857849994562,35.10613964581266,0 33.58833944526774,35.10602186877909,0 33.58825633520788,35.10599221052554,0 33.58799027622754,35.10594484477648,0 33.58759452860529,35.10590203177041,0 33.58754898579652,35.1058584329322,0 33.58735030851188,35.1057906605928,0 33.58736056849051,35.10575546184399,0 33.58693492234462,35.10569246324254,0 33.58694484594715,35.1055560051126,0 33.58691036642076,35.10532797818263,0 33.58684737412159,35.10510747619897,0 33.58683013131686,35.10499239637596,0 33.58680893292604,35.10485814046037,0 33.58675517720111,35.10468451768908,0 33.58673414932868,35.10460142508491,0 33.58667497705503,35.10435853093329,0 33.58664987774543,35.10422108487982,0 33.58662716328005,35.10402074496228,0 33.58657924693657,35.10365204875995,0 33.58651736589104,35.10337398608747,0 33.58642392664924,35.10296648223377,0 33.58631852854526,35.10247213967005,0 33.58621088307654,35.10208225898512,0 33.58612294486823,35.10186577203716,0 33.58597102866791,35.10149178220184,0 33.5858564633911,35.10127103572372,0 33.58573163019511,35.10093879356818,0 33.58560517724975,35.10061502951205,0 33.58541742820248,35.1000289311423,0 33.58536193671603,35.0998956192341,0 33.58525066163335,35.09967045740312,0 33.5850986275604,35.09934268240506,0 33.58504530872838,35.09918281189606,0 33.58499938254896,35.09901343290516,0 33.58490062420886,35.09858113952327,0 33.58486067417299,35.09847276073714,0 33.58469776946291,35.09809890948025,0 33.58430090090185,35.09731204583963,0 33.58414994023217,35.09705748303544,0 33.5840220558817,35.09679608805474,0 33.58382803281709,35.09648874176937,0 33.58361088892291,35.0961733109345,0 33.58335041631417,35.09572374743316,0 33.58322394135622,35.09538777661002,0 33.58309716045308,35.09495861607576,0 33.58305570539713,35.09462020077078,0 33.58303072801076,35.09441630295599,0 33.58297303087638,35.09401206627677,0 33.58292739730726,35.09376996912758,0 33.58290535434338,35.09368998767722,0 33.58289713023671,35.09352573207443,0 33.58289683343865,35.0934351727299,0 33.58297926628094,35.09339856184494,0 33.58309408400694,35.092968955911,0 33.5831463054619,35.09241970003082,0 33.58314474357378,35.09206012081,0 33.58312789773561,35.09200226895146,0 33.58306904431094,35.09201408536558,0 33.58282774092812,35.09202216551237,0 33.5826059681981,35.09201400458878,0 33.58244308073415,35.09199864038133,0 33.58217354878584,35.09198378713183,0 33.58177500353307,35.09198108665275,0 33.58128068011875,35.09192809531968,0 33.5808335540287,35.09183789421264,0 33.58006177766367,35.09180475579696,0 33.57953138076542,35.09180959866396,0 33.57885761240941,35.09178052265315,0 33.57849776438982,35.09166779122175,0 33.57831777649424,35.09158764470688,0 33.57792032422671,35.09148776456287,0 33.57719764012895,35.09140779591835,0 33.57701726010417,35.09139518302761,0 33.57665653181594,35.09137444615669,0 33.57607231798056,35.09142661888358,0 33.57547587406876,35.09148782748051,0 33.57499511344358,35.09149010822902,0 33.57457719467928,35.09149433468913,0 33.57433139746273,35.09150223443068,0 33.57399317676446,35.09154520837964,0 33.57318594835668,35.09168053024472,0 33.57266139733817,35.09176056240651,0 33.57207500563707,35.09179704904853,0 33.57170999606511,35.09181225824556,0 33.57122196417437,35.09183478932622,0 33.57091293465057,35.09182775628292,0 33.57036106578212,35.09179559910809,0 33.56976608780356,35.09177548277329,0 33.56945663080577,35.09175187309713,0 33.56916912883133,35.09175322297902,0 33.56870785446031,35.09182341683339,0 33.5681116651329,35.09191214381915,0 33.56774590131971,35.0919353400326,0 33.56734937074919,35.09191929336706,0 33.5669221753196,35.09187832537427,0 33.56667367912109,35.09185084319775,0 33.56656442974295,35.09180122600277,0 33.56639426961078,35.0917626361233,0 33.56622177676731,35.09177113788597,0 33.56594598733645,35.09182201681696,0 33.56569823339333,35.09190194442782,0 33.56552886443639,35.09197792471089,0 33.56540295794004,35.0920393806685,0 33.56527770915343,35.09208031848191,0 33.56520118889368,35.0921435279643,0 33.56490771807213,35.09237766121598,0 33.56475458081859,35.09245650786526,0 33.56422973997844,35.09267664910858,0 33.56388848152795,35.09290881005546,0 33.56322770320791,35.09307755932423,0 33.56314490566591,35.09313559469371,0 33.56304192598623,35.09317300416129,0 33.56285834832923,35.09399589292896,0 33.56284414353032,35.09466317090392,0 33.5628409034552,35.0948153799673,0 33.56285368181706,35.09497501791403,0 33.56293988959241,35.09502334642673,0 33.5630507712114,35.09509790008114,0 33.5627432337028,35.09504395938419,0 33.56234728988865,35.09503061954203,0 33.56229298056758,35.09577650236305,0 33.56227200121763,35.09615852508286,0 33.56218972346972,35.0965992841253,0 33.56210217218488,35.09692283250827,0 33.56167921534773,35.09692571384315,0 33.56095622755291,35.09691909780111,0 33.56027006877015,35.09689623352338,0 33.56001671431923,35.09687249292973,0 33.56002797661804,35.09734944136447,0 33.56004068347807,35.09748684689427,0 33.56004896248273,35.09778796869478,0 33.55998130317832,35.09818827509608,0 33.55973777948842,35.09816451377749,0 33.55917939704861,35.0981110701922,0 33.55908367190435,35.09817189453941,0 33.5589803945642,35.09817412394955,0 33.55888706307119,35.09821271131681,0 33.55884337578309,35.09840682068939,0 33.55856802424285,35.09843162686288,0 33.55838142121109,35.09852901087755,0 33.55829544371083,35.09855950090995,0 33.55800272970687,35.09853381367388,0 33.55792146614083,35.0984955753291,0 33.55786684473622,35.09831985288757,0 33.55771410814796,35.09822921050747,0 33.5575609831337,35.09800720074941,0 33.55741596857737,35.09803174288466,0 33.55702531066437,35.09814772298815,0 33.55695665875936,35.0982165762351,0 33.55678598271992,35.0987120757737,0 33.55685983985101,35.09874022348429,0 33.55690215847969,35.0989139504018,0 33.55686800533235,35.09900698740027,0 33.55605449821967,35.09911337058673,0 33.55604669728094,35.09905691570145,0 33.55602714716376,35.09905953017885,0 33.55596570912392,35.09906775054039,0 33.55602695992697,35.09899593104227,0 33.55614212617402,35.09886089429675,0 33.55617121314481,35.09871734110678,0 33.55609616070023,35.09828296322253,0 33.55613519824342,35.09817779012357,0 33.55602377636434,35.09791319070806,0 33.55601006049341,35.09788062026077,0 33.55597190548175,35.09780883654707,0 33.55558012537985,35.09753708847401,0 33.55530281599138,35.09692072921217,0 33.55507141470304,35.09676933245189,0 33.5548306557231,35.09680234845451,0 33.55509993055444,35.09749329672447,0 33.55490705142826,35.09753977780588,0 33.55517808192516,35.09826597418662,0 33.55524572805715,35.09826855249832,0 33.55543494084826,35.09865866040815,0 33.55549368145321,35.0989988604607,0 33.55549227003203,35.09908021366457,0 33.55544963129109,35.09916707310032,0 33.5553772418874,35.09923500872506,0 33.55519098891703,35.09929232266802,0 33.55507886948404,35.09931423704023,0 33.55486180946039,35.09899197635424,0 33.554629966612,35.09869143718591,0 33.55426364496694,35.098098299913,0 33.55392014160648,35.09740885267771,0 33.55324139186838,35.0977288097281,0 33.55294410174081,35.09761143540228,0 33.55269789118131,35.09747226603685,0 33.55255913536713,35.09741016830129,0 33.55243850726698,35.09734125616093,0 33.55190661010893,35.09710231172002,0 33.55165292282874,35.09837187734941,0 33.55143996068199,35.09832077049406,0 33.55100419671772,35.09823891250264,0 33.55078469860897,35.09820951104239,0 33.55052388337904,35.09815442753964,0 33.55000910616343,35.09813237649014,0 33.55003240882391,35.09762931251426,0 33.54962660187908,35.09763687757417,0 33.54962481232526,35.09758807040512,0 33.5481359950443,35.09760517639972,0 33.54812397572395,35.0977292596905,0 33.54805707578669,35.09798903263008,0 33.54737240516123,35.0976849412736,0 33.54704213318221,35.09756897049893,0 33.54681925048342,35.09750838418179,0 33.54604358545439,35.09740139541586,0 33.54558331356267,35.09740023771144,0 33.54517915440135,35.09740744514585,0 33.54374918335166,35.09752404012018,0 33.54358263143963,35.09754875966345,0 33.54287106685788,35.09765178677478,0 33.54278663287747,35.09769614859218,0 33.54272895908348,35.09772645132299,0 33.54248811087201,35.09787005309832,0 33.54234758218352,35.09795488873988,0 33.5421370954908,35.09806214568008,0 33.54200777329462,35.09812630859745,0 33.54203884493565,35.09820450042022,0 33.54221447500531,35.09859630980075,0 33.54230923260988,35.09891226191701,0 33.54233294420334,35.09897288764804,0 33.54236200652061,35.09901206497469,0 33.54243008636253,35.09901583473771,0 33.5427902499448,35.09899746314897,0 33.54301830339185,35.09898583069599,0 33.54342394536181,35.09891591973314,0 33.54350314674399,35.09892119395965,0 33.54338660780155,35.09972576819656,0 33.54318367477999,35.09972072649779,0 33.54316575571096,35.1003952932348,0 33.5427940485893,35.10039924928377,0 33.54250400750385,35.10040233581876,0 33.5419080460784,35.10040244556361,0 33.54189265943216,35.10051539567101,0 33.54188621767551,35.10059525869477,0 33.54186090727408,35.10075930479831,0 33.54184892368238,35.10092376817331,0 33.54183528888712,35.10117220425991,0 33.54183448247451,35.1012502392893,0 33.54157273217633,35.10122616150529,0 33.54128085951805,35.10120051579962,0 33.54097767342969,35.10117721032718,0 33.54093626256603,35.10141059879931,0 33.54086552817195,35.10175364167603,0 33.5408164482135,35.10195240460202,0 33.54038251850146,35.10188476407844,0 33.54036925782049,35.10195939142984,0 33.54033431610309,35.10215603415129,0 33.54029593602188,35.10242770300882,0 33.54027645729777,35.10265610969706,0 33.54028682393726,35.10273778704328,0 33.54032303520337,35.1030049130162,0 33.54033982301574,35.10324334656984,0 33.53998988680994,35.10325221874056,0 33.53999610387978,35.10362644559408,0 33.54010791435227,35.10362734199481,0 33.54050880754773,35.10363823353106,0 33.54083278234732,35.10365021686029,0 33.54084351787188,35.10383645386565,0 33.54094728049393,35.10387678733981,0 33.54095115178046,35.10389810978293,0 33.54098293755426,35.10395620192325,0 33.5410001880872,35.1042223404704,0 33.54093037146382,35.10424670943194,0 33.54060215885684,35.10435825493849,0 33.54058358775313,35.1044424680022,0 33.54067018605703,35.10468742274826,0 33.54071858829928,35.10484348778791,0 33.54076247031787,35.10500500299161,0 33.54081998993652,35.10519657036397,0 33.54070663156705,35.10521174626101,0 33.5402275793425,35.10527831748173,0 33.5402735651866,35.10552006238252,0 33.54031935761371,35.10572065656594,0 33.54037058092543,35.10591908659729,0 33.54040995646221,35.10609450172235,0 33.54046484554647,35.1063255892527,0 33.54050606658836,35.10651315146431,0 33.54054055430895,35.10665225204547,0 33.5404647945515,35.10667011840888,0 33.54036458703002,35.10666353599794,0 33.5402725489615,35.10666955019681,0 33.54019549089708,35.10669430705975,0 33.53999536698443,35.10676269894847,0 33.53987416124509,35.10681063700388,0 33.53956745198896,35.10696635884484,0 33.53928160333127,35.1071210514656,0 33.53918790323134,35.1071589330668,0 33.53892490624178,35.10728515710242,0 33.53885950472831,35.10732502552537,0 33.53850890323356,35.10750424994559,0 33.53826638774419,35.10764281906986,0 33.53795722652146,35.10782947200651,0 33.53774391527867,35.10794595963529,0 33.53765361744763,35.10800575237935,0 33.53747827722604,35.10814813867464,0 33.53732767086683,35.10824808992836,0 33.53714418018767,35.10837119489742,0 33.53713221878616,35.10842694079484,0 33.53695660201895,35.1084707479285,0 33.53690071179984,35.10846707168106,0 33.53679923636641,35.10844792284961,0 33.53631203736832,35.10847937822571,0 33.53580875044876,35.10851450473984,0 33.53541388833962,35.10854210502135,0 33.53511443646072,35.10856002193954,0 33.53469790450619,35.1085846453778,0 33.53440804306044,35.10860329165182,0 33.53436427056659,35.10845997204638,0 33.53432611944104,35.1083518696233,0 33.53426666657909,35.10834079115575,0 33.53419854694158,35.10818614904566,0 33.53408608125614,35.10793629914298,0 33.53406867111208,35.10787224493731,0 33.53393422324586,35.10754942073378,0 33.53384329003111,35.1073173459649,0 33.53403908810372,35.10727036624548,0 33.5344264100289,35.10717942996531,0 33.5347164955695,35.1071125668614,0 33.53500574440274,35.10704228685051,0 33.53538864545349,35.10695145805312,0 33.53568970204002,35.10688213834064,0 33.53597633861622,35.10681504499181,0 33.53616810515975,35.10677339701518,0 33.53636209764118,35.10674572679223,0 33.53637808628166,35.10667310788227,0 33.53637865910712,35.10658759235868,0 33.53625644002071,35.10649417394571,0 33.53617951598593,35.10644961912102,0 33.53592753121625,35.1063850979741,0 33.53557653107591,35.10629484075297,0 33.53537191060443,35.10624318398133,0 33.53508688857483,35.1063528337267,0 33.53497266465988,35.10639811931802,0 33.53485273490048,35.1064748509341,0 33.53476910466023,35.10651047627599,0 33.5345564814854,35.10660148716973,0 33.53428762170452,35.10670687948046,0 33.53410731703517,35.10677544834821,0 33.53382445462424,35.10687821515573,0 33.53364375584493,35.10694500120275,0 33.53355838348275,35.10698579298636,0 33.53338989755744,35.10707604510269,0 33.53303482699911,35.10731083022121,0 33.53272644794925,35.10752848176458,0 33.53237852706982,35.10776689953112,0 33.53205945006929,35.10798528953202,0 33.53175391647363,35.10819765923969,0 33.53139648702459,35.10844549584918,0 33.53109180243501,35.10865720935615,0 33.5307846125481,35.10886951627114,0 33.53053867910454,35.10903715324974,0 33.53048582633681,35.10909562751107,0 33.53043929967156,35.10916445727982,0 33.53040006187125,35.10922987669812,0 33.53037626326293,35.10926955402125,0 33.53030017327995,35.10923005408873,0 33.52978721249697,35.10896376302777,0 33.52973976445053,35.10902081257363,0 33.52957948165557,35.10894149119758,0 33.52929989647443,35.10880312793068,0 33.52895846070957,35.10862259334197,0 33.52891580150428,35.10867472888257,0 33.52877930895563,35.10880918563578,0 33.52873282637565,35.10884920405972,0 33.52870067297666,35.10883097919276,0 33.5285422592389,35.1087293431728,0 33.52847518713004,35.10876287465931,0 33.52838389536942,35.10880039129439,0 33.52829727970474,35.1088346767008,0 33.52820931244059,35.10887183438261,0 33.52791920437553,35.10897749176917,0 33.52754656635535,35.1091119756101,0 33.52743083061579,35.10915489541922,0 33.52739756221425,35.10912941248798,0 33.52722914924318,35.10899718601782,0 33.52707288430059,35.10887775773531,0 33.52697871583916,35.10880505916808,0 33.52673880283052,35.10902783421971,0 33.52660114467524,35.10915823189283,0 33.52651105408779,35.10923671859091,0 33.52636377704283,35.10936502596093,0 33.52613613535864,35.10955945793485,0 33.52608034220974,35.10959892443497,0 33.52598942779944,35.10973218961698,0 33.52584506071889,35.10992835093968,0 33.52573820047137,35.11007101727728,0 33.52568710690478,35.1101639053404,0 33.52543050808016,35.11018872276492,0 33.52535412733376,35.11020760277868,0 33.52533365431548,35.11023107197939,0 33.52532120234209,35.11026858897058,0 33.52531218421348,35.11031078646622,0 33.5253204851266,35.1104335669676,0 33.52533082975923,35.11046354592688,0 33.52535601582043,35.11049912225303,0 33.52543712896922,35.11054584985805,0 33.52551371164932,35.11060570879221,0 33.52567891327261,35.11097005986944,0 33.52578152692666,35.1109492594729,0 33.52582491021805,35.11096324399237,0 33.52620124727642,35.11136472184746,0 33.52615802387938,35.11141354080951,0 33.5259940160564,35.11151318734284,0 33.52573894948026,35.11169266794721,0 33.52583849579861,35.11180966586743,0 33.52584885662464,35.1118462059831,0 33.52584573005647,35.11186017409476,0 33.52583966998371,35.11188691512743,0 33.5257258843253,35.11200995196082,0 33.52566611933047,35.11204906681592,0 33.52562367260728,35.11205785021198,0 33.52518406047007,35.1118405606943,0 33.52491811942631,35.11161503876722,0 33.52440317656679,35.11118180359097,0 33.5236518541341,35.11075888450181,0 33.52376255300767,35.11065363219356,0 33.52338802493931,35.11041243458785,0 33.52321209611481,35.11048013459937,0 33.52288365881791,35.1103399536538,0 33.52220995383451,35.11007746059198,0 33.5222527542614,35.10983158191586,0 33.52198232159685,35.1097309453579,0 33.52112771903094,35.10947668316768,0 33.52073903924506,35.10935840510851,0 33.52076527302541,35.10924659825676,0 33.52080773032293,35.10906565199559,0 33.52056740917487,35.10896792600764,0 33.52039588655391,35.10882755739845,0 33.52035684124783,35.10863941730597,0 33.52035097960675,35.10822339444757,0 33.52032634823875,35.1080154184598,0 33.52029444422902,35.10778962596584,0 33.5202408541244,35.10756981175467,0 33.5201318163505,35.10735009299559,0 33.51982179944465,35.10677609278765,0 33.51960150126288,35.10640995845728,0 33.51948299703875,35.10625761237699,0 33.51881405310548,35.10579119568312,0 33.51730826481117,35.10519343643008,0 33.51706938896925,35.10510864491708,0 33.51559054662651,35.10467327344654,0 33.51512014870557,35.10454725801664,0 33.51363201338065,35.10425055538188,0 33.51316413485419,35.10416811427046,0 33.51224550631717,35.10410621494108,0 33.51154649106526,35.10414499074659,0 33.50937006284808,35.10432877646225,0 33.50844147011715,35.10441541661425,0 33.50807541910225,35.10375446875845,0 33.50779044105528,35.10345538094418,0 33.50767177106196,35.1032612736524,0 33.50731823600016,35.10253206734306,0 33.50687211569494,35.10192559683801,0 33.50654802772207,35.10114545478502,0 33.50600040306249,35.09985100939036,0 33.50531048068459,35.09908300391778,0 33.50441023107707,35.09802619067185,0 33.50394063518227,35.09759322524786,0 33.50314943136458,35.09673136745845,0 33.50307418433722,35.09647885722311,0 33.5030299355686,35.09630315297552,0 33.50293020646087,35.09585256918816,0 33.50287440429672,35.09542896234611,0 33.50286327381605,35.09535686029407,0 33.502819285118,35.0953028405191,0 33.5029644488435,35.09523509390866,0 33.50307123762125,35.09518525856119,0 33.50395853471348,35.09476920139542,0 33.50403521327777,35.09473304472714,0 33.50474350538075,35.09433037158043,0 33.50484563600865,35.09427230893866,0 33.50531650341665,35.09398327619006,0 33.50564030289348,35.09375668487321,0 33.50567779147685,35.09373045097143,0 33.506115629203,35.09338741194853,0 33.50629078907388,35.0932610072094,0 33.50678382953966,35.09308004533458,0 33.50728789691605,35.0929260900097,0 33.50748506978447,35.09283568629585,0 33.50791218395864,35.09260076829526,0 33.5084048989758,35.09228466028765,0 33.50861297014369,35.09216720844532,0 33.50883211196302,35.09209478530764,0 33.50901831749147,35.09200439538056,0 33.50926335150671,35.0918426987678,0 33.50945625975136,35.09171539914645,0 33.5096424604374,35.09162500918372,0 33.5100696913693,35.09144413838824,0 33.5102777790221,35.09133569313828,0 33.51043108192866,35.09124535387048,0 33.51094536505563,35.09078505379789,0 33.51104381916557,35.09068579292461,0 33.5108901506356,35.09062297724504,0 33.50964979003644,35.09009342821727,0 33.50945292582922,35.0903099655952,0 33.50919380778187,35.0902959491837,0 33.50880588014672,35.09027496410067,0 33.50892616960862,35.08994015525897,0 33.50928519849715,35.08894083128816,0 33.50893418406496,35.08888733749779,0 33.50865303354099,35.08957704816121,0 33.50860711894055,35.0896896808085,0 33.50788291902828,35.0894836214891,0 33.50813374282454,35.08889762345068,0 33.50779367062231,35.08883509892387,0 33.50743302323878,35.08934919851192,0 33.50733420891837,35.08929529886566,0 33.50727919219417,35.08921430364244,0 33.50713622148829,35.08903434529803,0 33.50708120513163,35.08895334907697,0 33.50701372571871,35.08823271723694,0 33.50746776514249,35.08800130997681,0 33.50775846616921,35.08785314907476,0 33.50813043231673,35.08749218901673,0 33.50861310715337,35.08758151183186,0 33.50865662684178,35.08743729502368,0 33.50855774937198,35.08735636985303,0 33.50815142728976,35.08709574966461,0 33.50807456629779,35.08705082580657,0 33.50805240311557,35.08695175983172,0 33.50752638029221,35.08707872485707,0 33.50765914601342,35.08758303047708,0 33.50756050275929,35.08760120555051,0 33.50728734882877,35.08776145340239,0 33.50706775037397,35.08789028185212,0 33.50703434771331,35.08767411277093,0 33.50708401047949,35.08749111861671,0 33.50713218910502,35.08731358863945,0 33.50710981588232,35.08712442994391,0 33.50706848416781,35.08698665386924,0 33.50698825100592,35.08671920683764,0 33.50692223000026,35.08662021042556,0 33.50743627108163,35.08606082387684,0 33.50781887670081,35.08556470885198,0 33.50786254531737,35.08548355743033,0 33.50807106701804,35.08556430781153,0 33.50830652822081,35.08597554442728,0 33.50831329088179,35.08598735600961,0 33.50839036348478,35.0861223713758,0 33.50882963917647,35.08640996675422,0 33.50909209356039,35.08611224229615,0 33.50926766027391,35.0861660165468,0 33.5095419311887,35.08622864225499,0 33.50961874921116,35.08625554722464,0 33.50968468935025,35.08631850621253,0 33.50975058547399,35.08636344630282,0 33.50989321384607,35.08639925342027,0 33.51063936576129,35.08662328432752,0 33.5110891016913,35.08669463223612,0 33.51113246438523,35.08648735035012,0 33.51111027765881,35.08637927551754,0 33.51100011100297,35.0861632318356,0 33.51074690783538,35.08574020557719,0 33.51061487851427,35.08555122537754,0 33.51024743018588,35.08512396918812,0 33.51019705903877,35.08506539882235,0 33.51003213755103,35.08487647070582,0 33.50989989715674,35.08459739712496,0 33.50962473209576,35.08415638487132,0 33.50974525832012,35.08412015568378,0 33.50969549526538,35.08400563694177,0 33.50962398376445,35.08384106450738,0 33.50955086761807,35.08383580198452,0 33.50888923089179,35.08378818464719,0 33.50883325710015,35.08330177524015,0 33.50844848052862,35.08286994563866,0 33.5083389420294,35.08291516585422,0 33.50821776050848,35.08267210911116,0 33.50687966040453,35.08248503896455,0 33.50689045433673,35.08241294825535,0 33.50684598689914,35.08215175047103,0 33.50659286003738,35.08174673385654,0 33.50660325603125,35.08150346823614,0 33.50676734089252,35.08134104287011,0 33.50672266170766,35.08098975325787,0 33.50684320523357,35.08096253460786,0 33.50677704146919,35.08080047367482,0 33.50680209354412,35.08079147573166,0 33.50753293303364,35.08052899975464,0 33.50760934377485,35.0803847302396,0 33.50749944848478,35.08027679364558,0 33.50746651439054,35.08025882766565,0 33.50734968485026,35.08018488575316,0 33.50717048345739,35.08025929625289,0 33.50704998457307,35.08030453320458,0 33.50700558578859,35.08025956029328,0 33.50678193519236,35.08003620504832,0 33.50650215466061,35.08003986356841,0 33.50629513885981,35.08020263640196,0 33.50619335122759,35.08021116493073,0 33.50617776974598,35.08021247120053,0 33.50528805301951,35.08022964939603,0 33.50528466076187,35.08026226731644,0 33.50527415648151,35.08046048747516,0 33.50543899444161,35.08062239493528,0 33.50552321567147,35.08138848245225,0 33.50487091316166,35.08139341370443,0 33.50434625910707,35.0810874915003,0 33.50421387918342,35.08105478827788,0 33.50405230972573,35.08098029185039,0 33.50304675161896,35.08101243324856,0 33.50288537776294,35.08102287556142,0 33.50245095568742,35.08107111387317,0 33.50209526258781,35.08116339811733,0 33.50192253003874,35.08117704019099,0 33.50179403386515,35.08113592707833,0 33.50167654780154,35.0810259460752,0 33.50154218360486,35.08086090938598,0 33.50144117493981,35.08063156095446,0 33.50145759884592,35.08048924334145,0 33.50151314646889,35.08036522559677,0 33.50148801072436,35.08026816356914,0 33.50146008196975,35.08016032056993,0 33.50146348463326,35.08000317730644,0 33.50135741872629,35.0798469220229,0 33.50118797860469,35.07971249015781,0 33.50058988592652,35.07934843316386,0 33.50017718585126,35.07915788263836,0 33.49972750347715,35.07897173501565,0 33.49898178791581,35.07876865701623,0 33.49874393639088,35.07876467318486,0 33.49847974321948,35.07879983068788,0 33.49823636830898,35.07869157514373,0 33.49805097168144,35.07850936774525,0 33.4975055744144,35.07806266170848,0 33.49766388270164,35.07794945376573,0 33.49775880650413,35.07785372622187,0 33.4982130712227,35.07772703707983,0 33.49862471839512,35.07745268296466,0 33.49861904371799,35.07727889470954,0 33.49850233788946,35.07708789625204,0 33.49818934743156,35.07657132162986,0 33.49828964266271,35.07651468355567,0 33.49789743578537,35.07602429757721,0 33.49779171994486,35.0760201109338,0 33.49764331995262,35.07583350622685,0 33.49738883272691,35.07547760276726,0 33.49761585748027,35.07536864078092,0 33.49770605431839,35.07552492136384,0 33.49791196538998,35.07542902390099,0 33.49890505231092,35.07500300850484,0 33.49913168906269,35.07490578338088,0 33.49922655427494,35.07478832833442,0 33.4991714520167,35.07471033209649,0 33.49897205352679,35.0744280852368,0 33.49911986966789,35.07434965418245,0 33.49857383342354,35.07360749342802,0 33.49889007952455,35.07322466321905,0 33.49868349363956,35.07301641739983,0 33.49828071188499,35.07251735560104,0 33.49839664376809,35.07236511139902,0 33.49811580127002,35.0720353194772,0 33.49791947157854,35.07168367511586,0 33.49728276109283,35.07055495003567,0 33.49675764755351,35.06969543797605,0 33.49664131254858,35.06966519717542,0 33.49664097570104,35.06951312593959,0 33.4971054958322,35.06926477044092,0 33.49729566267369,35.06922538006064,0 33.49745467844581,35.06943804212317,0 33.4977712385118,35.06919859639149,0 33.4983625463409,35.06893266198372,0 33.49887260170285,35.06867435580344,0 33.49899072873539,35.06861453212094,0 33.4992176110369,35.06844907927179,0 33.49911164513415,35.06822320383314,0 33.49906891835731,35.06813212579181,0 33.49883501431453,35.06751984420475,0 33.49878096852063,35.06698115167702,0 33.49873660623228,35.06671421402994,0 33.49867918214524,35.06636866972261,0 33.49839481275765,35.06681662874738,0 33.4983292232183,35.06687171997368,0 33.49809942352091,35.06706473646254,0 33.49720752588919,35.06761354029426,0 33.49705610537819,35.06769362529226,0 33.49632599912317,35.06807976867837,0 33.49615890936613,35.06819423952382,0 33.49576665990385,35.06846295898322,0 33.4948485876219,35.06914213089946,0 33.49418907232103,35.06964277469317,0 33.49398252044035,35.06943886529425,0 33.49381946344966,35.06932120168105,0 33.49345102025907,35.06956769982522,0 33.49296578580429,35.06918950307787,0 33.49337105727039,35.06766211400114,0 33.4934390287814,35.06740189078187,0 33.49343739369174,35.06730363330117,0 33.49301468793055,35.06706880147657,0 33.49257637694019,35.06682962275398,0 33.49239782073028,35.06701217048913,0 33.49224409856696,35.0670803801092,0 33.49148221507357,35.06683002296228,0 33.49103824908021,35.06669717077303,0 33.49110089012601,35.06633644999344,0 33.49112921580791,35.0662231808025,0 33.49037842680418,35.06610794308912,0 33.49035833083605,35.06618405890555,0 33.49015974795272,35.06611621942479,0 33.48931919513452,35.06597839073542,0 33.48836300070361,35.06586262768905,0 33.48836219563471,35.06572745953781,0 33.48851110521313,35.0654760929646,0 33.48884959547819,35.06484456814989,0 33.48906830079405,35.0645918387704,0 33.48891458459103,35.06447486628497,0 33.48837746539406,35.06440947592137,0 33.48777598274533,35.06434431047035,0 33.48775412706007,35.06412474433092,0 33.48757917798864,35.06407898195764,0 33.48729256162129,35.06387290919831,0 33.48722995838098,35.0636782890244,0 33.48731251291279,35.06353721704711,0 33.48750930680961,35.0634173377323,0 33.48755178083209,35.06317899083475,0 33.48753043189237,35.06307953602035,0 33.48749842637245,35.06306372596762,0 33.48717963511108,35.06307101915647,0 33.48695942447871,35.06320663137153,0 33.48688432034749,35.06312393215804,0 33.48715750251468,35.06297188741976,0 33.48704037155012,35.06279491120434,0 33.48685605815734,35.06279926035579,0 33.48669718016021,35.06265193999937,0 33.48657444000745,35.0626776934616,0 33.48632607251496,35.06224203322564,0 33.48614090460567,35.06210203509067,0 33.48582382048335,35.06191926055254,0 33.48634248643198,35.06113401021771,0 33.4865061941751,35.06079121448569,0 33.48676810185483,35.06023192276875,0 33.48682254858213,35.06006056205894,0 33.48639513126864,35.06009722333233,0 33.48571533569981,35.06000803156395,0 33.48506842290647,35.05991879192752,0 33.48495951765346,35.06026150822322,0 33.48484997904932,35.06029772208279,0 33.48411537439858,35.06020859798804,0 33.48366894089348,35.06013404492403,0 33.48320525996358,35.06005660951067,0 33.48239377927576,35.05989546480448,0 33.48227344312878,35.06001282618495,0 33.48215342000996,35.06028343820452,0 33.48216533537148,35.0607521951642,0 33.48205711389277,35.06143747363003,0 33.48194911311153,35.06223092630573,0 33.48199298413437,35.06239398703306,0 33.48204852054732,35.0626003996596,0 33.48211537434322,35.06313218447686,0 33.48191813370734,35.0631685152854,0 33.48165503055898,35.06315986206078,0 33.48157811593322,35.06306981935325,0 33.48056917245967,35.06284582777092,0 33.48086391947316,35.06224142851895,0 33.48081978218083,35.06209725201956,0 33.48056741149517,35.06197138887246,0 33.48044687920198,35.06199859849116,0 33.48005291451243,35.06232366817142,0 33.47950356841368,35.06169337529636,0 33.47973348350266,35.06155783912801,0 33.48004030459927,35.06150333224711,0 33.48017147631372,35.06132285957596,0 33.48010547807601,35.061205756579,0 33.48034818952719,35.0607819063937,0 33.48048778403697,35.0605381346809,0 33.48054228290508,35.06038480920791,0 33.48026813861237,35.06033108930464,0 33.48020275686635,35.06032140471552,0 33.47978568799505,35.06025962565891,0 33.47922690521121,35.06038659121172,0 33.47904072369929,35.0604679747043,0 33.47923736093695,35.0601341628015,0 33.47934894090276,35.05981097809287,0 33.47936814041979,35.05975536194755,0 33.47966397367419,35.05969185381785,0 33.47997072934824,35.05961030423231,0 33.48037648223235,35.05969990077634,0 33.48065037153403,35.05962740807387,0 33.48072588037805,35.05902331220191,0 33.48062717756633,35.05899639785383,0 33.47925704916177,35.05901628906737,0 33.47886235222632,35.05897174798029,0 33.47829211592282,35.0589407249086,0 33.47821556392952,35.05893656114263,0 33.47774396480078,35.058801970476,0 33.47740403636142,35.05873932137227,0 33.47689997824835,35.05882112831155,0 33.47652733061248,35.05883965462971,0 33.47590632591433,35.0588760405037,0 33.47596638559946,35.05833786400697,0 33.47620803104587,35.05820772573176,0 33.47629429547003,35.05804848492488,0 33.47638825220012,35.05791854658715,0 33.47652550407157,35.05791112434488,0 33.47704062566928,35.05788339333934,0 33.47715005494307,35.05779310062106,0 33.47739120386854,35.05779277742005,0 33.47752257252769,35.05771146709729,0 33.47752218305614,35.05751314428667,0 33.47766428150042,35.05731462555891,0 33.47765268116268,35.05699010637984,0 33.47778404826732,35.05690879307142,0 33.47797033869642,35.05688150099709,0 33.47813543180397,35.05722384184824,0 33.47814585485152,35.05721970927085,0 33.4784092448942,35.05711529454685,0 33.47846383082031,35.05700704632068,0 33.47885834036251,35.05696143690383,0 33.47902257208661,35.05687106677306,0 33.47903324664495,35.0567268181448,0 33.47890141364206,35.05657374040803,0 33.47890119422611,35.05646556500308,0 33.47909836744593,35.05640219531971,0 33.47925720450492,35.05647376083487,0 33.47931778256718,35.05650105772926,0 33.479712505298,35.05656362547407,0 33.47986574107328,35.05645524156608,0 33.47996454876991,35.05653624067079,0 33.47980044892994,35.05668971737846,0 33.47989929656419,35.05678874635215,0 33.48003830146419,35.05689598952539,0 33.48027255137867,35.057076716014,0 33.48041539092775,35.05724780295927,0 33.48068970796621,35.05739166638296,0 33.48088725856145,35.05751760794136,0 33.48090954970135,35.05769787249994,0 33.48100832215439,35.0577608399919,0 33.48129325918678,35.0577334103231,0 33.48136017502198,35.05830124940571,0 33.48173285800871,35.05830074439402,0 33.48184364090407,35.05887754019421,0 33.48220530798981,35.05884999736735,0 33.48245730701267,35.05879556078876,0 33.48270937870178,35.05877718333715,0 33.48399212641259,35.05891062848678,0 33.48429889288577,35.05883808201405,0 33.48516479678757,35.05881884634096,0 33.48516518871775,35.05900815221249,0 33.48626132163583,35.05900661166739,0 33.48631802391067,35.059023872577,0 33.48673295613722,35.05915018399151,0 33.48702879866713,35.05909567557485,0 33.48730131551599,35.05911697481553,0 33.48770851278807,35.05914879951964,0 33.48774094032059,35.05893240151558,0 33.48768473182692,35.05826537997119,0 33.48759689427728,35.05819338334656,0 33.4867528607429,35.05818556314073,0 33.48677287777895,35.05727503790517,0 33.48704686605815,35.05725661579307,0 33.48704646873521,35.05706730811016,0 33.4868038002481,35.05633744634601,0 33.48663930852945,35.05630161550867,0 33.48657858477688,35.05626584872221,0 33.48628813017379,35.05609477045977,0 33.48603561543034,35.05589679920298,0 33.48507955448261,35.05470817939524,0 33.4842992980663,35.05371763321952,0 33.48415669892535,35.05366373928046,0 33.48357565619626,35.05360144291252,0 33.483531017159,35.05321387071261,0 33.48337748117283,35.05316900468497,0 33.48312547652935,35.05321442818106,0 33.48275201497491,35.05281829069068,0 33.48264102367216,35.05214232922705,0 33.48250959282873,35.05218758357628,0 33.48236696385882,35.05211566033742,0 33.48233384276296,35.05199851506677,0 33.48235524531748,35.05174606960318,0 33.4822455186756,35.05168311421416,0 33.48213530812168,35.05138577797117,0 33.48250775343925,35.05128609588222,0 33.48266791778752,35.05123790941322,0 33.48248019878704,35.05101313429091,0 33.48272779085175,35.05082786340136,0 33.4830214372662,35.05059748240018,0 33.48334080515962,35.0502556335698,0 33.48337205995851,35.05002798966256,0 33.48345251875388,35.04989273615828,0 33.48352148300523,35.04977883953753,0 33.48336559712978,35.04968658939399,0 33.48344322016366,35.04957742226508,0 33.48362495557414,35.04961510159027,0 33.4838988955736,35.04961946277842,0 33.48415548624574,35.0496025093472,0 33.4845762914973,35.0495142020191,0 33.48467459412376,35.04964209073906,0 33.48468941184903,35.04964916980325,0 33.4849170434624,35.04975792475076,0 33.48509586976667,35.04978375184635,0 33.48507686835936,35.04960004753966,0 33.48503996454073,35.04924327564652,0 33.48512912987175,35.04913883065335,0 33.4853309307672,35.04911720727907,0 33.48534792994341,35.04897256308253,0 33.48546337998152,35.04902693120758,0 33.48554439911388,35.04916195543998,0 33.48565696348045,35.04921633041942,0 33.48567169384641,35.04936567468276,0 33.48573550068035,35.04954339984611,0 33.48575276647809,35.04957145559578,0 33.48592356014812,35.04984897905911,0 33.48614355367149,35.05025645692674,0 33.48625903334604,35.05032504749381,0 33.48665354009996,35.05007317847504,0 33.48673404960278,35.04996400760079,0 33.4869416060116,35.04993763146078,0 33.48737689616016,35.04988248404293,0 33.48730448801493,35.04972848245719,0 33.48727409811527,35.04950709215773,0 33.48725177858922,35.04934447738631,0 33.48729178380592,35.04917371684295,0 33.48745586749571,35.0490454550421,0 33.48728580090071,35.04906940271893,0 33.48712152819161,35.04910994167523,0 33.48699451524242,35.04903899505013,0 33.48709808008721,35.04892978906284,0 33.48723037133715,35.04876364095883,0 33.48740316422874,35.048663817072,0 33.48789308847801,35.04853983391908,0 33.48812074589904,35.04847549680115,0 33.48832252076654,35.04844438663531,0 33.48851290948081,35.04848441886092,0 33.48871769001084,35.04851021003464,0 33.48875824142285,35.048597871909,0 33.48896594135873,35.04864262016275,0 33.48921981342006,35.0487039030277,0 33.48927774050594,35.04882710393576,0 33.48935582917476,35.04893842043534,0 33.48999045587043,35.04906553571109,0 33.49018075955652,35.04906289022297,0 33.49037377106356,35.04898200197097,0 33.49070212435836,35.04881319516105,0 33.49085499551352,35.04883668584554,0 33.49085533427397,35.04899316193724,0 33.49093924492343,35.04913054784783,0 33.49026770726442,35.04927377336429,0 33.49015817242189,35.04938501629874,0 33.49015549878378,35.04938773944165,0 33.49019054321773,35.04959395208513,0 33.49025997455031,35.04970291061986,0 33.49047919758922,35.04973815751497,0 33.49065528212842,35.04983036907566,0 33.49082541530557,35.04983486308016,0 33.49125471520019,35.04967776398647,0 33.49142340350128,35.04961950869342,0 33.49144775637268,35.04961109905194,0 33.49149942004918,35.04949959635918,0 33.49171553943727,35.04943289338786,0 33.49192306561399,35.04939228552014,0 33.49211930017748,35.04946549988233,0 33.49222052342385,35.0496052340393,0 33.49230147121946,35.04970706049318,0 33.49264176457351,35.04972553086983,0 33.49286901531811,35.04947862860453,0 33.49300450929516,35.04946420448426,0 33.49310269121599,35.04953281825423,0 33.493019909342,35.04991939230619,0 33.4929712792772,35.0500972765947,0 33.49300771734336,35.05019033062306,0 33.4930408681147,35.05027498695006,0 33.49336986319521,35.05040253382771,0 33.49360641496497,35.05044960318042,0 33.49400458985624,35.05056756519399,0 33.49393930778253,35.05126979242395,0 33.49384247150977,35.05209929982083,0 33.49485102342747,35.05218795946003,0 33.49512501423683,35.05217853774927,0 33.49521231865893,35.0520071291775,0 33.49543152801646,35.05200680024583,0 33.49579310046688,35.05195217244123,0 33.49629719614467,35.05191536194438,0 33.49650536466829,35.05187899104705,0 33.49654874512943,35.05167158774439,0 33.49638418630649,35.05159971129295,0 33.49591293065855,35.05161844536467,0 33.49599079451001,35.05126674888584,0 33.49601158455838,35.05117252976182,0 33.49559319506687,35.05113184729866,0 33.49542016286414,35.0511226214084,0 33.49545172767932,35.05105382227371,0 33.49551728774206,35.0507090396349,0 33.49553154517674,35.05063405989505,0 33.4956544174205,35.05012650909467,0 33.49582728723447,35.05006223353323,0 33.49580354152323,35.04975406040849,0 33.4962071882865,35.04973685810953,0 33.49628768585537,35.04963005079694,0 33.49697397877012,35.04964087790555,0 33.49708372900146,35.04972369683053,0 33.49703222845892,35.04990395706903,0 33.49764679718982,35.0499383350455,0 33.4976926203688,35.04994089817075,0 33.49802330567803,35.04997051714405,0 33.49809850025175,35.04959542784044,0 33.49816900057571,35.04921890106898,0 33.49820915669008,35.04898251922795,0 33.49824190439668,35.04881029854018,0 33.49825553546285,35.04870068439681,0 33.49827516436844,35.04850820972423,0 33.49828483488874,35.04838845836624,0 33.49830682659909,35.04815749462011,0 33.49832138418235,35.04798641857407,0 33.49833317410781,35.04778756254217,0 33.49833609110213,35.04750967763854,0 33.4983626646757,35.04650839205734,0 33.49835740508855,35.04604070745325,0 33.49832882248403,35.04575447049326,0 33.49829865938234,35.04554942906177,0 33.49831653111772,35.04544332735846,0 33.49840309523881,35.04528817181568,0 33.49848922776091,35.04512445098489,0 33.49841639234144,35.0447855263357,0 33.49840166333913,35.04464566642659,0 33.4985623275213,35.04428979140375,0 33.49864860106958,35.04419008347273,0 33.49884175288854,35.04417556731417,0 33.49925971303978,35.04412514406493,0 33.49942393672138,35.04407036195876,0 33.49976078707457,35.04385410135878,0 33.49995092564426,35.04378268804986,0 33.49998806244292,35.04363089536024,0 33.49981120334314,35.04319255185214,0 33.49964877159886,35.04276129861726,0 33.49962835420613,35.04265701204818,0 33.49971172190055,35.04255019417496,0 33.49961619267691,35.0423772662836,0 33.49953512534594,35.0422256512004,0 33.49979750213188,35.0422299962571,0 33.49997328021885,35.04218704909908,0 33.50038795150198,35.04196355401265,0 33.50019400970385,35.04162007547153,0 33.50011005628054,35.04146846724462,0 33.50018770168134,35.04138299547334,0 33.50016429990745,35.04123129808966,0 33.49995303651514,35.0408783581012,0 33.49997572445083,35.04071236277268,0 33.50017088851013,35.04031849847667,0 33.5002244116274,35.04018030797337,0 33.49988838732905,35.04033789282287,0 33.49966649947881,35.04038802289031,0 33.49942759925317,35.04039801968202,0 33.49960740424896,35.04000048043338,0 33.49970318330675,35.04005271936016,0 33.49983591589637,35.0398705366568,0 33.49990832796843,35.03966309784244,0 33.49998848930404,35.03945976722473,0 33.50007151841667,35.03923232371964,0 33.50013188041731,35.0389330428343,0 33.50015904668084,35.0385850143546,0 33.50013987656103,35.03844055039585,0 33.50007840722863,35.03828136496175,0 33.49989714075529,35.03782523915611,0 33.49971514511788,35.0373710612842,0 33.49945697923751,35.03695767721081,0 33.49937012250677,35.03679421861563,0 33.49937459838007,35.03675674206897,0 33.49945350130894,35.03609664496403,0 33.49968001173959,35.03580045615448,0 33.49998961563016,35.03553547483701,0 33.5000862812994,35.03489359815897,0 33.50028776997575,35.03368183711952,0 33.50058250503655,35.03359164599647,0 33.50067169612587,35.03343219876942,0 33.50084761768746,35.03309456401088,0 33.50060114902588,35.03292366209371,0 33.50058814072472,35.03283706128489,0 33.49960354277848,35.03266048256887,0 33.49958425342606,35.03249961768195,0 33.49979865548575,35.03243700613242,0 33.50018354929661,35.03242603922399,0 33.50067550756516,35.03232148204264,0 33.5008652678419,35.03252360843921,0 33.50121267049398,35.03267878430056,0 33.50121235304518,35.03253865220574,0 33.50092794395233,35.03233666562156,0 33.50099079788754,35.03222757603468,0 33.50118632531684,35.03219094111806,0 33.50105367881927,35.03212886244931,0 33.50073810799041,35.03210339766589,0 33.50077500248626,35.03167255281989,0 33.50048458839233,35.03160551951891,0 33.50064168280653,35.03131981992634,0 33.50038883623669,35.03111778472211,0 33.50021276333578,35.03138794347507,0 33.49981460039471,35.03110827880048,0 33.50000204237823,35.03028274917536,0 33.50024818728253,35.03030832455624,0 33.50078427886719,35.03019331973228,0 33.50092867262398,35.02987130287089,0 33.5016740142516,35.03020752598727,0 33.50257542157225,35.02980648626813,0 33.50292076538286,35.02950489803799,0 33.50299850221975,35.02943701052553,0 33.5031004004609,35.02938502916324,0 33.50333134904599,35.02935011888589,0 33.50354126687409,35.02930290283045,0 33.50364022107323,35.02927806933037,0 33.50383516492305,35.02924321467607,0 33.50415316257406,35.0292254440956,0 33.50447724686818,35.02924715084435,0 33.50461215604781,35.02920004823542,0 33.50472002819058,35.02913818013279,0 33.50464464204628,35.02897294398974,0 33.50459913262505,35.02875583351651,0 33.50453285236035,35.02863747340218,0 33.50443050354943,35.0284920225191,0 33.50379282233519,35.02778964307223,0 33.50364557189224,35.02768621603121,0 33.50344731952485,35.02758533596592,0 33.50333000916667,35.0274547167215,0 33.50331464293759,35.02729679357762,0 33.50339528511675,35.02713871738855,0 33.50350601093833,35.02701514587392,0 33.50367071315478,35.02687915053228,0 33.50384745010698,35.02675794494701,0 33.50406623279752,35.0266539536069,0 33.50428201124897,35.02654995813157,0 33.5044377771123,35.02644359314279,0 33.50462362694461,35.02636926794825,0 33.50483356089999,35.02633191646006,0 33.50498931280168,35.0262206137884,0 33.50510903064907,35.02609455966143,0 33.50589080719337,35.02554050793541,0 33.50554825890932,35.02531399261841,0 33.50504213384158,35.02570966016899,0 33.50497324721802,35.02575912878334,0 33.50488915549519,35.02572224313588,0 33.50502080894837,35.02556902044468,0 33.50508942481436,35.02540109294306,0 33.50512806420499,35.02524308221723,0 33.50503774342575,35.02510501653437,0 33.50448427255797,35.02448395141462,0 33.50407204618946,35.02396138394646,0 33.5040807510269,35.02383550609983,0 33.50396938744389,35.02367772745233,0 33.50390598646968,35.0235050691506,0 33.50389596707994,35.02306331762841,0 33.50401278024951,35.02298168919101,0 33.50444484771833,35.02300076442553,0 33.50456469554319,35.022933937561,0 33.50462441381924,35.02281044903059,0 33.50474719666551,35.0227140037852,0 33.50503771003441,35.02249883496059,0 33.50550586808064,35.02255980532894,0 33.50548826101343,35.02272765498923,0 33.5056142875497,35.02273732857928,0 33.50585434633773,35.02275916368281,0 33.5059623590009,35.02276146182067,0 33.5059951331016,35.02266515797743,0 33.50606072193536,35.02248736120183,0 33.50611832170424,35.02224136167008,0 33.50621743487829,35.0218180532463,0 33.50627585394064,35.02173763881309,0 33.50726155463941,35.02141895773767,0 33.50743250798235,35.02143880159427,0 33.50751546826063,35.02141458618924,0 33.50754927709982,35.02124584186606,0 33.50748509166279,35.02092460700445,0 33.50763144667522,35.02086415103144,0 33.50756253722601,35.02061521844038,0 33.50756654145165,35.02021757226825,0 33.50786918472779,35.02016894864929,0 33.50787855834488,35.01999220636041,0 33.50819100377244,35.01995963474688,0 33.50822466831607,35.01972662547711,0 33.50804282624943,35.01919669076482,0 33.50782233045841,35.01885157373493,0 33.50774378532383,35.01866290488565,0 33.50793377016941,35.01846180691808,0 33.50795256027334,35.01812438973878,0 33.5083424247613,35.01777841309045,0 33.50852749546498,35.01756125805768,0 33.50866891069835,35.01747670962524,0 33.50880090690829,35.01754480886981,0 33.50884023168108,35.01766524768072,0 33.50868438796962,35.01784621605,0 33.50873837180939,35.01797065431294,0 33.50887017719802,35.01795440003241,0 33.50924080717586,35.01774501296501,0 33.50934264390865,35.01742756132333,0 33.50940548739247,35.0171422959564,0 33.50930170551764,35.01658413651596,0 33.50921355781004,35.01646777876137,0 33.50899853956658,35.01639176940442,0 33.50883695618831,35.0161871491462,0 33.50856770628126,35.01587423424058,0 33.50855265476127,35.0156935116264,0 33.50858138051159,35.01543640998925,0 33.5087220966187,35.01503856911876,0 33.50893617762343,35.01469685615783,0 33.50902851088009,35.01449991480995,0 33.50914070965241,35.01445155660327,0 33.50902224840821,35.01387735177132,0 33.50900247827569,35.01376893241289,0 33.50904967741805,35.01303784742662,0 33.50963490016012,35.01272773721845,0 33.51021490510225,35.01226902280529,0 33.51036132399155,35.01212146504418,0 33.51068935503669,35.01198603513058,0 33.5108588679491,35.01202711404044,0 33.51126931163743,35.01216308761913,0 33.51142531385304,35.01205843337323,0 33.51150312824073,35.01192176031212,0 33.51188327687446,35.01161595213738,0 33.51218989800308,35.01118172303797,0 33.51251155012119,35.01092017846408,0 33.51269209794377,35.01087172306205,0 33.5128729328985,35.01095179339007,0 33.51322490148084,35.01114006501309,0 33.51365948242378,35.01115550137373,0 33.51434284178666,35.01107016060557,0 33.51498229311011,35.01100094560344,0 33.51565605127352,35.01098790904096,0 33.51614911931167,35.0109590692595,0 33.51662285180878,35.01101460458516,0 33.51681331477036,35.01103440639055,0 33.51696949980889,35.01101007555228,0 33.51713052036939,35.01096565663842,0 33.51730094637865,35.01076858807475,0 33.51747607086684,35.01049118507019,0 33.51763219368296,35.01043873945226,0 33.51804723246065,35.0104501690641,0 33.51814470782903,35.01037772552699,0 33.51815852482349,35.01002023252475,0 33.51817290957299,35.00990774677968,0 33.51825088303993,35.00984737791588,0 33.51834857426817,35.00986330249784,0 33.51850013625315,35.0099514417195,0 33.51867603594026,35.01000741165908,0 33.51881754248616,35.00997105141064,0 33.51886605318172,35.00983843086346,0 33.51884125868354,35.00967378814466,0 33.51901644823854,35.00942851352176,0 33.51920644554968,35.0092514979693,0 33.51929417232914,35.00918308035604,0 33.51898295147029,35.00849062193558,0 33.51822985864166,35.0085081071374,0 33.5178179195745,35.00842615266274,0 33.51772486029188,35.00829775737532,0 33.5175386763093,35.00801687295383,0 33.51708336942948,35.00771862804127,0 33.51700779422081,35.00766912339022,0 33.51682180901604,35.00734484469412,0 33.51713732673061,35.00703608704747,0 33.51720560487022,35.00710803097656,0 33.5172932218071,35.00712389389052,0 33.51762017987686,35.00755167422327,0 33.51798982470862,35.00750302100187,0 33.5181597574683,35.00735462152345,0 33.51776945785484,35.00688692148248,0 33.51765657904962,35.00646679666589,0 33.51748063572835,35.00612282976175,0 33.51747526596553,35.00590667723656,0 33.51753819106073,35.00577047025024,0 33.51795150326783,35.00567370727729,0 33.51797063780516,35.00553357015159,0 33.51808203612395,35.00532122357143,0 33.51864594845902,35.00513213881477,0 33.51874718463046,35.00473567153167,0 33.51844040818131,35.00461609433851,0 33.51838173147951,35.00448809525988,0 33.51863472862023,35.00449567897593,0 33.5191102864874,35.00397848952002,0 33.51907576697923,35.00377839957571,0 33.51887588558934,35.00359859529448,0 33.51821996344118,35.00396397242172,0 33.51827854371809,35.00405194107751,0 33.51801123065708,35.00416447262601,0 33.51783042684573,35.00382051420556,0 33.51803882055222,35.00347990974683,0 33.5182677585635,35.00359961843716,0 33.51841371743945,35.00360337695704,0 33.51830072993103,35.00313521387048,0 33.51763905919513,35.0031203072959,0 33.51743644706214,35.00299479184963,0 33.51719095468495,35.00289288202951,0 33.51682125463521,35.00290950572558,0 33.51661506368966,35.00272466218051,0 33.51650925726469,35.00262981212818,0 33.51679121186289,35.00264964481485,0 33.51689851594021,35.00265718710144,0 33.51717763584328,35.00288214613351,0 33.5174398887025,35.00298862952942,0 33.51745309331881,35.00296799123524,0 33.51775886421181,35.00290064075651,0 33.51752380645676,35.0025880498613,0 33.51745252089062,35.00260493888672,0 33.5173245305969,35.00242251428739,0 33.51715778399647,35.00218486000433,0 33.51698293680376,35.00221030354699,0 33.5167649996354,35.00195636630661,0 33.51639180008828,35.00212046427212,0 33.51579131476386,35.00239252231438,0 33.5159004584372,35.00259912797662,0 33.51568014724643,35.00278951628907,0 33.51551753172286,35.00296164801864,0 33.5153186374787,35.00286696325724,0 33.51475610982684,35.00266528401578,0 33.51475609463129,35.00266530661557,0 33.51461391682906,35.00285973982522,0 33.51501231489549,35.0040565120817,0 33.51475429690488,35.00409745624812,0 33.51449306561786,35.00421944527678,0 33.51428911023349,35.00488346062782,0 33.51351941631084,35.00543243662923,0 33.51296283327367,35.00561219649835,0 33.51305226784996,35.00611225603097,0 33.51294235350648,35.00631782574057,0 33.51266077740932,35.00645800711691,0 33.51246754695467,35.0066148155701,0 33.51173420244487,35.00637484927466,0 33.51119706739263,35.00628288135233,0 33.5107197131601,35.00581978863966,0 33.51089803252196,35.00551953594935,0 33.51099807069786,35.0054599189455,0 33.51112880871878,35.00444360547338,0 33.51132351615912,35.00266780800556,0 33.5111640419496,35.00258428925782,0 33.51071375989887,35.00243503249416,0 33.51032285867012,35.00240323214896,0 33.51016422677245,35.00196029438312,0 33.51027904985098,35.00190606036662,0 33.50958088244492,35.00104916263574,0 33.50969219184428,35.00089359505922,0 33.50976407754528,35.00072863432467,0 33.50999355899351,35.00054449918854,0 33.50997684075463,35.00040940845514,0 33.5101635669753,35.00019831908768,0 33.51026555724859,35.00027922606478,0 33.51096432799445,34.99993895276987,0 33.51095421243785,34.99982141378172,0 33.51125746739994,34.99958851371805,0 33.51117988009727,34.99940217437968,0 33.51140758263639,34.99916264123462,0 33.5115029755755,34.99922869891421,0 33.51178879790371,34.99927147072732,0 33.5119698410705,34.99945764743641,0 33.51219289016014,34.99933432494264,0 33.51241825775215,34.99951501723506,0 33.51248726106289,34.9995297732789,0 33.51300055021399,34.99922896895825,0 33.51300861216081,34.99916409786072,0 33.51278445254431,34.99879288012117,0 33.51347288691557,34.99825397574062,0 33.51274250650198,34.99767279750093,0 33.51296216788293,34.99751434799462,0 33.51252300814156,34.99718672268266,0 33.51236709322702,34.99722210697805,0 33.51229484753679,34.9972235756002,0 33.51163857492828,34.99673550326462,0 33.51177132441987,34.99662448598801,0 33.5113140409364,34.99626310336408,0 33.51215601624497,34.99537399747942,0 33.51203431008265,34.99528366612341,0 33.51194302801149,34.99485277834571,0 33.51232536647711,34.99474541308672,0 33.51243258258535,34.99423583517609,0 33.51236515836765,34.99418865025677,0 33.51181823234349,34.99412332937723,0 33.51179398670637,34.99356531953365,0 33.51166017752855,34.99329740562324,0 33.51156732133283,34.99322265664168,0 33.51140363398023,34.99309090381937,0 33.51153970773974,34.99279200849602,0 33.51181159162085,34.99287290144805,0 33.51231888446217,34.99287992918644,0 33.51288997498111,34.9932205123239,0 33.51339330926879,34.99352068212792,0 33.51342052379862,34.99364622360032,0 33.51396870944742,34.99390388429655,0 33.51407640899761,34.99389262752534,0 33.51444791843065,34.99344138763622,0 33.51385024505491,34.99321894505779,0 33.51380659556472,34.9932026987774,0 33.51395831737412,34.99298972880027,0 33.51359358622101,34.99272583757192,0 33.51327328604397,34.99288013100021,0 33.51280066750996,34.99269383037576,0 33.5127215774505,34.99235312061874,0 33.51297096084843,34.99211164850809,0 33.51353570463444,34.99175745969455,0 33.51360412309091,34.99186126678316,0 33.51368493765113,34.99186737000482,0 33.51418904320702,34.9915049613917,0 33.51393064664335,34.99114790996659,0 33.51386493345622,34.99112307644822,0 33.51350910234557,34.99119845311159,0 33.51322410495748,34.99133190958336,0 33.51310764371391,34.99119908048462,0 33.512446973129,34.99155757990701,0 33.51246477701871,34.99161573899022,0 33.51178933876253,34.9921321983542,0 33.51175146665447,34.99213434021398,0 33.5111324385493,34.9919607290788,0 33.5110391402729,34.99201490667657,0 33.51060854113232,34.99250396579524,0 33.5107628079782,34.99260556098268,0 33.51083216925614,34.99310908088773,0 33.51089744452315,34.99322374044731,0 33.51098572112006,34.99337880831717,0 33.5109696545499,34.9935355746039,0 33.51060510894842,34.99352264964347,0 33.51052128348349,34.99322434749918,0 33.51044039673968,34.99293650287962,0 33.51002889981883,34.99296831347423,0 33.51000795622035,34.99265452903292,0 33.50993463855492,34.99261515573825,0 33.50944504085911,34.99271982216873,0 33.50924489323497,34.99243125116838,0 33.50896472053533,34.99247532627985,0 33.50884824480186,34.99233418119184,0 33.50863119559811,34.99237816041462,0 33.50832924656505,34.99174683135161,0 33.50794279901925,34.9917887376211,0 33.50779286748005,34.99097066264039,0 33.50827595912933,34.98943457048565,0 33.50911458785011,34.98964451596029,0 33.50909462652216,34.98974430002168,0 33.50932461053618,34.9898374677398,0 33.5103421841031,34.98985668109579,0 33.5104178070948,34.98980460832455,0 33.51090518686061,34.98983710517381,0 33.51102881595647,34.9897995050713,0 33.51116159131495,34.98936286752777,0 33.51044693039618,34.98930993863506,0 33.51042850163899,34.98899199338275,0 33.51080217901644,34.98899141518113,0 33.5108927522121,34.98885826523139,0 33.51077876138763,34.98869841424884,0 33.51082892448548,34.98856117424132,0 33.51063597189687,34.98811049117219,0 33.51055259051228,34.98808568236569,0 33.51000482684567,34.98813848554649,0 33.50993423550353,34.98818431445137,0 33.50945385151782,34.98896855864135,0 33.50905973500057,34.98886732937975,0 33.50909252605841,34.98872373130402,0 33.50870541747241,34.98859817378778,0 33.50916324236766,34.98766627303726,0 33.50902888735488,34.98756431006247,0 33.50912435166099,34.98736257185271,0 33.50913765011617,34.98657697203294,0 33.50922258297003,34.98633066671529,0 33.50888475809391,34.98636387700908,0 33.50888328256575,34.98612542663232,0 33.50857379006656,34.98605518597658,0 33.50795460585544,34.98588290650691,0 33.50772400022542,34.98607463992175,0 33.50699741055548,34.98571204207499,0 33.50628161058084,34.98553221233742,0 33.50622254104597,34.98534964113258,0 33.50601913937596,34.98525510634996,0 33.50605688619665,34.98511187684964,0 33.50547596249012,34.98487583824597,0 33.50538934042937,34.98492389106616,0 33.50559449419747,34.98530456669277,0 33.50566468307942,34.98572554582515,0 33.50546368257637,34.98602048212085,0 33.50500991051856,34.98604621647453,0 33.50459345442316,34.98585718174107,0 33.50460252606964,34.98576176409111,0 33.50441839338023,34.98565919063024,0 33.50347697352211,34.98490798543365,0 33.50327900686806,34.98503223647441,0 33.50281755323914,34.9843204864281,0 33.50281753885229,34.9843204621494,0 33.5026854751139,34.98423136652503,0 33.50271896303688,34.98412587640275,0 33.50276215266842,34.98399978023644,0 33.50276216017525,34.98399975406421,0 33.50291078820354,34.98339815744003,0 33.50293559451816,34.98326812152099,0 33.50341278624708,34.9833447981748,0 33.50346403390598,34.98328125202458,0 33.50335030219307,34.98271287255817,0 33.50332657513444,34.98217080185788,0 33.50327824139373,34.98210476055124,0 33.50281218099732,34.98197232053476,0 33.50281216800364,34.98197234492688,0 33.50256916928516,34.98238896356826,0 33.50152615343526,34.98240628455543,0 33.50081900603993,34.98220974730756,0 33.49997578739683,34.98216119064176,0 33.49997955301326,34.98191402501458,0 33.49934525985799,34.98189581240688,0 33.49924259621041,34.98187145365723,0 33.49812320962054,34.98160584794631,0 33.49761189337369,34.98172031989139,0 33.49750062167779,34.98166458950293,0 33.49774612610353,34.98134050215256,0 33.49886096314128,34.9808372665027,0 33.49973484169794,34.98000490475664,0 33.49903193557449,34.97948104043714,0 33.49885252848129,34.97944666103407,0 33.49741753181052,34.97921375111883,0 33.49712723885457,34.97918684630623,0 33.49692915413014,34.9791396916866,0 33.49653722966454,34.97898558017339,0 33.49654879835676,34.97874103725216,0 33.49654879929413,34.97874101110715,0 33.49655122596153,34.97816817790478,0 33.49655770360435,34.97778021286189,0 33.49605372505912,34.97721749181812,0 33.49626431458933,34.9771034049181,0 33.4966051171808,34.97693354619401,0 33.49664226717971,34.97680108746826,0 33.49683309545537,34.97664068162138,0 33.49709119723784,34.97639087762313,0 33.49720305405078,34.97614437081621,0 33.49727427021782,34.97612886683708,0 33.49767178777658,34.97612518036484,0 33.49801945919621,34.97604222876214,0 33.49821439868305,34.97601113599573,0 33.4984170433017,34.97605701507954,0 33.49860088973365,34.97608444683444,0 33.49896063438228,34.97596687532082,0 33.49940252194745,34.97570443580265,0 33.4994319770251,34.97549498514439,0 33.49916547856228,34.97541841188048,0 33.4989179057117,34.97540647951614,0 33.4985783668847,34.97515163734931,0 33.49841302912543,34.97503179713409,0 33.49803750792246,34.9748506975447,0 33.49777458482748,34.97470021804212,0 33.49744399065173,34.97448517784692,0 33.49685536134049,34.97412320392664,0 33.4966711980151,34.97396644584176,0 33.49628020988128,34.97359445885688,0 33.49607738111335,34.97347160913682,0 33.49588192395426,34.97329639070331,0 33.49563118975689,34.97349079512242,0 33.49544825803879,34.97317440029453,0 33.49493997146472,34.97239305027956,0 33.49504479634847,34.97221200897386,0 33.49525104689054,34.9722147547599,0 33.49522455690722,34.97212241400052,0 33.49497105126787,34.97134259823926,0 33.49519110520559,34.97087492294845,0 33.4950296651452,34.97079820048224,0 33.49493489728078,34.97041033220045,0 33.49513350439599,34.97036072418847,0 33.4953437899479,34.97003437168514,0 33.49511748206543,34.96953277043976,0 33.49574644352642,34.96914672023033,0 33.49598414855441,34.96969759501926,0 33.4961275072721,34.97002379972896,0 33.49657652468833,34.96964730696677,0 33.49647168988719,34.9694393748648,0 33.49624183083744,34.96902091113457,0 33.49649171445848,34.96850305466184,0 33.49699632762066,34.96836793095889,0 33.49783582392652,34.96814468728194,0 33.49788108566691,34.96824317037235,0 33.4979598945519,34.96826151207671,0 33.49881406679433,34.96789961790993,0 33.49838310521375,34.96774986469784,0 33.49863016322372,34.9675676892749,0 33.49860760748509,34.96754616490451,0 33.49824058038535,34.96775011778646,0 33.49816142571274,34.96759932917764,0 33.49816860684206,34.96747919076948,0 33.49874188162365,34.96726254389205,0 33.49882385696239,34.96705909630405,0 33.49906367134527,34.9669693336917,0 33.49924717559973,34.96686118775771,0 33.49931554975115,34.9667477359406,0 33.49941615903382,34.96649496128295,0 33.49949461697881,34.96637776124914,0 33.49959943481271,34.9662974786041,0 33.50003388533736,34.96604715886465,0 33.50050882965405,34.9658374401745,0 33.50098115671047,34.96571641585268,0 33.50110107382493,34.96566998199372,0 33.50111209198986,34.96558062191318,0 33.50055612386458,34.96527668292082,0 33.50062346903507,34.96521185906101,0 33.50025962123403,34.96495452151329,0 33.49961684078813,34.96490883508907,0 33.49965110704968,34.96462912637699,0 33.49914088754088,34.96459004115238,0 33.49886731739768,34.9646798921034,0 33.49870933052687,34.96450459699947,0 33.49885883973933,34.9643102395456,0 33.49877238979738,34.96423255133839,0 33.49877236996232,34.96423253068715,0 33.4977556938134,34.96345976733477,0 33.49733248886946,34.96385198523165,0 33.49784683980504,34.96423392677337,0 33.49784685855036,34.96423394833064,0 33.49829942240819,34.96469042641974,0 33.49837063918644,34.96467180829988,0 33.49843842150066,34.96477641863576,0 33.49836724092656,34.96480735727561,0 33.49836755667015,34.96492749472924,0 33.49830387773299,34.96495841877397,0 33.49751442179667,34.96493890257779,0 33.49738273132966,34.96477588445218,0 33.49694009794914,34.96474282942978,0 33.49642999482418,34.96471605657337,0 33.49612217842759,34.96460265537949,0 33.49550844449594,34.96523428471853,0 33.49545240722168,34.96531447213385,0 33.49527345570966,34.96570905654385,0 33.49527359342029,34.96576141775365,0 33.49609100256141,34.96572604500495,0 33.49649960384275,34.96566369336121,0 33.49685188760998,34.96557371953981,0 33.49724511721041,34.96536353566788,0 33.49747801593085,34.96550787749612,0 33.49711136813781,34.96584430194619,0 33.49674083374641,34.96612528303456,0 33.49628604442342,34.96573800414965,0 33.49590189144031,34.96590346169467,0 33.49570321405146,34.96593154439288,0 33.49560197296611,34.96593480877743,0 33.49495640087289,34.9657142144068,0 33.49479957628436,34.96596706216263,0 33.49438442134783,34.9663682132976,0 33.49444523587413,34.96667917785422,0 33.49443415852729,34.96674387559917,0 33.49395120711588,34.96659761652256,0 33.49373365185767,34.96656720563159,0 33.49302520778005,34.96664546148398,0 33.49282610381916,34.9666876250242,0 33.49268795501647,34.96671689492542,0 33.49212949823996,34.96678563635353,0 33.49158347262789,34.96687201439408,0 33.49114196487961,34.9672023057488,0 33.490917406813,34.96734435555777,0 33.49077135620453,34.96740311998751,0 33.48977869602017,34.96769122117937,0 33.48966943075814,34.96787566444517,0 33.48941226320693,34.96843346131573,0 33.48928170482927,34.96867386372724,0 33.48905618613934,34.96893906433838,0 33.4887273345369,34.96931835054365,0 33.48813872095458,34.96999339811553,0 33.48799668299473,34.9701414198359,0 33.48781339667789,34.97028027557445,0 33.48631710439744,34.971053296096,0 33.48613366723043,34.97113055579838,0 33.48581518501846,34.97115876837005,0 33.48545174584939,34.97119012911217,0 33.48475852699148,34.97121892771378,0 33.48429460651006,34.97119491873098,0 33.484073382335,34.97114600896189,0 33.48363100010241,34.97106973912599,0 33.48290403450941,34.97106163925818,0 33.48247326356393,34.97111156487973,0 33.48188249464384,34.97116288837448,0 33.48139555037465,34.97121289424678,0 33.48096877222893,34.971339759358,0 33.48071793909789,34.97141094171807,0 33.48068066980277,34.97148179763377,0 33.48058697373249,34.97146962879575,0 33.48040715055063,34.97147298146879,0 33.48022750312403,34.97154097590722,0 33.4800109500216,34.97163569797711,0 33.4795172921627,34.97195348466113,0 33.47918444292943,34.97216328914976,0 33.47911686626779,34.97210798316161,0 33.47920937350633,34.97168616311826,0 33.47871862107669,34.97168382415376,0 33.47865908540931,34.97183165486387,0 33.47852508340643,34.97214888293635,0 33.47837979532022,34.97244765363712,0 33.47824482505673,34.97264481137407,0 33.47805821027773,34.97289746635679,0 33.47786407392339,34.97313781740063,0 33.4775990026437,34.97346444090972,0 33.47740997193669,34.97368263493699,0 33.47725668508867,34.97379056698287,0 33.47712594235675,34.97392309387416,0 33.47693542129638,34.97411109991192,0 33.47677472265443,34.97424366294314,0 33.4765914482464,34.97433932635492,0 33.47649788259107,34.97436715532849,0 33.47636134987076,34.9743710514933,0 33.47608796297077,34.97439294375016,0 33.47599008810329,34.97442784014334,0 33.47589391965578,34.97449951586369,0 33.47585228954143,34.97455372009863,0 33.4757204329727,34.97471865141924,0 33.47556024437925,34.97485038243888,0 33.47551459289068,34.97492644103274,0 33.47463442420556,34.97533367961894,0 33.47455509780549,34.97540874629806,0 33.4744602660318,34.9754746736058,0 33.47434392058214,34.97565334988347,0 33.47415538120539,34.97574956833534,0 33.47392553306687,34.975767790917,0 33.47383154493591,34.97576358839514,0 33.47375560465664,34.97573747395896,0 33.47365306078156,34.9757160695082,0 33.47360922881185,34.97567141821099,0 33.47340837515691,34.97563088568226,0 33.47309838950586,34.97562185183243,0 33.47271209139946,34.97553613292492,0 33.47234108147882,34.97543195260867,0 33.4720317417469,34.97532061484076,0 33.47192197049097,34.97526935941254,0 33.47185912887059,34.97530180959151,0 33.47169942785168,34.97549789420815,0 33.47155554974363,34.97556746671494,0 33.47127179521527,34.97568016692157,0 33.47114984672824,34.9756841322415,0 33.47108275859421,34.97571084562556,0 33.47074536014848,34.97577664443008,0 33.47064580237624,34.97577476686816,0 33.47038550010998,34.97583793656848,0 33.47013777056162,34.97589300013347,0 33.47001588518055,34.97590501015669,0 33.46981532051279,34.97589435898385,0 33.46951084505679,34.97586230481362,0 33.4694334441723,34.97582355088476,0 33.46928083387068,34.97566442063369,0 33.46920736528833,34.97558887247423,0 33.46896867217711,34.97554045614566,0 33.46891059600257,34.97564643516029,0 33.46886901749848,34.97570983671778,0 33.46878677143654,34.97577109663986,0 33.46852946890651,34.97585723071774,0 33.46821751236417,34.97594589345435,0 33.4681165145188,34.97593596968034,0 33.46780305309115,34.97543962556902,0 33.46763230049388,34.97528518740108,0 33.46762813762392,34.97510133781381,0 33.46758555655779,34.97502796653064,0 33.46748435072652,34.97498932283838,0 33.46742101175792,34.97495281841319,0 33.46739120353184,34.97490122491123,0 33.4673635527111,34.97476344720992,0 33.46738233595516,34.9746496110244,0 33.4673565414261,34.97457042938301,0 33.46723617825058,34.97459392658175,0 33.46700121430464,34.97466156625263,0 33.46690428084656,34.97463094361644,0 33.46685036931276,34.97454039577583,0 33.46679815676514,34.97449120941393,0 33.46672893299615,34.97441566684648,0 33.46629228247594,34.97430491812055,0 33.46611113353126,34.97444700695195,0 33.46544974640616,34.97445554998266,0 33.46544822648466,34.97404653756403,0 33.46544631441559,34.97279443587723,0 33.46545589234413,34.97256582743732,0 33.46487976110746,34.97252006245515,0 33.46451479461314,34.97241940998299,0 33.4645062068125,34.97239303297327,0 33.46471742797218,34.97234733674716,0 33.46465459619985,34.97217764111559,0 33.46453513940254,34.97212416966318,0 33.46444134452134,34.97193279867258,0 33.46433628856835,34.97193440201067,0 33.46429735111091,34.97197475520944,0 33.46269096669682,34.97201725059042,0 33.46245687203209,34.97199069398827,0 33.46213202771149,34.97179803022006,0 33.46190509301273,34.97158429023755,0 33.46145991696907,34.97119239653031,0 33.46117079406193,34.97067590177032,0 33.46058077016163,34.97038918822641,0 33.46046266946629,34.97031508664918,0 33.46017486799173,34.96998347155255,0 33.46022116111667,34.96978472537631,0 33.46005252008771,34.96947329097606,0 33.45995279591361,34.96920749395828,0 33.45981907634025,34.9690979077929,0 33.45962272254825,34.96904138912126,0 33.45835165022164,34.96904119289837,0 33.45770177687627,34.9683085778424,0 33.4576170098063,34.96818389518084,0 33.45766556988085,34.96766860941666,0 33.45736929529016,34.96751047208217,0 33.4574807381676,34.96720602039409,0 33.45649345832254,34.96731588790897,0 33.45531107701962,34.96685201110138,0 33.45504399465779,34.96687726491182,0 33.45468559936426,34.96660361639278,0 33.45432577915745,34.96655819085285,0 33.45442559661198,34.96616673041954,0 33.45441103050251,34.96606933565693,0 33.45438255532918,34.96598460925151,0 33.45426975347666,34.96583376338972,0 33.45405166817223,34.96561918202174,0 33.45381593380155,34.96536950888491,0 33.45381591506742,34.96536948732076,0 33.45375296327487,34.96542936521656,0 33.45348778937979,34.96555042887027,0 33.453403439628,34.96561271666247,0 33.45334473307458,34.96563230199872,0 33.45319127544219,34.96553410577125,0 33.45304293801517,34.96551141961456,0 33.45296945832285,34.96541098486796,0 33.45293838386305,34.9653220166896,0 33.45288391476832,34.96525637083449,0 33.45275462970596,34.96527622266034,0 33.45264390116383,34.96524758522703,0 33.45258723898284,34.96521100028973,0 33.45253301407099,34.96518989900965,0 33.45248110928199,34.96516297938664,0 33.45226743471781,34.96523736840278,0 33.45215909144074,34.96521453131825,0 33.45205759268646,34.96515293629445,0 33.45195613662362,34.96509908785958,0 33.4518477298226,34.96506463138264,0 33.45173244552557,34.96506312308193,0 33.45163112793641,34.96503445061833,0 33.45155818901179,34.96503278557642,0 33.45148755009372,34.96502142794707,0 33.45143314826643,34.96496739963111,0 33.45136864261057,34.9647875331495,0 33.45138466912546,34.96470807078554,0 33.45135856323537,34.96466556202193,0 33.45126420566493,34.96461943345395,0 33.45119961622537,34.96459214845817,0 33.45108482056357,34.96451164777294,0 33.45100926478381,34.96446157485097,0 33.45085630009506,34.96445245970355,0 33.45075039509631,34.96444510597232,0 33.45067490320663,34.96440665285642,0 33.45062763367768,34.96436615511619,0 33.45061092136199,34.96432167687798,0 33.45060783339476,34.96418806038222,0 33.45056039659671,34.9641165776949,0 33.45048942890745,34.96404518407498,0 33.45040218263541,34.96400871424839,0 33.45024388027286,34.96388341377828,0 33.45019908493776,34.96386615441294,0 33.45011637055983,34.96379673766669,0 33.45008554447273,34.96375231075619,0 33.45002397817607,34.96367894485633,0 33.44997413070338,34.96359779137421,0 33.44988384726986,34.96343544677789,0 33.44979856667209,34.96332730873483,0 33.44978171744241,34.96325765410999,0 33.44980230319332,34.96315106201705,0 33.44991227853907,34.96304220165251,0 33.45000436225498,34.9626738956372,0 33.4500130216552,34.96253636214049,0 33.44998429723591,34.96244544457556,0 33.44997599830205,34.96221888706989,0 33.44986970788609,34.96213987347639,0 33.44960572599933,34.96204789614286,0 33.44947528841869,34.96185471157414,0 33.44936644287373,34.96173891446016,0 33.44933311583885,34.96166738265532,0 33.44931082455888,34.96155966290571,0 33.44927911403486,34.96140231042216,0 33.44927910951243,34.96140228429758,0 33.44925575523205,34.9612861491627,0 33.44924805143412,34.96116804150733,0 33.44919117491518,34.96109078347528,0 33.44914874598673,34.96107544941226,0 33.44901668256846,34.9610159010621,0 33.44895969965366,34.96091927711263,0 33.44887488873251,34.96076202973358,0 33.44887487546065,34.96076200544422,0 33.44853995318454,34.96110031327651,0 33.44826262129568,34.96133976117653,0 33.44806510016083,34.96148133756252,0 33.44783527954718,34.96160910842823,0 33.44775634710857,34.96160995112032,0 33.44729055397664,34.96163917349418,0 33.44713572129923,34.96167518491004,0 33.44690399614593,34.96183733323606,0 33.44669761864955,34.96204165838041,0 33.44652021342883,34.9623588773906,0 33.44636106923252,34.96289019026126,0 33.44622293662154,34.96334853293565,0 33.44604681053701,34.9637466475049,0 33.44577522316671,34.96419228914441,0 33.44526224991822,34.96481640218558,0 33.44501184738189,34.96504752108056,0 33.44490000190311,34.9651497971541,0 33.44466806141862,34.96530186494832,0 33.44403296229851,34.96569878689562,0 33.44364404134947,34.96606280233681,0 33.44355124186703,34.96612241531535,0 33.44329365710436,34.96621408319542,0 33.44303475605742,34.96622285319329,0 33.4426211647392,34.96612201720733,0 33.44174738292812,34.96577728236177,0 33.44092426032102,34.96535320593796,0 33.44085432468332,34.96529732454623,0 33.44077331403315,34.96516474057694,0 33.44075708476848,34.96507393593708,0 33.44082526971382,34.96470528367215,0 33.44096182573098,34.96398016103938,0 33.44094345478005,34.96390960656395,0 33.44091816424952,34.96386944348258,0 33.44083261182394,34.9637611919232,0 33.44077286152197,34.96372543925526,0 33.44056722777299,34.96366494351248,0 33.44027888405367,34.96367606346321,0 33.43982902581221,34.963765685965,0 33.43928950554176,34.96395528720108,0 33.43857497141336,34.96430639715565,0 33.43808701442212,34.96448129661731,0 33.43798485453584,34.96451082435035,0 33.43742671956473,34.96467214187148,0 33.43607538588174,34.96497529988413,0 33.43476187782115,34.96532855827495,0 33.43468845760427,34.96536368276317,0 33.43456413277402,34.96545593142979,0 33.43446563144073,34.96562472126788,0 33.43415727279257,34.96642232867607,0 33.43394852970615,34.96680049647655,0 33.4338881075309,34.96687996556157,0 33.43374399613812,34.96696838450683,0 33.43364111360039,34.96701190217443,0 33.4330674205796,34.96705825967717,0 33.43233985054138,34.96703342613369,0 33.43197250892288,34.96702913094043,0 33.43160151845075,34.96710977437312,0 33.43123907418727,34.96726714258882,0 33.430900258218,34.96752129832912,0 33.43037548699412,34.96819988159351,0 33.43023224480826,34.96851269647816,0 33.43008033054047,34.96907227513078,0 33.42989328871118,34.96975761744768,0 33.42960991370484,34.97026401788338,0 33.42933564272136,34.97055396173585,0 33.4289459425252,34.97087339355969,0 33.42876509140077,34.97098213184472,0 33.42875901517445,34.97098578603501,0 33.42851834221175,34.97113051715728,0 33.4280948368233,34.97133097214233,0 33.42743084095211,34.9716046350281,0 33.42704736157938,34.97184512643199,0 33.4263302694965,34.97236605651416,0 33.42597799817932,34.97254960292189,0 33.4248445206429,34.97308279487987,0 33.42375917898885,34.97353458013225,0 33.42349386678512,34.97365502089621,0 33.42324944180659,34.97369064726731,0 33.42317310195526,34.97370177006044,0 33.4224508550536,34.97390451074435,0 33.42197769035709,34.97405650519248,0 33.4215930481711,34.97411944085712,0 33.42053754730266,34.97420299206983,0 33.42013570450127,34.97425783021467,0 33.41996821771613,34.97432061769987,0 33.41976899543887,34.97447240222699,0 33.41951324787517,34.97467678957295,0 33.4191008983525,34.97521895477914,0 33.41891908263318,34.97540508425582,0 33.41852811564931,34.97571465066324,0 33.41831881328456,34.97579562558126,0 33.41815111543407,34.97578760989264,0 33.41785248244626,34.97570483433482,0 33.41755658244304,34.97569283020925,0 33.41648977771499,34.97586715760785,0 33.41560532131231,34.97597870395415,0 33.41529261174325,34.97605968859985,0 33.41433294843437,34.97646028991898,0 33.41412612661787,34.9765048307512,0 33.41398313523309,34.97648062112117,0 33.41339623402045,34.97632719802903,0 33.41318922514352,34.97630705536188,0 33.4126572956038,34.97635574268983,0 33.41260445944221,34.97603036321406,0 33.41259019592939,34.97545840613753,0 33.41249459998812,34.97487033471965,0 33.41221937972585,34.97360538991747,0 33.41220911548642,34.97348414718591,0 33.41223961825892,34.9719268534483,0 33.41223961922302,34.97192682730374,0 33.41230359107332,34.96866080363938,0 33.41227293426403,34.96760819959812,0 33.41223761267521,34.9673577152898,0 33.41223920625436,34.96710113011468,0 33.41268761804694,34.96572474754275,0 33.41311388460576,34.96507364216066,0 33.41367284382016,34.964331321543,0 33.41519199017843,34.96226139504024,0 33.41528122589393,34.9621595515849,0 33.41539781134772,34.96199040063374,0 33.41542519643751,34.96190880097526,0 33.41551430643771,34.96186005714672,0 33.41569757677517,34.96171153222462,0 33.41587595795276,34.96153645244518,0 33.41597514369084,34.96139789810143,0 33.41602979733264,34.96127759774942,0 33.41606964288091,34.96114500758369,0 33.41610211388113,34.96099402834514,0 33.41610983123108,34.96085931719818,0 33.41608295930455,34.96071838842764,0 33.41604862773305,34.96059785651981,0 33.41598715123327,34.96045888336003,0 33.41594038396698,34.96037506761103,0 33.41593552174623,34.9603383169099,0 33.41598052327055,34.96010781966947,0 33.41603029812,34.95995285995765,0 33.41631093966944,34.95932107605418,0 33.41639783694823,34.95913361061281,0 33.4164821740147,34.95898490978922,0 33.4166036828864,34.95878327678179,0 33.4166755626433,34.95867943113366,0 33.41763687723903,34.95737669052937,0 33.41806298419877,34.95676610576665,0 33.41817456541462,34.95654621176674,0 33.4192667550946,34.9549469401583,0 33.41933854983347,34.95484727310084,0 33.41939062465485,34.95472310751583,0 33.41943526051899,34.95461522842582,0 33.41947009983432,34.95445435944335,0 33.41949500208273,34.95432810528862,0 33.41949030172031,34.95417937803965,0 33.41948060398614,34.95406731463859,0 33.41904643947812,34.95230684593889,0 33.41883032466463,34.95164889076737,0 33.41882079062726,34.95145145525944,0 33.41860252440261,34.95065332697612,0 33.4185432041175,34.95043303060631,0 33.41837263892421,34.94985283229084,0 33.41826727063651,34.94973243545866,0 33.41817576447355,34.9495918673501,0 33.41803461428717,34.94930196019819,0 33.4178444173,34.94898059410644,0 33.4177004559057,34.94887332898806,0 33.41739059842217,34.94866301025043,0 33.41722944988167,34.94856005384871,0 33.41711709811872,34.94843968357282,0 33.4170326236754,34.94830771617474,0 33.4169339775818,34.94813554411139,0 33.41689077058539,34.94798736430901,0 33.41695586119162,34.94779625371394,0 33.41692902223139,34.94773713917125,0 33.41662752300709,34.9473432906278,0 33.4162205430083,34.9468228592022,0 33.41614210462425,34.94671877865949,0 33.41575004933629,34.94616781267229,0 33.41550995862549,34.94581887200485,0 33.41530681709784,34.94548021421119,0 33.41506716848019,34.94503552863173,0 33.41489365414802,34.9446887776981,0 33.41476403656628,34.94444805043642,0 33.41444098497919,34.9437672405898,0 33.41411814625383,34.94303863893779,0 33.41428678875472,34.94297313225591,0 33.41424353474672,34.94286373186988,0 33.41406947449337,34.94262279384057,0 33.41397859708121,34.94253286786679,0 33.41375954566938,34.94241198979529,0 33.41354548274426,34.9422809334409,0 33.4133636454124,34.94211737963218,0 33.41330754485509,34.94197662404358,0 33.41308955761248,34.94143636679236,0 33.4130895476338,34.94143634158628,0 33.41303919083963,34.94131153332967,0 33.41266497563105,34.94112292180038,0 33.41236945430916,34.94099364268027,0 33.41220962484633,34.94087088316579,0 33.41182147044276,34.94049065631621,0 33.41167426276873,34.94030271604581,0 33.4113826895348,34.93984122292618,0 33.41117938904908,34.93950226265369,0 33.41091719952573,34.93908564658829,0 33.41062086303142,34.93857512717833,0 33.4102411027492,34.93795014578856,0 33.40989555207877,34.93739657252751,0 33.40963574569825,34.93698391175447,0 33.40925262360953,34.93655047594012,0 33.40874412503289,34.93599836927431,0 33.40845385199374,34.93577726929384,0 33.40812426577833,34.93551321864376,0 33.40782895589962,34.93532561045652,0 33.40757713089371,34.93517916098619,0 33.4074101620555,34.93509466298483,0 33.40715055276945,34.93499079342114,0 33.40685640615295,34.93485217255478,0 33.40658350674796,34.93473526652679,0 33.40638875737658,34.93465782542119,0 33.40627326528458,34.93471619705193,0 33.40608992211174,34.93475381459777,0 33.4059803012617,34.93486330354185,0 33.40573478744796,34.93488944755258,0 33.40565311628837,34.93493612136917,0 33.40554023501115,34.93494800856617,0 33.40537607544819,34.93485775627142,0 33.40519520034481,34.93481867328136,0 33.40501450804709,34.93482142207031,0 33.40480925879242,34.93486061429424,0 33.4043268978793,34.93470755946358,0 33.40419006813197,34.93469564171483,0 33.40413956225937,34.93470554967693,0 33.40396480966456,34.93486015096877,0 33.40375397141581,34.93492428002575,0 33.40353604116155,34.93472898630352,0 33.40347052573332,34.93470711434634,0 33.40328902815682,34.93468306282699,0 33.40313453420292,34.93468509536063,0 33.40305553851026,34.93471664067685,0 33.40255875776624,34.93505553520235,0 33.40233050475627,34.93514050376383,0 33.40221918658212,34.93515523933273,0 33.40204323370748,34.93513635172381,0 33.40191107808197,34.93507876121788,0 33.40158185688881,34.93486722593917,0 33.40146416459921,34.93476617516476,0 33.4014049264109,34.9346263896193,0 33.40131611656203,34.93417083970144,0 33.40130965214843,34.93391738609867,0 33.40133255096762,34.93364182527333,0 33.4013930000879,34.93337940402781,0 33.40144058707456,34.93323823606614,0 33.40145737342204,34.93312719469988,0 33.40088949109875,34.93294100707064,0 33.400642266044,34.93283611000383,0 33.40012390773326,34.93258730435814,0 33.39998933380004,34.93254204494131,0 33.3998019339315,34.93248470336456,0 33.39950560726529,34.9324853598803,0 33.39920168322597,34.93253416440366,0 33.39887066482132,34.93263116375956,0 33.39855516457274,34.93271208568018,0 33.39836414751171,34.93272534477247,0 33.39764658716038,34.93271730275536,0 33.39745470176091,34.93277001346543,0 33.39702041401659,34.93302127473846,0 33.3966854151083,34.93315002052292,0 33.3961627729683,34.93334433895507,0 33.39598379112103,34.93364092153559,0 33.39572961659503,34.93389735748242,0 33.39509432934978,34.93404227379676,0 33.39452810760503,34.93410340985722,0 33.39416294084835,34.93419921373211,0 33.39329195042817,34.93448258037893,0 33.39258027784124,34.93470142274067,0 33.3923227114273,34.934789338307,0 33.39209721379309,34.93475843956559,0 33.39175292800751,34.9346821317192,0 33.39148810716544,34.93458651242903,0 33.39116417707505,34.93443300821756,0 33.39063796106659,34.9341051634871,0 33.38864940060453,34.93478714684681,0 33.38709811435289,34.93533966427727,0 33.38681056238989,34.93553054667738,0 33.38653054210484,34.9357248902655,0 33.38623653840035,34.93596980824738,0 33.38596176737752,34.9361842645769,0 33.38573878788598,34.93640630365105,0 33.38558241362923,34.93663982790626,0 33.38542918737184,34.93675627230441,0 33.38526797407426,34.93683242536351,0 33.38502525637356,34.93688712918848,0 33.38468723897021,34.93698306646777,0 33.38420210335573,34.9371085978584,0 33.38376867993536,34.93723566227199,0 33.38345055261522,34.93734148327263,0 33.38312436366532,34.93740096559597,0 33.38283692270957,34.93741973714705,0 33.38263336514554,34.93745589747313,0 33.38230120418279,34.93744279429272,0 33.38203088985753,34.93745333497151,0 33.38186320029055,34.9374205696253,0 33.38176829149168,34.93732258133305,0 33.38165635891181,34.93723685361508,0 33.38155592650611,34.93709857413963,0 33.3814135275493,34.93694857522686,0 33.38123343774465,34.93674445985033,0 33.38099691257396,34.93654692044392,0 33.38077250333225,34.93633717508474,0 33.38058424844326,34.93624208890355,0 33.38034872597192,34.93610911184184,0 33.38002182826347,34.93594672884076,0 33.37971749427687,34.93581238464899,0 33.3794057437132,34.93583745743884,0 33.37914436451099,34.93594274110685,0 33.37876757634457,34.93605311837801,0 33.3784222335381,34.93612891230975,0 33.37812386201348,34.936222419129,0 33.37790705954819,34.93634743884246,0 33.3777397594791,34.93649619939404,0 33.37760376150237,34.93660231850778,0 33.37749776094514,34.93674244268369,0 33.37720721487567,34.93702743638594,0 33.37696298888623,34.93728779560819,0 33.37680877768434,34.9374888441023,0 33.37669335387785,34.93765525456086,0 33.37650733607555,34.9378646493685,0 33.37627920664455,34.93805022060851,0 33.37610873083827,34.93814855459398,0 33.37594972399238,34.93819233793919,0 33.37569736698594,34.93823494496289,0 33.37556268728935,34.9382623736371,0 33.3752286448817,34.9382613541415,0 33.37478367048321,34.93823109013704,0 33.37446649894172,34.93820572384772,0 33.37428447272242,34.93818518587918,0 33.37410894580614,34.93810612297688,0 33.37373620402644,34.93797440743403,0 33.37333627408604,34.93782883366642,0 33.37301561549334,34.93772891786684,0 33.3726280399401,34.93758526353202,0 33.37243299007407,34.93751042718545,0 33.3721182237515,34.93747296369853,0 33.37178323912148,34.93739536827232,0 33.3715742150056,34.93736904413781,0 33.37134320149263,34.9373489661641,0 33.37113212835581,34.93734886384282,0 33.37098213978783,34.9373300673699,0 33.37083673309965,34.93728905809075,0 33.37060316108257,34.93722258356251,0 33.37029441811088,34.93706598009096,0 33.36948347115928,34.93667282182796,0 33.36897204007519,34.93715978585104,0 33.36880930308533,34.93726669118654,0 33.36779827979777,34.9376716626702,0 33.36757387453217,34.93773201924404,0 33.36666143652172,34.93778953201886,0 33.36612138258965,34.93787173419867,0 33.36574901892954,34.93789755497252,0 33.36402295256969,34.93731756425537,0 33.36360132315445,34.93726654112804,0 33.36283206649925,34.93713629448246,0 33.36205542009684,34.93711514085235,0 33.36158705044572,34.93686404123573,0 33.36143669836665,34.93675071718203,0 33.36037439607742,34.93606659185077,0 33.36007863209925,34.93592887009837,0 33.35986419689942,34.93585992755452,0 33.35967933417028,34.93581324176836,0 33.35947525928786,34.93578673790404,0 33.35870162076485,34.93575264628954,0 33.35839809426749,34.93574022609585,0 33.35826484057949,34.93572797112264,0 33.35788981656819,34.93567368615396,0 33.35611400086818,34.93535407334604,0 33.3561134101203,34.93511101845996,0 33.35608855510183,34.93500270947616,0 33.35557372283482,34.93436320467404,0 33.35523488843693,34.93405109431026,0 33.35479389461729,34.93369857898753,0 33.35395369477976,34.93292841404061,0 33.35365800501329,34.9327062040025,0 33.35348171330973,34.93262526181172,0 33.35329172922804,34.93260596304916,0 33.35316503954136,34.93258336557923,0 33.35304024306474,34.93251696639541,0 33.35297247295822,34.9323094228451,0 33.35292362006128,34.93204753644794,0 33.35293305386332,34.93172569503175,0 33.35277935111414,34.93140817468635,0 33.35266144942035,34.93114078794559,0 33.35257377412491,34.93071872762682,0 33.3524455474315,34.93039283608391,0 33.352257054567,34.92993859467168,0 33.3521201161122,34.92956030337609,0 33.35148928684971,34.92991937934053,0 33.35133953413758,34.93029394031937,0 33.35108728487702,34.9304694319878,0 33.35095177451417,34.93070456370742,0 33.3505881862397,34.93105540160905,0 33.35043578002011,34.93106429130089,0 33.34966726082635,34.93099417718869,0 33.34911457694605,34.93091679918971,0 33.34844078842125,34.93071921925976,0 33.34783076738324,34.93065127286068,0 33.34626498669826,34.93040411386455,0 33.34604779785852,34.93037833777304,0 33.3456946128543,34.93021915404771,0 33.34559421438566,34.93012396260249,0 33.34546485719788,34.92990985256775,0 33.34535354793833,34.92998706932401,0 33.34513820946121,34.93027002165297,0 33.34486966232343,34.93012172866829,0 33.34449373827377,34.930247715642,0 33.34417940498956,34.9303051136648,0 33.34387049261243,34.93037851940221,0 33.3436383319677,34.93042146514059,0 33.34318486446045,34.93048943840279,0 33.34296157521892,34.93052440084463,0 33.34277036779166,34.93055608130327,0 33.34255719270788,34.93056543541281,0 33.34230836175956,34.93054801699345,0 33.34215261201771,34.93056173559197,0 33.34192597125566,34.93061584929806,0 33.34167203531938,34.93067896262335,0 33.34149583323712,34.93072222195564,0 33.34147180094447,34.93084976561506,0 33.34156149646475,34.93135064699969,0 33.34162906863747,34.93179796425392,0 33.34169379261902,34.93221392680388,0 33.34183173790834,34.93307044141528,0 33.34209862886524,34.93456495731132,0 33.3420995582957,34.93477247159485,0 33.34163290518894,34.9353581858207,0 33.3388780516708,34.93881569806263,0 33.33392836649355,34.94272036613,0 33.32476551244386,34.94524797415976,0 33.32033936484283,34.93886069472996,0 33.31776065390529,34.93754895686883,0 33.31344171646295,34.93536106590042,0 33.31239380446968,34.93476690798312,0 33.31181932000545,34.93445568830527,0 33.3105875101632,34.93381863835739,0 33.31026772386468,34.93367272099527,0 33.30982555823612,34.93323038828864,0 33.30907201512976,34.93250183899335,0 33.30877730725568,34.9324646812276,0 33.30812689289519,34.93214578083904,0 33.30747172842032,34.93177252439508,0 33.3074411224973,34.93120554233487,0 33.30757586835977,34.9304610604772,0 33.30645640185239,34.92946387614717,0 33.30594659579346,34.92898567096287,0 33.30571436848773,34.92888841561787,0 33.30520415818384,34.92896630123043,0 33.30489432328481,34.92907422716298,0 33.30445243523111,34.9291372483904,0 33.30432034060627,34.92914458344643,0 33.30386486497498,34.92912174701878,0 33.30372790312779,34.92852356327016,0 33.30362555664916,34.92837791561029,0 33.30336620483131,34.92809778374347,0 33.30312045132874,34.92789603225958,0 33.30762440590178,34.92671041262776,0 33.30803602993168,34.92660998037066,0 33.30785267069506,34.92627264962284,0 33.30771979775434,34.92607400804459,0 33.30750507421062,34.92571181166235,0 33.30620389516762,34.92360635225146,0 33.30512793465448,34.92183348316005,0 33.3045549775046,34.9208553695003,0 33.30291509009842,34.91774880410446,0 33.30291507687649,34.91774877979864,0 33.30279702736831,34.91768764654877,0 33.2994492719147,34.91521841399736,0 33.29933725180334,34.9151355441811,0 33.29922099399352,34.91505492296044,0 33.29913010512349,34.91496541051783,0 33.29780966829232,34.91317996531425,0 33.29750856562124,34.91278023590495,0 33.29695577566829,34.91204113141662,0 33.29679457774631,34.91189112674396,0 33.2966217841059,34.91176396011517,0 33.29636801832437,34.91162323298944,0 33.29600396627648,34.91146516171292,0 33.29525224351024,34.91122109806965,0 33.29517734339371,34.91110196939985,0 33.29439253923019,34.91075306067663,0 33.29418711076837,34.91073347409176,0 33.29395303666982,34.91082951979332,0 33.29356918894644,34.9106092484253,0 33.29305490123858,34.9105631371112,0 33.29300017463144,34.91025482336912,0 33.29231611835751,34.90976133178434,0 33.29215281837561,34.90942080531882,0 33.29237713752992,34.90924085820085,0 33.29204602342992,34.90913029341947,0 33.29211974284677,34.90844700418736,0 33.29187012767095,34.90816177965596,0 33.29134757496844,34.90825449689319,0 33.29104492915426,34.90832755426661,0 33.29103629429743,34.90836382806109,0 33.29097872660949,34.90881492447885,0 33.29087151682566,34.90876127964853,0 33.29052786764687,34.90860820998389,0 33.29043406485037,34.90856560597485,0 33.29030959320524,34.90860974477442,0 33.28991811958149,34.90833520800286,0 33.28972191013671,34.90817743751421,0 33.28937818697403,34.90827831327128,0 33.28933699721414,34.90834612913707,0 33.28923646655103,34.90835715051761,0 33.28911393204098,34.90832873037194,0 33.28907565500253,34.90830663884044,0 33.28907955483271,34.90806058304419,0 33.2890298200528,34.90791861220501,0 33.28893413294159,34.90776717011203,0 33.28871582004931,34.90786807121741,0 33.28851667900654,34.90789011101277,0 33.28799206412987,34.90787106748623,0 33.28770869127599,34.90783630039721,0 33.28739470634212,34.90776998079542,0 33.28718028580285,34.90768791322209,0 33.28710748112441,34.9078172360277,0 33.28701558421794,34.90780459767326,0 33.28658673232045,34.9076846168651,0 33.28651783434322,34.90760258349739,0 33.28639539067905,34.90730917550862,0 33.28618490805484,34.90693372571035,0 33.28570912614541,34.90688944595735,0 33.28525528095187,34.90706599491257,0 33.28479090966955,34.90722045726882,0 33.28440415704581,34.90717619363335,0 33.28353878368004,34.90700562169985,0 33.28297975790407,34.9068477441142,0 33.28212207455114,34.90661091730743,0 33.28161280849495,34.90652560446265,0 33.28151327390719,34.90645301867335,0 33.28100153863089,34.906345855414,0 33.28050418517,34.9058229783826,0 33.27998491547367,34.90548842506225,0 33.27961441829707,34.905353113002,0 33.2795288918923,34.90552756227353,0 33.27904452621531,34.90537582738102,0 33.27903770919996,34.90532051364417,0 33.27903365074792,34.90483142409859,0 33.27915422843619,34.90481023294878,0 33.2791775880912,34.90463412475297,0 33.27903824338406,34.90450477731448,0 33.27903903109529,34.90434623860931,0 33.27878351420473,34.90389450109603,0 33.27846027398309,34.90327138520835,0 33.27827287917202,34.90298606551073,0 33.27807791345369,34.90291031489839,0 33.27771095369139,34.9023035228088,0 33.27735405033958,34.90199189269536,0 33.27659865495961,34.9013638281882,0 33.2754343909572,34.90241197541029,0 33.27507314976945,34.90272716578406,0 33.27454927454365,34.90253660426355,0 33.27352684154727,34.90215701389078,0 33.27332622832289,34.90208253215706,0 33.27224401781616,34.90168213482981,0 33.27158985501173,34.90143802820483,0 33.27120222471262,34.9012315771171,0 33.27025067018219,34.90063916124573,0 33.26931740975763,34.90005357708831,0 33.2691648362655,34.90000416460207,0 33.26779127094785,34.89943518462243,0 33.26686762938893,34.89904981960352,0 33.26666855886468,34.89877106440372,0 33.26657215250939,34.89873150344469,0 33.26618143764931,34.89857413716936,0 33.26607935400342,34.898563323444,0 33.26589929993464,34.89857855875098,0 33.26567585940742,34.89857794936992,0 33.26542936081167,34.89851228795121,0 33.26521900922816,34.89845200268051,0 33.26494153618345,34.89863531971086,0 33.26470295615792,34.89866717083477,0 33.26462538226655,34.89868841269752,0 33.26441071336279,34.89865134479814,0 33.26429095284818,34.89855269657254,0 33.26417619478964,34.89842117897231,0 33.26401651636355,34.89826910594773,0 33.26382684413705,34.89817863550539,0 33.26362722895984,34.89809640385534,0 33.26362718404045,34.89809638502254,0 33.26380694175075,34.89806770243896,0 33.26399666587235,34.89807189058412,0 33.2641663972379,34.89811305387482,0 33.26432610476829,34.89821171993869,0 33.2644858557457,34.89824053672933,0 33.26470560943921,34.89812559534795,0 33.26494188626635,34.89805025747155,0 33.26513671178069,34.89802669992121,0 33.26535503664843,34.8979115693764,0 33.26556989641585,34.89775379257875,0 33.26565918499743,34.89760340045837,0 33.26570024197762,34.89741247499102,0 33.26567344411438,34.89732322340274,0 33.26549246327737,34.89717304589848,0 33.26537047709225,34.89707881521893,0 33.26535611585864,34.89700263973526,0 33.26535554130452,34.89688828070522,0 33.26534531407514,34.8967298947786,0 33.2653016114778,34.89662320197592,0 33.26530160155263,34.89662317765871,0 33.26526143581557,34.89654389712398,0 33.26518059936415,34.89647972329787,0 33.26511429417512,34.89645821713922,0 33.26494288708351,34.89640298642526,0 33.26458049642657,34.89627193832506,0 33.26453153002565,34.89623172798561,0 33.26439906524379,34.89601538118441,0 33.26439904985141,34.89601535778045,0 33.26431552612181,34.89592787436705,0 33.26426655102283,34.89589475105944,0 33.26418008204446,34.895863933977,0 33.26399947151602,34.89582764946429,0 33.26378905581769,34.89578488220535,0 33.26353830925711,34.89570427573084,0 33.26330774967698,34.89561660729909,0 33.26292437987013,34.89547750834375,0 33.26256632891284,34.89536738437221,0 33.26238255177115,34.89202910768594,0 33.25451575734302,34.89429130657486,0 33.2516280177394,34.89510694288519,0 33.25150081464951,34.89506924916963,0 33.25129540473903,34.89493475355766,0 33.25107367850235,34.89477874055342,0 33.25085858909079,34.89468259614852,0 33.25060407177602,34.89456883286165,0 33.25033644633127,34.89471921095308,0 33.25019933241104,34.89484546687697,0 33.25007199472849,34.89497710486712,0 33.24973582250725,34.89517851345858,0 33.24955310555296,34.89521335799006,0 33.24884194153741,34.89518609418358,0 33.24861361406831,34.89514296319719,0 33.2484114082875,34.89507296775398,0 33.24819285940908,34.89503790461936,0 33.24811131086634,34.89502710957425,0 33.24799395161632,34.89493835342004,0 33.24790596198789,34.89483348981034,0 33.24790594332627,34.89483346911528,0 33.24783424779891,34.89476893963904,0 33.24783422804597,34.89476891984761,0 33.24772005773197,34.89475272921374,0 33.24751131605049,34.89470154603276,0 33.24731237692433,34.89462348592419,0 33.24686904023499,34.89422544272275,0 33.24668641372248,34.89415007080201,0 33.24604370969841,34.89419002444113,0 33.24585780053204,34.89414691417696,0 33.245678427354,34.89408499086837,0 33.24558719848896,34.89396937971641,0 33.24558718091951,34.8939693581173,0 33.24552533586812,34.89381074560671,0 33.24548305291459,34.89366828253603,0 33.24548304518105,34.8936682573113,0 33.24546067843222,34.89311186817921,0 33.24521653804961,34.89249351347367,0 33.24521661114865,34.89240213063009,0 33.245399432113,34.89223558823864,0 33.2451190041367,34.89209565809103,0 33.24495254816647,34.89604403533818,0 33.24714212812142,34.89537061993521,0 33.25103278483623,34.89703114803982,0 33.25365164733062,34.89814527674582,0 33.25384405621303,34.89823945868999,0 33.25210720046518,34.89988623177153,0 33.24959324020975,34.90220452791295,0 33.25339058745121,34.90259357383015,0 33.25337743892634,34.90273333156654,0 33.25330560432157,34.90280318509616,0 33.25328531590994,34.90376542465047,0 33.2519668543506,34.90422168902234,0 33.24968796838004,34.90633302541417,0 33.24868230183925,34.90728535442511,0 33.24829454261292,34.90725091535909,0 33.24771268925652,34.90746356577394,0 33.24750028920863,34.90750908394968,0 33.24734333839425,34.90749378332536,0 33.2467757210913,34.90723485759658,0 33.24646648190248,34.90715101484507,0 33.24630040115453,34.90702161552214,0 33.24530778334729,34.90710091597816,0 33.24424136235677,34.9071079062081,0 33.2437013132669,34.90701251104501,0 33.24332754303144,34.90682974134764,0 33.24310611175524,34.90664706161176,0 33.24308312578763,34.90653296015407,0 33.24328620069264,34.90632940280759,0 33.24334187321383,34.90622069498227,0 33.24327019543706,34.90612390941919,0 33.24327017895983,34.90612388781761,0 33.24314960456157,34.9059733192158,0 33.24314958699016,34.9059732976164,0 33.24304533492152,34.90581467524585,0 33.24304531953597,34.90581465274064,0 33.24298346235304,34.90567487124603,0 33.24298345243332,34.905674846927,0 33.24295423999975,34.90550550325166,0 33.2429445720151,34.90536304108307,0 33.24298059344733,34.90520984428606,0 33.24305577428897,34.90505130476682,0 33.2431504988529,34.90492771907614,0 33.24324194396939,34.90482832278683,0 33.24333342751571,34.90467785620364,0 33.24339882628963,34.90451124742834,0 33.24340549869375,34.90434730279968,0 33.24335996102298,34.90418599846274,0 33.24328831982831,34.90403275294181,0 33.24318079659572,34.90387949263188,0 33.2431807812105,34.90387947012667,0 33.24297548383544,34.90365827531166,0 33.24297546517307,34.90365825461587,0 33.23852590896043,34.90570663888732,0 33.23712973600694,34.90632561008801,0 33.2365228648011,34.90662385198451,0 33.23565120300029,34.90702412010421,0 33.23544011581686,34.90711445135777,0 33.23531638269446,34.90716548888409,0 33.23531640354165,34.90716550867538,0 33.23680287790282,34.90854098954761,0 33.23680289874811,34.90854100843722,0 33.23779717912388,34.90944919949002,0 33.23779719996964,34.90944921837944,0 33.23838556919326,34.90999686708601,0 33.23852184074873,34.9100926272825,0 33.24011479936928,34.91152838481625,0 33.23851993216586,34.91214406898057,0 33.23822180078618,34.91226014150565,0 33.23803672435611,34.91231656369294,0 33.23782720298198,34.91233586172427,0 33.23696140528104,34.9124637786333,0 33.23516238119813,34.91270640389242,0 33.23415150253527,34.91281986996005,0 33.23394198392737,34.91283243475733,0 33.2336259559078,34.91279405637276,0 33.23352769394291,34.91273978843009,0 33.23340502636554,34.91263828953974,0 33.23324951705798,34.91253665163656,0 33.23307103991247,34.91244988083523,0 33.23288244121701,34.91238848031985,0 33.23268968987097,34.91233716464235,0 33.23251756430095,34.9122691082473,0 33.23215285376369,34.91211944461922,0 33.23177581914857,34.91196972496897,0 33.23142747894896,34.91183022410235,0 33.23090884573067,34.91164107555115,0 33.23073244476161,34.91160328783545,0 33.23054362996842,34.91158227394526,0 33.23035074420034,34.91155451119472,0 33.23016200147447,34.91152003539075,0 33.22996517512578,34.91146196320567,0 33.22937742098492,34.91118882111055,0 33.22899634537779,34.91102560678529,0 33.22882846523205,34.91093400688293,0 33.22872666036959,34.91077537401793,0 33.22802211542841,34.90949320212987,0 33.2278743119717,34.90948244482656,0 33.22738972027184,34.90947021666878,0 33.22692289892319,34.90944096307741,0 33.22647965138606,34.90937842951004,0 33.2260654174153,34.90926890332886,0 33.22542589972242,34.90919269271479,0 33.22518093080249,34.90916906758994,0 33.22512451303081,34.90910124055393,0 33.22512449655772,34.90910121894989,0 33.22498350112006,34.90859965605316,0 33.22420940957097,34.90812474168133,0 33.22383667937238,34.90789913407782,0 33.22352724796313,34.90765962230697,0 33.22197419502721,34.90631496078628,0 33.22197417418585,34.90631494189409,0 33.22155145461083,34.90593191983419,0 33.22155143267545,34.90593190094393,0 33.22104569415778,34.90549151112801,0 33.22054909184489,34.90518886242506,0 33.22036337868168,34.90511984068815,0 33.22018227398206,34.90510056709278,0 33.21990355710994,34.90514243695226,0 33.21952260570465,34.90523779209956,0 33.21882107349241,34.90543237179896,0 33.21818917590677,34.90564230739707,0 33.21795222535423,34.9057186418736,0 33.21778049593779,34.90562668372915,0 33.21759013129714,34.90557295811673,0 33.21716749726193,34.90556113980822,0 33.21641509377956,34.90556435592868,0 33.21629893633325,34.90559869842249,0 33.21589008247018,34.90572462631268,0 33.21507701866413,34.90595735561875,0 33.21457052981107,34.90615589601121,0 33.2143240238228,34.90630884013169,0 33.21422800898252,34.90634092217463,0 33.2141645793244,34.90634979414974,0 33.21409186767903,34.90635251659391,0 33.21404360288157,34.90630861314226,0 33.21393413580371,34.90624720237721,0 33.21221705768479,34.90549264249793,0 33.21211497786386,34.90546182377396,0 33.21202836557096,34.90542100715501,0 33.21156438659166,34.90528672857207,0 33.21157692338521,34.90520918831837,0 33.21139568756156,34.90509491351518,0 33.21031355819009,34.90460318564035,0 33.20974793129947,34.90435848094515,0 33.20940140641554,34.90433393907733,0 33.20903384502092,34.9043079053618,0 33.20803680767315,34.90424042863788,0 33.20723512486243,34.90419531538461,0 33.20650078813984,34.90417246069664,0 33.20553067368995,34.90412718774451,0 33.20396099627644,34.90404250576166,0 33.20274163082755,34.90398033170597,0 33.20241818194141,34.90402443380269,0 33.20183850581171,34.90421815909266,0 33.20021408159673,34.90474391822422,0 33.19901427165158,34.90514240071332,0 33.19889960222985,34.90523665010129,0 33.19879776718408,34.9057860344761,0 33.19869174396386,34.90629487338109,0 33.19710911253181,34.91388963927331,0 33.19219352599632,34.91402780187591,0 33.19189284262308,34.91412652035311,0 33.19035659147791,34.91425148246942,0 33.18996912995753,34.91432259930797,0 33.18964162393199,34.91449279859459,0 33.18926055198123,34.91475096712567,0 33.18912010997295,34.91487184967871,0 33.18899317043224,34.91490472341372,0 33.18839237819871,34.91472255954672,0 33.18771816948177,34.91451280309718,0 33.18731760832546,34.91441335961144,0 33.18677691364545,34.91424225310038,0 33.18573376620209,34.91416292691131,0 33.18569015251226,34.91416206507539,0 33.18505240420165,34.91415605709124,0 33.18474731155558,34.91355682890634,0 33.18474729946342,34.91355680458589,0 33.18469406563677,34.91330081363891,0 33.18466526216287,34.91206558615082,0 33.18463405681563,34.91135348460149,0 33.18455401276781,34.91100825744446,0 33.18402030686715,34.91035598446286,0 33.18402029040254,34.9103559619518,0 33.1839211889201,34.90968214507989,0 33.18390958257045,34.90963044703808,0 33.18390117819598,34.90959302205595,0 33.18377881138071,34.90942221121475,0 33.18377879491435,34.90942218780221,0 33.18340661350847,34.90910412434923,0 33.18340659048666,34.90910410545372,0 33.18178801071676,34.91119847793851,0 33.18106649536077,34.91171459796367,0 33.18030268582828,34.91251918479296,0 33.18030270666565,34.91251920549517,0 33.1806813416028,34.91289822851739,0 33.18218433480041,34.91314777569205,0 33.18230920312687,34.91316850724463,0 33.18230922614956,34.91316852614029,0 33.18234979575969,34.91320196456526,0 33.18184261051977,34.91448014418621,0 33.18113113932812,34.91420063550689,0 33.18065169260169,34.91507100988198,0 33.18016891473702,34.91535354347307,0 33.18004059344153,34.9151976314357,0 33.18004057478831,34.91519760892737,0 33.17933290250696,34.91577427098147,0 33.17860807529629,34.91547812763847,0 33.1778703183926,34.91499293463026,0 33.1778702942819,34.91499291843964,0 33.17812975714853,34.91450976092699,0 33.17757104141018,34.91421608286195,0 33.1771030713529,34.91417061833941,0 33.17699056912012,34.91397562512618,0 33.17699055484152,34.91397560080814,0 33.17696817989652,34.91393681831483,0 33.17696816561792,34.91393679399677,0 33.17632545260189,34.91339606857669,0 33.17632542848423,34.91339604878002,0 33.1765291451382,34.91334085448234,0 33.17714668118268,34.9133031934196,0 33.17678159445239,34.91291870309951,0 33.17678157470819,34.91291868149368,0 33.17665876962084,34.91261024052309,0 33.17665875862357,34.91261021529878,0 33.17590379247687,34.91299205408159,0 33.17490577601574,34.91363664361317,0 33.17459368555728,34.91373999618408,0 33.17423239552005,34.91420872680657,0 33.17362570745192,34.91417684938334,0 33.17339384083895,34.91460443562401,0 33.17339384964681,34.91460446085173,0 33.17345432500377,34.91479357043496,0 33.17345434583999,34.91479359113835,0 33.17360311845069,34.91493285750686,0 33.17388771688406,34.91501684697731,0 33.17409806549362,34.9149839425684,0 33.17424074690734,34.91490086426837,0 33.17424076992676,34.91490088226414,0 33.17470097269997,34.91522425833651,0 33.17491093850811,34.91531363600178,0 33.17508726867012,34.91531958218891,0 33.17516809752495,34.91549761172416,0 33.17540951443326,34.91559167844503,0 33.17541196564628,34.91559263313684,0 33.17564867732988,34.91580433766433,0 33.17567499114077,34.9160600514161,0 33.17493549759059,34.91614182848973,0 33.17500951729834,34.9164526715088,0 33.1754162962841,34.91649246499186,0 33.17544312241247,34.91658698000543,0 33.17573479286764,34.91657095467528,0 33.17575912390802,34.91669253893011,0 33.17580821538353,34.91693784500952,0 33.17531168772059,34.9172750415034,0 33.17511503142823,34.91740859105666,0 33.17511505772406,34.91740860544179,0 33.17518171484011,34.91744426314211,0 33.17550089604663,34.91761499937419,0 33.17526277951053,34.91786446013965,0 33.17502371939185,34.91764999000348,0 33.17502369746202,34.91764997020341,0 33.17488414131363,34.91752476835227,0 33.17488411938388,34.91752474855219,0 33.17431469604818,34.91747904880823,0 33.1743014775799,34.91736235036372,0 33.17403129379016,34.91702287347599,0 33.17403127623255,34.91702285096517,0 33.17370521049524,34.91722214244461,0 33.17370522258471,34.9172221667662,0 33.17380628783967,34.91743347639297,0 33.1736562620079,34.91772201428489,0 33.17365627956556,34.91772203679579,0 33.17370354057805,34.91778322382373,0 33.17364184994587,34.91783060417162,0 33.1733501839969,34.91805461525625,0 33.17335019936765,34.91805463867171,0 33.17347842441077,34.91824930619594,0 33.17347844743097,34.91824932419183,0 33.17370163814296,34.91842198786844,0 33.17361062540363,34.91911985400352,0 33.1740504352457,34.91939294491605,0 33.17405044952251,34.91939296833301,0 33.17413129823063,34.91955415773214,0 33.17345296351558,34.91970807401351,0 33.17339163035235,34.91981897808538,0 33.17289709011322,34.91972345504114,0 33.17274906643303,34.91934557606798,0 33.17274905543798,34.91934555174478,0 33.17235548594402,34.91949456760388,0 33.17175860549355,34.91964310439328,0 33.17168152226129,34.91955837262128,0 33.17168150251682,34.91955835101466,0 33.17127611410514,34.91909648683208,0 33.17127609545531,34.91909646522385,0 33.17097781264549,34.9191932508577,0 33.17081424337235,34.91907974366023,0 33.17081421926182,34.9190797274682,0 33.17053318401089,34.91869086199931,0 33.17053316754829,34.91869083948644,0 33.17054658539769,34.91851276757087,0 33.17071070298297,34.91832678035163,0 33.17074043293135,34.91818650355221,0 33.17065542748811,34.91810277742421,0 33.17065540665174,34.91810275672034,0 33.1701671559856,34.91818582117333,0 33.16992783607228,34.91828537471704,0 33.16969832838615,34.91839842665485,0 33.16947534630464,34.91852228361892,0 33.16893197000987,34.91828958105442,0 33.16886355250586,34.91807364271614,0 33.1686538596397,34.91809226647392,0 33.16860165826529,34.91797889913581,0 33.16860164508468,34.9179788757167,0 33.16829721521103,34.91785708962422,0 33.16827447010147,34.91774913324613,0 33.16875626868802,34.9176093947594,0 33.16873743871972,34.9171452645702,0 33.1686364824935,34.9168132595766,0 33.16868581081781,34.91670268279972,0 33.16869263369698,34.91654888872247,0 33.1685225673863,34.91640569489375,0 33.1685225443677,34.91640567689689,0 33.16798272263485,34.91603267677867,0 33.16798269742957,34.91603265968617,0 33.16779944543352,34.91592990719492,0 33.16757997618342,34.91592153908401,0 33.16735391127609,34.91594015342511,0 33.16688207909686,34.91600433839915,0 33.16648563536399,34.91605242585472,0 33.16648583998209,34.91593100081069,0 33.1665783185249,34.91551017869627,0 33.16665727924148,34.9153213946878,0 33.1668048949243,34.91520554741886,0 33.16672318405429,34.91511372805584,0 33.16672316321782,34.91511370644988,0 33.16656941765407,34.91500830373628,0 33.16656939463628,34.91500828573903,0 33.16647476299829,34.91481391814099,0 33.16647475090951,34.91481389291726,0 33.16642267677273,34.91463036987791,0 33.16642267125006,34.91463034464518,0 33.1663549193971,34.91405282744975,0 33.16631336027626,34.91348343685451,0 33.16619235187541,34.9133915645066,0 33.166192327762,34.91339154560934,0 33.16583190192919,34.91344506873923,0 33.16503926319503,34.91340091978876,0 33.16496087922569,34.91328212181327,0 33.16496086276209,34.91328209749673,0 33.16511875713643,34.91291802416802,0 33.16562170805389,34.91194186119051,0 33.16586501796565,34.91143757851784,0 33.16596396023019,34.91106533355153,0 33.16590903617499,34.91064433330303,0 33.16629331794621,34.91007006766046,0 33.16704197120519,34.9090537246183,0 33.16685564068727,34.90885654351639,0 33.16685562094666,34.90885652190892,0 33.16677729909668,34.9087026480837,0 33.16677728591443,34.90870262286147,0 33.16651726249758,34.90758521946043,0 33.16663208819914,34.9074801181929,0 33.1669171533681,34.90742379986667,0 33.16690785668771,34.9071296753022,0 33.16687576612279,34.90675996828375,0 33.16673855525314,34.90657094331215,0 33.16673853769793,34.9065709198988,0 33.16655542262651,34.90641151591712,0 33.16655540179777,34.90641149701539,0 33.16654577780852,34.90629815764785,0 33.16693882936761,34.90629863795853,0 33.16694247550551,34.9062603172157,0 33.16702257808105,34.90560748206877,0 33.16798875567033,34.90578326019852,0 33.16868908248669,34.90528124153828,0 33.16779160115634,34.90463413421895,0 33.16779157595092,34.90463411532347,0 33.16860249778829,34.90388782062236,0 33.16860254038301,34.90388778180132,0 33.16772891615003,34.9041172065103,0 33.16733487516545,34.90401545591261,0 33.16733488506448,34.90401548113934,0 33.16744873269243,34.90434734578665,0 33.16720693248229,34.90444832364143,0 33.16682067741817,34.90473420640556,0 33.16579410625769,34.90514152534963,0 33.16528129024266,34.90508502194712,0 33.16451429334899,34.90494439026605,0 33.16316701661736,34.90455508827402,0 33.16286208383281,34.90441153441393,0 33.16251469907466,34.90429585412045,0 33.16090054461336,34.90382587276264,0 33.15963147327616,34.90469379400083,0 33.15929389705553,34.90477811146369,0 33.15802652150273,34.90501406838177,0 33.15727709379332,34.9045362824047,0 33.15727706968798,34.90453626530849,0 33.15700319939855,34.90488170813644,0 33.156905245247,34.90483419346894,0 33.15654459795302,34.90468072662529,0 33.15643770774593,34.9046112396445,0 33.15643768254824,34.90461122345098,0 33.15610807288283,34.90438809705694,0 33.15610804768355,34.90438807996193,0 33.15585422962383,34.90424914836098,0 33.15585420333726,34.90424913487306,0 33.15571619747727,34.90419433916976,0 33.15560930387324,34.90412118709916,0 33.15560927867416,34.90412117000401,0 33.15542206956227,34.90391985359906,0 33.15542204873162,34.9039198319911,0 33.15532844403741,34.90381368795732,0 33.15532842429931,34.90381366544648,0 33.15473278931091,34.90374158060231,0 33.1540999954588,34.90379563174888,0 33.15389435206708,34.90381001156742,0 33.15368281163494,34.90372556087275,0 33.15354851577074,34.90370455123853,0 33.15344576363753,34.90374939338663,0 33.15330288488043,34.90372133422838,0 33.15309153197369,34.9037380744543,0 33.1522023446734,34.90329677729154,0 33.15201266901487,34.90332733553533,0 33.1518629598063,34.90341367883005,0 33.15147259186014,34.90330177603139,0 33.15075491544854,34.90330966977212,0 33.15064288678493,34.90324128109766,0 33.15064286158714,34.90324126400149,0 33.15043870382056,34.90327126081525,0 33.1502811314727,34.90334572188505,0 33.15023316959739,34.90340531055816,0 33.15017392767854,34.90342831553265,0 33.15009787195578,34.90343854167713,0 33.14972783949993,34.90335059461136,0 33.14952145025182,34.90358897792383,0 33.14939918624939,34.90359989508002,0 33.14939876878462,34.90387811102487,0 33.14891568749912,34.90385336072002,0 33.1488094182504,34.90376607270059,0 33.14880939414215,34.9037660528984,0 33.14797570666017,34.90390135121379,0 33.14758536937107,34.90394867099634,0 33.14765281287943,34.903514515344,0 33.14777735918906,34.90321145173961,0 33.14807592760586,34.90271768441161,0 33.14825283249412,34.90251451643366,0 33.14824419551037,34.90217869583275,0 33.14814755929618,34.90201233723015,0 33.14814754502651,34.90201231200717,0 33.14801506798125,34.9018958187474,0 33.14801504387375,34.90189579894504,0 33.14773488256742,34.90171699088362,0 33.14773485627653,34.9017169737882,0 33.14758117137584,34.90159409386864,0 33.14758114726852,34.9015940740662,0 33.14746387054393,34.90172225176163,0 33.14735767071588,34.90168490672598,0 33.14727493327972,34.90157024626989,0 33.1472749157295,34.90157022195223,0 33.14702654984325,34.90134988125765,0 33.1470265268287,34.90134986055232,0 33.14681516702665,34.90112823696914,0 33.14681514619734,34.90112821445824,0 33.14657667287373,34.90080676959133,0 33.14657665422969,34.90080674527488,0 33.14631586616201,34.90055559236999,0 33.14631584314628,34.90055557076312,0 33.14602803015512,34.90025267364,0 33.14602800823209,34.90025265113026,0 33.14564587840009,34.89992027832746,0 33.14564585429213,34.89992025762318,0 33.14540306162476,34.89968757333275,0 33.14540303860951,34.89968755172568,0 33.14547316005536,34.89960843570545,0 33.14534480368631,34.89932058755243,0 33.14534479051053,34.89932056142638,0 33.14511908260526,34.89944827426532,0 33.14468201055286,34.89892025277562,0 33.14468198972312,34.89892022936293,0 33.1444948119725,34.89879794242366,0 33.14449478677734,34.89879792532624,0 33.14375929627241,34.89824661089207,0 33.14375926998029,34.89824659199289,0 33.14339370571707,34.89795801960429,0 33.1433936805177,34.89795799980228,0 33.14259979905059,34.89728166118198,0 33.14259977494418,34.89728164047708,0 33.14155104709751,34.89637729248269,0 33.14155102299163,34.89637727177758,0 33.14103712187592,34.89572571599052,0 33.14103710323467,34.89572569167319,0 33.14104268844646,34.89540233502014,0 33.14115435757862,34.89525478707673,0 33.14111738591205,34.89523106707183,0 33.14111736071714,34.89523104907221,0 33.14096872011945,34.8953082687412,0 33.14086861696533,34.89512166806236,0 33.1408686059798,34.89512164193326,0 33.14083869174465,34.89492571466981,0 33.14075768527365,34.89476654610069,0 33.14075767210007,34.89476651997411,0 33.14066105446138,34.89462661160867,0 33.14066103691304,34.89462658638858,0 33.14051471477869,34.89445288442712,0 33.14051469504533,34.89445286101241,0 33.14059967204934,34.89396203981678,0 33.14054933099395,34.89316263354038,0 33.1404487987419,34.89287737360868,0 33.14044878994491,34.89287734747699,0 33.14037009326323,34.89274562756911,0 33.14037007790196,34.89274560144499,0 33.14018375892254,34.89254813628931,0 33.14018373700316,34.89254811377851,0 33.13999372510527,34.89236918535143,0 33.13995971971876,34.89221630099145,0 33.13995971311012,34.89221627485722,0 33.1398545729769,34.89224304342119,0 33.13971820727352,34.8921282094347,0 33.13971818316934,34.89212818872922,0 33.13918308398743,34.89210174663823,0 33.13876381350563,34.89215475934977,0 33.13859598230015,34.8921779844842,0 33.13840902707795,34.89216735492828,0 33.13825997458114,34.89209162663216,0 33.13825994720577,34.89209161224018,0 33.13789124222026,34.89171314722726,0 33.13789122030172,34.89171312471603,0 33.13776587615983,34.89160671172893,0 33.13776585096374,34.89160669192572,0 33.1375640550394,34.89148430162433,0 33.13756402875387,34.89148428452666,0 33.13707917890793,34.89141142588276,0 33.13671552981927,34.89136093629633,0 33.1365071128249,34.89118303719285,0 33.13650708762925,34.89118301738938,0 33.136224542847,34.89102165776004,0 33.13622451656337,34.89102164156352,0 33.13604919285248,34.89110463907716,0 33.13582042394076,34.89099886170639,0 33.13582039656765,34.89099884821531,0 33.13588802266034,34.89087683619901,0 33.13583456448982,34.8906825213078,0 33.13583455678857,34.89068249517453,0 33.13565380970352,34.89016606983799,0 33.13565380090836,34.89016604370596,0 33.13554631017303,34.89004380166168,0 33.13554628934813,34.89004377824737,0 33.13522378799551,34.88967144908779,0 33.13522376717077,34.88967142567341,0 33.13491445056358,34.88943232248114,0 33.13491442646434,34.88943230357757,0 33.13497528491794,34.88932693568997,0 33.13496888680485,34.88917152579693,0 33.13467257321048,34.8891377744278,0 33.13424319724882,34.88835456299388,0 33.13424318079779,34.88835453777162,0 33.134021202504,34.88822656402331,0 33.13402117622024,34.88822654692484,0 33.13386607752233,34.88830402112025,0 33.13363012331374,34.88839247255895,0 33.13346179842975,34.88835891912652,0 33.13323252028674,34.88847513324269,0 33.13313502801914,34.88850554117831,0 33.13309788751803,34.88844165686173,0 33.13309787325678,34.88844163253835,0 33.13303238813285,34.88835387384163,0 33.13312518457528,34.88827516185499,0 33.13298408439329,34.88811399209327,0 33.13296419601544,34.88796965212245,0 33.1329647217655,34.88773098616902,0 33.13347028229499,34.88756523267331,0 33.13366559782821,34.88757662417716,0 33.13389493615447,34.88743265641037,0 33.1336398142215,34.88704930060371,0 33.13359333443197,34.8867439604871,0 33.13351943556355,34.88665504390249,0 33.13325697120374,34.8865491949472,0 33.13312911136829,34.88649350048211,0 33.13292384039001,34.88626766724966,0 33.13282612103605,34.88616015785008,0 33.13261585559476,34.88612365354414,0 33.13247962293977,34.8860586889591,0 33.13247075468919,34.88588725566233,0 33.13290951191457,34.88554360961,0 33.13283939301589,34.8853830669125,0 33.13281245608176,34.88502113491768,0 33.13277187075465,34.88455823529968,0 33.13282562305948,34.884291660047,0 33.13279188941612,34.88386686416337,0 33.13264246105256,34.88349903510235,0 33.13270284750097,34.88336770265604,0 33.13268231309457,34.88324577314129,0 33.13216681066681,34.88327356816848,0 33.13202663098767,34.88290575259477,0 33.13231123037539,34.8827709494735,0 33.13236970550422,34.88245866776155,0 33.13227075189147,34.88226233713468,0 33.13209829201914,34.88185828255716,0 33.13220936446919,34.88180130950731,0 33.13235034674898,34.88180723546358,0 33.13250529962183,34.88176556597303,0 33.13282701713178,34.88156605512157,0 33.13262735792224,34.88092006782876,0 33.13254211239411,34.88079613639037,0 33.13242201306545,34.88075595644089,0 33.13187595132377,34.88101988725673,0 33.13172529738339,34.88120822358608,0 33.13157955147816,34.88126704923803,0 33.13124906000817,34.88125321590898,0 33.13116373232226,34.88116737775725,0 33.1312173678456,34.88095413267096,0 33.13151078455167,34.88100981250648,0 33.13170304660537,34.88081963208847,0 33.13196452275704,34.8806866982407,0 33.13202024258388,34.88057440695209,0 33.13201796826257,34.88035952026259,0 33.13184995375207,34.88023702042092,0 33.13184562889213,34.88010368606672,0 33.13179507151213,34.87997218759588,0 33.13167970813814,34.87988058785263,0 33.1317608449599,34.87977214174634,0 33.13160875376085,34.8795681120277,0 33.13162056387871,34.87945384828491,0 33.13187981857899,34.87927710225721,0 33.13197512186153,34.87903344638988,0 33.13200590193591,34.87870398252502,0 33.13195774112793,34.878534392722,0 33.13179450345019,34.878145588915,0 33.13154989287045,34.87797379944824,0 33.13114365137555,34.87773128884977,0 33.13116474097656,34.87760180321579,0 33.13132682055748,34.87747062480485,0 33.13136304931684,34.87720121303403,0 33.13137572802636,34.87710692616703,0 33.13145842595099,34.87656235196716,0 33.13132603457968,34.87502506138865,0 33.13114386706366,34.87348023379088,0 33.13102191068989,34.87336066584968,0 33.13087715115435,34.87331567642602,0 33.13022971072429,34.87335573230668,0 33.12975431977971,34.87338485512912,0 33.12950089248447,34.8733508919821,0 33.12932011059139,34.87322003305379,0 33.12876409534613,34.87286849122158,0 33.12801790540617,34.87253903430167,0 33.12795029911522,34.87240835338979,0 33.12803206803397,34.87228163125192,0 33.12842623335963,34.87213673268327,0 33.1283953186889,34.87179345311698,0 33.12822340356976,34.87174841887541,0 33.12759438311264,34.87165791096585,0 33.12750407583152,34.87155704189875,0 33.12753671846762,34.87113551026409,0 33.12761394710095,34.87101624269682,0 33.12797632115975,34.87091233704314,0 33.12845725249056,34.87042807228962,0 33.12856803620213,34.86948061687838,0 33.12835148182532,34.8691594348326,0 33.12871853571528,34.86898464756014,0 33.12861015448318,34.8688688298755,0 33.12852892096264,34.86876051318545,0 33.12840640471281,34.8688909025763,0 33.12806683541949,34.86892395794889,0 33.12800371575589,34.86881193581425,0 33.12777457381956,34.8680542294989,0 33.12725426057828,34.86794523488392,0 33.1276540747408,34.86729669170776,0 33.12734727851194,34.86685225203626,0 33.12744381681221,34.86619950860372,0 33.12753013481291,34.86606159765721,0 33.12786074673583,34.86598376209162,0 33.12796510667523,34.86587199816923,0 33.12793821269655,34.86575630498407,0 33.12783431515452,34.86566287377243,0 33.12726425890735,34.86553887905428,0 33.12731919580236,34.86526661512114,0 33.12747840926378,34.86491989321357,0 33.12726157355713,34.86472928932496,0 33.12719388905519,34.86463591339677,0 33.12721810850737,34.86393828943703,0 33.12712850526997,34.86353149496682,0 33.12711543594695,34.86330762601069,0 33.12721054004021,34.86328538701168,0 33.12782101266794,34.86354375441661,0 33.12837709575609,34.86383561175907,0 33.12881541407238,34.86416459575786,0 33.12904982087743,34.86459399870394,0 33.12916727145586,34.86469864112417,0 33.1297649429813,34.86461747313356,0 33.13028972364535,34.8647451194707,0 33.131151286438,34.86405249655183,0 33.13134154490879,34.86398562827723,0 33.13189791708854,34.86415435399046,0 33.13207466593358,34.86405388965682,0 33.13214285983938,34.86391968290257,0 33.1321842675788,34.86361754843482,0 33.13234325856289,34.8633603638193,0 33.13252448684625,34.86328228770599,0 33.13279142676715,34.86333491959904,0 33.13297457556234,34.86326463463337,0 33.13325174209924,34.86315826963926,0 33.13352461076763,34.86323588515857,0 33.13369268141934,34.86293716091272,0 33.13445751440627,34.86315513867219,0 33.13463527421678,34.8629796311927,0 33.13487070643988,34.86286170527107,0 33.13529885123975,34.86270178164574,0 33.13546860823605,34.86263837234242,0 33.1361396282545,34.86213596561205,0 33.13635302786241,34.86216334418478,0 33.13644859605498,34.86200921835342,0 33.13642596586541,34.86184409311915,0 33.13675832344823,34.86152792917004,0 33.13684358438046,34.86158488859219,0 33.13684645839349,34.86177434352449,0 33.13689549425765,34.86187725980405,0 33.13686892839914,34.86201524815807,0 33.13699343661315,34.862145338305,0 33.13727961048376,34.86192653714173,0 33.13725710406512,34.86170457744786,0 33.13733958341424,34.86152607430671,0 33.13715977235225,34.86115232425639,0 33.13774813868699,34.8608987788102,0 33.1386362683783,34.86174718218167,0 33.13891837546364,34.86189373673081,0 33.13900651085611,34.86214285564184,0 33.13920664505831,34.86222975343116,0 33.13967948025631,34.86225749779164,0 33.14000791532339,34.86223902896703,0 33.14027657458549,34.86253441400238,0 33.14059531562896,34.86244285458857,0 33.1407659590212,34.86249993426312,0 33.14089413315865,34.86245410858533,0 33.14097323727935,34.86231619279434,0 33.14107896952817,34.86201051911697,0 33.14126639582776,34.86189441053867,0 33.14140431454415,34.86189731337157,0 33.14145004476744,34.86201375606738,0 33.14141698899353,34.86211655412738,0 33.1416762997052,34.86217646450156,0 33.14176455534832,34.86237145203123,0 33.1418926661157,34.86235539567991,0 33.14190311573766,34.86207123729994,0 33.14232706488908,34.86191757331076,0 33.14255062836893,34.86179610191506,0 33.14299070779045,34.86178048602361,0 33.14280808359207,34.86116857528565,0 33.14240236827887,34.86045621047973,0 33.14197369274846,34.85973298514857,0 33.14180683108778,34.85944045353536,0 33.14179736166424,34.85925640241908,0 33.14189961092301,34.85904274094222,0 33.14213307670077,34.85889151363016,0 33.14238992685843,34.85855086785428,0 33.14277492365852,34.8581725141138,0 33.14335707347072,34.85773218941993,0 33.14348246209897,34.85744007239009,0 33.14392329698933,34.85705096870997,0 33.14447565968708,34.85671614780797,0 33.1446727007329,34.85670830445348,0 33.14523721450796,34.85684712174378,0 33.14597290247896,34.8567858989221,0 33.14674133708927,34.85676801975317,0 33.1471648405094,34.85681732206929,0 33.1474834323485,34.85678257744307,0 33.14764084529197,34.85688563833962,0 33.14783455300167,34.85690214382956,0 33.14826514111636,34.85669434065194,0 33.14902095271942,34.85642202507937,0 33.14983959142733,34.85592515685678,0 33.14984322516767,34.85575194988793,0 33.15003027394747,34.8558117458398,0 33.15030632341068,34.8557038631043,0 33.15060509869584,34.85572321177853,0 33.15105826273783,34.85571841116813,0 33.15156337385718,34.85601138629122,0 33.15173721960362,34.85610634443749,0 33.15198352130216,34.85609584962939,0 33.1522102463865,34.85602037268103,0 33.15296815505094,34.85634074483941,0 33.15350950611643,34.85657962983662,0 33.15392912758271,34.8569374368444,0 33.15466908078962,34.85636465177692,0 33.15478071812016,34.85637021141305,0 33.15500695223599,34.85654642775036,0 33.15517134368275,34.85644109213007,0 33.15676004735442,34.85676794184316,0 33.15703584404832,34.85678724573,0 33.15721396285349,34.85637068808181,0 33.15761185163062,34.85607620271791,0 33.15787184694185,34.85577071264768,0 33.15833126867405,34.85592827903029,0 33.15852820249217,34.85597454083058,0 33.1587255313074,34.85581241039737,0 33.158971673253,34.85588579943674,0 33.15919504168954,34.85584548927388,0 33.15930660864134,34.85588622927534,0 33.15935216970185,34.85610550816921,0 33.1593853297878,34.85632589133799,0 33.15945117239125,34.85639531209577,0 33.15960731746024,34.85651007978222,0 33.15976699884838,34.85659334602214,0 33.15982248110091,34.8566535664833,0 33.15986051681651,34.85675242969194,0 33.16000456443363,34.85683424409933,0 33.16007398043561,34.85687586275829,0 33.16012060707079,34.85702629362963,0 33.16023152700144,34.85717107785633,0 33.16029020782861,34.85738024014006,0 33.16028314395705,34.85744037873628,0 33.16042008212131,34.85760810910065,0 33.16061929432185,34.85792199446885,0 33.16071981516352,34.85805387601383,0 33.16088056575451,34.85849660160337,0 33.16093067137016,34.85864703653291,0 33.16094799088694,34.85867569948576,0 33.1611026518853,34.85865871065234,0 33.16117559252451,34.85867455701403,0 33.16137869862487,34.85876646882394,0 33.16158528273154,34.85885551988508,0 33.1620295339368,34.85913963576803,0 33.16219441908544,34.85923149796221,0 33.16234740352682,34.85918013487662,0 33.1625994484485,34.85911600540639,0 33.16270901536414,34.85905599552721,0 33.16277510575941,34.85901884316304,0 33.16291587883868,34.85899610495174,0 33.16306185763018,34.85897623792048,0 33.16327593221099,34.85877314749754,0 33.1635021708444,34.85856720528643,0 33.16351267832857,34.85852139130188,0 33.16367783644931,34.85846431302166,0 33.16372996151908,34.85846294567497,0 33.16392443111468,34.85852763302385,0 33.16401126406177,34.85854779041523,0 33.16404957865602,34.85849771379535,0 33.16425669445908,34.858297475991,0 33.16426891039632,34.85826741694021,0 33.16433320255435,34.85826320055133,0 33.16442019657403,34.85819456662685,0 33.16449169239763,34.85805144533244,0 33.16476131871582,34.85786846865546,0 33.16485180940439,34.85778838219512,0 33.16493182094307,34.85773835784079,0 33.16507768903299,34.85777720434759,0 33.16535592371049,34.857637201107,0 33.16564112131854,34.85749004467159,0 33.16569856986467,34.85742567064226,0 33.16601331263046,34.85727138859453,0 33.16603258267354,34.85718262195029,0 33.16606768893931,34.85698503431737,0 33.16609911177535,34.85690057801411,0 33.16617548800314,34.85693933870974,0 33.16633169660853,34.85702402444506,0 33.16642702701263,34.85715016615584,0 33.16646871865477,34.85715164967131,0 33.16687725945105,34.85700893685371,0 33.16693307198953,34.85688727656243,0 33.16695225045326,34.85685006460616,0 33.16700952104231,34.85688450512268,0 33.16719328777185,34.85710384084938,0 33.16725744269192,34.85717552411897,0 33.16758251337313,34.85707280736133,0 33.16782066105578,34.85700148995274,0 33.16822032022114,34.85696473836817,0 33.16834540370678,34.85696918611452,0 33.16869276652972,34.85703118505783,0 33.16888729903685,34.85706006159094,0 33.1688214109075,34.85698694467959,0 33.16872782238625,34.85685651063713,0 33.16870367185248,34.85675909851625,0 33.16880631815214,34.85667902379482,0 33.16892991248824,34.85654312206301,0 33.1690551048651,34.85648455591114,0 33.16914546701487,34.85647320724437,0 33.16933136490042,34.85647343083644,0 33.16951037161617,34.85643927440933,0 33.16970147671486,34.85644093519913,0 33.16981799832418,34.85637376522173,0 33.16996777948475,34.85616342394935,0 33.17003393488766,34.85608616842656,0 33.17042523207351,34.85586036238973,0 33.17079742919656,34.85562880272928,0 33.17069338368197,34.85551697542189,0 33.17069521171769,34.85546542174224,0 33.17073704135277,34.85538956926828,0 33.17069717418894,34.85533653444006,0 33.17111798203902,34.85512221695917,0 33.17125699628959,34.85510519576189,0 33.17144293634355,34.85507820585845,0 33.17154382744464,34.85500671938252,0 33.1717108405314,34.854873731033,0 33.17192112635846,34.8548338793174,0 33.1721661057578,34.85482271089198,0 33.17234860617287,34.8547770978488,0 33.17250508465369,34.85470710752107,0 33.17253135615986,34.85458397750105,0 33.17250372650208,34.85448656112349,0 33.17258203713115,34.85441075181148,0 33.17279760248695,34.85433080548681,0 33.17330865904726,34.85416241345497,0 33.1733903678468,34.85412957081761,0 33.17344791115321,34.8540064762332,0 33.17344633738377,34.85391052381232,0 33.17346553547613,34.85386042188,0 33.17352898153134,34.853667065358,0 33.17389645145946,34.85382225579547,0 33.1740874476161,34.85388405809621,0 33.17438289383113,34.85382138713891,0 33.17460175643613,34.85384455406608,0 33.17470262890376,34.8537802260938,0 33.17470799474025,34.85368857714983,0 33.1746699524702,34.85358398896261,0 33.17456601887539,34.85340628782873,0 33.17463391922013,34.85331900767533,0 33.17467915839902,34.85327896077054,0 33.17475381984796,34.85330339274615,0 33.17489449722993,34.85332790103925,0 33.17532561494662,34.85316943311874,0 33.17540033476833,34.85315949418933,0 33.17561406810647,34.85313109753842,0 33.17570791921961,34.85310829056411,0 33.17568727318627,34.85298940221665,0 33.17564931860488,34.85283182705943,0 33.17562859271806,34.8527601981483,0 33.17567383970939,34.85271442215483,0 33.17598478523757,34.85272909893979,0 33.1761931882612,34.85277086871612,0 33.17638597895942,34.8527997313024,0 33.17682035386643,34.85276585516357,0 33.17700279432861,34.85275174084175,0 33.17705321523312,34.85272745274584,0 33.17723060849897,34.85261165212989,0 33.17742690074759,34.85262476416754,0 33.17764227532199,34.85265221800832,0 33.17777952712585,34.85264807633376,0 33.17789600708537,34.85259808386716,0 33.1781167147647,34.85255393783553,0 33.17821926451003,34.85252397851533,0 33.17826455056557,34.85245242368162,0 33.17826983953366,34.85240660251625,0 33.1782492152656,34.85227052934975,0 33.17830491492869,34.85220614648505,0 33.17838142341362,34.8521647010834,0 33.17844923171238,34.85213183937087,0 33.17858652660582,34.85210048650063,0 33.17881408003668,34.85211792692929,0 33.17899647867205,34.85212672450016,0 33.1792954171158,34.85204829266931,0 33.17948663133784,34.8519769007791,0 33.17953344004792,34.85203710073737,0 33.17954188896181,34.85218175361917,0 33.17960417884158,34.85233505843226,0 33.17960384307904,34.85253984908103,0 33.17957241356726,34.85263576542819,0 33.17962078242732,34.85280480842727,0 33.17965349400769,34.8529852904724,0 33.1796915669321,34.85307555574674,0 33.17966176663961,34.85323735024886,0 33.17964402245268,34.85346503632407,0 33.17987496940358,34.85353403348751,0 33.18019446040237,34.85363749934763,0 33.18037157450135,34.85369354938263,0 33.18069275172828,34.8538299548531,0 33.18096356439966,34.85395627870299,0 33.18117886894687,34.85403098569356,0 33.18130565029387,34.85405690360597,0 33.18149208979121,34.85371913144977,0 33.18153208519772,34.85369482911398,0 33.18174400811769,34.8537122468116,0 33.18189872259647,34.85365369993658,0 33.18195983476794,34.85346329657735,0 33.18200707214218,34.85325712417792,0 33.18202111215339,34.85316978167546,0 33.18198135456112,34.85304514472871,0 33.18192958870895,34.85282597551845,0 33.18194877568146,34.85277873706603,0 33.18201309964854,34.85275159737199,0 33.18205479613935,34.85275021073842,0 33.18213982040209,34.85281331643567,0 33.18230987721558,34.85293666373556,0 33.18236368202804,34.8529667960147,0 33.18255303460762,34.85297416344774,0 33.18263948608845,34.85323203717004,0 33.1827350995089,34.85319204232896,0 33.18264860971687,34.85295851414516,0 33.1826504809061,34.85287545369109,0 33.1827566360236,34.85276100139761,0 33.18300017075151,34.8525650668998,0 33.18278158641307,34.85237006254354,0 33.1825578202344,34.8521564344285,0 33.18245025440844,34.85206752641879,0 33.18233405970782,34.85194137348229,0 33.18229940422034,34.85188548334162,0 33.18227693181193,34.85181528607313,0 33.18228398273414,34.85175228138476,0 33.18252897213241,34.85172963467121,0 33.18284169638656,34.85171708644883,0 33.18290068449851,34.85176727334252,0 33.18295456688205,34.85174871441261,0 33.18297904633208,34.85164992570944,0 33.1830714831808,34.85142375380684,0 33.18319483637372,34.85141815848339,0 33.18325565737651,34.85140676810442,0 33.18326101228001,34.85131798268093,0 33.18329793874567,34.851038761942,0 33.18328238746201,34.85098575676324,0 33.18338691261965,34.85080399157268,0 33.18357995054999,34.85067531064487,0 33.18373294897137,34.8505995751862,0 33.18394144863068,34.85057831759352,0 33.18405109348878,34.85045241045916,0 33.18391589693927,34.85025893060665,0 33.18389170766456,34.8501758418932,0 33.18384496978282,34.85007124714146,0 33.18383993163865,34.84996240121839,0 33.18398251225288,34.84988092543493,0 33.18400867278315,34.84981650889918,0 33.18402643146284,34.84957306833028,0 33.18409248424944,34.84954736182096,0 33.18424013083956,34.84955897789131,0 33.18436525282144,34.84953190258882,0 33.18478598662358,34.84932040172956,0 33.1848070162853,34.84920585603211,0 33.18507983121356,34.84915745528687,0 33.18530051897464,34.84911902405109,0 33.18559928286638,34.84914082439948,0 33.1857420100767,34.84914740435153,0 33.18579211480706,34.84908186912119,0 33.18591731086714,34.84891811533839,0 33.18673287283669,34.84941908385053,0 33.18714552888592,34.8497006616688,0 33.18740763523598,34.84981177180946,0 33.18776261212457,34.84923093836621,0 33.1881460391584,34.84933406114826,0 33.1886448019145,34.84905073851357,0 33.18864526935024,34.84874526744111,0 33.18902904455885,34.84861861121311,0 33.18915355567338,34.84866469622589,0 33.18935962470165,34.84897848992691,0 33.19015262768598,34.84923611910113,0 33.19054923182216,34.84929599825028,0 33.19058225193462,34.84914194482083,0 33.19110039260564,34.84904785985285,0 33.19117560967667,34.84917498835092,0 33.19083436727955,34.84935846512537,0 33.19095877934537,34.8494748325865,0 33.19121105381682,34.84958862726558,0 33.19147666196299,34.84955375605556,0 33.19181379800162,34.84992174515912,0 33.19202350778578,34.85000035140803,0 33.19235787373344,34.8500304263449,0 33.19276775762211,34.84998218003719,0 33.19285641587389,34.84989035766683,0 33.19264373141894,34.84960629939959,0 33.1928077160775,34.84956591518372,0 33.19300768668555,34.84957963268133,0 33.19356535195411,34.84936392766833,0 33.1936343903539,34.84923423904458,0 33.19370067549855,34.84874771359232,0 33.19394327309492,34.84875336311059,0 33.19386037220121,34.84939395742364,0 33.19451328652479,34.84905669632161,0 33.19496895632399,34.8490841793981,0 33.19507990560965,34.84944112299353,0 33.19523381590184,34.84956292316795,0 33.19595476579651,34.84978800305337,0 33.19609892372806,34.84985572551478,0 33.19623320621426,34.84995047203576,0 33.19680373908876,34.84990236930889,0 33.19754416732516,34.85026532713594,0 33.19843618807445,34.85007965779621,0 33.19827258011474,34.84985512950548,0 33.19842695833275,34.84964982886982,0 33.19864347609285,34.8495527175749,0 33.19912555005014,34.8494585644854,0 33.19950596117265,34.84938593700556,0 33.20031612316713,34.84911637491642,0 33.20074895540444,34.84906271743321,0 33.20137544772827,34.84884433896124,0 33.20188031072299,34.84886102981909,0 33.20216552645613,34.84886940471145,0 33.20249346716296,34.84880212676167,0 33.20299224160884,34.84847548932772,0 33.20375617573275,34.84827834254352,0 33.20386659835075,34.84824984481801,0 33.20411473368781,34.84822986543109,0 33.20432911789176,34.84825279169858,0 33.20454967344223,34.84824289087523,0 33.20463188560615,34.84820080638508,0 33.20525161897231,34.84795167360934,0 33.20546038438135,34.84793274138791,0 33.20603606030721,34.84798387313577,0 33.20616701392986,34.84799973578797,0 33.20663772259527,34.8479866602003,0 33.20685876272603,34.84797111039827,0 33.20726518316145,34.84808282105141,0 33.20794606556392,34.84801818701093,0 33.20851505448788,34.84796469903901,0 33.20874698639017,34.8479682766055,0 33.20862612847763,34.84752614674773,0 33.20893450307606,34.84749604811469,0 33.20935897951677,34.84735919949399,0 33.20996645821498,34.84707629011508,0 33.21011246486531,34.84705392184773,0 33.21071956839902,34.8470645670096,0 33.21088330491487,34.84704896041771,0 33.21051283152094,34.84656050404906,0 33.2105115164554,34.84652113645337,0 33.21066075501012,34.84610173505496,0 33.21078792689983,34.84586902298052,0 33.21109392528487,34.84555210631358,0 33.21141610614097,34.84538479494477,0 33.21149397799937,34.84529713068763,0 33.21174956144482,34.84492730742052,0 33.21177552074546,34.84489583681563,0 33.212190053253,34.84523153422505,0 33.21317406648175,34.84579994580669,0 33.21417024690965,34.84554025981987,0 33.21457262863854,34.84536691510612,0 33.2144101349722,34.84512995833835,0 33.21422821042625,34.84512191253419,0 33.21403688194149,34.84497176508314,0 33.21373107656146,34.84447416573033,0 33.21430543886939,34.84460884846651,0 33.21561749387303,34.84442836109807,0 33.2159721551681,34.84412077321204,0 33.21566624439418,34.84370212325832,0 33.21626033068294,34.84335524829826,0 33.21630841372802,34.84318161942983,0 33.21619380285187,34.84293680390327,0 33.21668232949004,34.84277931598004,0 33.21720868726971,34.84301656893093,0 33.21724710104261,34.84292186710405,0 33.21724728756589,34.84276398336352,0 33.21712307876101,34.84253494407439,0 33.2172573385753,34.84236138001283,0 33.21762116734318,34.84238535544277,0 33.21768834199307,34.84225909816352,0 33.21765029398154,34.84204592212246,0 33.2177175513111,34.84184862055446,0 33.21834938741394,34.84195174695786,0 33.21924974442389,34.84169983287713,0 33.21941277738225,34.84147892723416,0 33.21978622575015,34.84146343142567,0 33.22012141426931,34.84140843279155,0 33.22039957135524,34.84099025430843,0 33.22062040388409,34.84046150820236,0 33.22025698571564,34.84008229687486,0 33.22066956786791,34.83933265551277,0 33.21998078837955,34.83880319709041,0 33.21983720167707,34.83877150748162,0 33.21944466274815,34.83874751561083,0 33.22423403625648,34.83693549898526,0 33.22541706675395,34.83379083960767,0 33.22608284098506,34.83202100620843,0 33.2263513983981,34.83124222142945,0 33.22641029078581,34.83107143928605,0 33.2268846373164,34.82958674776716,0 33.22704646736592,34.82911969621001,0 33.22730182199938,34.82891568709303,0 33.22896795159507,34.82867555877278,0 33.2302888453462,34.82847538831234,0 33.23177101742055,34.8283310017926,0 33.2323225701909,34.82831590972323,0 33.2326526661613,34.82839347980872,0 33.23291139278347,34.82855143911777,0 33.23353827880552,34.82823629088084,0 33.23368481033072,34.82802910218417,0 33.23341906373802,34.82737922081688,0 33.23403092290733,34.82707333960702,0 33.2342938108434,34.82681053930886,0 33.23543476247832,34.82641837444747,0 33.2358476387378,34.82624229662737,0 33.23622676413983,34.82604763101275,0 33.23639200780498,34.82587448293568,0 33.23680165206058,34.82513841579227,0 33.23672287720213,34.82512908401476,0 33.23575479957699,34.82524602134305,0 33.23534967524603,34.82517150473824,0 33.23528968706545,34.8251281527773,0 33.23524411452143,34.82491795843386,0 33.23515148587784,34.82449073232614,0 33.23492663451058,34.82422760931929,0 33.23489677309127,34.82406980388173,0 33.2349346406576,34.82370785025112,0 33.23517938389913,34.82279842479932,0 33.23539353933582,34.82247680719027,0 33.2357622224081,34.8214158625077,0 33.23713162699637,34.82135487111859,0 33.23721050120649,34.82125901202988,0 33.23724068439193,34.82107340192675,0 33.23713579396908,34.82090936185344,0 33.23700864290483,34.82048542595523,0 33.2369679238749,34.81990066480139,0 33.23704306534869,34.81978314757016,0 33.23759513966533,34.81929375867863,0 33.2377662483091,34.81914207692773,0 33.23793860497162,34.81897568890616,0 33.23845951006335,34.81860221885429,0 33.23853875614014,34.81852228499996,0 33.23858044389431,34.81838846200451,0 33.23859327310853,34.81805816996103,0 33.23858938587492,34.81748252992305,0 33.23859372823017,34.81735197396822,0 33.23856830756493,34.81730251784548,0 33.23852807689982,34.81722948531542,0 33.23834630639097,34.81688168612461,0 33.23815659241946,34.81656326520119,0 33.23829330124673,34.81640991378019,0 33.23851713528729,34.81621907402007,0 33.23860884200941,34.81614523563002,0 33.2390511029739,34.81580015601067,0 33.23936842664445,34.81547935153223,0 33.23935280460472,34.81539909167199,0 33.23930264497267,34.8153343416204,0 33.23922416816854,34.81533688207307,0 33.23912055747927,34.81536529308044,0 33.23902332065881,34.81529015963313,0 33.23910813731126,34.81521772803855,0 33.23927148566296,34.81508321579069,0 33.23951641063113,34.81498499662666,0 33.23993697548967,34.81503185403093,0 33.24010971981125,34.81492064541749,0 33.24043951280449,34.81468785930682,0 33.24125571255016,34.81458739771648,0 33.24153509153295,34.81456944635229,0 33.24232908654081,34.81473042400995,0 33.24244846454353,34.81461400337846,0 33.2428318173463,34.81414308266135,0 33.24204738147768,34.81382937862022,0 33.24153592912526,34.8136245598314,0 33.24162081137197,34.81347446527109,0 33.24151102945142,34.813386382282,0 33.24104360121971,34.8130987494777,0 33.24136084166891,34.81285042299994,0 33.24126370771365,34.81266138710176,0 33.24198872433238,34.81271618824255,0 33.24218964189338,34.81267747677537,0 33.24242514233392,34.81257665718475,0 33.24240981558598,34.81215727404457,0 33.24246318342389,34.81214695065145,0 33.24336683352311,34.81252026394083,0 33.24508000413195,34.81324869368057,0 33.24567303580559,34.81349755096352,0 33.24581418122857,34.81361671293056,0 33.24587388799742,34.81353649731822,0 33.24582060885749,34.81343809509428,0 33.2458112613481,34.81335524882404,0 33.24588982730825,34.81324397971525,0 33.24600293707128,34.81310684204446,0 33.24606579095956,34.81301627129071,0 33.24614118506759,34.81294383040038,0 33.24623227867387,34.81285845339727,0 33.24639555207148,34.81279123870434,0 33.24666555436477,34.81271890719655,0 33.24684768388548,34.81262322545285,0 33.24703613549711,34.81247318470679,0 33.24725915410824,34.8122739757973,0 33.24734083179116,34.8121860046802,0 33.24745089750908,34.81193495882141,0 33.24748554559571,34.81178483248556,0 33.24759863087804,34.81167357858367,0 33.24768975423011,34.81155454737083,0 33.24785305723866,34.81144591159013,0 33.24800068233714,34.81131655609081,0 33.24808559424559,34.81111468197278,0 33.24817706280287,34.8105607426881,0 33.2482494227309,34.81035368453283,0 33.248331087119,34.81027865582291,0 33.24886473660808,34.81019869660477,0 33.24894320588938,34.81019356188673,0 33.24909380556397,34.81027130514101,0 33.2492349688829,34.81036975318152,0 33.24938558312418,34.81042419888436,0 33.24965867721554,34.81039328067632,0 33.25002590817302,34.81039088877804,0 33.25033043816234,34.81030044461721,0 33.25062556229107,34.8101918746159,0 33.25078880291029,34.81015571906529,0 33.25104613812557,34.81020762869894,0 33.2513380053427,34.81025179059657,0 33.25142896911572,34.81032432381831,0 33.25189022413729,34.81050577447257,0 33.25208479584519,34.81054211750315,0 33.25324606139733,34.81062814162949,0 33.25373880680417,34.81067498776308,0 33.25397734520534,34.8106880507073,0 33.25419707192272,34.8106674525593,0 33.25438541806705,34.81063648169262,0 33.25450161724985,34.81054334399215,0 33.25453618174494,34.81049158778885,0 33.25470919786856,34.80996098203564,0 33.25482886519671,34.80941740763505,0 33.25483858870737,34.80899544855043,0 33.25481076992835,34.80840779167671,0 33.25486744445174,34.80815930094764,0 33.25496173867524,34.80797295870349,0 33.25517527110841,34.80782550662411,0 33.25572153275148,34.80763420737869,0 33.2564278776507,34.80741191905162,0 33.25748265081094,34.80712248435109,0 33.25821097605287,34.8068794850655,0 33.25855954520012,34.80660006422874,0 33.25868842076117,34.80632053986248,0 33.25874861414871,34.80549734955034,0 33.25876774139593,34.80506245029691,0 33.25883688616179,34.8049175135504,0 33.25893308685914,34.80479999911761,0 33.25923089679367,34.80457407378006,0 33.25965191803502,34.8041961062049,0 33.2600729694608,34.80377364673645,0 33.26036448088096,34.8034490048228,0 33.26051023083167,34.80329780394847,0 33.26068835673819,34.80311992713604,0 33.26162204807659,34.80241295675416,0 33.26235039798303,34.80223086907259,0 33.2635749892159,34.8021068215931,0 33.26367755182758,34.80199119257014,0 33.26352137396019,34.80157292527864,0 33.26366713148757,34.80139502852273,0 33.26369415178277,34.80131940738573,0 33.26316568828373,34.80103889997682,0 33.26322507813531,34.80094549716758,0 33.26376461995424,34.80075886835282,0 33.26378628775183,34.80061651060378,0 33.26369464857373,34.80051859399845,0 33.26330090073238,34.80046949148103,0 33.26315536143009,34.80030036799177,0 33.26311227155532,34.8001935748056,0 33.26326876342462,34.8001002126087,0 33.263290576119,34.79972651075843,0 33.26361981446076,34.79940632620978,0 33.26438112336351,34.7982143248095,0 33.26427877805668,34.79797848855662,0 33.26428977345845,34.79764037228647,0 33.26458124139941,34.7973246183886,0 33.26471088433868,34.79701769312367,0 33.2649030474247,34.79667747253434,0 33.2650033434114,34.79649990016588,0 33.26566974664415,34.79532001497951,0 33.26541322956647,34.79529763258599,0 33.26520623225478,34.79525299661655,0 33.26537299831512,34.79484096292801,0 33.26558923898531,34.79448092424917,0 33.26572900197353,34.7940651655398,0 33.26619255332763,34.79406163938216,0 33.26653486987543,34.79358284673538,0 33.26723698664192,34.79350515858998,0 33.26710679212023,34.79295192285655,0 33.26718805565555,34.79251015124916,0 33.26670661284776,34.79233917967698,0 33.26704870328329,34.79223536080706,0 33.26700831905421,34.79202372455185,0 33.26744040771421,34.7919385042734,0 33.2676833005133,34.79215764423444,0 33.26784535343227,34.79208345403192,0 33.26756213359227,34.79155986161702,0 33.26750825561995,34.79133708342812,0 33.26750848958766,34.79092869286734,0 33.26798568509238,34.79063929186508,0 33.26795430643099,34.79043137167739,0 33.26808430211457,34.79029833887351,0 33.26833789928055,34.79003881438096,0 33.26828148809732,34.78976463474574,0 33.26842410707023,34.78968957070828,0 33.26870609127825,34.78911731195841,0 33.26958314864808,34.78856348786294,0 33.26965614168572,34.78842514560598,0 33.26931866315547,34.78816941950511,0 33.26922339791572,34.78805796958949,0 33.26993848466189,34.78781902262603,0 33.26997458387773,34.7871767596673,0 33.27008209904361,34.78667215372877,0 33.27016557299036,34.78656076755814,0 33.27070956910338,34.78685589017418,0 33.27093457431281,34.78677902632382,0 33.2711043727178,34.78657492458764,0 33.27116827045749,34.7860732922401,0 33.27160785320999,34.78566341704578,0 33.27129399242336,34.78581732034434,0 33.27117491294992,34.78567309304341,0 33.27169901465267,34.78518100296692,0 33.27166374589783,34.78511946713592,0 33.27176309250738,34.78502119577417,0 33.27175933399077,34.78461813323963,0 33.27254989928145,34.78428416553416,0 33.27291531478931,34.78426790849747,0 33.2728238893872,34.78379892784369,0 33.27313515198776,34.78367473570902,0 33.27361077625351,34.78348496209412,0 33.27420278387219,34.78335024150632,0 33.27448467589348,34.7832624254508,0 33.27422277268457,34.78279046312129,0 33.2747758477056,34.7825804494347,0 33.27480419597892,34.78242879558265,0 33.27460642719133,34.7820437383933,0 33.27460650402672,34.7818862419991,0 33.27467729953489,34.78167626910706,0 33.27439486298908,34.78093535859504,0 33.27439496018436,34.78073702882874,0 33.2744424042228,34.78037544573413,0 33.27454178193184,34.78019197166795,0 33.27470466738042,34.78009371860541,0 33.27520828222708,34.78014814425401,0 33.27571735084504,34.78006664459085,0 33.27591527226019,34.78013087390902,0 33.27613417073737,34.78070843146689,0 33.27622607211441,34.78072596004058,0 33.27632533226434,34.78011933818879,0 33.2764738250989,34.78006688691197,0 33.2767000797273,34.78002612551358,0 33.27680626292034,34.77971699896428,0 33.27679927856025,34.77956533116942,0 33.27671453561566,34.77934947700453,0 33.27617031778914,34.77902264369239,0 33.27588481339951,34.77888164055494,0 33.27579576308945,34.77871919600419,0 33.27582414134951,34.77850921206428,0 33.27593041168981,34.77803092212483,0 33.27596082415067,34.77770852809515,0 33.27603671270816,34.77749430138361,0 33.27594496851189,34.77715011205896,0 33.27612409516998,34.77678120992302,0 33.27617858677493,34.77646770181619,0 33.27619000866836,34.77595217016253,0 33.27572338439185,34.77591597421404,0 33.27573833561694,34.77579550741051,0 33.27576739948746,34.77556131949576,0 33.27569010462647,34.77541975565111,0 33.27556908836866,34.77528650570842,0 33.27540434641494,34.77514213862471,0 33.27554237408877,34.77487853482702,0 33.27553906018954,34.77477030068015,0 33.27547854859817,34.77471200151319,0 33.27537772417327,34.77455377855835,0 33.27534107499462,34.77382943002863,0 33.27524389515071,34.77308285759184,0 33.27532124761705,34.77309398247005,0 33.27572145249352,34.77315794391587,0 33.27576190035219,34.77296091346536,0 33.27583605106476,34.77263068471463,0 33.27586977466607,34.77244197908819,0 33.27586665873216,34.77191468087351,0 33.27587345208862,34.77177036995875,0 33.27605884874742,34.7708879016023,0 33.27602523539262,34.77084626282441,0 33.27450514820965,34.77065982532923,0 33.27449172292184,34.77060431583917,0 33.27461659186348,34.76972460375912,0 33.27468410683112,34.76920843219468,0 33.27465721552461,34.76918066933723,0 33.27440500405104,34.76912507984593,0 33.2744554951107,34.76903906604171,0 33.2747819733224,34.76851742714717,0 33.27477866527065,34.76840364166706,0 33.27456345650485,34.76833696306783,0 33.27443231999948,34.76828974191682,0 33.27440207269543,34.76824532579999,0 33.27437190083637,34.76805105008481,0 33.27430808304088,34.7678845150333,0 33.27400884124348,34.7677317740464,0 33.27382055749838,34.76763180214252,0 33.2738105332543,34.76750136194109,0 33.27383416126137,34.76732652762892,0 33.27381741908496,34.76717665896067,0 33.27377384465914,34.76688524492857,0 33.27370331150529,34.76670205393959,0 33.27363274613428,34.76658546998593,0 33.27341086787754,34.76641887936361,0 33.27340751709668,34.76639390204652,0 33.27355555822736,34.76626074133389,0 33.27369689362961,34.76608317160539,0 33.27391896911276,34.76585290288884,0 33.27391227564009,34.76578629470286,0 33.27386527240974,34.76562808796686,0 33.27371424030466,34.7650174815773,0 33.2737345013567,34.76485097615434,0 33.27378164347353,34.76472888107841,0 33.27390942154322,34.76476222715191,0 33.27388927987067,34.76468728816842,0 33.27380192458149,34.76452351818457,0 33.27359032360529,34.76399060026652,0 33.27358030685335,34.76384628288177,0 33.27362073673328,34.76369920816164,0 33.2737824399105,34.76312756361772,0 33.27387670915262,34.76291389950574,0 33.27418289933615,34.76257542358424,0 33.27420986189165,34.76245332055264,0 33.274102244529,34.76246438667997,0 33.27373906591875,34.76243651021318,0 33.27368863068322,34.76242261670407,0 33.27361468712041,34.7623421094487,0 33.27361807280985,34.76229493296055,0 33.27375604447456,34.76210903843062,0 33.27389401267087,34.76192591844118,0 33.27380011946482,34.76139026402349,0 33.27373287805126,34.76135971328046,0 33.27365888495042,34.76137911494476,0 33.27348400047781,34.76141235885301,0 33.27346380443432,34.76144842925122,0 33.27343684354689,34.76156498094616,0 33.27338637572328,34.7616149179502,0 33.27306253127434,34.76163116954267,0 33.27305680407316,34.7616314564296,0 33.27292563556574,34.76167026446831,0 33.27274063888267,34.76174513234592,0 33.27250855894027,34.76182553391271,0 33.27228320837835,34.76190593621608,0 33.27210157314142,34.76198357931385,0 33.27182912950892,34.76208339076452,0 33.27152304233292,34.76220816864046,0 33.27145235038343,34.76234413026998,0 33.27139180612033,34.76236630952343,0 33.27127081375256,34.7622330549064,0 33.27115990315183,34.76211090533486,0 33.27116675485795,34.76187223579546,0 33.27118700509504,34.76173348216639,0 33.27123746097831,34.76170852284709,0 33.27135515577231,34.76171689029911,0 33.27144934930027,34.76165586967393,0 33.27167476566031,34.7614561316992,0 33.27185129492594,34.76128860344354,0 33.27253645404486,34.76080387311349,0 33.27261228954232,34.76092667061138,0 33.27277319638935,34.76092672674454,0 33.27295839611751,34.76091676798099,0 33.27306009596396,34.760891529861,0 33.27335160258342,34.76081918902141,0 33.27380091444411,34.7608406385284,0 33.27393756022842,34.7607905742154,0 33.27417900593742,34.76061276411441,0 33.2739953826047,34.76050747042923,0 33.27454978906057,34.75980485783909,0 33.27424772943145,34.75976967842373,0 33.27396544362588,34.75965934141108,0 33.27394785934899,34.75838402662215,0 33.27390253924378,34.75794303951988,0 33.27358428560979,34.75691692117964,0 33.27331715240288,34.7568804989576,0 33.27307006847045,34.75621519841993,0 33.27327968179434,34.75593214732858,0 33.27341625955261,34.75599733728232,0 33.27348459842256,34.7559284582673,0 33.27340419213682,34.75584449647675,0 33.27331318193271,34.755717935566,0 33.27324499929617,34.7554761302042,0 33.27336655285939,34.75523188245212,0 33.27328619886887,34.75504519448862,0 33.27316484024867,34.75490484339274,0 33.27303963807584,34.75467709965096,0 33.27296163361545,34.75453520879205,0 33.27264604796962,34.75427703060279,0 33.27271152695238,34.75386238952705,0 33.27234598321338,34.7533586517107,0 33.27273312474885,34.75318340035852,0 33.27298056390257,34.753120847968,0 33.27303444891369,34.7531005001843,0 33.27317943990585,34.75304575111382,0 33.27329487069928,34.7528967122761,0 33.27338754851154,34.75271759937809,0 33.27351216087907,34.75241823188134,0 33.27303138646787,34.75216999358323,0 33.27297802488292,34.75214244014907,0 33.27258325081979,34.75241039491992,0 33.27261809379211,34.75254319952021,0 33.27249968507256,34.75257823569209,0 33.27190767328298,34.7526882697595,0 33.27175913353957,34.75228858691492,0 33.27166661297846,34.75216077231894,0 33.27098107069825,34.75119088850131,0 33.27065944661584,34.75090890089811,0 33.27044308514866,34.75067366650036,0 33.2705747278052,34.75038668498101,0 33.27117337294992,34.75033977647852,0 33.27124607664507,34.75026554688225,0 33.27111071441983,34.7500020644033,0 33.27093490575412,34.74952219383925,0 33.27070423723341,34.74945821891774,0 33.27067875818096,34.74885563123977,0 33.27033893762332,34.748561107706,0 33.27014938215616,34.74825536392621,0 33.27001731590891,34.74829415012724,0 33.27024372474856,34.74780691078787,0 33.27020125884617,34.7477505203047,0 33.26956848329135,34.74752228320433,0 33.26973711514415,34.74722168241232,0 33.26906159240437,34.7467819515306,0 33.26904833219165,34.74677332047771,0 33.26872374551393,34.74653973895949,0 33.26859705394276,34.74678177616268,0 33.26852309463998,34.74692306765711,0 33.2684422598415,34.74678171629674,0 33.26840021974552,34.74670820186081,0 33.26840291288351,34.74624258438437,0 33.26869713379531,34.74629086429294,0 33.26867760173519,34.74643134528084,0 33.268735961518,34.74643538127748,0 33.26879683586143,34.74629290966313,0 33.26913250298306,34.74615254810117,0 33.2692953359459,34.74632721607212,0 33.26984512340798,34.74596215010116,0 33.26957310655197,34.74533185688168,0 33.26978560906988,34.74472817820119,0 33.2698864325182,34.74461051500327,0 33.26997795429352,34.74433911168837,0 33.26978539505833,34.7442112025692,0 33.26905570738678,34.74430810309487,0 33.26886351994798,34.74444651256696,0 33.26850377865542,34.74416941231937,0 33.26781050342413,34.74457455504206,0 33.2676864974262,34.7445504241616,0 33.26707612084701,34.74456222652918,0 33.26694973288697,34.74445380075326,0 33.2671224263886,34.74438563123466,0 33.26712988175109,34.74410867115763,0 33.26726120347457,34.74409467361867,0 33.26752412208379,34.74358700834808,0 33.26739042938856,34.74349463787858,0 33.26692839409926,34.74351051196692,0 33.26728127086346,34.74302696694433,0 33.26710894355725,34.74246695244978,0 33.2672379158272,34.74230644443307,0 33.2671432429923,34.74202342239856,0 33.26733789069817,34.7418268153522,0 33.26705113947671,34.74150558607725,0 33.26705174942709,34.74044991380558,0 33.26747257186706,34.74018716584999,0 33.26828757043329,34.73946697394326,0 33.26839935476869,34.73959144961621,0 33.26892958443347,34.73933877182046,0 33.2693893405644,34.73900377993541,0 33.26919973522384,34.73889733787221,0 33.26963758234973,34.7386004694626,0 33.26958167914106,34.73856030860924,0 33.26965953730781,34.73847203084235,0 33.27089768608168,34.73757335501808,0 33.27061334582903,34.73729026765953,0 33.2705988447786,34.7371256908332,0 33.27100496377474,34.73702749568376,0 33.27107081217637,34.73665422167185,0 33.27166180289844,34.7364015535461,0 33.27171049706293,34.73627713760922,0 33.27148936078235,34.73602819299099,0 33.27139470350198,34.73570102116081,0 33.27191040874446,34.73526167583474,0 33.27221948195871,34.73472591895887,0 33.27278858711522,34.73444514061737,0 33.27270361909067,34.73418420292219,0 33.27297202249046,34.73412412945831,0 33.27309755697672,34.73409603250566,0 33.27297141672352,34.73393990133679,0 33.27243419529566,34.7332749455734,0 33.272779499272,34.73319277961641,0 33.27289149084359,34.73290381236915,0 33.27285025781958,34.732705107558,0 33.27296671213676,34.73250906757372,0 33.27298647931339,34.73247579170179,0 33.27308756260491,34.73237726587102,0 33.27311744696922,34.73231093674667,0 33.27305963326325,34.73227774733925,0 33.2729657744305,34.73222386534022,0 33.27290155000323,34.73218699602195,0 33.27295138355487,34.73202683751025,0 33.27282209107,34.73191589998562,0 33.27267798499037,34.73158728374401,0 33.27247400715575,34.73161185524292,0 33.27217058903616,34.73150907248968,0 33.27172279574074,34.73161569855023,0 33.27137956083283,34.73156218382433,0 33.27111078219816,34.73182083459173,0 33.27098144185413,34.73180846492387,0 33.27065320412903,34.73161120605036,0 33.26994164253458,34.73189844187733,0 33.26975258546189,34.7319230127161,0 33.26953377298826,34.73177096840326,0 33.26955375357492,34.73162312099541,0 33.26969316648882,34.73140960437265,0 33.26955392881532,34.73130276810516,0 33.26907623227355,34.73150383754233,0 33.26876806583747,34.73101086961722,0 33.26882782564294,34.73089589297754,0 33.26931547388773,34.73068661539947,0 33.26999205469341,34.73067044006405,0 33.27033528667112,34.73073217196797,0 33.27098216361076,34.73044080478142,0 33.27163396120676,34.73025211261517,0 33.27090776700824,34.73001774707353,0 33.27031075362989,34.73009967144948,0 33.26966392090234,34.7303006802937,0 33.26924612611416,34.73014445392548,0 33.26937562671175,34.72986111314517,0 33.27002754741751,34.7294342181489,0 33.26996289804529,34.72939723010602,0 33.26891820543208,34.72939683909781,0 33.26864960792073,34.7293310235391,0 33.268500434642,34.72920364732197,0 33.26836627962804,34.72891609982478,0 33.26853084604243,34.72820152820358,0 33.26821766341055,34.72780712680543,0 33.26814842233107,34.72709246614674,0 33.26848686715037,34.72678456450408,0 33.26935766774933,34.72633311310257,0 33.26946217114052,34.72625922327557,0 33.26914409725099,34.72572518355486,0 33.26906958503571,34.72553212177365,0 33.26917920128416,34.72521180985183,0 33.26919928679752,34.72487092772778,0 33.26927406988069,34.7245711378913,0 33.26965710175956,34.72457128137504,0 33.26965222819991,34.7243864601978,0 33.27011477042041,34.72453448651533,0 33.27032367835861,34.7245715277071,0 33.27122409376455,34.7244856053935,0 33.27147275062421,34.72460890748124,0 33.27158714467941,34.72465001895721,0 33.27179635210202,34.72411206356658,0 33.27170693721504,34.72386560674792,0 33.27186615888463,34.72379173612544,0 33.27203056078521,34.72331947808937,0 33.2721004643583,34.72281022200122,0 33.27211544977811,34.7226870140711,0 33.27189659463028,34.72265818704535,0 33.27253389350756,34.721516637908,0 33.27253897524061,34.72130717817121,0 33.27293022530355,34.72140867456475,0 33.27329993535792,34.72150458205591,0 33.27356361108291,34.72142252931697,0 33.2736979391379,34.72138150480171,0 33.27383240073854,34.72106940997224,0 33.27406624478361,34.72095859701845,0 33.27504116261705,34.72102052755821,0 33.27530507605969,34.72044562020876,0 33.27544443070925,34.72027727469118,0 33.275479375357,34.7200103248099,0 33.27614125810119,34.71933286575899,0 33.27689253813737,34.71891828739103,0 33.27721579632549,34.71905392247192,0 33.27732210527029,34.71906000882677,0 33.27748646633701,34.71888660449761,0 33.27752693965454,34.71890280721038,0 33.27766451537926,34.71895788252652,0 33.27780637138807,34.71907509769817,0 33.27789469676642,34.71910725979775,0 33.27796729802092,34.71913369643973,0 33.27822086426816,34.71931186934782,0 33.27839180136509,34.71942172635754,0 33.27852514735241,34.71977454651999,0 33.27868501308497,34.71996056261762,0 33.27889207989416,34.7201259548978,0 33.27892310565228,34.72022858156205,0 33.27888161913059,34.7203625442061,0 33.27879869775041,34.72051359789516,0 33.27876755810259,34.72066751510081,0 33.27883656552257,34.72076445495941,0 33.27904019974572,34.72088138480819,0 33.27903123099042,34.72096823903389,0 33.27917819884898,34.72110661808,0 33.28024131109301,34.72161431848869,0 33.28060031174525,34.72172559030705,0 33.28095591774893,34.72170288677443,0 33.2811871658581,34.72185117711098,0 33.28174288864029,34.72212213038151,0 33.28218124598197,34.7223645430624,0 33.28250916070289,34.72252996013292,0 33.28342405380466,34.7225273510601,0 33.28405583072166,34.72256456963697,0 33.28532974290471,34.72265610234029,0 33.28548853551072,34.72270175013672,0 33.285554028768,34.72273346975167,0 33.28558863897054,34.72275023340352,0 33.28567791273755,34.72292564484997,0 33.28574388723131,34.72305527497537,0 33.28583709212364,34.72309520578725,0 33.28594266112616,34.72303596346421,0 33.28597089661132,34.72303883055709,0 33.28604869165352,34.72304673045808,0 33.286092305288,34.72305115881064,0 33.28610050114087,34.72305199144835,0 33.2863218565578,34.72322764655878,0 33.28656597610259,34.72347539647662,0 33.2870695148533,34.72384893470372,0 33.28743866309043,34.7240084556538,0 33.28823195512689,34.72413939961159,0 33.28927188164977,34.72436228749029,0 33.28992023357132,34.72443822717791,0 33.29108026842296,34.72465620450369,0 33.2914172165722,34.724682267117,0 33.29167706715171,34.72466733089328,0 33.29177469736597,34.72464568010459,0 33.29179268991371,34.72464169039771,0 33.2918877235215,34.72462061546354,0 33.29256492414662,34.7245937157699,0 33.29258744781939,34.72459532037217,0 33.2927130208604,34.72459653768717,0 33.29276544714617,34.72459704634099,0 33.29276554211918,34.72459704160541,0 33.29277202894952,34.72459710804966,0 33.2927736995108,34.72459712296569,0 33.29279123063643,34.72459729628324,0 33.29303332377603,34.72463175684332,0 33.29319312339279,34.72462730405268,0 33.29319395638028,34.7246272804128,0 33.29344149602474,34.72462038407615,0 33.29374413467644,34.72462879468296,0 33.29407002694574,34.72460965914301,0 33.29430703122128,34.72459379617059,0 33.29451069976631,34.724578012429,0 33.29473281289975,34.72454077664234,0 33.2949252708831,34.72449749490659,0 33.2950806667922,34.72444818710615,0 33.29524343901222,34.72438968612323,0 33.29538398476619,34.72433123881615,0 33.29544977430436,34.72433525666975,0 33.29546043529659,34.7241957183262,0 33.29546908832025,34.72400767522548,0 33.29548553546612,34.72377871105098,0 33.29547382865419,34.72361292129828,0 33.2954523036205,34.72349943760924,0 33.29550640768684,34.72344051104339,0 33.29559404259538,34.72347086351057,0 33.29561163261078,34.72368917364602,0 33.29560167098631,34.72389106193307,0 33.29614385760962,34.72389990015597,0 33.2961755976778,34.72359516124446,0 33.29617560969482,34.72336003664586,0 33.29614588085124,34.72319784343515,0 33.2960712426281,34.72314961798554,0 33.29582928854888,34.7231383109245,0 33.29553178463821,34.72315908967186,0 33.29538759635279,34.72317299018221,0 33.29529022592512,34.72320860782789,0 33.29522946216797,34.72312513610959,0 33.29531237869927,34.72303721629832,0 33.29550460588332,34.72302740469782,0 33.29577725110335,34.72298829107949,0 33.29619502680691,34.7229663999497,0 33.29634023889303,34.72299997705295,0 33.29642595813126,34.72300328062211,0 33.29659936144083,34.72298591464691,0 33.29699185793555,34.72296366314553,0 33.29724435636901,34.72292157725341,0 33.29744480987141,34.72290414767935,0 33.29754585138542,34.72290618345205,0 33.29759439973365,34.72288662027275,0 33.29769661047702,34.72286731088295,0 33.29777080416273,34.72283520959147,0 33.29787585990449,34.72282711904002,0 33.29794421828467,34.72283442682792,0 33.29800681829193,34.72282404028695,0 33.29805411039289,34.72280981216236,0 33.29807331758273,34.72281042954981,0 33.29838745068425,34.72282051690554,0 33.29921447955323,34.72270770207032,0 33.29988275292035,34.72259100767728,0 33.30017364674858,34.72248191447807,0 33.3003800392147,34.72245637119119,0 33.30067404783343,34.72248597932125,0 33.30102305341241,34.72265812390014,0 33.30146983925087,34.72283852185281,0 33.30157220698567,34.72287985396726,0 33.30254600679752,34.72330092963237,0 33.30290402848086,34.72348749686716,0 33.30322001759017,34.72368510693693,0 33.30344888915086,34.72360629355006,0 33.30355424187131,34.72357001487352,0 33.30367216627677,34.7235294065864,0 33.30398121963664,34.72342298057164,0 33.30426980312259,34.72331098336601,0 33.30426514925644,34.72329832039636,0 33.30437557508006,34.72326536646308,0 33.30439178663106,34.72322759966341,0 33.30442974269852,34.72313917210396,0 33.30445219955066,34.72308685627601,0 33.30442834631221,34.72300127674002,0 33.30442376152071,34.7227274682942,0 33.30447057059698,34.7226062215034,0 33.30450855736228,34.72254443031503,0 33.30458864914074,34.72251971927388,0 33.30461550431257,34.72253965563176,0 33.30461627730914,34.72256585026432,0 33.30452655337695,34.72275368741345,0 33.30456492148503,34.7230281037257,0 33.30458541747631,34.72317469554378,0 33.30495035855308,34.72309181241356,0 33.30496481607784,34.72298528620362,0 33.3049596530477,34.72278640897544,0 33.30497055595175,34.72259792147084,0 33.30499283059274,34.72257758275281,0 33.30503918134806,34.7225636652816,0 33.30508491770178,34.72256974381899,0 33.30508711621805,34.72260946586361,0 33.30506760327175,34.72277825990533,0 33.30511301073715,34.72301872007028,0 33.30515145343328,34.72303355204047,0 33.30521426077197,34.72301769840313,0 33.3054546636801,34.72295701506943,0 33.3058613317138,34.72285626573086,0 33.30615365586461,34.72278876899816,0 33.30657384499378,34.72263911219979,0 33.30695879335973,34.72226079247772,0 33.30678877869528,34.72126796608547,0 33.30646267811864,34.72130230869634,0 33.30530126512635,34.72150437810676,0 33.30524244360903,34.72151269907903,0 33.30522731572511,34.72152102414725,0 33.30484245022277,34.72155845832866,0 33.30479371024618,34.7215751059301,0 33.30469623208709,34.72159729953006,0 33.30468593894787,34.72159559896751,0 33.3044453298677,34.72169889895711,0 33.30434559153349,34.72171605062292,0 33.30400827273529,34.72183914948587,0 33.30393533842854,34.72186243600575,0 33.30385314769075,34.7218713672041,0 33.30375729823334,34.72183245560394,0 33.3037367164812,34.72175446710417,0 33.30375925605107,34.72166623862725,0 33.30391045994139,34.72154416377382,0 33.30406701413415,34.72150108156647,0 33.30406769294851,34.72150010989602,0 33.30410466885756,34.72149178813145,0 33.30419542607927,34.72145710486173,0 33.3044525714902,34.72136970644675,0 33.30448282406441,34.72135722127603,0 33.30468618379024,34.72130728373752,0 33.30482399824997,34.72127537961318,0 33.30499878648766,34.72124209097674,0 33.30542902808473,34.72118523227433,0 33.30568448977741,34.72111587109075,0 33.30623574142167,34.72097714852165,0 33.30638532092092,34.72094524370898,0 33.30770461131437,34.7207427355827,0 33.30852475405646,34.72062066922746,0 33.30947598309233,34.72045836289992,0 33.3103410314771,34.72031692397398,0 33.31184365739208,34.71991121313631,0 33.31260659641685,34.71959997432329,0 33.3126037485718,34.7194756786291,0 33.31261035012864,34.71935577586493,0 33.31267842357544,34.71918775651062,0 33.31269403161669,34.71914923381327,0 33.31271154913003,34.71914434888658,0 33.31272176822411,34.71914149926834,0 33.31278077502871,34.71912504570273,0 33.31287277298515,34.71909939267812,0 33.31301686096369,34.71910152864317,0 33.31344651825068,34.71850598083651,0 33.31342661625407,34.71799084833199,0 33.31340615094447,34.71783417314658,0 33.31342168668996,34.71770604399426,0 33.31349348293951,34.71735915485486,0 33.31354865834495,34.71702478831558,0 33.31366196474305,34.7168153341815,0 33.31390894542567,34.71646984703996,0 33.31407269277845,34.71631655274373,0 33.31446425041143,34.71606253298042,0 33.31479736214981,34.71591354126672,0 33.31530248055424,34.71580882443173,0 33.31551844746399,34.71573947271878,0 33.31572007837305,34.71567837372859,0 33.31707044030298,34.71538661449333,0 33.31758963241656,34.7153075983123,0 33.31812369038531,34.71519035953901,0 33.31851142114815,34.7151267875623,0 33.31872717215631,34.71506919665744,0 33.31880685847845,34.71511278947902,0 33.31883361460613,34.71512742597255,0 33.31884423122506,34.71527612285256,0 33.31876485832635,34.71530344751914,0 33.31866647932011,34.71532810032119,0 33.31840145697234,34.71537815653102,0 33.31775589216493,34.7155221138381,0 33.31775340225342,34.7155224755091,0 33.31749590479195,34.71556990128509,0 33.31698165549795,34.71565239287992,0 33.31598275430252,34.71586319362216,0 33.31541115775228,34.71597928339232,0 33.31538060609947,34.715990832725,0 33.31524904830901,34.71602021480168,0 33.31493068765879,34.71610999292395,0 33.31475126057038,34.7161814073133,0 33.31464105945805,34.71623523538916,0 33.31457937617379,34.71629527270172,0 33.31450544819424,34.71639054291171,0 33.3143810326732,34.71642801339434,0 33.31428679843317,34.71647977435581,0 33.31414920567259,34.71659523280768,0 33.31406099111417,34.71668949929053,0 33.31400897671762,34.71677355436938,0 33.31388133467647,34.71704544067722,0 33.31375923870694,34.71739675328134,0 33.31371483722162,34.71769613333291,0 33.31371672719177,34.71770831717716,0 33.31386136920466,34.71781004369458,0 33.31387639648847,34.71788009570072,0 33.31382116337846,34.7179137598644,0 33.31381048350345,34.71801739997331,0 33.31411581457036,34.71799881282164,0 33.31423523037127,34.71907681393284,0 33.31446903814683,34.71904171340726,0 33.31453793917232,34.71903477545941,0 33.31499001314751,34.71896955751647,0 33.31751253034554,34.71862262283489,0 33.31767554180219,34.71860041670634,0 33.31775311630895,34.71859236896179,0 33.31811536382874,34.7185423866682,0 33.31852185636363,34.71909482675493,0 33.31855644584387,34.7190783837473,0 33.3185729970554,34.7190983349599,0 33.31865400284911,34.7191459368116,0 33.31879756190858,34.71909554798228,0 33.31891470941077,34.71901060285818,0 33.31893304789985,34.71899074426247,0 33.31895882962974,34.71896282691452,0 33.31895925444569,34.71889718113269,0 33.31879973001352,34.71863923882901,0 33.31870049865152,34.71852784300135,0 33.31872079458439,34.71848806235003,0 33.3189402486224,34.71832326819385,0 33.31870493461634,34.71796248666912,0 33.31850023723494,34.71799803485801,0 33.31844077577927,34.71793696278405,0 33.31845801432973,34.71782301762237,0 33.31853080413555,34.71777827693898,0 33.3185737754984,34.71772995423625,0 33.31849779007597,34.717632857776,0 33.317986751787,34.71730692565273,0 33.31776215472588,34.71719472482288,0 33.31767641963295,34.71709912806239,0 33.31771379940078,34.71699003804661,0 33.31783202518913,34.71694172126355,0 33.31800186421995,34.7169545873238,0 33.31807195050553,34.71700168892618,0 33.31811926923872,34.71702896902406,0 33.31815570994515,34.71704997717008,0 33.3182718524715,34.7171344295807,0 33.31834526070738,34.71716857820802,0 33.31840641007095,34.71723011919611,0 33.31845624366336,34.71728027177337,0 33.31853104553606,34.71732818381953,0 33.31858515530917,34.7173885063097,0 33.31871665036071,34.71751381581013,0 33.31889360878947,34.71769217819077,0 33.31891499803361,34.71771373663147,0 33.3190122882031,34.71785741884566,0 33.31904426274851,34.71790759630051,0 33.3190518854143,34.71791955771036,0 33.31907431518695,34.71795475706965,0 33.31909562517134,34.71801249327733,0 33.31917654279876,34.71819163138017,0 33.31922884991656,34.71824709399068,0 33.31927502916208,34.71825400170633,0 33.31949372033646,34.71828671410901,0 33.3198810236641,34.71850246049062,0 33.31990398776697,34.71851525238007,0 33.32001678101888,34.71857808394539,0 33.32024397922026,34.71866120600311,0 33.32030795852251,34.71868163628694,0 33.32037207866942,34.71871593069572,0 33.32036797432405,34.71875856274526,0 33.32036291355289,34.71877400913039,0 33.32030921005344,34.71886746095486,0 33.32022782197055,34.71887662644759,0 33.32013241160342,34.71887623714634,0 33.3199943396041,34.71876928048039,0 33.31996202853394,34.71874874703663,0 33.31988954729531,34.71870268500786,0 33.31969448785404,34.71863869719176,0 33.3196076684956,34.71863227216491,0 33.3195618416705,34.71876130184803,0 33.31958763235311,34.71886716533137,0 33.31964815709129,34.71888923667413,0 33.3197064935361,34.71886751155324,0 33.31978421168591,34.71902522619287,0 33.31978798982664,34.71911046780168,0 33.32015644732491,34.71904380497259,0 33.32015780807917,34.71904844574335,0 33.32023096022402,34.71904922707224,0 33.32037577694358,34.71901864998031,0 33.32038884317603,34.7190877219103,0 33.3203461532346,34.71911606894369,0 33.32003902326844,34.71918019770635,0 33.31998965974131,34.71918572804264,0 33.31988653656384,34.71927400975362,0 33.31988518178454,34.71927516988999,0 33.32003289236967,34.71927750619862,0 33.32026490202438,34.71926867787865,0 33.32044568154713,34.71926179942306,0 33.32068746408785,34.71923276440392,0 33.32090882181701,34.71922098716039,0 33.32140093324945,34.71914251825589,0 33.32174483974286,34.71906248717169,0 33.32185313855804,34.71901384565249,0 33.32251054318946,34.71880985365761,0 33.32293994870415,34.71872040060972,0 33.32350235749912,34.71864662551388,0 33.32380826468507,34.71862150216431,0 33.32409897572364,34.71863560063655,0 33.32439634055817,34.71868813538005,0 33.32460392800135,34.7187461668676,0 33.3249027192876,34.71880732989875,0 33.32533214738586,34.71892417576481,0 33.32581668889556,34.71911396709143,0 33.3261739279522,34.71931475086938,0 33.32636964977239,34.71941200227126,0 33.32702523061852,34.71979474506642,0 33.327228548352,34.71985277360249,0 33.32773589020796,34.71998136859714,0 33.32806272385369,34.72010056852039,0 33.32822804204724,34.72016644488325,0 33.32844467361902,34.72029820594459,0 33.32854524969437,34.72037200267634,0 33.32856243066564,34.72038460929616,0 33.32858149606599,34.72039859908624,0 33.32875632343384,34.7205052628755,0 33.32887651929012,34.72059310618783,0 33.32899387003834,34.72071232711748,0 33.32907179089646,34.72080801984994,0 33.32918024431483,34.72099724709614,0 33.32937590548764,34.7213633653888,0 33.32944243661127,34.72151710779634,0 33.32953937198764,34.7216881030802,0 33.3296591069752,34.72184183845777,0 33.32978833766525,34.72196419599006,0 33.32989855427655,34.72200967933924,0 33.3301075864799,34.72211006177098,0 33.3304059281701,34.72221827697581,0 33.33046293811488,34.72224964744547,0 33.33051805091566,34.72230141234735,0 33.33066057719985,34.7223798387848,0 33.33077507892371,34.72247709339923,0 33.33093561609295,34.722586727067,0 33.33134900089789,34.72295373694973,0 33.33152269128839,34.72309279659747,0 33.33163558723267,34.72317020902977,0 33.33172070231861,34.72327200046701,0 33.33189787031077,34.72343973647956,0 33.33222962116118,34.72370351820257,0 33.33315402506886,34.72439055936592,0 33.33331576703889,34.72443822264643,0 33.33343547503424,34.7244742700204,0 33.33352532852086,34.72450771625832,0 33.333625188304,34.72456904884574,0 33.33374938853868,34.7246453321508,0 33.33387097556214,34.72473421142724,0 33.33388667653305,34.72474462266864,0 33.33398560302467,34.72481021873239,0 33.33427741274755,34.72499654146017,0 33.33444415437944,34.72509258367684,0 33.33497393057539,34.72548393809557,0 33.33504862242362,34.72554558119421,0 33.3354238029923,34.72578783929016,0 33.33562413760225,34.72592476248369,0 33.33575208686822,34.72599999310101,0 33.33590840754643,34.72607452695161,0 33.33638951775737,34.72626514436354,0 33.33682358110948,34.72648973177942,0 33.33696761750615,34.72656735778912,0 33.33745079669248,34.7268657360686,0 33.3376763747309,34.7269591867809,0 33.33772760619955,34.72698041123859,0 33.33812193348432,34.72722927596378,0 33.33831792611893,34.72736970980747,0 33.33837514990201,34.72741497829628,0 33.33862729905903,34.72755583437764,0 33.33866429192211,34.72757649944477,0 33.33868089456025,34.7275857744144,0 33.33886636943262,34.72736891743092,0 33.33885008133712,34.72735751686307,0 33.33884585245378,34.72735455650249,0 33.33887233690286,34.72732486887284,0 33.33887578805781,34.72732721659825,0 33.33889238467562,34.72733850091714,0 33.33892740415674,34.72729755550015,0 33.33891546004319,34.72728815492038,0 33.33897569615048,34.72721830964444,0 33.33898716408993,34.72722768179514,0 33.33900280578836,34.72720939446068,0 33.33898937314919,34.72720098693517,0 33.33905042451882,34.72713108346231,0 33.33906294234174,34.72713766175461,0 33.33925283254537,34.72691777648985,0 33.33924115565968,34.7269093722153,0 33.33934586005342,34.7267902226959,0 33.33936698760657,34.72676617951571,0 33.3393762260398,34.72677317076737,0 33.33938438784412,34.72677934739075,0 33.33938714678093,34.72678143560609,0 33.3393937829012,34.7267864571978,0 33.33940176820053,34.72679192395888,0 33.3394036197221,34.7267931916662,0 33.33940370074378,34.72679324642971,0 33.3394121207324,34.72679901126472,0 33.33928817527321,34.72693919508124,0 33.33927800108024,34.72693246605063,0 33.33908473553279,34.72715011069761,0 33.33909841344754,34.72715788650581,0 33.33903590070742,34.72722954651349,0 33.33902424321605,34.7272216190386,0 33.33900741668796,34.72723933363813,0 33.33902137890516,34.72724881423164,0 33.33896172888561,34.72731699019255,0 33.33894881577315,34.72730853614405,0 33.33891220389329,34.72735231208365,0 33.3389304626794,34.72736394514653,0 33.33890553723462,34.72739197967572,0 33.33888492975073,34.72738112930249,0 33.33870472549465,34.72759908676922,0 33.33888233274123,34.72769830273729,0 33.33888370187074,34.7276996204732,0 33.33890473086907,34.72768585162262,0 33.33892633982234,34.72770904203555,0 33.33890514644229,34.72772025660123,0 33.33890769176598,34.72772270420357,0 33.33923459084874,34.72791015588803,0 33.33964704993853,34.72804499768012,0 33.34005852919624,34.72808023186823,0 33.34012215351041,34.72808568027362,0 33.34054713417007,34.72822818253802,0 33.34064619508835,34.72825957666259,0 33.34076487377588,34.72833190534227,0 33.34085866486865,34.72840145492272,0 33.34116440131739,34.72858274411224,0 33.34156217147439,34.72876332197489,0 33.34244629581608,34.72913879421972,0 33.34260262973055,34.72921762024596,0 33.34272943480756,34.72928641654496,0 33.34338950756356,34.72960457774953,0 33.34385420440882,34.72981330677661,0 33.34410695969601,34.72994492683642,0 33.34410908150695,34.72994577542904,0 33.34488693149927,34.73025684915044,0 33.34551495674261,34.73033925161023,0 33.34642165349194,34.73052856355935,0 33.34696426507482,34.73068566037911,0 33.34899001031782,34.73078506163719,0 33.34907172434698,34.73078909322415,0 33.34917112671296,34.73079399805415,0 33.3511031802264,34.73092036913621,0 33.35127917950276,34.73092031696897,0 33.35284716420995,34.73087690970051,0 33.35311510827913,34.7307513384923,0 33.3533151541849,34.73085694885412,0 33.35337116841028,34.73088004769997,0 33.35347917459941,34.73089322291278,0 33.35378320584309,34.73096247584255,0 33.35426729741808,34.73115055172644,0 33.35465934767187,34.73125940007571,0 33.35477135744355,34.73127587535558,0 33.35507140934928,34.73137484702587,0 33.35525946541983,34.73148706257879,0 33.35536938924209,34.73157478050625,0 33.35538109834039,34.73164706251139,0 33.35544159233525,34.73166368745419,0 33.35577159856408,34.73175437929692,0 33.35618762094799,34.73178726132765,0 33.35712365189057,34.73182326555408,0 33.35810770613483,34.73190547998078,0 33.36163970691879,34.73182162129842,0 33.36237970139491,34.7317949177199,0 33.36464350710912,34.73154941096373,0 33.36523773272027,34.73148496022327,0 33.36595550723201,34.73140710575667,0 33.36661533930189,34.73112613199358,0 33.36746718549032,34.73088139757321,0 33.36816312158093,34.73078202762368,0 33.36845113952237,34.73080501758243,0 33.36975119664044,34.73089030051636,0 33.37046520867012,34.73132045034855,0 33.37050236837396,34.73134283690327,0 33.37065732078055,34.73164979264273,0 33.37073003434976,34.73191292514407,0 33.37077183934213,34.73227221047004,0 33.37082289355182,34.73271097466653,0 33.37114903157043,34.73355870240552,0 33.37199552786164,34.73456412471491,0 33.37260666471376,34.73495452833399,0 33.37344954011953,34.73553877359758,0 33.37412773655014,34.73580998820174,0 33.37426878797892,34.73592075363748,0 33.37473543085473,34.73605352834243,0 33.37629995643203,34.73660969102526,0 33.37720306549075,34.73689185914866,0 33.37770674218334,34.73716037309536,0 33.37844890921966,34.73765319818768,0 33.37886204650191,34.73802150344449,0 33.37924154284778,34.73829284551297,0 33.38042027583923,34.73902372158027,0 33.38090722491052,34.73933379289343,0 33.38140419715183,34.73957735811158,0 33.38156881528754,34.73975460224705,0 33.38240850317851,34.74041083119174,0 33.38352693928439,34.74122760293738,0 33.3838863196892,34.74148508862049,0 33.38482996147221,34.74197776278407,0 33.38562581430975,34.7423402824595,0 33.38674104702421,34.74326786334206,0 33.38717766178407,34.74353914853571,0 33.38786616964899,34.74395713321766,0 33.38819242721947,34.74414763122262,0 33.38829939410859,34.74419688579433,0 33.38951375746529,34.74461871025116,0 33.38971212039654,34.74472456409347,0 33.39070896077984,34.74540272781243,0 33.39148135729845,34.74588248897565,0 33.39188058475344,34.74607084123362,0 33.39192670355803,34.74609117035678,0 33.39249264649064,34.7463406293021,0 33.39315749221176,34.74649447231238,0 33.39332496829255,34.7465547349106,0 33.39336864571165,34.74657045139526,0 33.39363383609086,34.74666587300216,0 33.39383504790705,34.74676512028968,0 33.39408113697677,34.74688650247583,0 33.39463369272939,34.747033831571,0 33.39501421801076,34.74712534897242,0 33.39523010627357,34.74716265583273,0 33.39659315429159,34.74751972477656,0 33.39683694374443,34.74763760307555,0 33.39701787034255,34.74772508493727,0 33.39737022300673,34.74776525861314,0 33.39778790375826,34.74785451412912,0 33.3980087674134,34.74792250885864,0 33.39871926184527,34.74802899349933,0 33.39918299731725,34.74808889431151,0 33.3994450859994,34.7481013909746,0 33.39986082182385,34.74816290788775,0 33.40032110960552,34.74830107662759,0 33.40039512433366,34.74832329403233,0 33.4004744425886,34.74834710305415,0 33.4006924522327,34.74843648846412,0 33.40101316288926,34.74850836889683,0 33.40126001532943,34.74863735219029,0 33.40185254718189,34.74884374244179,0 33.40238262772256,34.7489986691147,0 33.40300490984092,34.74919473109797,0 33.40378849556144,34.7494033497443,0 33.40497145706637,34.74962751752281,0 33.40578948423113,34.74972199600795,0 33.4063770481858,34.74975959094576,0 33.40717875802188,34.74985407216514,0 33.40724028424703,34.74985591274749,0 33.40774709850868,34.74987107327574,0 33.40841142411292,34.74987056540072,0 33.40847461105366,34.74987784999962,0 33.40853431967717,34.74988473426817,0 33.40875509149602,34.74985762314625,0 33.40888177521747,34.74982424601708,0 33.40961126984855,34.74973018042129,0 33.41019111494033,34.74973131356471,0 33.41063652131575,34.74970085413478,0 33.41083436957892,34.74977518267853,0 33.41098034221514,34.74981944118836,0 33.41127217962121,34.74981604098171,0 33.4114910270237,34.74978892689495,0 33.4118443167547,34.7497934010283,0 33.41194226001728,34.74981392497567,0 33.41221309160527,34.74990720901889,0 33.41231252880367,34.74996216236443,0 33.41236892576296,34.74986938637593,0 33.41273990538087,34.75003253646086,0 33.41270976241633,34.7500744130302,0 33.41295641017951,34.75007783540364,0 33.41308951642669,34.7501047377884,0 33.41304828205234,34.74997208853931,0 33.41307980560865,34.74992632462847,0 33.41317602846638,34.74997938429225,0 33.41319426850389,34.75013526453448,0 33.41330558204606,34.75018019042912,0 33.41342569828116,34.75028993173586,0 33.4136614232694,34.75038697540116,0 33.41405422181188,34.75048209101556,0 33.4144229769612,34.75053760955969,0 33.41466732209588,34.75054461327839,0 33.41501881757384,34.75076220309315,0 33.4151040259099,34.75086656910357,0 33.41537706524703,34.75114724507214,0 33.41585304016124,34.75146376363901,0 33.41610418467737,34.75167783105557,0 33.41635265889313,34.75198872079388,0 33.41643944095206,34.75214556325272,0 33.41663303755524,34.75241565441603,0 33.41690816938949,34.75261709519111,0 33.41698466146454,34.75272506936075,0 33.41700815827126,34.7528252930485,0 33.41709094657545,34.75282843145687,0 33.41720347651376,34.75288214689345,0 33.41723127591553,34.75295611259821,0 33.41703543210937,34.75294162093286,0 33.41712327912211,34.75333043637509,0 33.41721116915205,34.75352740907773,0 33.41726126880221,34.75348678818415,0 33.41734592111953,34.75340331081955,0 33.41740302345914,34.75344900103585,0 33.41728751696527,34.75362599847016,0 33.41726370273656,34.75364300941778,0 33.41729567180881,34.75371335859137,0 33.41746430638993,34.75394256179157,0 33.4176277549596,34.75409301329618,0 33.41781555819395,34.75423690675967,0 33.41818462762237,34.75458777029515,0 33.41864093883375,34.75507607525998,0 33.41892768347102,34.75555402995857,0 33.41915952629813,34.7560165957667,0 33.41931922342862,34.75636038042614,0 33.4194001512566,34.75652236826332,0 33.41959250005683,34.75680310313977,0 33.41975257512342,34.75701003950418,0 33.42000602842349,34.75730242440392,0 33.42026926489871,34.75756509096311,0 33.42043081965635,34.75748754537836,0 33.42040795100186,34.75744855254666,0 33.42046007071286,34.75741756715707,0 33.42062486515449,34.75754925868448,0 33.42066894394095,34.75760168471169,0 33.42062334934339,34.7576380464679,0 33.42047330153131,34.75756822319747,0 33.42034570602623,34.75762804619244,0 33.42055541274861,34.75783043716508,0 33.42094016890615,34.75807201211758,0 33.42091395344082,34.75800101035789,0 33.42100191404404,34.75795519630493,0 33.42115049345315,34.75815012707101,0 33.42115934085468,34.7582017525688,0 33.42136478926407,34.75832314755952,0 33.42166702949799,34.75853763028818,0 33.42188256279768,34.75877207252586,0 33.42210608104047,34.75897071694644,0 33.4222363680249,34.75911244095685,0 33.42274767680624,34.75952292578748,0 33.42298570874581,34.75976132281485,0 33.42312077701815,34.75987387888971,0 33.42318204201019,34.7599987554961,0 33.42321395428517,34.76003466763057,0 33.42323773910075,34.76006143389826,0 33.4233026674224,34.7600950344021,0 33.42397034271139,34.76054647509438,0 33.42485053244562,34.76118183018151,0 33.42491350655979,34.76124667204055,0 33.42496639026331,34.76130112375796,0 33.42581463079753,34.7620266277376,0 33.4287809827491,34.76355787013546,0 33.43049940875181,34.76417637193099,0 33.43091766618684,34.76429253758531,0 33.43149981228682,34.76443652142154,0 33.43431262517382,34.76518211580272,0 33.43585355468267,34.76545553109933,0 33.43693152702451,34.76559881996551,0 33.43820213591423,34.76576770153414,0 33.43825549498845,34.76580283835187,0 33.43835410871362,34.76580053892811,0 33.43860468631972,34.76582667834528,0 33.43932457907775,34.76600190279304,0 33.43979389098531,34.76614658743975,0 33.44080733356539,34.76655904431541,0 33.44127934654028,34.76672351564553,0 33.44206857925926,34.76691624821922,0 33.44335393097941,34.76734379346746,0 33.44396214725036,34.76767527261157,0 33.4440288114941,34.76769499759839,0 33.44459384793713,34.76768559873534,0 33.44628412334716,34.76795872197614,0 33.44670417048063,34.76895682512807,0 33.44713654465298,34.76931926893753,0 33.44725926254069,34.76938731777739,0 33.44815272958255,34.7697338590385,0 33.44959558747426,34.77042011309499,0 33.45073030502495,34.77107106154669,0 33.4510887112104,34.77120526029174,0 33.45275263390879,34.77168489456727,0 33.45352643176366,34.77183249213776,0 33.45452235033566,34.77206447539604,0 33.4548806612709,34.77213622059899,0 33.45542059124782,34.77220914339374,0 33.45563257456593,34.77226579166078,0 33.45637462349093,34.77252580446531,0 33.45674309009928,34.77263361194356,0 33.4570206849563,34.77270544447128,0 33.45775080593293,34.77286971707749,0 33.45812594586715,34.77294559649278,0 33.4583530677871,34.77300222179648,0 33.45866257433324,34.7730490359329,0 33.4595241242251,34.77312203460281,0 33.45953844773355,34.77312324797977,0 33.45953923942085,34.77312318459426,0 33.45959646461441,34.77311857670952,0 33.46070241326321,34.77321165070038,0 33.46129731247791,34.77326171111252,0 33.46145420457585,34.77328710899778,0 33.46176778129772,34.77333787069198,0 33.46182781093804,34.77334758780452,0 33.46192123386429,34.77335137645238,0 33.46194246426532,34.77335223791637,0 33.46229961013842,34.77336672257633,0 33.46256865229219,34.77340755234432,0 33.46312617701805,34.77353421952526,0 33.46323900223915,34.77355985304197,0 33.46402040671626,34.7736842190281,0 33.46411216017979,34.77369882165723,0 33.46524415201965,34.77386609141101,0 33.46534734587575,34.77387633504235,0 33.4656907356644,34.77391042020368,0 33.46614227545395,34.77393380299483,0 33.46615640480741,34.7739321154657,0 33.46618269619331,34.77392897600283,0 33.46639570523488,34.77390353703332,0 33.46641730268161,34.77389873068971,0 33.46659454372885,34.77385929003862,0 33.46674016863538,34.77382688447194,0 33.46718585758494,34.77371217630456,0 33.46736323162615,34.77368638469994,0 33.4675026499844,34.7736821381402,0 33.4675204356856,34.77368159658013,0 33.46772219100144,34.77368710295576,0 33.46778929235563,34.77368893380974,0 33.46786792662488,34.77370483432581,0 33.46809395875369,34.7737505398464,0 33.4681272125889,34.7737609842037,0 33.46821573885086,34.77378878707858,0 33.4683835765474,34.77384149837017,0 33.46859723370783,34.77395367488044,0 33.46884646724929,34.77407826851775,0 33.46898563383691,34.77413311133777,0 33.46915146745408,34.77419846311783,0 33.46923491346207,34.77422531305904,0 33.46929217639492,34.77424373885252,0 33.46959869207841,34.77414622698745,0 33.469633631672,34.77403861221711,0 33.4696036576819,34.77401900409178,0 33.46953449330393,34.77397375659888,0 33.46947507241626,34.77394078531373,0 33.46942831759963,34.77391820396401,0 33.46941620336961,34.77388564519198,0 33.46945665796364,34.77371785537796,0 33.46948888763328,34.77354069513049,0 33.46952900816317,34.77337377196555,0 33.46956293335747,34.7732066923882,0 33.46960377766445,34.77301716702033,0 33.46964358046304,34.77283281096628,0 33.4696662401139,34.77270782749966,0 33.46956193058563,34.77264201826462,0 33.46954471757146,34.7726055290042,0 33.46953305759773,34.77255689831433,0 33.46959079802085,34.7725057201893,0 33.46966795267091,34.7725004736058,0 33.46992962625273,34.77262578871795,0 33.47012995672309,34.77275977323048,0 33.47031945124794,34.77288424388692,0 33.47060068787973,34.77307541860095,0 33.4708617499326,34.7732573316496,0 33.47105457074397,34.77342653630394,0 33.47112930780285,34.77359012188072,0 33.47117441935791,34.77371179642309,0 33.47123570141885,34.77385875715557,0 33.47129889603502,34.77389628332637,0 33.47134289656941,34.77393200875838,0 33.47137366380228,34.77397865690919,0 33.4713870182817,34.77402169455411,0 33.47137108760922,34.77406162740708,0 33.47132044836323,34.77410723855535,0 33.4712611502749,34.77412290995918,0 33.47120762979609,34.7741229278145,0 33.47116492524793,34.77410379302975,0 33.47112197406897,34.7740681716478,0 33.47110250348698,34.77402926825649,0 33.47110089330125,34.7739843101172,0 33.47110213321103,34.77391990566767,0 33.47108561500833,34.77385071111217,0 33.47101465032718,34.77387000449576,0 33.47097933426663,34.77388046183462,0 33.47082101064203,34.77352737010799,0 33.46997057539225,34.77293918870379,0 33.46978789841439,34.77299479571893,0 33.46963237973486,34.77373511112614,0 33.4699315305539,34.77394199995047,0 33.47038320148475,34.77380614592537,0 33.47053998634859,34.77416033491369,0 33.47052708492642,34.77416431960969,0 33.47048592578465,34.77417703228208,0 33.47050572740211,34.7742161751802,0 33.4705208701865,34.77421635103436,0 33.47053113143059,34.77424379661335,0 33.47052869678747,34.77426717162957,0 33.47050961837958,34.77428961937439,0 33.47046583788265,34.77429070804588,0 33.47044247794624,34.77427676272484,0 33.47042774534883,34.7742526156972,0 33.47043135987808,34.77422538692842,0 33.47042453655629,34.77419598993721,0 33.47038282119136,34.77420887419684,0 33.47037449414072,34.7742109634805,0 33.47027280800408,34.77398197131277,0 33.46994833521897,34.77407961638961,0 33.46990632932952,34.77409328767293,0 33.46949542780656,34.77426527422892,0 33.46940196801867,34.7742909031812,0 33.46950235286046,34.77436032986066,0 33.46958393075391,34.77443534768041,0 33.46962493260821,34.77451052197141,0 33.46964127368686,34.77456812024011,0 33.46973879120007,34.77491185484499,0 33.46985713126864,34.77520854160062,0 33.46992399155546,34.77537150381916,0 33.47005695453623,34.77556350613156,0 33.47022513764941,34.77570515063928,0 33.47039754162518,34.7758171407058,0 33.47050691844441,34.77585695879453,0 33.47068324795612,34.77590710007713,0 33.47161898104316,34.77606948444978,0 33.47190663458782,34.77609445954345,0 33.4720993008935,34.77609190605394,0 33.47227530150593,34.77613545579313,0 33.47238421489006,34.77614222680973,0 33.47266335631163,34.77609348187041,0 33.4728839578485,34.77609780401716,0 33.47321353350515,34.77614115150343,0 33.47373590437677,34.77624876062603,0 33.47400960024877,34.77627374809789,0 33.47436703586552,34.77628249628729,0 33.47488640251727,34.77627951141796,0 33.47513214988964,34.77629070952427,0 33.47597524794508,34.77637019274326,0 33.47606443732921,34.77637860069298,0 33.47630579825143,34.77648496436287,0 33.4765076142307,34.77649024767207,0 33.47671274653079,34.7764705492913,0 33.47716679340931,34.77646023015393,0 33.47738719874133,34.77651127968927,0 33.47753027784977,34.77657908182464,0 33.47767683367541,34.77670377238872,0 33.47775588038434,34.77670644149884,0 33.47835407694912,34.77645309360148,0 33.47932085857481,34.7763463336909,0 33.47943850403757,34.77630870905838,0 33.47962166022862,34.77623214230849,0 33.47977798418786,34.7761944650228,0 33.4799545403864,34.77618173743988,0 33.4801109618784,34.77619262677256,0 33.48051469038293,34.77625035835634,0 33.48076875996244,34.77631523144721,0 33.48090329280914,34.77631227248436,0 33.48113195801785,34.7762883712011,0 33.48119590224168,34.77630771058767,0 33.48125140420894,34.77631041009293,0 33.4814094240777,34.77627966697966,0 33.48151200342802,34.77627675076241,0 33.4815995010721,34.7763002209708,0 33.48167026433037,34.77636534211914,0 33.48180350549547,34.77655665065424,0 33.48187090162403,34.77662038956271,0 33.48195255308173,34.77666329357677,0 33.48207116097652,34.77668533227397,0 33.48228971188514,34.77664895403474,0 33.48276023357653,34.77688559021979,0 33.48359408172756,34.7771550243223,0 33.48412242668228,34.7772916656431,0 33.48486426387535,34.77738360352806,0 33.48543273881555,34.77740501105229,0 33.48569507503503,34.77739770594735,0 33.48599269082172,34.77737231067913,0 33.48627019528524,34.77738024679169,0 33.4869059612975,34.77741265306288,0 33.48716841655752,34.77746223749784,0 33.48747788333342,34.77747428697148,0 33.487566978788,34.7774561220395,0 33.48812861103246,34.77742202229059,0 33.48871380383583,34.77739621155789,0 33.48951102289529,34.77742976247601,0 33.4896707766765,34.77742398174379,0 33.49038869645878,34.77733691820362,0 33.49087804466217,34.77731817276955,0 33.4911505283244,34.77733720582845,0 33.49128343561478,34.77736060213179,0 33.49186361705808,34.77735143634113,0 33.49303890593701,34.77723455086993,0 33.49378554898804,34.77721125473037,0 33.4950214181838,34.77711368748806,0 33.49527538623258,34.77712580036832,0 33.49557993700847,34.77719750535515,0 33.49589127889546,34.77729834019147,0 33.49648553403835,34.77757220327904,0 33.49657654661748,34.77766226364771,0 33.49665928454825,34.77781339031792,0 33.49677466127705,34.77827806999206,0 33.49677698369923,34.77856946653416,0 33.49667717596142,34.77983789870639,0 33.49669279531523,34.78005850694321,0 33.49700413451997,34.78091836496548,0 33.49745501642983,34.7817530360325,0 33.4974887391009,34.78179183809261,0 33.49774303261054,34.78194409531898,0 33.49776839411466,34.78200511252732,0 33.49768703100697,34.7824797999783,0 33.49769895119643,34.78254638811061,0 33.4977393905201,34.782581016872,0 33.49780504141922,34.78260728345271,0 33.49783707628679,34.7826433131454,0 33.49781896744048,34.78282095539927,0 33.49783277957458,34.78298328671548,0 33.49810405250312,34.78396808732391,0 33.49817851849553,34.784177504501,0 33.49856835400588,34.78477359286238,0 33.49892771512279,34.78527675464525,0 33.49946569859367,34.78593089618241,0 33.50067742815446,34.78701555746731,0 33.5010699449875,34.78729387063799,0 33.50217653806988,34.78798181940615,0 33.50237169644057,34.78806243824219,0 33.5031220181338,34.78837239112238,0 33.50348139838628,34.78849272401712,0 33.50384706133937,34.7886522085352,0 33.50620320747114,34.78921466511324,0 33.50810514938988,34.78969862499525,0 33.50859042951578,34.78981448589114,0 33.50877417975699,34.78984313939565,0 33.50940176806638,34.78991535354232,0 33.50955248921237,34.78994065188814,0 33.50967643011405,34.78998642586765,0 33.5100551162643,34.79015116643193,0 33.5105555205562,34.79036885470514,0 33.51109587090323,34.79064480854483,0 33.51155160151422,34.79085894916929,0 33.51216008563637,34.79116769584735,0 33.51239498011681,34.79126991293353,0 33.51304580735043,34.79161923937453,0 33.5133747159508,34.79178324811409,0 33.51413562611314,34.79204527700777,0 33.51433057624066,34.7921223906046,0 33.51455396575176,34.79231560530843,0 33.51508978809277,34.79264962339312,0 33.51714144606583,34.7939200013772,0 33.51795918644347,34.79437742884101,0 33.51858200980185,34.79477129563242,0 33.51863373001521,34.79480992575562,0 33.51866748213045,34.7951757381584,0 33.51878348872938,34.79540668896806,0 33.51892688344294,34.79569216670377,0 33.51906577457309,34.79587002908066,0 33.5195221587527,34.79632805243511,0 33.52006034722014,34.79665042749148,0 33.52035179962564,34.79683771091642,0 33.52095322800445,34.79710964435245,0 33.52182461054964,34.79741208902004,0 33.52197490001738,34.79745248644684,0 33.52335760816229,34.79764951602137,0 33.52377222068181,34.79781528668644,0 33.5239744713281,34.79798722670108,0 33.52417213714196,34.79820176315658,0 33.52461068600086,34.79901405032675,0 33.52493667104354,34.79985556749747,0 33.52509263832629,34.80028117873894,0 33.52511470899738,34.80030462383164,0 33.52526912150313,34.80046864777167,0 33.52565239597094,34.80076222859796,0 33.52583101006836,34.80086258192675,0 33.52584093564329,34.80086644680254,0 33.52645508624827,34.8011055914801,0 33.5271277395138,34.80136751245227,0 33.52766791771548,34.80152724130529,0 33.52798023689007,34.80160219220009,0 33.52809309470427,34.80168329944618,0 33.52816646909042,34.80177822220204,0 33.52817079969225,34.80178382481269,0 33.52840615822774,34.80204668375491,0 33.52856588651238,34.80210254221971,0 33.5285659302595,34.80210254743839,0 33.52856597729083,34.80210255354423,0 33.52870674263669,34.80211971676594,0 33.52878174182256,34.80213639035131,0 33.52900123361842,34.80218518536003,0 33.52920194082255,34.80221416047839,0 33.52950855680255,34.80224821929067,0 33.52992594850519,34.80229458290444,0 33.52999964761596,34.80231330767536,0 33.53012678801119,34.80237383394898,0 33.5304498618265,34.80258065071219,0 33.53054766810876,34.80262915834104,0 33.53057191906959,34.80264118605017,0 33.53059950396119,34.80265298557659,0 33.53158638123529,34.80307511312427,0 33.5325373582094,34.80350914541849,0 33.5327127946648,34.80358424669564,0 33.53284750694829,34.80362590218957,0 33.53316569676779,34.80390185301063,0 33.5334815510374,34.80425531481254,0 33.53366351921146,34.80452106838052,0 33.53369502020849,34.80461650937455,0 33.53372202146908,34.80469832133978,0 33.53413594766951,34.8054608651529,0 33.53434855420494,34.80586831710492,0 33.53459551718195,34.8062669837053,0 33.53469919311784,34.80647616600438,0 33.53481371325702,34.80678565278512,0 33.53487243421269,34.80699273469482,0 33.53499466296086,34.80721715157952,0 33.53508019845268,34.80756376520518,0 33.53513615463361,34.80772505229629,0 33.53520518177125,34.80782961266969,0 33.53535640063178,34.80801690012568,0 33.53547566188674,34.80811918764829,0 33.53568490062329,34.80824966465072,0 33.53587023421419,34.80833874503811,0 33.53597884396878,34.80841269974321,0 33.53618288071451,34.8085758995204,0 33.53625719095586,34.80867826892661,0 33.53629473330895,34.80887230486417,0 33.53633543937078,34.80926261775365,0 33.53643936526838,34.80956121681515,0 33.53647659975838,34.80964184444919,0 33.53677108128672,34.81000334035195,0 33.53682145323137,34.81005341142157,0 33.53722945783517,34.81034709462084,0 33.5376875734264,34.81059052226397,0 33.53799742357854,34.81076442918645,0 33.53825180324456,34.81096024504216,0 33.53830748503686,34.81101684728207,0 33.53833143746986,34.81107350783712,0 33.53838187959808,34.81114756711201,0 33.53851434659934,34.81124110413657,0 33.53863352924817,34.81131067728665,0 33.5387635110462,34.81146310272436,0 33.53905292008821,34.81189875807974,0 33.53913240613589,34.81199349274176,0 33.53925640016785,34.81206132489845,0 33.53943268550061,34.81210681996938,0 33.53949784070779,34.81213811403554,0 33.53958691769871,34.81220994169804,0 33.53964440447067,34.81233809807031,0 33.53969723141693,34.81250555090167,0 33.53979116426956,34.81261009994282,0 33.53988181019292,34.8126766920578,0 33.54004866669031,34.81275230736746,0 33.54016317938995,34.8128384898461,0 33.54020773149864,34.81287898585374,0 33.54027944523006,34.8129835745517,0 33.54054030188108,34.81319122511697,0 33.54064850290943,34.8132905096754,0 33.54081075822688,34.81342241776468,0 33.54090776845381,34.81349423531575,0 33.54100483701436,34.81358699121489,0 33.54119242766193,34.81369660256169,0 33.54129581370995,34.81377756721373,0 33.54159820833175,34.81407807927143,0 33.54166993582984,34.81419052131461,0 33.54170026311384,34.8142546031976,0 33.5418324019338,34.81439835187778,0 33.54193917524572,34.81455654450014,0 33.5419984107097,34.81474362272906,0 33.54206218766551,34.81484822043792,0 33.54216733656322,34.81499070885835,0 33.54232015682897,34.81515274071181,0 33.54260935187349,34.81527131879642,0 33.54291120056537,34.81537023879063,0 33.54314640899132,34.81548106066988,0 33.54358511115118,34.81570931527969,0 33.54428719014098,34.81589780245518,0 33.54458407389198,34.81592342176517,0 33.54482388588971,34.81597401973083,0 33.54532274238602,34.81614717662291,0 33.54537901078768,34.81617193942127,0 33.5453878999492,34.81617585149586,0 33.54572788922742,34.81629040116403,0 33.54603852844075,34.81641276997979,0 33.54625702113452,34.81649883872686,0 33.54635406200401,34.81657850507497,0 33.54665126816501,34.81671800231165,0 33.54693879296077,34.81680123292828,0 33.54718662335429,34.816877992348,0 33.54748057981464,34.8169900055054,0 33.54792056550181,34.81710435684041,0 33.54802691490525,34.81710546262565,0 33.54814273431993,34.81708691391175,0 33.54839336314821,34.81703145475819,0 33.54855678718894,34.81700888791028,0 33.54879166725269,34.8169966563138,0 33.54899801207245,34.81699756801791,0 33.54918384653574,34.81704171760307,0 33.54928718428969,34.8171004244185,0 33.54942245234008,34.81722452080478,0 33.54949729303372,34.81730946183282,0 33.54970789263962,34.81768998040223,0 33.54999773994367,34.81802976486239,0 33.55028735281756,34.81828577249041,0 33.5504988648043,34.81842804649231,0 33.55058786821888,34.8184684528855,0 33.55070712314253,34.81854152661369,0 33.55105683210333,34.81871887560833,0 33.55126023067909,34.81879833028005,0 33.55185606634949,34.81900792390051,0 33.55216048120069,34.81908737858408,0 33.55266252371633,34.81921841414498,0 33.55312626976427,34.81940143740687,0 33.55358642674488,34.81952787289,0 33.55394531874358,34.81959870443821,0 33.55506567258046,34.81965512907491,0 33.5552109675952,34.81966932369102,0 33.5554697398452,34.81968442350347,0 33.55596745706842,34.81975802626494,0 33.55624219634213,34.81980809404704,0 33.55654612495865,34.81989806154082,0 33.5570373902567,34.81997433605086,0 33.55764820378325,34.82005569741807,0 33.55829795212696,34.82019558242555,0 33.55859527234267,34.8202322819828,0 33.55889266778274,34.82029561710825,0 33.55907364251961,34.8203165644563,0 33.55935142165337,34.82029736082726,0 33.55974862136171,34.82023795830722,0 33.56011365744468,34.82022923276147,0 33.56144428236296,34.82009069020665,0 33.56198703165818,34.82009225452175,0 33.56215816238497,34.82005994062724,0 33.56265216217721,34.81996037474935,0 33.56298805309447,34.81992772495312,0 33.5632756294646,34.81994578573541,0 33.56341462946724,34.81997480402736,0 33.56425669888471,34.82008052947631,0 33.56398350055037,34.82020204455407,0 33.5637713390356,34.82024941226953,0 33.56361259455026,34.82034034034035,0 33.56381344220777,34.82038173508178,0 33.5654623324293,34.82049429093232,0 33.5669513777142,34.82051822409984,0 33.56755594815039,34.82049508973822,0 33.56943622598266,34.8204231197431,0 33.57195527467922,34.82015779249988,0 33.57306806391423,34.82007414021423,0 33.57355913497727,34.82007327761416,0 33.57362391267871,34.82006470603996,0 33.57368886189654,34.82005706841479,0 33.57375396297061,34.82005036663394,0 33.57381919624078,34.82004460259279,0 33.57388454204698,34.82003977818668,0 33.57394997854301,34.82003589532139,0 33.5740154882487,34.82003295498063,0 33.57408105039838,34.82003095726233,0 33.57414664423904,34.82002990406711,0 33.57421225009184,34.82002979458635,0 33.57427784938355,34.8200306298092,0 33.57434342024932,34.82003240893737,0 33.57440894301032,34.82003513116237,0 33.57447439908708,34.82003879657199,0 33.57453976660216,34.82004340256531,0 33.57460502806911,34.82004894922505,0 33.57467016161045,34.82005543395037,0 33.57473514754108,34.82006285503155,0 33.57482502629865,34.82007469812292,0 33.57484178255531,34.8201044998539,0 33.575042761094,34.82013618134117,0 33.57568941484107,34.82028361861775,0 33.57577152605056,34.82027245788576,0 33.57634890957284,34.82031749597119,0 33.57686909921755,34.82041176864568,0 33.57756079050574,34.82045401527695,0 33.57828600688952,34.8204641264109,0 33.57846221468908,34.82043791058869,0 33.57864740126971,34.82044096839662,0 33.578809137188,34.82044970296558,0 33.57897923973999,34.82046033109211,0 33.57897957954992,34.8204604673952,0 33.57901443163942,34.82046486733034,0 33.57926736214009,34.82049680118917,0 33.58001315536413,34.82064524788434,0 33.58082972099226,34.82069324020772,0 33.58146968875715,34.82066788907431,0 33.58199000143058,34.82062483032171,0 33.58244334544261,34.8205576735875,0 33.5830327280106,34.82049602379077,0 33.58328509461493,34.82045812657683,0 33.58347010255733,34.82040869796211,0 33.58393657421087,34.82036213638999,0 33.58430131901299,34.82029611186671,0 33.58492455031036,34.82016462540894,0 33.58524501620887,34.82007451085011,0 33.58550844541909,34.8200354903211,0 33.58587939857689,34.81992673187308,0 33.58597195182515,34.81993031469801,0 33.58718604654651,34.81961974838003,0 33.58719853481673,34.81961095587906,0 33.58717495289422,34.81951822515097,0 33.58723038114994,34.81946226859566,0 33.58724720155717,34.81945952907221,0 33.58726902173998,34.81947990263021,0 33.58728720221117,34.81964631142318,0 33.58729862521727,34.81965699331674,0 33.58732570269309,34.81964172746549,0 33.58735161929086,34.81966018370627,0 33.58736333284713,34.81970255785751,0 33.58840060520775,34.81942537393644,0 33.5893236147648,34.81919288982916,0 33.58964850250259,34.81913057869462,0 33.59047831293093,34.81893655833282,0 33.59142317348025,34.81870897961298,0 33.59167351371494,34.81861035401259,0 33.59185661823842,34.81856842460248,0 33.59193216163536,34.81852914202929,0 33.59216418161986,34.81846312753373,0 33.592443293178,34.81834685349596,0 33.59254652525158,34.81833991724017,0 33.5927224074396,34.81829378854942,0 33.5928047292357,34.81825007249619,0 33.59352239826738,34.81808564911547,0 33.59359306836085,34.81804372914214,0 33.59388491519334,34.81794501369335,0 33.59393156880805,34.81791166623383,0 33.59462694666355,34.81766725328989,0 33.5948556650017,34.81761060764011,0 33.59506582632222,34.81753631832641,0 33.5957864265287,34.81726159527211,0 33.59606155694429,34.81713714649291,0 33.59621220543945,34.81709046300887,0 33.59699034109596,34.81675169219098,0 33.59771110447486,34.81650412361094,0 33.59798865283341,34.81637046484216,0 33.5982558797758,34.81628486768506,0 33.59839615070705,34.81620662540436,0 33.59872965136656,34.81611817723747,0 33.59879651036334,34.81607296652894,0 33.59889360394524,34.81606694573206,0 33.59902556984258,34.81601613830865,0 33.59906285887671,34.81598223282904,0 33.59907078043433,34.81594091607605,0 33.59913776748839,34.81590407890996,0 33.59929690392563,34.81587297715416,0 33.59961543045563,34.8158622781389,0 33.59971489442324,34.81579711968316,0 33.59993226047645,34.81571496289718,0 33.60013497071451,34.81567453436496,0 33.60023551389996,34.81568427065199,0 33.60036713097544,34.81560380798881,0 33.60062336743021,34.81549597542369,0 33.60093385140656,34.81542060563645,0 33.60121176256997,34.81540536867944,0 33.60146217895575,34.81541978098219,0 33.6019573422411,34.81553047093956,0 33.60201425449062,34.81553030746245,0 33.60213193307889,34.81556965707918,0 33.6021835393129,34.81556311145722,0 33.60255817446435,34.81571802408516,0 33.60272662293914,34.81581600722579,0 33.60278896950573,34.81588962530017,0 33.60288471672846,34.81595543185684,0 33.60292911262468,34.81601657275293,0 33.60292586048746,34.81605912862194,0 33.6029563569243,34.81611628190903,0 33.60312350600653,34.81624126538305,0 33.60309204453906,34.81630984225928,0 33.60355932868109,34.81710453143505,0 33.60409243009353,34.81813117342695,0 33.60451780836109,34.81890065691429,0 33.60458181200806,34.81899123804119,0 33.60470613018553,34.81941839731957,0 33.60471214247428,34.81978626200388,0 33.60463135892764,34.81995022925515,0 33.60452980961,34.82028188581048,0 33.60451098100531,34.82042054647452,0 33.60447109827181,34.82044606058285,0 33.60445756604788,34.82067367577882,0 33.60440972971172,34.82094413811491,0 33.6044179016146,34.82103631452995,0 33.60454764877014,34.82132320218173,0 33.60464487425511,34.82148837612333,0 33.60466100761993,34.82162140302799,0 33.60462179042123,34.82166671303699,0 33.60433002537502,34.82187870310329,0 33.6041183356835,34.82210002951523,0 33.60405319296952,34.82225077392376,0 33.6040327933557,34.82251100374049,0 33.60399632117053,34.82271217907905,0 33.6040410136529,34.8231533628524,0 33.60416775117367,34.82364530563002,0 33.60427129712907,34.82396855138189,0 33.60435147120413,34.82413969654207,0 33.60453419220838,34.82443976130486,0 33.60466839756494,34.82486872803067,0 33.60477258898676,34.82551261910169,0 33.60501515658064,34.82628480846249,0 33.60556408303736,34.82761371582188,0 33.60571025071308,34.82790724392553,0 33.60606964917493,34.82842737009677,0 33.60630773530094,34.82885582431427,0 33.60649069484703,34.82941353117779,0 33.60666173999511,34.82987004786898,0 33.6068726780015,34.83026497030569,0 33.60706459821619,34.83057036562488,0 33.60724338999488,34.83142891986552,0 33.60727396282995,34.83181243705852,0 33.60773248046387,34.83323266430788,0 33.60780780556191,34.83334127237951,0 33.60804488138812,34.83390227657624,0 33.6082725625706,34.83431550181718,0 33.6084646140358,34.83456629228174,0 33.60859058806499,34.83478096170413,0 33.60940821903267,34.83596125351333,0 33.60986861829789,34.8364250707577,0 33.61038590966078,34.83697869639803,0 33.61071780839639,34.83726781613168,0 33.6110872976916,34.83772031043714,0 33.611295805084,34.83793475785262,0 33.61146880149062,34.838077190253,0 33.61159611103244,34.8382387011015,0 33.6117949813999,34.83859443907815,0 33.61180905553258,34.83861376985658,0 33.61253016673728,34.83960378331904,0 33.6125823907873,34.83967547998954,0 33.61267530775657,34.83974686981962,0 33.6127842124345,34.83983975395348,0 33.612986376668,34.83999998742414,0 33.61352908626804,34.84044343844806,0 33.61374202904998,34.84064750977252,0 33.61416659328623,34.8412007256341,0 33.61445012138871,34.84161945006606,0 33.61456839784731,34.84180447750678,0 33.61496893190571,34.84224705811027,0 33.61522082507021,34.84246986711905,0 33.61537560800053,34.84263213539064,0 33.61561317985169,34.8428963079636,0 33.61588440187184,34.84314460310289,0 33.61644409627792,34.84359067431709,0 33.61680435589044,34.84387416414057,0 33.61710961580997,34.84406976277228,0 33.61727322683723,34.84418837063419,0 33.61748915789167,34.84438565745661,0 33.61786085868977,34.84464623376905,0 33.6182248203884,34.84483997186475,0 33.61863072749655,34.84502941023187,0 33.61900586099571,34.8452278523076,0 33.61927262285378,34.84537025308294,0 33.61940570056179,34.84547485286922,0 33.61946656010838,34.84553748004751,0 33.61956114255207,34.84557731126781,0 33.61988134731611,34.84568094187298,0 33.6206824771004,34.84603218658867,0 33.62113856060913,34.84624968703403,0 33.62154179350541,34.84644608647852,0 33.62190888541464,34.84662610915699,0 33.62222228518654,34.84687487368342,0 33.62250268549844,34.84706811580131,0 33.62280514982056,34.8472937805718,0 33.62332706712196,34.84766158739954,0 33.62401048808934,34.84815255811316,0 33.624106957489,34.84822236220347,0 33.62416658429159,34.84832575153898,0 33.62420033413409,34.84843224837396,0 33.62425328992546,34.84870313990237,0 33.62430586451589,34.84888572638961,0 33.6244369521808,34.84925998595116,0 33.62458276195475,34.84961595270767,0 33.6248182632208,34.85017882384324,0 33.6249714770586,34.85053176377974,0 33.62506476213579,34.85071429120669,0 33.62516177434483,34.85090290659428,0 33.62517430591487,34.85111414942211,0 33.62517451651783,34.85111770538786,0 33.62518681264386,34.85113807132131,0 33.62551745265147,34.85168569359178,0 33.62560181202888,34.85181377855013,0 33.62563282572795,34.85186086753612,0 33.62571645736741,34.8519307669631,0 33.62579763401231,34.8519986137842,0 33.62589270475986,34.85212594750951,0 33.62606411329785,34.85231537362346,0 33.62661621387834,34.85288420080197,0 33.62689561423262,34.85307663350871,0 33.62716910914178,34.85331580906782,0 33.62731192944799,34.85351325748186,0 33.62742464663196,34.85361402030211,0 33.62769583041162,34.85388997953034,0 33.62795120507905,34.85413634105279,0 33.62806233366646,34.85424354677944,0 33.62829706122718,34.85445464834321,0 33.62835963461931,34.85452877873072,0 33.62840784972887,34.85458589846026,0 33.62849432516109,34.85467173925073,0 33.62857030341137,34.85474715960792,0 33.62879409259552,34.8549393974882,0 33.62895743781568,34.85517680184045,0 33.62921505726427,34.85555122244998,0 33.62953712795472,34.85598901475522,0 33.62963658166611,34.85613607847368,0 33.62976380187928,34.85630921822811,0 33.6298965257347,34.85647379279048,0 33.63006320858576,34.85665416551476,0 33.63025344298752,34.85684298043791,0 33.6304610500176,34.85705335824671,0 33.63054574836371,34.85713613555772,0 33.63082983641574,34.85739159870918,0 33.63118848241076,34.85772389884313,0 33.63156060674132,34.85809015687174,0 33.63197921000772,34.85849208515897,0 33.63231391423497,34.85887518917166,0 33.63257690553492,34.8591598271044,0 33.63277959982697,34.85935120259154,0 33.63299232195819,34.85954739235259,0 33.63329004492842,34.85980804114124,0 33.6335347316909,34.85999874322408,0 33.63375213946468,34.86018016252206,0 33.63384978176126,34.86027406484942,0 33.63394931033773,34.86037575192339,0 33.63420072282229,34.86065251850527,0 33.63439913516761,34.86080483657041,0 33.63443867556811,34.86083427650046,0 33.63451649645284,34.86093072996525,0 33.63452176045894,34.86093591276067,0 33.63463798747573,34.861050343066,0 33.63471769060575,34.861134086335,0 33.6348394219464,34.86128062817409,0 33.63506147593369,34.86150796485051,0 33.6351914512638,34.86166974880466,0 33.63549256279411,34.86202950449644,0 33.63552422779968,34.86205794316558,0 33.63563339917057,34.86213281408011,0 33.63566344878488,34.86214957322542,0 33.63600833902225,34.86241114945381,0 33.6362122923837,34.86256583329523,0 33.63625628143169,34.86264417800986,0 33.63668169742732,34.86312773148357,0 33.63671963428649,34.86319080144345,0 33.63692626637409,34.86352639942021,0 33.63700214540498,34.8636127004864,0 33.6373202120776,34.86389737818318,0 33.63745622697409,34.86406863352013,0 33.63796435934097,34.86472809876152,0 33.63814317078194,34.86488968539078,0 33.63833368060848,34.86508846818461,0 33.63845879560369,34.86525207234821,0 33.63859961767924,34.86555846489429,0 33.63867101085425,34.86581409742212,0 33.63864790580476,34.86616110825471,0 33.63860586104767,34.86638163004996,0 33.63839657103441,34.86703220721039,0 33.63835006140729,34.86735995107943,0 33.63819529345515,34.86820553327222,0 33.63825232548569,34.86865837730858,0 33.63833255952581,34.86895882666057,0 33.63854195203481,34.86965707034074,0 33.63864230151628,34.86999169509053,0 33.63866049345009,34.87019917222038,0 33.63865107869566,34.87066624327572,0 33.63863853316462,34.87084188384929,0 33.6385951179025,34.87120244406189,0 33.63846408499037,34.87166815704893,0 33.63845441345209,34.87177448434146,0 33.63841313544475,34.87184401725442,0 33.63831401505632,34.87190946477325,0 33.63825653774549,34.8718981200564,0 33.63814632098219,34.8719481418652,0 33.63805198903746,34.8719987616977,0 33.63804388387013,34.87201187763388,0 33.63802441134325,34.87200263922247,0 33.63781368864573,34.87215225136305,0 33.63774919421764,34.87218191490153,0 33.63762483868505,34.87227244393033,0 33.63755692151823,34.87232078576783,0 33.63748790313392,34.87243987106385,0 33.63737480801198,34.87263139983678,0 33.63743804085863,34.87267997710174,0 33.63734201100601,34.87268479293756,0 33.63730494995289,34.87273273761586,0 33.63722449619119,34.87280414580092,0 33.63716955932786,34.87285646590117,0 33.63714118651759,34.87290831235001,0 33.63710114121074,34.87302456655161,0 33.63705114928838,34.8732659197697,0 33.63704124742765,34.87335795871275,0 33.63705255591189,34.87340076504085,0 33.63701858671323,34.87343356567452,0 33.63697651351423,34.87346180967184,0 33.63697112384772,34.87351193112969,0 33.63697473977354,34.87354495671213,0 33.63695317041732,34.87359119214253,0 33.63693963154436,34.87362338092518,0 33.63695167853962,34.87363771180833,0 33.63698299990649,34.87370886775536,0 33.63696406448241,34.87376930129155,0 33.63692991725388,34.87379577751636,0 33.63690371667779,34.87382328750799,0 33.63694352071989,34.87387775146777,0 33.63685990351531,34.87394704680684,0 33.63690356549727,34.87411370565292,0 33.63682290557736,34.87414512282271,0 33.63678072949508,34.87419866224218,0 33.63666639401009,34.87432956141155,0 33.6366622208871,34.87437265165682,0 33.63666399753917,34.87441710074771,0 33.63667235338968,34.87466584551114,0 33.6366740575165,34.87469677176794,0 33.63669099751662,34.87473356045005,0 33.63666695648978,34.87475549456956,0 33.63668984004924,34.87478843278133,0 33.63662145366384,34.8748163997856,0 33.63658891415527,34.87484150543856,0 33.63656404430952,34.87486759855522,0 33.63658941043256,34.87488559254726,0 33.63659489192263,34.87491445458986,0 33.63658712918643,34.87511664028442,0 33.63659661971729,34.8752923833163,0 33.63663806735115,34.87532601398453,0 33.6366947477582,34.87536267389273,0 33.63673403908574,34.87540503622537,0 33.63673286245826,34.87544323495368,0 33.63676585553264,34.87547167526542,0 33.63679337388181,34.87552306302631,0 33.63683314372178,34.87554760521063,0 33.6368681663384,34.875552419276,0 33.63688892938509,34.87557841854881,0 33.63683051303842,34.87560404472085,0 33.63683230673132,34.87563692930222,0 33.63679686366023,34.87565263030401,0 33.63666883031536,34.87567510633408,0 33.63665323811868,34.87569739013048,0 33.63665125958997,34.87580892324777,0 33.63663012062224,34.87586709936181,0 33.63657526782405,34.87589388491746,0 33.63649756951217,34.87589994274422,0 33.63649593883386,34.87593019415943,0 33.63647548426611,34.87595684195581,0 33.63643590671416,34.87597301340683,0 33.63638011836114,34.87598983669275,0 33.63634126314945,34.87598818311898,0 33.63630116041608,34.87594898080653,0 33.63626425252102,34.87591201983621,0 33.63622246963159,34.87588316385536,0 33.63612608985822,34.87588578830981,0 33.63606607545074,34.87589911979968,0 33.63594405877254,34.87593894671271,0 33.63591611009687,34.87594156460855,0 33.6358447871483,34.87598777249122,0 33.63579069351457,34.87602782092813,0 33.63575566708226,34.87606856019216,0 33.63574092381022,34.87610610329796,0 33.63566336575851,34.87623726712256,0 33.63562621404959,34.87626722827945,0 33.63560051111236,34.87634505124074,0 33.63557956026342,34.87649414502283,0 33.63556042877936,34.87677730213377,0 33.63554365104152,34.87691762753946,0 33.63549785775934,34.87730062451286,0 33.63572843777764,34.8788447801173,0 33.63581492035268,34.87937295240756,0 33.63602174620407,34.88028100703317,0 33.63608374241968,34.88051441355089,0 33.63627508217454,34.88139856071216,0 33.63640153629192,34.8821378471732,0 33.63664809921038,34.88328237064171,0 33.6366958698007,34.88348072624312,0 33.63681770864552,34.88375891715569,0 33.63690537156803,34.88416663978709,0 33.6371710911793,34.88540247946212,0 33.63732603143007,34.8860732266423,0 33.63743454975481,34.88641302873983,0 33.63766200992894,34.88720361186792,0 33.63790819963848,34.88810538702096,0 33.63813133814892,34.88900534175151,0 33.63827718764354,34.88953810697248,0 33.63839506810239,34.89011293690762,0 33.63840793889507,34.89023992154402,0 33.6385332294522,34.89075161802681,0 33.63862164436853,34.89106211986711,0 33.63868218925345,34.89141453106311,0 33.63871603799871,34.89161155337913,0 33.63876484811521,34.89173258629117,0 33.63881259536237,34.89191444117908,0 33.63885042895853,34.89192277794028,0 33.63884061565278,34.89196957108254,0 33.63879085691578,34.89197661038655,0 33.63878119720582,34.89201342935517,0 33.6387814223298,34.89206258375557,0 33.63888893957156,34.89236351457273,0 33.63895506337522,34.8927031230396,0 33.63897744979478,34.89289277053639,0 33.63899634217984,34.89317258874573,0 33.63904212778858,34.8935733818353,0 33.63916926413017,34.8940595951843,0 33.63931107272184,34.89449926547424,0 33.63934756932215,34.89467546960569,0 33.63935696123234,34.8948024723332,0 33.63935551699257,34.89482223103383,0 33.63935404015555,34.89484244242075,0 33.63935235451439,34.89486549889895,0 33.6393257968544,34.89507105691357,0 33.63919862668314,34.89533091758834,0 33.63909807654936,34.89562550164004,0 33.63909621402424,34.89563095783675,0 33.63900130342996,34.89615995539471,0 33.63894749308849,34.89642005388384,0 33.63894437835216,34.89657379097735,0 33.63897947056886,34.8967596306497,0 33.63900822917216,34.89705226193082,0 33.63901866383708,34.89736563303072,0 33.6390059017333,34.8976537545921,0 33.63898880263853,34.89801422286579,0 33.63892029832031,34.89845163372875,0 33.63886997895921,34.89866668403175,0 33.63883078593099,34.89883417892129,0 33.63881123744093,34.89898228459457,0 33.63880036024879,34.89909879486561,0 33.63875366329523,34.89920734721398,0 33.63875241112894,34.89923455875621,0 33.63875235848756,34.89923454280724,0 33.63860978016307,34.89919102398929,0 33.63859743568495,34.8992134234174,0 33.63874227059174,34.89925770922088,0 33.6387507200832,34.89947231989441,0 33.63871796537397,34.89958455248146,0 33.63854689951968,34.89993314564821,0 33.63850035165983,34.90019324801425,0 33.63839901661409,34.90061537871571,0 33.63830922695686,34.90116080214256,0 33.63830774928796,34.90116977906425,0 33.6383067044127,34.90117572312802,0 33.63828294474182,34.90131088831755,0 33.63825370859728,34.90145522449257,0 33.63822840088422,34.90156059313839,0 33.6381960399621,34.901697897475,0 33.63818116394834,34.90176014674178,0 33.63814528164249,34.90199261386374,0 33.63813071573779,34.90211165475713,0 33.63810877522607,34.902294926507,0 33.63810222639024,34.90234708838414,0 33.63808055359426,34.90251972012192,0 33.63804948245621,34.90276302678411,0 33.63803081781846,34.902992166441,0 33.63801123635238,34.90318567945216,0 33.63798232776565,34.90343065587511,0 33.63796385709936,34.90368166209905,0 33.63794986839945,34.90396510412164,0 33.63794894917925,34.90408520821913,0 33.63793778202015,34.90447458414208,0 33.63793963336123,34.90478272580113,0 33.63792672785093,34.90492668404671,0 33.63788736577192,34.90503939180469,0 33.63788830604643,34.90527954751182,0 33.6378941255867,34.90550005993948,0 33.63789760308072,34.90592184527622,0 33.63789179165851,34.90620367850158,0 33.63790857319091,34.90679869062912,0 33.63791207954614,34.90702907850599,0 33.637909010849,34.90746377942163,0 33.63789902461274,34.90779183508781,0 33.63790205903455,34.90812545267782,0 33.63788581680523,34.90836733092561,0 33.63790293845818,34.90872752869687,0 33.63790503791426,34.90904027420664,0 33.63791344497195,34.90916730355547,0 33.63791346970773,34.90916767210727,0 33.637839486517,34.90916009364902,0 33.6378501741098,34.90954832692439,0 33.63786064708199,34.90992888479039,0 33.63790668930383,34.91004629492238,0 33.63794767244811,34.91006477168367,0 33.63795458760828,34.9101458904041,0 33.63795462669462,34.91021459928513,0 33.63795276044264,34.91023815512459,0 33.63795048348873,34.91025459278787,0 33.63792950246406,34.91030332021336,0 33.63791264390665,34.91033101745648,0 33.63788452380202,34.91044368865461,0 33.63788369857102,34.91052105481824,0 33.637889793267,34.9105492968281,0 33.63791911330302,34.91069869332873,0 33.63793380684511,34.91078677345725,0 33.63793458711131,34.910791447741,0 33.63789642862063,34.91079428018907,0 33.63789386948415,34.9107944703004,0 33.63789272650452,34.910909837566,0 33.63792836881842,34.91112733844444,0 33.63792926924064,34.91113283329249,0 33.63790786612309,34.91113395523221,0 33.63790264086542,34.91113422964916,0 33.63790457481047,34.91115096791538,0 33.63790532769382,34.91115747763761,0 33.63823540356803,34.9111313386255,0 33.63823473397954,34.91112654567656,0 33.63823311671312,34.91111496188552,0 33.63823892938374,34.91111451850784,0 33.6382704884155,34.9111121118292,0 33.63827268026913,34.91112780669106,0 33.63856741564199,34.91110471619918,0 33.63856949170684,34.91111958235579,0 33.63857027483864,34.9111251868872,0 33.63828262450613,34.91114639316189,0 33.63827452051,34.9111469910005,0 33.63827823002313,34.91117355805244,0 33.63827909424617,34.91117974537979,0 33.63824162749813,34.91118191266037,0 33.6382393406404,34.91116553592065,0 33.63790055909561,34.91119203163065,0 33.63790988852897,34.91139455467468,0 33.63786115590166,34.9113978392423,0 33.63785800777612,34.91154414119612,0 33.63785537216108,34.91155849755118,0 33.6378982230714,34.91172411981505,0 33.6378603641099,34.91172413914715,0 33.63785786602978,34.91178740141628,0 33.63784955646325,34.91187008376818,0 33.6378927130709,34.91204379918702,0 33.63790303496521,34.91215958310219,0 33.63782720364624,34.91215859473429,0 33.63782581261806,34.91220851375314,0 33.63780842959048,34.91258115984712,0 33.63780763537064,34.91261868388733,0 33.63781485351206,34.91264020620628,0 33.63783836112107,34.91272521128091,0 33.63786888660769,34.91285294746102,0 33.63787353856173,34.91288422040066,0 33.63787451165789,34.91289076141648,0 33.63788583302845,34.91296682974684,0 33.63785639729814,34.91296923329705,0 33.63784810297035,34.91317457378515,0 33.63784703026315,34.91320113349073,0 33.63795755540462,34.91398643599814,0 33.63800463958302,34.91439418835272,0 33.6380555891021,34.91481943407851,0 33.63807780378872,34.91493762897966,0 33.63807997232374,34.91494916930674,0 33.63810937500638,34.91510558818262,0 33.63813007714102,34.9152480599734,0 33.63818228582932,34.915603386547,0 33.63819023017948,34.91565081997397,0 33.63833785447612,34.91618681563685,0 33.63836374214672,34.91626254775147,0 33.63840359526679,34.91626017227721,0 33.63857352099527,34.91625107653206,0 33.63857417800659,34.9162587585953,0 33.63895161589226,34.91614200029883,0 33.63894760140492,34.91613375537589,0 33.63894798282271,34.91611801455927,0 33.639113576694,34.91606401401323,0 33.63929333193865,34.91600728856582,0 33.63943795261546,34.91595545315196,0 33.63961005096776,34.91587807991488,0 33.63975407881658,34.91580208014859,0 33.63989411888802,34.91574529246422,0 33.64001473893167,34.91571308048015,0 33.6402871479658,34.91567151422441,0 33.64065572278345,34.91561245764597,0 33.64084889751472,34.91560142430101,0 33.64097208839924,34.91561281757303,0 33.64113175286084,34.91566069711535,0 33.64124635578148,34.91570758830309,0 33.6413735370221,34.91579019039258,0 33.6414214345103,34.9158349635624,0 33.64150243465576,34.91591895406454,0 33.64180295856988,34.91631056702795,0 33.64190487586766,34.91643152221406,0 33.64243633160476,34.9170938090114,0 33.64246209626849,34.91712233797627,0 33.64307822475707,34.91790431547914,0 33.64314521369021,34.91800003435092,0 33.6431902166928,34.91808170824028,0 33.64319575344622,34.91810826182431,0 33.64321635139658,34.91817863486414,0 33.64320626238767,34.91821524988068,0 33.64319207443517,34.91826091882489,0 33.64312791700986,34.91830655477009,0 33.64308275999453,34.91831738544374,0 33.64303917466768,34.91830803399388,0 33.64298914969682,34.91825598025842,0 33.6429744348424,34.91817657086089,0 33.64294666601069,34.91803565449487,0 33.64287244718656,34.91795163814329,0 33.64280987293402,34.91786485588577,0 33.64268928858699,34.91772501631526,0 33.64258477908881,34.91758354117442,0 33.64252375895392,34.91748546475694,0 33.64225486434024,34.91714150689872,0 33.64203960345918,34.9168702530938,0 33.64157393323283,34.91627682830534,0 33.64138921524912,34.91604153196446,0 33.64132110431803,34.91596148469031,0 33.64124097686357,34.91587993231278,0 33.6411207705444,34.91581191433556,0 33.64106308054944,34.91578424758922,0 33.6410217865611,34.91577100720541,0 33.64093268057774,34.91575633333076,0 33.6405504805225,34.91577028335143,0 33.64034856526681,34.91577756729949,0 33.6399877509232,34.91583695166264,0 33.63981074083095,34.91589758486241,0 33.63941822535546,34.91604766415353,0 33.63939504757825,34.91605478113466,0 33.63935082603058,34.91604926273608,0 33.63932619533306,34.91605727524799,0 33.63934322949797,34.91626637389385,0 33.63934366603061,34.91626650050036,0 33.63934409933626,34.91626663433524,0 33.63934423427818,34.91626667779492,0 33.63934453049524,34.91626677358992,0 33.63934495842023,34.91626691917156,0 33.63934522288849,34.91626701333078,0 33.63934538311126,34.91626707108018,0 33.63934580456129,34.91626722841436,0 33.63934622277735,34.9162673920755,0 33.63934663775942,34.91626756206362,0 33.63934704840621,34.91626773748305,0 33.63934714724309,34.91626778203411,0 33.63934745472472,34.9162679192352,0 33.63934785780923,34.91626810731432,0 33.63934807969746,34.91626821431744,0 33.63934825764579,34.91626829991764,0 33.63934865205974,34.9162684988594,0 33.63934899048945,34.9162686755602,0 33.63934904323273,34.91626870322676,0 33.63934942898314,34.9162689139326,0 33.63934981148557,34.91626912916264,0 33.63934987854569,34.91626916847234,0 33.6393501885654,34.91626935073112,0 33.63935056020868,34.91626957683533,0 33.63935074056229,34.91626969036691,0 33.63935092861797,34.9162698092665,0 33.63935129049636,34.91627004623912,0 33.63935157653228,34.91627024034258,0 33.63935164803951,34.91627028864308,0 33.63935200014606,34.91627053558276,0 33.63935234791735,34.91627078795376,0 33.63935238644167,34.91627081659657,0 33.63935268915775,34.91627104486623,0 33.63935302496858,34.91627130721581,0 33.63935316373863,34.91627142096616,0 33.63935366816627,34.91627183567013,0 33.63935391494702,34.91627204800854,0 33.63935398766738,34.91627211162683,0 33.63935430063761,34.91627239212498,0 33.63935460817825,34.91627267806022,0 33.63935463244167,34.91627270227094,0 33.63935490918104,34.91627296763554,0 33.63935520474026,34.9162732608452,0 33.63935531837627,34.9162733792349,0 33.63935549268128,34.91627355950344,0 33.63935577517179,34.91627386089463,0 33.63935596945388,34.91627407711489,0 33.63935605113836,34.91627416772868,0 33.6393563205601,34.9162744773014,0 33.63935658345095,34.91627479141559,0 33.63935683980397,34.91627510916988,0 33.63935708961908,34.91627543056423,0 33.63935716923379,34.91627553651303,0 33.63935733179505,34.91627575470305,0 33.63935756744015,34.91627608338334,0 33.63935771353792,34.91627629535002,0 33.63935779654037,34.91627641480232,0 33.63935801800844,34.91627674986714,0 33.63935823183735,34.91627708767639,0 33.6393584391214,34.91627742822438,0 33.63935863877327,34.91627777241818,0 33.63935868981724,34.91627786319315,0 33.63935883188029,34.91627811935069,0 33.63935901734815,34.91627846902762,0 33.63935911958987,34.91627867040803,0 33.63935919516985,34.91627882054765,0 33.63935936535242,34.91627917481216,0 33.63935950897109,34.9162794904553,0 33.63935952789579,34.91627953182108,0 33.63935968389432,34.91627989156875,0 33.6393598311524,34.9162802531652,0 33.6393598579609,34.91628032333499,0 33.63935997076431,34.91628061660473,0 33.63936010382439,34.91628098188158,0 33.63936016654532,34.91628116724429,0 33.63936022814401,34.91628134900724,0 33.63936034481748,34.916281717976,0 33.63936043362309,34.91628202128764,0 33.6393604538448,34.91628208878781,0 33.63936055412466,34.91628246054706,0 33.63936064785269,34.91628283414364,0 33.63936065917319,34.91628288276082,0 33.63936073283327,34.91628320868767,0 33.63936084100003,34.91628375077399,0 33.63936754142838,34.91638024418556,0 33.63939444888997,34.91637694313164,0 33.63939375945287,34.91637271008064,0 33.63955127148522,34.91636452561853,0 33.63955250010874,34.91638056624825,0 33.63977553080557,34.91636842105991,0 33.63977456826476,34.91635395741988,0 33.63981413705186,34.91635217160778,0 33.63981507485962,34.91636626759793,0 33.63992270139812,34.91636040594297,0 33.63992068676063,34.9163406736306,0 33.64009335226194,34.91633165958747,0 33.64009485088415,34.91635103044078,0 33.64018711592239,34.91634600575763,0 33.64018626828763,34.91632647733312,0 33.64071065859943,34.91629687835194,0 33.64071203914832,34.91630554274212,0 33.64081608868953,34.9163006005769,0 33.64080711562694,34.91618859586811,0 33.64080716121781,34.91618840723073,0 33.6408072100916,34.91618821857605,0 33.64080726335661,34.91618803170103,0 33.64080727722526,34.91618798565546,0 33.64080731990453,34.91618784480872,0 33.64080738083666,34.91618765879472,0 33.64080744616002,34.91618747456039,0 33.64080748047014,34.91618738333595,0 33.64080751476628,34.91618729030877,0 33.64080758776375,34.91618710783678,0 33.64080766404415,34.91618692534753,0 33.640807723201,34.91618679252669,0 33.64080774472278,34.91618674553933,0 33.64080782868431,34.91618656571382,0 33.64080791703707,34.91618638766798,0 33.64080800867973,34.91618621050625,0 33.64080810361933,34.91618603512997,0 33.64080820294312,34.91618586063196,0 33.64080830556387,34.91618568791943,0 33.64080833042459,34.91618564812581,0 33.64080841257581,34.91618551698659,0 33.64080852287766,34.91618534693779,0 33.64080863647644,34.91618517867447,0 33.64080869275671,34.91618509815125,0 33.64080875337215,34.91618501219663,0 33.64080887465909,34.91618484749844,0 33.64080899924293,34.91618468458571,0 33.64080909134794,34.91618456691531,0 33.64080912602938,34.9161845234642,0 33.64080925720707,34.91618436412239,0 33.64080939168166,34.91618420656605,0 33.64080952946018,34.91618405169653,0 33.64080967052863,34.91618389771111,0 33.640809814901,34.9161837464125,0 33.64080996257729,34.91618359780072,0 33.64080999515418,34.9161835651778,0 33.64081011244921,34.9161834500788,0 33.64081026671933,34.91618330503797,0 33.64081047645563,34.91618311553501,0 33.64081063733362,34.91618297586783,0 33.64081080042122,34.91618283889329,0 33.64081096680574,34.91618270370417,0 33.64081103097729,34.91618265288619,0 33.64081113649419,34.9161825712019,0 33.64081130839224,34.91618244139224,0 33.64081148358725,34.91618231336805,0 33.64081159460365,34.91618223526044,0 33.64081166099185,34.91618218803647,0 33.64081184170739,34.91618206629312,0 33.64081202462554,34.91618194634098,0 33.64081220975333,34.91618182908147,0 33.64081239709073,34.91618171451456,0 33.64081258773206,34.9161816026345,0 33.64081277948872,34.9161814934528,0 33.64081297454927,34.91618138695794,0 33.64081317181947,34.91618128315569,0 33.64081337021199,34.91618118295322,0 33.64081344325707,34.91618114741262,0 33.64081357190843,34.91618108543758,0 33.6408137747202,34.91618099062033,0 33.64081397974159,34.91618089849568,0 33.64081410626039,34.91618084374325,0 33.64081418697258,34.91618080906364,0 33.64081439642022,34.9161807232256,0 33.64081460698319,34.91618064008594,0 33.64081478921336,34.91618057241985,0 33.64081481976277,34.91618056054028,0 33.64081503365767,34.916180483693,0 33.6408152497692,34.91618041043971,0 33.64081546698903,34.9161803389834,0 33.64081568533821,34.91618027202827,0 33.64081590589701,34.91618020776572,0 33.64081612757112,34.91618014620157,0 33.64081620511251,34.91618012596143,0 33.64081635036757,34.9161800882372,0 33.64081657428632,34.91618003387257,0 33.64081679932042,34.91617998220634,0 33.64081693370249,34.91617995355364,0 33.64081702547683,34.91617993413986,0 33.64081725274855,34.91617988877177,0 33.64081767349472,34.91617981443938,0 33.64084895590172,34.91617917172062,0 33.64084916818949,34.91617916969968,0 33.64084938050527,34.9161791712843,0 33.64084959174776,34.91617917557881,0 33.64084980411258,34.91617918347312,0 33.64085001540411,34.91617919407732,0 33.64085022671668,34.9161792073857,0 33.64085043805724,34.91617922429955,0 33.64085064941887,34.91617924391763,0 33.64085073485154,34.91617925338271,0 33.64085085970716,34.91617926624559,0 33.64085106892919,34.91617929218488,0 33.64085127817226,34.91617932082832,0 33.6408514490867,34.91617934606818,0 33.64085148743632,34.91617935217589,0 33.64085169453981,34.91617938714056,0 33.64085190166431,34.91617942480934,0 33.64085210880985,34.91617946518231,0 33.64085215594193,34.91617947484941,0 33.64085231379479,34.91617950917235,0 33.64085251879374,34.91617955496515,0 33.64085272163913,34.91617960527645,0 33.6408528510331,34.91617963884807,0 33.64085292449852,34.91617965739046,0 33.64085312519033,34.91617971222018,0 33.64085332481585,34.91617977066122,0 33.64085352446241,34.9161798318064,0 33.64085372194135,34.91617989566728,0 33.64085391725272,34.91617996224388,0 33.64085411149081,34.91618003153038,0 33.64085420039556,34.91618006531551,0 33.64085430466261,34.91618010442815,0 33.64085449675414,34.91618017913451,0 33.64085468668506,34.91618025745792,0 33.6408548744414,34.91618033759566,0 33.64085506112448,34.91618042044332,0 33.64085524564693,34.91618050690804,0 33.64085542908914,34.91618059518132,0 33.64085547852893,34.91618062016037,0 33.64085560926942,34.91618068617605,0 33.64085578837644,34.91618077988068,0 33.64085596531588,34.91618087630103,0 33.64085608622166,34.91618094417141,0 33.64085614118201,34.91618097543131,0 33.64085631377925,34.91618107638165,0 33.64085648420891,34.91618118004768,0 33.64085665247099,34.91618128642944,0 33.64085681856546,34.91618139552686,0 33.64085705070345,34.91618155385416,0 33.64085721136846,34.91618166838875,0 33.64085736876456,34.91618178474342,0 33.64085752399309,34.91618190381377,0 33.64085767704702,34.91618202469846,0 33.64085775193604,34.91618208560014,0 33.64085782793335,34.91618214829879,0 33.6408579755508,34.91618227371926,0 33.64085811989935,34.91618240095978,0 33.64085826317461,34.91618253091023,0 33.64085840207967,34.91618266178514,0 33.64085853881716,34.91618279537576,0 33.64085867228573,34.91618293078647,0 33.64085871311123,34.91618297383935,0 33.64085880358672,34.91618306891285,0 33.64085893161181,34.91618320795791,0 33.640859056368,34.91618334882308,0 33.64085914471794,34.91618345202056,0 33.6408591789496,34.91618349150256,0 33.64085929826931,34.91618363690351,0 33.64085941431311,34.91618378322311,0 33.64085952708101,34.91618393046144,0 33.64085963658702,34.91618408042126,0 33.64085974281713,34.91618423129975,0 33.64085984577835,34.9161843839983,0 33.64085990005076,34.91618446754423,0 33.64085994547065,34.91618453851697,0 33.64086004298138,34.91618469394854,0 33.64086013612189,34.9161848503046,0 33.6408602259935,34.91618500848072,0 33.64086031259624,34.91618516847694,0 33.64086039591604,34.91618532849044,0 33.64086047596695,34.91618549032405,0 33.64086050377992,34.91618554876973,0 33.64086055274898,34.91618565397772,0 33.64086062515378,34.91618581765449,0 33.64086069538399,34.91618598314557,0 33.64086074671679,34.91618611087662,0 33.64086076123699,34.91618614865972,0 33.64086082382111,34.91618631599397,0 33.64086088202801,34.91618648335129,0 33.64086093806028,34.91618665252292,0 33.64086094705291,34.91618668312381,0 33.64086098971538,34.91618682171764,0 33.64086103809456,34.91618699183105,0 33.64086108210355,34.91618716286894,0 33.6408611058686,34.91618726370275,0 33.64086112282963,34.91618733392416,0 33.64086116027978,34.91618750589805,0 33.64086119445405,34.91618767879061,0 33.6408612242511,34.91618785170629,0 33.64086126005915,34.91618809399966,0 33.64087528445558,34.91636060608234,0 33.64093464069876,34.91635199094922,0 33.64120525538469,34.91632996588422,0 33.64132053478726,34.9170996306427,0 33.64175792023278,34.91702545127817,0 33.64176272016118,34.91704458111952,0 33.64130768856099,34.91712234212699,0 33.64076629320326,34.91721189672974,0 33.64076194799406,34.91719210641343,0 33.6412968938496,34.91710349630161,0 33.64118588698992,34.91634987229635,0 33.64093680207998,34.91636959331334,0 33.64087643637033,34.91637364356743,0 33.64089582673213,34.91661559984728,0 33.64091031676695,34.91679871918024,0 33.64090822211838,34.91680941206425,0 33.64086901029535,34.91687544962607,0 33.64086889982456,34.9168755980417,0 33.64086878715813,34.91687574556747,0 33.64086867010045,34.91687589131354,0 33.64086855084013,34.9168760352684,0 33.64086842828286,34.91687617743779,0 33.64086830242864,34.91687631782175,0 33.64086817436478,34.91687645551308,0 33.64086804301096,34.91687659232036,0 33.64086790836021,34.91687672734218,0 33.64086777149982,34.91687685967139,0 33.64086763134947,34.91687699111653,0 33.64086748898947,34.91687711986904,0 33.64086734441985,34.91687724592897,0 33.64086719546597,34.91687737111057,0 33.64086704538975,34.91687749269244,0 33.64086689202357,34.91687761339022,0 33.64086673644776,34.91687773139541,0 33.64086657866231,34.91687784670795,0 33.64086641757991,34.91687796023505,0 33.64086625429484,34.91687807197094,0 33.64086608879317,34.91687818011285,0 33.64086592218315,34.91687828645772,0 33.64086575227618,34.91687839101718,0 33.64086558015256,34.91687849198261,0 33.6408654058263,34.91687859115682,0 33.64086522929041,34.91687868763844,0 33.64086505163917,34.91687878142167,0 33.64086487069099,34.91687887341944,0 33.64086468862047,34.91687896181746,0 33.64086450544162,34.91687904841847,0 33.64086431895181,34.91687913143126,0 33.64086413244799,34.91687921264128,0 33.64086394263321,34.91687929026309,0 33.6408637517101,34.91687936608788,0 33.64086355966464,34.91687943831295,0 33.64086336540956,34.91687950784535,0 33.64086317004616,34.91687957558077,0 33.6408629735604,34.91687963971644,0 33.64086258706369,34.91687975623517,0 33.64086238613762,34.91687981228148,0 33.64086218518355,34.91687986472223,0 33.64086198202682,34.91687991537177,0 33.64086177884207,34.91687996241577,0 33.6408615734407,34.91688000586576,0 33.64086136802527,34.916880047513,0 33.64086116148753,34.91688008556049,0 33.64086095492875,34.91688012090379,0 33.64086074725466,34.91688015354873,0 33.64086053845823,34.91688018259391,0 33.64086032854646,34.91688020894072,0 33.64086011970098,34.91688023167619,0 33.64085990865288,34.91688025262047,0 33.64085969866403,34.91688026905203,0 33.64085948756687,34.91688028368662,0 33.64085927644168,34.91688029471565,0 33.64085906529548,34.91688030304054,0 33.64085885412125,34.91688030775988,0 33.64085864183169,34.91688030978084,0 33.64085843061541,34.91688030909191,0 33.64085821937113,34.91688030479739,0 33.64085800810582,34.91688029779878,0 33.64085779681949,34.91688028809597,0 33.64085758550513,34.91688027478764,0 33.64085737526407,34.91688025876939,0 33.64085716390067,34.91688023915138,0 33.64085695470487,34.91688021681767,0 33.64085674548807,34.9168801917798,0 33.64085653624323,34.91688016313642,0 33.64085632807869,34.91688013268448,0 33.64085612097344,34.91688009771983,0 33.64085591385417,34.91688006095245,0 33.64085570780119,34.91688002057374,0 33.6408555028215,34.91687997748513,0 33.64085529891511,34.91687993168655,0 33.64085509607499,34.91687988227672,0 33.64085489430818,34.91687983015694,0 33.64085469361467,34.91687977532726,0 33.64085443366715,34.91687970007735,0 33.64082397752877,34.91686841264443,0 33.64082380836718,34.91686833150717,0 33.64082364027888,34.91686824766004,0 33.64082347326389,34.91686816110294,0 33.6408233095178,34.91686807272577,0 33.64082314684501,34.9168679816387,0 33.64082298634684,34.91686788873729,0 33.64082282801628,34.91686779312022,0 33.64082267185334,34.91686769478745,0 33.64082251786498,34.91686759464035,0 33.64082236495694,34.91686749268472,0 33.64082221531081,34.91686738800762,0 33.64082206783931,34.91686728151623,0 33.6408219225424,34.91686717321051,0 33.64082177941312,34.91686706218913,0 33.64082163845843,34.91686694935341,0 33.64082149967837,34.91686683470339,0 33.64082136416723,34.91686671823328,0 33.64082123082369,34.91686659904747,0 33.64082109966176,34.91686647894877,0 33.64082097176178,34.91686635612858,0 33.64082084603638,34.91686623149408,0 33.64082072358694,34.9168661059409,0 33.64082060221077,34.91686597767779,0 33.64082048520488,34.91686584849021,0 33.64082037037356,34.91686571748831,0 33.64082025881117,34.91686558466633,0 33.64082014942341,34.91686545003007,0 33.64082004221025,34.91686531357946,0 33.64081993936736,34.91686517620442,0 33.64081983870606,34.91686503791644,0 33.64081974130668,34.91686489690698,0 33.64081964718322,34.91686475497886,0 33.64081955524139,34.91686461213779,0 33.64081946656851,34.91686446747663,0 33.64081938117153,34.91686432189681,0 33.64081929905049,34.91686417539827,0 33.64081922019837,34.91686402707965,0 33.64081914352788,34.91686387784811,0 33.64081907122763,34.91686372769209,0 33.64081900110898,34.91686357662316,0 33.64081893426627,34.91686342463554,0 33.64081887179383,34.91686327172344,0 33.64081881150298,34.9168631178984,0 33.64081872537741,34.91686287857464,0 33.64081867382706,34.91686272290068,0 33.64081862554561,34.91686256540662,0 33.6408185805471,34.91686240789529,0 33.64081853883156,34.91686225036666,0 33.64081850039192,34.91686209191928,0 33.64081846522821,34.91686193255323,0 33.64081843444175,34.9168617731641,0 33.64081840583692,34.91686161286205,0 33.64081838160934,34.91686145253691,0 33.64081835956336,34.91686129129882,0 33.64081834189464,34.91686113003767,0 33.64081832750885,34.91686096875922,0 33.640818316406,34.91686080746342,0 33.64081830858609,34.91686064615036,0 33.6408183040421,34.91686048391858,0 33.64081830278806,34.91686032257086,0 33.64081830591127,34.91686016120006,0 33.64081831231039,34.91685999891057,0 33.64081832090517,34.91685983751092,0 33.64081833387717,34.91685967608821,0 33.64081835013213,34.91685951464817,0 33.64081836967702,34.9168593540922,0 33.64081839359915,34.91685919351313,0 33.64081841970989,34.91685903292253,0 33.6408184491106,34.91685887321602,0 33.64081848288856,34.91685871348642,0 33.64081851995645,34.91685855464087,0 33.64081855921997,34.91685839668518,0 33.64081860286074,34.91685823870642,0 33.64081864979144,34.91685808161171,0 33.64081870001209,34.91685792540107,0 33.64081875242838,34.91685777008028,0 33.6408188092219,34.91685761473642,0 33.64081886931239,34.916857461178,0 33.6408189326858,34.91685730760227,0 33.64081899935616,34.91685715581198,0 33.64081906821514,34.91685700401018,0 33.64081914146537,34.91685685398806,0 33.64081921691125,34.91685670485577,0 33.64081929674137,34.91685655660179,0 33.64081937877413,34.91685641013902,0 33.64081946409683,34.91685626456033,0 33.64081955270946,34.91685611986573,0 33.64081964352474,34.9168559769623,0 33.64081973762995,34.91685583494301,0 33.64081983612643,34.91685569470338,0 33.64081993572423,34.91685555535936,0 33.64082003971328,34.91685541779503,0 33.64082014590497,34.91685528202193,0 33.64082025429229,34.91685514713866,0 33.64082036707085,34.91685501403506,0 33.64082048095775,34.91685488272847,0 33.64082053846588,34.91685481932576,0 33.64082059923592,34.91685475320158,0 33.6408207186224,34.91685462547167,0 33.64082084240012,34.91685449952148,0 33.6408209672862,34.91685437536825,0 33.64082109546921,34.91685425300048,0 33.64082122694916,34.91685413241817,0 33.64082138127655,34.91685399458837,0 33.64085582276256,34.91679653668223,0 33.64082302807608,34.91638720945984,0 33.6407218309254,34.91639321739589,0 33.64072241756087,34.91640040764147,0 33.64045967521512,34.91641524097388,0 33.6404604328924,34.91642472984403,0 33.64032578716736,34.91643219104612,0 33.63983385817175,34.91645805684671,0 33.63937950170469,34.91648355981844,0 33.63938021305639,34.91649569911726,0 33.63937656471012,34.91649657466287,0 33.63938271642766,34.91655179939951,0 33.6393809282483,34.91655829002458,0 33.63937542571887,34.91656279002391,0 33.63936659184704,34.91656529738181,0 33.63945337979296,34.91762289246927,0 33.63951193880205,34.91761999722992,0 33.63952619494697,34.91780154947299,0 33.63946806818934,34.9178051635818,0 33.63947892947965,34.91792998925526,0 33.63948130937058,34.91796733160628,0 33.63949116971428,34.91808797093624,0 33.63949253242408,34.9181046472594,0 33.63949680187815,34.91815688916342,0 33.63949816944318,34.91817362675735,0 33.63950244732052,34.91822596596969,0 33.63950380028784,34.91824251434185,0 33.63950815560762,34.91829580684885,0 33.63950944813451,34.91831161727525,0 33.63951382761433,34.91836520171459,0 33.63951516125942,34.91838151581855,0 33.63951948029028,34.91843436050875,0 33.63952081035418,34.91845063587022,0 33.63952513057122,34.9185034913704,0 33.63952647398277,34.91851993522699,0 33.63953100461278,34.91857536678057,0 33.63977488201171,34.91856145233387,0 33.63979494732857,34.9185603073527,0 33.64007160756278,34.91854452232835,0 33.64006383514805,34.91847233243436,0 33.64006254410933,34.91845588199838,0 33.64005694856809,34.91838455591615,0 33.64005568423893,34.9183684442733,0 33.64005013015169,34.91829766333082,0 33.64004885116799,34.91828135525513,0 33.64004328489079,34.91821041211975,0 33.64004199993458,34.91819403917292,0 33.64003642277876,34.91812296178177,0 33.64003513289543,34.91810651764836,0 33.64003035003215,34.91804555992797,0 33.64002951100574,34.91803573796024,0 33.64002809896234,34.91801920522926,0 33.64002578916161,34.91801911823853,0 33.64002282614818,34.91798563705164,0 33.64002743341668,34.91798140315099,0 33.64021058441639,34.91797114472394,0 33.64021490898914,34.91797419578469,0 33.64022574242892,34.91810937885165,0 33.64028108911435,34.91810710411615,0 33.6402695639183,34.91797163624479,0 33.64027452877794,34.91796835595663,0 33.64117765919426,34.91791773878096,0 33.64201061798243,34.91787281304715,0 33.64201510662398,34.91787584514832,0 33.64201539509925,34.91788056706807,0 33.64202174311818,34.91792843501917,0 33.64201649128663,34.9179327985992,0 33.64093757751381,34.91799111895774,0 33.64058541331969,34.91801143700144,0 33.64058714842942,34.91804178770222,0 33.64062061137616,34.91844561900233,0 33.64066190127799,34.91894966498968,0 33.64071457238602,34.91959664863995,0 33.64089181818133,34.91957582320698,0 33.64104181444621,34.91957144435971,0 33.64112309355792,34.91955859398166,0 33.64129774700419,34.9194867576351,0 33.64141585162469,34.91942740674504,0 33.64156576426777,34.91936310126641,0 33.64168773133844,34.91930229646196,0 33.6418714877558,34.91914173849855,0 33.64193160427148,34.91911386451591,0 33.64200330510348,34.91903894726946,0 33.64204914741681,34.91901908114187,0 33.64209524435749,34.91904736752994,0 33.6420998753985,34.91906164860123,0 33.64208939594883,34.9190833380644,0 33.64196452192031,34.91919237560514,0 33.64178291542647,34.91933246912433,0 33.64164326314447,34.91942000438093,0 33.64152329537307,34.91947195565185,0 33.64124765556702,34.91959354282828,0 33.6411517663951,34.91962047845006,0 33.64102877225941,34.91964501498006,0 33.64082613475843,34.91966900689996,0 33.64083455443035,34.91975396644013,0 33.64082896420461,34.91987391187318,0 33.64084430411992,34.91995370583276,0 33.64085338907557,34.9201340952293,0 33.64089440327861,34.9201913084075,0 33.6408789925995,34.92030232748261,0 33.64092013696759,34.92084079922151,0 33.64094103533995,34.92114140276838,0 33.64094854019676,34.92123253281796,0 33.64097075753214,34.92134663457257,0 33.64106928708178,34.92166177409211,0 33.6410940272634,34.92169916968479,0 33.64112289408138,34.92175494148289,0 33.64115869483475,34.9218185460839,0 33.64133143772911,34.92204211511557,0 33.64143805159448,34.92213288424337,0 33.64165333990233,34.92229363359925,0 33.64173923784975,34.92234094622007,0 33.64277191350164,34.92287350940828,0 33.64342833250895,34.9231817011616,0 33.64368498641855,34.92331161559136,0 33.64384574869194,34.92339564154192,0 33.64424708564,34.92358806770831,0 33.64444681063092,34.92367200345026,0 33.64474684931017,34.92381981304908,0 33.64519570085123,34.9240556216327,0 33.64576498417964,34.92439002581379,0 33.64605777355946,34.9245702045689,0 33.64634417448985,34.92472969295862,0 33.64648891414098,34.92482561819752,0 33.64685405199157,34.92510915438585,0 33.64714475717383,34.92531040773409,0 33.64750611438335,34.92558999580696,0 33.64794592008991,34.92589388137768,0 33.64811266687763,34.92602514009378,0 33.6482949004394,34.92626345860559,0 33.64834910614196,34.92634087169188,0 33.64840651587556,34.92649721392431,0 33.64840872169716,34.92657030722744,0 33.64838331155585,34.92665426576994,0 33.64831220468935,34.9267059900159,0 33.64824512177283,34.92671410914815,0 33.64819005136484,34.92669515765051,0 33.6481573326073,34.92667509533592,0 33.64809504699105,34.92659039673032,0 33.64807160754734,34.9265046615978,0 33.64803941070905,34.92641037362965,0 33.64800116219141,34.92632063313319,0 33.6479523208252,34.92625281933945,0 33.64791461259136,34.92619948514623,0 33.6478218200862,34.92610169820156,0 33.6476630635692,34.9259927607024,0 33.64759820623005,34.92592607687358,0 33.64736255634531,34.92575910075973,0 33.64681634464865,34.92535423466068,0 33.64662713189517,34.92521879392179,0 33.64639386378652,34.92506054697893,0 33.6460249473655,34.92481833251824,0 33.64583313447467,34.92471389513805,0 33.64558371000888,34.92460809593418,0 33.64550154049642,34.92457487348109,0 33.64522493512225,34.92448503783738,0 33.64514249858644,34.92446940325021,0 33.64505981946412,34.92452345863059,0 33.64496881716794,34.92472371427771,0 33.64485825818867,34.92492979765743,0 33.64481029098697,34.92503232725863,0 33.64478855428051,34.92506442496708,0 33.64477690661965,34.92506409916547,0 33.64475765194247,34.92510498605748,0 33.64473329184157,34.92509693764136,0 33.64128935305363,34.92395902631137,0 33.64118643017115,34.92416997885719,0 33.64106293287817,34.92412970421589,0 33.64099731837817,34.92422050062849,0 33.6409659459142,34.92433803097032,0 33.64092258219338,34.9244631243652,0 33.64084515434375,34.92476924021664,0 33.64078211641642,34.92500755646558,0 33.64071221146961,34.92522419368709,0 33.64065320196881,34.9253908888578,0 33.64060725772526,34.92550656688192,0 33.64052394811855,34.92576309035415,0 33.64039953262487,34.92611370243976,0 33.64033242384396,34.92631759302896,0 33.64029276477577,34.92647912275235,0 33.64023562901159,34.92675424226555,0 33.64020919802964,34.92691202716305,0 33.64018948820836,34.92710559904334,0 33.64018583245529,34.92741049724848,0 33.6402473654064,34.92741321711762,0 33.64026803176485,34.92741209862773,0 33.64029042808917,34.92749700247435,0 33.64031120084911,34.92759410205991,0 33.64019213278112,34.92763810577342,0 33.64019340398182,34.92780034552652,0 33.6402100071592,34.92792146287371,0 33.64026457884998,34.92823982700328,0 33.64051328509028,34.92812027702483,0 33.64055650613418,34.92808916655232,0 33.64064405403416,34.92804671686743,0 33.64066087005231,34.92806277261835,0 33.64066315685815,34.9280612732188,0 33.64066095085332,34.92805767917397,0 33.64066900093886,34.92805275103522,0 33.64067974933906,34.92804998108808,0 33.64071723261734,34.92802981699968,0 33.64072542155537,34.92802304021568,0 33.64072845950346,34.92802693094622,0 33.64130086260457,34.92771705540626,0 33.64137284339688,34.92780789007251,0 33.64079939248378,34.92811776336239,0 33.64080515110898,34.92812513814989,0 33.64079267879202,34.92812719606461,0 33.64075609189612,34.92814722023604,0 33.64074913679288,34.92815643336126,0 33.64075390928747,34.92816352940452,0 33.64056208666882,34.92828471804697,0 33.64031675366985,34.92842150350996,0 33.64038559009752,34.92871764451173,0 33.64044206835195,34.92882203763718,0 33.64059393301265,34.92893335555693,0 33.64101780794155,34.92905031465103,0 33.64109232739995,34.92907342147073,0 33.64113253618222,34.92911513430263,0 33.64117872661881,34.92918794515779,0 33.64128742339727,34.92916037039645,0 33.64286920171529,34.92875485525505,0 33.6449312394782,34.92822824285211,0 33.64512320679951,34.92756569132614,0 33.64516713075766,34.92757430102381,0 33.64498164258941,34.9282153698618,0 33.64503022806316,34.92820296171661,0 33.64508427404579,34.92818915891154,0 33.64508318242413,34.9281391882413,0 33.64515317434126,34.92788729370234,0 33.64523923192738,34.92758911607847,0 33.64531183932778,34.92730933566612,0 33.64531867945144,34.92730228629793,0 33.64532953212919,34.92728910399722,0 33.64538017630743,34.92727117620795,0 33.64543689292208,34.92727116339278,0 33.64552864929529,34.92732488727992,0 33.64554188411731,34.92737549473977,0 33.64515935795687,34.92874151749304,0 33.64512070646673,34.92883046740184,0 33.6450644228322,34.92892928228938,0 33.64499818660133,34.92904305945085,0 33.64487943560519,34.92917508058987,0 33.64474540129327,34.92927448825645,0 33.64463014929494,34.92935578577956,0 33.6445388802741,34.92941917097886,0 33.64440980453477,34.92948513637894,0 33.6443670551544,34.9295064833449,0 33.64363458590721,34.92978644324577,0 33.64346580189946,34.92984993176269,0 33.64316840459535,34.92994774188539,0 33.64296673878624,34.92999982955239,0 33.64287152984762,34.93002283276506,0 33.64275982589398,34.93003315907713,0 33.64235294687319,34.9301331328396,0 33.6422259208721,34.93016052239619,0 33.64218278147292,34.93017547959884,0 33.64214145178094,34.93022603326295,0 33.64247285107633,34.93118441840476,0 33.64277811480992,34.93205652173624,0 33.64281637588024,34.93210362575013,0 33.64285720385051,34.93210374325457,0 33.64300958843612,34.93209112828649,0 33.64311035189901,34.93207408999147,0 33.64322818508119,34.93204374644944,0 33.64323915123942,34.93202394732813,0 33.64328716264367,34.9320132547066,0 33.64333051490431,34.9320198579137,0 33.64337043609001,34.93203842306831,0 33.64338478312192,34.93206752600872,0 33.6433662743621,34.9321096120902,0 33.64328180666948,34.9321473960975,0 33.64127820917256,34.9326079490091,0 33.64125661889968,34.93260711016553,0 33.6411775108023,34.93260085176843,0 33.64116003844364,34.93259947015598,0 33.64112872764886,34.93259684279152,0 33.64114276857078,34.93264324403093,0 33.64189148512059,34.93476157273097,0 33.64195536559103,34.93492130092197,0 33.64202448423929,34.93509412784252,0 33.64202568320032,34.93509712593299,0 33.64311752015052,34.93782708297654,0 33.64366228124391,34.93917397865756,0 33.64400242663521,34.94000426797967,0 33.64423359894106,34.94053561577291,0 33.64499189246308,34.94216568890529,0 33.64499761997504,34.94217800159619,0 33.64594841983375,34.94397553504502,0 33.64765352333382,34.94696621528618,0 33.64799293563595,34.94759700354189,0 33.64807040076395,34.94770128973106,0 33.64856444721232,34.94836637845029,0 33.64886264074651,34.94879778817999,0 33.64924891756355,34.94935086456093,0 33.64927862323057,34.94940664492484,0 33.64936177754809,34.94956279071469,0 33.64987942415735,34.95039444182608,0 33.65023006439352,34.95083816644321,0 33.65029885546584,34.95092521832737,0 33.65046870942076,34.95114015994339,0 33.65054766587967,34.95127482407599,0 33.65059495309718,34.95135547462003,0 33.65067496535924,34.95149193764083,0 33.65077594823171,34.95166416547458,0 33.65087919216731,34.95184024997462,0 33.65088887922121,34.95185120163939,0 33.65093882797477,34.95190767264167,0 33.65095422852979,34.95192508387036,0 33.65109764370229,34.9520872252331,0 33.65121162970644,34.95227985771626,0 33.6512762524269,34.95238789647035,0 33.65130765594523,34.952439733418,0 33.65138538892803,34.95256804223806,0 33.65156703428016,34.95282978895778,0 33.65186028638788,34.9532259612057,0 33.65193728255498,34.95330636250487,0 33.65203318527162,34.95340841700551,0 33.65220272970802,34.95358789245594,0 33.65226095637097,34.95364560836293,0 33.65240138887446,34.95379622511696,0 33.65257093416298,34.95398555068754,0 33.65273020510762,34.95415306290707,0 33.65283810046316,34.95426848968564,0 33.65294770847014,34.9544057286012,0 33.65307187544964,34.95455915425691,0 33.6531335301733,34.95463023910535,0 33.65321059985749,34.95471751245451,0 33.6533304847206,34.95485686634497,0 33.6533904288329,34.95493639299038,0 33.65350346626261,34.95507082034889,0 33.65361136428164,34.9551953948506,0 33.65374752208192,34.95533897761407,0 33.65377835118119,34.95537838917479,0 33.65393591857389,34.95554801371791,0 33.65406608337496,34.95568666879395,0 33.65422194082514,34.95585066381263,0 33.65428188658426,34.95592385935502,0 33.65441205440575,34.95606040381813,0 33.65451652990513,34.95616949970921,0 33.65458691778587,34.95624817350676,0 33.65449968783611,34.95627105635117,0 33.65442658342989,34.95630929703844,0 33.6544409368859,34.95632976653526,0 33.6546859578656,34.95656712070852,0 33.65475241884428,34.95664000505357,0 33.65484096041585,34.9567371057918,0 33.65495643362195,34.95684514051875,0 33.65507913091925,34.95694350726483,0 33.65521513515394,34.95708774086157,0 33.6553456204764,34.95719978483816,0 33.6554508140746,34.95731498579922,0 33.65552553576544,34.95737914991753,0 33.65559823383634,34.95747076485319,0 33.65572168653755,34.9575988744133,0 33.65584514611155,34.95774717637824,0 33.65592647123128,34.9578155232007,0 33.65596284229492,34.95787703035471,0 33.65601376234652,34.95793151532464,0 33.65608481721168,34.95798882200594,0 33.65634268096946,34.95823643354406,0 33.65640523558027,34.95828194409428,0 33.6564705205223,34.95836117616516,0 33.65654900811313,34.95843177430181,0 33.65663792456935,34.95853047706982,0 33.65672320030798,34.95859564703515,0 33.65686765903484,34.95874584452342,0 33.65708970447174,34.95893616588452,0 33.65720017981303,34.95904171140153,0 33.65729419077785,34.95910895020676,0 33.65739795545911,34.95924872156999,0 33.65756064368977,34.95937712070528,0 33.65769045039305,34.95950341079342,0 33.65805948854771,34.9597863937064,0 33.65830434411883,34.95995308844162,0 33.65851439016713,34.96011985873724,0 33.65861161888874,34.96020675780577,0 33.65878670577603,34.96031165217627,0 33.65897721483157,34.96048337452162,0 33.659128044449,34.96058047387528,0 33.65918279651628,34.96061572124811,0 33.659223852392,34.96064335388238,0 33.65924975249536,34.96066323458742,0 33.65927771447168,34.96068121292938,0 33.65931723062326,34.96070662018752,0 33.65947455241951,34.9608693905711,0 33.65980773736006,34.96107621211967,0 33.65992471618849,34.96117257041015,0 33.65997791524685,34.96120604015603,0 33.66004680006471,34.96126785339877,0 33.66016983843679,34.96133999179948,0 33.66026960292423,34.96141378089379,0 33.66045668822932,34.96153050532958,0 33.66075985516729,34.96174842789967,0 33.66083190086372,34.96178648567943,0 33.66086896958104,34.96181583139256,0 33.66099107157142,34.96188707172686,0 33.66104948682586,34.96193608811927,0 33.6611579273587,34.96199832721531,0 33.66130375736113,34.96213114247271,0 33.66154767287011,34.96227713920663,0 33.66159395411117,34.96231617608024,0 33.66168695508244,34.96234580726116,0 33.66174840749616,34.96239251987788,0 33.66186252718173,34.96245143542956,0 33.6619362684275,34.96250644068063,0 33.66201737255814,34.96255548797621,0 33.66207762121157,34.96258114547491,0 33.66218627535035,34.96264319317557,0 33.66229125889161,34.96268409382004,0 33.66241300649768,34.96275738174089,0 33.6625893628665,34.9628361595915,0 33.6627038176535,34.96287140231716,0 33.66287237298514,34.96296065977696,0 33.66304853785934,34.96302942240228,0 33.66315102886336,34.96305684265776,0 33.66333004211742,34.96287302251089,0 33.66345768029344,34.96279533565381,0 33.66357104405888,34.96270458405941,0 33.66359768266596,34.96270978388609,0 33.66363463944528,34.96273851729497,0 33.66364635358757,34.96275728379508,0 33.66363736325621,34.96280201594664,0 33.66364119556034,34.96283459910096,0 33.66379378665337,34.96291292724818,0 33.66388925690405,34.96294280103893,0 33.66421197260959,34.9630562730958,0 33.6642052896629,34.96311009693328,0 33.66418480686662,34.96312145858143,0 33.66416018906388,34.96312245856643,0 33.66408914248572,34.96310691911516,0 33.66393489905244,34.96306952450998,0 33.66380276170365,34.96301837051164,0 33.66368066239532,34.96297499478934,0 33.66359050963605,34.96293646526122,0 33.66356532535114,34.96295411731186,0 33.66349148127495,34.96299221783134,0 33.66343078687633,34.96304651697258,0 33.66338479916633,34.96311592455501,0 33.66335079725111,34.96319162161276,0 33.66333928862856,34.96332457161913,0 33.66345686711862,34.96353801394159,0 33.66356853036108,34.96373424533937,0 33.66368793575565,34.96384168304535,0 33.66546387829544,34.96514701810472,0 33.66548518319792,34.96516118153372,0 33.66537587178769,34.96527927775492,0 33.66538891114794,34.96528877300128,0 33.6653996143609,34.96529671439167,0 33.66540530414382,34.96530066295185,0 33.66714140926387,34.96650557279861,0 33.66774072288518,34.96681503377003,0 33.6683611217541,34.96710365314627,0 33.66830997850145,34.96715769570021,0 33.66844726521491,34.9672380879034,0 33.66859856480784,34.9673134405304,0 33.66870684513443,34.96734778486343,0 33.66883627826323,34.96740841314697,0 33.66903012445506,34.96745612077407,0 33.66918128018297,34.96752336255781,0 33.6692762061619,34.96757158778765,0 33.66939829416857,34.96765006693622,0 33.66949427616176,34.967694674216,0 33.66959286022642,34.96776702604041,0 33.66966624426244,34.96785321008932,0 33.66989605589627,34.96800688623672,0 33.6700468894744,34.96806514974433,0 33.67019906199018,34.968151990332,0 33.67030754777883,34.96820448561356,0 33.67063898229995,34.96834418636682,0 33.6707062001551,34.96837978867137,0 33.67074354043151,34.96841451483284,0 33.6708471532931,34.9684764625989,0 33.67125750301923,34.96863160855128,0 33.67136601611475,34.96868447230318,0 33.67151706629688,34.96875826498501,0 33.67166759486614,34.96886055487249,0 33.67186308437424,34.96895910466574,0 33.67218683015717,34.96910449733242,0 33.67275640725135,34.96931431969387,0 33.6728794058768,34.96938974347137,0 33.67311371146319,34.96946034964128,0 33.67315111854128,34.96947588363568,0 33.67332608503695,34.96954853999801,0 33.67339105761511,34.96958583708169,0 33.67351571418175,34.96965739747993,0 33.67360670590889,34.96969180443944,0 33.67370929281567,34.96975491192951,0 33.67384787655459,34.96981185856284,0 33.67399129044422,34.96989670484137,0 33.67406743310826,34.96990498173562,0 33.67409713026706,34.96989725856063,0 33.67410603930777,34.969894942058,0 33.67414417861514,34.96984796423815,0 33.67419559759729,34.96985684703325,0 33.67421686794095,34.96987314273505,0 33.67417081385181,34.96991921893704,0 33.67416700519412,34.96992790173871,0 33.67415402159838,34.96995750494051,0 33.67415452351563,34.96997840226791,0 33.6741711024435,34.97000001981049,0 33.67432523989922,34.97010505094219,0 33.67450524966893,34.97025389367111,0 33.67476177283217,34.97038396639347,0 33.67488928518199,34.97044012871738,0 33.67514522226213,34.97052932399568,0 33.6753801373695,34.9706240630413,0 33.67555537133283,34.97067634278176,0 33.67581081602729,34.97072167764062,0 33.67606693306363,34.97079762913795,0 33.67619514964206,34.97084522275577,0 33.67632318247428,34.97087657203748,0 33.67637206986052,34.97089749732873,0 33.67655435325292,34.97097552210651,0 33.6766512365944,34.97102479335317,0 33.67673362304168,34.97106669154574,0 33.67680387985668,34.9710943969693,0 33.67691327133895,34.97113753269961,0 33.67714304654134,34.97119260784729,0 33.67724552046233,34.97122959096123,0 33.67740615615396,34.97130713573595,0 33.677512581711,34.97134868115263,0 33.67763035244258,34.97141975196713,0 33.67781900123433,34.97151540154233,0 33.67788841911715,34.97154021297997,0 33.67791372170316,34.97154920842699,0 33.67851143145622,34.97187685821406,0 33.67947981719838,34.97230712486957,0 33.68090091415272,34.97280702472364,0 33.68226345469265,34.97335568308868,0 33.6826910670209,34.97348689850074,0 33.68439981446464,34.97411122783281,0 33.68497401986925,34.97427967897293,0 33.68656759614906,34.97477253910094,0 33.6872676009154,34.97496955567513,0 33.68854678005924,34.97538539989423,0 33.68901663257613,34.97548891714703,0 33.68970785911197,34.97562120853253,0 33.69030228812252,34.97578657272734,0 33.69090923640314,34.97593948551437,0 33.69156053439764,34.97605328834668,0 33.69224105852802,34.97618732535279,0 33.69298287680947,34.97637662475999,0 33.69372140367661,34.97656793142701,0 33.69437539057932,34.97673574768642,0 33.69492427515181,34.97687659146552,0 33.69631374616897,34.97728724746836,0 33.69826759668304,34.97788299610713,0 33.70097348142461,34.97830114588858,0 33.70111646167057,34.97833357963997,0 33.70178761211821,34.97848582273643,0 33.70283838945912,34.97855681544435,0 33.70377615191748,34.97870637722692,0 33.70449573915448,34.97894215184743,0 33.70489759111349,34.97901253169052,0 33.70524308177167,34.97905982801171,0 33.70567791221801,34.97906003474443,0 33.70670832495723,34.97916821687204,0 33.70671535468684,34.97916895477331,0 33.70673554611684,34.97917107454523,0 33.70711447293174,34.97915005065135,0 33.70914469718868,34.97917975279901,0 33.70940842869226,34.97919386067544,0 33.71020927209367,34.97931366707972,0 33.71067675303305,34.97939484384581,0 33.7115755673681,34.97959854852463,0 33.712321152722,34.97967210258678,0 33.71294776397728,34.97968642786415,0 33.71339876974866,34.97970679540408,0 33.71394142767691,34.97984149679196,0 33.71428875884744,34.97988221227559,0 33.71428882353073,34.97988222000771,0 33.71438468115691,34.97989345638424,0 33.71442944173829,34.97991201530296,0 33.71447740627123,34.97994475341079,0 33.71456796623382,34.98003411419219,0 33.7146065769921,34.98007720406402,0 33.71482881693549,34.98017000096591,0 33.71658516698957,34.98034416895915,0 33.71681336395358,34.98037244042244,0 33.71734092837749,34.98039907480159,0 33.71772427548402,34.98042231472326,0 33.7178175835845,34.98043168131494,0 33.71827070278967,34.98045920333716,0 33.71849410919361,34.98046942677429,0 33.7196619609185,34.98049521264706,0 33.72013069021954,34.98050977573567,0 33.72035618418833,34.98046645154514,0 33.72048585932802,34.98038087603862,0 33.72072850625416,34.98016075660696,0 33.72082893475267,34.98002496571732,0 33.72089413150674,34.97989638875257,0 33.72096754432658,34.97968586478745,0 33.72107659872974,34.97955133491796,0 33.72140826394173,34.9795837670158,0 33.72163026136735,34.9796262408796,0 33.72225010494635,34.97977187432694,0 33.72242643817017,34.97977192864195,0 33.72245302968588,34.97976087422759,0 33.72258653963164,34.97965915742795,0 33.72252872564171,34.97953744113757,0 33.72253412617961,34.97952000735228,0 33.72260055357327,34.97948237315384,0 33.72269210065389,34.97945303919504,0 33.72329475175319,34.9794503702207,0 33.72334962284162,34.97945276559619,0 33.72381861180164,34.97952085105642,0 33.72380312322991,34.97971570031176,0 33.72383923076593,34.97972718982668,0 33.72422749044198,34.97979296506969,0 33.72422134151665,34.97997488207,0 33.72411921361847,34.98008294509284,0 33.72410964486567,34.98020746741329,0 33.72412625024416,34.98023708323632,0 33.72416411459778,34.980286621343,0 33.72419712207392,34.98030521609218,0 33.72432565150409,34.98030542835657,0 33.72437857355074,34.98023107204902,0 33.72447033018514,34.98024366350406,0 33.72449255808063,34.98045838191398,0 33.72450120472142,34.98062089889955,0 33.72455018593084,34.98069942646811,0 33.72462008237725,34.98072886121832,0 33.7246672843314,34.98073532022821,0 33.72468909633167,34.98073830440438,0 33.72480352548045,34.98073985417011,0 33.72489379284372,34.98076793042927,0 33.72511441080886,34.98084716815685,0 33.72518101851892,34.9808456526175,0 33.7252099860162,34.98083975026966,0 33.72556187733051,34.98084049644935,0 33.72579521908906,34.98079971583098,0 33.72588602805512,34.98077941326297,0 33.72604410655952,34.98073308143135,0 33.72605450356091,34.98072703302444,0 33.72628166494681,34.98059488677362,0 33.72650992894546,34.98032255767041,0 33.72664601038684,34.98010923961904,0 33.72666170517176,34.97995696042258,0 33.72668521072749,34.97979884925136,0 33.72684149268964,34.97970737030604,0 33.72682055849616,34.97959585287861,0 33.72683933240621,34.97958869420749,0 33.72730947140992,34.97957290868647,0 33.72757982796152,34.97956876503174,0 33.72824651736963,34.97952134666873,0 33.72845745333565,34.97954513954938,0 33.72875612830228,34.97956218309351,0 33.72886725838184,34.97953148842439,0 33.72909268896871,34.97947653831802,0 33.72929867644321,34.97945196927922,0 33.72956891627564,34.97942460168431,0 33.72980009126105,34.9794212320538,0 33.7302851263314,34.97940667415789,0 33.73065351433886,34.97941637904739,0 33.73078412386671,34.97951849121081,0 33.73089484198932,34.97971613496011,0 33.73093774084282,34.97983080234563,0 33.73095777646108,34.97991845701308,0 33.73097061553302,34.97997775531298,0 33.73087708445886,34.98007934428691,0 33.73090332590338,34.98030952792032,0 33.73091422839723,34.98045075131186,0 33.73096176006197,34.98055121257593,0 33.73099576843981,34.98061237372693,0 33.73099672214066,34.98069737954465,0 33.73099719449561,34.98073943808721,0 33.73102966902665,34.9808070544116,0 33.73108602214401,34.98094747680024,0 33.7310867129777,34.98108421946236,0 33.73107138241331,34.98115200011078,0 33.73106385208812,34.98121265775878,0 33.73112195228141,34.98138854982047,0 33.73116994034195,34.98157931373472,0 33.73120727746076,34.98167851931483,0 33.73123806150629,34.98178493592837,0 33.73124157673129,34.98179708553357,0 33.73126089090724,34.98189699816746,0 33.73128567182958,34.98199302256026,0 33.73131583500152,34.98206838676857,0 33.73143521740225,34.98227373972804,0 33.73157098880642,34.98246549166326,0 33.73164016807002,34.9825071803621,0 33.73173205923968,34.98254556731389,0 33.73186081721939,34.98259027708414,0 33.73210331474332,34.98265459249289,0 33.73247599874299,34.98273587437799,0 33.73273184150562,34.98280401200058,0 33.7328643720936,34.98281968170048,0 33.73436313061758,34.98295463360814,0 33.73476525438444,34.98250616214891,0 33.73489783109316,34.98245799815664,0 33.73499123506121,34.98242149736579,0 33.73508707337291,34.98237087657942,0 33.73514042454101,34.98233873937947,0 33.73515921808147,34.98231982137938,0 33.73521948257094,34.98227081665939,0 33.7353103680593,34.98220574822179,0 33.73534691834973,34.98218646845971,0 33.73537794697669,34.98216344073509,0 33.73544511710171,34.9821136387012,0 33.73552907507256,34.98204857870914,0 33.73555080551483,34.98202448231334,0 33.73559327792494,34.98198271800957,0 33.73562398433308,34.98195086471458,0 33.73565855312094,34.98190990364998,0 33.73569213387482,34.98186733775127,0 33.73570991425035,34.98183521210798,0 33.73575040938044,34.98177015840879,0 33.73576726240015,34.98173733528033,0 33.73576726655632,34.98170119341835,0 33.73577319862176,34.98163292290879,0 33.73577814026941,34.98158714124614,0 33.73578703224977,34.98154698204595,0 33.73579789868813,34.98151084106197,0 33.73580691708041,34.98148946637652,0 33.73582173065981,34.9814734055085,0 33.7358365465061,34.98145172256122,0 33.73583753419505,34.98144288731239,0 33.73586024935159,34.9814292375865,0 33.73588790227823,34.98139631202928,0 33.73592542911698,34.98136419287029,0 33.73593251268495,34.98132426366092,0 33.73593449498346,34.98125277743008,0 33.73593548767329,34.9812190426357,0 33.73592561753782,34.9811788772545,0 33.73590707613233,34.98115517541021,0 33.73589407594593,34.98113655635471,0 33.73584987077961,34.98110650279659,0 33.7357770574723,34.98105951211168,0 33.73573180684029,34.98103072410802,0 33.73569622468576,34.98099985475181,0 33.73566345484231,34.98096810660216,0 33.7356291226554,34.98093677985106,0 33.73561039783417,34.980894880601,0 33.73560254921044,34.98085846360561,0 33.73560723537271,34.98080811066293,0 33.7356197221532,34.98079076769418,0 33.73564105300067,34.98077554442941,0 33.73568371226994,34.98076625748971,0 33.73574925788155,34.9807531730527,0 33.73580690195666,34.98075175738023,0 33.73587035959095,34.98075771419538,0 33.73589428425052,34.98076322731733,0 33.73595929598287,34.98076918368088,0 33.73601390215201,34.98078528890847,0 33.73607449805917,34.98079148921622,0 33.73614417964778,34.9808084467647,0 33.73619981538003,34.98082920322668,0 33.7362117765382,34.98082032487532,0 33.7362466102894,34.98084318602799,0 33.73628374496107,34.98088328521141,0 33.73629933435052,34.98092601733791,0 33.73631180436681,34.98097593905656,0 33.73632271508982,34.98104105980749,0 33.73632842175283,34.98111000973573,0 33.73634767270972,34.98115594848218,0 33.73637937204975,34.98122405840747,0 33.73640964229665,34.98128202626807,0 33.736418474378,34.98130909778327,0 33.73644601941758,34.98134928572154,0 33.73647103349803,34.98138972246866,0 33.73650741330219,34.98142779438946,0 33.73651572647155,34.98144302097606,0 33.7365463864238,34.98148235799842,0 33.73656724778599,34.98150508657358,0 33.73660674521692,34.98153258229471,0 33.73665715274364,34.98156895915729,0 33.73674203076949,34.98164077290577,0 33.73681529185573,34.98169532847988,0 33.73689760100383,34.981744185399,0 33.73695526675535,34.98177970591804,0 33.73697679862726,34.981792661825,0 33.73701472216268,34.9818070407041,0 33.7371025085836,34.98186285012304,0 33.73716350397875,34.98189311857342,0 33.73722012208081,34.98190960584958,0 33.73728401478629,34.98190876268333,0 33.73733232454787,34.98189946338713,0 33.73739189319875,34.98188675508857,0 33.73749525517802,34.98186477933818,0 33.73758978168307,34.98184069019648,0 33.73766071817703,34.98182268816574,0 33.73770901911814,34.98179690838727,0 33.73777861316197,34.98175464772205,0 33.73785575903425,34.98170779443868,0 33.73795962092846,34.98164441102355,0 33.73801851943763,34.98160306525119,0 33.73805019792017,34.98157433151125,0 33.73810888491203,34.98151052487098,0 33.73816923089711,34.98144255173819,0 33.73820746193807,34.98139124840507,0 33.73823091181097,34.98134333767832,0 33.73824911650779,34.98130614138881,0 33.73824363732703,34.98129395435585,0 33.73814308924826,34.98107032403973,0 33.73814250696993,34.98095162245382,0 33.7382032740843,34.9809397718234,0 33.73829312234186,34.98088537109074,0 33.73835131491,34.98085086570458,0 33.7383980352986,34.98081246567833,0 33.7384314863533,34.98078481626545,0 33.73845515059642,34.98074483565183,0 33.73845334988707,34.98066991280217,0 33.7384496167814,34.98065263754321,0 33.73844953363993,34.98065228199388,0 33.73844369599733,34.98062736930927,0 33.73842806058268,34.98055998701839,0 33.73841235583454,34.98043717864919,0 33.73841630767381,34.9803667080056,0 33.7384327016502,34.98029144193647,0 33.73844192731286,34.98024908469039,0 33.73839901334266,34.98024274378067,0 33.73837139540478,34.98023866340881,0 33.73826807710473,34.98006928844729,0 33.73828236140657,34.97999751374412,0 33.73837426170873,34.97998516364309,0 33.73841795191511,34.97997929211211,0 33.73858715018908,34.97991262630475,0 33.73856527120361,34.97986476587465,0 33.7385751532309,34.97975684001744,0 33.73857705024583,34.97973612230011,0 33.73859719308707,34.97972760679095,0 33.73862883005399,34.97971423129115,0 33.73862371309691,34.97977591582792,0 33.73868256798143,34.9797931901776,0 33.73872658858815,34.97977607510238,0 33.73867962959419,34.97963550451448,0 33.73867770511164,34.97962974542624,0 33.73874916275737,34.97955111559042,0 33.73881258640171,34.97953910337049,0 33.73902957599392,34.97949302899961,0 33.73908971204371,34.97945751808258,0 33.73917232017973,34.97940873686272,0 33.73974202634052,34.97940737575307,0 33.73977779115235,34.97945846493605,0 33.73976421723865,34.97947402566352,0 33.7396939779402,34.97955454432401,0 33.73956435355902,34.97963399864248,0 33.73961543195652,34.97977858839072,0 33.73960472330457,34.97982682921522,0 33.7395534446918,34.97983135742545,0 33.73947995170079,34.97979779862553,0 33.73943251687814,34.97983140794316,0 33.73946575179874,34.97993293091196,0 33.73955712292179,34.97995956530374,0 33.7395585577419,34.98002218799158,0 33.73955884114297,34.98003458419068,0 33.73955718601594,34.98003528204389,0 33.73948531531452,34.98006561217089,0 33.7394638610249,34.98016336590042,0 33.73952255965357,34.9803528722501,0 33.73963382490205,34.98056213535794,0 33.73963986127292,34.98064503685889,0 33.73964790092318,34.98074342220765,0 33.73957801118632,34.98083067035488,0 33.73954696252081,34.98086943148985,0 33.73952660329053,34.98102540750415,0 33.73962880135711,34.98127792474039,0 33.73959392597847,34.98137418277044,0 33.73966083345323,34.98147796678588,0 33.73983968791342,34.98152050510024,0 33.74017191281226,34.98168223851216,0 33.74052417997863,34.98174333582895,0 33.74091550770402,34.98181116343284,0 33.74122024487025,34.98188405698209,0 33.74135904825084,34.98182383672995,0 33.74146137808604,34.98178007245383,0 33.74159187440858,34.98172537058559,0 33.74168514865833,34.98168438457401,0 33.74175094445907,34.98165547301549,0 33.74245823778841,34.98135106164763,0 33.74255340343332,34.98119928888443,0 33.742572278037,34.98116918822633,0 33.74255098058548,34.98114648949958,0 33.74251822217152,34.98111157380953,0 33.74256659175864,34.9806271731855,0 33.74256666415548,34.98062645792878,0 33.7425771313834,34.98051684168497,0 33.74284308902768,34.98035439703786,0 33.74309257423491,34.98038073376952,0 33.74305780830232,34.98045721799433,0 33.74315488089381,34.98046958790217,0 33.74323098581424,34.98043406013674,0 33.74335534433565,34.98031461179571,0 33.74339121080654,34.98013769343963,0 33.74341679744077,34.98000243062929,0 33.74342067945908,34.97998190531032,0 33.7434116951234,34.97997130661473,0 33.74332314264203,34.97986684230321,0 33.74328317007912,34.9796643926032,0 33.74337900806056,34.97956715546081,0 33.74348971218789,34.97952012290263,0 33.74355318499711,34.97949315630713,0 33.74360929730378,34.97943508310511,0 33.74358777080352,34.97939272180829,0 33.74358321149296,34.97938374830032,0 33.7435697481702,34.97921725473051,0 33.74358925679901,34.9791962001325,0 33.74362798707975,34.97918280062797,0 33.74368633280904,34.97916016686723,0 33.7437968281439,34.97916267201548,0 33.74394579684668,34.97916563903304,0 33.74441046350807,34.97911524386159,0 33.74482149934824,34.97907071053099,0 33.74489826236425,34.97906224146706,0 33.74510193888914,34.97904013508396,0 33.74528985557603,34.97894306962257,0 33.74548948153101,34.97892468591762,0 33.74559576261793,34.9789162244754,0 33.74590823272643,34.97895869232504,0 33.7461745022125,34.97903968358575,0 33.74622194347754,34.97905144562102,0 33.74628230396762,34.97904612413576,0 33.74640588575054,34.97907038661274,0 33.74672673287674,34.9791341010456,0 33.74724136556251,34.9792746162468,0 33.74736175992943,34.97932961903359,0 33.74743207045846,34.97941242555341,0 33.74744265090752,34.97943254377363,0 33.74750328072072,34.97954782525147,0 33.74757427532563,34.97968622159836,0 33.74758121804075,34.97969975580816,0 33.74759056427645,34.97972613826195,0 33.74764596185926,34.9798825216677,0 33.74773192746648,34.98007396442282,0 33.74782204939771,34.98018610749546,0 33.74783982502034,34.98020822664914,0 33.74789825670373,34.98028145740837,0 33.74800476535263,34.98033868229529,0 33.74813157603781,34.98040340517504,0 33.74827297933818,34.98047848707137,0 33.74837323535238,34.98055910915542,0 33.74841307660922,34.98059055155602,0 33.74841399107753,34.9805912715499,0 33.7484213972984,34.98059710485811,0 33.74849940065771,34.98071050114263,0 33.74851631715787,34.9807779048317,0 33.74852693344486,34.9808202044866,0 33.74854459459647,34.98099698448398,0 33.74858790763815,34.98115968052942,0 33.74859331460026,34.98116520975936,0 33.74867528477171,34.98124903883589,0 33.74882170492685,34.98134396419749,0 33.74888295612779,34.98137231237948,0 33.74899872547078,34.98142625853526,0 33.74914221470866,34.98146277436734,0 33.74920826320545,34.98147898872915,0 33.74925241799249,34.98149045525255,0 33.74926845896083,34.9814943639085,0 33.74933476964317,34.98134532666374,0 33.74942469210114,34.98138109285509,0 33.74953722512322,34.9813775542933,0 33.7496527765438,34.98132751518453,0 33.74973872571831,34.98132699711469,0 33.74997235522146,34.9814077479064,0 33.75001586438459,34.98154501629491,0 33.75012480603478,34.98169610729882,0 33.75023259728405,34.98185190973461,0 33.75029438342813,34.98187325268598,0 33.75035276125089,34.98189362963136,0 33.75036667229353,34.98194713213079,0 33.75039296481583,34.98202933182535,0 33.75041740670051,34.98210411357886,0 33.75041438608352,34.98210999407783,0 33.75039819295123,34.98214152431176,0 33.75034904947853,34.98215700676537,0 33.75041149960019,34.98218507363039,0 33.75041946381274,34.98218865255895,0 33.75048618910984,34.98221785397069,0 33.75047865895865,34.98218526788791,0 33.75046863164174,34.98214187047591,0 33.75046721454395,34.98208606880684,0 33.75046618848501,34.98206712132698,0 33.7504648817327,34.98201104945538,0 33.75049151717265,34.98197706324328,0 33.75052947457743,34.98195708336551,0 33.75057843889919,34.98193314767866,0 33.75070846665781,34.98194846992419,0 33.75074094290336,34.98195229659724,0 33.75081452418628,34.98193531076566,0 33.75083687422416,34.98193027432796,0 33.75094672698321,34.98190551936043,0 33.75108563568215,34.98189779686769,0 33.75125340285878,34.98188895730112,0 33.75149673380167,34.98187600095382,0 33.75167835808301,34.98180251197602,0 33.75179662720335,34.98175584058446,0 33.75187377181631,34.98175334194868,0 33.75193604033203,34.98175157899403,0 33.75198758296256,34.98177671542955,0 33.75207710081799,34.98185249817296,0 33.75208911851561,34.98186267179443,0 33.75244277758487,34.98202940642975,0 33.75251639984394,34.98204889191751,0 33.75257458460494,34.98204749828032,0 33.75265405518521,34.98208395962954,0 33.75275297376119,34.98207951543822,0 33.752838594677,34.98211472524576,0 33.75285679284485,34.98213351755062,0 33.75291778474988,34.98212124262398,0 33.75295043783022,34.9820709121684,0 33.75298102987687,34.98206414851533,0 33.75307223939541,34.98207551562199,0 33.75325592088455,34.98201832243503,0 33.75329865749979,34.98202193874133,0 33.75337537921185,34.98208528391229,0 33.75352112623185,34.98209259668683,0 33.75358614339883,34.98209627202324,0 33.75371120452952,34.98210316129671,0 33.75385562961998,34.98213567971553,0 33.75387121378104,34.98213523861959,0 33.75400542716137,34.98212259503443,0 33.75410652202865,34.98211362650274,0 33.75418148649285,34.98210624982421,0 33.75425366569856,34.98201406740957,0 33.75437025664673,34.98201943477068,0 33.75438992457247,34.98204368202156,0 33.75439224645169,34.98205956565268,0 33.75439503225694,34.98208149031311,0 33.75442329637631,34.98209318167834,0 33.7544863415712,34.98207983586069,0 33.75451156019341,34.98207484402067,0 33.7546080991681,34.98209503675051,0 33.75472187756073,34.98207305283409,0 33.75478139837233,34.98206126746687,0 33.7548945452963,34.98206237496709,0 33.75494396279867,34.9820626491171,0 33.75502882865256,34.98206382777047,0 33.75518169737981,34.98204149757672,0 33.75546479284392,34.98194456988597,0 33.75551819204295,34.98189817950189,0 33.75555122230002,34.98189016420661,0 33.7555954585355,34.9819100208775,0 33.7557755519862,34.98183231044117,0 33.75593041440069,34.98180234823445,0 33.75614513928311,34.98168869901095,0 33.75621229419396,34.98157005087246,0 33.75625512366754,34.98154232736104,0 33.75625751233444,34.98154078099838,0 33.75626056293424,34.98154082960288,0 33.75633043215284,34.98154195112312,0 33.75641249783414,34.9815294025538,0 33.75697556021753,34.98143978239563,0 33.75709593346441,34.98143124194745,0 33.75755058713739,34.98139684800002,0 33.75787210817015,34.98133033801441,0 33.75837271060356,34.98140110667672,0 33.75847405222598,34.98138211207159,0 33.75867341443561,34.98126466480829,0 33.75872019285995,34.98120210535615,0 33.75874867598214,34.98119298364218,0 33.75881788596553,34.98120328414002,0 33.75892234065363,34.9812522751936,0 33.75900532110981,34.98124766593094,0 33.75903688587157,34.98124646895484,0 33.75911744292761,34.98124224794628,0 33.75920808527663,34.98119645329108,0 33.75936793300064,34.98118905642954,0 33.75978253630269,34.9810150248189,0 33.76015154771647,34.98101823986482,0 33.76040132906949,34.98099219281879,0 33.76065002554862,34.98104674383176,0 33.76071508512219,34.98103138015252,0 33.7608039475005,34.98104701078181,0 33.76082320458831,34.98109509987466,0 33.76092658779522,34.98114535877779,0 33.76108538364601,34.98122019857315,0 33.76126391170429,34.98123843701762,0 33.76151688753497,34.98122404442523,0 33.76181847335093,34.98108556111193,0 33.76201808039138,34.9809283477522,0 33.76205788318264,34.98089843907253,0 33.76210528710009,34.98086172665259,0 33.76210450897469,34.98083377361063,0 33.76206815257911,34.98081992007774,0 33.76205725073994,34.98076681832275,0 33.76204444725588,34.9807044530606,0 33.76206201897078,34.98066371382316,0 33.76213708801659,34.9806407814777,0 33.76218081486194,34.98066277436885,0 33.76221211497688,34.98073256013849,0 33.76222737978346,34.98076659234462,0 33.76235324384487,34.98082599335799,0 33.76240333723386,34.98092419589977,0 33.7624201900792,34.98092631474131,0 33.76258436535103,34.98090866005551,0 33.76265784881826,34.98086625982437,0 33.76266516578146,34.98077176302407,0 33.76267697883505,34.98061919031064,0 33.76280168690664,34.9805017355772,0 33.76297489407474,34.98033988652818,0 33.76319586049756,34.98022641463167,0 33.76332547025392,34.98016346706012,0 33.76358920953371,34.98002901670581,0 33.76374841002374,34.98000233534258,0 33.76383574941219,34.97993469088107,0 33.76408092815374,34.97988442109894,0 33.76445574050946,34.97992892314264,0 33.76481936805263,34.97984762432787,0 33.76502113844211,34.97984635322628,0 33.76509275007122,34.97990990434674,0 33.76512162439688,34.97991623774404,0 33.76514358495104,34.97992105437334,0 33.76515566913469,34.97992069157695,0 33.76531746925775,34.97991582917324,0 33.76534153428081,34.9799257723034,0 33.7653399687521,34.97993725252747,0 33.76534005413733,34.97994642917562,0 33.76524328438073,34.97997135715367,0 33.76524046117127,34.97997302451461,0 33.76519615675854,34.97999918482006,0 33.76517064252281,34.98001311093768,0 33.7651121275026,34.98001531493163,0 33.76506811495653,34.98001834514702,0 33.76504086016572,34.98002494117667,0 33.76508305700442,34.98006642919707,0 33.76526405291006,34.98005605010694,0 33.76526652948337,34.98008127919675,0 33.76521176954584,34.98013372181573,0 33.7652103093803,34.98017348199833,0 33.76526297321207,34.98021992570624,0 33.76531791211949,34.98026710862369,0 33.76535010246309,34.98031671726201,0 33.76539156283347,34.98033434426296,0 33.76547556474541,34.9803691452112,0 33.76557377264807,34.98041161490724,0 33.76567449430998,34.98040798623833,0 33.76577145767065,34.9803779331193,0 33.76583595427454,34.98037154913101,0 33.76588753313872,34.98036458225697,0 33.76595284809886,34.98035952081151,0 33.76603023037179,34.98035039809658,0 33.7660721519408,34.98034614940745,0 33.76615538540348,34.98033592694171,0 33.76622572118563,34.9803055258745,0 33.76628063031703,34.98023729739145,0 33.76633372033782,34.98022797083367,0 33.76637743601233,34.98022045935517,0 33.76646360594714,34.98023226195776,0 33.76659688522992,34.9801705947807,0 33.76662834032494,34.98015616212588,0 33.76673533423913,34.98013190673277,0 33.76676210555998,34.98011164089426,0 33.76679288780239,34.98008506964472,0 33.76684103238689,34.98001107859295,0 33.7668562134869,34.97991541775828,0 33.76683926752437,34.97983516559433,0 33.76682277976092,34.97983201836137,0 33.76676717794314,34.97988166813644,0 33.76671897307309,34.97988997519575,0 33.7667078636085,34.979880232672,0 33.76668577055585,34.97986085679774,0 33.76669622692992,34.97980488124211,0 33.76670804221698,34.97979130001057,0 33.76674490752769,34.97974892391834,0 33.76683013157354,34.97968445279803,0 33.76687290118351,34.97961086074419,0 33.76691684347607,34.97957284055288,0 33.7669485309376,34.97954812223909,0 33.76698870012281,34.97951431467492,0 33.76703691808629,34.97947373178472,0 33.76710201224565,34.97942053438754,0 33.76715539392058,34.97937725698399,0 33.76736973580203,34.97930191899076,0 33.76745949778143,34.97928785496329,0 33.76753317699527,34.97927777397541,0 33.76763317360898,34.97926385605236,0 33.76770784339323,34.97925289794087,0 33.76779356549834,34.97923980928857,0 33.76787397789087,34.97922798186589,0 33.76795650969658,34.97921594898655,0 33.76805478114294,34.97922723584611,0 33.76813276373491,34.97925544772409,0 33.76831479803337,34.97931965945428,0 33.76853726560843,34.97919739502846,0 33.76876350157003,34.97906745612983,0 33.76900130997068,34.97904135907386,0 33.76909854155278,34.97902963795264,0 33.76940895438315,34.97903798342304,0 33.76946789038181,34.97905347554725,0 33.7694935326582,34.97911597948799,0 33.7694392241543,34.9791829571646,0 33.76937282442461,34.97919368996662,0 33.76925939387842,34.97917378454903,0 33.76911218231326,34.97920010061888,0 33.76901211860443,34.9791666253106,0 33.76902972208176,34.97919388041706,0 33.7689908173249,34.97920761270714,0 33.76897461970601,34.97917598499927,0 33.76887933386136,34.97918967678805,0 33.76870315081538,34.97929795651249,0 33.76858822723914,34.97936732947381,0 33.7684839432841,34.97942781025233,0 33.7683878287663,34.97948718820746,0 33.76837630900743,34.97951466826781,0 33.7684226217735,34.9795814711208,0 33.76848650434398,34.97956619006252,0 33.76856109179538,34.97977637135236,0 33.76851945234127,34.9797872083691,0 33.76852341222887,34.97979702302084,0 33.76843297689918,34.97983576440004,0 33.76841803742965,34.97985064556141,0 33.76836944593756,34.97993830082131,0 33.76832609430846,34.97998369397625,0 33.76827456406695,34.98005198222024,0 33.76825784815716,34.98007413540331,0 33.76831678276363,34.9801017321285,0 33.76834452363714,34.98011472248042,0 33.76843053810523,34.98018583157738,0 33.7684497085063,34.98020238440466,0 33.7684792309262,34.98022787672608,0 33.76862219800757,34.980291284187,0 33.76869921108169,34.98032472815978,0 33.76887189836746,34.98040157367158,0 33.7690477501047,34.98043380378643,0 33.76919541767931,34.98046139960563,0 33.76920972508456,34.98046407356991,0 33.76925148818688,34.98046104438567,0 33.76947926499128,34.98044452423514,0 33.76960352824018,34.98032941174787,0 33.76967297442604,34.98030297960163,0 33.7697404551751,34.98013803498574,0 33.7697343226414,34.98009923601764,0 33.76968935190359,34.98008482282187,0 33.76966219085835,34.98007611797813,0 33.76961071967108,34.97991908001671,0 33.76962110613076,34.97982412439733,0 33.76970499389504,34.97972487730848,0 33.76971425620916,34.97965879082655,0 33.76964280312122,34.97962588193685,0 33.76963609462033,34.9795847429631,0 33.76967106134572,34.97955639844776,0 33.76980518116586,34.97955367599409,0 33.76990633260865,34.97946411666196,0 33.76990991678275,34.97940978891307,0 33.77003798461109,34.97920505239434,0 33.77008704976225,34.97920811607365,0 33.77009991744833,34.97919038589357,0 33.77008004106145,34.97912779503812,0 33.77008359005048,34.97911218637025,0 33.77012015167686,34.97907736404391,0 33.77022762259377,34.97897378630527,0 33.77026272077418,34.97897356365876,0 33.77031299288713,34.97901360505815,0 33.77050022275465,34.97899574385839,0 33.77059517832113,34.97890885716999,0 33.77061122354768,34.97873033523186,0 33.77058299963326,34.97863210007014,0 33.77060712517896,34.97858231029984,0 33.77071207330627,34.97853736007401,0 33.77081049243565,34.97855650851113,0 33.77097497623939,34.97852877909545,0 33.77105008162926,34.97847573506931,0 33.77115763728439,34.97846936958528,0 33.77128080586952,34.97846093076076,0 33.77143187757812,34.97845231544007,0 33.77157995009578,34.97844328631651,0 33.77176204132054,34.97850098709311,0 33.77179798339747,34.97853505251645,0 33.77184204680361,34.97873025337742,0 33.77180099837436,34.97880549480077,0 33.77178028357127,34.97884346556145,0 33.77180876019604,34.97889552355942,0 33.77183400244022,34.9789396048632,0 33.77190880581832,34.9789911754457,0 33.77193094669246,34.97900643966434,0 33.77196658315302,34.97913347316179,0 33.77196116838665,34.97915293732611,0 33.77192502185616,34.97918884916147,0 33.77185653944229,34.97925688792355,0 33.77186141875781,34.97943945588414,0 33.77189869968624,34.9795467039634,0 33.77186620766906,34.97967505934902,0 33.7719281446774,34.97971661779059,0 33.77193988883235,34.97978832543626,0 33.77189254810258,34.97984500553658,0 33.77189334377207,34.97988346153176,0 33.77200677044767,34.97989018238592,0 33.77203596251629,34.97998573836735,0 33.77212717257535,34.98006446109413,0 33.77226313220012,34.98009489493899,0 33.77234408923613,34.98011492748001,0 33.77245005720981,34.98013963597899,0 33.77256633701833,34.98016790421537,0 33.77276776517664,34.98019321379004,0 33.77297250842456,34.98021967104462,0 33.77305919037784,34.98023085545012,0 33.77316013874505,34.98024278815677,0 33.77323560865894,34.98025320552525,0 33.77329515573047,34.98026095334483,0 33.77332084712261,34.9802642628241,0 33.77333965280739,34.98022572707341,0 33.77337353169203,34.98018580901188,0 33.77338589233888,34.98016383250764,0 33.77339531773548,34.98011633255376,0 33.77339913798089,34.98008758772992,0 33.77339023946725,34.98003061717207,0 33.77338719673617,34.98001113290393,0 33.77339603847894,34.97998332780728,0 33.77340633353092,34.97997450871075,0 33.77340664187155,34.9799744553668,0 33.77351069031283,34.9799563278935,0 33.77378774556802,34.97994093609069,0 33.77397906979342,34.97993603173681,0 33.77417350352989,34.97993162556196,0 33.77433163155564,34.97992648701319,0 33.77459951023677,34.97990286438536,0 33.77471047973091,34.97988286098445,0 33.77477164977795,34.97981189897254,0 33.77481175468045,34.97978136404759,0 33.77488442114996,34.97975358151811,0 33.77493619179411,34.97975384514101,0 33.77505254221455,34.97978829867351,0 33.77505334406077,34.97978831699162,0 33.77508638394615,34.97978905886934,0 33.77513969969597,34.97977209935914,0 33.77519430932232,34.97975193789587,0 33.77524698034693,34.97973711066635,0 33.77531715415064,34.97972410065501,0 33.77549864202766,34.97969748424175,0 33.77570340020517,34.97968712802806,0 33.77591546457259,34.97965811081917,0 33.77598831037984,34.9796441657182,0 33.7761110131086,34.97961315384497,0 33.7762709860782,34.97957184302398,0 33.77633974983672,34.97955509430781,0 33.77641976290649,34.97954480698551,0 33.77667081431539,34.97949576689102,0 33.77687488990848,34.97943999590853,0 33.77695358363187,34.97942280742694,0 33.77730146243816,34.9793727488936,0 33.77744400548949,34.97934798608686,0 33.77751587835847,34.97933834058296,0 33.77765904945926,34.9792996288072,0 33.7777494543481,34.97928286778767,0 33.77782750157863,34.97926834292095,0 33.77862964522138,34.97910799015647,0 33.7789286453842,34.97905367389858,0 33.77967428999253,34.97892563320126,0 33.77976884423093,34.97890500586745,0 33.7797568106354,34.97888826838717,0 33.77978713326142,34.97887528275628,0 33.77982087053241,34.97887823000893,0 33.77983152969462,34.97885199384141,0 33.77994178104714,34.97881047922034,0 33.77996706327497,34.97882840796481,0 33.77997397593468,34.97885519830765,0 33.78006519985951,34.9788352907234,0 33.78017694533562,34.97881599397042,0 33.78031612570506,34.97879241221666,0 33.78039378976716,34.97878042471364,0 33.78044957094649,34.9787704833812,0 33.78048544987094,34.97876622439479,0 33.7805803320283,34.97875976707146,0 33.78088262777752,34.97873839632138,0 33.781042452318,34.97873471643782,0 33.78129849198951,34.97871423080017,0 33.78154748936628,34.97868438381973,0 33.78182081730992,34.9786369627775,0 33.78202050227946,34.97855459393976,0 33.78211454546603,34.97851580211726,0 33.78229585879087,34.97842390886456,0 33.78244852756161,34.97833545128905,0 33.78256587757389,34.97825833003647,0 33.78273326463851,34.97812118174984,0 33.78285028374699,34.97800935025825,0 33.78294374089371,34.97790322502536,0 33.78296722788961,34.97787379783596,0 33.78304676048444,34.97789003572294,0 33.78305216983426,34.97787638425636,0 33.78306185268551,34.97780764758078,0 33.78308400639039,34.97770616005418,0 33.78310463909632,34.97761470412214,0 33.78310202314091,34.97753709042644,0 33.78306964515183,34.97745979847186,0 33.7830424885524,34.9774311359405,0 33.78296574827159,34.97735360541601,0 33.78289880285026,34.97733346436829,0 33.78282463433138,34.97731176174923,0 33.78271265886577,34.97728911024204,0 33.78264350281199,34.97724840248387,0 33.78265170999371,34.97721043209374,0 33.78268557423622,34.97720365070372,0 33.78271445289212,34.97719221595251,0 33.78281612193694,34.97716067849682,0 33.78280749891938,34.97714872740907,0 33.78273946468625,34.97712992105653,0 33.78272785039468,34.97710284568569,0 33.78274653072297,34.97708067696509,0 33.78283086358544,34.97705950921033,0 33.78289529828248,34.97701999995913,0 33.78303956745534,34.97702060207167,0 33.78307652882815,34.97703316632872,0 33.78310240155492,34.97704765356916,0 33.78345421609092,34.97697971694931,0 33.78350805977946,34.9769803881133,0 33.78352341558385,34.97697253696715,0 33.7835420953188,34.97691928777654,0 33.78362388755168,34.97689943478798,0 33.78365838726832,34.97689845405766,0 33.78369973762678,34.97692477224065,0 33.7837249416866,34.97694171457677,0 33.78374728642081,34.97695901068499,0 33.78388636198608,34.97699486129967,0 33.78391176714675,34.97699934311556,0 33.78393545802808,34.97700275070539,0 33.78395968514454,34.97700784135215,0 33.78420675983769,34.97697787877348,0 33.78428089571754,34.97695307651484,0 33.78432825620053,34.97694295703867,0 33.78437733373904,34.97693018354084,0 33.78453346975348,34.97689174591121,0 33.78460037558803,34.97686180440454,0 33.78479133300819,34.97682950353466,0 33.78486500144356,34.97678902765531,0 33.78490257068469,34.97673684601202,0 33.7850827813214,34.9767465699213,0 33.78517459166055,34.97672984749038,0 33.78521567153182,34.97671619872865,0 33.78523796770206,34.97672184154729,0 33.7852567609138,34.97673681850062,0 33.78526649069391,34.97674880732567,0 33.78526465157245,34.97676895924954,0 33.78528314288506,34.97677812140236,0 33.78544397661275,34.97675531228522,0 33.78545831103227,34.97674144613563,0 33.78548190438148,34.97672007450767,0 33.78551626395024,34.97671027664006,0 33.785589152775,34.97667548239829,0 33.7856931600345,34.97665159203779,0 33.78571104979417,34.97664764712261,0 33.78573499440447,34.97664012952774,0 33.78575348211374,34.97662082174467,0 33.78582936493358,34.97657961433903,0 33.78588959799055,34.97657599028254,0 33.78591285787677,34.97656306145991,0 33.7859247088154,34.97655107182379,0 33.78593819044399,34.97653736617871,0 33.78597643433815,34.97652665155296,0 33.78601562623371,34.9765211697282,0 33.78610470772151,34.97650199712289,0 33.78635164685824,34.97648903151515,0 33.78640750045996,34.97648232392316,0 33.78642235748634,34.97648992567603,0 33.78639408413035,34.97650743373745,0 33.78633940961878,34.97651834323594,0 33.7862772062156,34.97654588726292,0 33.78627676562175,34.97657426625682,0 33.78635059152833,34.97657110200458,0 33.78649238741289,34.97660175075639,0 33.7866697016408,34.9765651319586,0 33.7867590675141,34.97656425549525,0 33.78683533596651,34.97652678578449,0 33.78705679089092,34.97654240508668,0 33.78731697447976,34.97651729992067,0 33.78749037003478,34.97644089941857,0 33.78754454295674,34.97639706443694,0 33.78754973830461,34.97637006980337,0 33.78757700888854,34.97635080123035,0 33.78759978395914,34.97630465495696,0 33.78766128476037,34.9762461155939,0 33.78767956578069,34.97617210907485,0 33.78772420816014,34.97612685753689,0 33.78785386961324,34.97611290091749,0 33.78792842301528,34.97613085985441,0 33.78796934765046,34.97613081062594,0 33.78825664303125,34.97607005734286,0 33.78843400763551,34.97607317846987,0 33.78860654973112,34.97602790733747,0 33.78879202074544,34.97601987002074,0 33.78887877239384,34.97598169995135,0 33.78922961630148,34.97589462520073,0 33.78930371416843,34.97586053028485,0 33.78944670661372,34.97584356477005,0 33.78951456539848,34.97581483306809,0 33.78959778616301,34.97581492382162,0 33.78976897358793,34.97588841416188,0 33.78993807448957,34.9759080103861,0 33.79007556979781,34.97588083095171,0 33.79023829791863,34.97589595219851,0 33.79057221502492,34.97591659310372,0 33.79083285780146,34.97586667084969,0 33.79093880158388,34.97583146612657,0 33.79101685993319,34.97582893851052,0 33.79121230556176,34.97586403671615,0 33.79137453553264,34.97586947862825,0 33.79169779233528,34.97585775347276,0 33.791991761378,34.9758126322536,0 33.79222864209927,34.97568687381619,0 33.79233146311309,34.97564817278904,0 33.79239752209239,34.9756118929721,0 33.79247566367599,34.97553504329253,0 33.79254130790133,34.97539104587549,0 33.79258388867832,34.9754012999277,0 33.79262848896037,34.97539758257425,0 33.79266024885236,34.97537851341965,0 33.79278132681536,34.97545262406538,0 33.79288556375467,34.97551123768498,0 33.79302354246202,34.97558459232244,0 33.79314783617885,34.97564482794972,0 33.79324480267783,34.97568852186988,0 33.7933889334716,34.97574940015691,0 33.79352332165608,34.97581896204416,0 33.79354507412405,34.97581430116261,0 33.79339704433376,34.97573762713522,0 33.79326747862621,34.975683324981,0 33.7931559482999,34.97563306935799,0 33.79303216952289,34.97557308366969,0 33.79288148740491,34.97549257193226,0 33.79279115848759,34.97544179263001,0 33.79267414441371,34.97537017037627,0 33.79271382002598,34.97534634872299,0 33.79280946623086,34.97539048789475,0 33.79300571309578,34.97542126027133,0 33.79312622927356,34.97546080187296,0 33.79323372795294,34.975473211466,0 33.79342501586816,34.97544555964924,0 33.7935008088516,34.97538737827082,0 33.79354970966272,34.9753627749395,0 33.79363061639007,34.97535473749453,0 33.79371361067925,34.97532130287534,0 33.79376675594719,34.97528601714351,0 33.79378431056885,34.97528373000979,0 33.79390587588784,34.97533324249665,0 33.79397404561504,34.97533534774258,0 33.79406362245636,34.97531677001527,0 33.7941108957689,34.9752756093371,0 33.79416212585571,34.97526089693297,0 33.79427879410459,34.97525348149502,0 33.79445192090534,34.97526927724193,0 33.79456149941529,34.97525914962823,0 33.79460789648535,34.9752542849265,0 33.79469209777294,34.97522568227021,0 33.79482183295728,34.97519809756173,0 33.79492926732261,34.97519842188385,0 33.79502757229276,34.97517988546225,0 33.79526164887429,34.97517821744545,0 33.79540392285286,34.97514949535587,0 33.79549660347831,34.97509747226779,0 33.79552329463855,34.97503426238386,0 33.79552746559592,34.97500070471695,0 33.79553177576317,34.97497599429704,0 33.7955234657151,34.97493202157528,0 33.79551914204898,34.97490391985739,0 33.79552019326619,34.97487718280332,0 33.79553556934425,34.97482810079851,0 33.79555323390622,34.97481794615656,0 33.79558787357814,34.97481489962001,0 33.79562686371705,34.97482335980641,0 33.79574074987836,34.97486443046944,0 33.79580610567263,34.97489979592331,0 33.79587805028547,34.97493261406235,0 33.79596744983129,34.9749367766592,0 33.79619870979133,34.97493156476697,0 33.79650403129465,34.9748742073219,0 33.79666834822981,34.97481374503521,0 33.79675037138968,34.97476955198492,0 33.79687202484914,34.97472054222667,0 33.79691827809725,34.97469793710236,0 33.79692277028092,34.97465305838084,0 33.79694135100481,34.97459211976645,0 33.79695575431584,34.97453032429093,0 33.79697015623101,34.97450885753386,0 33.796984716545,34.97448622061748,0 33.79701488565438,34.97444902276642,0 33.79705067568901,34.97442389473865,0 33.79712364363815,34.97441799022207,0 33.79713366557699,34.97450135005893,0 33.7971360961158,34.97475219778937,0 33.79716880102434,34.97485949686526,0 33.79720498998226,34.97491790266688,0 33.79725120941499,34.97497452633205,0 33.79729027662562,34.97500628220033,0 33.79730767800895,34.97500243794235,0 33.79726273192434,34.97496488951206,0 33.79721670571795,34.97490153561963,0 33.79718419014346,34.97481378401197,0 33.79717539017897,34.97472261813627,0 33.79718670669815,34.97461803984314,0 33.7971934751437,34.97454656924165,0 33.79718989872872,34.97448556332144,0 33.79716279892429,34.97440235887181,0 33.79717984526877,34.97438788042352,0 33.79719786521319,34.97437600694168,0 33.79723712764056,34.97435877848181,0 33.79728136502557,34.97435035378531,0 33.79735879171076,34.97433027776152,0 33.79744280193411,34.97431085794125,0 33.79752210471757,34.97428866201592,0 33.79761427241626,34.97425886114133,0 33.79773300327554,34.97426997788958,0 33.79781224967775,34.97427201903356,0 33.79787650836417,34.97424683802439,0 33.79798237649899,34.97420481668664,0 33.79799517244023,34.97419868148681,0 33.79801536713342,34.97418579483951,0 33.79806195981478,34.97415071706063,0 33.79807046805382,34.97414612619028,0 33.79810956812258,34.97413544629831,0 33.79816074616577,34.97412962758751,0 33.79823432127089,34.97413204646438,0 33.79832661074703,34.97411258332755,0 33.79846554862901,34.97407317725648,0 33.79858053029397,34.97405287964581,0 33.79867473969379,34.974050715037,0 33.79873426658028,34.97405322961539,0 33.79878321291577,34.97404810948624,0 33.79888353480379,34.97397846614468,0 33.79899511460238,34.97393649378669,0 33.799240235201,34.97390205522384,0 33.799454637402,34.97385538447847,0 33.79956253304201,34.97379687079964,0 33.79964887274923,34.97374412011977,0 33.79972789492675,34.97364360542829,0 33.79975161448075,34.97364121103036,0 33.79979452727356,34.97370849024566,0 33.79983758027554,34.97377599116722,0 33.79993639414675,34.97390897483852,0 33.80000007341875,34.97402060043562,0 33.80002395969061,34.97406259350207,0 33.8001468112565,34.97425294786424,0 33.80016202824937,34.97424770599787,0 33.80003866074259,34.97405655100025,0 33.80001567133142,34.97401613218474,0 33.79995184166975,34.9739039081546,0 33.79986468227676,34.9737383044265,0 33.79981831789867,34.97365021027078,0 33.79986773572877,34.97366264319938,0 33.79992282822224,34.97367032980391,0 33.79997919880835,34.97368005414484,0 33.80008553730681,34.97368602391106,0 33.80015904801293,34.97367555200598,0 33.80022479112038,34.97362521898702,0 33.80029351996139,34.97362988420082,0 33.80038546188049,34.97357187786451,0 33.8004891280195,34.97349386237977,0 33.80055118793017,34.97346693401909,0 33.80069631501049,34.97347318205555,0 33.80085668315198,34.97343280265915,0 33.80103949669949,34.97330890526037,0 33.80114844915904,34.97325171187409,0 33.80125836517652,34.97323961185609,0 33.80148782639112,34.97319406677742,0 33.80162877524684,34.97319413062369,0 33.80175860405904,34.97321055244803,0 33.80187176389688,34.97322646134034,0 33.80192152170267,34.97322444713081,0 33.80197073690356,34.97320721181325,0 33.80206327315658,34.97315574806908,0 33.80212673370175,34.97315248857134,0 33.80227038384893,34.97318857907165,0 33.80234774638421,34.97318159135576,0 33.80241144607344,34.97326651603647,0 33.80246674638828,34.97335299882521,0 33.80252368517971,34.97346576193323,0 33.80259860470967,34.97354834623405,0 33.80261581653582,34.9735463449355,0 33.80256568246556,34.97342302746011,0 33.80251062097359,34.97332298516118,0 33.8024679096678,34.97327039392081,0 33.80240503101732,34.97319296981482,0 33.80246636145937,34.97313625037603,0 33.80251026319587,34.97312755647992,0 33.8027142426338,34.97319636702624,0 33.80284689979622,34.97317368602519,0 33.80290714244866,34.97315545168079,0 33.80300222696046,34.97312312695887,0 33.80302117118868,34.97311294204193,0 33.80306254382587,34.97306358712923,0 33.80313535670106,34.97305127918353,0 33.80326430697493,34.97303031597868,0 33.80329845398645,34.9730195400888,0 33.80333038219886,34.97300875002315,0 33.80338287908815,34.97297694921478,0 33.80344622128878,34.97293478983324,0 33.80348553957167,34.97291530098233,0 33.80352061713946,34.9728950866085,0 33.80363404282974,34.97284774887581,0 33.80370103634269,34.97284566403956,0 33.80377978995606,34.97285119748926,0 33.80384622239112,34.97285052968419,0 33.80407589597863,34.9728551025498,0 33.80414940829525,34.97284492568765,0 33.80429279424138,34.97280410707763,0 33.80439427032331,34.97277743489107,0 33.804432858906,34.97276633900986,0 33.80460218027179,34.97271384273408,0 33.80478815726346,34.97260588889355,0 33.80484830768345,34.97255984236364,0 33.80484803131011,34.97254614289459,0 33.80480224777397,34.97254476973333,0 33.80476533616433,34.97253820157284,0 33.80473181273821,34.97252849750707,0 33.80473113600902,34.97251416970978,0 33.80485521443407,34.97246850175264,0 33.80489399166738,34.97245700966155,0 33.80492858944835,34.97245407432226,0 33.80497227279476,34.97245591836899,0 33.80499368672893,34.9724602428573,0 33.80498198170478,34.97249519567081,0 33.80498066982815,34.97252284493889,0 33.80504595733269,34.97253983080348,0 33.80509285170837,34.97255120747136,0 33.80512330435266,34.97255350334873,0 33.80515645131744,34.97255293202396,0 33.80518030391037,34.97254549414842,0 33.80520729277907,34.9725324576002,0 33.80524178658692,34.97250200127508,0 33.80525419637887,34.9724749562648,0 33.80527951062337,34.97242217900595,0 33.80531134157867,34.97242152983192,0 33.80534743431721,34.97241660137619,0 33.80537995671246,34.97240704806292,0 33.8054391988647,34.97237308604417,0 33.80546728955918,34.97235537918099,0 33.80550030432219,34.97233393038171,0 33.80553825340623,34.97231806457131,0 33.80557613289259,34.97230594092785,0 33.80557674272774,34.97234663966005,0 33.80559626274016,34.97237283108191,0 33.80563252811002,34.97237513604353,0 33.80565855786065,34.97235172972794,0 33.80563434987518,34.97229892940307,0 33.80567909943876,34.97229593190678,0 33.80576377135385,34.97229138139191,0 33.80581006791101,34.97228477068111,0 33.80583641886609,34.97227996802109,0 33.80587158829562,34.97226709517751,0 33.80592377324345,34.97225703624567,0 33.80595687183742,34.97225601161939,0 33.80599437165407,34.97225734468206,0 33.80602666014015,34.97226137596539,0 33.80606525879963,34.97226655790719,0 33.80613990674525,34.97226976442514,0 33.80617178429092,34.97226828903307,0 33.80619960580376,34.97226235789249,0 33.80622139963533,34.97225538418229,0 33.80624483507881,34.97224137945538,0 33.8062555617901,34.97223058155941,0 33.80626903437618,34.97221380175969,0 33.8062862978457,34.97219330645072,0 33.8063104467908,34.9721729970799,0 33.80634159673573,34.97216644978257,0 33.80637526642531,34.97216179941979,0 33.80642902341294,34.97214712277019,0 33.80649767457924,34.9721270884019,0 33.80658299359942,34.97209909388123,0 33.80664103279769,34.97207196197615,0 33.80667800051199,34.97205555427821,0 33.80676256032208,34.9720280992064,0 33.80687170636902,34.97199279175882,0 33.80691777450636,34.97197330112035,0 33.80697775371456,34.97202072548689,0 33.80700412083986,34.97203824206397,0 33.80703529824776,34.97205895548555,0 33.80717297754884,34.97214587924093,0 33.80720081781612,34.97213807643792,0 33.80713932107954,34.97207406657211,0 33.80708077208,34.97202576653443,0 33.8070476332312,34.97200068264586,0 33.80696430903694,34.97193761188804,0 33.80702246194795,34.97184729532162,0 33.80708553508772,34.97177553021623,0 33.80708789924768,34.97174749895028,0 33.80707717062895,34.97174379518771,0 33.80705421051915,34.97173757127253,0 33.80703319940892,34.97171893111786,0 33.80702269266459,34.97170089269334,0 33.80699156628206,34.97166247901063,0 33.8070242425574,34.97163472404215,0 33.80702023214508,34.97162107643642,0 33.80699566889729,34.97159777079166,0 33.8069576121981,34.97160282455973,0 33.80694204485332,34.97159547341942,0 33.80693255592936,34.97157134105959,0 33.80694159767723,34.97153558548221,0 33.80697671462329,34.97150501816047,0 33.80701224977661,34.971479801472,0 33.80705263780744,34.97149551219838,0 33.80707591160876,34.97155091538872,0 33.80710700094082,34.97160799100866,0 33.80713110431729,34.97162661059755,0 33.80717741868084,34.97163235746188,0 33.80722181914305,34.97162138972676,0 33.80728413690557,34.97165258669702,0 33.8073102178013,34.97167196380139,0 33.80733146881781,34.97165746139244,0 33.80739227740257,34.97161553945489,0 33.8074530839013,34.97159126513584,0 33.80748396581203,34.9715437136821,0 33.8075149596981,34.97151538566172,0 33.80759176013365,34.97151058154834,0 33.80758172072745,34.97154663766394,0 33.80756123205278,34.97160343600708,0 33.80759055893948,34.97161513045459,0 33.80763890861414,34.97159740373669,0 33.80767881851535,34.97158636564571,0 33.80773463244922,34.97157168104943,0 33.8078641317756,34.97157030398725,0 33.80798555341492,34.97156475566659,0 33.80815681241153,34.97149807514131,0 33.80822018531665,34.97142395660167,0 33.80822238469514,34.97136380587821,0 33.80821255751172,34.9712967998174,0 33.80820031643498,34.97124837237777,0 33.80820308263863,34.9712140421265,0 33.80821403047212,34.97118488104207,0 33.80834229722421,34.97114638566209,0 33.80853808406499,34.97109024907239,0 33.80863878480169,34.97111095166259,0 33.80870320550871,34.97112680196779,0 33.808791021767,34.97114828070978,0 33.80885586762103,34.97113563480777,0 33.80889342843749,34.97113497808095,0 33.80893690014265,34.97114086580167,0 33.80896698841575,34.9711242995214,0 33.80899400748822,34.97110508823738,0 33.80905646219945,34.97108303130406,0 33.80908281232158,34.97110370515326,0 33.80911899356939,34.97113247027136,0 33.80918603162423,34.97113930509275,0 33.80924199223532,34.97112678850186,0 33.80927534585556,34.97110442600865,0 33.80930725842715,34.97107583631519,0 33.80929936550599,34.97105215231922,0 33.8092831613262,34.97100355579924,0 33.80928751514005,34.97097281153566,0 33.8093131694507,34.97095324691306,0 33.80936265900584,34.97095696436379,0 33.80939332195996,34.97094706992586,0 33.80941374128226,34.97089549986713,0 33.8094101357775,34.97084067363245,0 33.80943008516832,34.97081925857524,0 33.80950561622772,34.97079058179472,0 33.8095455614652,34.97078620601574,0 33.80959291531349,34.97079390467806,0 33.80963393584706,34.97078073213739,0 33.80967529522474,34.97078274323064,0 33.80971502101824,34.97078322110212,0 33.80978277890446,34.97077587626156,0 33.80982288706504,34.97076691658107,0 33.80985893193728,34.97073519836528,0 33.8098971623487,34.97063248381907,0 33.80992801822003,34.97063553208236,0 33.8099324074273,34.97067538079922,0 33.80997656758603,34.97072663829346,0 33.81002887992851,34.9707276693989,0 33.8100725119967,34.97070915020615,0 33.81010918611427,34.97068085033951,0 33.81015244662659,34.97060891746065,0 33.81018041708044,34.97057871869691,0 33.810309070345,34.97055486553849,0 33.81040943146625,34.97055033780754,0 33.81050990193834,34.9705411264845,0 33.81063635174843,34.97050504215144,0 33.81067808028246,34.97052130429716,0 33.81069399301779,34.97051590683978,0 33.81075277019648,34.97046756889882,0 33.810769083617,34.97046949714837,0 33.81077706265376,34.97048132434328,0 33.81081779933193,34.97057139979403,0 33.81082040032908,34.97059864981339,0 33.81083910945862,34.97062143850868,0 33.81088781161909,34.97062194259416,0 33.81093789885275,34.97058631826501,0 33.81094783617631,34.97054684264296,0 33.81091293165695,34.97050077075359,0 33.81088065313376,34.97049336945845,0 33.81083610057564,34.97050945950039,0 33.81082178564778,34.97050253316718,0 33.81080427275465,34.97043666753116,0 33.81081655797734,34.9703831955089,0 33.81088185549874,34.97030091226878,0 33.81096855691244,34.97026041924076,0 33.81114197241368,34.97014964160454,0 33.81123438924206,34.97012032003644,0 33.81131322084369,34.97010121910975,0 33.81136507538782,34.97009384262737,0 33.8114385753055,34.97008608532138,0 33.81157282532079,34.97008243890309,0 33.8116354582661,34.9700998049447,0 33.81171027877777,34.97013988953056,0 33.81178465762896,34.97018181768321,0 33.81181033411836,34.97021297873957,0 33.81180663278111,34.97023261797312,0 33.81175245028928,34.97024189954276,0 33.81169401241055,34.9702420783383,0 33.81156631577108,34.97026179724715,0 33.81141612695983,34.97028043319817,0 33.81135864745337,34.97030706606091,0 33.81134978032915,34.97031845591891,0 33.81135890578632,34.97032993288325,0 33.81141951532342,34.97031088693175,0 33.81150042197354,34.97032685094633,0 33.81155330054377,34.97029560654904,0 33.81171689585833,34.97035831429775,0 33.81178286305421,34.97036620227518,0 33.81184074073291,34.97034108991852,0 33.81184199685302,34.97031412962622,0 33.81180382859684,34.97028802782133,0 33.81174235099534,34.9702701313327,0 33.81182925096288,34.97025513700494,0 33.81201504810557,34.97021870404829,0 33.81205641864256,34.97021532297721,0 33.81210187887602,34.97022245011871,0 33.81211074543059,34.97027647489167,0 33.81203440980115,34.9703020443248,0 33.81201401940237,34.97032307515254,0 33.81202652540656,34.97035031119196,0 33.81206233766036,34.97037568232091,0 33.81211170507481,34.97038258141572,0 33.81212759408826,34.97037812138697,0 33.81215159142361,34.9702443552191,0 33.81218997812202,34.97016943542667,0 33.81224805486492,34.97017139332627,0 33.81230106884396,34.97017586752276,0 33.8123343047429,34.97017597871507,0 33.81236756942376,34.97014573051533,0 33.81239820436892,34.97013639437794,0 33.81241421320334,34.9701407492135,0 33.81242761788662,34.9701652767988,0 33.81241444867464,34.97024778000871,0 33.81242170327549,34.97026052235614,0 33.81246339283609,34.97028390521685,0 33.81247967804776,34.97028075853706,0 33.81249959017363,34.97026010040639,0 33.81251625728252,34.9702590334031,0 33.81262880062638,34.97028724234338,0 33.81262964588922,34.9703007577035,0 33.81258107281695,34.97030887084621,0 33.81259066581309,34.97031999304183,0 33.81264020326672,34.97032858541795,0 33.81270627698549,34.97032729591729,0 33.81290380110334,34.97030053627835,0 33.81301318140234,34.9702698234187,0 33.81348264739288,34.97005478705651,0 33.81360339413104,34.96998125308563,0 33.81367433693841,34.96992423286543,0 33.81369644599818,34.96988769516047,0 33.81369767424317,34.96987348084939,0 33.81367940445562,34.96985088796065,0 33.81361418937853,34.9698415176744,0 33.81359473789131,34.96979022306493,0 33.81362105077189,34.96973917169228,0 33.81367224994572,34.96970432301103,0 33.81368189307519,34.96963634683757,0 33.81370669761016,34.96961881063209,0 33.81373709777217,34.96962784628648,0 33.81381480217804,34.96967989527835,0 33.81381651319332,34.96970674556447,0 33.81381350689472,34.96971434469195,0 33.81380088348627,34.96974625956395,0 33.81381068751383,34.96979974610029,0 33.81377412982241,34.96982691594019,0 33.8137613620327,34.96985132130149,0 33.81377824443427,34.9698742479795,0 33.81387434801154,34.96989772541127,0 33.81392970125158,34.96989503781316,0 33.8139315575618,34.96989494785058,0 33.8139419368267,34.96989432482178,0 33.81396803992914,34.96988573708193,0 33.8139810317742,34.96987767710579,0 33.8139369035772,34.96981280609942,0 33.81395409464274,34.96980914656364,0 33.81414303457824,34.96976893045368,0 33.81426451027223,34.96968893510744,0 33.81413073148504,34.96957964750042,0 33.81429516868221,34.96950794993774,0 33.81435136600946,34.96938975546013,0 33.81458260099915,34.96933430439442,0 33.81474624685851,34.96953402069006,0 33.81486985338056,34.9694897131381,0 33.81501545522713,34.96948359442763,0 33.81515755461155,34.96945675511176,0 33.81525100628068,34.96942666727649,0 33.81532844742379,34.96939305602309,0 33.81540119556289,34.96935296541297,0 33.81547779369111,34.96929960552193,0 33.81551323911437,34.96915741485565,0 33.81529906219522,34.96915656342777,0 33.81563012182247,34.96895343063243,0 33.81575830986036,34.96890792319367,0 33.81576075322793,34.96894396732955,0 33.81585771778703,34.96897536974405,0 33.81596716667101,34.96893342231895,0 33.81606255744781,34.96893332757248,0 33.81612338896635,34.96891004931942,0 33.8162666177576,34.96883868272825,0 33.81634456458411,34.96870536436383,0 33.81622282490914,34.96869988639632,0 33.81613747056709,34.96864722692334,0 33.81635368239948,34.96857308015496,0 33.81641540705179,34.96842022115125,0 33.81651946250253,34.968321831305,0 33.81671871564566,34.96836055868396,0 33.81684888456217,34.96834156771538,0 33.81704242870251,34.96830609988277,0 33.81723345390484,34.96826234138224,0 33.81746633085788,34.96819665912399,0 33.81764148536496,34.968137799281,0 33.81776164698688,34.9680924330183,0 33.81793011045718,34.96802156338233,0 33.81833892089082,34.96787526830367,0 33.8184402475534,34.96800475316032,0 33.81848407959937,34.96798542916824,0 33.81889084753334,34.96780610244783,0 33.81893077695597,34.96769547466387,0 33.81879422507448,34.96748495380018,0 33.8184865004838,34.96762111163297,0 33.81829361585838,34.96774139644541,0 33.818273829684,34.96772055416776,0 33.81824919430696,34.96774173182114,0 33.81821550681091,34.96776658507854,0 33.81814648952847,34.96780971338826,0 33.81813760949031,34.96779985780259,0 33.81805351229135,34.96781089862202,0 33.81805043140795,34.96780279775257,0 33.81814867566991,34.96779059797191,0 33.81821045657278,34.96774984403215,0 33.8182859611559,34.967671968033,0 33.81835294663093,34.96764697149742,0 33.81884386648569,34.96743037277121,0 33.81897656625162,34.96767853502271,0 33.81898202123545,34.9676765151522,0 33.81901053039933,34.96768260564764,0 33.81903199045151,34.9676911774614,0 33.81914032755846,34.96742556104512,0 33.81925138545996,34.96740592301813,0 33.81934775834615,34.96733935066874,0 33.81933209872662,34.96729438446945,0 33.81922002947424,34.9672596018964,0 33.8192439885457,34.96715183101163,0 33.81944526883156,34.96704515328577,0 33.81964700375428,34.96705409487073,0 33.81992673618769,34.9669354390252,0 33.81993871461007,34.96692578166505,0 33.81998329884123,34.966889838334,0 33.81990464595991,34.96681195110288,0 33.82009788179986,34.96666583172632,0 33.82030641460536,34.9666592717945,0 33.82036463477782,34.96657073050562,0 33.82044231318743,34.96655074449112,0 33.82057047289388,34.96657277417021,0 33.82073332704329,34.96651786902893,0 33.82089804540013,34.96651045940932,0 33.82095529347669,34.9665335403917,0 33.82115715142581,34.9664852396814,0 33.82116648857081,34.96651476593388,0 33.82093452204859,34.96664524991385,0 33.82094249592149,34.96667928338985,0 33.82116594217643,34.96662889330266,0 33.82127912123767,34.96659176182296,0 33.82140646750724,34.96645722998157,0 33.82146774545235,34.96642207820039,0 33.8215072687803,34.96642200734875,0 33.8215228574367,34.96637980015964,0 33.82150381249425,34.96635790055659,0 33.8213885858655,34.96638468539031,0 33.82136743645746,34.96641370031089,0 33.82130367023658,34.96642302840788,0 33.82128100404604,34.96644928356631,0 33.82122161267733,34.96646073277663,0 33.82121402052693,34.96642666518809,0 33.8214560687106,34.96605725383264,0 33.82192162417005,34.96595919259167,0 33.82199185517163,34.96600778500637,0 33.82207290447604,34.96613789896404,0 33.82210417885743,34.9661488790477,0 33.82216643505165,34.96610406719053,0 33.82229273412833,34.96621826237791,0 33.82244099387015,34.96623385769633,0 33.82280517388493,34.96614724951893,0 33.82281835838899,34.96621412976895,0 33.82272703395836,34.96625996727811,0 33.82275176919055,34.96629986697101,0 33.82288852993843,34.96634759346088,0 33.82303357779871,34.96632294784556,0 33.8230527022962,34.9663196975825,0 33.82308150219288,34.96631480428878,0 33.82309386090118,34.96615731700197,0 33.82305417987927,34.96615529277946,0 33.8230424521761,34.96609351272427,0 33.82309513506317,34.9660788873894,0 33.82311538078007,34.96601750448278,0 33.82322132947493,34.96597385710776,0 33.82324305150249,34.96592105001583,0 33.82320736352577,34.96589839545297,0 33.82322790111026,34.96586620241721,0 33.82331746522167,34.96585298644884,0 33.82332832393519,34.96589585827483,0 33.82336736232301,34.96590589661417,0 33.82350566102475,34.96582940345004,0 33.82385813174557,34.96567193578717,0 33.82379551676998,34.96561164669247,0 33.82382265072923,34.96556265447136,0 33.82416150156475,34.96528919681587,0 33.82422189760022,34.96534888783211,0 33.82421802405945,34.96537867837998,0 33.82418555740532,34.96540007713931,0 33.82412441384216,34.96540449881221,0 33.82408544259994,34.96547058897482,0 33.82411053535601,34.96547671498188,0 33.82415951547368,34.96543803158689,0 33.82424216191485,34.96542831244884,0 33.82423854799293,34.96541459962712,0 33.82434183510072,34.96531373038636,0 33.82437535859449,34.96525912581558,0 33.82440180744162,34.96526180821998,0 33.82443499109183,34.96524269409399,0 33.82441120865168,34.96522854580412,0 33.8244225121836,34.96517695400647,0 33.82445294339562,34.96516072050873,0 33.82453947159014,34.96516721175222,0 33.82454338113063,34.96509599887263,0 33.82458535655407,34.9650522122604,0 33.82457533610048,34.96502366081843,0 33.82471391321592,34.96497521058416,0 33.82473352977507,34.96498995949623,0 33.82473093799766,34.96500886685531,0 33.82479112199605,34.96504738061497,0 33.82483553754823,34.96510832463795,0 33.82485580927199,34.96511906235268,0 33.82490143871163,34.96509299489055,0 33.82491149480889,34.96505572126124,0 33.82489858417959,34.96501631407651,0 33.82491644551813,34.96498430659585,0 33.82491809286722,34.96495092824804,0 33.82489281775958,34.96485722803759,0 33.82493108644739,34.96482306189709,0 33.82502838091867,34.96481007790785,0 33.82508731959447,34.96476533397247,0 33.82510637389475,34.96479739354261,0 33.8250926407604,34.9648146585353,0 33.8252324912943,34.96489327044922,0 33.82534883132576,34.96492139497197,0 33.82532052802791,34.96503023046877,0 33.8252863406389,34.96503777676774,0 33.82526457927392,34.96505429499108,0 33.82522810265513,34.96506624845532,0 33.82524303448744,34.96508498716902,0 33.82525947868204,34.96508834761997,0 33.82534154850509,34.96505338972618,0 33.82536673332061,34.96502808300009,0 33.82535900186964,34.96501150830501,0 33.82537600636574,34.96500162605758,0 33.82538103913826,34.9649613623311,0 33.82540662846154,34.96494582223025,0 33.82542952974765,34.96494328867966,0 33.825474147267,34.96495500559245,0 33.825488578576,34.96494283503647,0 33.82551826081338,34.96493427187737,0 33.82552527538284,34.96492260423614,0 33.82549368993639,34.96489305468202,0 33.82547383927449,34.96488521672241,0 33.82543032326793,34.96488375477144,0 33.82542285085621,34.96487390186862,0 33.82542526645254,34.96486255484097,0 33.82540562052725,34.96485624155024,0 33.82538265391137,34.96485815447498,0 33.82536900070831,34.96484757287848,0 33.82538486380941,34.96482258459819,0 33.8253807155014,34.96481881969704,0 33.82535694440084,34.96482611403955,0 33.82533225176107,34.96481641872608,0 33.82530629144819,34.96478786389845,0 33.82531071412087,34.9647801169493,0 33.82534735150423,34.96477263421804,0 33.82537621795068,34.96477870276925,0 33.82539360051378,34.9647728949862,0 33.82546786644574,34.96477465633211,0 33.82547616742561,34.96476842891796,0 33.82547391568422,34.96476106805994,0 33.82542068327915,34.96476379155138,0 33.82539882756866,34.96475800978143,0 33.82535011022351,34.96476012475673,0 33.82529849494442,34.96474885647596,0 33.82529665923656,34.96472314386998,0 33.82530702663206,34.96470066548947,0 33.82533060891222,34.96471287064356,0 33.82533287897777,34.96472555415232,0 33.82536574056193,34.9647350749625,0 33.82536545465982,34.96470623928724,0 33.82535471768637,34.96470442021822,0 33.82535402209918,34.9646948935322,0 33.82533275169015,34.96469626489566,0 33.82532718280777,34.96468481709134,0 33.8253356103961,34.96468062328818,0 33.82531218507609,34.96465699000863,0 33.8253052876176,34.96463949922609,0 33.82534844554117,34.96458441336711,0 33.82538814013637,34.96460565822672,0 33.82537544067193,34.96462455317003,0 33.82541000399198,34.96468267585639,0 33.82548291131109,34.96470870583063,0 33.82551297121894,34.96474042281127,0 33.82554019582454,34.96478912612707,0 33.82555935315478,34.96480655068081,0 33.82552152461997,34.96483959538696,0 33.82558919085901,34.96484929328501,0 33.82558574898609,34.96489957789528,0 33.82563286861797,34.9649309499127,0 33.82566896766272,34.96491771800387,0 33.82578568745258,34.96481419713932,0 33.82573024295484,34.96477695597499,0 33.82569158380656,34.96471934438112,0 33.82569969863264,34.96470427817886,0 33.82580673856671,34.96471349010616,0 33.82577682799051,34.96463195265711,0 33.82579680977993,34.96455901333801,0 33.82579632547682,34.96446393145384,0 33.82581738049154,34.96443760889384,0 33.8259430643549,34.9644357067473,0 33.82605241484631,34.96442173043322,0 33.82605504554767,34.96441142394924,0 33.82608655418834,34.96440092103395,0 33.82609283055442,34.96439415569243,0 33.82606556724283,34.96437019711879,0 33.82606819794103,34.96435989063448,0 33.82608483471605,34.96436237620743,0 33.8261238486815,34.96434078727938,0 33.82613385905415,34.96434287353118,0 33.82612162096677,34.9643581868516,0 33.82613902575909,34.96436475234157,0 33.82615766999754,34.96435080432936,0 33.82617067774171,34.96435086096482,0 33.82618711340326,34.96433276710625,0 33.82622813731318,34.96431866592952,0 33.82634459397944,34.96430196474787,0 33.82632689849637,34.96428924019,0 33.82632160668098,34.96427289954475,0 33.82630361670067,34.96427359343838,0 33.82628337211164,34.96425955755322,0 33.82628796231069,34.96425280367406,0 33.82631143721438,34.964247332897,0 33.82630348305174,34.96423007200724,0 33.82633625541338,34.96421675617092,0 33.82636557910622,34.96421526763743,0 33.82636180870649,34.96419439701702,0 33.82632235070091,34.96417392787249,0 33.82631979457941,34.96415272448406,0 33.82633734521579,34.96415026232478,0 33.82636698973685,34.96415619194052,0 33.82639642718065,34.96414247962915,0 33.82641792704408,34.96414881800387,0 33.82643587386684,34.96414317479469,0 33.82644265011481,34.96413549021007,0 33.8264801668105,34.96413764704639,0 33.82647400498472,34.96414599989677,0 33.8264252502529,34.96416507090666,0 33.82641911677534,34.96417624765044,0 33.82643567541629,34.9641833858374,0 33.8264605916624,34.96416857662508,0 33.8264753637057,34.96416866629158,0 33.82648372536355,34.96415312061473,0 33.82649309433999,34.96415239883125,0 33.8264956400355,34.96416165602034,0 33.82659762099047,34.96416578443193,0 33.82660088373931,34.96414068344814,0 33.82664263107294,34.96412536482393,0 33.82666140115987,34.9640997589616,0 33.82666126553197,34.96408625599775,0 33.82675428334296,34.96405837344543,0 33.82683628348615,34.96401272170274,0 33.82688061457881,34.96401536024143,0 33.82692078254023,34.96401167133326,0 33.82695956188886,34.96400229681657,0 33.82699921205459,34.96398576283999,0 33.82703579289038,34.96396213409405,0 33.82706473301075,34.96393436315423,0 33.82708670471082,34.96390255722099,0 33.82710135929947,34.96386623101489,0 33.82712621936708,34.9638637216648,0 33.82715601523854,34.96388177389984,0 33.82722910672152,34.96382755345912,0 33.82717096016768,34.96382073740764,0 33.82728280041032,34.96373091809018,0 33.82729187321272,34.96370095501437,0 33.82740642445931,34.96361529150345,0 33.82751840061967,34.96356485325028,0 33.82756883892873,34.96357029745045,0 33.8275882313521,34.96366237681183,0 33.82757862588637,34.96370861202239,0 33.82759052800558,34.96373636617481,0 33.8275848726386,34.96374400081886,0 33.82758899746608,34.96375620652292,0 33.82760398591374,34.96375571948418,0 33.82761145810561,34.96373156149796,0 33.82762294001443,34.96372765319879,0 33.82761481182469,34.96370552150924,0 33.8276202777807,34.96368329807967,0 33.82762878557696,34.9636713136651,0 33.82763685631353,34.96366911242821,0 33.82762249319951,34.9636522955233,0 33.82763028329614,34.96362294870838,0 33.82767262008659,34.96358397565935,0 33.82769433223859,34.9635241071696,0 33.82766890137828,34.96347093377928,0 33.82776876145588,34.96341026223722,0 33.82782211394105,34.96341423881993,0 33.82784868427753,34.96338713736321,0 33.8279000221714,34.96341322548799,0 33.82792860671273,34.96345933017749,0 33.82791191811823,34.96350915350357,0 33.82794044710767,34.96352317320323,0 33.82792663843275,34.96355483620425,0 33.82797860294375,34.96359748506632,0 33.82797612738192,34.96363396180683,0 33.82799043168942,34.96366854478014,0 33.82801173972788,34.96369075334321,0 33.82804016235062,34.9637069262889,0 33.8280729287824,34.96371548882829,0 33.82810730381486,34.96371578986799,0 33.82813843577544,34.96370849437277,0 33.82839358003894,34.96361137162462,0 33.828959232038,34.96337600782952,0 33.82920077029361,34.96325484215958,0 33.8294120575192,34.96311835869041,0 33.82963469510118,34.96310839185352,0 33.82984605192753,34.96298087519511,0 33.82990961174329,34.96301898476813,0 33.82992196506628,34.96308207953234,0 33.82989168465662,34.96312568169365,0 33.82990303478132,34.96315400546866,0 33.83001909025003,34.9631182830603,0 33.83018713615888,34.96311858929243,0 33.83017733367269,34.96304472791567,0 33.83018691423961,34.96298043581508,0 33.83013141937598,34.96282916799333,0 33.83001833949061,34.96270475433992,0 33.82994619295764,34.96257985262635,0 33.82994162473004,34.96253358429023,0 33.83000133228764,34.96248027753374,0 33.83004067443412,34.9624214996207,0 33.83028392963775,34.96237643075921,0 33.8303761149919,34.96239702126601,0 33.8304876429906,34.96236056948968,0 33.83067162171282,34.96223010534931,0 33.83069436310592,34.96217829772766,0 33.83068700038185,34.96215428879764,0 33.83065614466887,34.96216457299958,0 33.83061850225637,34.96214987891934,0 33.8306241954231,34.96213344259805,0 33.83060181994041,34.96211105790476,0 33.83059935590585,34.96209647747079,0 33.83060375200401,34.96208149496685,0 33.8305559693114,34.96201937540446,0 33.83056970383628,34.96200175643898,0 33.83061735561951,34.96200761234868,0 33.83064336314248,34.96198194736085,0 33.83062486114133,34.96190917400754,0 33.830645730303,34.9618873282433,0 33.83068510961078,34.96186691439167,0 33.83070165507002,34.96185355423344,0 33.83070256425688,34.96182939948387,0 33.83066844114671,34.96179778278188,0 33.83063495976584,34.96180685993308,0 33.83060595344695,34.96183840273221,0 33.83056040404696,34.9618327640993,0 33.83055359601865,34.96175933296063,0 33.83048801403889,34.96174895381677,0 33.83040216985878,34.96170499898402,0 33.83035680125803,34.9615859456681,0 33.83032458478555,34.96152829148237,0 33.83035554119728,34.96146104173894,0 33.83037410284943,34.96145966458567,0 33.8303893541667,34.9614810442984,0 33.83040492573898,34.96146394822191,0 33.83042422517273,34.96146548114718,0 33.83044835164091,34.96145415592924,0 33.83045446240716,34.9614001058018,0 33.8304373667827,34.96134894650317,0 33.8304036029077,34.96131025487333,0 33.83043912790646,34.96117893383288,0 33.83039707824031,34.96116374069159,0 33.83040874507967,34.96102084293646,0 33.83046972493348,34.960972664332,0 33.8304697919396,34.96094805111763,0 33.83046448542567,34.96090893324525,0 33.83045147102513,34.96086800848774,0 33.83040957595479,34.96079964064132,0 33.83041409032972,34.96076469400249,0 33.83044521971858,34.96074902662743,0 33.83052414365729,34.96074920715352,0 33.83058149359913,34.96067998036082,0 33.83061769744256,34.96068488426693,0 33.83074672506912,34.96090454033688,0 33.83076035318413,34.96094149109311,0 33.83075767884022,34.96099546364766,0 33.83074588309498,34.96102279278691,0 33.8307284190739,34.96104645053047,0 33.83074290713412,34.96110416278375,0 33.83070656817382,34.96115478163709,0 33.8307616417062,34.96116928705199,0 33.83091207256573,34.96115015690859,0 33.83096742869992,34.96108755715865,0 33.83115091264953,34.96102295383714,0 33.83123591741143,34.96097200177604,0 33.83120086111942,34.96094304983681,0 33.83117815716365,34.96089798643985,0 33.8312023762648,34.96081768523248,0 33.83115573403573,34.96074302140025,0 33.83117369438788,34.96073145069089,0 33.83128677226072,34.96077532314711,0 33.8313359238527,34.96082306743725,0 33.83135579493614,34.96086299959138,0 33.83134297547939,34.96088944430969,0 33.83140407217514,34.96089300575908,0 33.83141637818659,34.96087231548788,0 33.83138552793771,34.96084676914559,0 33.83141018189768,34.96074070738656,0 33.83145899407798,34.9606929532162,0 33.83143950475699,34.9606758572624,0 33.83142650463731,34.96063584833681,0 33.83153056906175,34.96061338507148,0 33.83160011637868,34.96054858219669,0 33.83158233691571,34.96049080334224,0 33.83161523573428,34.96039129055095,0 33.83172996529135,34.96039222206376,0 33.83174371617937,34.9604424801543,0 33.83176815557739,34.96044970967591,0 33.83181934860566,34.96036184473694,0 33.83187630501475,34.9603563031163,0 33.83193713774433,34.96032154304319,0 33.83195428891605,34.9602978557207,0 33.83202248262688,34.96030435909465,0 33.83205255181559,34.96025263802422,0 33.8320460807344,34.96023150393987,0 33.83200060163619,34.96023566629208,0 33.83198883846275,34.9602332355728,0 33.83197835516395,34.96021823055397,0 33.83198857769715,34.96020310352186,0 33.83208828965483,34.96017636000001,0 33.83215004011301,34.96023326692121,0 33.83219626180097,34.96023161974201,0 33.83221053166888,34.96019889575064,0 33.83221183036016,34.96012104185714,0 33.83226753749395,34.96008866579265,0 33.83232357504276,34.96011062749924,0 33.83232660776773,34.9601890051693,0 33.83237806901982,34.96019660283783,0 33.83246168812512,34.96007754505113,0 33.83243405350672,34.96002621939606,0 33.83247813096516,34.95998470521922,0 33.83253431079773,34.95997115515951,0 33.83256208935429,34.9600356249365,0 33.83266539480532,34.96014540774698,0 33.83275386617789,34.9601879403997,0 33.83278399349908,34.96019158099889,0 33.83281096621386,34.96017994734906,0 33.83285293856262,34.96010331536913,0 33.83287105620187,34.96008438609665,0 33.8328995308746,34.96007619359171,0 33.83292802712711,34.96008171214277,0 33.83294864015109,34.96009882358771,0 33.83295507814135,34.96011699043769,0 33.83295280383534,34.96017507789327,0 33.83295789573768,34.96023215303276,0 33.83298281984609,34.9603196271081,0 33.83303255848877,34.96040864814269,0 33.83306562534899,34.960449463917,0 33.83311049521632,34.96049317424115,0 33.83319311322694,34.9605518808945,0 33.83330504533359,34.96060568465214,0 33.8333613240829,34.96061171826752,0 33.83339536985027,34.96060622947957,0 33.83344197840626,34.9605903262194,0 33.83346098916696,34.96059050674013,0 33.83347877953086,34.96059602922227,0 33.83349949228693,34.96061409897662,0 33.83355364075286,34.96071326633937,0 33.83357948188223,34.96074460555776,0 33.83361887464174,34.96076759402012,0 33.83366335228708,34.96077728886027,0 33.83371049932593,34.96077357504998,0 33.83382305423042,34.96074741889329,0 33.83390838595888,34.96071996314931,0 33.83399099614519,34.96067591411865,0 33.83406067635686,34.960618687013,0 33.83411438179817,34.96055078522399,0 33.83414976436594,34.96047517338202,0 33.83416527874234,34.9603951585394,0 33.83416024542839,34.96031423649576,0 33.83412023723357,34.96020219943484,0 33.83411442221708,34.96016990071401,0 33.83411819413598,34.96013488603123,0 33.83413400315732,34.96009583513186,0 33.83413375375893,34.96007122409303,0 33.83407134033287,34.96008710725958,0 33.83399561001688,34.96008943192798,0 33.83402420596646,34.960032705099,0 33.83400735742061,34.96001271234886,0 33.83399976850895,34.95997391047668,0 33.83400170944777,34.95994664419234,0 33.83401746586641,34.9599226074021,0 33.83404408444284,34.9599063057534,0 33.8340771552374,34.95990080093656,0 33.83416647848865,34.95990245178147,0 33.83422078858178,34.9598983712843,0 33.83427259118366,34.95988433849332,0 33.83431923072634,34.95986107114173,0 33.83435609701363,34.95983196583703,0 33.83446104044231,34.95972941447484,0 33.83454122594895,34.95964526308016,0 33.83459657863519,34.9595792390921,0 33.83466370961484,34.95948766955675,0 33.83470887522775,34.95941658385127,0 33.8347619505963,34.95931896150439,0 33.83479625561683,34.95924387427753,0 33.8348551192643,34.95907238375602,0 33.8349126484326,34.95887459679091,0 33.83496381647405,34.95875187893754,0 33.83502778078411,34.95863329975232,0 33.83510405557526,34.95851976125273,0 33.83517355106815,34.95843314189167,0 33.83527045978476,34.9583308244567,0 33.83537783108446,34.95823584900477,0 33.83555166551447,34.95810962527418,0 33.83549656812147,34.95802414495675,0 33.83553805384925,34.95800153636363,0 33.8355590958898,34.95801970807286,0 33.83554804813478,34.9580272251436,0 33.83565124459399,34.95819365383712,0 33.83567822021936,34.95824841763746,0 33.83574581906488,34.95829342096279,0 33.83576596679054,34.95837263986346,0 33.83587275900834,34.95850923337674,0 33.83594881104369,34.95853561225087,0 33.83602607875526,34.95865053003026,0 33.8360910317643,34.95866987766762,0 33.83608968282503,34.95870900595246,0 33.83618964319078,34.95869937587425,0 33.83651375185632,34.95851445794488,0 33.83653698550684,34.95846716005742,0 33.8365757447858,34.95842245582146,0 33.83662252781235,34.95838899716568,0 33.83668056477764,34.95836400804843,0 33.83675039672845,34.95818894812751,0 33.8368045792377,34.95817330328863,0 33.83682648574234,34.95816166760179,0 33.83683986043368,34.95814234225494,0 33.83684064938868,34.95812011007359,0 33.83682912911197,34.95810062904948,0 33.836785522939,34.95805721515296,0 33.83678343490212,34.95801929227549,0 33.83675502167479,34.95795995951077,0 33.83676331758132,34.95795532323839,0 33.83680095750534,34.95796479453212,0 33.8368164323584,34.95798243198935,0 33.83687397720918,34.95796658096889,0 33.83691575346236,34.95797258938757,0 33.83691054372355,34.95793885429875,0 33.83691773928525,34.95792366658689,0 33.83693406015155,34.95791520804885,0 33.83695330144409,34.95791626260052,0 33.83696812344021,34.95792643733147,0 33.83700003879871,34.9579199211033,0 33.83701832469315,34.95794040111039,0 33.83708381353514,34.95795368711387,0 33.83709277763966,34.95793928584388,0 33.83711142380635,34.95793403556674,0 33.8371196382061,34.9579213863772,0 33.83712084818533,34.95790363395897,0 33.83709895348972,34.95787001387914,0 33.83706943226548,34.95786367678093,0 33.83704439479246,34.95785089801007,0 33.83702537881022,34.9578323745713,0 33.83701424545627,34.957809920781,0 33.83701286315272,34.95778036074861,0 33.83702941496614,34.95772710367994,0 33.83702978138364,34.95763123174715,0 33.83707381172415,34.95763561377459,0 33.83709272706821,34.95774696327565,0 33.83710279664763,34.95776396911196,0 33.83712077538386,34.95777707054982,0 33.83714563360979,34.95778352901542,0 33.83717246178284,34.95778042986338,0 33.83724766731387,34.95773619981273,0 33.8373412513543,34.95773695272085,0 33.83740491257024,34.95764366769636,0 33.83742668703047,34.95758926043326,0 33.83743785554913,34.95753271966608,0 33.83743814215418,34.95747543635932,0 33.83742754151133,34.95741882124234,0 33.83740631308057,34.95736426879336,0 33.83737498185067,34.95731312208036,0 33.8373179073794,34.95725018944318,0 33.83730907603496,34.95722843822411,0 33.83732019082365,34.95720740852993,0 33.83734554344272,34.95719790334061,0 33.83737199172439,34.9572047293877,0 33.83741532894539,34.95722742352748,0 33.83745245591294,34.95723622030542,0 33.83756381592688,34.95725043729362,0 33.83758486836562,34.95726164345461,0 33.83759974656127,34.95727939039242,0 33.83760502090992,34.95730051350602,0 33.83759372771605,34.95733897574901,0 33.8375982899325,34.95735779348301,0 33.8376130478231,34.95737264594836,0 33.83763454889426,34.95738005591072,0 33.83775322913298,34.95739208591699,0 33.83784198570445,34.95739135648534,0 33.83792997286162,34.95738172735669,0 33.83800378341394,34.9573664955207,0 33.83807525495697,34.9573449943109,0 33.83815464129177,34.95731230523587,0 33.83822859609277,34.95727189523733,0 33.83828805567175,34.95723061713771,0 33.83833821899951,34.95717357367408,0 33.83836927957122,34.95710950222479,0 33.83838058984864,34.95704114843433,0 33.83837147846435,34.9569725723452,0 33.83826532668875,34.9568834876374,0 33.83816896782372,34.95677925571415,0 33.83805896716815,34.95662931765271,0 33.83811502031757,34.95649857023664,0 33.83829693993094,34.95627534201549,0 33.83847396561047,34.95611327852922,0 33.8385408543546,34.95612900861063,0 33.83855196695841,34.95612780243216,0 33.83856028268811,34.95612148568915,0 33.83856262374023,34.95611237258571,0 33.83854490775845,34.95608495979975,0 33.83855031179824,34.95606312030019,0 33.83857207839851,34.95604986725121,0 33.83859891509571,34.95605196520778,0 33.83865482495539,34.95608192212697,0 33.83869513588486,34.95605336772053,0 33.83870209490869,34.95598577767881,0 33.83874913438125,34.95596255725443,0 33.83876415576778,34.95597007126003,0 33.83878136658291,34.9559671328197,0 33.83879151819095,34.95595531925775,0 33.83878924054967,34.95594110186347,0 33.83877018477617,34.95591318636677,0 33.83882537396817,34.95587101986877,0 33.83883440671092,34.9558612575069,0 33.83883181933795,34.95584941564162,0 33.83881953540747,34.955842897716,0 33.83877038327596,34.95586185200337,0 33.83874438090976,34.95585566948233,0 33.83872750459282,34.95583749028528,0 33.8387273152918,34.95581461042546,0 33.83874327222995,34.9557966038136,0 33.83877653726231,34.95578607107467,0 33.83877347661902,34.95575861750394,0 33.83881053259754,34.95571085324231,0 33.83879923711434,34.95565563389494,0 33.83880522934691,34.95563103473763,0 33.83881922553581,34.95560874828316,0 33.83888756046991,34.95556035512909,0 33.8389384791283,34.95550848835099,0 33.83892552168945,34.95548808900219,0 33.83874805914689,34.95552860491703,0 33.83861748421442,34.95552844921968,0 33.8386008984358,34.95546827351728,0 33.83860590979643,34.95540670656418,0 33.83867591894614,34.95540229305242,0 33.83872406635923,34.95533546691419,0 33.83879071600309,34.95526567446795,0 33.83886851480518,34.95520419702735,0 33.83894454839851,34.95515817183184,0 33.83903902240812,34.9551153670064,0 33.83912693429426,34.95508711189192,0 33.83921837271355,34.95506788782406,0 33.83931765240334,34.95505768661202,0 33.83933782855367,34.95507661722957,0 33.83936531016231,34.95509088398597,0 33.83939475454814,34.95509771232949,0 33.83942573160111,34.95509754872074,0 33.83945680588267,34.95508974054987,0 33.83948232310044,34.95507585026599,0 33.8395022019361,34.95505670772381,0 33.83956170857972,34.95496808438072,0 33.83962194168721,34.95490390018465,0 33.83968702333554,34.95485019367851,0 33.83976484116604,34.95480045358249,0 33.83975676426448,34.95478271937167,0 33.83975567185584,34.95476352978253,0 33.83976183514696,34.95474500123306,0 33.83977378413054,34.95472974623137,0 33.83979145601769,34.95471762008435,0 33.83981309901546,34.95471044311306,0 33.83983637724153,34.95470912385441,0 33.83985780950455,34.95471337990279,0 33.83988849417627,34.95469830721963,0 33.83991132763846,34.95467464077866,0 33.83992234322972,34.95464580990328,0 33.83992007789534,34.95461564304969,0 33.84009918799465,34.9545222486591,0 33.84016544210537,34.95447030774573,0 33.84023983020165,34.9544264627992,0 33.84032090707827,34.95439156931778,0 33.84040321796618,34.95436720642744,0 33.84049272051465,34.95435161032094,0 33.84058398906495,34.95434642212479,0 33.84067524555818,34.95435174157761,0 33.84076084240198,34.95436655944351,0 33.84082988038982,34.95431914556735,0 33.84090767541602,34.95431231069745,0 33.84093890033478,34.95433108432945,0 33.84097777246993,34.95433665085657,0 33.84101486352535,34.95432766215919,0 33.8410438718555,34.95430564377883,0 33.84110033147024,34.95431732076815,0 33.84112894143688,34.95433218505448,0 33.84115370158069,34.95435322715745,0 33.84117184860472,34.95437916819912,0 33.84137224978924,34.95438150742962,0 33.84157143961308,34.95436323517151,0 33.84168708487915,34.95438462722085,0 33.84165920385905,34.95431331317755,0 33.84166765686309,34.95429379875893,0 33.84168831330576,34.95428235474859,0 33.84164923015273,34.95421609316304,0 33.84162018648151,34.95420293294865,0 33.84158612421832,34.9541632224763,0 33.8415956002536,34.95410594398245,0 33.84153529511485,34.95402683931101,0 33.84153069819036,34.95400480125403,0 33.84154109332737,34.95398399159463,0 33.84156319324715,34.95397099440528,0 33.84159047364491,34.95396964618028,0 33.84166477269364,34.95399057116621,0 33.84167567948974,34.95397162204755,0 33.84173344017569,34.95396675442467,0 33.84177227888242,34.95394743234206,0 33.84178468851953,34.95390093048476,0 33.84186499258028,34.95382633461136,0 33.84177707536855,34.95376346548014,0 33.84183587253377,34.95374658846898,0 33.84189884361861,34.95378682322188,0 33.84197208691739,34.95377089614261,0 33.8420446509643,34.95369637093214,0 33.8420654487649,34.9536882772877,0 33.84208835331942,34.95368652932032,0 33.84213359009798,34.95369772387063,0 33.84215809447209,34.95369557449111,0 33.84217919963975,34.95368509989834,0 33.84219258039668,34.95366902166887,0 33.84222842405295,34.95366720829333,0 33.8422626768696,34.95367609205007,0 33.84229078761851,34.9536944921174,0 33.84230874079284,34.95371933642802,0 33.84233719580588,34.95371455997399,0 33.84236218738561,34.9537028874766,0 33.84233765089285,34.95369108883816,0 33.84233292754445,34.9536845359581,0 33.8423277381445,34.9536676364215,0 33.84233098106206,34.95365041068998,0 33.84236578203204,34.95362116405011,0 33.84238216096963,34.95358952034286,0 33.84240794863526,34.95355796371434,0 33.8424473854224,34.95353474682145,0 33.84249430769788,34.95352470785894,0 33.84254107932833,34.95352883544312,0 33.84263733941035,34.95349210711383,0 33.84275926091158,34.95354927809529,0 33.84282549308509,34.95360356241419,0 33.8428181965638,34.95363409302425,0 33.84282485619019,34.95366861734918,0 33.84284417531612,34.95367768659509,0 33.8428643136584,34.95366956494016,0 33.84285944528158,34.95364606854852,0 33.84286955223282,34.9536290151126,0 33.84290747225673,34.95363763436713,0 33.84294834052771,34.95363469160824,0 33.84298386652134,34.95362078250986,0 33.84301243418432,34.9535965411614,0 33.84292734637644,34.95350211500346,0 33.84293399918422,34.95347287695624,0 33.84300221878479,34.95351125478245,0 33.84305267091433,34.95338447768305,0 33.84302803542552,34.95335488440866,0 33.84301343698012,34.95335498573257,0 33.84300035778601,34.95336766908471,0 33.8429751289494,34.95341592492314,0 33.84289429063556,34.95339702469195,0 33.84283072014477,34.95336712917815,0 33.84280028524738,34.9533822225009,0 33.84275391491207,34.95335707425988,0 33.84272575034812,34.95336785753592,0 33.84273247154636,34.95327737331918,0 33.84276350087853,34.95327404278022,0 33.84275310140312,34.95325299600866,0 33.84278306414338,34.95319402576272,0 33.84281411797321,34.95317148708246,0 33.84281551211131,34.95310393451336,0 33.84292200241632,34.95298013172532,0 33.84293741687438,34.95292393055047,0 33.84306287216945,34.95289452957429,0 33.84289029328868,34.95282293557112,0 33.84287004244912,34.95265823594928,0 33.84274416018408,34.95244961475556,0 33.84263083643692,34.95234918893796,0 33.84258607521215,34.95208323630773,0 33.84244876614679,34.95189090304484,0 33.84245421447983,34.95170498906575,0 33.84258742961256,34.95147588876225,0 33.84257399268879,34.951446636848,0 33.84256786664108,34.95141864936274,0 33.84256773547919,34.95139021105533,0 33.84257451707458,34.95135943884085,0 33.84260445116277,34.95130841918513,0 33.84262951253051,34.95128491886049,0 33.84268708554148,34.95125387990532,0 33.84272326750833,34.95124436337057,0 33.84275753419237,34.95124079043458,0 33.84279545546748,34.95124258161051,0 33.84283226486922,34.95125029819066,0 33.84286362362329,34.95126221886088,0 33.84291711380922,34.95129906833728,0 33.84295841651654,34.95123643987381,0 33.84318551781656,34.95128519782894,0 33.84327586989929,34.95124998831255,0 33.84336636102086,34.95125722115291,0 33.84335706904666,34.95122960092745,0 33.84346083019926,34.9512419660816,0 33.84361366270971,34.95138783132005,0 33.84373042824716,34.95140565855252,0 33.843747845279,34.95143107516856,0 33.843777469374,34.95144570554527,0 33.84381290408587,34.95144639053001,0 33.84384332955088,34.95143292134619,0 33.84405999709067,34.95144395167947,0 33.84427617875131,34.95140759022109,0 33.8443401433863,34.95138890122911,0 33.84439284435454,34.95138352217797,0 33.84444102523646,34.95138586258101,0 33.84448362705389,34.95139386289286,0 33.84452827552594,34.95140895380472,0 33.84456908822984,34.95143016664716,0 33.84504271789464,34.95131411163253,0 33.8451027848901,34.95131196483173,0 33.84511847948932,34.95130019149957,0 33.84511316717036,34.95128660918927,0 33.84514312162884,34.95127506294339,0 33.84518073001767,34.95128166993538,0 33.84520552615411,34.95125917418969,0 33.84523855990429,34.95127265733661,0 33.84522763010857,34.95123293923109,0 33.84523309896444,34.95121654885359,0 33.84525264948251,34.95121118287422,0 33.84527285994501,34.95121400783982,0 33.8452668124774,34.95120208111797,0 33.8452752224099,34.95117581795515,0 33.84528513184451,34.95116338357074,0 33.84530213502462,34.95115836342093,0 33.84531938395592,34.95116277832879,0 33.84532997196303,34.95117495919224,0 33.84536240761607,34.95116878960997,0 33.84536035006522,34.95113206461555,0 33.84536919099153,34.95112037951423,0 33.84538380459357,34.95111368946235,0 33.84540007647211,34.9511135780119,0 33.84540841820505,34.95113249985803,0 33.84550768881731,34.95113517650966,0 33.84552169740937,34.95110986950466,0 33.84554600396313,34.95110741074188,0 33.84557138769938,34.95114214981391,0 33.84562467286436,34.95111831087279,0 33.84562509173848,34.95109140473355,0 33.84563331591329,34.95107989968028,0 33.84565577299853,34.95107740689879,0 33.84566698814282,34.95108530261172,0 33.8456878433857,34.95107927666696,0 33.84572974247787,34.95108558860343,0 33.84573041383353,34.95105747282824,0 33.84576702719901,34.95103489468661,0 33.84576471006828,34.95102226416095,0 33.84576905275426,34.95101050488854,0 33.84579275607356,34.95099653848109,0 33.84582091919195,34.95100246558715,0 33.84583789072941,34.95103039450441,0 33.845877264489,34.95104537472392,0 33.84589030632937,34.95104533257484,0 33.84589641612352,34.95101919896499,0 33.84588842456674,34.95100943655674,0 33.84588685788831,34.95099227577276,0 33.84589562568399,34.95099191725,0 33.84592652087733,34.95101143285859,0 33.84594507837143,34.95098102915083,0 33.84595769197311,34.95098491377691,0 33.84602912587422,34.9510359313226,0 33.84603812158026,34.95103186193581,0 33.84603221934768,34.95099870443797,0 33.8460404316945,34.95098605466022,0 33.84605707397299,34.95098193201044,0 33.84608808979236,34.95099144839456,0 33.84608552856147,34.95095464038775,0 33.84609975530596,34.95094099502843,0 33.84611340484228,34.95094320032279,0 33.84611396015222,34.9509354471077,0 33.84610345960072,34.95092549937595,0 33.8461104893757,34.95091794624134,0 33.84614039636753,34.95092215657585,0 33.84612454892177,34.95090283997095,0 33.84612347365793,34.95088130126638,0 33.84616089372809,34.9508695927937,0 33.84623678888084,34.95088108424232,0 33.84630341768461,34.95080277500701,0 33.84632575145022,34.95074366324246,0 33.84636012613122,34.95070621838625,0 33.84636179974941,34.95066613943686,0 33.84634276621378,34.95064051361756,0 33.84635072551587,34.95060325281916,0 33.84636632546732,34.95056536639017,0 33.84648653257231,34.95049183521476,0 33.84655831336799,34.95052208355325,0 33.8465915740488,34.9505093033271,0 33.84664409426035,34.95051803780341,0 33.84661739604224,34.95044055284927,0 33.84665802622543,34.9503562743677,0 33.84669329273697,34.95036758270231,0 33.84668044321025,34.95028442335277,0 33.84668068519856,34.95024034764784,0 33.84669731031692,34.95016696495748,0 33.84673322898892,34.95015663600455,0 33.84681573176777,34.95023265021489,0 33.84681422971741,34.95017931485465,0 33.84687753769489,34.95016633137652,0 33.8468734051664,34.95011994613319,0 33.84690192422332,34.95012356652754,0 33.84692112820018,34.95009614540689,0 33.84694931358511,34.95009904429146,0 33.84697726936587,34.95007972703046,0 33.84699787028675,34.95005497061455,0 33.84705576198824,34.95000162490623,0 33.84704595560331,34.94995837194367,0 33.84706827537975,34.94996023182634,0 33.84705394744497,34.94989717235526,0 33.84704732701903,34.94972664544123,0 33.84716382730613,34.94956327423719,0 33.84716287898009,34.94953866808618,0 33.8471524318679,34.94952060745714,0 33.8471498201807,34.94948383046676,0 33.84717907369934,34.94942350476654,0 33.84719885842474,34.94941627004052,0 33.84720139319006,34.94937203952296,0 33.84720893331565,34.94935537590644,0 33.84717660587862,34.94931877462641,0 33.84717713511861,34.94928987561089,0 33.84712361153907,34.94923557440014,0 33.84712339484882,34.94921919294008,0 33.84714114733273,34.94921341824461,0 33.84711426263205,34.94917506181739,0 33.84709327943406,34.949192856693,0 33.84706115046263,34.94917819861489,0 33.84706528631122,34.94910719342165,0 33.84707901195343,34.94906488867759,0 33.84710155695858,34.94905141865346,0 33.84710490895117,34.94903937508808,0 33.84709843496458,34.94901824180965,0 33.84709887103315,34.94899305361116,0 33.84711740982437,34.94897060111381,0 33.84712755410119,34.9489430556491,0 33.84713997805138,34.94893438315269,0 33.84714115379948,34.94896715712193,0 33.84715319081731,34.94895843774569,0 33.84716270484932,34.94892858548022,0 33.84720169518081,34.94892627096215,0 33.84718411500519,34.94899539676332,0 33.8472245644173,34.94902742537258,0 33.84723159804111,34.94901250409026,0 33.84725217926812,34.94899384664922,0 33.84724842233236,34.94897834080572,0 33.84726258978009,34.94897654013872,0 33.84725506545661,34.94894695995063,0 33.84727477083782,34.94893915427748,0 33.84727866615931,34.94893118846331,0 33.84726239476741,34.94891576991284,0 33.84726457393325,34.94890103662917,0 33.84725926266102,34.94889449074164,0 33.84723080990253,34.94891142642592,0 33.8472164480852,34.94886688018312,0 33.847217714678,34.94885485115987,0 33.84723019160243,34.9488513297943,0 33.8472558331535,34.94885366945761,0 33.84726815439956,34.9488062887802,0 33.84730210029684,34.948818473305,0 33.84731080387353,34.94878093502224,0 33.84735546264617,34.94879722279832,0 33.84736111360554,34.94882624726515,0 33.84738678250952,34.94882443665762,0 33.84742311050305,34.94880469311492,0 33.84743162227994,34.94878235198819,0 33.84744536452902,34.94877168357456,0 33.84743741004723,34.94873903081633,0 33.84744730751745,34.9487285785205,0 33.84744387916987,34.9486746869115,0 33.84746826159618,34.94861212629407,0 33.84745685746434,34.94859957271726,0 33.84747305402145,34.9485659158609,0 33.84746366202033,34.94851931673299,0 33.84746770800695,34.94849078348412,0 33.84748182257439,34.94844374902949,0 33.84749701185206,34.9484250849977,0 33.84752043363751,34.94841247772983,0 33.84752691374997,34.94839824715972,0 33.84751864303266,34.94839390332384,0 33.84753866942641,34.9483609273362,0 33.84755859005857,34.94836245773415,0 33.84754389279236,34.94830447216749,0 33.84755627125642,34.94829894583741,0 33.8475448539867,34.94827564585039,0 33.84755358047166,34.94827055784424,0 33.84757165553914,34.94827040738434,0 33.84757405882102,34.94825841639658,0 33.847562264312,34.94825207260378,0 33.84756363650131,34.94824137420945,0 33.84757164508651,34.94823737559738,0 33.84757650051024,34.94818665680911,0 33.84760522425245,34.94814066517809,0 33.84763847804151,34.948129557718,0 33.84767464720173,34.9481502547872,0 33.84767331637961,34.94809892474845,0 33.84773463309644,34.94810228361735,0 33.84776636793854,34.94806826498294,0 33.84777793167236,34.94803528492079,0 33.84777482123774,34.94800325279,0 33.84778644969256,34.94798485514979,0 33.84783228033179,34.94797995614618,0 33.84792044324139,34.94790035002688,0 33.848158060824,34.94782027365306,0 33.84850483578329,34.94774172391843,0 33.84871350117845,34.94782040072511,0 33.84879402060872,34.94767387865723,0 33.84902351353293,34.94754749378315,0 33.84910336435783,34.94760589179465,0 33.8491132778361,34.94764565362629,0 33.84913689994541,34.94764636195419,0 33.84914267697606,34.94760687083041,0 33.84918114045043,34.94759790702123,0 33.84918577607771,34.94757555140506,0 33.8492022227383,34.94755254082693,0 33.84921167560148,34.94745802949389,0 33.84921916249024,34.94744252262206,0 33.84924621287614,34.9474366096033,0 33.84928865018355,34.9474397472365,0 33.84930608703551,34.94744534921962,0 33.8493115949307,34.94747594303659,0 33.84932695767181,34.94750292183343,0 33.84935199800707,34.94752597586236,0 33.84938285201122,34.94754154726247,0 33.84943038272743,34.94753890459755,0 33.84946486800574,34.94747285932431,0 33.84948413576066,34.94746991040256,0 33.84950342906482,34.94747506309584,0 33.84951726997294,34.94748727132936,0 33.84952218721322,34.94750336751945,0 33.8495574303251,34.94749200855509,0 33.84958190128372,34.94746909774612,0 33.84958909950761,34.94745310070577,0 33.84959061209499,34.9473975683003,0 33.84962816588975,34.94739902280172,0 33.84965968637456,34.94735472829712,0 33.84973462856962,34.94734161148408,0 33.84975001376228,34.94728312008022,0 33.84977085529854,34.94728182949931,0 33.84976902804163,34.947239485425,0 33.84984257805198,34.94715883626925,0 33.84986987064118,34.94716155504164,0 33.8498953927576,34.94708977995071,0 33.84994590039823,34.94709186303739,0 33.84999078035563,34.94707563294821,0 33.85001653648145,34.94705305829562,0 33.85003098555806,34.9470258682645,0 33.85011219877742,34.94695799226334,0 33.85017962457596,34.94694640968586,0 33.85031011146623,34.94679209581042,0 33.85038975921786,34.94676349112724,0 33.85046008681811,34.94670747692766,0 33.85052806540139,34.94669326360378,0 33.85064435631615,34.94662548055804,0 33.8507371169441,34.94654011540865,0 33.85078230469148,34.94654037131026,0 33.85081553676005,34.94650204621919,0 33.85080018553885,34.94647292579775,0 33.85090043169437,34.94640102551151,0 33.85094151372824,34.94641427497334,0 33.85097607380145,34.94639599491704,0 33.85099342600627,34.94635803071299,0 33.8510379922169,34.94633554580925,0 33.85108375964662,34.94634179997107,0 33.85112128617152,34.94630040788577,0 33.85117726760426,34.94628231840505,0 33.85119551457142,34.94629418278843,0 33.85121783531203,34.94629918960359,0 33.85124171031772,34.94629633431525,0 33.85126211156877,34.94628573058078,0 33.85132263876942,34.9462904579028,0 33.85134778366657,34.94623475984535,0 33.85147305596215,34.946248763928,0 33.85155768379147,34.94620893627992,0 33.85162237543853,34.94616815494588,0 33.85172409130238,34.94613272430149,0 33.85180148441952,34.94607760535838,0 33.85184818051103,34.94608929808749,0 33.85199968311755,34.94603978160227,0 33.85212987857644,34.94597055472418,0 33.85218203863998,34.94598269124466,0 33.85232978031301,34.94587413549922,0 33.85233508047797,34.94584891315099,0 33.85251082395666,34.9457692624492,0 33.85261282746858,34.94563956768634,0 33.85281239740859,34.94564560780407,0 33.85292646606762,34.94558470596625,0 33.85300852304439,34.94558756410624,0 33.85321127174681,34.94554782971321,0 33.85338605114011,34.9454951932164,0 33.85346567942953,34.94549620491363,0 33.85348954513159,34.94545138991329,0 33.8535588881565,34.94543314416273,0 33.85361409930579,34.94543822769926,0 33.85361997004477,34.94529192143371,0 33.85365418006126,34.94523902114978,0 33.85386766446807,34.94511216728724,0 33.85388505779949,34.94512119244514,0 33.85390615746738,34.94512511395179,0 33.85392761234781,34.94512285655461,0 33.85394596605018,34.94511522877116,0 33.85396110143789,34.94510212506091,0 33.85396993787774,34.94508490746644,0 33.85397069439351,34.94506622691178,0 33.85396363546495,34.94504910213423,0 33.85404105249779,34.94500677249216,0 33.85406326575335,34.94500375436485,0 33.85408628687069,34.9450116059624,0 33.85409891129397,34.94502239260709,0 33.85416843233863,34.94502304854983,0 33.85435967908037,34.94496389220954,0 33.85445784132364,34.94497808389831,0 33.85452221194864,34.94488433152831,0 33.85456400461732,34.94488495514954,0 33.85472608519991,34.94480340798587,0 33.85491225361844,34.94467399973296,0 33.85502361633399,34.94456942224885,0 33.85531030758763,34.94439683175127,0 33.85563245539128,34.94395725621801,0 33.85570240871264,34.94399633949809,0 33.85586208040522,34.94371180045515,0 33.85596933943888,34.94346434371759,0 33.85624979783037,34.94329465688427,0 33.85637542215272,34.94320905670207,0 33.85639181237877,34.94318089404332,0 33.85645021328067,34.94317735354232,0 33.85656591864554,34.94311989544569,0 33.85680530489973,34.94290323105152,0 33.85685816024554,34.94290572018507,0 33.85694400407024,34.94294136900555,0 33.85702966240267,34.94294329764115,0 33.85705417202464,34.94290433741038,0 33.85712441016572,34.94290727617492,0 33.8571740062885,34.94288059357428,0 33.85723029870424,34.94286538992091,0 33.85727086698774,34.94286216866831,0 33.85731029538405,34.94286480644435,0 33.8573485680455,34.94287304195546,0 33.85738556707833,34.94288711670897,0 33.85743373958579,34.94284041310587,0 33.85756353407668,34.94282906766963,0 33.85771656148117,34.94276457817964,0 33.8577869927433,34.94280982608399,0 33.85779683194898,34.94277673466208,0 33.85781415821282,34.94274579699979,0 33.85783587595897,34.9427204999418,0 33.85786551538236,34.94269672979821,0 33.85789926313343,34.94267842557701,0 33.85793748823883,34.94266538816289,0 33.85797428890111,34.94265894733849,0 33.85801564868139,34.94265805487764,0 33.85808749590008,34.94267266478629,0 33.85827659700325,34.94267533558824,0 33.8583461725081,34.94274811080352,0 33.85851850853333,34.94274288532753,0 33.85853319811334,34.94272146516771,0 33.8585577793711,34.94270562507929,0 33.85858791427174,34.94269895354908,0 33.85861753564114,34.94270214156479,0 33.85896628557828,34.94288739737935,0 33.85900892331252,34.94288076623563,0 33.85905624123847,34.94288131319075,0 33.85910238574771,34.94288994948958,0 33.85914384449495,34.94290556691315,0 33.8592011969582,34.94294500411331,0 33.8592241871224,34.9429714103064,0 33.85924063845721,34.94299936267852,0 33.85931895359553,34.94297210829181,0 33.85939893522561,34.94295444289093,0 33.85948330177576,34.94294576583474,0 33.85956610239396,34.94294668980964,0 33.85963744580091,34.94298755207009,0 33.85971867418984,34.94301298805625,0 33.85977133773767,34.94302026552196,0 33.85982728230733,34.9430208547797,0 33.8598826491004,34.94301422967988,0 33.85993369968245,34.94300132710333,0 33.86041501302131,34.94309522516414,0 33.86059079368049,34.94315350851267,0 33.86080875514705,34.94312391707091,0 33.86140425020387,34.94322993081416,0 33.86156526543073,34.94327710672145,0 33.86165352155642,34.94334116076786,0 33.86177010272253,34.94332201730039,0 33.86181981881326,34.94329018315943,0 33.86247573895248,34.94339599908518,0 33.86263148217071,34.94351708982957,0 33.86281713068003,34.9436030693182,0 33.86289242447469,34.94357744399667,0 33.86297055826252,34.9435584399755,0 33.86305067709579,34.94354626523717,0 33.86313653300711,34.94354096793398,0 33.86321796069716,34.94354317375051,0 33.86329866151317,34.94355237684536,0 33.86337775318018,34.94356847532251,0 33.86345862885097,34.94359278725185,0 33.86360519340758,34.94352153253825,0 33.86378838379209,34.94355152036587,0 33.86426764603022,34.94351548524912,0 33.86458742651042,34.94358361356663,0 33.86475576154593,34.94339581634645,0 33.86508992629783,34.94324518814192,0 33.86516521278552,34.94328816618654,0 33.86525936085755,34.943329791141,0 33.86535896751664,34.94336165733091,0 33.8654528795065,34.94338173492772,0 33.86554351158512,34.9433927244627,0 33.86565031462492,34.94339560687443,0 33.86575674861873,34.94338774892798,0 33.86585172399226,34.94337141015813,0 33.86618205570998,34.94349740561068,0 33.86646571336455,34.9436150138366,0 33.86688168677269,34.94380743903434,0 33.8669657670847,34.94383750102186,0 33.86706727017575,34.94386304786772,0 33.86715739271976,34.94387683146646,0 33.86724877053158,34.94388278187918,0 33.86762421775984,34.94387139240757,0 33.86776318199894,34.94388679535447,0 33.86786636304058,34.94390356612735,0 33.86803551055254,34.94394132057778,0 33.86817363654874,34.94398217738206,0 33.86819661163052,34.94402450789996,0 33.86823616356899,34.94406121327518,0 33.86828446979252,34.94408503724633,0 33.86833937067063,34.94409620887302,0 33.86838906032816,34.94409466922212,0 33.86843958118666,34.94408142883902,0 33.86849098696504,34.94405161797344,0 33.86853090791541,34.9440063093972,0 33.86855052294172,34.94399200634522,0 33.86858528593042,34.94398170896881,0 33.86862275963311,34.94398492943105,0 33.86911209819166,34.94418267237828,0 33.86960692439851,34.94450138703564,0 33.87032473040646,34.94454146499007,0 33.8712840269084,34.9451333079347,0 33.87132546710046,34.94519713809171,0 33.87137027764533,34.9452486237207,0 33.87143036929163,34.94530144735599,0 33.87149880435395,34.94534687100064,0 33.87158030272821,34.94538650132262,0 33.87167212718551,34.94541667662043,0 33.87176855283867,34.94543465172973,0 33.87187397355807,34.9454398831074,0 33.87202288444754,34.94558534576854,0 33.87243052189054,34.94587433797318,0 33.87249962791651,34.94588297189757,0 33.87256950685037,34.9458725960174,0 33.87261001973161,34.94585652598727,0 33.87264558911982,34.94583387067591,0 33.87264997715329,34.94580828536779,0 33.8726701643821,34.94578850334471,0 33.87269704120829,34.9457806835093,0 33.87272605561763,34.94578491264584,0 33.87274622561031,34.94579790653401,0 33.87275732354864,34.94581646864705,0 33.87301058451663,34.94590336900235,0 33.87315597754257,34.94597902408344,0 33.87319361867115,34.9460543088348,0 33.87324071212494,34.94606706492762,0 33.87327563997854,34.94609603540675,0 33.87328937721074,34.94612582706216,0 33.87328911101353,34.94615822708588,0 33.87345003206026,34.94628081962929,0 33.87362724733729,34.94638708849934,0 33.87379752845717,34.94646709422929,0 33.87383635369149,34.94645291715241,0 33.87387338514468,34.94644507989216,0 33.87391570076046,34.94644208297879,0 33.87395800662504,34.9464451822867,0 33.87399592081678,34.94645337183358,0 33.87403462671308,34.94646776992101,0 33.87406970855659,34.94648748348698,0 33.87410010028578,34.94651191266261,0 33.87418495480457,34.94660007004886,0 33.87428210094765,34.94668315416451,0 33.87438926244768,34.94675742162816,0 33.87450526476447,34.94682205879321,0 33.87460948333248,34.94686874098307,0 33.87473841172515,34.9469138146203,0 33.87487235624475,34.94694754393425,0 33.87502540582491,34.94697258209427,0 33.8750572845021,34.94698360191149,0 33.87508334837512,34.94699878300683,0 33.87511778710561,34.94703478467932,0 33.87513426936422,34.94707855777665,0 33.87513440549169,34.94710702659651,0 33.87512585946564,34.94713685508122,0 33.87510880280212,34.94716409566652,0 33.87508583421479,34.94718594881002,0 33.87512205704662,34.94725838120587,0 33.87524354200748,34.94730787610492,0 33.87530530198781,34.94726710607215,0 33.87538261902779,34.94723846760311,0 33.8754638465785,34.94722735024607,0 33.87554272199232,34.94723285627034,0 33.87560509643453,34.94724917629533,0 33.87605616283144,34.94750178254821,0 33.87610404616066,34.94749399524053,0 33.87612760800609,34.94746824087864,0 33.87616028826798,34.94745301218269,0 33.87619347076856,34.94744928531617,0 33.87623925129274,34.94746096622234,0 33.87624565951459,34.94747522970911,0 33.87623495189903,34.94751423027471,0 33.87665927232214,34.94773554491616,0 33.8766946066722,34.94778442066072,0 33.87674348961204,34.94783545119908,0 33.87679298415141,34.94787513139034,0 33.87684798184856,34.94790955002924,0 33.87692137167139,34.94794368803468,0 33.87700442620338,34.94796951832843,0 33.87709136586143,34.94798433245538,0 33.877185416717,34.94798760503092,0 33.87761022527266,34.94824429088106,0 33.87795203883529,34.94843024741965,0 33.87804077148269,34.94842711456761,0 33.87813868644053,34.94843707659503,0 33.878231376838,34.94846034491155,0 33.87831938715379,34.94849705440694,0 33.87879827797491,34.9487761467402,0 33.87922329457679,34.94899630336345,0 33.87932436209355,34.94902132922167,0 33.87938438862437,34.9491090424488,0 33.87946715250956,34.94913966407735,0 33.87956018491693,34.94918326174422,0 33.87963442327055,34.94922621573399,0 33.87971576668598,34.94928351175454,0 33.87984311459473,34.9493073093268,0 33.88025816273797,34.94955833526681,0 33.88030491454011,34.94955850663845,0 33.88035542410032,34.94956640548934,0 33.88040317603843,34.94958209526483,0 33.88044271327182,34.94960263820429,0 33.8804804649965,34.94963137606909,0 33.88050843450588,34.94966222109384,0 33.88052947466043,34.94969659664484,0 33.88054370169806,34.94973656879011,0 33.88063336718611,34.94978635108867,0 33.88074528218076,34.94983872125523,0 33.88084311102831,34.949876677346,0 33.88107732782095,34.94994867785987,0 33.88119122009456,34.94999702204395,0 33.88129121096491,34.95005354351387,0 33.88138693031607,34.95012368357661,0 33.881636252486,34.95016537563934,0 33.88163127258291,34.95018462148827,0 33.88161646458909,34.95020108214043,0 33.88159555783791,34.95021061383771,0 33.88157153891724,34.9502122989106,0 33.88166212342985,34.95028104009167,0 33.88178462693977,34.95029503290905,0 33.88181916740371,34.95031917399405,0 33.88185986071472,34.95033975223973,0 33.88190396346474,34.95035483603125,0 33.88194515028658,34.95036332741896,0 33.88199022658873,34.95036709065845,0 33.88203791742215,34.95036504611459,0 33.88207952666052,34.95035808802599,0 33.88212440887077,34.95034465304224,0 33.88215767136819,34.95038336269795,0 33.88219976655602,34.95041409842097,0 33.88225321448564,34.95043756301655,0 33.88230766895843,34.95044921376088,0 33.88233056063464,34.95045818494948,0 33.8823471607317,34.95047503498964,0 33.8823530984342,34.95049532920615,0 33.88234800906201,34.95051589011634,0 33.88241792530341,34.95055339507281,0 33.88249917241902,34.9505872039577,0 33.88257731369607,34.95061130926732,0 33.88266553997028,34.95062977871057,0 33.88276994493171,34.95069439838049,0 33.88283544715942,34.95065601850722,0 33.88287319570003,34.95065686997869,0 33.88291027076995,34.95066862964758,0 33.88294022462418,34.95069012118703,0 33.88295916206872,34.95071808191265,0 33.88306711046761,34.95073618594942,0 33.88309611650431,34.95076422939333,0 33.88313152169944,34.95078666918304,0 33.88317186885027,34.95080258296132,0 33.88321529550176,34.95081123610563,0 33.88324783110919,34.95091173437763,0 33.88326094673211,34.95092970302376,0 33.88327962604824,34.95094348477738,0 33.88330238240217,34.95095216741543,0 33.88332870817474,34.95095496860814,0 33.88335339826342,34.95095133398938,0 33.88337691394071,34.95094119620627,0 33.88339547375964,34.9509255715957,0 33.88340680751608,34.95090714931698,0 33.88345112183077,34.95092526510837,0 33.88348460801695,34.95095525444,0 33.88350281787711,34.95099313124317,0 33.88350340447826,34.95103351682649,0 33.88363175192909,34.9510737960016,0 33.88359861350196,34.95111335876943,0 33.88363913785266,34.95113760001961,0 33.88368984271207,34.95108553955221,0 33.88382143133628,34.95112850995547,0 33.88380598991935,34.95117956483018,0 33.88388293329996,34.9511942836351,0 33.88394917033944,34.95121926520492,0 33.88401295969619,34.9512576268783,0 33.88406201400284,34.95130197739005,0 33.8841656373008,34.95130300158241,0 33.88426779007454,34.95131735995709,0 33.88436793967397,34.95134540163107,0 33.88445954586796,34.95138529391707,0 33.88478114663599,34.95161377716214,0 33.88503751862947,34.95172867645587,0 33.88506228036661,34.95176856316429,0 33.88519124077419,34.95184307400284,0 33.88533109812131,34.95187707487396,0 33.88530054896616,34.95194541257741,0 33.88564319620537,34.95213123015676,0 33.8856767067405,34.95211908915811,0 33.88571278910983,34.95211398463703,0 33.88574930074899,34.95211621795886,0 33.88578505214777,34.95212604207673,0 33.88583278201914,34.95215583131993,0 33.88586291841152,34.95219945912249,0 33.8859789716927,34.95225985811692,0 33.88600872751604,34.95224704853598,0 33.88635432345086,34.95238361723696,0 33.88637471997823,34.95237448956915,0 33.88639797359082,34.95237854922868,0 33.8864086798574,34.95238751211507,0 33.88641353117161,34.95239943104738,0 33.88640650338814,34.95245595310141,0 33.88659958994181,34.95249973990136,0 33.88659773252624,34.95252093179889,0 33.88663518558749,34.95257732477159,0 33.88694254432471,34.95264244217216,0 33.88759564153532,34.95287024177258,0 33.88766455515368,34.95287709986422,0 33.88774332486553,34.9528925401973,0 33.88780859823073,34.95291198578825,0 33.88788113063494,34.95294161995864,0 33.88794358804591,34.95297516138369,0 33.88799727545903,34.95301138996111,0 33.88804606970065,34.95305203958948,0 33.88808943499571,34.95309666619752,0 33.88811778554416,34.95313201272143,0 33.88808840632767,34.95317973569551,0 33.88828805762792,34.95319144062595,0 33.8883384951333,34.95316245237257,0 33.88843733043088,34.95318544432831,0 33.88854612951689,34.95319238874685,0 33.88862054401459,34.95318658288073,0 33.88869939856444,34.95317068759073,0 33.88879642883518,34.95322290855382,0 33.88891228062545,34.95326096684963,0 33.88902632330849,34.9532780852933,0 33.8891510338679,34.95327613669745,0 33.8891769062566,34.95335436435867,0 33.88920887104997,34.95335298557175,0 33.88921610360796,34.95331458267025,0 33.88924802511378,34.95330919747877,0 33.88928591721486,34.9533584978067,0 33.88934906372248,34.95333078079967,0 33.88940975244933,34.95334979757715,0 33.88937176684168,34.95342299787369,0 33.88952119943937,34.95344098345142,0 33.88961421104203,34.95339265166459,0 33.88964315413563,34.95340018898288,0 33.88966654984686,34.95341482486909,0 33.88968251485257,34.95343461258253,0 33.8896898318155,34.95345804218862,0 33.88980522418839,34.95346881949703,0 33.88983615982634,34.95343653917081,0 33.88984475766589,34.95339583668301,0 33.88988154524851,34.95339041567463,0 33.88990040105971,34.95339829094601,0 33.88992064372061,34.95346569785167,0 33.88993104976594,34.95347803384746,0 33.88994692290063,34.95348617524414,0 33.88997050886321,34.95348791789297,0 33.88999235227647,34.95347946858719,0 33.88999180783723,34.95342910249602,0 33.89007394762236,34.95343880355805,0 33.89008888621219,34.95347017538425,0 33.89012229703208,34.95347393724517,0 33.89013008607129,34.95348704506932,0 33.89009271468243,34.95350277340235,0 33.89010258300252,34.95351529360324,0 33.89018531284322,34.9535152596814,0 33.89025842807334,34.95352617153394,0 33.89028728226884,34.95355858611067,0 33.89031014818404,34.95355154985506,0 33.89032511980295,34.95352167597268,0 33.89042675505546,34.95353409582241,0 33.89060361964794,34.95368848840617,0 33.89080672648461,34.95382666231826,0 33.89085511366215,34.95384530346777,0 33.89088949795936,34.95388093588613,0 33.89090061068674,34.95392395828447,0 33.89088681537385,34.95396802692148,0 33.89115799453652,34.95410054851838,0 33.89116552850241,34.95415429853389,0 33.89130913080758,34.9541568269542,0 33.8913295697275,34.95416062688473,0 33.89134658076721,34.95417069955128,0 33.89135745769381,34.95418544410398,0 33.89135838462942,34.95424446528806,0 33.89149326495622,34.95428555165913,0 33.89167855544328,34.95440696266706,0 33.891693984195,34.95441306092263,0 33.89171108186767,34.95441151299214,0 33.89172458468593,34.95440274061481,0 33.89173039072519,34.95438941049415,0 33.8917573091714,34.95438949138954,0 33.89178057144356,34.95440064213855,0 33.8917939462417,34.95441987529549,0 33.89179398890544,34.95444160315682,0 33.89178311269373,34.95446756753049,0 33.89178323742565,34.95449434531643,0 33.89179394290459,34.95451963112208,0 33.89183034907447,34.95455244417332,0 33.89184109956654,34.95456894643179,0 33.89184400630169,34.95458662852451,0 33.89183931816995,34.95460421044359,0 33.89180806025217,34.95465845437199,0 33.89186947270725,34.95463912998028,0 33.89193135366279,34.95463435246688,0 33.89199605837958,34.95464394138058,0 33.89205203203084,34.95466618329588,0 33.89206673637161,34.95468978924807,0 33.89207461437606,34.9547155140425,0 33.89207526198007,34.95474203829898,0 33.89206843575877,34.95476852009804,0 33.89208483404867,34.9547799195083,0 33.89210583483705,34.95478432812934,0 33.89212705630815,34.9547807108904,0 33.89214420476766,34.95476979971572,0 33.89215380833895,34.95475380419419,0 33.8921539237377,34.95473596199731,0 33.89214452659148,34.95471988339872,0 33.89212827648242,34.95470912470258,0 33.8921302503465,34.9546988072372,0 33.89215863130698,34.95469714391398,0 33.89218454154796,34.95470470470013,0 33.8922807058247,34.95477261981228,0 33.8922786788559,34.95478399590996,0 33.89226727002706,34.95479060673915,0 33.89225357966961,34.95478833844196,0 33.89223885207191,34.95480148714304,0 33.8922347324242,34.95481908653362,0 33.89224247013695,34.9548358001805,0 33.89225977370053,34.95484667641597,0 33.89236440842556,34.9548697929043,0 33.89239669383184,34.95489834811197,0 33.89243758637591,34.95491443233955,0 33.89248485509739,34.95491716778649,0 33.89252807822259,34.95490595137757,0 33.89253514779455,34.95491677477943,0 33.8924132625639,34.95495627092281,0 33.89248144585427,34.95496524991059,0 33.89261967253296,34.95501803849685,0 33.892743133134,34.95518369569488,0 33.8927513071412,34.9552083221671,0 33.89274087998972,34.95523236514864,0 33.89281800446264,34.95522623931996,0 33.89288992019188,34.95520249697731,0 33.89288242163614,34.95522814095518,0 33.89286795155309,34.95525281670325,0 33.89284822451204,34.95527360100475,0 33.89282264083859,34.95529112744031,0 33.8928219948251,34.95532433694238,0 33.89284147271423,34.95535407145628,0 33.89287553154885,34.95537187245097,0 33.89291650333322,34.95537373098869,0 33.89304201929747,34.95551882451404,0 33.89300640927541,34.95556756796661,0 33.89302128543762,34.95557750104896,0 33.89303954471557,34.95558218836423,0 33.89305864107968,34.9555809779927,0 33.89307581302942,34.9555740452799,0 33.8930813708759,34.95559386308338,0 33.89307763548626,34.95561396916212,0 33.89306513758955,34.95563151300203,0 33.89304564688712,34.95564401085965,0 33.89305931978158,34.95564889324482,0 33.89311175850435,34.95562132242876,0 33.89317318528096,34.95561317098578,0 33.89321738601232,34.95567598966907,0 33.89327434476518,34.95573141048622,0 33.89324319243742,34.95575214817767,0 33.89326668615583,34.95578154841271,0 33.89326049466177,34.95579828871701,0 33.89328233192563,34.95580952987586,0 33.89329431408908,34.95582830707921,0 33.8932931677118,34.95584949021977,0 33.89327920468047,34.95586731527592,0 33.89329383223242,34.95588056278493,0 33.89332256425483,34.95587701268595,0 33.89333103187085,34.95581334875791,0 33.89338082186146,34.95583508657912,0 33.89336984742548,34.95584742900153,0 33.89336607809432,34.95586238385565,0 33.89337018363488,34.95587730151782,0 33.89340554694876,34.95592457835021,0 33.89334924554582,34.95596839833672,0 33.89333530468697,34.95596516210345,0 33.89332559700338,34.95597811266112,0 33.8933352327634,34.95601190816077,0 33.89331930532433,34.95601790782518,0 33.89330736178904,34.95602842302755,0 33.89330115795976,34.95604190848078,0 33.89330164476902,34.95605630020452,0 33.89326136818807,34.95606324964157,0 33.89323000536803,34.95608518412956,0 33.89325742482678,34.95610263091646,0 33.89325602191767,34.95611813353823,0 33.89326698700728,34.95613075627592,0 33.89328525997482,34.95613467456079,0 33.89334136141503,34.95611004771025,0 33.89338612074516,34.95610979329718,0 33.89339135530891,34.95616508612271,0 33.89345898625955,34.95620417886611,0 33.89353416881352,34.95634144931219,0 33.893480714069,34.95635139556598,0 33.89348915707767,34.95639099039656,0 33.89356329392189,34.95636643447875,0 33.89357389362419,34.95638220394707,0 33.89356714931447,34.9564067174694,0 33.89356780856457,34.95643184716072,0 33.89357583325525,34.95645609788441,0 33.89359086102959,34.95647816167445,0 33.893611810396,34.95649644560514,0 33.89363750846174,34.95651001454126,0 33.89366643117334,34.95651806122584,0 33.89369705689215,34.95652010198669,0 33.89368718395065,34.95662463567495,0 33.89369742869201,34.95664229526758,0 33.89371598380961,34.95665444116021,0 33.89373919056398,34.95665868002305,0 33.89376224282404,34.95665413410658,0 33.89380901122423,34.95671949993678,0 33.89386745998281,34.95678892350338,0 33.89392539269383,34.95684791897726,0 33.8939956041779,34.95690951380814,0 33.89406269621428,34.95689900271873,0 33.89408399358553,34.95695283778296,0 33.89411787322361,34.95701121068834,0 33.89416129014954,34.95706513348317,0 33.89420947271366,34.95711035244499,0 33.89426875802594,34.95715281519385,0 33.89432609006662,34.95718408343206,0 33.8943967044229,34.9572124658115,0 33.89446607155665,34.95723135661719,0 33.89455766007089,34.95732831860698,0 33.89465918616105,34.95741835580802,0 33.8947470143851,34.95748491150493,0 33.89487186453614,34.95756644508482,0 33.89489002461881,34.95759066159726,0 33.89489750378621,34.95761695520308,0 33.89489429289812,34.95764529171865,0 33.89488103422356,34.95766999302269,0 33.89492829090208,34.95770017150348,0 33.89497221539922,34.95770270976784,0 33.89501358993427,34.95771511726587,0 33.89504054484954,34.95773003323691,0 33.8950636016979,34.95774955251531,0 33.89508468610683,34.9577787862507,0 33.89509577636816,34.95781103038794,0 33.8952788312192,34.95807488722576,0 33.89533594895422,34.95813528066419,0 33.89538090256071,34.95820231239627,0 33.89540971734377,34.95826609548043,0 33.89542889214583,34.9583409908314,0 33.89541341020578,34.95841374127671,0 33.89542078006488,34.95847233898301,0 33.89544862376158,34.95852655548585,0 33.89549454979819,34.9585717337642,0 33.8958033564587,34.95849405556359,0 33.89583588944068,34.95852630461899,0 33.89561059436403,34.95860761627508,0 33.89548831790206,34.95869474365895,0 33.89547351270444,34.95887479490899,0 33.89561976329578,34.95900393486306,0 33.89558339411093,34.95905676075504,0 33.89545155976018,34.9590250338003,0 33.89538686290079,34.95897545176489,0 33.89530645390008,34.95888958354376,0 33.89526652845448,34.95887235201597,0 33.89517405808127,34.95885200224996,0 33.89503169498956,34.95894184981239,0 33.89510798488488,34.95904041589381,0 33.89519003878694,34.9589382535261,0 33.89521339868823,34.95895479683008,0 33.89528849028704,34.95899178915322,0 33.89531365771377,34.95901969112533,0 33.89542260517577,34.95909960884477,0 33.89537653170517,34.95917719185339,0 33.89543801403299,34.95927216124645,0 33.89578506526622,34.95914502273922,0 33.89579507100358,34.95912817305845,0 33.89577909617661,34.95900419029166,0 33.89578906745554,34.95896214143874,0 33.89580743127516,34.95894777835549,0 33.89586997260984,34.95894294256426,0 33.89589004409491,34.95897713769372,0 33.89589134774837,34.95899048406148,0 33.89587991195136,34.95900440124131,0 33.89588826105131,34.95902628053326,0 33.89590464371992,34.95904094618338,0 33.89590505381743,34.95907862601693,0 33.89588540794702,34.95908354022397,0 33.89588692329174,34.95914259391812,0 33.89592385918756,34.95915623630061,0 33.89595018715517,34.95912646908018,0 33.89602134626656,34.95911688057372,0 33.89603733120393,34.95912799583692,0 33.89605773437554,34.95913169787022,0 33.89607791410722,34.95912714476176,0 33.89610004190767,34.9591060195342,0 33.89611264068502,34.9591024823414,0 33.89612503651747,34.95910645256882,0 33.8961669841249,34.95918127349896,0 33.89621352145168,34.95924924058276,0 33.89626287045495,34.9593080476449,0 33.8963236214891,34.95936793153489,0 33.89631623051213,34.9593808652262,0 33.89636171489012,34.95940771833995,0 33.89635661974947,34.95941872593263,0 33.89634056279274,34.9594150829148,0 33.89632597672754,34.95942173650129,0 33.89632121685314,34.959434877025,0 33.89632899259463,34.95944702183428,0 33.8962881925038,34.95946645326792,0 33.89627144417028,34.95946789380775,0 33.89625548687926,34.95946344960371,0 33.8962432408172,34.95945393289757,0 33.89623693104996,34.95944107417574,0 33.8961891237856,34.95941376131769,0 33.89617994229219,34.95942193802613,0 33.89610470068762,34.95942917075445,0 33.89608273530796,34.95948704920187,0 33.89611656466194,34.95950778679647,0 33.89615433089553,34.95951752534399,0 33.89616704555338,34.95951456959198,0 33.89618569306423,34.9595244483027,0 33.89625219328222,34.95951250984534,0 33.89628830405644,34.95952989178521,0 33.8963338794653,34.959511907003,0 33.89635421881973,34.95951748075423,0 33.89635672082553,34.95953931392684,0 33.89636600168812,34.9595598693664,0 33.89638539554902,34.95958107218217,0 33.89641185693916,34.95959623575846,0 33.8964147252652,34.9596217439207,0 33.89643477189296,34.95964175657456,0 33.89646000197064,34.95964881576452,0 33.89649461693489,34.95964093895201,0 33.89651616659545,34.95965127392839,0 33.89654391201335,34.9596489147772,0 33.89656897460934,34.95965899215263,0 33.89655566718761,34.9596910619995,0 33.89656768281677,34.95970002331174,0 33.89659467350219,34.95967400898148,0 33.89660934691539,34.95964200025608,0 33.89661797411566,34.95963621270113,0 33.89663670635428,34.95963878490306,0 33.896645282121,34.95963249745124,0 33.89664738068785,34.95962311645506,0 33.89665607022902,34.95962305230066,0 33.89666788114997,34.95964347546094,0 33.89664963093534,34.9596805304739,0 33.89669737252228,34.9596914337212,0 33.89676267982298,34.95972958804705,0 33.89678019376402,34.95975439854419,0 33.896804247406,34.95976321415526,0 33.89682657263948,34.95976181979506,0 33.89684589587945,34.95975250810506,0 33.89687686405465,34.95969954235254,0 33.89689528727713,34.95969485425046,0 33.89691538063862,34.95970628158502,0 33.89692271276943,34.95974080768286,0 33.89693566891753,34.95976152072036,0 33.89695843172516,34.95977536390421,0 33.89697504862602,34.95979310594215,0 33.89700137721757,34.95984148139463,0 33.89700744749614,34.95989032285818,0 33.89699408576307,34.95994100787576,0 33.89701409359514,34.95994789549426,0 33.89702600741223,34.95996277787933,0 33.89702580451538,34.95998063061933,0 33.89701355389244,34.95999532641779,0 33.89703604721696,34.96002683262306,0 33.89703958090301,34.96004837151427,0 33.8970344652373,34.96012189198066,0 33.89705118800483,34.96015245467731,0 33.89712579363198,34.96024634733116,0 33.89707802607131,34.96028744686743,0 33.89707163558136,34.96030356775878,0 33.89707629597872,34.96032008566393,0 33.89717131090323,34.96038243011655,0 33.89717244467412,34.9603988532828,0 33.89713587964599,34.96044502516608,0 33.89713544978265,34.96046395134072,0 33.89714986226704,34.96047611917954,0 33.8972055090194,34.96048997719051,0 33.89723782001052,34.96052092226856,0 33.89726496539362,34.96053450676303,0 33.89729530458822,34.9605422599623,0 33.8973257116987,34.96056779268107,0 33.8973407314426,34.9605947821652,0 33.89733443682335,34.96062401316037,0 33.89735286954308,34.96066728277062,0 33.89738108039069,34.96065787287617,0 33.89740291155495,34.96066376443427,0 33.89742255751942,34.96068203117095,0 33.89741924608994,34.96069766060111,0 33.89742405385711,34.96071302451721,0 33.89747612555166,34.96075938520149,0 33.89750889591189,34.96076837512303,0 33.89754059227209,34.96076161026827,0 33.89761641332171,34.96071303435897,0 33.89766197866901,34.96069409457529,0 33.89771967265167,34.96072467252679,0 33.89772733078195,34.96076124052249,0 33.89774206133475,34.96077083515801,0 33.8977607814862,34.96076956191965,0 33.89778416688032,34.96074136736421,0 33.89782702525464,34.96074167159306,0 33.89786275552707,34.96072218428183,0 33.89789292693791,34.96071605076953,0 33.89792357187177,34.96072030323404,0 33.89791960962295,34.9607348801519,0 33.89792388925463,34.96074939703473,0 33.89795779873515,34.96077728878993,0 33.89798300307957,34.96078435415843,0 33.89799528145878,34.96079739850716,0 33.89800347121194,34.96082838832313,0 33.89801830835075,34.96085146160539,0 33.8980430780299,34.9608713714559,0 33.89807425951874,34.96088375050183,0 33.89807701960881,34.96092427396073,0 33.8981176417198,34.96094078548919,0 33.89814158399545,34.96097286486864,0 33.89814399560245,34.96099860711469,0 33.89813430389583,34.9610235410787,0 33.89807018154328,34.96104125715797,0 33.89810094198899,34.96104795601106,0 33.89813080995504,34.96106116592632,0 33.89815457584137,34.96107858180353,0 33.89817397363689,34.96110147440946,0 33.89820132485725,34.96110509314268,0 33.89822114163134,34.96112012337499,0 33.89822776230388,34.9611422676663,0 33.89821868118424,34.96116315255895,0 33.89824034641582,34.96119074358343,0 33.89823904046872,34.96122357936104,0 33.89817396405503,34.96125983524274,0 33.89816910550392,34.96126863093578,0 33.89817571883081,34.96127665672663,0 33.89821857640467,34.96127445404021,0 33.8982509682438,34.96127953450178,0 33.89828373676465,34.96129374691,0 33.89830957234421,34.96131559403057,0 33.89830427222397,34.96133098129434,0 33.89828722696388,34.96133865475606,0 33.89834160689281,34.96138404340679,0 33.89834692533712,34.96140103322843,0 33.89836003567216,34.96141494934292,0 33.89837870133327,34.96142341779173,0 33.8984220906019,34.96142869178041,0 33.89843613844326,34.9614432310265,0 33.89843540783908,34.96146176190987,0 33.89842024437197,34.96147552031042,0 33.89841764938262,34.96150320513514,0 33.89838817064282,34.96150962390433,0 33.89837379113165,34.96151926974238,0 33.89837199628654,34.96153619950697,0 33.89833146491735,34.96156966706782,0 33.89833576353565,34.96158149853595,0 33.89835072465074,34.96158240283894,0 33.89840156611357,34.96153441324021,0 33.89842084306624,34.96153036939747,0 33.89844293352947,34.96154223329585,0 33.89846823516938,34.96153942936403,0 33.89851569512783,34.9615107726239,0 33.89854004460138,34.9615161324487,0 33.89855461371913,34.96152997465078,0 33.89857359035124,34.96153954317487,0 33.898595188689,34.9615439372174,0 33.89861739507376,34.96154274802095,0 33.89865403318299,34.96160830131595,0 33.89864719932903,34.96162049908767,0 33.89865298334893,34.96163309024579,0 33.89866478961174,34.96163827244073,0 33.89869894558684,34.96163563459948,0 33.89873785169125,34.96164345564108,0 33.89873268563333,34.96167041314235,0 33.89870952885928,34.96168113263504,0 33.89870002058534,34.9616809406906,0 33.8986839493477,34.96169489242992,0 33.89870899676392,34.9617071084769,0 33.89873205670475,34.961696444686,0 33.89874719764556,34.9617034870129,0 33.89873578749938,34.96174641567418,0 33.89874652106401,34.96175784345498,0 33.89876391050814,34.96175902449242,0 33.89878390059073,34.96172181838818,0 33.8988271119763,34.96169955682064,0 33.89883039016918,34.96168140639954,0 33.89885451102854,34.96167414741639,0 33.89887984174777,34.96167721216849,0 33.89890000634303,34.96168947783688,0 33.89890432317068,34.96171329500293,0 33.8989136546056,34.96171894979454,0 33.89898610524693,34.96172127544032,0 33.89901789333506,34.96175275932907,0 33.89902003748782,34.96176190704148,0 33.8990153599795,34.96177043100843,0 33.89897700619506,34.96179002911797,0 33.89897948892428,34.96185403504624,0 33.89898853667496,34.96186218519115,0 33.89900153172001,34.96186522855579,0 33.89905261274585,34.96186525243983,0 33.89906993823711,34.96187851891339,0 33.89906829030384,34.96189364931502,0 33.89903022180945,34.96194057293035,0 33.89903074045523,34.9619581832563,0 33.89904772478848,34.96196838300725,0 33.89906731120043,34.96196409519679,0 33.89909046360442,34.96193944099879,0 33.89909973776537,34.96193984917763,0 33.89909877364801,34.96195763814007,0 33.89910878039964,34.96196617238144,0 33.89915392619724,34.96195730733588,0 33.89916954776212,34.96196052864174,0 33.8991783179386,34.96197012846807,0 33.89917830245606,34.96198214147749,0 33.89911222063721,34.96207492098356,0 33.89910712437605,34.96209162010332,0 33.89910899511221,34.96210791159238,0 33.89912032376512,34.96212629550719,0 33.89924268262986,34.96224263313783,0 33.89933943938083,34.96250150856399,0 33.89945922848658,34.96249383391935,0 33.89945829134316,34.96247420757182,0 33.8995665499974,34.96247999492365,0 33.89957996412372,34.96248520568049,0 33.89958904089593,34.96249539812526,0 33.89959103892578,34.962507498076,0 33.89958559813223,34.96251931600729,0 33.89951805500657,34.96257496276034,0 33.89948145627272,34.96261911735704,0 33.89935060848492,34.96268114061267,0 33.89933610793438,34.96267981748089,0 33.89931016755131,34.96269193413192,0 33.89930748423668,34.96271151067146,0 33.89926254945871,34.96273521568487,0 33.89923825800289,34.96273921206136,0 33.89922656205483,34.96276679392029,0 33.89923233464908,34.96277541719027,0 33.89924388789681,34.96277826838923,0 33.89932463364568,34.96274271256699,0 33.89944174956346,34.96270741284513,0 33.89953656365626,34.96265548881631,0 33.89959085530904,34.96263194965626,0 33.89966506470342,34.96260998458705,0 33.89973623636834,34.96259860723048,0 33.89975009854549,34.96260473677599,0 33.89975538799555,34.9626169367308,0 33.89975048853326,34.96263620429483,0 33.89973450592178,34.96265826356369,0 33.89975294456862,34.96266605923451,0 33.89976653964567,34.96267900440257,0 33.89977311692126,34.96269442451376,0 33.89977375877095,34.96271567735935,0 33.89979788465542,34.96274391238629,0 33.89981167458048,34.96277407725876,0 33.89983496410395,34.96278439874011,0 33.89982544851232,34.96281499679284,0 33.89987904140022,34.96284131073168,0 33.89990386510173,34.96283301783972,0 33.89997893859795,34.96284510719147,0 33.90002313903879,34.96286140135474,0 33.90006317899532,34.9628838296826,0 33.8999840615419,34.9629607335381,0 33.90005258834316,34.96297501307313,0 33.90027065460377,34.96283506954844,0 33.90030853645511,34.96290824520766,0 33.90028779927589,34.96302526119873,0 33.90042943543006,34.9629960686843,0 33.90047872284496,34.96305246498426,0 33.90056747548375,34.96306182317161,0 33.90058544610562,34.96311558972375,0 33.90054311401772,34.96315759315517,0 33.9005250508664,34.9632090507254,0 33.9005793236741,34.96320539693908,0 33.90063199850214,34.96318679362553,0 33.9006118720771,34.96325372092608,0 33.900792608095,34.96335588675165,0 33.90079601172021,34.96345507534096,0 33.90070373064042,34.96354686468059,0 33.90079948279286,34.96352050889315,0 33.90096535875179,34.96341661402792,0 33.90103120837842,34.963450945467,0 33.90097212408453,34.96352510350128,0 33.90095073417875,34.96361562702639,0 33.90104205443437,34.96359491601137,0 33.90110341588712,34.9636426366765,0 33.90113376775295,34.96376881406281,0 33.90103988448868,34.96382007080167,0 33.9011265029623,34.96384614004177,0 33.9011759434529,34.96391272517588,0 33.90120558039791,34.96397999357927,0 33.90121910050934,34.96405094749579,0 33.90121590775087,34.9641224563031,0 33.90119619839106,34.96419214877684,0 33.90116439255603,34.96425200665345,0 33.90120853771165,34.9642831602767,0 33.90123113853821,34.96444211667266,0 33.90136002204176,34.96456173701324,0 33.90148932357801,34.96469149660155,0 33.90150903620759,34.96471127920294,0 33.90165024977255,34.96486586653506,0 33.90176091409377,34.96499726862071,0 33.90193698860138,34.965229017518,0 33.90205127205662,34.96539801484958,0 33.90215678874546,34.96557083240195,0 33.9023188187094,34.96587114775072,0 33.90234800174488,34.96593591333734,0 33.90237021579411,34.96600252717921,0 33.90238529320295,34.96607048033675,0 33.90239319793899,34.96614058253262,0 33.90239276650278,34.96622346354408,0 33.90238436714408,34.96629219418172,0 33.90233625741988,34.96652984913828,0 33.90228942146239,34.96672660826004,0 33.90223281844314,34.96692161910844,0 33.90217705409629,34.96708588164417,0 33.90206811919218,34.96735720291302,0 33.90198027565074,34.96754420965212,0 33.90183912801625,34.96780527863706,0 33.90167968351905,34.96805910810497,0 33.90138176738932,34.96847725823402,0 33.9013289956265,34.96857837531952,0 33.90129037796165,34.96868848690432,0 33.90127154233879,34.96878155141984,0 33.90126459839102,34.96888029118818,0 33.9012702602667,34.96897452236855,0 33.90128785792692,34.96906775094658,0 33.90131312214257,34.96914830310104,0 33.90135255214089,34.96923689149418,0 33.90148845675266,34.96945222623363,0 33.9014690580505,34.96945670594729,0 33.90142262728113,34.96950056090699,0 33.90140356851119,34.96950708425128,0 33.90138719854787,34.96950215795811,0 33.90132612128509,34.96941072500928,0 33.90100648706132,34.96932993892041,0 33.9005827234064,34.96924421754929,0 33.90036999101626,34.96920580558411,0 33.90034684614542,34.9692281929482,0 33.90037088229045,34.96928725886343,0 33.90022753767271,34.96934164086914,0 33.90013080753511,34.96921646470895,0 33.89982828385416,34.96902912736581,0 33.89219235108938,34.96720588331944,0 33.8900018416947,34.96668474798444,0 33.89008954983821,34.96656690572826,0 33.89023913636688,34.96629373836122,0 33.89040806235025,34.96592834335134,0 33.89048895724933,34.96588589299543,0 33.89055065371917,34.96571382569643,0 33.89045807250432,34.9656161407034,0 33.89007698052366,34.96563986306062,0 33.88981275867304,34.96565644973082,0 33.88980706304464,34.96559998387865,0 33.88998590234861,34.96544589493686,0 33.88994418716182,34.96534992979441,0 33.89022300446459,34.96527254308835,0 33.89010074156647,34.9650160178256,0 33.88878099430468,34.96569539817757,0 33.8889051766185,34.96612980293131,0 33.8890178798875,34.96649544206517,0 33.88662799892813,34.96724993580524,0 33.88297875483106,34.96846538889037,0 33.88169487820435,34.96831546055908,0 33.88103267749697,34.96823878772899,0 33.8798748542475,34.96809533316924,0 33.87882492788417,34.96794367997082,0 33.87822111047099,34.96970010164808,0 33.87817862894809,34.96982316817756,0 33.87645939439273,34.974803316817,0 33.87426668999693,34.97896927286261,0 33.87421754846203,34.97907463829372,0 33.87407348375276,34.97934297691064,0 33.8738651511893,34.97974861145033,0 33.87386275567259,34.97975321498801,0 33.87237606782369,34.98261054005752,0 33.87189385239063,34.98271265069086,0 33.87165459225493,34.98275573631939,0 33.8714089810794,34.98280154330099,0 33.8715391229693,34.98301246845131,0 33.87149904816652,34.98303802129955,0 33.87154772806117,34.9830795398424,0 33.87160100351045,34.98305822341524,0 33.87163196675673,34.98308326632046,0 33.87168085836597,34.98306198133005,0 33.87191670218849,34.98327704440706,0 33.87180406644777,34.98335649089012,0 33.8718990086394,34.98344530497345,0 33.87191492969192,34.98346202237769,0 33.8719031011056,34.98347626101842,0 33.87182424923996,34.98359288178592,0 33.87140564074827,34.98421940310432,0 33.87143104207558,34.98422732432502,0 33.87142668104575,34.98430052090571,0 33.87165407678827,34.98434072588906,0 33.87167752818895,34.98428205793019,0 33.87195796896086,34.98429577260821,0 33.87183464412495,34.98471176293779,0 33.87069110637653,34.98467091523695,0 33.87068785138057,34.98476898775186,0 33.87038422008834,34.98477911423136,0 33.87070584741938,34.98492623763926,0 33.87074621303383,34.98521136023356,0 33.87065264568636,34.98521400170324,0 33.87067733579464,34.98542927229896,0 33.87065073614367,34.98543357521275,0 33.87070502031298,34.98572200705664,0 33.87070913181347,34.98575210126366,0 33.87067214859259,34.98575294608586,0 33.87057312371286,34.98575213914225,0 33.87057036069707,34.98577254939326,0 33.8705665586725,34.98579641042027,0 33.87054015119799,34.98579642760581,0 33.87037563864705,34.98580698249655,0 33.86991667665123,34.98647288678503,0 33.8699882855183,34.98648288212502,0 33.87006524691407,34.98651595802152,0 33.87020747798826,34.98656327681109,0 33.87037638799491,34.98659779457171,0 33.87054261178974,34.98661972175513,0 33.87065556068853,34.98660004383569,0 33.87064767647201,34.98699547074209,0 33.8703716689265,34.98691996501849,0 33.87020697593174,34.98686948939857,0 33.87012708533099,34.98684820679726,0 33.86962429054579,34.98671562393888,0 33.86934686992639,34.98716632023701,0 33.86838923757674,34.9875304601646,0 33.86843703644447,34.98762534244126,0 33.86805235415554,34.98791327388302,0 33.86813488885148,34.98811129240219,0 33.86829419755288,34.98808283097756,0 33.86842914470304,34.98864932034085,0 33.8686409913335,34.98864804726117,0 33.86871942814273,34.98960799963614,0 33.86867512527764,34.98981099323704,0 33.86844877903059,34.98944815112518,0 33.86819987346237,34.98944625550171,0 33.86795291737776,34.98982784165187,0 33.8679782667576,34.98984201691797,0 33.86795043132071,34.98988068290753,0 33.86748371898857,34.98966242181071,0 33.86734965933949,34.98996116864861,0 33.86733183138283,34.98998716421831,0 33.86730463869993,34.98997641916983,0 33.86690986262316,34.98982233587277,0 33.86687779961105,34.98987001329727,0 33.86695759007466,34.98991411030214,0 33.86698234817888,34.98992997921166,0 33.86696823203375,34.98994952669133,0 33.86680921306749,34.99019037707047,0 33.86613398843507,34.99121270137368,0 33.86650242960085,34.99151282690507,0 33.86652360936949,34.99153334468996,0 33.86650147019758,34.991551706357,0 33.86626107257838,34.99173623632834,0 33.86590202705081,34.99194634189111,0 33.86573467424483,34.99204830765197,0 33.86475019649176,34.99103434604142,0 33.86458703014308,34.99109097725331,0 33.86490237136952,34.99158498355873,0 33.86507350515166,34.99154847645456,0 33.86510958040837,34.99166584406822,0 33.86495857639833,34.99170849142108,0 33.86539224266524,34.99229674038224,0 33.86518123010373,34.99244062673934,0 33.86540875504321,34.9926429516433,0 33.86535061201084,34.9927238172948,0 33.8657123805759,34.99298478386787,0 33.86578925288847,34.99292181685459,0 33.86582146509244,34.99293961949832,0 33.86571988902688,34.99304010563479,0 33.86568066654362,34.99311821075138,0 33.86566532854876,34.99312592878722,0 33.86552736551518,34.9930431955646,0 33.86549029872607,34.99310113730254,0 33.86530369891879,34.99311933617125,0 33.86520656392862,34.99321079341706,0 33.86521357983923,34.99336963476308,0 33.86530227715463,34.99342477720497,0 33.8652388742044,34.99353879838912,0 33.86543483692307,34.99359280479606,0 33.86540923630001,34.9936803224133,0 33.86539044365462,34.99374456618877,0 33.8652091482236,34.99436432701735,0 33.86559039669546,34.9944663916833,0 33.8655884058856,34.99447289591057,0 33.86552335061445,34.99468542966814,0 33.86529015628062,34.99466196752421,0 33.865222662447,34.99488684415519,0 33.8651816613647,34.99505960536858,0 33.86491408749604,34.99554553863344,0 33.86484860084814,34.995533024231,0 33.86479163122358,34.99568735380144,0 33.86470334518459,34.99586416091446,0 33.86471925633279,34.99587702944209,0 33.86486623890008,34.99592419968823,0 33.86486068826989,34.9960392182466,0 33.86486178083292,34.9961430635778,0 33.86507767510451,34.99631399422264,0 33.86478048883849,34.99634207450202,0 33.86463591423096,34.99673811463976,0 33.86454558001616,34.99672021276051,0 33.86449112374363,34.9971137567012,0 33.86440108165059,34.99712367052987,0 33.86435743583975,34.99725935973446,0 33.86428530344381,34.99725801915717,0 33.8642758549322,34.99733755414204,0 33.86423660070996,34.99777021021719,0 33.86467636730853,34.99779860475402,0 33.86467080837901,34.99804927936162,0 33.86480524276622,34.99866703055953,0 33.86483114665255,34.99866841804162,0 33.86475309432811,34.99896766231636,0 33.86461601709657,34.99891730262555,0 33.86452792350045,34.99911265343196,0 33.86432125698477,34.9996055689635,0 33.8642460375488,35.00016802010737,0 33.86429383849374,35.00042731059096,0 33.86377237132974,35.0004474818171,0 33.86372408009382,35.00014732275659,0 33.86311927513136,35.00018876567475,0 33.86317619508998,35.00052938123357,0 33.86307800615893,35.00055709054234,0 33.86297535054364,35.00015940030215,0 33.86287141475565,35.00022598049546,0 33.86247018745023,35.0003115545334,0 33.86242171553354,35.00058032557214,0 33.86198109893321,35.00062734855241,0 33.86149639319881,35.00077428855605,0 33.86093187157126,35.00098582679545,0 33.86109134136955,35.00147439709691,0 33.8605548979396,35.00157949446545,0 33.86087919993846,35.00237572244865,0 33.86066102543083,35.00250557380848,0 33.86079924021445,35.00296885416689,0 33.86133346373006,35.00284688924911,0 33.86139255078053,35.00241597390001,0 33.8615235681887,35.00238803294729,0 33.86141774694266,35.00198685842003,0 33.86133694361901,35.00180860994366,0 33.86207494991141,35.00155520307772,0 33.86270286036121,35.00136841377858,0 33.86290779669299,35.00193251061238,0 33.86345302117602,35.00186615525325,0 33.86316578830211,35.00090592728674,0 33.86380872573964,35.00078317845853,0 33.86390563912139,35.0016395940752,0 33.86429877984818,35.00163773378776,0 33.8642620433306,35.00148563389312,0 33.86450975232132,35.00141852531812,0 33.86476276903766,35.00170149997089,0 33.86418341677601,35.00193062161822,0 33.86416670246381,35.00221080142149,0 33.8639720479031,35.00222487055145,0 33.86382728515715,35.00192331872791,0 33.86359855515957,35.00192431978451,0 33.86375701984994,35.00259897065521,0 33.86370819192018,35.00260498966099,0 33.86329074937189,35.00264559238893,0 33.86314152600963,35.00265816256188,0 33.86309151615797,35.00284465568755,0 33.86298715741449,35.00284696069413,0 33.86285195221959,35.0028521989785,0 33.86284116211438,35.00381966702525,0 33.86307253965966,35.0038232474352,0 33.86310494289539,35.00382352271269,0 33.86310467628291,35.00385175080409,0 33.86307671921618,35.00427315393339,0 33.86313464792453,35.00427688391724,0 33.86313805481291,35.00429178764632,0 33.8631413093393,35.00485289911273,0 33.86316903858535,35.00486226118868,0 33.86322165779494,35.00504808033003,0 33.86319173848991,35.00534887578836,0 33.86318973148626,35.00538892178031,0 33.86363798724053,35.0054001194052,0 33.86361938827891,35.00573656556904,0 33.86419796922517,35.00589028396963,0 33.86416698925451,35.00620678579421,0 33.86391250218781,35.00621223989974,0 33.86394552182441,35.00633523865557,0 33.86396851240561,35.00642743521728,0 33.8639794041517,35.00642680964324,0 33.86397969204581,35.00642678776338,0 33.86398585428719,35.00650190014158,0 33.86388433047275,35.00655567507307,0 33.86394105571754,35.00684042299507,0 33.86362629624109,35.00697693970164,0 33.86319489929649,35.00716404196384,0 33.86300211639171,35.00718700836483,0 33.86315323854128,35.00750511116829,0 33.86273548574064,35.0077364226882,0 33.86275834362531,35.00776348404455,0 33.86263350969975,35.00783969701366,0 33.86238446442281,35.00798887764257,0 33.86204834780174,35.00822020617802,0 33.86181240387243,35.00783268149425,0 33.86139657297575,35.00798062940239,0 33.86120270947225,35.00765969352304,0 33.86074832248463,35.00779193290314,0 33.86075640038527,35.0078128897654,0 33.86030481303328,35.00801794460625,0 33.86007189475239,35.00769716922517,0 33.85989067581804,35.00776885822418,0 33.8596214896024,35.00787427541709,0 33.85947145037225,35.00793036341678,0 33.85941432250253,35.00779007056572,0 33.85934029429399,35.00759273015825,0 33.85909084669213,35.00766789362586,0 33.85892044458834,35.0077175935847,0 33.85879863394159,35.007529330855,0 33.8586806361356,35.00732972584473,0 33.85913515895628,35.00720850824072,0 33.85877929670325,35.00680691448935,0 33.85833129269393,35.00698789292768,0 33.85845708042661,35.0071809775179,0 33.85855497766355,35.0073370804359,0 33.8582242479679,35.00746065302063,0 33.85831386524404,35.00757640346377,0 33.85834778215392,35.0076263170692,0 33.85832165232328,35.00763827583381,0 33.85779548469107,35.00783861167033,0 33.85749919992383,35.00801537067335,0 33.85742585206398,35.00805141630775,0 33.85741264148358,35.00802722883159,0 33.85712388741931,35.0073944944194,0 33.85631599176912,35.0077575114086,0 33.85596012287337,35.00685496691881,0 33.85587607091878,35.00663816632183,0 33.85566851771366,35.00669843470781,0 33.85476333937101,35.00694726904125,0 33.85498959005111,35.0076158787839,0 33.85499921713878,35.00764382984799,0 33.85497041355727,35.00764840719945,0 33.85386971238626,35.0080194707104,0 33.85330749628139,35.00818035065728,0 33.85278768368001,35.00743280963965,0 33.85266479952293,35.00746149533739,0 33.8525492019127,35.00749410397045,0 33.85259901052862,35.0076388260198,0 33.85218077218597,35.00783452957634,0 33.85178389177562,35.0072947861513,0 33.85152086667578,35.00731849226339,0 33.85150365151683,35.00728880398037,0 33.85116647849051,35.00738258363889,0 33.85103429670578,35.00698009129834,0 33.85084620430175,35.00700923234396,0 33.85099861795621,35.00726651110482,0 33.85080317661286,35.00728576665879,0 33.85073295196827,35.00726837344993,0 33.85042359874061,35.00748318075868,0 33.85026532965902,35.0075935906413,0 33.85044350784528,35.00777318514714,0 33.85001681544198,35.0080861909716,0 33.84966381993552,35.00781839166527,0 33.84983588343744,35.00764031848177,0 33.85001019614438,35.0074463305381,0 33.84988286065084,35.00727830300821,0 33.85061352763458,35.0069313711395,0 33.85051717603558,35.00675025613822,0 33.85014326201924,35.00697587211668,0 33.84997822967129,35.00705048601667,0 33.84982565192249,35.0070961535009,0 33.84954370768845,35.00727390151415,0 33.84944252247399,35.00735593785448,0 33.84925277082356,35.00749041760332,0 33.84834629770794,35.0074718827185,0 33.84795014439796,35.00817020171248,0 33.84738337311873,35.00801716434591,0 33.84681801700669,35.00776673695947,0 33.84684114483006,35.00766721144767,0 33.84666197133627,35.00739024104535,0 33.84542879521548,35.0073480423609,0 33.8453820150547,35.00735417316174,0 33.84514888225004,35.00739304135281,0 33.84497126447651,35.00742207333536,0 33.84474969751154,35.00745737365644,0 33.84450581632194,35.00749896641839,0 33.84433641709087,35.0075292995929,0 33.84424148420572,35.00754683852691,0 33.84398878869517,35.00759279300942,0 33.84393674507852,35.00744989285132,0 33.84385150098211,35.00723346878961,0 33.84377609846419,35.00725313227044,0 33.84355068129026,35.00730440191487,0 33.84326362500036,35.00737165834325,0 33.84287064858269,35.00746121641219,0 33.84287038737632,35.00746127771803,0 33.84248271031178,35.00755243556721,0 33.84244004267124,35.00756168345506,0 33.84209796440534,35.00760279191009,0 33.84208574712712,35.00760709338965,0 33.84164993204059,35.00775074257844,0 33.84161516562812,35.00775863197358,0 33.84160553043169,35.00773115851109,0 33.84135539684814,35.00674284892515,0 33.84130963635114,35.00656201936056,0 33.84120212531852,35.00658387063428,0 33.8410039555034,35.00663943745615,0 33.84101564702286,35.00668845896139,0 33.84097471637249,35.00669794939224,0 33.84101715239692,35.00688970086835,0 33.84106857870157,35.00708220849107,0 33.84073079600591,35.0072041365169,0 33.84054079718089,35.00726420704394,0 33.8398502157987,35.00746854779381,0 33.83975251292099,35.007500068581,0 33.83946975463115,35.00757780198163,0 33.83936760650813,35.00763964092999,0 33.83903450779373,35.00733229454,0 33.8394014096429,35.00705431257254,0 33.83916527793003,35.00681776016965,0 33.83916509195065,35.00681757126139,0 33.83912553553278,35.00677810498956,0 33.8388167396224,35.00699892743292,0 33.83875383897296,35.00704247577094,0 33.83792415298105,35.00762091491266,0 33.83789701527058,35.00763478360795,0 33.83786545831489,35.00760129203015,0 33.83733376160721,35.00788476730082,0 33.83730587661969,35.00789875098992,0 33.83729069162571,35.00787944242541,0 33.83702589057382,35.00761941843818,0 33.83699797867815,35.00759612600487,0 33.83746367872237,35.00730991934073,0 33.83743348184319,35.00727483541514,0 33.83730895227212,35.00712687171304,0 33.83726051582421,35.00706974198074,0 33.8369663782112,35.00724394401066,0 33.8369029432644,35.00720352573891,0 33.83671465258699,35.00728024979669,0 33.83666066981548,35.0072303376594,0 33.83652231879488,35.00733500110943,0 33.83642418947174,35.00726339549725,0 33.83644879209044,35.00724122653717,0 33.83615227080848,35.00700442274432,0 33.83595983362078,35.00686118269999,0 33.83581833369232,35.00703186440322,0 33.83535847704201,35.00725973503964,0 33.83536431815078,35.00727069454936,0 33.83544434918854,35.00725285858986,0 33.83553347170341,35.00737795352052,0 33.83560052633278,35.00758648279078,0 33.83524490031935,35.00773506720261,0 33.83523861919945,35.00786867626523,0 33.83503158036283,35.00798009609355,0 33.83495913389275,35.00780460183277,0 33.8349977999424,35.0076629134467,0 33.83511401984281,35.00763540106164,0 33.83493896430047,35.00713534109903,0 33.83496367795857,35.00712417138406,0 33.83489495542323,35.00693922375702,0 33.83477676318363,35.006960464073,0 33.83465475209718,35.00698173053454,0 33.83470399382538,35.00712910064834,0 33.83440285481227,35.00718931109702,0 33.83421101672153,35.00672864993714,0 33.83412235573349,35.0065043506028,0 33.83412148908831,35.00650466663804,0 33.83410942294999,35.00648049754703,0 33.83405028711733,35.00638011272027,0 33.83364438588418,35.00657197672098,0 33.83375704225813,35.00675923915841,0 33.8340176066536,35.00719236718186,0 33.83403162011677,35.00721679782304,0 33.83400210898851,35.0072288377084,0 33.83366862406167,35.00735759696391,0 33.83264081375778,35.00775491060798,0 33.83261051753532,35.00776616592122,0 33.83259755674894,35.00774309440821,0 33.83210976255408,35.00698456131282,0 33.83210927836946,35.00698380836238,0 33.83190501678101,35.00666616992131,0 33.83162567931039,35.00680385664438,0 33.83151905055998,35.00685613610431,0 33.83148291361343,35.00687025702013,0 33.8314706275404,35.00687505908122,0 33.83101271923822,35.00706044521831,0 33.83098110341384,35.0070699081746,0 33.83096772782938,35.00704638772211,0 33.83084124302625,35.00679401766146,0 33.83077067923381,35.00665356133291,0 33.83034783422998,35.00683709418337,0 33.83053892069561,35.00713044812118,0 33.83055699268282,35.00716111428829,0 33.82954883574044,35.00736169578456,0 33.82956534688481,35.00738265753938,0 33.82939254028077,35.00745432301353,0 33.82915326017555,35.00702301266635,0 33.82880679220639,35.00715823638668,0 33.82894807257216,35.00734244686041,0 33.8289585344162,35.00736616861817,0 33.82893749579604,35.00737998284947,0 33.8281509469007,35.0077723882211,0 33.8276520450616,35.00802035302596,0 33.82757505853858,35.00800645384978,0 33.82732286474432,35.00764450009182,0 33.82691355016091,35.00786364025967,0 33.82688506015515,35.00787559755108,0 33.82686758920723,35.00785522156433,0 33.82633057099476,35.00714215376232,0 33.82621009294945,35.00719182138611,0 33.82562943285841,35.00742816378147,0 33.82502186653326,35.00774693766655,0 33.82501884909884,35.0077483273951,0 33.82499182517191,35.00776076824302,0 33.82499133821325,35.00776006035245,0 33.82453065479423,35.00802317638181,0 33.82449924162015,35.00798329122996,0 33.82409835812032,35.00754858488485,0 33.82381021809329,35.00720995335733,0 33.82346365418763,35.00721206166972,0 33.82268172619777,35.00721554136595,0 33.82273540231797,35.00770910859966,0 33.82254757788771,35.0077559471039,0 33.82178366986815,35.00732017986698,0 33.82103558147997,35.00844719707442,0 33.82093481504683,35.00840168216831,0 33.82091211934859,35.00839169497733,0 33.82035017795604,35.00813916010375,0 33.82031750624511,35.00812445201463,0 33.82020746599156,35.00807590017685,0 33.82017454984311,35.00806084486065,0 33.82001380430908,35.00798935964154,0 33.82012769835529,35.00774691890363,0 33.81981040167436,35.00750579480829,0 33.81977214887227,35.00753263260832,0 33.81935779383473,35.0071964310153,0 33.81902841914422,35.0068640010989,0 33.81898250832842,35.00681761049555,0 33.8186304182002,35.00644401275959,0 33.81854872590559,35.00649674818082,0 33.81842960551126,35.00656519935954,0 33.81829419707987,35.00664922186616,0 33.81820545835019,35.00670200546341,0 33.81779243266636,35.0069792439999,0 33.81699440953041,35.00751062286504,0 33.81683948798147,35.00730375870489,0 33.81643777303763,35.00681692261763,0 33.81639606510871,35.00681497129845,0 33.81617637866834,35.00693649566848,0 33.81603080478003,35.00702137274064,0 33.81538315026025,35.00736131747283,0 33.81502681144008,35.00754871675655,0 33.81466800536712,35.00775119027252,0 33.81443651530842,35.00787321258706,0 33.81412653322245,35.00806287256581,0 33.81427208940865,35.00823683449301,0 33.81430911815849,35.00829232656553,0 33.8143648091422,35.00843584898467,0 33.81438003757651,35.00850605294677,0 33.81461496451249,35.00913438684507,0 33.81467776560537,35.00931092725544,0 33.81457618466074,35.00935540332156,0 33.81462631369272,35.00949010129873,0 33.81363416465003,35.00969855249205,0 33.8128445828799,35.0098522531331,0 33.81286522056394,35.00992890839247,0 33.81297170828685,35.00993184402426,0 33.81298959448973,35.00994632321797,0 33.81301660489348,35.00998628683374,0 33.81302609023189,35.01004826633348,0 33.81303539392732,35.0100919992027,0 33.81307152865189,35.01015744902856,0 33.81307199813374,35.01020488992133,0 33.81308577371927,35.01025224257767,0 33.81305944934342,35.01028161511491,0 33.81300651275102,35.01031116680993,0 33.81287366395853,35.01033395330458,0 33.81262480564885,35.01028817569076,0 33.81227443856557,35.01052954216433,0 33.81261612932821,35.01074029791592,0 33.81362760456576,35.01134211927963,0 33.81359502783499,35.0113731897048,0 33.81349814593753,35.01142849428514,0 33.81287375751148,35.0119567812004,0 33.81261557235636,35.01137174427922,0 33.81165243644508,35.01176460709775,0 33.81119099563151,35.01094234843165,0 33.81062832381141,35.01119554725798,0 33.8109109809617,35.0117017647744,0 33.81039900006159,35.01189308650917,0 33.81010577184957,35.01137543655218,0 33.80962900307956,35.01149453909182,0 33.80972240636248,35.01168906627463,0 33.8101235076981,35.01256241150729,0 33.81013678988552,35.01259141267386,0 33.81032775824963,35.01300963537428,0 33.81057155079953,35.01359884030366,0 33.81063144455884,35.01374562996175,0 33.8100982662234,35.0138056226826,0 33.8102037059024,35.0141020474674,0 33.81021427477529,35.01413174457832,0 33.8102488486432,35.01422893652774,0 33.80973823506312,35.01433741270479,0 33.80985560022148,35.01450347239513,0 33.80981089299602,35.01468167811089,0 33.80922126882634,35.01467346551068,0 33.80921255392093,35.01505216534837,0 33.80921175758082,35.01508321649898,0 33.80920901776321,35.01522962669468,0 33.80890825559108,35.01513413408858,0 33.80891577415583,35.01509643722084,0 33.80848519772086,35.01503685855089,0 33.80844069746492,35.01507844878448,0 33.80840931347067,35.01511071504267,0 33.80836668509349,35.01520825678361,0 33.80832182114176,35.01521290212115,0 33.80833623541672,35.01526822748105,0 33.80835908086404,35.01537511325681,0 33.8083666343816,35.0154044033487,0 33.80786419874253,35.01535812974191,0 33.80754564366598,35.01530058463557,0 33.80725123183733,35.01523981786974,0 33.80682827887326,35.01515542760055,0 33.80642207562279,35.01507245332296,0 33.80609830736437,35.01501290098433,0 33.80559754483318,35.01491789185246,0 33.80559719920391,35.01491560640579,0 33.80475927665588,35.01476546111027,0 33.80444406259082,35.01470258366425,0 33.80417681583611,35.01462354104439,0 33.80389698138706,35.01453942342492,0 33.80365539421391,35.01446998080932,0 33.80327448238263,35.01435784499809,0 33.80273909251375,35.014214375128,0 33.80257086986527,35.01421634758692,0 33.80250631968229,35.01424084618874,0 33.80240188278142,35.01423181424995,0 33.80185305014763,35.01418628302142,0 33.8009017915724,35.0141177365274,0 33.80079614563167,35.01411063836633,0 33.79999334928316,35.01405734913114,0 33.79930451759633,35.01400720892889,0 33.79933791084109,35.014075264322,0 33.79937127859763,35.01414519838131,0 33.79938501668074,35.01417400934749,0 33.79944198727123,35.01429341786952,0 33.79944994576785,35.0143139965916,0 33.79946592344292,35.01435530867425,0 33.79961175208037,35.01473237529606,0 33.79877831731818,35.01511256548611,0 33.79874537237258,35.01512757150854,0 33.79816801602853,35.01539012721906,0 33.79813488425803,35.01540509824944,0 33.79802468835469,35.01545456945239,0 33.79791548313696,35.01526325503932,0 33.79650764012675,35.01569866094555,0 33.79641373634085,35.01527823433408,0 33.79603941537673,35.01537120644432,0 33.79600341992656,35.01538014911524,0 33.79551474394713,35.01550181375156,0 33.79569051189205,35.01644520886791,0 33.79517931206269,35.01655578845813,0 33.79489885407077,35.01571531101531,0 33.79473951236908,35.01535802354275,0 33.79431069948272,35.0155781951885,0 33.79424354064258,35.01553009724427,0 33.79370288596765,35.01585651512192,0 33.79318565869543,35.01621865305023,0 33.79309266649035,35.01615172999264,0 33.7941888599866,35.01544604114936,0 33.79255786432649,35.01549046842685,0 33.79280257459397,35.0153305958169,0 33.79300408599968,35.01521321014944,0 33.79345392082221,35.01489709808134,0 33.7915560402168,35.01534295252064,0 33.79154823037656,35.01518603883873,0 33.7909876273449,35.0151945523098,0 33.79089073815279,35.01474748365766,0 33.79068101290967,35.0147578659216,0 33.78958300267659,35.01488476928017,0 33.78958698827299,35.01490752794622,0 33.78987679386129,35.01612614260151,0 33.78887773585681,35.01629778543828,0 33.78873781017015,35.01588949524568,0 33.78763354547645,35.01613824271917,0 33.78744755393337,35.01556938853404,0 33.78709177758847,35.01562602713499,0 33.78700164009643,35.01564960539081,0 33.78693649843172,35.01566809898329,0 33.78700933465884,35.01583712797615,0 33.78611267863255,35.01595422555069,0 33.78583716909264,35.0160102873698,0 33.78516138473668,35.01615099920363,0 33.78516116275234,35.01615104480818,0 33.78507710705747,35.01616772356819,0 33.78507688942958,35.0161677664402,0 33.78474169385721,35.01623893526876,0 33.78456435679878,35.0158358288779,0 33.78416887795247,35.01596545017035,0 33.78351891089858,35.01613573755682,0 33.78348292657904,35.01614511002394,0 33.78328606864344,35.01619605756851,0 33.78315013315305,35.0158923853363,0 33.78191088397602,35.01619505038232,0 33.78060832126397,35.01641554211805,0 33.77984794833942,35.01654575520594,0 33.77986093978431,35.01659365488223,0 33.77989427940432,35.01673968776954,0 33.77935011624031,35.01674018713571,0 33.77876569004475,35.01658880556099,0 33.77836832414643,35.01648515482697,0 33.77793500145506,35.01720775538896,0 33.77881624821922,35.01747207898265,0 33.77891402741815,35.01750434884651,0 33.77899179325838,35.0175346919076,0 33.7791710457805,35.01772475990259,0 33.77867154708001,35.01776292011252,0 33.77879596758148,35.01818940722825,0 33.77808081388719,35.01828267016068,0 33.77894340164789,35.01981112533345,0 33.77917703291956,35.02023760043479,0 33.77852474711491,35.02040652494296,0 33.77887359683949,35.02099263691832,0 33.77912635896156,35.02092713608218,0 33.77928943672797,35.02131608167279,0 33.77904319631239,35.02137313366403,0 33.77927909419235,35.0220037573869,0 33.77878927362011,35.02213853081286,0 33.77902567468955,35.02275273819998,0 33.77923830463171,35.02310446607337,0 33.77660225742827,35.02419085682985,0 33.77676712418362,35.02466335990017,0 33.77650879342592,35.02483040850999,0 33.77615576208832,35.0249918201405,0 33.77578976909232,35.02511526298842,0 33.77506377787912,35.02422647346415,0 33.77500126351083,35.02409778378722,0 33.77474464093056,35.02418615382462,0 33.77164893872196,35.02221911728911,0 33.76991661573005,35.02267758593797,0 33.76833321284303,35.02309160560593,0 33.76703220734391,35.02344363383103,0 33.76689808684711,35.02348412220543,0 33.76691042416348,35.02351663333744,0 33.7670362793022,35.02387958394369,0 33.76705537072797,35.02393446469461,0 33.76812644664079,35.02703389458667,0 33.76814140403744,35.02732223314786,0 33.76824784641993,35.02929483405194,0 33.76745042072535,35.02987088812392,0 33.76722619451328,35.03003285906279,0 33.76709465340026,35.03012817229211,0 33.76706097892126,35.03015257231867,0 33.76686374951815,35.03029761858834,0 33.76657038013209,35.03050749276975,0 33.76598483582786,35.03093018624766,0 33.76589854476384,35.03093237057412,0 33.76573503635741,35.03093932107034,0 33.7655386833071,35.03091943038122,0 33.76538199208638,35.03089544655902,0 33.76500513241626,35.03080177752533,0 33.76485232559205,35.03069324914506,0 33.76466871397718,35.03053689282811,0 33.76460065390976,35.03050082418254,0 33.76464512781175,35.03042570644515,0 33.76411764143369,35.03030016027281,0 33.76389795070631,35.03023610124487,0 33.76369429295122,35.03018503008319,0 33.7635326236967,35.03017396605122,0 33.76331435430698,35.03013104016225,0 33.76315941046275,35.03005348511162,0 33.76301889178012,35.02994764799213,0 33.76290921544942,35.02986779424428,0 33.76284108772612,35.02991252166561,0 33.762672953105,35.02986424603161,0 33.76007340124907,35.02905239172237,0 33.75998493070995,35.02935983797344,0 33.75913539117165,35.0291870289,0 33.75913507370702,35.02915269398959,0 33.75888992636127,35.02901933879631,0 33.75882451363144,35.02946493407717,0 33.7588605032564,35.02949562420748,0 33.758886688882,35.02968559199905,0 33.75875695640104,35.0296786746993,0 33.75870774879403,35.02984438051251,0 33.75872859006066,35.02986280003751,0 33.75870204575016,35.03004073129433,0 33.75898961206632,35.03004511563053,0 33.75904515836225,35.02995511259676,0 33.75915767764852,35.02992967618955,0 33.75938575935287,35.02939495409097,0 33.75914648217229,35.02925778133458,0 33.75914375406784,35.02924492195311,0 33.7599646155406,35.0294200549936,0 33.75980348449999,35.03005201623523,0 33.75949897820414,35.03001929629641,0 33.75929646154207,35.03044886665695,0 33.75919545096227,35.03044711718994,0 33.7591660454919,35.03079325525157,0 33.75913890404554,35.03111274737334,0 33.75913063523579,35.03120572854519,0 33.75910495997898,35.03153934085171,0 33.76088656623485,35.03149384441964,0 33.76099842944478,35.03214320715725,0 33.76048608223635,35.0321409045543,0 33.76071839256193,35.03250726296659,0 33.76095675392299,35.03287334317984,0 33.76151289284269,35.03263378405208,0 33.76181221048549,35.03255464567665,0 33.76210905893611,35.03249054473616,0 33.76219997533672,35.03244705191597,0 33.7625605723347,35.03222373790653,0 33.76277867640257,35.03267090157151,0 33.7615227682954,35.03313590768914,0 33.76141629634034,35.03319022873412,0 33.7612293619969,35.03329012158093,0 33.76128775571754,35.03339706008168,0 33.76140735355234,35.03335124167722,0 33.76160991884196,35.03370720613003,0 33.76142750237452,35.03378150283473,0 33.76144300091966,35.03381886667846,0 33.76137014684647,35.03384078426988,0 33.76089442284997,35.03403047898408,0 33.76110639025692,35.03437896228942,0 33.76067664155364,35.03442448609483,0 33.76016723107936,35.03447493062814,0 33.75858105012227,35.03461082216878,0 33.75858889380619,35.0346707330736,0 33.75803287407248,35.03485109157401,0 33.75751844919581,35.03494707501913,0 33.7575030071908,35.03488669227524,0 33.75552367413685,35.034763994024,0 33.75552016128006,35.03508424220153,0 33.75499801985857,35.03508037304094,0 33.75500572142282,35.03472667233472,0 33.75459888857404,35.03456251246111,0 33.75447929932132,35.03495970811952,0 33.75410043114891,35.03485844517498,0 33.7539965255793,35.03517445059655,0 33.75480998953621,35.03548024832035,0 33.75497535390515,35.03589143953892,0 33.75521134719059,35.03594177953257,0 33.75514750457088,35.03623719380054,0 33.75483106117939,35.03684219926473,0 33.75444715334419,35.03657566548792,0 33.75418550900383,35.03689838637582,0 33.75404197805601,35.03685265375419,0 33.75394162379194,35.03693645005941,0 33.7538308531504,35.03698704138311,0 33.75376010815253,35.03699163993162,0 33.75340337203607,35.03778815462436,0 33.75295358149646,35.03781173921625,0 33.75290204747627,35.03825703296678,0 33.75339259446174,35.03826646419532,0 33.75337456659412,35.03905671600572,0 33.75225721882083,35.03906780690836,0 33.75220203394899,35.03966699204232,0 33.75139670808634,35.039518112991,0 33.75109053824669,35.04031846574165,0 33.75105347662036,35.04068881353034,0 33.75077118973756,35.04063960204493,0 33.75075254079572,35.04068746345511,0 33.75057342510039,35.04214606657049,0 33.75026614606722,35.04221321282758,0 33.75032423558277,35.04139214672228,0 33.74953296798582,35.04126130816687,0 33.74902880611101,35.04117559820877,0 33.74913417926844,35.04194606163998,0 33.74918608627257,35.04240272510594,0 33.74957354209277,35.04239860577555,0 33.74976197731902,35.04302262119128,0 33.74976343189459,35.04302743556764,0 33.74979255164266,35.04312980823396,0 33.75216021408832,35.04330664788759,0 33.75219766332935,35.04418775362775,0 33.75230293631024,35.04419578493067,0 33.75224570396571,35.04425553901712,0 33.75234046367883,35.0443499899919,0 33.75244955865574,35.04443247159989,0 33.75245977573805,35.04475910342138,0 33.75241802197365,35.04493161890075,0 33.75225594084744,35.04537217647155,0 33.75200267127323,35.045320287603,0 33.75172024168723,35.0452388797339,0 33.75133735321947,35.04522937116674,0 33.75128218489801,35.0455148284532,0 33.75113318148092,35.04580680599189,0 33.75075740436732,35.04578537210264,0 33.75064505321105,35.04613652142676,0 33.75057380868213,35.04624388023857,0 33.75054654891094,35.04642224558133,0 33.75048887912575,35.04643448182244,0 33.7504826342993,35.04654143937041,0 33.75041089922114,35.04659534211057,0 33.75030256373454,35.04659601216287,0 33.75003497489459,35.0465041038224,0 33.74986493480139,35.04602119165034,0 33.74937573245339,35.04610031190779,0 33.7493110913504,35.04639636051506,0 33.7493081655371,35.04649221486635,0 33.74932375489571,35.046563014171,0 33.74943047314129,35.04691137317403,0 33.74942752081754,35.04700167058567,0 33.74938401448902,35.04746434571754,0 33.74940885511535,35.04804767392407,0 33.74925591746836,35.04830230520614,0 33.74930822136246,35.048587370833,0 33.74936901567202,35.0489187138409,0 33.74937944312474,35.04897285567707,0 33.74938231726592,35.04921731587972,0 33.74937523550502,35.04950486472294,0 33.74939178987541,35.0497756746844,0 33.74949283221088,35.05000039540772,0 33.74953299301368,35.05005750479373,0 33.7489159136472,35.05026969110444,0 33.74746554863088,35.05076839150053,0 33.7466068459888,35.05105883177515,0 33.74390191623195,35.05197127073433,0 33.74309846566295,35.05224641855414,0 33.74262100963399,35.05241404056093,0 33.74206776995645,35.0526009291834,0 33.74158867411236,35.05276222938637,0 33.74124460128617,35.05288856874427,0 33.74071270727816,35.05305383604718,0 33.73785325152311,35.05604961660784,0 33.73774252599642,35.05616561531594,0 33.73763379262843,35.05659641096532,0 33.73760006705758,35.05678613052026,0 33.73752548819673,35.05715487912539,0 33.73741196310957,35.05752386352942,0 33.73713313372287,35.05791787279232,0 33.7368828629312,35.05823964959981,0 33.73659278235679,35.0584655907752,0 33.73624406480776,35.05866786773278,0 33.73603223158744,35.05893336441794,0 33.73589526081971,35.05912361614273,0 33.73571683130994,35.05929636622631,0 33.73535954324142,35.05959451168533,0 33.73441449027622,35.06018035620674,0 33.73402035207864,35.06038400779917,0 33.73366982931896,35.06063475083717,0 33.73349975487407,35.06066687298452,0 33.73330293512816,35.06088048814848,0 33.73305385267732,35.06117612026826,0 33.7328637523374,35.06140058745011,0 33.73256747059919,35.06160390897382,0 33.73223767816969,35.06176385690691,0 33.73193423542094,35.06190730538704,0 33.73151316072828,35.06223120587668,0 33.73088833745599,35.06273607789466,0 33.7306842990082,35.06288437045939,0 33.73059224006725,35.0629611801809,0 33.73052214000553,35.0632720693668,0 33.73039783295422,35.06344711502357,0 33.72998357155797,35.06401231547552,0 33.72978197606,35.06347260955513,0 33.72986117606303,35.06343945208806,0 33.72986649064052,35.06329235685113,0 33.72980020064247,35.06328730859978,0 33.72975972822434,35.06320585069496,0 33.7297724441966,35.06314585946002,0 33.72972983923036,35.06282475454408,0 33.72965015512946,35.06280344722573,0 33.72949329419912,35.06229783811718,0 33.72937511304297,35.06167216758151,0 33.72951294476203,35.06078351170273,0 33.72965166046674,35.0607391030732,0 33.73036975246912,35.06060974812024,0 33.73051895424923,35.06064003787378,0 33.73054901675597,35.06070706384552,0 33.7308625405697,35.06082249878557,0 33.7308628958195,35.06092004999309,0 33.73092257945273,35.06093216655525,0 33.73093422165658,35.06103115777812,0 33.73098236238484,35.06103523943481,0 33.73098756434189,35.06107252128233,0 33.7310458775241,35.06108694729996,0 33.73105381893622,35.06139967225903,0 33.73147240265402,35.06147716726982,0 33.73149409278391,35.06138711613479,0 33.73163331548457,35.0613269232888,0 33.73172754914669,35.06100270673491,0 33.73194777049955,35.06101442572622,0 33.73205723252853,35.06084022612106,0 33.73209384250866,35.06081617051338,0 33.73249767634481,35.05997638183702,0 33.73254223906409,35.05988371174206,0 33.73262559436346,35.05971036784815,0 33.73148370089282,35.05941926563768,0 33.73166925974292,35.05918728688326,0 33.7312655385368,35.05888297339595,0 33.73081182541431,35.05917631001643,0 33.73057319917159,35.05915835666764,0 33.7305364579622,35.05930474531127,0 33.73037243232475,35.05929887885086,0 33.73031401741524,35.05963430578554,0 33.73053787852675,35.0596949682724,0 33.73047254006512,35.06017672959378,0 33.73052478893602,35.06019495120105,0 33.73041583965083,35.06048644205703,0 33.72965546351794,35.0605938485046,0 33.72966649263298,35.06017254722704,0 33.72948715985374,35.05957209494346,0 33.72915633663689,35.0590336594603,0 33.72922307984412,35.05897368419341,0 33.72865675005102,35.05872176843958,0 33.72864046875919,35.05863676019497,0 33.72855245921669,35.05863303334137,0 33.728528698424,35.05828849637084,0 33.72847162394354,35.05827181721016,0 33.72843513267774,35.05765927202325,0 33.72816608116094,35.05766514288756,0 33.72819490189446,35.05799688405119,0 33.72821144595881,35.05811167827083,0 33.72824937032533,35.05830293921642,0 33.72820906671173,35.05842658567396,0 33.7272748729084,35.05870878499022,0 33.72725893373198,35.05866207204414,0 33.72698927530353,35.05859985893108,0 33.72688184782468,35.0587409282569,0 33.72680422499052,35.05874139337662,0 33.72660935165123,35.05894256044046,0 33.72630207400562,35.05872312457411,0 33.72596909831003,35.05910809600562,0 33.72638485997417,35.05930560569648,0 33.72618445790192,35.06005148531781,0 33.72533525823747,35.05941401448764,0 33.72536075638944,35.05937130898624,0 33.7250640939342,35.05918159309076,0 33.72449762477174,35.05891263855441,0 33.72349579507713,35.05856968188798,0 33.7234184020526,35.05918290884053,0 33.72287935020868,35.05908824993585,0 33.72223996665108,35.05906973825337,0 33.72219953679716,35.05925269708091,0 33.72226581502267,35.059276993458,0 33.72213177571277,35.05974199531483,0 33.72188493952191,35.05967432758072,0 33.72195213692485,35.05912083459365,0 33.72171100458511,35.0590185649517,0 33.72170417293305,35.05892477671529,0 33.72159015567219,35.0589353316116,0 33.72155286303819,35.05879234255399,0 33.72122826180764,35.05875970449814,0 33.72100124012643,35.05821289966135,0 33.72065888607597,35.05820999533427,0 33.7204070484667,35.05825593632543,0 33.7201069916705,35.05828240988781,0 33.72012117149956,35.05852924211832,0 33.7203572480862,35.05855590261967,0 33.72043288525782,35.05850998075213,0 33.72043531799383,35.05839344298441,0 33.72068533634975,35.05852553372539,0 33.72070403010802,35.05907961913293,0 33.71947431948954,35.05916649611445,0 33.71946381175767,35.05911673744298,0 33.71915398368197,35.05917918630539,0 33.71914672835216,35.0592366517792,0 33.71841791220248,35.05930158206755,0 33.71820604344678,35.05903167817139,0 33.71833657756378,35.0588745898179,0 33.71792309037274,35.05861863844444,0 33.71775691432941,35.05869299449874,0 33.71763960920948,35.05858841462197,0 33.71752777345636,35.05866563890297,0 33.71703999481146,35.05834313222841,0 33.71646151445117,35.05785208369797,0 33.71627652683154,35.05799354053442,0 33.71615523272281,35.05787622259513,0 33.71606628494634,35.05790864897853,0 33.7152332032136,35.05713836747897,0 33.71507886029592,35.05723498037658,0 33.71519688455204,35.05742250134562,0 33.71543123621852,35.05760295608563,0 33.71568671150222,35.05798107169523,0 33.71564861265969,35.0580610492239,0 33.71589867955689,35.05826374057257,0 33.71670319646666,35.05875964632344,0 33.71679348239528,35.05868433220038,0 33.71767832477333,35.05921324352624,0 33.71753013777786,35.05935299811155,0 33.71782356822079,35.05947945661036,0 33.71791380712863,35.05939880027542,0 33.71804503292165,35.05954758389365,0 33.7187354569968,35.05975715253559,0 33.71899589632608,35.05982504802968,0 33.7192638169794,35.06000506816419,0 33.71916086760248,35.06011784903908,0 33.71871657731253,35.05982670335176,0 33.71847104773995,35.05997771822769,0 33.71827033281485,35.06005368663322,0 33.71812695769924,35.06000112158563,0 33.71799774288252,35.06008200788584,0 33.71801157570773,35.06017807148148,0 33.71785383174658,35.06031147229837,0 33.71746040391575,35.06002335974681,0 33.71779145450721,35.05964189142259,0 33.71717665310945,35.05935121527329,0 33.71672996817103,35.05943517838542,0 33.71659935677032,35.05957923400886,0 33.71651610931917,35.0597539906681,0 33.71624285943238,35.05974398636133,0 33.71617787437499,35.05985280157088,0 33.71590421855208,35.05979632928284,0 33.71584380706414,35.05988962594791,0 33.71570719881561,35.05988655966411,0 33.71566528733549,35.05994102225237,0 33.71559434077857,35.05990658837641,0 33.71558407751609,35.05980983549158,0 33.71533851003122,35.05973383245001,0 33.71537561212865,35.05966778115629,0 33.71545475966554,35.05956275522845,0 33.71518995080583,35.05944039574376,0 33.71513404541633,35.05951043113566,0 33.71502085012899,35.05949173556454,0 33.71498845818181,35.05955775989099,0 33.71502159288374,35.05957692744663,0 33.71502667352251,35.05961949562769,0 33.71349600997034,35.05952125804766,0 33.71224591007206,35.05932330838069,0 33.71239549373291,35.05968101493502,0 33.71238820657235,35.05971113548947,0 33.71238098401201,35.05974099516075,0 33.71235371696316,35.05985370891345,0 33.71217156204846,35.05985410066258,0 33.71213180626336,35.05990724416749,0 33.71179410915845,35.05992245423913,0 33.71121483142078,35.05990601057765,0 33.71121282404321,35.05967453951982,0 33.71083456750841,35.05965030168879,0 33.71078705473595,35.05973655970794,0 33.7097170337504,35.05970975553991,0 33.70970807413505,35.05960398774132,0 33.70937009168188,35.05958612323284,0 33.70926126412713,35.06002327027864,0 33.70928607903915,35.06010249034121,0 33.70919207795527,35.0603940464562,0 33.70909538855209,35.0603747702105,0 33.70904017263,35.06050075560994,0 33.70876578884667,35.06039653806561,0 33.70884387724097,35.06012491677912,0 33.70878688916112,35.06004588372328,0 33.7088178612649,35.05990681302384,0 33.7084867218376,35.05975001725074,0 33.7083523304847,35.06002196713362,0 33.70764185055783,35.05971526597352,0 33.70728601422961,35.05949247197,0 33.70698773570123,35.05941484563918,0 33.70643090197297,35.0602650105039,0 33.70588582785149,35.06091029194803,0 33.70578401461738,35.06103609905317,0 33.70522737232817,35.06091919774617,0 33.70311644653489,35.06126009212505,0 33.70049443614437,35.06170218613435,0 33.7003524900497,35.06071498310488,0 33.69983277492015,35.06065699426206,0 33.70009047438185,35.06130199103333,0 33.69988362779918,35.06140076711646,0 33.69994608744909,35.06176634096122,0 33.69527430822809,35.06254743552211,0 33.69537909827353,35.06239330184051,0 33.69463002855579,35.06213937904758,0 33.69404726215083,35.06197871316115,0 33.69348580516109,35.06182839144291,0 33.69320184004387,35.06237435964988,0 33.6841079013065,35.06048584147646,0 33.6805698999537,35.06007671815942,0 33.67571590352811,35.05956051053676,0 33.67549539702816,35.05953705571063,0 33.67543289740703,35.05953040799191,0 33.66697529792899,35.05864480695497,0 33.66691925397615,35.05851476477801,0 33.66703172643068,35.05849012679243,0 33.6669429396172,35.05783523161922,0 33.66670525699973,35.05785712613638,0 33.66666594465799,35.05764116790272,0 33.66656204266346,35.05769320964343,0 33.6661208402201,35.05783288648972,0 33.66587534029323,35.05792001686049,0 33.66568380832751,35.05797253794816,0 33.66555901371301,35.05802126186025,0 33.66545911666217,35.05805269184127,0 33.66536748130109,35.05807378245247,0 33.66502208244554,35.05819234183759,0 33.66488874708757,35.0582170923177,0 33.66474684277257,35.05821443841815,0 33.66463014225992,35.05823223420494,0 33.66452053596111,35.05809558143773,0 33.66434967298828,35.05812396852697,0 33.66415113226185,35.05782652962051,0 33.66442581599186,35.05773581125806,0 33.66424950117198,35.05760638594526,0 33.66413711349468,35.05764131486115,0 33.66406662077883,35.05769660227693,0 33.66399634909506,35.05777933873603,0 33.66392646721992,35.05791011125999,0 33.66382236870989,35.05793813216853,0 33.66369546280067,35.05772608387105,0 33.66380367762134,35.05769117819803,0 33.66377114060941,35.05756320258504,0 33.6636562652126,35.05754025503958,0 33.66350721512042,35.05754578561871,0 33.66335100222715,35.05768997048111,0 33.66326209354893,35.0577263061748,0 33.66306732139187,35.0577509479731,0 33.66286138459454,35.05781337220346,0 33.6626844240748,35.05791335952569,0 33.66259902023723,35.0579892704291,0 33.6625306293733,35.05804151226886,0 33.66244993115343,35.05799008470973,0 33.66232916904088,35.05794830628889,0 33.66209372409676,35.05790715465832,0 33.66210772238068,35.05806052246411,0 33.66175654627744,35.05805045287153,0 33.65947025813335,35.05777029176561,0 33.65943054348206,35.05761045346243,0 33.65947577201688,35.05753004797413,0 33.65931920490856,35.05731399630985,0 33.65935892781432,35.05726191209632,0 33.65862835684886,35.0562615266816,0 33.65849685034623,35.0563093937163,0 33.65819222400007,35.05622145688979,0 33.65823866386054,35.05629193319768,0 33.6580102457359,35.05641105472934,0 33.65848080356321,35.05716766151735,0 33.65875061252601,35.05720391835975,0 33.65882572507466,35.05727423961549,0 33.65893510078136,35.05729508710868,0 33.6592134994138,35.0576562406894,0 33.65920023814157,35.05781061603714,0 33.65589231157838,35.05739524094466,0 33.65578787690394,35.05817571869234,0 33.65572305534885,35.05869223727885,0 33.65556814729459,35.05983259792501,0 33.65548515421581,35.06044354675551,0 33.65540677323198,35.06099017829009,0 33.65527256763874,35.06207807398854,0 33.65511229840654,35.0631050358848,0 33.65480130401426,35.06543089945486,0 33.65478191134093,35.06557592372383,0 33.65471148175166,35.06611292871779,0 33.65458391554605,35.0670787323225,0 33.65452856362239,35.06746393514011,0 33.65451558872201,35.06775693871899,0 33.65450598878955,35.06802966876163,0 33.65441516989767,35.06803695084345,0 33.65438277617726,35.06811863451328,0 33.65470524919068,35.06816594201263,0 33.65456038194963,35.06863389490442,0 33.65443630101414,35.06861418748035,0 33.65416522835925,35.06984506511379,0 33.65443850435463,35.0699250988355,0 33.6543265314832,35.07038758353971,0 33.65405330823061,35.07031434132512,0 33.65394051996066,35.07067494330453,0 33.65342771457426,35.07060299212733,0 33.65349537645766,35.07079960545081,0 33.65337902393968,35.07084271337499,0 33.65364126642314,35.07163438308439,0 33.65279143959322,35.07379367439912,0 33.65299870973575,35.07379091443733,0 33.65295373825648,35.07436850583346,0 33.65286302039337,35.07438937119461,0 33.65281631662944,35.07474961708807,0 33.65264482968773,35.07477942530895,0 33.65259384151253,35.07519153078427,0 33.65229762027997,35.07521371589511,0 33.65226501643215,35.0753134171814,0 33.6519353725628,35.07533234864256,0 33.6518569308403,35.07544259197086,0 33.65170667806863,35.07544683199487,0 33.65176531181599,35.0759956243976,0 33.65180009983186,35.07617046524672,0 33.65187608666024,35.07627644598206,0 33.65181794367174,35.07631450989083,0 33.65227356925195,35.07691264635964,0 33.65197919809265,35.07716819144805,0 33.6518492409243,35.07710025229022,0 33.65175696496345,35.0770458369578,0 33.65167412892904,35.0771286481244,0 33.65265302712503,35.07790586198192,0 33.65254110611352,35.07800599013473,0 33.65170643499724,35.07751628146806,0 33.65152720135041,35.07755156427847,0 33.65179592919885,35.07774573955005,0 33.65161241174706,35.0777673172424,0 33.65141617955996,35.07776493983598,0 33.65128504755979,35.07807451666209,0 33.6508523254738,35.07930889905409,0 33.65096228408024,35.07948676911174,0 33.65097213306456,35.07967547223137,0 33.65094844805943,35.07984719546995,0 33.65080467800543,35.08014311217421,0 33.65089684783121,35.08018380049344,0 33.65088893530023,35.08023875331451,0 33.65060833114357,35.08012700584375,0 33.65034035326779,35.0805540014,0 33.65018795770505,35.08081564385748,0 33.65087932270248,35.08113110414602,0 33.65059308564322,35.08188766204308,0 33.65024498261431,35.08274064515722,0 33.6502953255598,35.08277126243215,0 33.65021761101382,35.08297416240804,0 33.65102968255813,35.08324092724845,0 33.65141775314807,35.08321481922152,0 33.65141810782596,35.08325943279878,0 33.65136811880924,35.0832734286766,0 33.65135166421489,35.08330440428566,0 33.65124726613069,35.08330153337953,0 33.65123247526147,35.08354184738666,0 33.65049764511356,35.08353892730619,0 33.65037182730217,35.08346753196518,0 33.65016316581497,35.08347894662533,0 33.64962803634697,35.08391423572109,0 33.64903131065208,35.08448026607688,0 33.64923669768536,35.08458212403668,0 33.64934513701662,35.08456781515564,0 33.6493506986372,35.08474281387198,0 33.64968149779817,35.08486459091595,0 33.65004255672097,35.08511661784759,0 33.65023110990241,35.08520140446904,0 33.65030903720853,35.08555104261489,0 33.65037277853303,35.08569140949214,0 33.65011818744577,35.08570307043126,0 33.65012298836194,35.08578197898859,0 33.65006882297369,35.08579599672554,0 33.6500661992969,35.08599162982028,0 33.65009984461344,35.08602233666208,0 33.65011771512976,35.08616981370022,0 33.65041029235158,35.0862094277024,0 33.65041067375411,35.08625747183113,0 33.65032316222825,35.08627853266258,0 33.65032367978943,35.08634373682546,0 33.65019941015456,35.08646795207096,0 33.65028497973243,35.08672831915671,0 33.65034679862897,35.08688928779837,0 33.64903025994057,35.08724639662913,0 33.64968040282807,35.0881489415957,0 33.64979714181,35.08812772460228,0 33.65000774950301,35.08835996519764,0 33.65005048049207,35.08848328493873,0 33.65023489397905,35.08857152616933,0 33.65037820979044,35.08874235342293,0 33.65037056862507,35.08883162439633,0 33.65044724682303,35.08902340042055,0 33.65092434607615,35.0912653122087,0 33.6506931485327,35.09159601644275,0 33.65036059787789,35.09178312460455,0 33.65008650010991,35.09196991757827,0 33.65016247248726,35.09207246751396,0 33.65073637305034,35.09178110848342,0 33.65109326632991,35.09150463954181,0 33.6511777530117,35.09162773458078,0 33.6513372868918,35.09173669911,0 33.65129274994904,35.09243704868953,0 33.65140174508638,35.09249137252153,0 33.65153508257553,35.09245633823098,0 33.6516713686194,35.09279193318192,0 33.65188007976864,35.09278394715381,0 33.65221399828848,35.09276842412036,0 33.65227513032395,35.09310442259162,0 33.65236011353289,35.09328928843091,0 33.65192685952787,35.09341516737777,0 33.65198733640916,35.0936688045951,0 33.65210435581751,35.09368190263018,0 33.65227465105107,35.09409281556734,0 33.65228546081683,35.09440163000038,0 33.6522868819901,35.0945800812428,0 33.65296423141259,35.09469312082127,0 33.65295779640009,35.09493338867475,0 33.65311695490952,35.09499430667906,0 33.65309299684576,35.09513171170796,0 33.65316853916499,35.09517935177689,0 33.65311123184527,35.09532380056972,0 33.65312875430656,35.09542666338518,0 33.65245030507249,35.09517635471284,0 33.65239179481408,35.0951698054364,0 33.65239932491379,35.09506680770644,0 33.65212330831248,35.09501338234515,0 33.65193161962033,35.0950624601813,0 33.65179975395927,35.0952828108933,0 33.65210972179264,35.09540469282911,0 33.65215229583416,35.09550742195367,0 33.65226980985033,35.09558229147383,0 33.65223684407285,35.09563737902406,0 33.65181885884992,35.09558471660941,0 33.65157127907116,35.09595669418568,0 33.65145420079064,35.09593673186067,0 33.65139564790866,35.09604650540898,0 33.6513364788174,35.09603468511133,0 33.65120892293635,35.0962447532479,0 33.65109459072458,35.09626053953072,0 33.65108018438957,35.09630613547765,0 33.65087724291514,35.09632239734839,0 33.65084538843871,35.09649553680677,0 33.65103443048839,35.09658859223937,0 33.65077282633133,35.09665675658529,0 33.65076676833672,35.09682368846803,0 33.65098479181189,35.09684679439572,0 33.6510300615213,35.09696793210532,0 33.65111505221653,35.09697657979017,0 33.65114492659606,35.09701890294065,0 33.6513999921609,35.09705698143564,0 33.65160602438714,35.09696483807494,0 33.6519637193262,35.0969082934342,0 33.65209615076106,35.09684689131047,0 33.65219443991882,35.09729945626333,0 33.65067653244616,35.09801370955373,0 33.65062559113057,35.09810805326641,0 33.65064088892779,35.09817473108544,0 33.65022375194762,35.09818607207485,0 33.65023665997648,35.09841662709962,0 33.64981199293982,35.0984098007155,0 33.64968706190402,35.09848633331884,0 33.64937658582773,35.09844551304862,0 33.64931787239848,35.09849134517729,0 33.64868826265758,35.09824891890577,0 33.6484289622511,35.09857100020365,0 33.64605787824531,35.09899732027199,0 33.64765190762582,35.10016739230122,0 33.64725578596604,35.10127164591723,0 33.64643875805477,35.10114603582813,0 33.64668734729273,35.10058324296352,0 33.64544035174855,35.10028725141174,0 33.64535147515242,35.10025434412113,0 33.64421232261902,35.10048192349012,0 33.6433431230296,35.10029232822914,0 33.64310084379038,35.10094300374926,0 33.6429529399772,35.10091647777718,0 33.64259389526634,35.10198046723967,0 33.64211327746373,35.10190411562917,0 33.64189849591054,35.1027670599838,0 33.64177638104616,35.10320467855779,0 33.64137717996734,35.10315217029044,0 33.64140481614987,35.1029092608075,0 33.64053938473422,35.10273176475409,0 33.63978491567184,35.10257795331279,0 33.63971163897031,35.10265116807815,0 33.63945984881661,35.10256146105885,0 33.63903031247155,35.10335270395345,0 33.63844464707508,35.10306447449792,0 33.63859745344187,35.10371912792429,0 33.63845733189708,35.10374414225517,0 33.63841212412648,35.10362906865905,0 33.63769144980564,35.10360860502185,0 33.63754441004254,35.10410702149743,0 33.63715749810883,35.10404882535219,0 33.63700483711375,35.10481930583344,0 33.63655447552843,35.10482167136686,0 33.63663063060799,35.10436065490632,0 33.63600941035845,35.10424860383268,0 33.6359121032272,35.10503202321736,0 33.63591295028545,35.10591015801452,0 33.63529815941472,35.10582926327655,0 33.63458061415226,35.10570659641748,0 33.63452402729315,35.10602855304069,0 33.63354813097715,35.10589406895821,0 33.63325823925966,35.10700557021649,0 33.63273522429547,35.10690696917909,0 33.63281235325259,35.10656283194659,0 33.63212728466404,35.10647804691095,0 33.63202516019531,35.10664244368704,0 33.63147862045405,35.10663922271251,0 33.63132569761552,35.10787810824596,0 33.63112863747721,35.10818258657105,0 33.63107147405586,35.10843171647008,0 33.63080350297187,35.10816000340192,0 33.6299421595356,35.10763029583715,0 33.62958589475324,35.10732880243096,0 33.62914274202871,35.1073250339808,0 33.6291078218003,35.10758618484355,0 33.6283472484303,35.1076022675512,0 33.62837934997744,35.10793589888961,0 33.62795816436835,35.10790773592971,0 33.62739962247043,35.10779528914934,0 33.6274026197588,35.10770418871993,0 33.62651743610618,35.10742336647131,0 33.62631757958838,35.10834435787349,0 33.62621842524061,35.10832943194104,0 33.62617153512532,35.10905557624073,0 33.62599059155506,35.10906865520436,0 33.62583277775344,35.10912436578163,0 33.62575412074131,35.10927044691751,0 33.62575501155509,35.10938698167174,0 33.62578724389849,35.10953423817867,0 33.62568802256406,35.10960458218004,0 33.62540260651929,35.10948460843358,0 33.62533557010919,35.10941512240354,0 33.6250015190658,35.10951917941171,0 33.62479510166771,35.1095687961105,0 33.6248750226672,35.11036343026004,0 33.62426919062933,35.11033620710517,0 33.62417942780134,35.11115599256703,0 33.62400150049486,35.11203692162486,0 33.62446748365242,35.1121255582425,0 33.62441589935261,35.11310901208453,0 33.62502161293564,35.11311802775995,0 33.62503029622385,35.11328791718168,0 33.62495853547045,35.11383388132787,0 33.62476415146694,35.1157159492327,0 33.62495405121168,35.11587146648466,0 33.62538584625898,35.11644223125573,0 33.62421521660065,35.11638985407056,0 33.62353644754798,35.11629898979994,0 33.6230111984236,35.11626125137325,0 33.62284635336209,35.1180669656002,0</coordinates>
						</LinearRing>
					</outerBoundaryIs>
				</Polygon>
				<Polygon>
					<extrude>0</extrude>
					<altitudeMode>clampToGround</altitudeMode>
					<outerBoundaryIs>
						<LinearRing>
							<coordinates> 33.78370317124551,34.97685169773013,0 33.78362004611962,34.97688693819899,0 33.78351248966752,34.97688691114823,0 33.78350491610336,34.97684349439616,0 33.78349028001783,34.9768521701862,0 33.78344006637269,34.97683937877292,0 33.78345868947441,34.97681467737208,0 33.78350748413462,34.97680151754601,0 33.78349597443663,34.9767716472264,0 33.78354080115696,34.97674892206896,0 33.78357470275783,34.97674850499322,0 33.78362241864448,34.97668073611338,0 33.78364423315947,34.97667491649584,0 33.78371123753025,34.97669944388183,0 33.78368833709668,34.97672002647665,0 33.78370902420038,34.97682347310263,0 33.78370317124551,34.97685169773013,0</coordinates>
						</LinearRing>
					</outerBoundaryIs>
				</Polygon>
			</MultiGeometry>
		</Placemark>
	</Document>
</kml>