<?xml version='1.0' encoding='UTF-8'?>
<kml xmlns="http://www.opengis.net/kml/2.2">
	<Document>
		<name>LEMESOS</name>
		<Style id="PolyStyle90">
			<LabelStyle>
				<color>00000000</color>
				<scale>0.000000</scale>
			</LabelStyle>
			<LineStyle>
				<color>ff000000</color>
				<width>2.000000</width>
			</LineStyle>
			<PolyStyle>
				<color>00828282</color>
				<outline>1</outline>
			</PolyStyle>
		</Style>
		<Placemark id="ID_90005">
			<name>LEMESOS</name>
			<snippet />
			<description>&lt;html xmlns:fo="http://www.w3.org/1999/XSL/Format" xmlns:msxsl="urn:schemas-microsoft-com:xslt"&gt;

&lt;head&gt;

&lt;META http-equiv="Content-Type" content="text/html"&gt;

&lt;meta http-equiv="content-type" content="text/html; charset=UTF-8"&gt;

&lt;/head&gt;

&lt;body style="margin:0px 0px 0px 0px;overflow:auto;background:#FFFFFF;"&gt;

&lt;table style="font-family:Arial,Verdana,Times;font-size:12px;text-align:left;width:100%;border-collapse:collapse;padding:3px 3px 3px 3px"&gt;

&lt;tr style="text-align:center;font-weight:bold;background:#9CBCE2"&gt;

&lt;td&gt;5&lt;/td&gt;

&lt;/tr&gt;

&lt;tr&gt;

&lt;td&gt;

&lt;table style="font-family:Arial,Verdana,Times;font-size:12px;text-align:left;width:100%;border-spacing:0px; padding:3px 3px 3px 3px"&gt;

&lt;tr&gt;

&lt;td&gt;DIST_CODE&lt;/td&gt;

&lt;td&gt;5&lt;/td&gt;

&lt;/tr&gt;

&lt;tr bgcolor="#D4E4F3"&gt;

&lt;td&gt;DIST_NM_E&lt;/td&gt;

&lt;td&gt;LEMESOS&lt;/td&gt;

&lt;/tr&gt;

&lt;tr&gt;

&lt;td&gt;DIST_NM_G&lt;/td&gt;

&lt;td&gt;ΛΕΜΕΣΟΣ&lt;/td&gt;

&lt;/tr&gt;

&lt;tr bgcolor="#D4E4F3"&gt;

&lt;td&gt;SHAPE.AREA&lt;/td&gt;

&lt;td&gt;1393390898,712187&lt;/td&gt;

&lt;/tr&gt;

&lt;tr&gt;

&lt;td&gt;SHAPE.LEN&lt;/td&gt;

&lt;td&gt;257736,027598&lt;/td&gt;

&lt;/tr&gt;

&lt;/table&gt;

&lt;/td&gt;

&lt;/tr&gt;

&lt;/table&gt;

&lt;/body&gt;&lt;script type="text/javascript"&gt;

				function changeImage(attElement, nameElement) {

				document.getElementById('imageAttachment').src = attElement;

				document.getElementById('imageName').innerHTML = nameElement;}

			&lt;/script&gt;&lt;/html&gt;

</description>
			<styleUrl>#PolyStyle90</styleUrl>
			<MultiGeometry>
				<Polygon>
					<extrude>0</extrude>
					<altitudeMode>clampToGround</altitudeMode>
					<outerBoundaryIs>
						<LinearRing>
							<coordinates> 32.80616178987112,34.96263388168493,0 32.8060193619833,34.96266255599065,0 32.80593811039487,34.96273140375062,0 32.80586317714606,34.96282422702051,0 32.80564893682345,34.96296436530201,0 32.80549012984388,34.96302756284855,0 32.80523136283107,34.96304776568969,0 32.80468153691437,34.96308271010026,0 32.80458057342013,34.96320203426337,0 32.80436378694755,34.96323039675081,0 32.80399931786715,34.96309848673231,0 32.80399927519909,34.96309847133913,0 32.80347649598852,34.96294992064048,0 32.80347645440702,34.9629499088546,0 32.80345854193039,34.96271033700476,0 32.80342044634738,34.96259841307659,0 32.80329788587817,34.96255799455708,0 32.80329784319758,34.96255798457221,0 32.80182097556808,34.9624612695623,0 32.80073832035691,34.96239814486123,0 32.79965570499481,34.96232968762263,0 32.79863123018958,34.96226945347063,0 32.79825675856734,34.96220554699974,0 32.79788515963315,34.96217019159665,0 32.79757286050283,34.96209441905888,0 32.79757281673486,34.96209440636589,0 32.79742544038821,34.9619719724697,0 32.79742540870056,34.96197194537392,0 32.79718817122199,34.96173403750031,0 32.79667966879244,34.96144084665539,0 32.79667962942933,34.9614408240537,0 32.7965903566102,34.96123738817398,0 32.79655133007131,34.96089879908327,0 32.79657466944382,34.96075869616498,0 32.79661870932073,34.96047263919829,0 32.79663963194319,34.96023057304139,0 32.79666367189738,34.96012143545255,0 32.79675484783176,34.95998206711836,0 32.79714051366152,34.9595208893042,0 32.79719662890342,34.95935361411479,0 32.79713215388158,34.95902454860562,0 32.79704011279934,34.95823914098791,0 32.79700014658915,34.95688448542603,0 32.79697317725179,34.9565464148718,0 32.79642097623038,34.95491282116907,0 32.79538078968145,34.95172307168582,0 32.79521067076604,34.95153609185809,0 32.79521064345347,34.95153606837479,0 32.79382664678177,34.95160996766001,0 32.79350956411438,34.95165650639689,0 32.79322828808656,34.95166328084591,0 32.7923909114285,34.95168629037052,0 32.79167665392121,34.95166458782587,0 32.79103320808117,34.95169108446581,0 32.79022169046573,34.95171419112575,0 32.789239181379,34.95174705939304,0 32.78873146143058,34.95176127998999,0 32.78783307791502,34.95172823787439,0 32.78716637692459,34.95166032671622,0 32.78664878947959,34.95169394629957,0 32.78626472607043,34.95171245180119,0 32.78580649584315,34.95183151900225,0 32.78512502487975,34.95194288545319,0 32.78479274012146,34.95195488570246,0 32.78468172361766,34.95186250932503,0 32.78468168974838,34.95186248222198,0 32.78470727981268,34.9516944508894,0 32.78467544500426,34.95156428882832,0 32.78409017280899,34.95153706148496,0 32.78393964324518,34.9516552258987,0 32.7837099908653,34.9517977042353,0 32.78336568614285,34.95198451841143,0 32.78323746093017,34.95202206781082,0 32.78304957784449,34.9520212456088,0 32.78289170477077,34.95201158682743,0 32.78272543278589,34.95203776100257,0 32.78255645033441,34.95206168192399,0 32.78236246835743,34.95216171447807,0 32.7821091031951,34.95218078168109,0 32.78195934080598,34.95218012442403,0 32.78182360061557,34.95212349966519,0 32.78182355686969,34.95212348155794,0 32.78166623224422,34.95203537857637,0 32.78166619179249,34.95203535686927,0 32.78149228919059,34.95198528145854,0 32.78149224433569,34.95198526875779,0 32.78132937495273,34.95191283038157,0 32.7813293323043,34.9519128113747,0 32.78126130725149,34.95191454945203,0 32.78117954097904,34.95191663773377,0 32.78101171962309,34.95192298426197,0 32.78096709368652,34.95192467241125,0 32.78079316229261,34.95187908057676,0 32.78079311743546,34.95187906877718,0 32.78064635572701,34.95184256262619,0 32.78064631085791,34.95184255533369,0 32.78046931961035,34.95184177134583,0 32.78034735184745,34.95176054989155,0 32.78034731359311,34.9517605254837,0 32.78020904453194,34.95167250374816,0 32.7802090106498,34.95167248205248,0 32.78006482760282,34.9516516702064,0 32.77977080840768,34.95164140651914,0 32.7794819883753,34.95166927766455,0 32.77932657673918,34.95169997947682,0 32.77906432866112,34.95182885387586,0 32.77885950856975,34.95191986752309,0 32.77865517155446,34.95193690020724,0 32.77851683992487,34.95186008665606,0 32.77851679838165,34.95186006404449,0 32.77846867738948,34.95172309461061,0 32.7784231001673,34.95161530827687,0 32.7784230892893,34.95161528211545,0 32.77828951922368,34.95163711087546,0 32.77815047382202,34.95166339879261,0 32.77784003118948,34.95166650924948,0 32.77755914519462,34.95173028178323,0 32.77744478166581,34.95172977572747,0 32.77732006349475,34.95165302361573,0 32.77732002414651,34.95165299920492,0 32.77727998591805,34.95152951603144,0 32.77734106179607,34.95135043305665,0 32.77756829296447,34.95116311875094,0 32.77772153763299,34.9510472162827,0 32.77770331228626,34.95091934711363,0 32.77756567148288,34.95073041710386,0 32.77754746006961,34.95018330853912,0 32.77769004549177,34.95003148969769,0 32.77782724187718,34.94987067804622,0 32.77781970259317,34.94977424245894,0 32.77777947419388,34.94967990420191,0 32.77768188607894,34.94961896543215,0 32.77768184672916,34.94961894192288,0 32.77752702364985,34.94956670706803,0 32.77752697769962,34.94956669526521,0 32.77737189426302,34.94954806877079,0 32.77709149676845,34.94953785963168,0 32.77690909465566,34.94953256869462,0 32.77675968480912,34.94948483825122,0 32.77675964543034,34.94948482555879,0 32.77661643339316,34.94931604655525,0 32.77656281215853,34.94918802013928,0 32.77655575760836,34.94901760292814,0 32.77652371629092,34.94892105727359,0 32.77643430869372,34.94885791321841,0 32.77643427044433,34.94885788790791,0 32.77631708642956,34.9488730623486,0 32.77615348317865,34.94890820623188,0 32.77602611873031,34.94882023135591,0 32.77602608048108,34.94882020604526,0 32.77596134706992,34.94866967802163,0 32.77592686336708,34.9485894914198,0 32.77587368597553,34.94845945170403,0 32.77584005481667,34.94838828819282,0 32.77571464250476,34.94824239949512,0 32.77566906300189,34.94815797001394,0 32.7753887020691,34.94809562983231,0 32.77538865611509,34.94809561983157,0 32.77525662051491,34.9480488039657,0 32.77525658004717,34.94804878946788,0 32.77517101482957,34.94794436413497,0 32.77508780231836,34.94778710107086,0 32.77501088742208,34.9475869269566,0 32.77511116392565,34.94735694693605,0 32.77542341317434,34.94670545734744,0 32.77566314018411,34.94624649007333,0 32.77566318062648,34.9462465135853,0 32.77576646779003,34.9463059582244,0 32.77613710993997,34.94568792028004,0 32.77732885035938,34.94425630343125,0 32.7776673861495,34.94385679135945,0 32.77786109411556,34.94361085861882,0 32.77800731025654,34.94341658380294,0 32.77855632883048,34.94278856777328,0 32.77883283048035,34.94246483459693,0 32.77901847009627,34.94225117643192,0 32.77944115073633,34.94174289377277,0 32.77983618699511,34.94126373982937,0 32.77989930806907,34.94121846157189,0 32.7799279530932,34.94081321769448,0 32.77983816276501,34.94052448416816,0 32.77976830254421,34.94014500141006,0 32.7797358654009,34.93975910062335,0 32.77947691467428,34.93941494083811,0 32.77943769143495,34.93936950312769,0 32.77943766195122,34.93936947603114,0 32.77931158750033,34.93941462529957,0 32.77931154367241,34.93941464054434,0 32.77931581175054,34.93918991340293,0 32.77932421236226,34.93882331513195,0 32.77929036532984,34.9387901637766,0 32.77929033366189,34.93879013487314,0 32.77917959708127,34.93870758847513,0 32.77917956539886,34.93870756498025,0 32.77894335242771,34.93870065138212,0 32.77886485475469,34.93860323559264,0 32.77858311110045,34.93837251309639,0 32.77858307504943,34.93837248598763,0 32.77860648416663,34.9380450788172,0 32.77852798001534,34.93796714730577,0 32.77852794834794,34.93796711840214,0 32.77837874446708,34.93782421226503,0 32.77837871280223,34.93782418245991,0 32.77801738283561,34.93749931448705,0 32.77801735007394,34.93749928558125,0 32.77759308210617,34.93715484654961,0 32.77759304715308,34.93715481854114,0 32.7772551920866,34.9368883537613,0 32.77725515713373,34.93688832575274,0 32.7770352442218,34.93668692487352,0 32.77703521146079,34.93668689596746,0 32.77690159415793,34.936608857728,0 32.77690155371992,34.93660883421642,0 32.77683120965688,34.93641416270392,0 32.77673696157008,34.93632320330617,0 32.77661902763862,34.93627112876346,0 32.77661898500427,34.93627110795205,0 32.77650119747444,34.93616068006089,0 32.77650116471383,34.9361606511547,0 32.77644641200084,34.93602437150937,0 32.77645572899925,34.93583130844668,0 32.77658087846181,34.93540082027797,0 32.77663999731087,34.9352540977923,0 32.77672744003109,34.93506951656501,0 32.77675853698616,34.93491441234885,0 32.7767934699697,34.93478574976025,0 32.7770431477802,34.93432608492655,0 32.77693745546653,34.93419470952969,0 32.77690253280018,34.93416894548244,0 32.77690249565693,34.93416891837116,0 32.77533328237802,34.93301124999005,0 32.77533324413629,34.93301122467912,0 32.77497636570175,34.93292257239807,0 32.77497632304492,34.93292256060042,0 32.77493587865575,34.93263654940538,0 32.77476305407157,34.93250007719964,0 32.77476301802437,34.93250005008976,0 32.77491504844871,34.93151660222426,0 32.77523525247003,34.92969303297858,0 32.77484616385148,34.92800627892692,0 32.77438250375326,34.92769417722727,0 32.77438246551429,34.92769415191604,0 32.77445416292835,34.92738950217117,0 32.77429025349483,34.92686393348734,0 32.7740465338794,34.92674677513357,0 32.77404649125063,34.92674675432122,0 32.77399189102528,34.92655859599041,0 32.77406312668999,34.92642254845303,0 32.77389271873166,34.92539764147621,0 32.77423489080556,34.92467588793556,0 32.77447528209895,34.92454690153787,0 32.77441481074703,34.92414748070033,0 32.77382717885352,34.92376928753021,0 32.77382713952208,34.92376926221675,0 32.77391681238607,34.92334159719228,0 32.77364844016678,34.92308248159635,0 32.77364841287719,34.92308245540384,0 32.77311367162579,34.92307053720788,0 32.77252559122271,34.92275590530613,0 32.77252554969829,34.92275588179104,0 32.77218265308068,34.92247799521405,0 32.77218261704116,34.92247796720196,0 32.77221865635556,34.92228622968072,0 32.77261919717437,34.92236453228746,0 32.77281977642187,34.9222655140945,0 32.77305063539028,34.92178045125276,0 32.77348419873753,34.921724370532,0 32.77368749690079,34.9217247493316,0 32.77362415469472,34.92152796658208,0 32.77362361040863,34.92059230065691,0 32.77322921789282,34.92008118042884,0 32.773119404114,34.91963724373901,0 32.77303806053519,34.91930852776422,0 32.77301372292234,34.91918654033575,0 32.77327784518257,34.91884830740057,0 32.77356681513867,34.9184457620249,0 32.77302328739668,34.91722977032735,0 32.7726537523203,34.91635953537862,0 32.77215508933932,34.91515747666034,0 32.77197337448333,34.91509275691736,0 32.77197333184612,34.91509274151289,0 32.77187995738927,34.91484583271922,0 32.77204135423298,34.91464917222386,0 32.77182065181741,34.91416779472949,0 32.7718206300105,34.91416776584254,0 32.77174658899345,34.91418794161314,0 32.7717465561384,34.91418795056581,0 32.77141248007081,34.91306275029874,0 32.77260549289108,34.91286540454418,0 32.77263972090176,34.91239437318448,0 32.77274747316554,34.91208972080059,0 32.77279732058411,34.91190690128028,0 32.77292140815146,34.91164292602674,0 32.77303742041515,34.91132474015292,0 32.7730295312806,34.91120278328896,0 32.77294216007618,34.91078542157966,0 32.77288312451476,34.91061312562977,0 32.77274490601148,34.91003703077878,0 32.77267199274146,34.90963719727302,0 32.7725262958333,34.90908408651404,0 32.77246036236274,34.90884418028718,0 32.77239537683329,34.90855275313445,0 32.77235485721071,34.9083358919389,0 32.7722999625236,34.90804767110191,0 32.77229016624245,34.90794994033956,0 32.77228966659399,34.90794859625893,0 32.77215977019909,34.90759927315938,0 32.77189530528651,34.90690288844727,0 32.77193663372862,34.90678104091803,0 32.7719961760694,34.90665114613801,0 32.77251043181208,34.90611584614282,0 32.77293786665092,34.9055763045303,0 32.77307014351513,34.9053929373414,0 32.77313015704175,34.90519017046712,0 32.77312783904956,34.90514218791457,0 32.77307565592394,34.90406217376962,0 32.77308194769569,34.90360192563825,0 32.7733043067404,34.9027559100681,0 32.77342444534367,34.9020731597966,0 32.77343438134509,34.90156847007102,0 32.77331380286742,34.90036564454771,0 32.77324174225653,34.89932836951363,0 32.77325304918047,34.89909028499634,0 32.77364656496514,34.89731035300355,0 32.77365454270327,34.89711233662371,0 32.77361889382465,34.8960313731034,0 32.77362361414842,34.89589564560401,0 32.77364755377922,34.89578968432063,0 32.77435564185081,34.89419413466313,0 32.77516141048594,34.89238087456938,0 32.77569010233864,34.89224540458103,0 32.77744458256299,34.89131084781157,0 32.77744516410502,34.89131102826321,0 32.77816884645586,34.89153539297748,0 32.77816984445941,34.8915353046545,0 32.77929614392674,34.89143595967978,0 32.77929617121736,34.89143598226539,0 32.779730305702,34.89178868086899,0 32.78063821163999,34.89178849990247,0 32.7811714429866,34.89177560941835,0 32.78210004677586,34.89175315582382,0 32.78210013221805,34.89175311541209,0 32.7831384995695,34.89126490246877,0 32.78429848240493,34.89114468479722,0 32.784827392859,34.89097158885811,0 32.78515747190189,34.89093961799382,0 32.78515777053427,34.89093963294468,0 32.78551767779837,34.89095789348836,0 32.78572542389208,34.89100891368736,0 32.78593792397707,34.89111007019351,0 32.78625138700679,34.8912951911316,0 32.78650958916698,34.89139236869654,0 32.78712271207298,34.89156208480955,0 32.78741689459648,34.8915884196286,0 32.78741761469858,34.89158833344803,0 32.78805683493158,34.89151184717937,0 32.7880571225614,34.8915118873443,0 32.78827486785847,34.89154202609598,0 32.78879167796045,34.89167372978186,0 32.78895396768007,34.89169113724265,0 32.78895450951075,34.8916910282074,0 32.7890759243944,34.89166660793732,0 32.78921347919049,34.8915836767894,0 32.78941719206347,34.89147179851888,0 32.78962383324114,34.89142983270578,0 32.78988143262856,34.8914071183898,0 32.79031387526773,34.89127140479388,0 32.79068058695109,34.8910778129776,0 32.79135388223825,34.89078601168229,0 32.7915923963463,34.89071808339554,0 32.79222326343874,34.89053841243662,0 32.79227606268733,34.89023749306641,0 32.79163043604503,34.88959957320026,0 32.79159125139724,34.88940514513307,0 32.79170067980694,34.88914475272439,0 32.79241371816543,34.88823757165098,0 32.79261053336009,34.88800530653207,0 32.79263176281412,34.88784443884053,0 32.79260170134574,34.88727262949653,0 32.79269726621158,34.88707322929484,0 32.79315080667152,34.88671995837913,0 32.79367763686592,34.88649465818968,0 32.79388665723553,34.88646225251482,0 32.79388725275156,34.88636790039806,0 32.79383669289834,34.88584040474092,0 32.79394589832881,34.88561331176826,0 32.79414389882047,34.88519233796457,0 32.7942340832355,34.88477645120575,0 32.79437787601746,34.88440519714451,0 32.79440646591755,34.88414445616964,0 32.7944228763627,34.88367830162822,0 32.79453808273757,34.88356778832743,0 32.79496388238768,34.88333649820999,0 32.7950724170364,34.88321485744384,0 32.79526893852713,34.88302698699346,0 32.79549895170074,34.8828670118374,0 32.7957357046827,34.88270706379046,0 32.79594565718157,34.88252480193789,0 32.79602717623458,34.88241414411364,0 32.79600142479958,34.88222532420511,0 32.79582825783577,34.88191376775139,0 32.79571463288051,34.88177452469517,0 32.79576321153247,34.88154717027994,0 32.7956293774515,34.88140784090196,0 32.7955491808058,34.88130759263132,0 32.79554387779105,34.88108000703905,0 32.79544487631836,34.88075766721929,0 32.79531244112378,34.88039633135072,0 32.79531338474541,34.8802464769175,0 32.79543036722146,34.87985290600027,0 32.79551921176135,34.87964792468346,0 32.79597155203721,34.8794777969882,0 32.79613382178201,34.87937858493365,0 32.79619572758817,34.87917348851722,0 32.796211393925,34.87882388610043,0 32.7962793400848,34.87872982069882,0 32.79644816836412,34.87865838728252,0 32.79650292441482,34.87851986298134,0 32.79656454970428,34.87835916740871,0 32.79694547377154,34.87776135972938,0 32.79659242961186,34.87755925624375,0 32.79491183566228,34.8767153043427,0 32.79450348936414,34.87648651698123,0 32.79433643911705,34.87644510161833,0 32.7940544489188,34.87630513749627,0 32.79393466271468,34.87622306806158,0 32.79352778210905,34.87594429840971,0 32.79316903387492,34.87571708896752,0 32.79262738376325,34.87554398504923,0 32.79214929591759,34.87546264086045,0 32.79164405710764,34.87545145366592,0 32.79135048309966,34.87538397831194,0 32.79078660733672,34.87530658579581,0 32.79078568774733,34.8753064598141,0 32.79066527242052,34.87542997670978,0 32.79048454093196,34.87565731709021,0 32.79028002675047,34.87579058560564,0 32.79007557481257,34.87589911013368,0 32.7899378865584,34.87598753028368,0 32.789937230278,34.87598795192724,0 32.78972315461327,34.87582554725419,0 32.78874251761275,34.87506346994567,0 32.78825702557266,34.87468529518814,0 32.7882563192827,34.87468474497841,0 32.78812888681424,34.87488271638018,0 32.78803523613482,34.87493210195071,0 32.78794184307296,34.87494842381592,0 32.78794167017112,34.87494845416346,0 32.7876420881572,34.87496438896775,0 32.78764101606532,34.87496444568916,0 32.78752728157063,34.87503031205303,0 32.78748026471182,34.87512932657159,0 32.78745303366619,34.87532747234601,0 32.78741924895601,34.87547605875876,0 32.78736555171822,34.87557506154479,0 32.78731209951335,34.87563536212176,0 32.78731195251341,34.87563552773037,0 32.78718505546205,34.87562429454211,0 32.78596602152487,34.87559374119496,0 32.78589305224945,34.87522917589128,0 32.78567370914949,34.87471557819917,0 32.78560590978799,34.87456688349076,0 32.78511014741836,34.87427332640475,0 32.78435928014063,34.87342823409885,0 32.78416752810647,34.87320884733088,0 32.78415464370148,34.87317641301644,0 32.78415480013584,34.87315213198067,0 32.78441534029881,34.87285647503825,0 32.7844150319883,34.87239509163128,0 32.78440872872494,34.87235729008687,0 32.78419066272524,34.87215667792776,0 32.78418427292522,34.87213236543712,0 32.7841877019142,34.87210809831862,0 32.78423701608823,34.87207593574638,0 32.78441733811258,34.87203625127437,0 32.78430187205467,34.87166340541692,0 32.78416555419784,34.87147933456488,0 32.78413030404285,34.87136046425186,0 32.78413381968523,34.87132270535925,0 32.78434805544607,34.87109969753254,0 32.78460869297349,34.87078784938097,0 32.78485242657388,34.87055957165973,0 32.7848855424717,34.87050035753278,0 32.78488251163477,34.8704625699033,0 32.78485653081055,34.87043007822373,0 32.78465699023122,34.87040492624612,0 32.78447527551901,34.87032668878842,0 32.78453013137532,34.87001500138271,0 32.78454835201862,34.86993585072744,0 32.78458889825421,34.86979215197645,0 32.78460540659911,34.8697706402868,0 32.78460227245141,34.86974903971419,0 32.78429968551056,34.86945631969527,0 32.78412379662145,34.86880800092455,0 32.78359698487968,34.86825797972762,0 32.78335308970274,34.86800328734753,0 32.78303223784693,34.868007280191,0 32.78289157799687,34.86799047678826,0 32.782649762865,34.86792196313067,0 32.78252896669599,34.86787017005239,0 32.78225524761518,34.86767200855541,0 32.78208494879591,34.86768205387977,0 32.78199391509482,34.86758452197709,0 32.78178228175858,34.86741636534019,0 32.78178220972326,34.86741630841983,0 32.78152441419459,34.86745548026659,0 32.78152333206673,34.86745564508973,0 32.78130302618769,34.86709852365189,0 32.78129343210633,34.86706340591133,0 32.78138415479436,34.86670225345262,0 32.78156488264097,34.86659782034514,0 32.78158153023216,34.86655472328902,0 32.78156540510373,34.86651687868122,0 32.78149347547634,34.86650307271736,0 32.78138884219436,34.86648372803324,0 32.78138659595771,34.86632452689751,0 32.78134788952013,34.86623531965681,0 32.78124364020623,34.86615661444132,0 32.78123933549296,34.86615492009233,0 32.78079301960911,34.86597925572177,0 32.78124016653708,34.86584110671629,0 32.7812752122457,34.86583027939303,0 32.78165066429384,34.86548116886221,0 32.78208132353091,34.86519975371164,0 32.78200784574812,34.86491882614618,0 32.78176561881494,34.86491506623969,0 32.78183323139318,34.8645834906407,0 32.7816341242127,34.86449357911898,0 32.78126656745669,34.86412771845158,0 32.78128922483092,34.86366104095718,0 32.78128978227474,34.86365992596959,0 32.78124593485956,34.86366277679989,0 32.78120177787864,34.86366564779064,0 32.78120085247123,34.86366570832536,0 32.78109468576969,34.86369111742143,0 32.78109393065642,34.8636912981542,0 32.7809733533741,34.86366813382757,0 32.78065387966291,34.86367056160829,0 32.78065349468239,34.86367056451967,0 32.78025752659519,34.8637275304628,0 32.78025670493146,34.86372764887034,0 32.77992998384467,34.86371957062402,0 32.77992926097328,34.8637195530898,0 32.77983210407161,34.86375049243387,0 32.77983162901348,34.86375064391815,0 32.77952818916183,34.86373222659114,0 32.77937339590099,34.86372000799918,0 32.77887786124228,34.86373104578944,0 32.77864497042888,34.86367701940274,0 32.77797932795504,34.86374269681298,0 32.77797820445493,34.86374280744249,0 32.77777904664796,34.86373177054239,0 32.77692168838767,34.86380235430653,0 32.77692062838147,34.86380244160513,0 32.77675242386748,34.86388039735588,0 32.77659644209434,34.86389804425986,0 32.77659533823739,34.8638981693358,0 32.77615372029462,34.86379501245933,0 32.77583991658165,34.86369509958179,0 32.77567951446362,34.86358944911125,0 32.77527823706621,34.86344330499845,0 32.77476308906306,34.86321669387251,0 32.77455204520332,34.86312455813292,0 32.77445566254904,34.86309575669579,0 32.77442485479625,34.8630734374427,0 32.77438632261214,34.86305428415221,0 32.77434398413782,34.86301604197838,0 32.77428620331433,34.86298095142918,0 32.77423506067094,34.86294640863551,0 32.77412669575968,34.86290895605056,0 32.77402281027398,34.86288641169361,0 32.773932421742,34.86288624369277,0 32.77384201390927,34.86289352603975,0 32.77377421230583,34.86289712470035,0 32.77359450440056,34.8629153005438,0 32.77359338417715,34.8629154147447,0 32.7734396323423,34.86294865406686,0 32.77323243182473,34.8629779578833,0 32.77323165611704,34.86297806731464,0 32.77314125835293,34.86298162438435,0 32.77288861095924,34.86282097216547,0 32.77278937809282,34.86275000886595,0 32.77272619801931,34.8627163651256,0 32.77219744767176,34.86270792532311,0 32.77210707071461,34.86270403121287,0 32.77203932058924,34.86268900332654,0 32.77198513879301,34.86267027606957,0 32.77188582460191,34.86262911368409,0 32.77168261687764,34.86256912962185,0 32.77161033657814,34.8625578186672,0 32.77140247517581,34.86254625287707,0 32.77134385712824,34.86249771609265,0 32.77120856383782,34.86239315801554,0 32.77116338016976,34.86238934732184,0 32.77110917922296,34.86237807008951,0 32.77095555023936,34.86236660560184,0 32.77088779027168,34.86235530273181,0 32.77066655764229,34.86227665823512,0 32.77059434089713,34.86224299544332,0 32.7705084616946,34.86224655908175,0 32.77030057017048,34.86224616657851,0 32.7701966036891,34.86225341970407,0 32.76996642635002,34.86214123135292,0 32.76910421446736,34.86178570945084,0 32.76899589618127,34.86173335238136,0 32.76887848699532,34.86169960271443,0 32.76870689752826,34.86164712512061,0 32.76863462997902,34.86163208674576,0 32.7686030985965,34.86159477539507,0 32.76856255962326,34.86154627166689,0 32.76849506160917,34.86144183957027,0 32.76840952882849,34.86132247218691,0 32.76820222491304,34.86111346997401,0 32.76810762266518,34.86100526121484,0 32.76801292543837,34.86093057788258,0 32.76793621300209,34.86088945538221,0 32.76786401842445,34.86084834145743,0 32.7678190869943,34.86075512727922,0 32.76772896372908,34.86066182677597,0 32.76763450819213,34.86050146565579,0 32.76755803737498,34.86037466542299,0 32.76751756250205,34.86030381010287,0 32.7674725374039,34.86024412219859,0 32.76742785838967,34.86006150561699,0 32.76730660480573,34.85978933887846,0 32.76726162211072,34.85971475006579,0 32.76721234967455,34.85967765589488,0 32.76721201464375,34.85967740375006,0 32.76710894911591,34.8597288457683,0 32.7671079251408,34.85972935673027,0 32.76708558089737,34.85963991119826,0 32.76705417809067,34.8595578978619,0 32.76699145451387,34.85936407040459,0 32.76693297791259,34.8592671051501,0 32.76688347705234,34.85919250753335,0 32.76678882505944,34.85910292331175,0 32.76669410074068,34.85903941411493,0 32.76662185688342,34.85901692503548,0 32.76654959201858,34.85900188542568,0 32.76647277572698,34.85899801316542,0 32.76618403787708,34.85899745836768,0 32.76618354684864,34.85899745742362,0 32.76610214853839,34.85901592658094,0 32.76609734395696,34.8591164953168,0 32.76611502841619,34.85918654647022,0 32.7661152209247,34.85918730766119,0 32.76589407523326,34.85908257849636,0 32.76581759674365,34.85895950190939,0 32.76572780557218,34.8588068709481,0 32.76572764558454,34.85880659840307,0 32.76557380318093,34.85887335423136,0 32.76545621971367,34.85890292842933,0 32.76538861513433,34.85899531256558,0 32.76538816720068,34.85899592558641,0 32.7652979628572,34.85893242402327,0 32.76507225666717,34.85884258547026,0 32.7645348652775,34.85847681013229,0 32.76453438283984,34.85847648197316,0 32.76446026594987,34.85853176117389,0 32.76445965770776,34.85853221432484,0 32.7638145335272,34.85813982462489,0 32.76365916554049,34.8579495411396,0 32.76359417046856,34.85776315793871,0 32.7635469808396,34.8576718010484,0 32.76346380374952,34.85752263379453,0 32.76343914604358,34.85745367024548,0 32.76342579684542,34.8573810048138,0 32.76339298386868,34.85729386845264,0 32.76334941427961,34.85722626352683,0 32.76302861206202,34.85721467455686,0 32.76271770889998,34.85722904678592,0 32.76271689953883,34.85722908396899,0 32.76255895751989,34.8572871831305,0 32.76255808500804,34.85728750414488,0 32.76235737948962,34.85714696241943,0 32.76213494094389,34.85694747192689,0 32.76208984928979,34.85686996208208,0 32.76195021135468,34.85659760610319,0 32.76192256918173,34.85651402484882,0 32.76186893527056,34.85645879097052,0 32.76178078437811,34.85641056311363,0 32.76172272760876,34.85638018961732,0 32.76163048344841,34.85635401473564,0 32.76154350952149,34.85630312433695,0 32.76146069553463,34.85627500716964,0 32.76115542667134,34.85616520497408,0 32.76104160875256,34.85614363062644,0 32.76090248092373,34.85607983944397,0 32.76078191720004,34.85602757806435,0 32.76065345807206,34.85598625901284,0 32.76053890966853,34.85595877016838,0 32.76039628172393,34.85595505203578,0 32.76021206725935,34.85590468842029,0 32.76015983480492,34.85586146021349,0 32.76010815980408,34.855812315086,0 32.76002990288253,34.85571292583664,0 32.76001303488506,34.85563940210754,0 32.75999821410084,34.85552557782972,0 32.7599996230575,34.85550396121272,0 32.75999350400918,34.85546009825966,0 32.75989725107434,34.85530792164055,0 32.75986524698492,34.85523676585161,0 32.75984697570232,34.85518598913629,0 32.759828136176,34.85505041670137,0 32.75980373044761,34.85496603454616,0 32.75977943526183,34.85489179478174,0 32.75953107604101,34.8546871893575,0 32.75940836476624,34.85461181918223,0 32.75934126446114,34.85455246496863,0 32.75931169997354,34.85451990930272,0 32.7592859191083,34.8544862568459,0 32.75924820911566,34.85443858129932,0 32.75910336367254,34.85431115711591,0 32.75883322864137,34.8538510379549,0 32.75881538170149,34.85382454689805,0 32.75879935993466,34.85377368703621,0 32.75878157424749,34.85371722749043,0 32.75866311578121,34.85351749595263,0 32.75863113714832,34.8534824049648,0 32.75853593159215,34.85338434677915,0 32.75847213917957,34.85326831385174,0 32.75845236105754,34.85325425256362,0 32.75831127036249,34.85314792513176,0 32.75819485057747,34.85304405074742,0 32.7581118111687,34.85291436930977,0 32.75805311642826,34.85287050443051,0 32.75799278665953,34.85276735169874,0 32.75819230965698,34.85267649506198,0 32.75818148025003,34.85259434448468,0 32.75803874860382,34.85219254161689,0 32.75777411806631,34.85183612349742,0 32.75777185908616,34.85183455498738,0 32.75702290834774,34.85131447646071,0 32.75674158623664,34.85098996099107,0 32.75658704242943,34.8508436452656,0 32.75646580159231,34.85066545684762,0 32.75631164899091,34.8503868216895,0 32.75612974270423,34.85013550763936,0 32.75589203272287,34.85003921412284,0 32.75569280919989,34.85002968875641,0 32.75564874761866,34.84995659651936,0 32.75558285667615,34.84977851838983,0 32.75545032078185,34.84967787219069,0 32.75531257527412,34.84946771022376,0 32.75520225980225,34.84933973239101,0 32.75473263844621,34.84906046073656,0 32.75454500149944,34.84887757332898,0 32.75435714953031,34.84876768893005,0 32.75423024574575,34.84863511447632,0 32.75421933938502,34.84858033940936,0 32.75416448211936,34.84841597125889,0 32.75400420890166,34.84833808124174,0 32.75398230151328,34.8482604700629,0 32.75361756522166,34.84808260089801,0 32.75323068512139,34.84789393053988,0 32.75289874640492,34.84784762984988,0 32.75264992313983,34.84776955721419,0 32.75245651382901,34.84766878392438,0 32.7524624587819,34.84753191478866,0 32.75251252942608,34.8474453253507,0 32.75256265350329,34.847340484386,0 32.75276293456319,34.8469941254194,0 32.7528020447889,34.84687101124529,0 32.75284623986583,34.84679858768968,0 32.75286878569699,34.84676164168557,0 32.75291356702159,34.84659291220704,0 32.75289733138312,34.84646968645027,0 32.75289744049257,34.8464331843409,0 32.75285891716494,34.84636010321215,0 32.75277628226493,34.84623217937146,0 32.7528099117177,34.84609080332262,0 32.75279386843987,34.84590369862348,0 32.75288804920643,34.84587195169789,0 32.7533704438042,34.84557179125296,0 32.75349244604453,34.84548990943934,0 32.75347079839106,34.84532560819985,0 32.75346585344734,34.84518202994369,0 32.7533992064683,34.84507146023239,0 32.75317349143296,34.84496056779578,0 32.75324923026669,34.84482958058965,0 32.75334150747609,34.84476764895732,0 32.75334179577798,34.84467101880249,0 32.75326667521102,34.84459494287042,0 32.75314109564017,34.8445946880688,0 32.7530323636876,34.8445599572045,0 32.75285679930912,34.84447677464588,0 32.75276526513152,34.84429023043109,0 32.75265667828857,34.84420718370192,0 32.75263180943942,34.84412430716095,0 32.75259906522771,34.84387576355633,0 32.75249959402671,34.84354425820199,0 32.75236595509712,34.84344045395928,0 32.75229093994142,34.84332986657861,0 32.75219918073968,34.84321924503978,0 32.75197334813234,34.84314976355827,0 32.75158022437173,34.84303162518147,0 32.75134778762597,34.8429712183551,0 32.7511786892006,34.84292727220763,0 32.75115405072589,34.84276847222999,0 32.75079439741828,34.84265730127132,0 32.75075287219732,34.84254678154229,0 32.7506190902554,34.84249129001198,0 32.75055228264539,34.84243593660182,0 32.75043534816816,34.84234596836435,0 32.75017632550056,34.84217978467329,0 32.75015154425741,34.8420693000222,0 32.75005150078429,34.84193105116913,0 32.75001826433085,34.84184815687556,0 32.74997684381064,34.84170312693001,0 32.75023726261259,34.84140686899726,0 32.75024661443337,34.84108248748351,0 32.75031427529942,34.84085485554674,0 32.75028932750325,34.84079958699601,0 32.74994684292886,34.8405504054104,0 32.74982139483245,34.8405087349102,0 32.74981319115226,34.84045350069621,0 32.74972131309333,34.84038429046301,0 32.74949569943195,34.84024578269234,0 32.74933724710277,34.84004529318049,0 32.7490954878602,34.84008601259747,0 32.7490943479928,34.8400862058607,0 32.74888524810937,34.84002365554094,0 32.74879335034006,34.83996134605599,0 32.74869295505992,34.83994043240514,0 32.74866016133704,34.83971259287481,0 32.74844304902563,34.83953268905137,0 32.74815947052763,34.8391869942973,0 32.74799242147625,34.83906240974678,0 32.7479928001075,34.83893817103865,0 32.7479010304672,34.83883444947541,0 32.7479263968873,34.83875167601285,0 32.74809428626456,34.83860017652824,0 32.74809476986443,34.83844142785539,0 32.74823731447267,34.83836579841685,0 32.74815419004617,34.83817236649384,0 32.74828009488741,34.83806219237511,0 32.74828897071058,34.83789655955824,0 32.74812179682601,34.83781338747757,0 32.7481807330379,34.8377030747701,0 32.74819816861962,34.83747533990796,0 32.74819929473756,34.837475342239,0 32.74834047931581,34.83747563440361,0 32.74834085714162,34.83747542785197,0 32.74844110247578,34.83742062516453,0 32.74844143841608,34.83731019112444,0 32.74833309611564,34.83715121822043,0 32.74824172725798,34.8369163557851,0 32.74808298994979,34.83681249391172,0 32.74756509285294,34.83644560677919,0 32.74765728065609,34.83641128696293,0 32.74769941046429,34.83632164588887,0 32.74766626282935,34.83621114328378,0 32.74741574060483,34.83601046104874,0 32.74704807363317,34.83604413515189,0 32.74704730700972,34.83604420567368,0 32.74688079230491,34.83610557253088,0 32.74687969448048,34.83610597680021,0 32.74685489828961,34.83600239284601,0 32.74690556802755,34.8358575524348,0 32.74706495643064,34.83574745008875,0 32.74728292060224,34.8356443698281,0 32.74739235629973,34.83544443479047,0 32.74749422094771,34.83498220179681,0 32.7474948109986,34.8347889430632,0 32.74779717596347,34.83445826685395,0 32.747797852867,34.83445857294728,0 32.74788913001084,34.83449987005095,0 32.74789021637061,34.83449963161532,0 32.74810692168902,34.8344520062207,0 32.74833318936106,34.83436964843806,0 32.74846781730571,34.83414215579781,0 32.7485516099814,34.83411472032565,0 32.74855171891143,34.83411485126103,0 32.74862667587036,34.83420460305555,0 32.74873543429366,34.83422553494085,0 32.74896990433112,34.8341984103067,0 32.74897017688494,34.83419830269518,0 32.74900883691563,34.83418301184738,0 32.74921295362435,34.8341022807089,0 32.7493386427358,34.83406112715877,0 32.74942331333158,34.83374380199246,0 32.74940335842859,34.83342281052056,0 32.74948802920076,34.83310548527428,0 32.7494296428085,34.8330363437189,0 32.74936287497339,34.83297063561714,0 32.74920826599145,34.83288749086842,0 32.74931438590678,34.83239765619221,0 32.74931554428289,34.83239745304866,0 32.74943163971857,34.83237719054958,0 32.74967020569444,34.83237768259041,0 32.74967041733852,34.83237746938229,0 32.7497247816988,34.83232257746627,0 32.74966656277661,34.83219821894517,0 32.74961267523837,34.83202555429411,0 32.74944610881508,34.83174567350954,0 32.74937134750318,34.83155571019103,0 32.74969850296242,34.8313251609005,0 32.74973666120953,34.8311630387819,0 32.74998395968942,34.83104275925431,0 32.74999702658133,34.83087368307282,0 32.75011079994845,34.83061853688735,0 32.75007337260917,34.83053908550908,0 32.75021621439581,34.83035992266949,0 32.75050588209025,34.83006717433026,0 32.7506747383185,34.82958782001587,0 32.75074204523909,34.8294740723004,0 32.75065854816803,34.82940487984641,0 32.750453639123,34.82934924226328,0 32.75022373393875,34.82925559113833,0 32.7500829306844,34.82919523743076,0 32.74997294479983,34.82914809275018,0 32.74980172729245,34.82902350195062,0 32.74974059795116,34.82878324063511,0 32.7498025962411,34.82868162864934,0 32.74985857747655,34.82830304890915,0 32.74985920984508,34.82809391998916,0 32.74982546808781,34.82791863295371,0 32.74982601208752,34.82773874960196,0 32.74982604925273,34.82772646020194,0 32.7498541671804,34.8274947793958,0 32.74992983872534,34.82740450052693,0 32.75006034422633,34.82731433427221,0 32.75017023655881,34.8272410809348,0 32.75017057794211,34.8271280379127,0 32.75013676652557,34.82697536007843,0 32.75001427730196,34.82668119583929,0 32.74997356090574,34.82654546005102,0 32.74999439680078,34.8264550684214,0 32.75000856743265,34.82630248912525,0 32.75000882362568,34.82621770729751,0 32.74996798788757,34.82612153593124,0 32.7496322148948,34.82609258492888,0 32.74949562684638,34.82592839115436,0 32.74931061289936,34.82591105287752,0 32.74918143224196,34.82593320210733,0 32.74918031443882,34.82593339361483,0 32.74883701913566,34.82612485849294,0 32.74867222506058,34.82622060562475,0 32.74847302222172,34.826361498171,0 32.74826017801636,34.82647975287384,0 32.74823057697874,34.82651097466692,0 32.7481157730891,34.82663206239262,0 32.74801938269537,34.82677316699791,0 32.74795736644602,34.82688043016387,0 32.74794321024096,34.82702735713207,0 32.74813365233992,34.82751383807247,0 32.74823605480817,34.82764970211792,0 32.74829045919764,34.82779111887368,0 32.74826256038655,34.82794932161442,0 32.74776227426057,34.82815147685723,0 32.74776156827565,34.82815176205477,0 32.74763824090975,34.82813455001202,0 32.74724824657737,34.82790200091979,0 32.7467765554691,34.82748841261197,0 32.74683180592291,34.8273528755074,0 32.74666782059319,34.82718296858814,0 32.74653828139056,34.82695661225587,0 32.74633976529459,34.82687141618187,0 32.7461413476603,34.82685971616412,0 32.74614102522813,34.82685969746233,0 32.74592835001465,34.82692142746246,0 32.74577023154977,34.82707370553537,0 32.74554402825427,34.82727053673987,0 32.74554343086673,34.82727105652887,0 32.74532443929679,34.82715755550017,0 32.74538633738897,34.82708985901122,0 32.74547605229765,34.82689222068808,0 32.74552460563828,34.82670580129533,0 32.74543631831079,34.8264399644851,0 32.74546404956906,34.82639074470266,0 32.74551902064095,34.82629318120099,0 32.74555369245601,34.82616325370347,0 32.74567050978835,34.82606741051951,0 32.74567126592765,34.82606752027427,0 32.7458280881843,34.82609034911307,0 32.74582847184541,34.82609000736331,0 32.74591056488912,34.82601704323637,0 32.7461580114684,34.82579147320121,0 32.74635713020482,34.82567884474684,0 32.74662491294262,34.82552679430236,0 32.74662572742987,34.82552676895504,0 32.74679628531143,34.82552149898196,0 32.74679711021919,34.82552128344906,0 32.74696777866895,34.82547663809065,0 32.7471051038733,34.82539779335541,0 32.74716734464811,34.82521705379879,0 32.74727666955319,34.82509758087381,0 32.74727190659745,34.82488288231741,0 32.74727175481001,34.82487603007313,0 32.74734817335025,34.82476249328196,0 32.74730624412383,34.82464298016994,0 32.74711655110677,34.82449023540384,0 32.74653656441512,34.82418652046723,0 32.74631709469973,34.82406075324054,0 32.74619269220288,34.82397881871371,0 32.74600825482794,34.82354136343871,0 32.74592636280141,34.82349487949863,0 32.74574276531676,34.82351023259164,0 32.74574209833072,34.82351028798921,0 32.74551218784772,34.82359026903455,0 32.74551134850955,34.82359056115199,0 32.74526501389524,34.82354601967624,0 32.74506169074233,34.82346371409844,0 32.74486786177913,34.82343568823767,0 32.74468572957977,34.82314196224829,0 32.74457143657659,34.8230248212636,0 32.74440735398139,34.82297523941431,0 32.74430649183233,34.82298013060237,0 32.74430537557469,34.82298018504794,0 32.74423476511192,34.82320492887165,0 32.74414837007888,34.82333469050644,0 32.74397787295346,34.82339591899341,0 32.74397693946867,34.82339625417181,0 32.74379660046581,34.82331948017487,0 32.74368973167103,34.82308034168501,0 32.74361384329686,34.82264068196331,0 32.74347506465971,34.82226038356603,0 32.74334437295371,34.82213773954033,0 32.74316424246543,34.82203113421085,0 32.7429455896572,34.8217887598768,0 32.74277840840492,34.82171204370925,0 32.74264087904853,34.82162733196206,0 32.74243840873618,34.82142299702674,0 32.74232061736822,34.82135199630566,0 32.74232051699067,34.82135193569585,0 32.74215906844546,34.8213972756153,0 32.74170332219675,34.82167715251631,0 32.7412603327835,34.82201403194842,0 32.74096255214066,34.82227566835601,0 32.74081684515235,34.82242680185598,0 32.74081680896366,34.82242683873836,0 32.74068510453493,34.82245062504918,0 32.74035643695232,34.82242466544695,0 32.74014269024308,34.82242365472656,0 32.73994627450975,34.82246316214273,0 32.73994510521443,34.82246339852806,0 32.73966194557563,34.82251358253319,0 32.73942189293298,34.82251244754814,0 32.7388308881445,34.82237948555433,0 32.73800773426249,34.82205559487118,0 32.73783393770304,34.82200871554333,0 32.73783377278291,34.82200867101687,0 32.73775139234604,34.82203268482403,0 32.7376583905734,34.82216512115033,0 32.73746516656443,34.82252215588163,0 32.73729123997563,34.8226045003166,0 32.73681956952507,34.82282780525344,0 32.73672984438787,34.82288821388541,0 32.7367295946191,34.82288838191629,0 32.73665946611882,34.8228944699929,0 32.73656602221686,34.82289402611625,0 32.736534017907,34.82290007496473,0 32.73653288255172,34.82290028975585,0 32.73650537038985,34.82293708329659,0 32.73650720489154,34.82295314571782,0 32.73655533541074,34.82303043217824,0 32.73665204377011,34.82312079385151,0 32.73672581822389,34.82315004153349,0 32.73682489954376,34.82317940791686,0 32.73691626461397,34.82319910750207,0 32.73698814850832,34.82322031900874,0 32.73701917196888,34.82323812572292,0 32.73700720965139,34.82327977664904,0 32.73700720080606,34.82327980818073,0 32.73689803551963,34.82330015950022,0 32.73674608725842,34.82331388624505,0 32.73663510711297,34.82330543474766,0 32.73654372547566,34.82329847512209,0 32.7363401473339,34.82317870996475,0 32.73615964979401,34.82309918661245,0 32.73588359303225,34.82304328995356,0 32.73553556416648,34.82297902312715,0 32.7352112558035,34.82286349544009,0 32.73498240582561,34.82273879074856,0 32.7348137371499,34.82263845232112,0 32.7346530241536,34.82251407218358,0 32.73456622189856,34.82239967621129,0 32.73455342777186,34.82228081721855,0 32.73463249142912,34.82211102379166,0 32.73470795235578,34.82189947444835,0 32.73472271640146,34.82173740138693,0 32.73468896018725,34.82155422772892,0 32.73457749155239,34.82134820764612,0 32.73437886233422,34.82107916064585,0 32.73421319252168,34.82082953586856,0 32.73406451369537,34.82065544544307,0 32.7339952330519,34.82054113240296,0 32.73364621723212,34.8203420036042,0 32.7334871389246,34.82026418903999,0 32.73338573278285,34.82028778141679,0 32.73321067193152,34.8205438046929,0 32.73313609950674,34.82062853262433,0 32.73306861911485,34.82065832540208,0 32.73306775104895,34.82065870841733,0 32.73288336859649,34.8205791626544,0 32.73276887538735,34.82052724276077,0 32.73269930222428,34.82045466733969,0 32.73263376996548,34.82036124207654,0 32.73250930755205,34.8203429872657,0 32.73220782121452,34.82032710127898,0 32.73220767257757,34.82032709374021,0 32.73182616318136,34.82042780465363,0 32.73182539735691,34.82042800669367,0 32.73170847099943,34.82044510546471,0 32.73159173914902,34.82043491311556,0 32.73147336298164,34.82038136803752,0 32.73138841148403,34.82028142682649,0 32.73122247000465,34.82007193088304,0 32.73109331143526,34.81989150848442,0 32.73104887705131,34.81984313394829,0 32.73097505086382,34.8198219101296,0 32.7308659807498,34.81982941328913,0 32.73021530317679,34.81989531790667,0 32.7301375268441,34.81988210142806,0 32.73001526107331,34.81982853548625,0 32.72987928770314,34.81978614222744,0 32.72977429332694,34.81976797832052,0 32.72967314640797,34.81975625382483,0 32.72959400075709,34.81976541699258,0 32.72959326373652,34.81976550189393,0 32.72951125304253,34.81980042482289,0 32.72946212061026,34.81986600885016,0 32.72937344240021,34.82001809380594,0 32.7293488763938,34.82018814481626,0 32.72932917542673,34.82049628282089,0 32.72934013943939,34.82059747527402,0 32.72930179002258,34.82062090521442,0 32.72930103536502,34.82062136688131,0 32.72923895723156,34.82059056589034,0 32.7289175790411,34.82033857888491,0 32.72875332845615,34.82016601220865,0 32.72863432895133,34.81992623667732,0 32.7285531491904,34.81984397124681,0 32.72836712167989,34.81972267056822,0 32.72825488666644,34.81962741329858,0 32.72820685725421,34.81953727988218,0 32.72814766018657,34.81937485124102,0 32.72801798688297,34.81926827041816,0 32.72793256014169,34.81920743970021,0 32.72787271515073,34.819164824975,0 32.7276712657573,34.81902257956827,0 32.72754345964052,34.81892724531695,0 32.72734959165663,34.81881393220722,0 32.72723691439654,34.81878128060119,0 32.727106786594,34.81873891177163,0 32.72699833257683,34.8186597247767,0 32.72687267921175,34.8185355031307,0 32.72672161744339,34.81842560694693,0 32.72658413682551,34.81832219728874,0 32.72627544281956,34.81820511683608,0 32.72622323822339,34.81815509773585,0 32.72621422395588,34.81805391476716,0 32.72624389174759,34.81798823776255,0 32.72626554970364,34.81789375036981,0 32.72627792691927,34.81783975332461,0 32.72626658515161,34.8174637287713,0 32.72623617878702,34.81710080626895,0 32.72603656438052,34.81681868851202,0 32.7257892301737,34.81654541069616,0 32.7253337134558,34.81616531114307,0 32.72518891670054,34.81590764407301,0 32.72519061910717,34.81566882449597,0 32.72505319864296,34.81540514679855,0 32.7250509595252,34.81520560988066,0 32.72504226699279,34.81488209251182,0 32.72494501694636,34.81463976977729,0 32.72470410154146,34.81449651429831,0 32.72469485386068,34.8142515968198,0 32.72450901053885,34.81409651498831,0 32.72411789344424,34.81394043758515,0 32.72382178172964,34.81382714025582,0 32.72355160613128,34.81378965916138,0 32.72355079112119,34.81378954643117,0 32.72334038249821,34.8140300732191,0 32.72334012136532,34.814030371006,0 32.72305423080992,34.81402595709746,0 32.72241084083814,34.81377795294887,0 32.72231718465871,34.81354774008711,0 32.7223967146235,34.81319139816252,0 32.72173294749449,34.8132304861637,0 32.72104105360835,34.81310316292078,0 32.72077440391745,34.81297186512356,0 32.72067396071568,34.81266603782875,0 32.7204738565628,34.8124564648682,0 32.72018237782585,34.81221016636632,0 32.72012837988577,34.81156295454146,0 32.72004234130555,34.81129347479985,0 32.71996383180285,34.81099682360958,0 32.71974488465693,34.81085971165933,0 32.71945989533911,34.81073134531288,0 32.71947625371376,34.8104956216742,0 32.7196358234411,34.81022432050689,0 32.71963245061612,34.80967409498154,0 32.71967858716587,34.80937502990045,0 32.71957795848262,34.80909640875683,0 32.71956165351796,34.80881517835708,0 32.71962562713425,34.80807482383167,0 32.72002831683039,34.80763541649809,0 32.72004428124887,34.80745410705271,0 32.72006384775291,34.807281884418,0 32.71999577119055,34.80706388629329,0 32.71997185351548,34.80682191734589,0 32.72009419674882,34.80662903546383,0 32.72034076654044,34.8064911779268,0 32.72062737336154,34.80639281431744,0 32.72062779864772,34.80639277202401,0 32.72117390324069,34.80633804425545,0 32.72117470304048,34.80633778286367,0 32.72140169178004,34.80626357587494,0 32.7215076976128,34.80579248563345,0 32.72169154438776,34.80571175650329,0 32.72187178414106,34.8056219421176,0 32.72199783323415,34.80542302880418,0 32.72218950536227,34.80527280572978,0 32.72243574403542,34.80518028984842,0 32.72252496422796,34.80500538240266,0 32.72248223354507,34.80482983240351,0 32.72222066040027,34.80450508201933,0 32.72211196068447,34.80432921090779,0 32.72233612059878,34.80424867738956,0 32.72250189503655,34.80413158440766,0 32.72189476002621,34.80395026116819,0 32.72114800695716,34.80381662467508,0 32.72090652182593,34.80375800668995,0 32.72080452893064,34.8036698377629,0 32.72079020532662,34.80342816759421,0 32.72073014229989,34.80336166206772,0 32.7206064463434,34.80322469886956,0 32.72051225190157,34.80309675112669,0 32.72041205829482,34.80297613096444,0 32.72028532507852,34.80282595957025,0 32.72032723561728,34.80278448626071,0 32.72043200600172,34.80268202888526,0 32.7205753571675,34.80258711412534,0 32.72080209101013,34.80247054378671,0 32.72083251637195,34.80237262557281,0 32.72084623542245,34.80211771963546,0 32.72081784873978,34.80193125552979,0 32.72071308604047,34.80161938530797,0 32.72064018804937,34.80142289668995,0 32.72106339830509,34.80126315352383,0 32.72121865323616,34.80116584485508,0 32.72130546112867,34.80108046054766,0 32.72149388782251,34.80091711575554,0 32.72176041255306,34.80063892732607,0 32.72193659595738,34.80052455868028,0 32.72219949475767,34.80033706167477,0 32.7222955864068,34.80020023653096,0 32.72219266967979,34.80004528239368,0 32.72211268448599,34.80000811763741,0 32.72198502249808,34.79998788321112,0 32.72171765392242,34.79996941795339,0 32.72150663428373,34.79996838807994,0 32.72139061458819,34.79998253228053,0 32.72117444146856,34.80003755506371,0 32.72117324597964,34.80003785972063,0 32.72101955724214,34.80007604647923,0 32.72101841208875,34.80007633141803,0 32.72090204222253,34.80013950623434,0 32.72074669943745,34.80024907138729,0 32.720561108063,34.80043203899112,0 32.72033670026471,34.80063933479504,0 32.72024734494668,34.80074365300799,0 32.72024677661287,34.80074431697456,0 32.72011653251568,34.80067013075227,0 32.71996521713624,34.80063261573015,0 32.71970115413693,34.80056758093305,0 32.71956457558964,34.80054729999472,0 32.71938640620306,34.8005243628842,0 32.71923783343602,34.80051873229693,0 32.71905936325561,34.80053747183233,0 32.71893819588114,34.80055878909926,0 32.71893734733247,34.80055893858387,0 32.71877628467696,34.8006366026721,0 32.71865151184539,34.80071162625115,0 32.71865090736273,34.80071198994253,0 32.71859150081577,34.80070679543741,0 32.71832165184778,34.80061966496245,0 32.71819715684325,34.80057247231176,0 32.71802488145512,34.8005569171429,0 32.71772193336387,34.80052601074887,0 32.71750224323485,34.80049060932863,0 32.71720856401521,34.80041071383147,0 32.71704210659293,34.80041234709226,0 32.71684858111188,34.80045797751106,0 32.71668582891243,34.80049616564522,0 32.71668483363172,34.80049639950919,0 32.71649102156344,34.80058125455111,0 32.71627930899298,34.80067582759279,0 32.71616286283753,34.80074880369636,0 32.71602249838089,34.80084127641076,0 32.71572994723902,34.8010163552679,0 32.71546727752565,34.80116951411905,0 32.71522854570812,34.80130072843562,0 32.71499823208945,34.80150062841994,0 32.71475887624658,34.80171764520173,0 32.7146418896932,34.80186416725817,0 32.71441431765987,34.80209595154177,0 32.71419311106587,34.8022689268918,0 32.71384494357941,34.80239164121744,0 32.7138442301646,34.80239189284838,0 32.71347878843245,34.80244464426757,0 32.71347771361253,34.80244479949144,0 32.71343707149974,34.80251134013838,0 32.71343081473621,34.80255905916707,0 32.71336465864557,34.80272532879538,0 32.71328125177951,34.8027548225896,0 32.71328020462658,34.8027551924228,0 32.71318170155409,34.80271538831231,0 32.71304489396785,34.80265027204559,0 32.71285314688613,34.80251467388134,0 32.71259451610037,34.80236684611732,0 32.71230816125072,34.80237951284118,0 32.7118388474311,34.80244079660181,0 32.71132254836331,34.80241186684351,0 32.71086268131695,34.80238868142978,0 32.71056875572202,34.80232448438519,0 32.70973599597929,34.80189287196347,0 32.70861808578763,34.80076465656455,0 32.70809953336547,34.80036790118373,0 32.70706857398537,34.79977215945151,0 32.70626462016482,34.79925610469222,0 32.70612022072932,34.79914364230001,0 32.70599184520814,34.79899036456293,0 32.7059257577648,34.79884709911305,0 32.70572387308516,34.79814235035391,0 32.70561718214644,34.79794264566991,0 32.70553009075545,34.79779988808014,0 32.70535176406773,34.7976399514319,0 32.70519050704481,34.79746603104827,0 32.70503394680957,34.79731747071609,0 32.70496553280747,34.79725449157978,0 32.70459110253941,34.79700821658461,0 32.70443778068043,34.79681628537257,0 32.70437912958526,34.79669416718427,0 32.70420368270692,34.79629034022238,0 32.70413294372423,34.79615973688902,0 32.70400594243916,34.79600646034449,0 32.70389129423875,34.79588561198097,0 32.70373351861105,34.79579114325789,0 32.70357421450885,34.79569638214186,0 32.70327366128418,34.79551563839239,0 32.70310086178718,34.79546986483148,0 32.7026799228951,34.7954375658278,0 32.70246164813733,34.79540858252847,0 32.70225109330721,34.79536609591147,0 32.7020636706859,34.79530590691092,0 32.7018729863609,34.79519868076814,0 32.70172507458238,34.79506986115271,0 32.70162565626732,34.79489355444971,0 32.7015847805614,34.79472245738412,0 32.70132667843717,34.79399305258741,0 32.7012073923004,34.79364513196484,0 32.70111869925535,34.79324095444824,0 32.70105373021503,34.79307600000374,0 32.70096043326317,34.79286082801204,0 32.7008741576542,34.7927318792942,0 32.70169806943848,34.79236109669445,0 32.70169856789009,34.79236105013896,0 32.70198022033481,34.79233473160706,0 32.70217440034011,34.79237116953025,0 32.70236417689756,34.79249517088751,0 32.70276654161407,34.79258964129342,0 32.70299923347301,34.7925968863876,0 32.70300030343788,34.79259653112098,0 32.70314916060969,34.79254717002303,0 32.70318969860755,34.79252890535227,0 32.70327076966213,34.79249404545184,0 32.70327112915741,34.79249404903261,0 32.70353585762319,34.79249636091311,0 32.70353704447006,34.79249601584243,0 32.70371817458278,34.79244338284403,0 32.70371824023299,34.79244335866456,0 32.70387927511683,34.79238117247122,0 32.70399782402798,34.79233471770144,0 32.70421403759615,34.7921395050579,0 32.70421500191534,34.79213935505543,0 32.70435374593762,34.79211772459185,0 32.70458936081738,34.79212403262469,0 32.7046878735352,34.79213958469109,0 32.70475188220423,34.79215181766481,0 32.70475267157535,34.79215139229007,0 32.70481605766982,34.79211724928349,0 32.70486935029966,34.79205548012757,0 32.70489598797282,34.79202685952318,0 32.70489609285194,34.79199742006864,0 32.70484724121845,34.79192268820778,0 32.70481058400051,34.79185605302001,0 32.70483346580036,34.7917474345334,0 32.70494532416499,34.7916744499204,0 32.70502944983978,34.79163901570734,0 32.70502961783452,34.79163909544247,0 32.70509724239674,34.79167116088985,0 32.70541373928607,34.79163963268789,0 32.70547196809206,34.79162395397231,0 32.70547199225986,34.7916239179726,0 32.70555111155009,34.79150650830647,0 32.70587338420671,34.79140252762749,0 32.70610581567016,34.7909042040976,0 32.7058864808262,34.79061975656099,0 32.70588639816218,34.79061964908809,0 32.70558837843068,34.79074254782715,0 32.7055872895917,34.79074299682236,0 32.70518618071603,34.79035865699383,0 32.70566337879022,34.78992873066793,0 32.70541745440936,34.78935318857295,0 32.70490136915662,34.78891323810429,0 32.70490293619123,34.78891320223932,0 32.70568621894984,34.7888951188336,0 32.7056861228484,34.78889479588023,0 32.70565237998704,34.78878185479725,0 32.70537241299338,34.78841170249778,0 32.70505831115652,34.78801150065404,0 32.70501002684333,34.78792013202874,0 32.70493715680069,34.78761422592027,0 32.70490559600307,34.78746397775917,0 32.7049322339433,34.7873863864578,0 32.70497823663411,34.78733837556836,0 32.70510922855242,34.78726399027249,0 32.70528043515947,34.78716730104095,0 32.70533297885996,34.78711664205092,0 32.70534332802353,34.78703628882563,0 32.70531485938738,34.78691017749971,0 32.7052615985307,34.78659731289218,0 32.70524921181804,34.78650344408003,0 32.70525637476477,34.78641235491593,0 32.70534422174335,34.78597972647289,0 32.70538079595175,34.78588074412338,0 32.70550303496649,34.78565890321503,0 32.70562908951796,34.7854273293692,0 32.70570832538937,34.78529103875658,0 32.70572246197393,34.78513565925436,0 32.70571307309997,34.78507932892369,0 32.70566778788666,34.78502549717617,0 32.70553146174192,34.78493100590264,0 32.70542105971531,34.78486076687985,0 32.70519615426202,34.78473202547095,0 32.70519004550014,34.78467303112598,0 32.70519381570011,34.78460068490414,0 32.70526969541266,34.7844777784585,0 32.70530624967171,34.78438147518408,0 32.70538936924275,34.78425688603949,0 32.70546834207769,34.78415811531662,0 32.70567550806475,34.78391793937759,0 32.70579406939147,34.78375504262241,0 32.70586750225267,34.78363611250157,0 32.70592038172527,34.78353721081148,0 32.70601909015572,34.78341441761493,0 32.70614044221303,34.78331853878439,0 32.706268428371,34.78320661279285,0 32.7063602761217,34.78313202795259,0 32.70638446284188,34.78302820068981,0 32.70637880416342,34.78290488407014,0 32.70639916233054,34.78279241792592,0 32.70644881683354,34.78268813913832,0 32.70647209907722,34.78267302016764,0 32.70654711143642,34.78262430693955,0 32.70667809557406,34.78254991805296,0 32.70685901346936,34.78247457744829,0 32.70707837504317,34.78235506668378,0 32.70745481279919,34.78216129433103,0 32.70772978668857,34.78201793818053,0 32.70785402242558,34.78197567594243,0 32.70785447292529,34.78197557606047,0 32.70810752991318,34.78191950494634,0 32.70839163233661,34.78186999996635,0 32.70856473285077,34.78183602033875,0 32.70880654869526,34.78177022208628,0 32.7089567448025,34.78174684953436,0 32.7091067720246,34.78174759756301,0 32.70943936712078,34.78175997559685,0 32.7097295811044,34.78176946166438,0 32.70997976869639,34.78176506120622,0 32.71013326311721,34.78173634311311,0 32.71034893150549,34.78167845020476,0 32.71035015751461,34.78167810155392,0 32.71052540513851,34.78162840374415,0 32.71069860023849,34.78158102205366,0 32.71088813897799,34.78152835943811,0 32.71120609095878,34.78148797798718,0 32.71194381096318,34.78139428057642,0 32.71222261776359,34.78136653690485,0 32.71239976022311,34.78135307581563,0 32.71240022341129,34.78135278033072,0 32.71256999276801,34.78124458914127,0 32.71272119404509,34.78106431849987,0 32.71306732074061,34.78081511133557,0 32.71306765406114,34.78081540239027,0 32.71318064814784,34.7809142474589,0 32.71342009663701,34.78114573843246,0 32.7134731605455,34.78131716352883,0 32.71349788200618,34.78150278564296,0 32.71361520941391,34.78164943572396,0 32.71360712600548,34.78201502041497,0 32.7140763809365,34.78246092555014,0 32.71414223877968,34.78251591491168,0 32.71418232197119,34.78253045126431,0 32.71418274373641,34.78252981131909,0 32.71444920561211,34.78212492279497,0 32.71455204322351,34.78202326965143,0 32.71455289756151,34.78202328968388,0 32.71460091313398,34.78202440738927,0 32.7147560577918,34.78219902346412,0 32.71481384408303,34.78261870028779,0 32.71481503596235,34.78261810811885,0 32.7150711099782,34.78249092541696,0 32.71523401061511,34.78234476133242,0 32.71531621840289,34.78224211095202,0 32.71531739500428,34.78224182884338,0 32.71550663091937,34.78219644931064,0 32.7159052388884,34.78219930844157,0 32.71615548078042,34.78214139487786,0 32.71615564501091,34.78214129519915,0 32.71657549766486,34.78188716485804,0 32.71682877503252,34.78170918205224,0 32.71715062817501,34.78136037337828,0 32.7172273750457,34.78126127876195,0 32.71730483901096,34.78121326860646,0 32.71730561933553,34.78121320371075,0 32.71766023213863,34.78118364760167,0 32.71802859273856,34.78116305213383,0 32.71802940124445,34.78116273218654,0 32.71829219752496,34.78105860036067,0 32.71858718083848,34.78081988096093,0 32.71877108233775,34.78062183941736,0 32.71890745697458,34.78038682277639,0 32.71904979702164,34.78007745585589,0 32.71923598988701,34.77986239755732,0 32.71934783631536,34.77971508245296,0 32.71943746462022,34.77963666127019,0 32.71949658867374,34.7792686379712,0 32.71973265683506,34.77891402563473,0 32.71976847402917,34.77876633763552,0 32.71977444131713,34.77854053996694,0 32.71982223767358,34.77838842992372,0 32.71994618242447,34.77821966575366,0 32.72018661580347,34.77801293755198,0 32.72024539907352,34.77799440527374,0 32.72031796237356,34.77787198824001,0 32.72034200479113,34.7777000481296,0 32.72034318763571,34.77770015812024,0 32.72069910308777,34.77773315723022,0 32.72103068010014,34.77768996785524,0 32.72103110589711,34.77768972994479,0 32.72123896349174,34.77757358995621,0 32.72123982155762,34.77757346301264,0 32.72163799321302,34.77751459846638,0 32.72163817847941,34.77751441138686,0 32.72176271173238,34.7773888508238,0 32.72176395840075,34.77738849849889,0 32.72199887826639,34.77732189553939,0 32.72216565818324,34.77723757444156,0 32.72227293412956,34.77712070277423,0 32.72240663410286,34.77695377563948,0 32.72285136201087,34.77657866568138,0 32.72289946940607,34.77653409264586,0 32.72291630495423,34.77645800287645,0 32.72306323486355,34.77626335914482,0 32.72324664065086,34.77613162163527,0 32.72356123105779,34.77603278391364,0 32.72356139274854,34.77603278428078,0 32.72411622158825,34.77603368679298,0 32.72445554128544,34.77599448373496,0 32.72460599287746,34.77628893463564,0 32.72468691928317,34.7764736568624,0 32.724963394718,34.7767030347622,0 32.72559815553899,34.77708123585207,0 32.72596889368509,34.77733965790861,0 32.72596966505634,34.77733898355179,0 32.72673682699551,34.77666829997521,0 32.72753188500656,34.77620525076197,0 32.72753218142782,34.77620547678982,0 32.72789701942418,34.77648302406804,0 32.7279509871835,34.77653077950553,0 32.72797746469244,34.77662589738058,0 32.72808391324324,34.77662461893595,0 32.72808415356241,34.77662429675086,0 32.72845452719582,34.77612904766678,0 32.72864746879028,34.77587636926812,0 32.72844435228128,34.77557159954159,0 32.72818989540723,34.7753087011505,0 32.72801274042089,34.77517252971504,0 32.72730746777889,34.77476944808298,0 32.72700246187988,34.77459178489354,0 32.72710001712206,34.77438211355382,0 32.72722841357848,34.77410614950026,0 32.7265509712859,34.77370153562558,0 32.72636493536574,34.7735189464816,0 32.72619904018518,34.77327679523388,0 32.72577031600714,34.77291257603114,0 32.72558864572925,34.77268809664516,0 32.72490828139209,34.77223464492188,0 32.72462381335988,34.77202988193553,0 32.72432589324816,34.77186844165425,0 32.72360167769411,34.77157476504282,0 32.72306409142126,34.77137961538945,0 32.7214293515822,34.77065303267815,0 32.7213347480381,34.77055494755303,0 32.72127327879441,34.77041905893204,0 32.72130658883241,34.77035685072054,0 32.72130782209057,34.7703565569637,0 32.72150740207229,34.77030901729831,0 32.72150740662673,34.77030896231975,0 32.72151813534845,34.77018704026966,0 32.72137069807052,34.77012394971923,0 32.72143086158301,34.76998323090207,0 32.72152355615876,34.76988876998343,0 32.72156613692346,34.76944966867203,0 32.72161338629449,34.76927634510644,0 32.72156130548721,34.76874729427524,0 32.72133336234489,34.76799501842604,0 32.7213116788503,34.767810512304,0 32.72129701090199,34.76710537656587,0 32.72134834282859,34.7668208890576,0 32.72144641791576,34.76643358258005,0 32.72127407236515,34.76571954361869,0 32.72127833064253,34.76558397391903,0 32.72133561173349,34.76538629334868,0 32.721458266457,34.76523774309808,0 32.72146532357372,34.76516998393635,0 32.72138089430943,34.76502855915731,0 32.72138818424775,34.76492825875491,0 32.7214386603037,34.76476308628902,0 32.72173189011077,34.76412938727113,0 32.72164810470007,34.76388907583767,0 32.72136244439264,34.76347461654859,0 32.72110162008473,34.76318589583796,0 32.72080789824807,34.76290243667365,0 32.72073016084568,34.76274477342815,0 32.72069514320759,34.76258731900938,0 32.72077844031065,34.7624277308549,0 32.72104059655304,34.76207105445695,0 32.72110092852088,34.76190592987128,0 32.72111887318877,34.76169449845236,0 32.72120011007982,34.76149348589423,0 32.7207742751363,34.7611748654715,0 32.72059821375903,34.76098146899098,0 32.72046868159134,34.76071508240527,0 32.72044332694331,34.76058479210125,0 32.72051044652248,34.76038987027119,0 32.72039183942192,34.76021945914477,0 32.720125510092,34.75999749381535,0 32.72014172117498,34.75984302174749,0 32.72014314654976,34.75982944903701,0 32.720136574387,34.75979022132667,0 32.72007923047777,34.75973499408845,0 32.72004493273428,34.75970088963383,0 32.72004487503463,34.75970083270919,0 32.71979321324522,34.75978897012966,0 32.71979215574218,34.7597893399991,0 32.71973612695341,34.75979042532027,0 32.7196489923513,34.75976416443159,0 32.71947961729537,34.75948867221746,0 32.71943289273955,34.75934159414026,0 32.71935457066419,34.75923515225332,0 32.71919266336228,34.75906711464026,0 32.71902681762872,34.75898879815069,0 32.71870258997657,34.75893962044569,0 32.7184431756528,34.75881325550349,0 32.71804189945323,34.75871066935179,0 32.71794058389565,34.7585945961947,0 32.71787719059995,34.75847462997106,0 32.71787801273676,34.75836041688486,0 32.7178608690947,34.75822436126016,0 32.71763570215112,34.75791867886566,0 32.71764289984667,34.75783441083514,0 32.71770471014423,34.75771641869093,0 32.71775783264436,34.75766093075308,0 32.71779190885385,34.75750472988774,0 32.71776689910798,34.75731696537041,0 32.71777574481407,34.75723270565017,0 32.71783259188444,34.75711740810833,0 32.71786763063471,34.75705639282528,0 32.71786333426229,34.75696662987976,0 32.71784091540597,34.75687677896767,0 32.71760448400843,34.75653432863522,0 32.71753618065753,34.75641025908335,0 32.71741096942504,34.75618121128958,0 32.7173607777752,34.75605858994096,0 32.71732423766143,34.75587076878059,0 32.71724738335459,34.7557901674606,0 32.71702763869665,34.75564767790484,0 32.71698792220149,34.7554435238027,0 32.71694228189394,34.75537531418525,0 32.71680249186725,34.7553406336086,0 32.716702103284,34.75532518345028,0 32.71657759898974,34.75522667240357,0 32.71644155651008,34.75512946311473,0 32.71640428248757,34.7550436176703,0 32.71638006126365,34.75497551270868,0 32.71638261115079,34.75485043017887,0 32.71644842328724,34.75463455742754,0 32.71662734877869,34.75426831202495,0 32.71665264993394,34.75418685271254,0 32.7165913038944,34.75378407344098,0 32.71659677436974,34.75371067571793,0 32.71664201162087,34.75360619892113,0 32.71672205877323,34.75347198005881,0 32.71685003093675,34.75331760053217,0 32.71689672029905,34.7532403258846,0 32.71699316217912,34.75288863055717,0 32.71703553458093,34.75272431337503,0 32.71708899790621,34.75262123654448,0 32.71709025607225,34.75262093206923,0 32.71730354424196,34.75256926074239,0 32.71752332053055,34.75270631141261,0 32.71759411046632,34.75271345741126,0 32.71759513856188,34.75271303971466,0 32.71763376654617,34.7526973356922,0 32.71765799477585,34.75253564724154,0 32.71764326472705,34.75229354468103,0 32.71764821349967,34.75206377465089,0 32.71766949975592,34.7518531219122,0 32.71777658057371,34.75162521393131,0 32.71779845685063,34.75156141413922,0 32.71786071299737,34.75138087583776,0 32.71796910666179,34.75119920484783,0 32.71813534242635,34.75099198231235,0 32.71824729123257,34.75077361539422,0 32.71826589311597,34.75070708011044,0 32.71820728034116,34.75061025286617,0 32.71814213020257,34.75050659451371,0 32.71815984515167,34.75033399666664,0 32.71829129870628,34.75015243821537,0 32.71854454115486,34.74998779220704,0 32.71869331137713,34.74991781564908,0 32.71893117901757,34.74982923828644,0 32.71896604708562,34.74979133658187,0 32.71903291276278,34.74942725718931,0 32.71909539848794,34.74921408670878,0 32.71907037574114,34.74908546796227,0 32.71906680215093,34.74906709694826,0 32.71859893220436,34.74906752580461,0 32.71835820275859,34.74909626050989,0 32.71773785664015,34.74922375220966,0 32.71698716111314,34.74937915633789,0 32.71671837495141,34.74941454839542,0 32.7165340680499,34.74938644827906,0 32.71647171249861,34.74935214765281,0 32.71600400168209,34.74910237801942,0 32.71579221780733,34.74900071745609,0 32.71564263282905,34.74895511040698,0 32.71543681144611,34.74894050014792,0 32.71519839001781,34.74899217168401,0 32.71519756154751,34.74899235094029,0 32.71511822268996,34.74902867275674,0 32.71500189516783,34.7491681505335,0 32.71473411213444,34.74952035914222,0 32.71452994043185,34.74973282930939,0 32.71444539245353,34.74980583695736,0 32.71433820043507,34.74986360721893,0 32.71433789077661,34.74986377416435,0 32.7142751826318,34.74987842183713,0 32.71384359978295,34.74987221247483,0 32.71373893584254,34.7497656382441,0 32.71368488921964,34.74972186063461,0 32.7136508262553,34.74964826728357,0 32.7136804978099,34.74941862037603,0 32.7137627356508,34.7492096295986,0 32.71389273742856,34.74900223388268,0 32.71392622687029,34.74892761386075,0 32.71396009892759,34.7487999671629,0 32.7139558071478,34.74871020398048,0 32.71390895046991,34.74858351791651,0 32.71384551184616,34.74847170845209,0 32.71378848496065,34.74838440402471,0 32.71373760437377,34.7483583178407,0 32.71353175545558,34.74834778341341,0 32.71329821025221,34.74839271977428,0 32.71329749551288,34.74839285691672,0 32.7127967038681,34.74861745425437,0 32.71226418333681,34.74890036220691,0 32.71158264407455,34.74922373855647,0 32.71158214850917,34.7492239735657,0 32.71144079922917,34.74925373851973,0 32.71140798273159,34.7492613772667,0 32.7112335261377,34.74922445274618,0 32.71113564129089,34.74916987601627,0 32.71100571676438,34.74901597500037,0 32.71094124798667,34.74887141240847,0 32.71082375462571,34.74851022532688,0 32.7107158701555,34.74832938837073,0 32.71050944334036,34.7481841213571,0 32.71005265205865,34.74792943015445,0 32.70987839501421,34.74786545852335,0 32.70956205120626,34.74781881020684,0 32.70923412988182,34.74786225522866,0 32.70879641626065,34.74798628805817,0 32.70840337054523,34.7479753152414,0 32.70802183748745,34.74788326337924,0 32.70769483810903,34.74780049736731,0 32.70754242341405,34.74773663071147,0 32.70749933803417,34.74765528032815,0 32.70741389617783,34.74739341510122,0 32.70724142614259,34.74708604129279,0 32.70705836798615,34.74673353803581,0 32.70694056385691,34.7464174212656,0 32.7069090610278,34.74624597581189,0 32.70698714925125,34.74602098762193,0 32.70698840497984,34.7458497066263,0 32.70697821097095,34.74575048976931,0 32.70677206215412,34.74556915859554,0 32.70659721885998,34.74558631510654,0 32.70613774166496,34.74570121460676,0 32.70579884023008,34.74575361058752,0 32.70560262079114,34.74570755312193,0 32.70550480856924,34.7456439574146,0 32.70527715626962,34.7454174400407,0 32.70508146725946,34.7452992642846,0 32.70500529668733,34.74526282212157,0 32.70481632860692,34.74518136072184,0 32.70460293261971,34.74501616520809,0 32.70415344647882,34.74454414065829,0 32.70389558965961,34.74441174825504,0 32.70363163631406,34.74430845768483,0 32.70331867941754,34.74426925559754,0 32.70263574625641,34.7443447254466,0 32.70216215573625,34.74435084030326,0 32.70106010067803,34.74429529838343,0 32.7010599117798,34.74429528890516,0 32.70062983087958,34.74446567608472,0 32.70007747764218,34.74481652266906,0 32.70007655269384,34.74481710994714,0 32.69995047059214,34.74476427663222,0 32.69972475561247,34.74435491561383,0 32.69958136889036,34.7441651856519,0 32.69905909521238,34.74399381568429,0 32.69887003491102,34.74396124732961,0 32.69868052773299,34.74396396799744,0 32.69867989537918,34.7439639772505,0 32.69854099301742,34.74405310088349,0 32.69836149257862,34.74426219309342,0 32.69817512650684,34.74445741976208,0 32.69817486997818,34.74445768866336,0 32.69796020272664,34.74449199346346,0 32.69770867457259,34.74443762788503,0 32.69721337619843,34.74420174978088,0 32.69687684222095,34.74397183323569,0 32.69643926566511,34.74358612125604,0 32.69573648418075,34.74287233725315,0 32.69559904838416,34.742688111864,0 32.69549537035821,34.74246931762767,0 32.69514841428654,34.7414709596078,0 32.69530588309058,34.74106147241287,0 32.69482478414763,34.74089393465292,0 32.69508470615854,34.74050425077234,0 32.69513753928462,34.74036749150223,0 32.69513115630063,34.74023757393487,0 32.69521826492053,34.73984568926493,0 32.69520555564682,34.73939432778761,0 32.69533785563917,34.73890389190609,0 32.69532080844598,34.73831535480447,0 32.69485633505591,34.73806964604155,0 32.69440773921841,34.73785056037075,0 32.69439818860781,34.73776481544272,0 32.69458067323109,34.73766119210872,0 32.69482870307817,34.73746335502209,0 32.69486771120152,34.7372644530933,0 32.69484095002534,34.73715649089856,0 32.6946616231439,34.73686963240492,0 32.69459658067299,34.73679836647513,0 32.69451295987504,34.73677614847151,0 32.69451224859066,34.73677595918335,0 32.69441805680997,34.73687757285807,0 32.69423338018485,34.7371898114342,0 32.69417220945082,34.73722540986297,0 32.69417134819706,34.73722591161806,0 32.69383927988849,34.73719023045356,0 32.69358153129812,34.73724475361684,0 32.6930996036437,34.73719131134296,0 32.69280699347433,34.73718860221586,0 32.69211826012657,34.73706369371918,0 32.69195881808846,34.73706378369167,0 32.69130699182434,34.73719913863263,0 32.69068651431385,34.73699324175673,0 32.690539355049,34.73699015365907,0 32.69053901000437,34.73699014647217,0 32.68982024542434,34.73734153281226,0 32.68981922690988,34.73734203053013,0 32.68960915303968,34.73731424687288,0 32.68932037955294,34.73719259028334,0 32.68907923457449,34.73719013687808,0 32.68881110747474,34.73725552212442,0 32.68739932976508,34.73707224288969,0 32.68682724404163,34.73664806859915,0 32.68615478695556,34.7362685267594,0 32.68562533003205,34.73611536052351,0 32.68549211257045,34.73601290977085,0 32.68556473646652,34.73582947657771,0 32.68556595727828,34.73582919486703,0 32.68625412990529,34.7356703783766,0 32.68650912891784,34.73559036395742,0 32.68650950742337,34.73559018373761,0 32.68737434772803,34.73517755252573,0 32.68774314769295,34.73496915185527,0 32.68774063381632,34.73493610049362,0 32.6874194972112,34.73487692693549,0 32.68718866907166,34.73492440666182,0 32.68697606758566,34.73470785651481,0 32.6870547783096,34.73420253379305,0 32.68704144214537,34.73403570547807,0 32.68679093260354,34.73391181269513,0 32.68678197017363,34.73373575469626,0 32.68660318890225,34.73365471668924,0 32.68636080493007,34.73362311856185,0 32.68545463834632,34.7336718489017,0 32.68527036030697,34.73373401825332,0 32.68519696094443,34.73372056986598,0 32.68517491331837,34.7337165293196,0 32.68511441611437,34.73367209759904,0 32.68509328658865,34.73364048817206,0 32.68507430658662,34.73352698730528,0 32.68504713943864,34.73348652702281,0 32.68483814952558,34.73326998245737,0 32.68479601642929,34.73319038334544,0 32.68480627379621,34.73304553398984,0 32.68485244497088,34.73299537255948,0 32.68495068098178,34.73292280019679,0 32.68498615839911,34.73287384155218,0 32.6847801547446,34.73266613442234,0 32.68464061863254,34.7325494908428,0 32.68447691631118,34.73260030336388,0 32.6843346580995,34.73264114787144,0 32.68404753856453,34.73266360171915,0 32.68388276874875,34.73265392791917,0 32.68373349058054,34.73261409331,0 32.68377049507546,34.73256514439228,0 32.68403622421,34.73234475829032,0 32.68413324909501,34.73223059895107,0 32.68417639689478,34.73217664198273,0 32.68418461219341,34.73209982347976,0 32.68419852677062,34.73187561252013,0 32.68419982317972,34.73187524988715,0 32.6843224189868,34.73184097401712,0 32.68466671593956,34.73172557345047,0 32.68466700801235,34.73172543447976,0 32.6847586254317,34.73168194885445,0 32.68475897494451,34.73168192361653,0 32.68495715212773,34.73166785606408,0 32.68518053316678,34.73163333152354,0 32.68518056589545,34.73163305125311,0 32.68519622467359,34.73149669855281,0 32.68511216590264,34.73135365347059,0 32.68496638791569,34.73105427564109,0 32.68476236968935,34.73065442127654,0 32.6846849277302,34.73050264160251,0 32.68410508553198,34.73049964015753,0 32.68410447625767,34.73049963677457,0 32.6838878539942,34.73064989321869,0 32.6837246718696,34.73076308194668,0 32.68357455812728,34.7308454157656,0 32.68357446949734,34.73084546421438,0 32.68337551321597,34.73091625386995,0 32.68305894064355,34.73099903318872,0 32.68286711107731,34.73064459966133,0 32.68284119397497,34.73059671316992,0 32.68314210674492,34.73045196585797,0 32.68322663749527,34.73040607225977,0 32.68336795795827,34.73027268777879,0 32.68343355994788,34.73019133896115,0 32.68352691595975,34.73015036844026,0 32.68358925795231,34.73010923796353,0 32.68359012019041,34.73010904819154,0 32.68365434969301,34.7300949439453,0 32.68383755966008,34.73008492025448,0 32.68398389579863,34.73006860848208,0 32.68410801448422,34.73006071718275,0 32.68434330320446,34.72999975446781,0 32.68434359229418,34.72999953706281,0 32.68445767624799,34.72991377984933,0 32.68430214160273,34.72978007657598,0 32.68428792940229,34.7297068490326,0 32.68427834261549,34.72960804002897,0 32.68442155666295,34.72922471856397,0 32.68454360474813,34.72890590761112,0 32.6846009913633,34.72873916917438,0 32.6846017500069,34.72863919432893,0 32.68451464714285,34.72863508617316,0 32.6843886858742,34.72864168673249,0 32.68438758721601,34.72864174428404,0 32.68431860774834,34.72877916132717,0 32.68415686145843,34.72907460056202,0 32.68411486109198,34.72915973043153,0 32.68395734080805,34.72922433990394,0 32.68395634234901,34.72922474928223,0 32.68348288919221,34.72933690426999,0 32.6832919439691,34.72939321819965,0 32.68294556044473,34.72949749627584,0 32.68271632909704,34.72953897883176,0 32.68240577004461,34.72959345177672,0 32.68217816221328,34.72961543529374,0 32.68212238703692,34.72957003359819,0 32.68223512704781,34.72931091995488,0 32.68227638645948,34.72912946654742,0 32.68240987533255,34.72905456769494,0 32.68250778094296,34.72899777109485,0 32.68258819731791,34.72871654288107,0 32.68268545307723,34.72835736925304,0 32.6827357000042,34.72815889419606,0 32.68279790142489,34.72794219109606,0 32.68229131425795,34.72794565679909,0 32.6820329234067,34.72793821803845,0 32.68204387386714,34.72785780542334,0 32.68208678517831,34.7276531941425,0 32.68195084702199,34.72766224246857,0 32.68188837773562,34.72767986973713,0 32.68188720597914,34.72768020021874,0 32.68171586968348,34.72787682702739,0 32.68154888662134,34.72808323052069,0 32.68149538841674,34.72815820329738,0 32.68149514471091,34.72815854431484,0 32.68133399774515,34.72818087220185,0 32.6809835601853,34.72823635323002,0 32.68051801340282,34.72828025951259,0 32.68019854064262,34.72834199631198,0 32.67987293734515,34.72843296143645,0 32.67975452379856,34.72846770269633,0 32.67961614155209,34.72840967581452,0 32.67962408431844,34.7283365627819,0 32.67960893268116,34.72819383119058,0 32.67953877428067,34.72809836556787,0 32.67952631352291,34.72798978667265,0 32.67956940784339,34.72776201187531,0 32.67962911367835,34.72767941546502,0 32.67938403321509,34.72766960279129,0 32.67896627715697,34.72764425590382,0 32.67831954944536,34.7276274647331,0 32.67780875032371,34.72760284803622,0 32.67767753121887,34.7275741183317,0 32.67747553955245,34.72753038738019,0 32.67717474450081,34.7274678511953,0 32.67688545429932,34.72744560864973,0 32.67634205280513,34.72743544534009,0 32.67624610954505,34.7274288458909,0 32.67599331799883,34.72746165864599,0 32.67590893559881,34.72748803906903,0 32.6757212519463,34.72750412382202,0 32.67563261652422,34.72750731700904,0 32.67536021085773,34.72740225057998,0 32.67522611257464,34.72736374951858,0 32.67479529870573,34.72730905866427,0 32.67466833373847,34.72730351460345,0 32.67451380726834,34.72723320505395,0 32.67442565870184,34.72717299874319,0 32.67400435827197,34.72684280543599,0 32.67379301134386,34.72667221825773,0 32.67357726428032,34.72649794816088,0 32.67339686525365,34.72633605850032,0 32.67325295256911,34.72623044564627,0 32.67317950187571,34.72618006954841,0 32.67289846902522,34.72604569042525,0 32.67248649514252,34.72584721980807,0 32.67241881920034,34.72581394241167,0 32.67219681988635,34.72568475146672,0 32.67203094803716,34.72555463579118,0 32.67186215088324,34.72542084665805,0 32.67178263337383,34.72539116450004,0 32.67152182486548,34.72531541288884,0 32.6712372968154,34.72525172860642,0 32.67100126389057,34.72521878022922,0 32.67057345204444,34.72515921376817,0 32.6703698985967,34.72512765551092,0 32.67019742395549,34.7250877262293,0 32.67008237970187,34.72506882924553,0 32.66991755381268,34.72499480078699,0 32.66968079272494,34.72486552559439,0 32.66947360607276,34.72473153079348,0 32.66931339155783,34.72463436173826,0 32.66908537036513,34.72452098208238,0 32.66893945817172,34.72448363104357,0 32.6687404043826,34.72444355895618,0 32.66850163818965,34.72438254926796,0 32.66838233755154,34.72434168124708,0 32.66817180312095,34.72425887374516,0 32.66808646563987,34.72421818538272,0 32.66785623051224,34.72419989279467,0 32.66768786429397,34.72420143668882,0 32.66743356295153,34.72423910091111,0 32.66713761904703,34.72431434011841,0 32.66705471321595,34.72434072206328,0 32.66685101486713,34.72441498034566,0 32.66685033584528,34.72441522819413,0 32.66653913637852,34.72455256570954,0 32.66645897419715,34.72460578591737,0 32.66633699459744,34.7247185260597,0 32.66624003642688,34.72484237305196,0 32.66614476347632,34.72493940514235,0 32.66598112226426,34.72509215757999,0 32.66579115596682,34.72521185032295,0 32.66554213800929,34.72532878984881,0 32.6652513794823,34.72549549574445,0 32.66498285076289,34.7256695449962,0 32.66498271501881,34.72566963296629,0 32.6648479289368,34.72572012187713,0 32.66471917460617,34.72575479303605,0 32.66447872161085,34.72572058936436,0 32.66418370719281,34.72567633946142,0 32.66399788569557,34.72564364663855,0 32.66369257986301,34.72559324442263,0 32.66328984789805,34.72553744377261,0 32.66293295466325,34.72547457134954,0 32.66286366262291,34.72545957036628,0 32.66270925548302,34.72537583422037,0 32.66244454250791,34.72523420319923,0 32.6623372584349,34.72516778895262,0 32.66222808644062,34.72515379307455,0 32.66208786192125,34.72514450585147,0 32.66164834887782,34.72525919697392,0 32.6613805773833,34.72531872299007,0 32.6609517367325,34.72539079483249,0 32.66077116146738,34.72544225246776,0 32.66057724629395,34.72549973500679,0 32.66052902373548,34.72543485574656,0 32.6604283292205,34.72528190870274,0 32.66029101619742,34.72509096916117,0 32.66008515077982,34.72479114787059,0 32.65986173138876,34.72447050388995,0 32.6597580358343,34.72432363728101,0 32.65961366918444,34.72409120453073,0 32.65948540228236,34.72387714606081,0 32.65937755910547,34.72369489860695,0 32.65926561537945,34.72347117316693,0 32.65919327229178,34.72328180140013,0 32.65916172838094,34.72316214483568,0 32.65911759688749,34.72295341638853,0 32.65907770967912,34.72258133296101,0 32.6590290721752,34.72238233397091,0 32.658930808479,34.72223881273091,0 32.65883067204413,34.7221969748699,0 32.65874520347605,34.72220496945717,0 32.65860920110172,34.72224343789257,0 32.65860825668685,34.72224370478366,0 32.65775246551958,34.72291585344868,0 32.65752392578754,34.72302402143645,0 32.65752274104047,34.72302458242198,0 32.65746135661286,34.72301014598426,0 32.65737653525282,34.72293354178428,0 32.65725077449686,34.72240268125451,0 32.65723095917357,34.72186676038616,0 32.65731070674924,34.72126652158156,0 32.65730544773132,34.7210606268935,0 32.65740903131801,34.72091736913342,0 32.65741025159564,34.72091692183304,0 32.65762143137254,34.72083956683097,0 32.65777852876383,34.72084606426061,0 32.65815319986069,34.72099193180748,0 32.65874100047428,34.72141250709397,0 32.65893583106269,34.72160306141692,0 32.65893673772011,34.72160214987097,0 32.65903512915547,34.72150321829898,0 32.6590863628401,34.72143268511775,0 32.65912720280983,34.72136209669022,0 32.65915823237069,34.72121742915703,0 32.65915896146016,34.7211251672783,0 32.65920953144948,34.72097416662046,0 32.65929741066531,34.7208705736956,0 32.65940983405422,34.72078534994247,0 32.6594109230406,34.72078496716037,0 32.65955707681447,34.72073357304582,0 32.65973941181358,34.72068091139046,0 32.65999580048963,34.72062972000809,0 32.66010640691464,34.72060993050507,0 32.6601075957999,34.72060941277583,0 32.66021593410822,34.72056224118882,0 32.66030641878021,34.72045758565435,0 32.66037170957303,34.72025194994198,0 32.6603705491473,34.72006955710373,0 32.66032561290703,34.72000065462818,0 32.66026117918873,34.71993271822291,0 32.6601267650524,34.71984080234912,0 32.66000252673925,34.71977683577086,0 32.65980819987863,34.71970283659866,0 32.65962809856222,34.71963749666035,0 32.65933511512819,34.71955116488482,0 32.65913813952109,34.71948358828251,0 32.65895300825353,34.71942864247922,0 32.65774118321278,34.71902691510509,0 32.65706221866315,34.71891604584372,0 32.65626866845198,34.7190470711509,0 32.65610502312155,34.71900387453245,0 32.65599620771067,34.71893841762223,0 32.65595921523519,34.71886207274537,0 32.65596656386113,34.71834886025178,0 32.65608635842109,34.71787292431225,0 32.65641642258664,34.71714997077345,0 32.65659298830131,34.71684354881965,0 32.65669952938931,34.71675952880133,0 32.65688124252697,34.71667309985855,0 32.65688154086731,34.71667302768014,0 32.65795930075117,34.71641107900306,0 32.65814066675729,34.71636976729611,0 32.65861320271134,34.71622287979221,0 32.65897945957032,34.71607983344268,0 32.65918471440496,34.71601406179357,0 32.65918541345651,34.71601371037494,0 32.65941916683278,34.71589613334982,0 32.65951489681969,34.71579136406397,0 32.65952845726612,34.71568849346338,0 32.65947113115695,34.71559342976047,0 32.65924257980743,34.71547755833124,0 32.65898481608819,34.71540154770974,0 32.65847845942122,34.7152933256625,0 32.65789331844855,34.71523869866019,0 32.65774484851291,34.71519828549757,0 32.65763519082282,34.71510657069497,0 32.65763141100894,34.71497976185813,0 32.65780614251752,34.71473900095334,0 32.65803306297724,34.71457380011291,0 32.6580338234314,34.71457364719536,0 32.65841766717175,34.71449660660522,0 32.65841869976801,34.71449611279309,0 32.65899414096378,34.71422082808802,0 32.65899544671868,34.71422027553879,0 32.65916311988373,34.71414938926175,0 32.65924713866951,34.71409252097986,0 32.65931173471277,34.71398407600768,0 32.65929826414168,34.71389626721289,0 32.65922007251466,34.71375312939389,0 32.65912608091807,34.71363798107514,0 32.65899951717471,34.71354004784877,0 32.6588636946363,34.7133459915031,0 32.65880766000947,34.71315154726665,0 32.65886188779766,34.71297353807689,0 32.65886313480549,34.71297319720871,0 32.65900429808543,34.71293458777655,0 32.65924596052032,34.71298586851809,0 32.65941722875113,34.71300082852102,0 32.65956731641767,34.71300748520733,0 32.65975304314487,34.71298508785924,0 32.65991772056939,34.7129380106633,0 32.65991791801432,34.71293778043938,0 32.65997776074233,34.71286814521621,0 32.65998696851487,34.71277811815832,0 32.65994374397941,34.7126913189558,0 32.65978667096143,34.71249277630156,0 32.65961824209503,34.71229768047099,0 32.65946273413668,34.71208042734663,0 32.65927372438038,34.71180099462685,0 32.65901585810226,34.71147051727228,0 32.65890136930726,34.71131515741531,0 32.65873055975211,34.71111497932092,0 32.65864271502895,34.71105046057545,0 32.6585069837985,34.71104440010245,0 32.65800176638313,34.71115557608461,0 32.6576933949616,34.71117706106638,0 32.65734015449082,34.71115026822718,0 32.65714873398986,34.71110120928204,0 32.6567226123398,34.71100215003067,0 32.65653554800041,34.71098827396299,0 32.65608815492739,34.71114812725626,0 32.65586964452679,34.71116498610313,0 32.65563277191886,34.71113796613012,0 32.65521561364415,34.7110301457745,0 32.65506669108461,34.71092891162044,0 32.65501133040766,34.7108307539004,0 32.65518140466734,34.71063079093409,0 32.6552483080533,34.7104586029702,0 32.65528811274395,34.71016523184907,0 32.65530321108542,34.70984082367166,0 32.65528248728656,34.70974665025734,0 32.65520611410161,34.70965456763142,0 32.65504876203158,34.70965881889662,0 32.654525956066,34.70984445755064,0 32.65416399505883,34.70997493468371,0 32.65397892228359,34.70997394228847,0 32.65379426257276,34.70992202250491,0 32.65359194156063,34.70976560034985,0 32.65349118381069,34.70963773577888,0 32.65345528325341,34.7095000331101,0 32.65361054843647,34.70899156855184,0 32.65367056831904,34.70880117117411,0 32.65365978673598,34.7085166479443,0 32.65354184992719,34.70853761970129,0 32.65308722439545,34.70866120799581,0 32.65289543263127,34.70864577409126,0 32.6528085807932,34.708598497195,0 32.65265723877844,34.70843564613331,0 32.65261924026101,34.70828060654254,0 32.65265532983167,34.70813316656825,0 32.65276082459101,34.7080329096722,0 32.65276177304035,34.70803268791015,0 32.65313664670185,34.70794490808911,0 32.65350409559959,34.70781364994796,0 32.65350541442998,34.70781308757785,0 32.65413873159914,34.70754339065553,0 32.65413880160766,34.70754335569709,0 32.65451978468087,34.70734738782065,0 32.65458192229767,34.70721449051869,0 32.65457549860385,34.70692999045807,0 32.65447195804915,34.70678900333041,0 32.65429357481769,34.70673403440734,0 32.65372198820477,34.70675977539039,0 32.65302749330691,34.70688207674095,0 32.65268252677931,34.70693063489777,0 32.65240743216841,34.70696876493734,0 32.65195805368256,34.70698435313041,0 32.6514345578337,34.70699593880718,0 32.65105434700818,34.7070875122298,0 32.65081939163721,34.70717577324189,0 32.65081809494905,34.70717625992329,0 32.65074965618619,34.70754677706795,0 32.65067410584487,34.70771920917375,0 32.65058249578407,34.70781158380289,0 32.65058175251805,34.70781233349367,0 32.65046428425569,34.70777569186103,0 32.6501420878146,34.70770553823866,0 32.64986711959164,34.70777237907181,0 32.64986675461765,34.70777246816961,0 32.64951701877245,34.70795224618535,0 32.64915734918517,34.70815468266584,0 32.64915627247375,34.70815528895623,0 32.64908377064525,34.70814543629974,0 32.64895053381953,34.70808794918729,0 32.64888675139097,34.7079456872527,0 32.64914192863083,34.70757177415559,0 32.64932534433211,34.70709655553161,0 32.64977287337291,34.70655653330308,0 32.65012733105702,34.7061863072788,0 32.65041592560556,34.70592925958718,0 32.65067419078922,34.70564366407412,0 32.65080296409919,34.70531006442,0 32.65077730153214,34.70517747088487,0 32.65061454486767,34.70505469433619,0 32.65044581688644,34.70499856384312,0 32.65026531074471,34.70503639966817,0 32.65026451974725,34.70503656507058,0 32.64995565748088,34.70527851958117,0 32.64972587695078,34.70547217474194,0 32.64943382950446,34.70564246193129,0 32.64943333051211,34.70564275347206,0 32.64907030876333,34.7057707235969,0 32.64873110340129,34.70587283423794,0 32.64831464072247,34.70579912086853,0 32.64800918976107,34.70562206185317,0 32.64762943838536,34.7053893786417,0 32.64741333964345,34.7053524776578,0 32.64720932113855,34.70540954219295,0 32.6472082752529,34.70540983484563,0 32.64699786748276,34.70563932189977,0 32.64678650308082,34.70598574032145,0 32.64684193464129,34.70642455685213,0 32.64685227560678,34.70660326811222,0 32.64680038382097,34.70669713785847,0 32.64680035741987,34.70669718555963,0 32.64664638442544,34.70676131653474,0 32.64616736560566,34.70663853153799,0 32.64585375617084,34.70649715411252,0 32.64550847537578,34.70616612086691,0 32.64521773948434,34.70590107047535,0 32.64482432966258,34.7058953224107,0 32.64428187350711,34.70593929019515,0 32.6440854792958,34.70589852036038,0 32.64393327569775,34.7058002432467,0 32.64365973622368,34.70557137463849,0 32.64335116657384,34.70534953348101,0 32.64313791207093,34.70523287697768,0 32.64278004116708,34.70515874115446,0 32.64220306140252,34.70514837443183,0 32.64118827467897,34.70510955362467,0 32.64063021237708,34.70516611308463,0 32.64029708390548,34.70518747208482,0 32.63997258089506,34.70513601814717,0 32.63986970835614,34.7049632412647,0 32.63990920288941,34.704552796307,0 32.63996438584055,34.704185490425,0 32.63978320491859,34.70378046010521,0 32.63968467746005,34.70356796558008,0 32.63888747318256,34.70295422622988,0 32.63871008736928,34.70280742858971,0 32.63813110199654,34.70251926081649,0 32.6375652497109,34.70229115976758,0 32.63719808403941,34.7022028945226,0 32.63693058936611,34.70214517476654,0 32.63640409141093,34.70210102781942,0 32.63601820211773,34.70208015263123,0 32.63569200797296,34.70198085860103,0 32.63557000479338,34.70190518984956,0 32.63548029307118,34.70176969984438,0 32.63544088336236,34.70159323990217,0 32.63554170327529,34.70148505005955,0 32.63559515783861,34.70137944543376,0 32.63603193687245,34.70051653607428,0 32.6360264780052,34.70040042265964,0 32.63597598309468,34.70032099419936,0 32.63588379664934,34.70025980131131,0 32.63599167366588,34.70015249305192,0 32.63599211681578,34.7001527431803,0 32.63611420042374,34.70022151194232,0 32.63761951202715,34.70139071612769,0 32.63963358264013,34.70295500526193,0 32.64069350908668,34.70381525066038,0 32.64098436186815,34.70405529022851,0 32.64098524247503,34.70405434538254,0 32.64107340075093,34.70395973573648,0 32.64149482820323,34.70295856888423,0 32.64211838047557,34.7014156433089,0 32.64213197181832,34.70138201256209,0 32.64254473371265,34.7005473755443,0 32.64227915368755,34.69858042044091,0 32.64363932456267,34.69591538317753,0 32.64364065327012,34.69591477947413,0 32.64568228187184,34.69498740651288,0 32.64835689895445,34.68972821558224,0 32.64668827166848,34.6869354307325,0 32.64461646320539,34.68346755511095,0 32.64433362893843,34.68072039199604,0 32.6459625809774,34.67813799332249,0 32.64742348821442,34.67243403736034,0 32.64744388090749,34.67235441174609,0 32.64806425285992,34.66974231212966,0 32.64810822478722,34.66700662534895,0 32.64811015462131,34.66688102439694,0 32.6481492490116,34.66433658300406,0 32.64818496739544,34.66172620432448,0 32.64820871939924,34.66058420753033,0 32.64761725255233,34.65811361954658,0 32.64761889347813,34.65811384875573,0 32.64764856101164,34.65811798571213,0 32.64796767101863,34.6579315480801,0 32.64805108771916,34.6578828127796,0 32.64824471805926,34.65783490115698,0 32.64850149835772,34.65762338900809,0 32.64860575878861,34.65750989661212,0 32.64860772927207,34.65750725917262,0 32.64860872109745,34.65750593145709,0 32.64860972696803,34.65750463623502,0 32.64861176613481,34.65750200981106,0 32.64861383229715,34.65749944927234,0 32.64861489498776,34.65749813257867,0 32.64861592128923,34.65749690773035,0 32.64861593993032,34.65749688524722,0 32.64861805284301,34.65749436270504,0 32.64861807477214,34.65749433662552,0 32.64861810437969,34.65749430065194,0 32.64862023553766,34.65749184937864,0 32.64862026184957,34.65749181880439,0 32.64862139430301,34.65749051583378,0 32.64862244435005,34.65748935145251,0 32.64862247504093,34.657489317285,0 32.64862468145822,34.6574868698344,0 32.64862471653189,34.65748683117215,0 32.64862476256823,34.65748677992085,0 32.64862696861253,34.65748442081347,0 32.64862700806516,34.65748437855797,0 32.64862821136097,34.65748309201793,0 32.64862928079361,34.65748198718967,0 32.64862932571614,34.65748194134402,0 32.64863162125908,34.65747957257826,0 32.64863167056441,34.65747952223787,0 32.6486317363061,34.65747945481688,0 32.64863401068351,34.65747718965945,0 32.64863406436782,34.65747713572579,0 32.64863533740363,34.65747586831761,0 32.64863642403239,34.65747482483898,0 32.64863648318661,34.6574747673152,0 32.64863886457852,34.65747247812629,0 32.64863892811169,34.65747241700924,0 32.64863901355116,34.65747233522141,0 32.64864135189032,34.65747016580433,0 32.64864142198434,34.65747010110024,0 32.64864276474872,34.65746885552829,0 32.64864386312654,34.65746787158065,0 32.64864393869048,34.65746780328647,0 32.6486464015524,34.6574655972677,0 32.64864648149531,34.65746552538024,0 32.64864658771969,34.65746543013023,0 32.648648985653,34.65746335734229,0 32.64864907106201,34.65746328276613,0 32.64865048354735,34.65746206083329,0 32.64865159149615,34.6574611355089,0 32.64865168346222,34.65746105824724,0 32.64865422343042,34.65745893538602,0 32.64865432086637,34.65745885453423,0 32.64865444895895,34.65745874762807,0 32.64865689994463,34.65745677054897,0 32.64865700175196,34.65745668790682,0 32.64865848394685,34.65745549231745,0 32.64865959819764,34.65745462470542,0 32.64865970655818,34.65745454027924,0 32.64866232143936,34.6574525032736,0 32.64866243636836,34.65745241345748,0 32.64866258741628,34.65745229579978,0 32.64866508708299,34.65745041621986,0 32.64866520747049,34.65745032551798,0 32.64866675827255,34.65744915897334,0 32.64866787336683,34.65744834995939,0 32.64866980262653,34.65744694922081,0 32.64867068573415,34.65744630721232,0 32.64867099432995,34.65744608273331,0 32.64867174275371,34.65744555842967,0 32.64867353613202,34.65744430063368,0 32.64867370135452,34.65744418481976,0 32.64867529449373,34.65744306797797,0 32.64867640717011,34.65744231484832,0 32.64867923098198,34.65744040374906,0 32.64867930318933,34.65744035527756,0 32.64867965766916,34.6574401156057,0 32.6486820884606,34.65743852880568,0 32.64868223723911,34.65743843187525,0 32.64868408275772,34.65743722741624,0 32.648684964409,34.65743667194485,0 32.64868519083814,34.65743652926309,0 32.64868786641807,34.65743484400622,0 32.64868816722885,34.65743465466215,0 32.64868856758132,34.65743440250182,0 32.64869079774922,34.65743304770352,0 32.64869117946822,34.65743281622338,0 32.64869311213234,34.65743164266535,0 32.64869374645156,34.65743127128322,0 32.64869421125307,34.65743099947614,0 32.64869672555934,34.65742952830493,0 32.64869726582195,34.65742921254311,0 32.64869771422133,34.6574289497035,0 32.64869972745495,34.65742781423939,0 32.64870035406148,34.65742746086444,0 32.64870237167021,34.65742632270849,0 32.64870274563084,34.65742612005307,0 32.64870345856603,34.65742573267087,0 32.64870579528789,34.65742446291774,0 32.64870658694939,34.65742403339314,0 32.64870708447137,34.65742376348325,0 32.64870886446378,34.65742283378426,0 32.64870974790102,34.65742237207104,0 32.64871185043912,34.65742127292292,0 32.64871194992755,34.65742122272708,0 32.64871292293583,34.65742073422768,0 32.64871506793298,34.65741965593572,0 32.64871612184564,34.65741912620165,0 32.64871666848258,34.65741885102437,0 32.64871820221487,34.65741810992508,0 32.64871934786901,34.65741755611551,0 32.64872135166708,34.65741658829781,0 32.64872153750699,34.65741649868593,0 32.64872259233935,34.65741600952074,0 32.64872453366858,34.65741510913347,0 32.64872585630951,34.65741449543505,0 32.64872645532287,34.65741421770424,0 32.64872772757899,34.6574136516387,0 32.64872914848802,34.65741301839097,0 32.64873093992115,34.65741222124113,0 32.64873141975215,34.65741200717147,0 32.6487324547459,34.65741156572711,0 32.64873417827837,34.65741083058324,0 32.64873578049604,34.65741014737527,0 32.64873643078343,34.65740986979208,0 32.64873742963545,34.65740946159804,0 32.6487391311817,34.65740876605555,0 32.64874070049619,34.6574081242205,0 32.6487414851515,34.65740780375369,0 32.64874249704149,34.65740740821779,0 32.64874399301965,34.65740682386566,0 32.648745881295,34.6574060864918,0 32.64874658393595,34.6574058117638,0 32.64874729745204,34.65740554518039,0 32.64874928830218,34.65740480179169,0 32.64875062354719,34.65740430351786,0 32.6487517227768,34.65740389290842,0 32.64875270720307,34.65740354236695,0 32.64875396586938,34.65740309435495,0 32.64875614559242,34.6574023181557,0 32.64875690166645,34.65740204899043,0 32.64875732227098,34.6574019095723,0 32.64876656029708,34.65739884232924,0 32.64887998329311,34.65733105912604,0 32.64896497645519,34.65728954852947,0 32.64911972331261,34.65722976384043,0 32.64912878833773,34.65722657978187,0 32.64912884187338,34.65722656100498,0 32.6491294984605,34.6572263411321,0 32.64913791826746,34.65722352662296,0 32.64913802751681,34.65722348997693,0 32.6491391723639,34.65722312637187,0 32.6491471131018,34.65722060436372,0 32.64914727696253,34.65722055254979,0 32.64915173915312,34.65721920867301,0 32.64915636519288,34.65721781568651,0 32.64915658693777,34.65721774871409,0 32.64916102042564,34.65721648498547,0 32.64916567563925,34.65721515879153,0 32.64916595416598,34.65721507936187,0 32.64917035677307,34.65721389487366,0 32.64917504116056,34.65721263547233,0 32.64917537646151,34.65721254538832,0 32.64917974710071,34.65721143923594,0 32.64918445738549,34.65721024751922,0 32.64918485163874,34.65721014768859,0 32.64918918813581,34.65720911806281,0 32.64919392213223,34.65720799492588,0 32.64919437533018,34.65720788715159,0 32.64919867550707,34.65720693314472,0 32.64920343321515,34.65720587858759,0 32.64920394535018,34.65720576467249,0 32.64920820812358,34.65720488447844,0 32.64921298736526,34.65720389759335,0 32.6492135584298,34.65720377934037,0 32.64921778271258,34.65720297205456,0 32.64922258129842,34.65720205463819,0 32.64922321237581,34.65720193385341,0 32.64922739599374,34.65720119766662,0 32.64923221283283,34.65720034971578,0 32.64923290391543,34.6572002282021,0 32.64923704360332,34.65719956130203,0 32.64924187760475,34.65719878281358,0 32.64924263087065,34.65719866147875,0 32.64924672444667,34.65719806385908,0 32.64925157561046,34.65719735483304,0 32.64925238777546,34.657197236372,0 32.64925643634192,34.65719670533155,0 32.6492613013915,34.65719606665994,0 32.64926217463368,34.65719595198039,0 32.64926617492542,34.65719548570682,0 32.64927105276987,34.65719491738651,0 32.64927198599069,34.6571948082883,0 32.64927593801154,34.65719440588008,0 32.649280826469,34.65719390790483,0 32.64928182075182,34.65719380619394,0 32.64928572123657,34.65719346583882,0 32.64929061921615,34.65719303820541,0 32.64929167454955,34.65719294658628,0 32.64929552350583,34.65719266648131,0 32.6493004299128,34.65719231008813,0 32.6493015452021,34.65719222945899,0 32.64930534154277,34.65719200869961,0 32.64931025419911,34.65719172263888,0 32.6493114305314,34.65719165390438,0 32.64931517099131,34.65719149067823,0 32.64932008989322,34.65719127585145,0 32.64932132507527,34.65719122170967,0 32.64932500966201,34.65719111421387,0 32.64932993263144,34.65719096971324,0 32.64933122774658,34.65719093197023,0 32.64933485537684,34.65719087839869,0 32.64933978022436,34.65719080602093,0 32.64934113526881,34.65719078557819,0 32.64934470485926,34.65719078412483,0 32.64934936212762,34.65719078219351,0 32.64934962941063,34.6571907820607,0 32.64935104437301,34.65719078162255,0 32.64935401812281,34.65719082352906,0 32.64935455483652,34.65719083138285,0 32.64935867511021,34.65719088830556,0 32.64935947800081,34.65719089962924,0 32.64936095178638,34.65719092009399,0 32.64936333085863,34.65719098823578,0 32.64936440095249,34.65719101835727,0 32.64936798428851,34.65719112061217,0 32.64936932272215,34.65719115871705,0 32.64937085532333,34.65719120188767,0 32.6493726376121,34.6571912782293,0 32.64937424319968,34.65719134685101,0 32.64937728857541,34.6571914782087,0 32.64937916139663,34.65719155841649,0 32.6493807506202,34.65719162699106,0 32.64938193728474,34.65719169530945,0 32.64938407611962,34.65719181774985,0 32.6493865836072,34.65719196108268,0 32.64938898856963,34.65719209871183,0 32.64939063550271,34.65719219359492,0 32.64939122770987,34.6571922358641,0 32.6493938975419,34.65719242834314,0 32.6493958682892,34.65719257013239,0 32.64939880314267,34.65719278140287,0 32.64940050778146,34.65719290349595,0 32.64941349721551,34.65719405686898,0 32.64946815140371,34.65718191791486,0 32.64954720081217,34.65717768556024,0 32.64965068254283,34.65717669564342,0 32.64973547561004,34.65716005737328,0 32.64979386942645,34.65715104811193,0 32.64984089803473,34.65715130487764,0 32.64991829122088,34.65711908039684,0 32.64999944585087,34.65708687567866,0 32.65006929956942,34.65705616376588,0 32.65016865148036,34.65704463145079,0 32.65034219870942,34.65703905963927,0 32.65061298919667,34.65703619213226,0 32.65082344019797,34.65701778833831,0 32.65103404833256,34.65697983348397,0 32.65121318143161,34.65693301870338,0 32.65126857265093,34.65690942422797,0 32.6513979850466,34.65683409850303,0 32.65154052277873,34.65676101515332,0 32.65167230529667,34.65671828776461,0 32.65181456414852,34.65667995868813,0 32.65191208657104,34.65664790490226,0 32.65200689186579,34.65662669792075,0 32.65205443203212,34.6565987166471,0 32.65216526801834,34.65654501120626,0 32.65226285916617,34.65650426893637,0 32.65241313942541,34.65644860597225,0 32.65255304760134,34.65637550762297,0 32.65268774960988,34.65629586401055,0 32.65279332877464,34.65624212949763,0 32.65285391030401,34.6562027065865,0 32.65293815712914,34.65615184280087,0 32.65300691686306,34.65609576313208,0 32.65310679184741,34.6560321554032,0 32.65321926904314,34.65594552104397,0 32.6533035142985,34.65589465609631,0 32.65336906852364,34.65585139056198,0 32.6534500459702,34.65582103735908,0 32.653534249963,34.65577530512162,0 32.65358715967604,34.65576019621393,0 32.65371497734558,34.65569673858028,0 32.65371790716179,34.65569526578032,0 32.65371794651728,34.65569524605966,0 32.65371913921538,34.65569464636127,0 32.65372085214202,34.65569381916605,0 32.65372093194013,34.65569378062932,0 32.65372334556136,34.65569261466711,0 32.65372381666115,34.6556923960455,0 32.65372393689441,34.65569234049561,0 32.6537268061213,34.65569100905465,0 32.65372696570628,34.65569093468557,0 32.65372759311077,34.65569064348851,0 32.65372981726845,34.65568965367689,0 32.65373001837197,34.65568956410065,0 32.65373188185611,34.65568873462843,0 32.65373284248869,34.65568832448172,0 32.6537330872926,34.65568821970457,0 32.65373588940717,34.65568702419525,0 32.65373617355531,34.6556869024018,0 32.65373620961928,34.65568688717917,0 32.65373895797897,34.65568576363501,0 32.6537392880018,34.65568562844976,0 32.65374057639659,34.65568510204223,0 32.65374204280943,34.65568452836215,0 32.65374241651389,34.65568438248324,0 32.65374497999868,34.6556833810143,0 32.65374514498571,34.65568331928115,0 32.65374556236807,34.65568316361006,0 32.65374826880031,34.65568215353228,0 32.65374872770494,34.65568198175255,0 32.6537494193384,34.65568172319082,0 32.6537514066805,34.6556810157689,0 32.65375191362293,34.65568083511086,0 32.65375389331734,34.65568013037161,0 32.65375456081565,34.65567990419434,0 32.65375511142095,34.65567971734996,0 32.6537577322554,34.65567882872776,0 32.65375832765199,34.65567862668552,0 32.65375840084836,34.65567860165213,0 32.65376092100354,34.65567778846773,0 32.65376156223734,34.65567758204825,0 32.65376293865493,34.65567713792451,0 32.65376412272639,34.65567677619012,0 32.6537648108883,34.6556765653965,0 32.65376733742392,34.65567579189493,0 32.65376750673335,34.65567574009025,0 32.65376807251397,34.65567557672718,0 32.65377057157044,34.65567485272854,0 32.65377135143301,34.65567462687023,0 32.65377210507987,34.65567440905077,0 32.65377381651359,34.65567394063693,0 32.65377464328557,34.65567371491183,0 32.65377672933458,34.65567314389224,0 32.65377707443894,34.65567305472485,0 32.65377795030213,34.65567282913911,0 32.65378034527532,34.65567221212004,0 32.65378126482386,34.65567197493914,0 32.65378138058467,34.6556719455192,0 32.65378363016232,34.65567140110658,0 32.65378459879082,34.65567116676945,0 32.65378605555362,34.65567081482387,0 32.6537869247513,34.65567061806625,0 32.65378794245601,34.65567038747437,0 32.65379023228876,34.65566986931862,0 32.65379075424522,34.65566975090471,0 32.6537912969141,34.65566963615547,0 32.65379355165757,34.65566916117076,0 32.65379466210511,34.65566892723621,0 32.65379547447014,34.65566875555846,0 32.65379687854654,34.65566848098983,0 32.65379804023712,34.65566825441256,0 32.65380021513748,34.65566782878206,0 32.65380142479462,34.6556676104542,0 32.65380356462071,34.65566722438886,0 32.65380481903913,34.65566699807479,0 32.65380497516009,34.65566696967092,0 32.6538069205332,34.65566664795951,0 32.65380822399784,34.65566643260233,0 32.6538097512577,34.6556661800187,0 32.65381028396585,34.65566609949709,0 32.65381163756388,34.65566589600138,0 32.65381365595339,34.65566559252662,0 32.65381454452503,34.65566545892698,0 32.65381505646077,34.65566538916405,0 32.65381703652199,34.6556651207379,0 32.6538184849997,34.65566492472327,0 32.65381935168559,34.65566480728796,0 32.65382042351613,34.65566467781446,0 32.65382191993043,34.65566449726092,0 32.65382381473523,34.65566426825742,0 32.65382417273933,34.65566422510165,0 32.65382536019576,34.65566409866079,0 32.6538272145017,34.65566390199529,0 32.65382880577695,34.65566373343017,0 32.65382900441361,34.65566371235874,0 32.65383061851188,34.65566356459225,0 32.65383225880336,34.65566341419572,0 32.65383384670837,34.65566326905923,0 32.65383402567857,34.65566325514377,0 32.65383571497507,34.65566312562019,0 32.65383743919588,34.65566299258981,0 32.65383869743809,34.65566289609841,0 32.65383917539048,34.65566286590374,0 32.6538408558547,34.65566276159626,0 32.65384263889499,34.65566265036816,0 32.65384355551182,34.65566259347314,0 32.65384427567007,34.65566255855724,0 32.65384610770413,34.65566247090646,0 32.65384769750235,34.65566239518866,0 32.65384841875152,34.6556623602758,0 32.65384957529866,34.65566232118989,0 32.65385112244996,34.65566226969071,0 32.65385304711444,34.65566220574113,0 32.65385328606253,34.65566219740474,0 32.65385454836857,34.65566217304259,0 32.65385651983373,34.65566213536852,0 32.65385797633779,34.65566210795173,0 32.65385815635393,34.65566210485687,0 32.65385999351275,34.65566209655011,0 32.65386140411216,34.65566208973683,0 32.65386302853485,34.65566208262906,0 32.65386346707186,34.6556620865784,0 32.65386483176658,34.65566210036867,0 32.65386694044732,34.65566212077827,0 32.65386789933252,34.65566213071207,0 32.65386825930108,34.6556621398472,0 32.65387041366913,34.65566219193802,0 32.65387168665571,34.65566222259585,0 32.65387276874698,34.65566224910588,0 32.65387388567636,34.65566229284281,0 32.65387511168235,34.65566234049523,0 32.65387735536311,34.65566242709543,0 32.65387763568731,34.65566243780739,0 32.65387853550565,34.6556624854353,0 32.65388082376784,34.65566260731945,0 32.65388195590258,34.65566266732599,0 32.65388249688452,34.65566269590582,0 32.65388428659432,34.65566281727615,0 32.65388537394532,34.65566289067765,0 32.65388735233488,34.65566302430268,0 32.65388774929717,34.65566305698105,0 32.6538887885954,34.65566314286674,0 32.65389120526716,34.65566334174038,0 32.6538921998566,34.65566342299176,0 32.65390154945116,34.65566439247166,0 32.65414051791737,34.65568108431231,0 32.65442283841684,34.65571340570424,0 32.65454381590872,34.65572945759124,0 32.65466798001042,34.65573526232151,0 32.65477052731017,34.65572555447017,0 32.65487616322061,34.65571842717819,0 32.65493201374875,34.65572386247355,0 32.65498177756557,34.6557138671296,0 32.65511848104523,34.65570434307204,0 32.65523661971562,34.65568702000984,0 32.65531747150222,34.65567206147121,0 32.65542645508194,34.65563416055484,0 32.65554162973562,34.65559885885023,0 32.65559778453524,34.65556580449193,0 32.65569124103191,34.65552781891315,0 32.65583756572102,34.65547985624774,0 32.65598080923629,34.65542930920315,0 32.65621756768091,34.65533307938925,0 32.65638264456614,34.65526982044893,0 32.65661312931847,34.65518125453838,0 32.65674386821567,34.65514090309948,0 32.6569088219732,34.65509303936136,0 32.65698659186253,34.65507549643165,0 32.65707052923521,34.65506312001464,0 32.65715763352461,34.65504306107248,0 32.65726024411686,34.65502565271681,0 32.65745314283485,34.6549779389047,0 32.65766461163241,34.6549380223852,0 32.65792913113754,34.65486503233355,0 32.65820586648664,34.65481776884708,0 32.65832391861548,34.65481070672067,0 32.65845427066955,34.65481910675248,0 32.65853802777782,34.65482982186696,0 32.65875850908668,34.65482844324236,0 32.65895721040228,34.65483207769786,0 32.659009958116,34.65483749433329,0 32.65906568639145,34.65485832275908,0 32.65912770536517,34.65486891989244,0 32.6592673941606,34.65487480300106,0 32.65946184994826,34.65490746393967,0 32.6596234394086,34.65493460505373,0 32.65987353793322,34.65496030351677,0 32.66027131512644,34.65493290965797,0 32.66054910071654,34.6549170330884,0 32.66073730584573,34.65479635736479,0 32.66091044110113,34.65471732448324,0 32.66109838588816,34.65462794032763,0 32.66135778586139,34.65454589672728,0 32.66150756823217,34.65449281466348,0 32.66159839886323,34.65444636683398,0 32.66180296894483,34.65438141078516,0 32.66192323093475,34.6543368599077,0 32.66228791146029,34.65424147769647,0 32.66247983068364,34.65417992909778,0 32.66267393874332,34.6541079616076,0 32.66282174618305,34.65403921926544,0 32.66301400795744,34.65393594695272,0 32.66323381317985,34.65380848453392,0 32.66349989066095,34.65368127111816,0 32.66371305535162,34.65359375724828,0 32.66386900198756,34.65355809041743,0 32.66400608847795,34.65351362892422,0 32.66422759399667,34.65343485258278,0 32.66463785445978,34.65342315905843,0 32.66484140577751,34.65348162850913,0 32.66499885354468,34.65351898735553,0 32.66516248381247,34.65357202608676,0 32.66555506163764,34.65366454540126,0 32.66577111767629,34.65373698979536,0 32.66601245873827,34.65380435474911,0 32.66616336974463,34.6538694929413,0 32.66635205574941,34.65394526533474,0 32.66646537790592,34.65397716932235,0 32.66663127054139,34.65401109381263,0 32.66683088897806,34.65403650746725,0 32.66715487066217,34.6540295566614,0 32.66729792571026,34.65402684870993,0 32.66746811053748,34.65405036453772,0 32.66769535623349,34.65404115348289,0 32.66792478816025,34.65402152331298,0 32.66821517636731,34.65400743497997,0 32.66859394468956,34.65398860465032,0 32.66872014472813,34.65398928203152,0 32.66882358453754,34.65394376453292,0 32.66904486725142,34.65389192569301,0 32.66917766114545,34.65385786686895,0 32.66939074098547,34.65377990476451,0 32.66964169724794,34.65370040693157,0 32.6698335673819,34.65364406252877,0 32.67001685336093,34.65360853397001,0 32.67024621316205,34.65359759124392,0 32.67041247535717,34.65358631077846,0 32.67059131325589,34.65358031334416,0 32.67072800085703,34.65358452100734,0 32.67093182492076,34.6536099501251,0 32.6711110032758,34.65356222901686,0 32.67124589794022,34.65352817900952,0 32.67136182117775,34.65349924226801,0 32.67152215383881,34.65344098831858,0 32.67163593126215,34.6534172560558,0 32.67175613089528,34.65337965015872,0 32.67184054579707,34.65334532927181,0 32.67201779039803,34.6532767342957,0 32.67226455525904,34.65319460008766,0 32.67232573534485,34.65317232591443,0 32.67244576498452,34.6531555798935,0 32.67260790316992,34.65313384357515,0 32.67267961361137,34.65310988649863,0 32.67273448282639,34.65308757805064,0 32.67287156388907,34.65304310655562,0 32.6729748945255,34.65301062414964,0 32.67313547996732,34.65292107586745,0 32.6732559675219,34.65284782856668,0 32.67345666986636,34.65273936984573,0 32.67359803420415,34.65268535877946,0 32.67380275865786,34.65259952103088,0 32.67406435762911,34.65250355365852,0 32.67425430777588,34.65242372184321,0 32.67447997944312,34.65234842575958,0 32.67467832932853,34.65227037628254,0 32.67486186336328,34.65220354819558,0 32.67497109549537,34.65216953109073,0 32.67511779480391,34.65211432089042,0 32.67530927277115,34.65204280579125,0 32.67540810620154,34.65200515650793,0 32.67558863117579,34.65195521474681,0 32.67577985965505,34.65191423839627,0 32.67594955887406,34.65187060107417,0 32.67620705628384,34.6518210675596,0 32.67652021843198,34.65174128886616,0 32.67663590115251,34.65171390690382,0 32.67679767488926,34.65169822194068,0 32.67689597233918,34.65172673736228,0 32.6770524296365,34.65179755159272,0 32.6772209154303,34.65190405889778,0 32.67725388854119,34.65192484673737,0 32.67725394948315,34.65192488476061,0 32.67728051592096,34.65193749548738,0 32.67730682696729,34.65194704412472,0 32.67730704919385,34.65194712494405,0 32.67733579748396,34.65195464900268,0 32.67733601761965,34.6519547063781,0 32.67736728334683,34.65195977967097,0 32.67736752972979,34.65195981998777,0 32.67739491744221,34.65196177923564,0 32.67739513999717,34.65196177531707,0 32.67742593747285,34.65196128615923,0 32.67742618847426,34.65196126068047,0 32.67745079846826,34.65195880075083,0 32.67745086397633,34.65195878650053,0 32.67749766442032,34.65194878762946,0 32.67759629023399,34.65193658554972,0 32.6777134519911,34.65191684467086,0 32.67786140207008,34.65189726795619,0 32.67809710998363,34.65187688156146,0 32.6783450817212,34.65186292212279,0 32.67856687333676,34.6518500966392,0 32.67873481525153,34.65183316870981,0 32.67883824377863,34.65179808622979,0 32.67900520846914,34.65171116575973,0 32.67908872748165,34.65166325224955,0 32.67918148157462,34.65161538731911,0 32.67937142501748,34.65154258619759,0 32.67957071714886,34.65145583648643,0 32.67977163084014,34.65135891485833,0 32.67984751191514,34.65130332544096,0 32.6798862938833,34.65126662815518,0 32.68000366811918,34.65122016501249,0 32.6800577634813,34.65119372787626,0 32.68012576320752,34.65116100244369,0 32.68035283464382,34.65106548985884,0 32.68045481430396,34.65101894535663,0 32.68065190157291,34.65091627164588,0 32.68070177431515,34.65089111858215,0 32.68092481994009,34.65076946873826,0 32.68110182092438,34.65077421737396,0 32.68126023709565,34.65079286569631,0 32.68144341770358,34.65079510135208,0 32.68160815583349,34.65079342215369,0 32.68168517848632,34.6507874652652,0 32.68175929488723,34.65075985993618,0 32.68183974223511,34.65071065641597,0 32.68202211513247,34.65062126858962,0 32.6821562266894,34.65059906783738,0 32.68226610685061,34.650527113599,0 32.68235127319212,34.65046520943367,0 32.68246568917149,34.65040345890477,0 32.68253526771336,34.65036564920746,0 32.68258003285317,34.65035061465234,0 32.68262657086385,34.65030632191435,0 32.68269165318059,34.65025322042265,0 32.6827597644347,34.65020649569679,0 32.68281560018362,34.65015461682139,0 32.68282272608557,34.6501482060366,0 32.68282326572719,34.65014772064371,0 32.68282402420432,34.65014706093387,0 32.68282634668622,34.65014504406481,0 32.68282700009178,34.6501444760321,0 32.68282997598247,34.65014189022877,0 32.68283107483902,34.65014093572042,0 32.68283305780872,34.65013927224781,0 32.68283365313494,34.65013877347758,0 32.68283615920823,34.65013667054421,0 32.68283734876973,34.65013567300092,0 32.68283902641789,34.650134264753,0 32.68283926496065,34.65013407155632,0 32.68284108029577,34.6501326005632,0 32.68284242073388,34.65013151416626,0 32.68284484117824,34.65012955344306,0 32.68284557759434,34.6501289576804,0 32.68284711827526,34.6501277095387,0 32.68284862815838,34.65012652802601,0 32.68285245319429,34.65012353516098,0 32.6828533416156,34.65012284063138,0 32.68285534713176,34.65012127187192,0 32.68285629344685,34.65012055675896,0 32.68286018044761,34.65011761994627,0 32.68286119021367,34.65011685722011,0 32.68286370970792,34.65011495354707,0 32.68286407397257,34.65011468855928,0 32.68286802293819,34.65011180779895,0 32.6828722059935,34.65010875726847,0 32.68287597738322,34.65010610141482,0 32.68287998612488,34.65010327850396,0 32.68288083053084,34.65010268392344,0 32.68288404159757,34.65010050168972,0 32.68288811011554,34.65009773662843,0 32.68288958221879,34.65009673621349,0 32.68289221557784,34.65009500952502,0 32.68289634168357,34.65009230411061,0 32.68289845886879,34.65009091593582,0 32.68290049604117,34.65008962761666,0 32.68290467864383,34.65008698184619,0 32.68290745720493,34.65008522398337,0 32.68290887862079,34.65008435685468,0 32.68291311662264,34.6500817725283,0 32.68291335170376,34.65008162890356,0 32.68291657394435,34.65007966305203,0 32.68291736549837,34.65007919724476,0 32.68292165562691,34.65007667435391,0 32.68292217494581,34.65007636920276,0 32.68292580690198,34.65007423403759,0 32.68293029345437,34.65007169272619,0 32.68293463898532,34.65006923037778,0 32.68293515279496,34.65006893963584,0 32.68293902793361,34.65006682493502,0 32.68294342230844,34.650064426718,0 32.68294460835081,34.65006377983829,0 32.68294785577842,34.65006207457772,0 32.68295230117882,34.65005974049776,0 32.68295417246498,34.65005875824795,0 32.68295677480025,34.65005744345152,0 32.68296126904455,34.65005517350297,0 32.68296177071058,34.65005492059129,0 32.68296384186496,34.65005387485624,0 32.68296578390827,34.65005293155361,0 32.68297032481137,34.65005072663224,0 32.68297138708671,34.65005021104586,0 32.68297361108969,34.65004913145194,0 32.68297487873228,34.65004854067552,0 32.68297946629073,34.65004640168279,0 32.68298348012888,34.65004453073941,0 32.68298406036313,34.65004427082008,0 32.68299332223864,34.6500401264776,0 32.68299344462267,34.65004007180579,0 32.68299394285124,34.65003986215586,0 32.68301209107675,34.65003221704715,0 32.68310930744133,34.65000346025662,0 32.68314641654329,34.64998329513342,0 32.68319917357053,34.64993139996623,0 32.6832703420165,34.64988723677259,0 32.68338793559161,34.64981277651223,0 32.68349175663534,34.64972806487386,0 32.68358614811072,34.64966748009842,0 32.68366986493084,34.64959411529056,0 32.6837846240913,34.64948910170424,0 32.68384333352011,34.64946268655856,0 32.68397011386726,34.64939463649824,0 32.68402910779289,34.64933259389663,0 32.68409585098169,34.64926423036448,0 32.68419953699272,34.64919605893111,0 32.68424774626951,34.64913523232658,0 32.68434252268981,34.64902629552459,0 32.68443857302724,34.64895044879005,0 32.68455766337455,34.64888108639514,0 32.68470451386587,34.64880550516772,0 32.6848110965994,34.64876025349405,0 32.68490389444094,34.64870602257091,0 32.68507551757421,34.64861275665525,0 32.68522543514097,34.64853846371183,0 32.68536142617862,34.64847300516765,0 32.68546961908912,34.64841885409736,0 32.68550834594343,34.64838851746637,0 32.68556126353382,34.6483162618487,0 32.68559372093002,34.6482998891042,0 32.68562141031505,34.64830257927847,0 32.68567720307065,34.6482557886872,0 32.68578702364971,34.64819019369098,0 32.68584475582819,34.6481584157821,0 32.68592025958786,34.64811685663576,0 32.68606901434368,34.6480406764673,0 32.68612720867512,34.64801559487137,0 32.6862052908785,34.64800269918727,0 32.68628977066886,34.64798896260832,0 32.68637486697745,34.64794735754033,0 32.68645697707115,34.64792675542359,0 32.68651798403754,34.64790439251027,0 32.68656774075295,34.64785491852329,0 32.68661588607527,34.64784114962225,0 32.68665281818824,34.64781564713123,0 32.6867210155545,34.64776694795491,0 32.68680594947819,34.64774636096957,0 32.68693071600348,34.64769094311552,0 32.68707171475891,34.64764457072609,0 32.68717718656166,34.64761932687445,0 32.68727923809976,34.64756893290816,0 32.68742941752811,34.64751597943597,0 32.68754876356505,34.64743017092973,0 32.68763706087294,34.64733953470517,0 32.68770239386627,34.64729549096973,0 32.68790086148093,34.64721008484359,0 32.68796615818492,34.6471707132206,0 32.68801139923249,34.64713856966885,0 32.68808177916209,34.64711314599892,0 32.68812494058751,34.64707791764424,0 32.68817630368181,34.64703631968552,0 32.68839726996688,34.64696503960442,0 32.68850506040479,34.64691186919947,0 32.68866426868743,34.64678655867381,0 32.68870318416583,34.64676419414759,0 32.68890748464221,34.64665969988918,0 32.68916774775176,34.64654229727793,0 32.6893919468572,34.64644449859894,0 32.6895843029513,34.64633664452391,0 32.6897489529736,34.64619896824961,0 32.69015714558817,34.64604273909624,0 32.69025760220641,34.64595090853238,0 32.69035353836772,34.64592830877017,0 32.69050960337115,34.64586973760525,0 32.69086213459713,34.64568684067267,0 32.69094620138875,34.64565098930597,0 32.6911421408038,34.64559591603685,0 32.69137007312447,34.64553111085843,0 32.69146989952906,34.64552172127419,0 32.69188458352198,34.64556009263494,0 32.69216794959832,34.64555162853226,0 32.69230393596713,34.64550944279125,0 32.69268032631289,34.6453365548733,0 32.69296108131216,34.64514669453887,0 32.69312951372349,34.64503541659217,0 32.69338176055951,34.64492126252003,0 32.69371774471737,34.64481412440695,0 32.69382554897826,34.64480477366068,0 32.69394549865977,34.64477239894899,0 32.69406148233577,34.6447367057517,0 32.69433669121919,34.64475128040403,0 32.69451621507906,34.64475548128733,0 32.69495174635981,34.64467522320612,0 32.69523947433922,34.64461730697857,0 32.69561493096471,34.64456642513407,0 32.69579086334915,34.64451784095182,0 32.69608671879352,34.64444017632403,0 32.69633464662956,34.64436886514304,0 32.69673862838904,34.64423897515695,0 32.69699852398284,34.64416772393279,0 32.69738262898587,34.64402783822935,0 32.69768254639558,34.64394029690852,0 32.69795475761791,34.64382293480106,0 32.69819070991237,34.64375156132135,0 32.69843332623599,34.64369169047577,0 32.6987698335791,34.6436086487716,0 32.6988896608961,34.64355933283902,0 32.69918607335698,34.64340996039725,0 32.69943100962583,34.64332244499526,0 32.69954798235187,34.64329529860075,0 32.69973106451296,34.64322300396874,0 32.69984535994581,34.64319473376636,0 32.70005635365082,34.64315807239279,0 32.70029412870395,34.64312930850236,0 32.70050511261095,34.64309375514315,0 32.70062483579886,34.64305774664194,0 32.70084983507529,34.64294461896502,0 32.70096826744557,34.64290194865173,0 32.70136463790461,34.64266765884603,0 32.70154279691192,34.64253654970136,0 32.70166702970671,34.64243733875537,0 32.70177795736323,34.64232253295138,0 32.70194181161646,34.64213145444733,0 32.70200803671522,34.64207077741826,0 32.70220720537147,34.64182441432037,0 32.70232251469783,34.64166304209827,0 32.70245970172775,34.64144853870615,0 32.70259268414681,34.64125730553918,0 32.70272822321459,34.64108272422418,0 32.7028256192344,34.64098227021826,0 32.70286749202281,34.6409469829616,0 32.70290917126499,34.6409372070183,0 32.70300097163914,34.64086667278222,0 32.70312530721517,34.64075304143707,0 32.70344347029221,34.64056494345431,0 32.70353231417852,34.64052988916973,0 32.70372425346601,34.64043701847501,0 32.70388798822338,34.64043559244802,0 32.70391084524277,34.64045471688863,0 32.70409160893247,34.64052718273872,0 32.70422371272074,34.64059269892359,0 32.70436649825253,34.64067727825267,0 32.7044459463032,34.64072799500231,0 32.70457354198815,34.64085275847822,0 32.70458417976884,34.64087741440348,0 32.70467822242099,34.64096622491172,0 32.70490381844543,34.64119323916008,0 32.70505316735666,34.64130468946482,0 32.70523640156468,34.64140847960644,0 32.70540104947428,34.64146520804243,0 32.70555024873282,34.64148601476387,0 32.70584830587448,34.64147084730621,0 32.70615981130312,34.64145241752607,0 32.70636248315957,34.64145008946581,0 32.70669623214457,34.64150719434602,0 32.70683620752578,34.64153043654043,0 32.70713065761419,34.64156146608958,0 32.70725939301998,34.64157541001574,0 32.7075331606568,34.64157786621161,0 32.70778658106561,34.64160906080924,0 32.70802518588244,34.64164683715409,0 32.70814987920067,34.64166297818073,0 32.70842710363958,34.64174087624348,0 32.70870662461846,34.64183374908974,0 32.70880922058745,34.64186556563168,0 32.70889309439323,34.64186821337952,0 32.70900511168519,34.64190678627889,0 32.7092211857027,34.64197659640093,0 32.70946143890355,34.64197444744978,0 32.70954864668088,34.64197820249177,0 32.70966726471955,34.64191001415241,0 32.709873258015,34.64182339645503,0 32.71002980536068,34.64170880610875,0 32.71029803991431,34.64155483125312,0 32.71039519400327,34.64148542740148,0 32.71055144694922,34.64140965779079,0 32.71092179249774,34.6412406519336,0 32.71103490737389,34.64119018216362,0 32.71121387314499,34.64112783261638,0 32.71150114802515,34.64109414461861,0 32.71160376112637,34.64114280025204,0 32.71183284645551,34.64131077854645,0 32.71196622736728,34.64141221684567,0 32.71208762555623,34.64148560068521,0 32.71222244019712,34.64152739404639,0 32.71233113447395,34.64156108897892,0 32.71244830997168,34.6415892453041,0 32.71259432450766,34.64160708356548,0 32.71263565427363,34.64162060124994,0 32.71282873375725,34.64165483711066,0 32.71304365524794,34.64169203403017,0 32.71311494313223,34.64169999321604,0 32.71329549924711,34.64171514886161,0 32.71344156981204,34.64172537867488,0 32.71356232347299,34.6417354839469,0 32.71362785348499,34.64174436504263,0 32.7137036495147,34.64176566010646,0 32.71375652054392,34.64177447896133,0 32.71392789841999,34.64178578355445,0 32.71396399454557,34.64178802004724,0 32.71399028192943,34.64178919682722,0 32.7140165902534,34.64178999322728,0 32.71404291078505,34.64179041102983,0 32.71406666718831,34.64179044599742,0 32.71406761940803,34.64179044732851,0 32.71406923698265,34.64179044931811,0 32.71409556012301,34.64179010717012,0 32.71412187147672,34.64178938546695,0 32.71414515577537,34.64178841146106,0 32.71414653577266,34.64178835339525,0 32.71414816340521,34.64178828509213,0 32.71417442827598,34.64178680512632,0 32.71420065735966,34.64178494645056,0 32.71422036861456,34.64178326270753,0 32.71422314102144,34.64178302580534,0 32.71422684410837,34.64178270995101,0 32.71425297870508,34.64178009560465,0 32.71427905459883,34.64177710519918,0 32.71430066539116,34.64177430806174,0 32.71430255649776,34.6417740636843,0 32.71430506415097,34.64177373961819,0 32.71433099754451,34.64176999883872,0 32.71435684822849,34.64176588464842,0 32.7143826085643,34.64176139793096,0 32.7145473989376,34.64172797565951,0 32.71469372215595,34.64170206975134,0 32.71482397220758,34.64167133022406,0 32.71501997847949,34.64161713995219,0 32.71513759647311,34.6415825338827,0 32.71514121231809,34.6415812523146,0 32.71514333967137,34.64158049823976,0 32.71514912403072,34.64157854653008,0 32.71515494846351,34.64157667784961,0 32.71516081187286,34.64157489399878,0 32.7151667120804,34.64157319407101,0 32.71517264798922,34.64157157986666,0 32.71517861632407,34.64157005227957,0 32.71518461599729,34.64156861040572,0 32.71519064482435,34.64156725514149,0 32.71519670171142,34.64156598738573,0 32.71520278447709,34.64156480713347,0 32.71520889203062,34.64156371438204,0 32.71521502109671,34.64156271002533,0 32.71522116949085,34.64156179495969,0 32.71522733721919,34.64156096738218,0 32.71523352209108,34.64156022999212,0 32.71523972083738,34.64155958188041,0 32.71524593236735,34.64155902304443,0 32.71525215449957,34.64155855347919,0 32.71525838614021,34.64155817408352,0 32.71526462401711,34.64155788484985,0 32.71527086813335,34.64155768487666,0 32.71527711521056,34.64155757595928,0 32.7152833630735,34.64155755628965,0 32.71528961062523,34.6415576276682,0 32.71529585569049,34.64155778828688,0 32.71530209717548,34.64155803904459,0 32.71530833180799,34.64155837993372,0 32.71531455849733,34.64155881095171,0 32.71532077397127,34.64155933209094,0 32.71532619316358,34.6415598639918,0 32.71532697932675,34.64155994155099,0 32.71532890266118,34.64156015878918,0 32.71533009547856,34.64156029318919,0 32.71533316910395,34.64156064112212,0 32.71533934439668,34.64156142990534,0 32.71534550193279,34.64156230789307,0 32.71535163953386,34.64156327417874,0 32.71535775610609,34.64156432966126,0 32.71536440865621,34.6415655811135,0 32.71553452912406,34.64159209294305,0 32.71565983901966,34.64160887499357,0 32.71572313398916,34.64160823466015,0 32.71588080418145,34.64160520622424,0 32.71602924256059,34.64160593508134,0 32.71608225378866,34.64159478463151,0 32.71623069106201,34.64159551324081,0 32.71623438817367,34.64159566607974,0 32.71623814526978,34.64159582086107,0 32.71624345350025,34.64159594860117,0 32.71624876417627,34.64159599881971,0 32.71625407511332,34.641595972413,0 32.7162593841268,34.64159587027752,0 32.71626469122287,34.64159569061032,0 32.71626999312314,34.64159543520669,0 32.71627528873991,34.64159510316263,0 32.71628057589173,34.64159469447307,0 32.7162858545755,34.64159421003951,0 32.71629112152205,34.64159364895287,0 32.71629637672829,34.64159301211456,0 32.71629712314328,34.64159291108254,0 32.716301616922,34.64159229951701,0 32.7163068421001,34.64159151206171,0 32.71631204899344,34.64159064883953,0 32.71631723759891,34.64158971075199,0 32.71632006015447,34.64158915750021,0 32.71632240464431,34.64158869779145,0 32.71632755012653,34.64158761085939,0 32.71633267186411,34.64158644995076,0 32.71633776767553,34.64158521506047,0 32.71634283755773,34.64158390709,0 32.71634611940478,34.64158300783713,0 32.71634787823849,34.64158252603172,0 32.71635288971778,34.64158107188567,0 32.71635515756287,34.64158037761392,0 32.71635786980798,34.64157954644971,0 32.71636281633065,34.64157794881726,0 32.71636772818892,34.64157628078876,0 32.71637260429515,34.64157454146022,0 32.71637744355239,34.64157273263204,0 32.71638224377919,34.64157085429913,0 32.71638651564048,34.641569106353,0 32.71638700279404,34.64156890645646,0 32.71639172059082,34.64156689090694,0 32.71639398842171,34.64156588021589,0 32.71639639498805,34.64156480764551,0 32.71640102489494,34.64156265666963,0 32.7164056081239,34.64156043977721,0 32.7164101435842,34.64155815696567,0 32.71641463127578,34.64155580823503,0 32.7164156093029,34.64155527683471,0 32.71641906791727,34.64155339628213,0 32.7164203410849,34.6415526771593,0 32.71642345242096,34.64155092020293,0 32.71642778478072,34.6415483818004,0 32.71643206281816,34.64154578016798,0 32.71643628543329,34.64154311800759,0 32.71644045044465,34.64154039531412,0 32.71644455784919,34.64153761298905,0 32.71644860655305,34.64153477193134,0 32.716573409102,34.64146026105875,0 32.71661142940638,34.64145379026432,0 32.71666903031519,34.64144456406012,0 32.7167254067524,34.64144579122009,0 32.71675405321329,34.64146304802761,0 32.71675542304275,34.64146373272596,0 32.71675677753753,34.64146443631972,0 32.71675811778534,34.64146515971287,0 32.7167594426985,34.64146590200139,0 32.71676075118626,34.64146666318279,0 32.71676204324862,34.64146744325708,0 32.71676331888559,34.64146824222419,0 32.71676457700949,34.64146905918016,0 32.71676581871107,34.64146989412757,0 32.71676704180885,34.64147074706128,0 32.7167682463059,34.64147161707984,0 32.71676943328989,34.64147250508726,0 32.71677060058546,34.64147340927555,0 32.7167717492803,34.6414743305487,0 32.71677287719599,34.64147526800016,0 32.71677398651401,34.64147622163501,0 32.7167749554335,34.64147708479605,0 32.7167750750529,34.6414771914482,0 32.71677530774419,34.6414774056387,0 32.71677614281572,34.64147817653822,0 32.71677718980242,34.64147917690511,0 32.71677821492234,34.64148019254633,0 32.71677921926924,34.64148122256295,0 32.71678020066165,34.64148226694985,0 32.71678116019336,34.64148332480816,0 32.71678209786132,34.64148439703932,0 32.71678301257787,34.64148548273933,0 32.71678390434605,34.64148658100675,0 32.71678477207513,34.64148769183898,0 32.71678561685586,34.6414888152386,0 32.71678643760055,34.64148995030162,0 32.71678723430615,34.64149109792947,0 32.7167873840647,34.6414913227451,0 32.71678773784287,34.64149185363534,0 32.71678800588802,34.64149225631672,0 32.71678875343693,34.64149342546586,0 32.71678947695286,34.64149460537693,0 32.71679017425436,34.64149579604483,0 32.716790847529,34.64149699567172,0 32.71679149459227,34.64149820515399,0 32.71679211544416,34.64149942449162,0 32.71679271118151,34.64150065188424,0 32.71679328071054,34.64150188823075,0 32.7167938240374,34.64150313172822,0 32.71679434115898,34.64150438327815,0 32.71679483207836,34.64150564197904,0 32.71679529570482,34.64150690782837,0 32.71679573312909,34.64150818082867,0 32.71679614326653,34.64150945917446,0 32.71679644631896,34.64151047313874,0 32.71679652720791,34.64151074286828,0 32.71679659939242,34.64151100626731,0 32.71679688276868,34.64151203280655,0 32.71679721104569,34.64151332718883,0 32.71679751312971,34.64151462601769,0 32.71679778683924,34.64151592928802,0 32.71679803326808,34.64151723610094,0 32.71679825132857,34.64151854555237,0 32.71679844210531,34.64151985944785,0 32.71679860560747,34.64152117508294,0 32.71679874074436,34.64152249245512,0 32.71679884860362,34.64152381246842,0 32.71679892810063,34.64152513331728,0 32.71679897923541,34.6415264550018,0 32.71679900309869,34.64152777752444,0 32.71679900168557,34.64152851402812,0 32.71679900036776,34.64152890166032,0 32.71679899969352,34.64152909998378,0 32.71679896683844,34.64153042237469,0 32.71679890780874,34.64153174380336,0 32.7167988193291,34.64153306516366,0 32.71679870359023,34.64153438375622,0 32.71679856058597,34.641535701384,0 32.71679838923173,34.64153701624147,0 32.71679818952749,34.64153832832868,0 32.71679796256399,34.64153963764819,0 32.71679770834432,34.64154094329847,0 32.71679721658811,34.64154313905674,0 32.71677153208918,34.64159531461101,0 32.71676094898103,34.64162759447154,0 32.71671049631761,34.64176523293158,0 32.71665880926628,34.64191522775261,0 32.71663962867778,34.64202449181213,0 32.71663192600503,34.64213761471663,0 32.7166360863601,34.64220039784838,0 32.71665171496463,34.64226894192195,0 32.71668659957844,34.64237315350154,0 32.71672037085463,34.64245420083022,0 32.71677025689549,34.64253241346924,0 32.71683343546363,34.64266119736771,0 32.71689742877806,34.64275860180182,0 32.71694427902374,34.6428466054742,0 32.71704297095494,34.64298831322299,0 32.7171912432194,34.64316753004861,0 32.71727171693057,34.64328414060472,0 32.71736814326802,34.6434949771056,0 32.71741825503273,34.64362565775878,0 32.71742371267119,34.64369335420145,0 32.71744445686581,34.64378632922164,0 32.71749901921272,34.64403088570525,0 32.7174673272865,34.64419373261094,0 32.71733796621726,34.64455209354485,0 32.71722824932007,34.64479024105572,0 32.71717688273586,34.64507718190905,0 32.71715486040016,34.64520126599103,0 32.71716754054196,34.64539731521488,0 32.71714529595531,34.64555244563182,0 32.71715612995268,34.64567862792118,0 32.71726369663639,34.64606724343787,0 32.71755576392326,34.64659452503748,0 32.71762722846206,34.64677921558278,0 32.7176613208097,34.6469365589093,0 32.71773499443024,34.64714066418804,0 32.71794000205708,34.64736675106875,0 32.71804984192744,34.64743907902648,0 32.71814309384687,34.64753267223758,0 32.71841417325555,34.64773313599465,0 32.71899791276309,34.6481713344019,0 32.71912157853852,34.64828059788935,0 32.71952858961954,34.64849795303423,0 32.71973459051125,34.64858626742393,0 32.71998711962678,34.6487085892349,0 32.72001684171099,34.64870697893195,0 32.72061349519307,34.64896064538712,0 32.72108518288359,34.64918038636947,0 32.72140909640496,34.64929067872554,0 32.72167824700616,34.64934283253788,0 32.72217177253837,34.64947673821541,0 32.72274161178192,34.64962328285188,0 32.72276567621161,34.64962747443947,0 32.7230108003546,34.64967017279567,0 32.72304883608724,34.64939500781967,0 32.72308060468148,34.64940392885921,0 32.72303834025707,34.64967732005141,0 32.72309849572436,34.64969131415926,0 32.72325081445,34.6496993080705,0 32.72366897807353,34.64972125537563,0 32.72418765861202,34.6497600149049,0 32.72464183639629,34.64980600697748,0 32.72504501223387,34.64981319461216,0 32.72512567926235,34.64981007166255,0 32.72542722477644,34.64978345071034,0 32.72595996330561,34.64977546936976,0 32.72627432904145,34.64973663037848,0 32.72643127073811,34.64975140889588,0 32.72655014889426,34.64974671380864,0 32.72720232154246,34.649655113331,0 32.72804810505756,34.64949427700463,0 32.7284819383255,34.64936655618931,0 32.72883936387323,34.64924022529935,0 32.72910924617607,34.64918889107089,0 32.72946871604638,34.64907309121435,0 32.72978959263362,34.6490132279445,0 32.73044197653945,34.64890304286101,0 32.73062871017396,34.64888656994006,0 32.73090877646719,34.64890277391366,0 32.73111303890557,34.64891598939791,0 32.73135344666812,34.64896195729427,0 32.73156887182082,34.64902461825952,0 32.73186877405156,34.64912877298745,0 32.73193211400465,34.64914437076602,0 32.73210159063561,34.64912893762224,0 32.73254860686897,34.64904418483151,0 32.73289498143563,34.64892968573105,0 32.73335457703776,34.64875822375474,0 32.7336713025159,34.64868430068081,0 32.73413816858215,34.64857785620296,0 32.734659720382,34.64842178003998,0 32.73487887247327,34.64834170163744,0 32.73566621574831,34.64813421146251,0 32.7363334741182,34.64794090727514,0 32.73670005352334,34.64783834320695,0 32.7368425451804,34.64783423715786,0 32.73723695245204,34.64787108453103,0 32.73767735177552,34.64793837328808,0 32.73818650455843,34.6480855320036,0 32.73831850449389,34.64813433823264,0 32.73850427050865,34.64813873658263,0 32.7387155012464,34.64814373911555,0 32.73893293461922,34.64817097146084,0 32.73945870154504,34.64819214928536,0 32.73968972322234,34.64822131683871,0 32.7402904476659,34.64822036655466,0 32.74073947284953,34.6481924901005,0 32.7414843050356,34.64799930637871,0 32.74194558542912,34.64783476860709,0 32.74245417675981,34.64771352148308,0 32.74264479969185,34.64768256785009,0 32.74314294996978,34.64742830269126,0 32.74351632293646,34.6471884401377,0 32.74406743282825,34.64681081261447,0 32.74411976987939,34.64678108895629,0 32.74416763501063,34.64674198233308,0 32.7446120163156,34.64649845929466,0 32.74465224870376,34.64647641137538,0 32.74469502750812,34.64651968260904,0 32.74509793570765,34.64694479043042,0 32.7451856483391,34.64704819829907,0 32.74528949230518,34.64711235161705,0 32.74554852557252,34.64735888028705,0 32.74564275067724,34.64750539202122,0 32.74567149124731,34.64761414577536,0 32.74572828718964,34.64772459150023,0 32.74576102075797,34.64778498209444,0 32.74577962285148,34.64782708920909,0 32.74618904208781,34.6480334968672,0 32.74640533194461,34.64814861023861,0 32.74650175365039,34.64821574539532,0 32.74669927344718,34.64845526362848,0 32.74680404138862,34.64861580529921,0 32.74696818376037,34.64874994413111,0 32.74710799565666,34.64876688985085,0 32.74731841023388,34.64868782567839,0 32.74743686378027,34.64867947729083,0 32.74750853870589,34.64869166314308,0 32.74774087910046,34.64882166732183,0 32.74786976902973,34.64886227408087,0 32.74804347650716,34.64890753208281,0 32.74825324920516,34.6489247968103,0 32.74839859060891,34.6489195355644,0 32.74844156508597,34.64893158862856,0 32.74875396287946,34.64889300490671,0 32.74902831384853,34.64891056450601,0 32.74925406355143,34.64895309544151,0 32.74938255122846,34.64905446203439,0 32.7495282070292,34.64927150793519,0 32.74955421816611,34.6494064926379,0 32.74955361685779,34.64949689512314,0 32.74958914869332,34.64954892922812,0 32.74979091008744,34.64969212832442,0 32.74987499575372,34.64999633204622,0 32.75003134962176,34.65022380050312,0 32.75005259564796,34.65025673534025,0 32.75007929245582,34.6502981209719,0 32.75023269981985,34.65042924319101,0 32.75047407767406,34.6505503910257,0 32.75070665320824,34.65064630427601,0 32.75111989177141,34.65082158957917,0 32.75136309506568,34.65093829780111,0 32.75167489127694,34.65099159112739,0 32.75201560434132,34.65101240997164,0 32.75228446347126,34.6510477219004,0 32.75255277405029,34.65116602478525,0 32.75268712126956,34.65119627685129,0 32.75311789246865,34.65116266647482,0 32.75357339876459,34.65118696675848,0 32.75386400143988,34.65118976861969,0 32.75410809006557,34.6511730924455,0 32.75431276264285,34.65114882616811,0 32.75478994025334,34.65115099014042,0 32.75492129738059,34.65113851905464,0 32.7549389319104,34.65113684439437,0 32.75509693289612,34.65111681188715,0 32.75527293073717,34.65108796820095,0 32.7556446596697,34.65103036829023,0 32.75595734297644,34.6509487878952,0 32.75616764051733,34.65088749347935,0 32.75618730444867,34.65089795657615,0 32.75636870222834,34.6508661715682,0 32.75652468389099,34.65088021531336,0 32.75662682976839,34.6508969784545,0 32.75669324486815,34.65116404642831,0 32.75681225969937,34.6513439121326,0 32.75697120755949,34.65145281912978,0 32.75715720974092,34.65153961789331,0 32.7574510964962,34.65186254750891,0 32.75735241616245,34.65213776316823,0 32.75733021587977,34.65222823176638,0 32.75730264788125,34.65234057843296,0 32.75727765360981,34.65259537706134,0 32.75728768750673,34.65270657615804,0 32.75745425722734,34.65302152116102,0 32.75747780715285,34.65326023665079,0 32.75737075966503,34.65344352737267,0 32.7572012708338,34.65357318292774,0 32.75701137790664,34.65380500699579,0 32.75688768565027,34.65406380603134,0 32.7572255625736,34.65451883778871,0 32.75762408101697,34.65502897649588,0 32.75768104192473,34.65509740719392,0 32.75792550715865,34.65529858575595,0 32.75835406573808,34.65560581788356,0 32.75892067015826,34.65592848975442,0 32.75910463975701,34.6560538087837,0 32.7592438647544,34.65616262421187,0 32.75966307590689,34.65652909089533,0 32.76003081520584,34.65681084859057,0 32.76032062669162,34.65693812380071,0 32.76059051940655,34.6570934672385,0 32.76089803907632,34.6572563886576,0 32.7613076770809,34.65744199837673,0 32.76159938213489,34.65755445849044,0 32.76181968323848,34.65761176135776,0 32.76197537053272,34.65767322242345,0 32.76227837007725,34.65770421763551,0 32.76270640675482,34.65782024834342,0 32.76349691873134,34.65792603906086,0 32.76407297279696,34.65790341289021,0 32.76476951304635,34.65788672825759,0 32.76508605853779,34.65788724659205,0 32.76539724501474,34.65786190306376,0 32.76585750783203,34.65782920870274,0 32.76622365164802,34.65782151131393,0 32.76667924489773,34.65776068875576,0 32.76691590042653,34.65773767686297,0 32.76696535708067,34.65736852403153,0 32.76699937262796,34.65736867918593,0 32.76695571281384,34.65773924130079,0 32.76792383199557,34.65768204204986,0 32.7683325206301,34.65761029278535,0 32.76867313036681,34.65754492346806,0 32.7692424389665,34.65743508911248,0 32.76961235620382,34.65734709959841,0 32.76995488856945,34.65723623281564,0 32.77016098046106,34.65718095711526,0 32.77035558065226,34.65714838113397,0 32.77047878494813,34.65713421744105,0 32.77064724441027,34.65713497976351,0 32.77091930158534,34.65714691741989,0 32.77113467405777,34.65715726064762,0 32.77123354432476,34.65714833857414,0 32.77139904129552,34.65710759934167,0 32.77157263722959,34.6570668957911,0 32.77183876774106,34.65699582857135,0 32.77203354488021,34.65693648360187,0 32.77214550859993,34.65690754544622,0 32.7722673580329,34.65685322384852,0 32.77239247581318,34.65679490206796,0 32.77249804800515,34.65675255210986,0 32.77253223315972,34.65672727808994,0 32.7726040555708,34.65664462586681,0 32.7726595302918,34.65658465131354,0 32.77275560521139,34.65650879988019,0 32.77289383972937,34.65642644702585,0 32.77299965955508,34.65634662451406,0 32.77303541089258,34.65632938722546,0 32.77307753419093,34.65632823871781,0 32.77310344227385,34.65632969323534,0 32.77320378103922,34.65634352916707,0 32.77333811680113,34.6563601939494,0 32.77337090567407,34.65636157375769,0 32.77340937007072,34.65636319217798,0 32.77347686136346,34.65636513946617,0 32.77361177540563,34.65637378368316,0 32.77380508855477,34.65637766812825,0 32.77393634258543,34.65638830467139,0 32.77406618774481,34.65642806967744,0 32.77413665254499,34.65643742954308,0 32.77426894864443,34.6564741906461,0 32.77431017060706,34.65649246055329,0 32.77436107899516,34.65651679998418,0 32.774464221244,34.65654941241459,0 32.77454300419971,34.65658794298557,0 32.77464829118317,34.65666376429154,0 32.77467641964981,34.65668127787567,0 32.77468027945961,34.65668368113302,0 32.77468224561244,34.65668519473952,0 32.77473317617293,34.65672440571387,0 32.77473651406265,34.65672697567982,0 32.77473940803761,34.65672991172649,0 32.77478352920937,34.65677467581541,0 32.77478508499398,34.65677625447002,0 32.7747877258503,34.65677960202276,0 32.77480786333033,34.65680513116902,0 32.77484887208847,34.65685554805353,0 32.77491052581573,34.65691007590825,0 32.77496729608065,34.65696759573393,0 32.77505427703329,34.65705338027367,0 32.77512442240491,34.65711095985758,0 32.77522603036765,34.65719178788736,0 32.77527679469859,34.65723822906875,0 32.77532030204716,34.65727861065394,0 32.77540847397285,34.65736841952047,0 32.77548463331332,34.65743607225266,0 32.77555121169244,34.65748157966006,0 32.77567725133971,34.65754543691512,0 32.77576691273642,34.65759406250743,0 32.77594628911581,34.65768327512713,0 32.77607123360634,34.6577290445421,0 32.77621801756032,34.65778194312445,0 32.77624707601455,34.65780116184168,0 32.77629437674472,34.65781945755649,0 32.77643390710254,34.65786629636805,0 32.77653222638988,34.65789285741022,0 32.7766354233128,34.65791743053853,0 32.77670702574366,34.65793884915178,0 32.77682121331158,34.65795643958157,0 32.77691473556975,34.65797293195981,0 32.77703508229657,34.65797849333973,0 32.77711530766368,34.65798287064676,0 32.77724790742168,34.6579744227346,0 32.7773951696205,34.65795498811123,0 32.77747667861102,34.65794932507695,0 32.77763475290483,34.65795003175067,0 32.77773073305185,34.65796251551441,0 32.77783281531642,34.65797201381399,0 32.7779992550409,34.65799485929166,0 32.77817293808495,34.65802577421498,0 32.77835373841227,34.65808384618519,0 32.77847882389005,34.65810851613814,0 32.77881546550103,34.65813714337418,0 32.77926668609678,34.65830893960099,0 32.77938214364112,34.65836723880292,0 32.77958785985636,34.65847111296431,0 32.77993731812852,34.65863377104455,0 32.78034624338083,34.65876132810871,0 32.78081092783395,34.65895877003972,0 32.78117714505582,34.65917898600496,0 32.78144328713787,34.65930203709507,0 32.78178411753679,34.6593863974203,0 32.78181731422077,34.65939461428809,0 32.78238345839176,34.65946482879977,0 32.78275979261979,34.65956321633357,0 32.78306807931538,34.65968644984164,0 32.78327099157986,34.65981308498443,0 32.78354194030823,34.65991680787697,0 32.78424095728626,34.66008238778508,0 32.78446982568538,34.6601762504207,0 32.78499990425948,34.6604029817569,0 32.78542464510947,34.66062731232211,0 32.78595850611996,34.66100300695981,0 32.786306085987,34.66121151868377,0 32.78693488435845,34.66137677524869,0 32.78751420171121,34.6615940395497,0 32.78777555101607,34.66173833426925,0 32.78821352119991,34.66210005675984,0 32.78864005763775,34.66241723574694,0 32.78938048099383,34.66309752498545,0 32.78940307657723,34.66313533946327,0 32.78947551448478,34.66325656252535,0 32.78954944200622,34.66342131226906,0 32.7896748885526,34.66358435240708,0 32.78984512378126,34.66369729257944,0 32.79002247819464,34.66379478807024,0 32.79042929931028,34.66388941731928,0 32.79068191225819,34.66393114248087,0 32.79091593697405,34.66394957265994,0 32.79106419643443,34.66392699514947,0 32.79135414017743,34.66388283979054,0 32.79170121613739,34.66383381603633,0 32.79225566332719,34.66365720466282,0 32.79252888617109,34.66359521296241,0 32.79353099503681,34.66366790176371,0 32.79379339106833,34.66374841042804,0 32.79400136603164,34.66373124633094,0 32.79486297889077,34.6635813692376,0 32.79643706507292,34.66322369754388,0 32.79837252295957,34.66281033440356,0 32.79996843850216,34.66245572444546,0 32.80082622232254,34.66232989260772,0 32.80119118966372,34.66228326895667,0 32.80132582256802,34.6622531456301,0 32.8022612170227,34.66204385335977,0 32.80279814087648,34.66191059232655,0 32.80374450549221,34.66162452043854,0 32.8038084438935,34.6615941173807,0 32.80383671819285,34.66156278608746,0 32.80385151633779,34.66151847799034,0 32.80386973051874,34.66140559737046,0 32.80390647652344,34.6613589356572,0 32.80393500855052,34.66132930133294,0 32.80397922181852,34.66129679847486,0 32.80403551583171,34.6612679786186,0 32.80407853405866,34.66125090708018,0 32.80413338708539,34.66124931666365,0 32.80418586554207,34.66125815790022,0 32.80424508267437,34.66126813407494,0 32.80428995475897,34.6612657928592,0 32.80433067679786,34.66125874737298,0 32.80437140105293,34.66124657788446,0 32.80440800708627,34.6612305488654,0 32.80442604423946,34.66122052904161,0 32.80446279232169,34.66119232218826,0 32.80451977294707,34.66116556668828,0 32.80456636246417,34.66114871255,0 32.80460456951615,34.66114405005037,0 32.80465062035886,34.66116611446059,0 32.80469686928696,34.66120466807686,0 32.80473791172405,34.66125030435112,0 32.80474628460313,34.6612886999236,0 32.80473426666168,34.66138564979454,0 32.80470940609843,34.66140646833843,0 32.8046918726142,34.66147384004013,0 32.80465890837087,34.66163210992792,0 32.80465066234038,34.66173863860594,0 32.80465234016601,34.66177031647016,0 32.80466901853627,34.66179819430464,0 32.80469323714336,34.66181760673178,0 32.80479768220082,34.66185945015211,0 32.80500309378094,34.66190058508186,0 32.80504716022689,34.66189811519157,0 32.80512766235532,34.66188766596397,0 32.805361196227,34.66189192707408,0 32.8056938341179,34.66183427366016,0 32.80578856158829,34.6618178545522,0 32.8060632624559,34.6617453596719,0 32.80650263561687,34.66160634785747,0 32.80706409742906,34.66138185499466,0 32.80706424375951,34.66138179663025,0 32.80757224266706,34.66118021436812,0 32.80784559018016,34.66109123433093,0 32.80795472624622,34.66108669336434,0 32.80822683707625,34.66118802664646,0 32.80843188196663,34.66134917330525,0 32.80855734970772,34.66163018030979,0 32.80862888394044,34.66181579753869,0 32.80880766983517,34.66228735187909,0 32.80898772642378,34.66256358323393,0 32.80927682478634,34.66285029872865,0 32.80965678320803,34.66314741691837,0 32.80980783364856,34.66322318734442,0 32.80992886959704,34.66325375404527,0 32.8101361305847,34.66325107597179,0 32.81051112267589,34.66321484127115,0 32.81077680599851,34.66318488587766,0 32.81100419286834,34.66315586757773,0 32.81141015550089,34.66313205268085,0 32.81179088592242,34.66308639077075,0 32.81222754023755,34.66305318747776,0 32.81276140330673,34.66298533676277,0 32.81332534949188,34.66287080805449,0 32.8138598217673,34.66278965758153,0 32.81406162406194,34.66277726010474,0 32.81420542295579,34.66277609555856,0 32.81538982485576,34.66264563550141,0 32.815441820787,34.66263635960053,0 32.81594894288232,34.6625937444534,0 32.81609211616386,34.66259115150262,0 32.81678912293833,34.66250138073996,0 32.81706797416919,34.66245779928489,0 32.81740754118744,34.66245867250043,0 32.81759183685963,34.66245914759439,0 32.8178788795221,34.66241030921112,0 32.81799990377646,34.66240862748226,0 32.81814748079138,34.66236574359069,0 32.81837655906847,34.6623318884479,0 32.81845565944362,34.6623017698312,0 32.81861623530838,34.66228502951684,0 32.81884812331531,34.66222074471906,0 32.81914640852144,34.66219447950267,0 32.81950351194254,34.66208146320805,0 32.8195294234767,34.66203271996129,0 32.81956537100411,34.66190909417811,0 32.81962759780151,34.66184230930646,0 32.81987605937854,34.66174584811997,0 32.82006550695493,34.66175109228913,0 32.82016660747077,34.66178665866862,0 32.82025431107662,34.66186435736161,0 32.8203002710944,34.66193869146178,0 32.82035268942669,34.66222814360933,0 32.82030322091002,34.66248362309523,0 32.82031233090439,34.66280204705289,0 32.82030174358523,34.66305977620175,0 32.82035275518418,34.6634715556743,0 32.8204253305636,34.66397034580828,0 32.82043943941404,34.66413849012292,0 32.82055669270784,34.66455053736144,0 32.82062927778395,34.66485242686958,0 32.82072083361752,34.66509100109275,0 32.8209046965239,34.66544184639287,0 32.82110894213979,34.66568760017974,0 32.82120951800047,34.66577733370756,0 32.82127569816714,34.66584775849955,0 32.82142804388996,34.66597490866951,0 32.82159009626847,34.66607710827574,0 32.82170578748035,34.66616594220031,0 32.82189349862175,34.66626082918901,0 32.82236744978993,34.66657114793338,0 32.82260691076328,34.66671289401096,0 32.82297698170211,34.66690788029539,0 32.82371234484846,34.66712610329598,0 32.82391021844841,34.66715808155041,0 32.82412509786555,34.66717559910253,0 32.82455390617983,34.66718497389456,0 32.82528507631697,34.66716361233944,0 32.82547284728649,34.66714090357,0 32.82587041967863,34.66712071288467,0 32.8264172040254,34.66707391904141,0 32.82694594942998,34.6670803833867,0 32.82744543270743,34.66705495668062,0 32.82769600008465,34.66703333218578,0 32.82831304611214,34.66693272716206,0 32.8286281105843,34.66690446655081,0 32.82988891308118,34.66671611101121,0 32.83030519010855,34.66669588868456,0 32.83046406881942,34.66667063491418,0 32.83070500672703,34.66656098062553,0 32.83111530537452,34.66644529532699,0 32.8318861551512,34.66627600155947,0 32.83273241804025,34.66610981372367,0 32.83293181422573,34.66606488260616,0 32.83381270365351,34.66585431355961,0 32.83436489248169,34.66573787399867,0 32.83448482925594,34.66569607496629,0 32.83504225065167,34.66556000708298,0 32.83540541980637,34.6655049714899,0 32.83583897557367,34.66538000743125,0 32.83615840352424,34.66529854610653,0 32.83640415942766,34.66521753951484,0 32.83686559378441,34.66512506866412,0 32.83715117098723,34.66507361916513,0 32.83783347113332,34.66483587805455,0 32.83811175079691,34.66475193278853,0 32.83831720543662,34.66468145845225,0 32.83862807719259,34.66458620112505,0 32.83906088241271,34.66446806949423,0 32.83960167219823,34.66427614473477,0 32.8402790264381,34.66408320389856,0 32.84080465250658,34.66392522967222,0 32.84147516740352,34.66370678578884,0 32.84147535736246,34.66370672383395,0 32.84153629482611,34.66368687140187,0 32.8422361467767,34.66346171299134,0 32.84237823616522,34.66345574058798,0 32.84268973541992,34.66326778293541,0 32.84280603459201,34.66316821607889,0 32.84297722447138,34.6631362647727,0 32.84316083519219,34.66323481887953,0 32.8433207451444,34.66333545621627,0 32.84341220790556,34.66343800132029,0 32.84344592103029,34.66352727909965,0 32.84344456561438,34.66376644726176,0 32.84346806089466,34.6639557235418,0 32.84355048918297,34.66414032016118,0 32.84359137304442,34.66429116893535,0 32.84363572672648,34.66441116549772,0 32.84367802194504,34.6645066455478,0 32.84372952435837,34.66459588654473,0 32.84380144934747,34.66472051681075,0 32.84384419865723,34.66485735622592,0 32.84392347364872,34.66520294413096,0 32.84398657071919,34.66533506776686,0 32.84430011225781,34.66583023496141,0 32.84494160893046,34.66683980553627,0 32.84508456097107,34.66721921040384,0 32.84512502980533,34.66729049557443,0 32.84535468294148,34.66769502257092,0 32.84590649599217,34.66865628199037,0 32.84592364988558,34.66870190664148,0 32.84695646050577,34.66931736607766,0 32.84745410687405,34.66960703725461,0 32.84763945175408,34.66968448766452,0 32.84822834685308,34.66975631443331,0 32.8484923205699,34.66979091058934,0 32.84947404769147,34.6697012119694,0 32.85084822914291,34.66951471696441,0 32.85195347201049,34.66914493910634,0 32.85313127845663,34.66877543154942,0 32.85420744481615,34.6684103173811,0 32.85547254743679,34.66800035932092,0 32.85658656605845,34.66761139154148,0 32.85751351786706,34.66730560416037,0 32.85768591200579,34.66724873305164,0 32.85849174021843,34.66700961959909,0 32.85936992950177,34.66667248832233,0 32.86016954928382,34.66643574910125,0 32.86132131484823,34.66603728954271,0 32.86179540992686,34.66587123952021,0 32.86199576949046,34.66586000781577,0 32.8624570329985,34.66591210256377,0 32.86328980361762,34.66597518614642,0 32.86342694158198,34.66600360745571,0 32.86366800983968,34.66608915786907,0 32.86471191287241,34.66655120070992,0 32.86560410960151,34.66689263197466,0 32.866122855162,34.6670504292664,0 32.86659511771491,34.66721524377407,0 32.86677209891075,34.66723268976894,0 32.8675816362729,34.66730045320493,0 32.86778009816926,34.66731717103815,0 32.86859428174957,34.66738575223216,0 32.86965053689015,34.66745921613705,0 32.86995164432881,34.66746795569997,0 32.87004886386102,34.66747413982855,0 32.87018638645112,34.66748288823153,0 32.870362727295,34.66743317103142,0 32.87059348763729,34.66733888014713,0 32.8706399009484,34.66732023909005,0 32.87079369729891,34.66725846893809,0 32.87102779654833,34.66717258433179,0 32.87115684319301,34.66710310244569,0 32.87155024392354,34.66698702425329,0 32.87184179481181,34.66692094003492,0 32.87229580339459,34.66686664994316,0 32.87270561404067,34.66684577573579,0 32.8731864030042,34.66684754878263,0 32.87357922248077,34.66683780252555,0 32.87387391224367,34.66681650025954,0 32.87404767139297,34.66681211211687,0 32.87438603693705,34.66680380794838,0 32.87439021763958,34.666761368928,0 32.87463905841,34.66677861158635,0 32.8754874007527,34.66626900711415,0 32.87625621658256,34.66585054455254,0 32.87700923646075,34.66542875455352,0 32.87760378038686,34.66508475879973,0 32.8781627041549,34.66475042802927,0 32.87863865171917,34.66441579124137,0 32.87897165020031,34.66423029537188,0 32.87932920398025,34.66402931207548,0 32.87984175255459,34.66369696766776,0 32.88034638748718,34.66335139856031,0 32.88076556273042,34.66306708301692,0 32.88137991500837,34.66259877791813,0 32.88199435186246,34.6621128810342,0 32.882448567056,34.66174073644049,0 32.88285743783212,34.66139041371215,0 32.88323678794628,34.66108835618532,0 32.88388571656995,34.66061576592815,0 32.88405409510194,34.66046685780314,0 32.88458788262352,34.66013456839133,0 32.88488674357156,34.65995974335786,0 32.8853477084066,34.65958810351368,0 32.88538972872244,34.65954857444935,0 32.8854244801974,34.65950635033246,0 32.88547819203709,34.6594544855812,0 32.8856812622391,34.65930850871176,0 32.88608028033347,34.65900173059823,0 32.88636100347489,34.65878589836136,0 32.88663916272689,34.65852981389095,0 32.88692143705516,34.65827974184326,0 32.88728025132343,34.65796159267035,0 32.88760481521121,34.65767347695666,0 32.88783884679191,34.65746243464251,0 32.8881345933687,34.65718422166392,0 32.88854755070709,34.65680672715881,0 32.88875889155235,34.65659950710608,0 32.88909768390813,34.65624512543004,0 32.88921771683247,34.65610839552329,0 32.88942838301683,34.65584060693338,0 32.88958026594106,34.65568072041123,0 32.88978094537963,34.65548566606071,0 32.88985841251085,34.65542218182125,0 32.89003236140517,34.65527120864193,0 32.89019455821867,34.65510946007075,0 32.89044059641121,34.65486896044418,0 32.89067193799639,34.6546421108468,0 32.8908585837364,34.65445909036419,0 32.89100827722579,34.65432515093158,0 32.89130597501948,34.6540899359855,0 32.89158984716489,34.65388231940604,0 32.89194569972177,34.65363491519,0 32.89210472371991,34.65351617528222,0 32.89230287148254,34.65331901401468,0 32.89250935351675,34.65309763432075,0 32.89269565300224,34.65289050692151,0 32.89294392710996,34.6526150023833,0 32.89316159032373,34.65238109360109,0 32.89331837531661,34.65220842904873,0 32.8934240626421,34.65210211357746,0 32.8936408391927,34.65185567077907,0 32.89393699914177,34.65153036223764,0 32.89408830880789,34.65136905595286,0 32.89431278089564,34.65113979269232,0 32.8945555200796,34.65090146240224,0 32.89469989432941,34.65074407258027,0 32.89483083334057,34.65059669274213,0 32.89503792262788,34.65030777935581,0 32.89516852708694,34.6501400416466,0 32.89538617862383,34.64988532172837,0 32.89558105135465,34.64965266454836,0 32.89569555802061,34.64934653625897,0 32.89578589351352,34.64909476984958,0 32.89590273490316,34.64893901734663,0 32.89626570742024,34.64847079342751,0 32.89632589732027,34.64841338880655,0 32.89648087374937,34.64829871522302,0 32.89662656474247,34.64819091185927,0 32.89669141863857,34.64810446442937,0 32.89688004895405,34.64792417217923,0 32.89710427813516,34.64762083874786,0 32.89725084078021,34.64739022315282,0 32.89731416597534,34.64724295034168,0 32.89737360691312,34.64713519780873,0 32.89742408172469,34.64698179938024,0 32.89756169425844,34.64670249683974,0 32.89760238111737,34.64666310298183,0 32.8976765102978,34.64656148277084,0 32.89776918516001,34.64639157382249,0 32.89793954745467,34.64615918966419,0 32.89804260880723,34.64601803558512,0 32.89821304963957,34.64577011949381,0 32.89839826729947,34.645491192829,0 32.89846989342985,34.64537063894512,0 32.89858169753978,34.64515358523277,0 32.89863857137902,34.64505886621399,0 32.89882542329378,34.64486795354455,0 32.89890115468857,34.64476121978801,0 32.89914648875536,34.64451566858583,0 32.89937709985676,34.64437146627984,0 32.90144867202274,34.64343130657444,0 32.90164384728057,34.64327462817252,0 32.90187860822876,34.64313448201062,0 32.90220070388821,34.64298152691177,0 32.90304826499918,34.64246650988788,0 32.90343010784643,34.6422645855009,0 32.90360134461291,34.64213404774514,0 32.90407840222971,34.64192917567956,0 32.90427338796667,34.6418085557107,0 32.90438885548105,34.64172372049366,0 32.90489782703674,34.64148289302384,0 32.90528866840825,34.64138446880981,0 32.90551448708883,34.64122585443567,0 32.90602924017946,34.64093540828765,0 32.90701454334177,34.64027637051177,0 32.90767962050005,34.63978333114134,0 32.90810103313586,34.63949341036555,0 32.90821538512088,34.63943552944059,0 32.90850586351115,34.63920085957973,0 32.90888349182497,34.63895620534831,0 32.90902194046201,34.63884870159719,0 32.90944463536443,34.63850736109743,0 32.91002730965356,34.63789918516495,0 32.91022107721354,34.63771816896056,0 32.91030973049712,34.63761477657498,0 32.91045987522747,34.63744817864094,0 32.91059872206726,34.63726011697618,0 32.91076418398482,34.63714070621467,0 32.91088186899171,34.63703741397139,0 32.91131110571407,34.63642013445909,0 32.91179322254645,34.63580217855267,0 32.91211879320857,34.63538679263191,0 32.91285171320624,34.63458115037027,0 32.9130208599336,34.63434434093107,0 32.91313975252562,34.63420505565005,0 32.91365216484959,34.63353577521942,0 32.91376360660033,34.63343502960604,0 32.91393270574423,34.63320678830927,0 32.9139879425536,34.63314955791916,0 32.91428409139093,34.63280862482561,0 32.91453139843958,34.63248980619423,0 32.91464609255769,34.63235993243837,0 32.91478100218357,34.63212557377334,0 32.91519021530226,34.63156305997877,0 32.91542830619083,34.63121935574024,0 32.91569635336606,34.63089803480114,0 32.91585772441602,34.63076317717539,0 32.91605392925439,34.63050568128874,0 32.91627440880809,34.6300927536882,0 32.91655922980792,34.62955931982336,0 32.91684164136183,34.62923350860092,0 32.91712572772831,34.62890909333879,0 32.91763732245926,34.6281266020823,0 32.91824397979879,34.62715393957311,0 32.91896678100408,34.62606764070676,0 32.91921886213031,34.62574937337954,0 32.91997313591307,34.62458044562546,0 32.92037790641183,34.62397417078019,0 32.92055623117342,34.62359935192065,0 32.92088327397147,34.6230692937729,0 32.9214281686106,34.62197823400352,0 32.92194710117722,34.62104419800532,0 32.92233011588879,34.62040725913833,0 32.92259208951954,34.61989722440894,0 32.92294632325482,34.61941258449944,0 32.92318514195335,34.61908584430237,0 32.92343182506887,34.61876292093274,0 32.92354993894999,34.61858052286022,0 32.92381430872183,34.61821306111578,0 32.92381549226818,34.61821141574438,0 32.92383003371447,34.61811195863906,0 32.92390963539674,34.61802673960744,0 32.92398785777092,34.61782880165091,0 32.92417381801623,34.61738897761439,0 32.92427628141759,34.61713606395718,0 32.92441079049249,34.6168678376132,0 32.92459609929695,34.61656233547734,0 32.92481050187374,34.6163009642321,0 32.9248750381073,34.61617785306569,0 32.92497427211372,34.61604163668725,0 32.92503116945822,34.61594651454096,0 32.92522898939998,34.61561579283295,0 32.92550426604765,34.61515557112632,0 32.92568248094214,34.61475782838692,0 32.92574171387102,34.61466086918303,0 32.92589035662427,34.614301889086,0 32.92632937709023,34.61343866390119,0 32.9263889355032,34.61327369831953,0 32.92644205684984,34.61322529536521,0 32.92664980831871,34.61279364329229,0 32.92681052371103,34.61236669542242,0 32.92697056127674,34.6120806166127,0 32.9270713229021,34.61190121188588,0 32.92742635070523,34.61139231421582,0 32.9275511961028,34.61109154648722,0 32.92769434424155,34.61064996840521,0 32.92773615122852,34.61050923341434,0 32.92815632989553,34.60958635935395,0 32.92817561838633,34.60954399186659,0 32.92827611905189,34.60941801877662,0 32.9284775584261,34.60907378028335,0 32.92859080613245,34.60873897077673,0 32.92890002820508,34.60797246735084,0 32.92907268238865,34.60750183709283,0 32.92969024804261,34.60614855450007,0 32.93001069628983,34.60548895174009,0 32.93050997495279,34.60429072803122,0 32.93102099208697,34.60309253932196,0 32.93164453057859,34.60170526223573,0 32.93189281935867,34.60113118363351,0 32.93214442630721,34.60054942203919,0 32.93233670790719,34.60006762805531,0 32.93258429980759,34.59954126502243,0 32.93263030953802,34.59939010110495,0 32.93276070132269,34.59908626633677,0 32.9328412316051,34.59891731336508,0 32.93302637741174,34.59848349139278,0 32.93305755624046,34.59834692414375,0 32.93319853997775,34.59789099930197,0 32.93336566538252,34.59732208256619,0 32.93351469063276,34.59683120198039,0 32.93367663232056,34.59651200841489,0 32.93394604632469,34.59594585076906,0 32.93413541954045,34.59545102910595,0 32.9343439330817,34.59486515630737,0 32.93441724547539,34.59456358129439,0 32.93455876824235,34.59399620931804,0 32.93470059517885,34.5933678254685,0 32.93473917090287,34.59312715506828,0 32.93470605403588,34.59286266775123,0 32.93463869302206,34.59275914534543,0 32.93451150738773,34.5926188290192,0 32.93454240990722,34.59253676328782,0 32.93464635627525,34.59240448863147,0 32.93477390960162,34.59227228780516,0 32.9348933728535,34.59218480446209,0 32.9350984643841,34.59208782431774,0 32.93565316641791,34.59191058255919,0 32.9357820086472,34.59191505059493,0 32.93608897683708,34.59210310536787,0 32.93613522969363,34.59209918196569,0 32.93653921737054,34.59196376920741,0 32.93674925715876,34.59186029453453,0 32.93711052149607,34.59161086000588,0 32.93726379456154,34.59144863672066,0 32.93736564709676,34.59114145454908,0 32.93756403826358,34.59060679320107,0 32.9376747539105,34.59029719746965,0 32.93772279552228,34.59012976777342,0 32.93790430479269,34.58982608472134,0 32.93800090211256,34.58958640364084,0 32.93805309212047,34.58917575422462,0 32.93790381268033,34.58872787549083,0 32.93777345455631,34.58823368588679,0 32.93763842085323,34.58808928136306,0 32.93727608009111,34.58776276566429,0 32.93686366117092,34.5874190108453,0 32.93633164423679,34.58739132917735,0 32.93631147287135,34.58709434380562,0 32.93633222570368,34.58707488427236,0 32.93694425949844,34.58723215760304,0 32.93700470594748,34.58714204802342,0 32.93714774447488,34.58685939765569,0 32.93715023423653,34.58684765704172,0 32.93716688039841,34.58676915942993,0 32.93717286554246,34.58675209461692,0 32.93718147807964,34.58664178291851,0 32.93718421427158,34.58660674163924,0 32.93708916342907,34.58629001574402,0 32.93707156350775,34.5861125998963,0 32.93703986045642,34.58592281013585,0 32.9368477281044,34.58575193543486,0 32.93675430523802,34.58565896063472,0 32.93664914037742,34.58556810537895,0 32.93662042593027,34.58544043777513,0 32.93660002822553,34.58531011599059,0 32.93684957523126,34.58520790649673,0 32.93697413134863,34.58520332280587,0 32.93715110969862,34.58521874570516,0 32.93738505560143,34.58524426722581,0 32.9376175431614,34.58526109899775,0 32.93775146630497,34.5851783863137,0 32.93789609796978,34.58505104618996,0 32.93810025976941,34.58489771731197,0 32.93823245719326,34.58481094200923,0 32.93836499790332,34.58465006970892,0 32.93847893600941,34.58452183081906,0 32.93862765457732,34.58428254941067,0 32.93869410614938,34.58416288482996,0 32.93873705859955,34.58399520319509,0 32.93876160073708,34.58381874712039,0 32.93875178492938,34.5836618036691,0 32.93871828899469,34.58349606961848,0 32.9386559614008,34.58329537932545,0 32.93859821058776,34.58317522047133,0 32.93854031917317,34.58306712254783,0 32.93843447218489,34.58293047908079,0 32.93822605666404,34.58269128245657,0 32.93815182469838,34.58240421141125,0 32.9382043761501,34.58218284384731,0 32.93830217484332,34.58183381120482,0 32.93840105974816,34.58152716436479,0 32.93840192019935,34.58134186804478,0 32.93834760442871,34.58117159423478,0 32.93849537245308,34.58099585660208,0 32.93880175655023,34.58068086411829,0 32.93885715869619,34.58061724037576,0 32.93894990425836,34.58042310854039,0 32.93900959896899,34.58022584005895,0 32.93897781760419,34.57994931640504,0 32.93896411006187,34.57973663719444,0 32.9389132289447,34.57961801438901,0 32.93877484132281,34.57935635691535,0 32.9385113845,34.57902526124003,0 32.93822536495704,34.57870742890857,0 32.93815609992742,34.57854264105603,0 32.93809787709769,34.57838093374459,0 32.93809491439592,34.57822548914966,0 32.9381618529392,34.57809768632871,0 32.93826543755468,34.57801571034624,0 32.93839115170815,34.57793075249871,0 32.93855026272202,34.57779713265534,0 32.93883221972179,34.57740177596615,0 32.93909945933084,34.57700027931669,0 32.93916225786794,34.57696999080062,0 32.93930987169885,34.57693081519042,0 32.93950183926145,34.5768643435232,0 32.93975882566382,34.57674828831981,0 32.93999112955819,34.57660626472018,0 32.94018300746284,34.57636646772347,0 32.94032445327239,34.57622792554956,0 32.94048898911567,34.57600682422439,0 32.94064040404758,34.57567676300958,0 32.94089699151137,34.57519302763027,0 32.94086169617558,34.57496756929167,0 32.94081348506913,34.57458808223421,0 32.94071080811034,34.57420092043991,0 32.9406251001146,34.57407296350721,0 32.94049418420406,34.57389979994425,0 32.93992054799577,34.57347886425144,0 32.93971904732152,34.57327737808825,0 32.93951018715732,34.57302565053873,0 32.93934641104305,34.57287449826799,0 32.93906880691181,34.57271463198502,0 32.9387733649089,34.57258191264407,0 32.93801583062388,34.57224064039046,0 32.93784659910768,34.57217526112193,0 32.93778663874124,34.57213777541376,0 32.93748885624974,34.57195160594415,0 32.93706623210817,34.57172318344634,0 32.93677888489943,34.57155966578255,0 32.93642395873824,34.57135107464832,0 32.93590339370967,34.57104663557935,0 32.93560927239773,34.5708830944612,0 32.93534253274961,34.57066075473171,0 32.93508912301485,34.57048892666474,0 32.93494257466995,34.57042452361695,0 32.93476329447073,34.5703508833494,0 32.93459007942592,34.57023828630594,0 32.93442876486495,34.57009893012224,0 32.93415621582136,34.56981549958022,0 32.9339715905658,34.56962247522568,0 32.93382797811071,34.56947586449085,0 32.93367812071371,34.56940718685441,0 32.93354875236318,34.56936536931691,0 32.93334896343919,34.56926973922978,0 32.9330904401577,34.56913982084924,0 32.93289672001683,34.56900523177294,0 32.9327678090537,34.56886353828445,0 32.93271048633787,34.56877324843907,0 32.93266953546586,34.56866848783556,0 32.93268072842299,34.56860538327109,0 32.93277514996266,34.56846135978356,0 32.93288499891452,34.56828130305763,0 32.93293783203612,34.56817142490888,0 32.93296010013281,34.56807047094954,0 32.93296057062472,34.56796764433592,0 32.93290219161707,34.56785922228017,0 32.93276547619048,34.56771627771015,0 32.93266340679558,34.5676257594348,0 32.93249908745054,34.56743624358038,0 32.93242595481899,34.56734135534179,0 32.93235554972723,34.56723343569935,0 32.93233391791928,34.5671832673983,0 32.93233387881578,34.56718310871404,0 32.93232212145222,34.56713570805535,0 32.93232206496781,34.56713548084804,0 32.93232205530516,34.56713530144578,0 32.93231842274321,34.56707114925796,0 32.93231844684611,34.5670709915102,0 32.93232751099969,34.56701121769591,0 32.9323811025011,34.56698349946819,0 32.93244855340738,34.56697505647703,0 32.93253096741294,34.56699839300445,0 32.93257513080938,34.56699949288582,0 32.93267640119053,34.56696615390788,0 32.93282074110996,34.56691852556614,0 32.93296524454821,34.56683531885648,0 32.93301197200845,34.56678353846174,0 32.93307177923469,34.56666737163935,0 32.93310428070691,34.56661688966933,0 32.93315127993824,34.56656841153386,0 32.93322582972203,34.56652795821105,0 32.93327629286249,34.56649355962274,0 32.93327636375871,34.56649348303466,0 32.93331680940375,34.56644989455144,0 32.93331687487985,34.56644978190069,0 32.93334039621953,34.56640911671698,0 32.9333404289917,34.56640901757074,0 32.93335369757821,34.56636859018794,0 32.93338525342521,34.56628731625761,0 32.93339040543477,34.56620992957152,0 32.93339427985974,34.56614940820461,0 32.93343781623139,34.5660711490735,0 32.93349574202171,34.56599392727006,0 32.93355948269619,34.56595641663112,0 32.93362298318561,34.56597150068734,0 32.93371272609156,34.56601842073713,0 32.93381193781683,34.56609315688959,0 32.93389689598736,34.56613708576215,0 32.93401672521694,34.56616226796768,0 32.93408493737135,34.56619622075851,0 32.93428801843177,34.56637646911868,0 32.93439315374579,34.56645152080133,0 32.93452834639901,34.56650964136647,0 32.93463005215835,34.56655878121869,0 32.93470755476223,34.56662116087849,0 32.93476613683472,34.56671565955807,0 32.93476703665372,34.56672166848389,0 32.93476716566646,34.5667225267733,0 32.93476780804655,34.56672606817762,0 32.93476852562875,34.5667295997057,0 32.93476931732471,34.56673311955397,0 32.93477018204393,34.56673662862335,0 32.93477112196813,34.56674012421053,0 32.93477213491843,34.56674360541285,0 32.93477322198462,34.56674707223089,0 32.93477438098929,34.56675052195899,0 32.93477561302223,34.56675395459777,0 32.93477619486045,34.56675547933182,0 32.93477622748748,34.56675556408952,0 32.93477691699436,34.56675736924513,0 32.93477829290708,34.56676076409806,0 32.93477974076044,34.56676413915662,0 32.93478125946606,34.5667674926172,0 32.93478284793485,34.56677082357768,0 32.93478450725735,34.56677413113725,0 32.93478623634446,34.56677741439375,0 32.93478803301808,34.56678067154306,0 32.9347898994577,34.56678390258636,0 32.93479165063978,34.56678680272045,0 32.93479166805365,34.56678683157748,0 32.93479168982166,34.56678686674731,0 32.93479183348456,34.56678710662094,0 32.93479383401025,34.56679028184329,0 32.93479590212453,34.56679342825395,0 32.93479803673982,34.56679654314787,0 32.93480023567581,34.56679962742536,0 32.93480250002302,34.56680268018553,0 32.93480482760397,34.56680569872273,0 32.9348072195078,34.56680868393903,0 32.93480967355631,34.56681163403031,0 32.93481218975024,34.566814548095,0 32.93481268625441,34.56681510277777,0 32.93481272762921,34.56681514967747,0 32.93481476591076,34.5668174252305,0 32.93481740421807,34.56682026453644,0 32.93482010031317,34.56682306601055,0 32.93482285637692,34.56682582785094,0 32.93482566914076,34.56682854915438,0 32.93482853969515,34.56683122902,0 32.93483146694963,34.56683386834865,0 32.93483444872674,34.56683646443472,0 32.93483748393743,34.56683901637612,0 32.93484057367075,34.56684152507497,0 32.93484371574858,34.56684398872704,0 32.93484690908182,34.56684640643029,0 32.93484757128763,34.5668468899835,0 32.93484761267514,34.5668469206563,0 32.93485015258144,34.56684877728266,0 32.93485344624742,34.56685110128411,0 32.9348567879009,34.56685337753196,0 32.93486017754257,34.56685560512481,0 32.9348636140834,34.56685778316051,0 32.93486709534452,34.56685991073641,0 32.93487062023544,34.56686198875342,0 32.93487418984734,34.56686401540914,0 32.93487780091161,34.56686598980034,0 32.93488145342825,34.566867911927,0 32.93488514630817,34.56686978088703,0 32.93488887737179,34.56687159667931,0 32.93489264553009,34.56687335840169,0 32.93489419573816,34.56687405337743,0 32.93489426328028,34.56687408406417,0 32.93489645187351,34.56687506515335,0 32.93490029204295,34.56687671693189,0 32.93490416821864,34.56687831283699,0 32.93490807604223,34.56687985196486,0 32.93491201660273,34.56688133521752,0 32.93491598772201,34.56688276079088,0 32.93491998721984,34.56688412958524,0 32.93492401618733,34.56688543979818,0 32.93492807244498,34.56688669142856,0 32.9349321538125,34.56688788537668,0 32.93493625920225,34.56688901893749,0 32.93494038861277,34.56689009391401,0 32.93494453986592,34.56689110850204,0 32.93494871187124,34.56689206360252,0 32.93495290353965,34.56689295831337,0 32.93495711378203,34.56689379173247,0 32.93514481871952,34.56690658190734,0 32.93531241172584,34.56691819911418,0 32.93544113795221,34.56692414679241,0 32.93552157985543,34.56693670111763,0 32.93562242302331,34.56697388409665,0 32.93574385418815,34.56705660318102,0 32.93591691455585,34.56721936659472,0 32.93597604902801,34.56728222801385,0 32.93609601261056,34.56736125526614,0 32.936238236868,34.56744526756075,0 32.93639236665248,34.56752440070782,0 32.93646345365386,34.56757255125876,0 32.93653150305015,34.56763421175064,0 32.93661718856221,34.56773894022563,0 32.93670166790839,34.5678609072441,0 32.93677816829666,34.56795952773869,0 32.93682441784902,34.56804455155555,0 32.93691020862129,34.56815091788354,0 32.93700774575531,34.56823802803417,0 32.93714024977461,34.56832717726203,0 32.93726123526768,34.56838542449549,0 32.93739630714973,34.56842249557756,0 32.93752679430129,34.56844218880925,0 32.93764786764696,34.56848114558053,0 32.93777115179391,34.56854711566092,0 32.9380036062957,34.56870601821053,0 32.93815932401692,34.56881838702132,0 32.93828484273187,34.56890558333665,0 32.93838020640181,34.56895796131052,0 32.93849428437611,34.56899689657986,0 32.93861503241141,34.56904275765233,0 32.93873680374339,34.5691096410057,0 32.93884951153827,34.56920605527191,0 32.93894731908017,34.56930488609243,0 32.93906903630412,34.56938408526509,0 32.9392382471091,34.56949545245687,0 32.93933331074059,34.56954254769241,0 32.93939580365162,34.56955012872864,0 32.93950900938632,34.56953569790939,0 32.93967600510967,34.56947709253828,0 32.93985793367202,34.5694086815587,0 32.93993836623322,34.56939907610122,0 32.9401080309897,34.56940944999398,0 32.94032835591129,34.5694101267395,0 32.94049224124323,34.56938107053098,0 32.94070107625304,34.56928810665808,0 32.94089201427411,34.56920247821488,0 32.94099331819594,34.56918554492486,0 32.94110646870686,34.56918342877706,0 32.94119287040274,34.56917137692054,0 32.94128208067555,34.56919628210841,0 32.9413939913938,34.56923864109656,0 32.94152005054062,34.56929748152323,0 32.94162265468068,34.56933499302842,0 32.94175315473121,34.56935842023336,0 32.94185599656725,34.56934279232179,0 32.94199749475129,34.56930071219511,0 32.9420791369709,34.5693079295411,0 32.94207932222672,34.56930794585587,0 32.94207952598739,34.56930799373161,0 32.94214522736674,34.56932343859578,0 32.94214544856127,34.56932349098714,0 32.94214560435989,34.56932355416541,0 32.94222634183812,34.56935632286696,0 32.94233314174439,34.56941333232297,0 32.94241422523655,34.56947557713931,0 32.94252723493157,34.5695804315208,0 32.94259536020671,34.56966743589418,0 32.94262927724034,34.56974370722174,0 32.9426824012514,34.56983420768957,0 32.94273357324587,34.56988219016446,0 32.94288943692742,34.56998008946034,0 32.94298332162398,34.57005300092258,0 32.94306027261087,34.57008157716715,0 32.9431841694869,34.57014572284275,0 32.94328675219249,34.57018854722828,0 32.94345147710879,34.57021916258254,0 32.94359355793441,34.57021581797855,0 32.94376791715968,34.57019604126963,0 32.94387600459982,34.57017606347641,0 32.94397923740308,34.5701438870788,0 32.94406044140772,34.57009742898564,0 32.94418102678814,34.57002672159861,0 32.94431394831496,34.56994183925557,0 32.94444187806621,34.56987521601206,0 32.94453284579998,34.56984097094821,0 32.94465324983432,34.56981087701396,0 32.94475152743116,34.56978883769289,0 32.94482751826449,34.56981140575101,0 32.9450258899491,34.5699115085462,0 32.9451606061097,34.56997486648221,0 32.94538118447043,34.57004863798693,0 32.94549006520501,34.57008302447638,0 32.94562139056148,34.57012449938222,0 32.94572921906157,34.57016340707148,0 32.94584615751929,34.57017027879188,0 32.94601065307049,34.57019464235285,0 32.94630730605304,34.57026573411959,0 32.94641749542185,34.57029133712339,0 32.94660078144292,34.57028767805578,0 32.94678740206297,34.57029806901271,0 32.94699088341063,34.57033237636937,0 32.94714012591515,34.57035248034835,0 32.94738424451569,34.57040796805834,0 32.94753237497223,34.57043779727159,0 32.94769852150434,34.57040651649848,0 32.94797458746915,34.57033810848813,0 32.94815311960532,34.57029778320059,0 32.94843183900583,34.57024981480235,0 32.94856492777398,34.57024794356665,0 32.94866779974528,34.5702539277016,0 32.94889782813201,34.57025171730321,0 32.94911528564009,34.57026170652728,0 32.94924567337299,34.57024087685641,0 32.9494008426969,34.57018362533791,0 32.94948260302499,34.57012959404156,0 32.94966193962418,34.57001108140393,0 32.94986272875623,34.56993425057195,0 32.95000163470026,34.56991735139015,0 32.95044568633193,34.56999988644358,0 32.95057545895452,34.57000435817098,0 32.95068563563036,34.56998295534317,0 32.95085998860203,34.56993864972795,0 32.95093935618092,34.5698261213951,0 32.95094633133014,34.56973646904036,0 32.95089096094087,34.56962760606892,0 32.95079951161059,34.56950368804435,0 32.9507902213413,34.56937730236032,0 32.95087605705142,34.56928789091597,0 32.95107520615157,34.56920969346206,0 32.95134170309491,34.56913441813914,0 32.95150773000902,34.56911454230768,0 32.95173950417122,34.56908807350915,0 32.95190624371501,34.56909265579297,0 32.95228944741183,34.56918756739248,0 32.95254219737592,34.56924675690905,0 32.95287890081073,34.56926951569938,0 32.95303834368445,34.56925233611433,0 32.95334425054852,34.56918125089145,0 32.95354968351835,34.56916692700581,0 32.95379679029622,34.56920232050622,0 32.95394447345307,34.56924318685338,0 32.95430653580479,34.56929013469189,0 32.95444951867278,34.56927969657026,0 32.95467334417285,34.5691934160688,0 32.95478722032122,34.56907827198142,0 32.95486846709043,34.56891139803689,0 32.95495448287081,34.56878020504097,0 32.95503415946326,34.56878180391545,0 32.95516948414989,34.56883078396783,0 32.9552612527936,34.56888404893149,0 32.95539100142824,34.56889394882272,0 32.95555699096479,34.56888222056182,0 32.95600239430128,34.56903029600475,0 32.95607719527287,34.56901965108259,0 32.95611373149391,34.56893144693147,0 32.95616375963722,34.56857901942585,0 32.95620120389484,34.56847111706706,0 32.95624425684009,34.56839516017251,0 32.95628615918854,34.5683935867569,0 32.95652104420951,34.56859164008754,0 32.95666849687078,34.56868447226906,0 32.95675717199886,34.56869424884342,0 32.95686918015209,34.5686293675297,0 32.95696168855878,34.56851551560401,0 32.95701572203469,34.56837097769995,0 32.95709734501699,34.56830396786479,0 32.95719408175544,34.56834841473169,0 32.95740546755854,34.56847336605226,0 32.95752500399578,34.5685633964376,0 32.95795946563685,34.56877155439317,0 32.95806453763297,34.56878885140227,0 32.95811556505684,34.56858078564898,0 32.95815763851314,34.56854015090424,0 32.95826942300434,34.56852553902554,0 32.95839416845059,34.56855240550257,0 32.95855814256661,34.56862490517764,0 32.95871216886434,34.56871809411341,0 32.95887654367551,34.5686995626411,0 32.9589610156144,34.56873174278087,0 32.95910979354159,34.5688972651612,0 32.95920574340424,34.56893423499572,0 32.95930518611587,34.56892434096048,0 32.95936962256464,34.56884199310876,0 32.95938455964895,34.56878988102811,0 32.95938506560618,34.56878256108188,0 32.95938770845876,34.56874427830289,0 32.95938503802095,34.56872498999418,0 32.95938070385827,34.56869368063803,0 32.95936033767687,34.5686399674757,0 32.95933127599302,34.56859527895327,0 32.95929252640965,34.5684402734223,0 32.9593042537721,34.56838867863546,0 32.95934707962454,34.56836367019245,0 32.95951142774891,34.56835125177375,0 32.9595988329111,34.56827610531589,0 32.95964232770778,34.56826246300158,0 32.95970622660882,34.56825349713752,0 32.95976527481671,34.5682558659034,0 32.95983615991077,34.56827276968592,0 32.95991308412498,34.56831351536696,0 32.9599571684396,34.56835676359039,0 32.95996497532536,34.56836442252277,0 32.9599925418786,34.56841178423133,0 32.96009001879483,34.56847525232977,0 32.96040533902877,34.56850336167098,0 32.96051551621655,34.56848059141584,0 32.96067531012559,34.56838256067112,0 32.9610866444729,34.56805735574116,0 32.96125058328251,34.56795050535897,0 32.96133023988482,34.56795617576333,0 32.96144992470735,34.56801325553099,0 32.96163625590932,34.56823391204362,0 32.96169009079649,34.56832136736747,0 32.96173632076104,34.56845737193733,0 32.96181877053836,34.56857616030991,0 32.96196062414268,34.56863568233511,0 32.96206622889903,34.56871955305111,0 32.96222464642965,34.56874855269273,0 32.96238987984116,34.56872152740537,0 32.96250351635192,34.56865868330161,0 32.96274484090137,34.56851299675979,0 32.96291851432583,34.56843402575627,0 32.96312718226064,34.56843056413517,0 32.9633110684058,34.56845895884755,0 32.96344419278577,34.56844814121889,0 32.96354220059794,34.56839000626672,0 32.96375110820494,34.56833117851825,0 32.96386241580856,34.56823707682297,0 32.96386940319204,34.5681925803428,0 32.96385905277401,34.56814877107558,0 32.96383732054426,34.56811513087209,0 32.96379712354743,34.56808254714712,0 32.9637514900584,34.56806401425273,0 32.96370465037158,34.56805760695237,0 32.96353962457074,34.56803742114256,0 32.96353157565316,34.56799935413697,0 32.96367801880466,34.56794815518864,0 32.96384581586052,34.56789769800837,0 32.96411073725352,34.56780302846734,0 32.96420518971863,34.56780670183579,0 32.96457122892134,34.56807305890474,0 32.96473313824745,34.56805451161597,0 32.96490298607912,34.56809950626056,0 32.96503419941375,34.56815084152056,0 32.96507161644745,34.5682365480673,0 32.96501980044325,34.56844121789529,0 32.96504553617005,34.56856833023119,0 32.96514627509077,34.56863825712052,0 32.96527192664598,34.56864609715053,0 32.96544818604171,34.56853859827507,0 32.96556773474646,34.56843772625349,0 32.96557544476514,34.56836437943149,0 32.96554290329671,34.56810070005363,0 32.96558828123204,34.56809511188469,0 32.96559139601307,34.56809472782563,0 32.96567812956089,34.56817344528915,0 32.96591430777132,34.56845759054067,0 32.96602515233599,34.56866035797883,0 32.96604212352528,34.5687252845477,0 32.96600734714772,34.56878904190224,0 32.9658095927307,34.56892840690794,0 32.96581488501896,34.56903440040293,0 32.96593288020208,34.56929357445298,0 32.96606089820035,34.56951473345105,0 32.96606261864171,34.56968729118763,0 32.9660259578217,34.56980674758675,0 32.96605328110452,34.56994745101446,0 32.96610770887351,34.57008925276698,0 32.96633224282955,34.5704081797502,0 32.96644659426332,34.57056068503945,0 32.96674045481807,34.5708054249012,0 32.96689453019835,34.57089045220977,0 32.96712010111012,34.5709692332362,0 32.96733592395517,34.57102285060502,0 32.96772066951178,34.5711472695583,0 32.9678420391753,34.57119653475707,0 32.96803902971297,34.57123582932979,0 32.96834370291501,34.57125947191666,0 32.9685828424246,34.57123978562968,0 32.96908626399101,34.57108431671711,0 32.9691660410789,34.57106246941384,0 32.96929816695232,34.57109410090322,0 32.96948646968017,34.57124410043659,0 32.96959222601433,34.57129467797126,0 32.97016841692021,34.57141183016053,0 32.97034144499613,34.57148399976765,0 32.97051761887197,34.57158946647962,0 32.97082276937665,34.57188721772318,0 32.97095764891647,34.57204453401668,0 32.97109283096864,34.57223614476744,0 32.97120261516839,34.57239175462253,0 32.97140642303039,34.57259255115839,0 32.97163864211122,34.57273247173158,0 32.97192823329085,34.57292323295552,0 32.97222589720663,34.57308469595393,0 32.97254642868532,34.57320277278773,0 32.97283245666119,34.57320865501494,0 32.97304038832117,34.57328670175685,0 32.97336601017001,34.57337780313657,0 32.97351436668728,34.57337649941061,0 32.97360765024791,34.57335497307412,0 32.97395842257427,34.57328543436026,0 32.97422837491851,34.5732861876118,0 32.97447485302042,34.57323986308821,0 32.97481547064338,34.57332700258478,0 32.97515675347331,34.57326135200932,0 32.975775039671,34.57317234224075,0 32.97610416834789,34.57312495892967,0 32.97641023471039,34.57307579253444,0 32.97704533442858,34.57310260949789,0 32.97728369830275,34.57316165760646,0 32.97743503958712,34.57313984795447,0 32.97764007897159,34.57313486799004,0 32.97851112265966,34.57300945933551,0 32.97869934558879,34.57300720975443,0 32.97902279358817,34.57293470203057,0 32.97961779501424,34.57280131541037,0 32.97990332378991,34.5728354742936,0 32.98009824428711,34.57283880028378,0 32.98028328990705,34.57279484384808,0 32.98040815872085,34.57267844625661,0 32.98068718647147,34.57234489201464,0 32.98074591321743,34.57226295571771,0 32.98096151072914,34.57196215100469,0 32.98109464192022,34.57195028823818,0 32.98122953521924,34.57190990150359,0 32.98141202907656,34.57188051196205,0 32.98161906605653,34.57187564371197,0 32.98183929934506,34.57185824453957,0 32.98249935560998,34.57196227303081,0 32.98271440819472,34.57200633162365,0 32.98293121357721,34.57202322363538,0 32.98299537344134,34.57200302025013,0 32.98315686805969,34.57188594700688,0 32.98327239910408,34.57175923842506,0 32.98337468790853,34.57165626780747,0 32.98347998642846,34.57162021342777,0 32.98363205230918,34.57159888930031,0 32.98389288190694,34.57189813446369,0 32.98403731359152,34.57193520654559,0 32.98419511739895,34.5719166148891,0 32.98452891976933,34.57184959209839,0 32.98493237111496,34.57162516756851,0 32.98518888531401,34.57157423674747,0 32.98552414116076,34.57155340564044,0 32.98583493436985,34.57148767649355,0 32.98630737291622,34.57126615008247,0 32.98641672840272,34.57124233046972,0 32.98660520373119,34.57115555207928,0 32.98706668919214,34.57079814147249,0 32.98724737086354,34.57080949494208,0 32.98757442388621,34.57078456006371,0 32.98785559049275,34.57073097304876,0 32.9883666464525,34.57058430595721,0 32.98879921817208,34.57059221104053,0 32.9895301505198,34.57063899304472,0 32.99024973869606,34.57064770247453,0 32.99036303041054,34.57066566378055,0 32.99049626249446,34.57062797925384,0 32.99068734201898,34.57050486103018,0 32.99080949969692,34.57036118151786,0 32.99093520827121,34.57015094320037,0 32.99155411438123,34.57027349403285,0 32.99196671992944,34.57021820635703,0 32.9923003765233,34.5701844462647,0 32.99267548271418,34.5703649335923,0 32.9929139146954,34.57031461828715,0 32.99324110905318,34.57004717054029,0 32.99371854123305,34.56980253477168,0 32.99396238006961,34.56983781885266,0 32.99490409747162,34.56934714462261,0 32.99501182448752,34.56931821929717,0 32.99512847858849,34.56931716656126,0 32.99529588022035,34.56936226665963,0 32.99566135819311,34.56938173259908,0 32.99584113898773,34.56941277001638,0 32.99625690135653,34.56959606941102,0 32.99644409375846,34.56962219934611,0 32.99684321522885,34.56965176934825,0 32.99735336030275,34.56985840613105,0 32.99744548430948,34.56982807830378,0 32.99793282276699,34.56956782773619,0 32.99816502408542,34.56942884213457,0 32.99847281311942,34.56949586869975,0 32.99882849273033,34.56929131240222,0 32.99922745811223,34.56915071800262,0 32.99957935219813,34.56949261866419,0 32.9997740133492,34.56970980751517,0 32.99991233434992,34.56984024365443,0 33.00028137202372,34.57000082250939,0 33.00072939214846,34.57013103665415,0 33.00109589741744,34.57009903637302,0 33.00194018924812,34.5695132995834,0 33.00209460902491,34.56948142388737,0 33.00211703391189,34.56947679524161,0 33.00226679346167,34.56948255669586,0 33.00237843581858,34.56952511581097,0 33.0025828322468,34.56953886031602,0 33.00279693462177,34.56952092943729,0 33.00289927111601,34.56949213971109,0 33.00303347967695,34.56948192435296,0 33.0033245562338,34.56938494690008,0 33.00349086211902,34.56933519162658,0 33.00376575215139,34.56929364361626,0 33.00385848381223,34.56927011178306,0 33.0042771436614,34.56922365478091,0 33.00463814051697,34.56921931264392,0 33.00474362832433,34.56920109665263,0 33.00494828837466,34.56914615521941,0 33.00499955152176,34.5691066641778,0 33.00520455758642,34.56896190935771,0 33.00536123814589,34.56892269218692,0 33.00571935314247,34.56883645003605,0 33.0061540535519,34.56877153680738,0 33.00625976387841,34.56869520480981,0 33.00659906302627,34.5685164544311,0 33.00680376182025,34.56845094439196,0 33.00697641271287,34.56841176662429,0 33.0074939130057,34.56841310262858,0 33.00777487360841,34.56845345207701,0 33.00798889128116,34.56845664487164,0 33.00813271205374,34.56843852440306,0 33.00840134748962,34.56835996822827,0 33.00852934559278,34.56830218182632,0 33.00863183990028,34.56823112262384,0 33.0087183906356,34.56815209708646,0 33.00890091517275,34.56803633593704,0 33.00911542445257,34.56791008957858,0 33.00927219119619,34.56784709322408,0 33.00939372972974,34.56780778158171,0 33.00964021108605,34.56767369155541,0 33.00975883409839,34.56756040693526,0 33.01000908932066,34.56727311266182,0 33.01021720559093,34.5671468486488,0 33.01057206318057,34.56707379125876,0 33.01115667762486,34.56706471711104,0 33.01182102168483,34.56709018486701,0 33.01221429970767,34.56699344579013,0 33.0125087302969,34.56684890496682,0 33.01275173219393,34.56678876562062,0 33.01306482166695,34.56677899370177,0 33.01377803849979,34.56654833791124,0 33.01414236436325,34.56650435211237,0 33.01475522110137,34.56663005400043,0 33.01479364335965,34.56660637616279,0 33.01485153616194,34.56650085756993,0 33.01486785210567,34.56640844270148,0 33.01489043874091,34.56634774336962,0 33.01491919835776,34.56634517421174,0 33.01503708466494,34.56642736052931,0 33.01540932214581,34.56683246280306,0 33.01551445172159,34.56690933416214,0 33.01572512321471,34.56695212899715,0 33.01596471448127,34.56695009028248,0 33.01668348986102,34.56694132633852,0 33.01713074509426,34.56693187987272,0 33.01732876675553,34.56694029981357,0 33.01756187986364,34.56696201500802,0 33.01789103905902,34.5669258552426,0 33.01821104249213,34.56677343950921,0 33.01834229554699,34.56669716082488,0 33.01894055868125,34.56645033914708,0 33.01909764673843,34.56629751713155,0 33.01921939169335,34.56620007915608,0 33.01936370127502,34.56604722454612,0 33.01945015140789,34.56599196644879,0 33.01972839061825,34.56590284173632,0 33.02021132704147,34.5657429010949,0 33.02038715205658,34.56570635420702,0 33.02050880894184,34.56563269091372,0 33.02071684597242,34.56552225722099,0 33.02108539146364,34.5651956086388,0 33.02114630641041,34.56513500248032,0 33.0214053356939,34.56505639407168,0 33.02159068181711,34.56503571725806,0 33.02181790287727,34.56492004782502,0 33.02190119480414,34.56485421223569,0 33.02223459606041,34.56452747359496,0 33.02234087201727,34.56428999021497,0 33.0229711367934,34.56401945340801,0 33.0231883671024,34.564014702948,0 33.02347622530451,34.5639123862131,0 33.02368423600988,34.56380723198957,0 33.02383825984676,34.56361477117718,0 33.02394717987183,34.56352786489209,0 33.02440221654685,34.56312745249623,0 33.02461695568481,34.56292721487468,0 33.02477374977173,34.56285099078817,0 33.02486662141705,34.56278517735343,0 33.02550574324119,34.56271012695141,0 33.02564302878053,34.5627289520183,0 33.02594015751286,34.56271118303233,0 33.0262757805741,34.56264859994701,0 33.02639720835706,34.56263568601275,0 33.02684093127859,34.56271336827881,0 33.02735842446248,34.56270669596179,0 33.02756261082895,34.56277587116972,0 33.02798104447643,34.56277952259878,0 33.02842218502749,34.56276813942385,0 33.02875107315883,34.56275965149271,0 33.02900773420688,34.56283196082937,0 33.02918071754326,34.56294034576079,0 33.02934928623451,34.56311522922292,0 33.02935132930018,34.56342186790011,0 33.0293868044764,34.56343145395444,0 33.02969101783862,34.56334839974823,0 33.02991456151994,34.56333597940608,0 33.0303780514067,34.56339841594477,0 33.03041420300128,34.56351165517023,0 33.03051068874289,34.56369327467292,0 33.03076506679177,34.5638217186275,0 33.03112076591719,34.56453775801953,0 33.03124628576128,34.56477904560909,0 33.03136214337378,34.56509545601276,0 33.0315814590486,34.56539483922708,0 33.03169897936256,34.56548088958272,0 33.03174777481945,34.56551661837555,0 33.03178146969626,34.5655412906695,0 33.03181731723216,34.56558695815216,0 33.03193431289684,34.56573599929698,0 33.03199647036424,34.56588039399404,0 33.03200109505849,34.56588826010612,0 33.03204630391903,34.56596516087465,0 33.03225877750955,34.56613237142095,0 33.03230051936099,34.56625504087317,0 33.03233113958574,34.56634502694543,0 33.03233986076832,34.56635850284744,0 33.0323761663472,34.566414603009,0 33.03264549243799,34.56634348738538,0 33.03283066979066,34.56656982318455,0 33.03287253033615,34.56664802449041,0 33.0329814341281,34.56666630623067,0 33.03305709066129,34.56663644637459,0 33.03316161488483,34.56666072586657,0 33.03338467991684,34.56685590936777,0 33.03369332270898,34.56667760587014,0 33.03374706852986,34.56668133762774,0 33.03392206215536,34.56691245338261,0 33.03440479742452,34.56722359995747,0 33.03464733355119,34.5672530101635,0 33.0348362997967,34.56722822214909,0 33.03491925863253,34.56718756459032,0 33.03500497194879,34.56719016969738,0 33.0351829057233,34.56741287907114,0 33.03524095074623,34.56743344339606,0 33.03529331042404,34.56741794604459,0 33.03533275703968,34.56735555678587,0 33.03535640169164,34.56724146249932,0 33.03569481653087,34.56727470120648,0 33.03591252058096,34.56734250079141,0 33.03601975608865,34.56742325732228,0 33.03636563799507,34.56739883613284,0 33.03639939923901,34.567718533948,0 33.03612355247056,34.56765780843227,0 33.03603341752216,34.56767321722871,0 33.03565355597279,34.56785856915439,0 33.03540332672507,34.56795170300235,0 33.0351886739757,34.56801580525433,0 33.03484505715237,34.56830704157123,0 33.03449565018067,34.56874646759851,0 33.03409717252393,34.56914945087878,0 33.0335267962466,34.56947066075965,0 33.03333620567532,34.56970994905444,0 33.03312658400639,34.56986491936939,0 33.03286442004629,34.56997181610112,0 33.03285515692163,34.57010837296365,0 33.03279471475661,34.57030873944768,0 33.03258593311489,34.57072379165454,0 33.03249595471875,34.57082964445033,0 33.03201861323454,34.57067158943677,0 33.03172399519693,34.57101233464281,0 33.03179879089649,34.57122609851397,0 33.03216705941128,34.57142457899791,0 33.03232277623396,34.57161092846225,0 33.03200687958424,34.57200683678697,0 33.0318528248862,34.57228673969872,0 33.03177275472262,34.57239199887254,0 33.031698204956,34.57249000225735,0 33.03157463362896,34.57261697779379,0 33.03145106301575,34.57274395230094,0 33.03131723104816,34.57287090226851,0 33.03118330899989,34.57302330661951,0 33.03111112650301,34.57312495015476,0 33.03105910702634,34.57332845703549,0 33.03098668554937,34.57349797653605,0 33.03092470436226,34.57361661317831,0 33.03080124955131,34.5737096494388,0 33.03062649553901,34.5738025623284,0 33.03045179925338,34.57387850618284,0 33.03023603184832,34.57396283572058,0 33.03011263721236,34.57403890249596,0 33.02992753055339,34.57415724349234,0 33.02973219298445,34.57426707481847,0 33.02951618299601,34.57441928001258,0 33.02944411826468,34.57448698407451,0 33.02921769516574,34.57468158657024,0 33.02904284593941,34.57479995170409,0 33.02890918884422,34.57487599084644,0 33.02873412706157,34.5750537476187,0 33.02861054634507,34.57518071920407,0 33.02845609527272,34.57533307032617,0 33.02837883873722,34.57540363629199,0 33.02827080226943,34.5755023160262,0 33.02811848128843,34.57562722844094,0 33.02784360438645,34.57595662321624,0 33.02773261681412,34.57616539140426,0 33.02774341522767,34.576335161319,0 33.02770819582199,34.57661641192469,0 33.02766201854723,34.57677347021021,0 33.02757862698251,34.57704167717698,0 33.02752198463942,34.57713148024253,0 33.02713458633458,34.57756433299588,0 33.02700282407645,34.57773532991918,0 33.02694742661004,34.57781220956431,0 33.0269257770913,34.57822990289163,0 33.02693377812385,34.57844251587517,0 33.02697426618622,34.57880873475857,0 33.02694700646005,34.57898941479851,0 33.02665347987968,34.57921502854784,0 33.02660261535015,34.57961726122704,0 33.02658303216231,34.57977752704262,0 33.02642621050358,34.58004433642466,0 33.02634793840405,34.58013844910021,0 33.02594656815249,34.57998384654587,0 33.02588380958367,34.57996799093495,0 33.02528587881402,34.58009216042244,0 33.02515286078897,34.5801147873641,0 33.02489585579207,34.58010505437222,0 33.02461536798618,34.58008811004815,0 33.02443277768428,34.58008404044196,0 33.02415659687037,34.58010631624228,0 33.02394919053253,34.58012474570881,0 33.02330994125532,34.58033495635441,0 33.02312317659922,34.58041977433103,0 33.02298068797189,34.58048997053645,0 33.02251064318539,34.58079562815364,0 33.02224102580373,34.58099127841196,0 33.02201224888231,34.58117774714714,0 33.02150813174015,34.58180832928211,0 33.02137248410442,34.58199659865495,0 33.02117294945703,34.5822720377278,0 33.02089319466279,34.58259266207778,0 33.02030299308081,34.58336762288837,0 33.0201158214449,34.58360920176424,0 33.01989159295042,34.58390922546213,0 33.01972044461901,34.58412531147638,0 33.01952305292993,34.58441322132425,0 33.01932823204471,34.58455406501546,0 33.01921680736525,34.58461600322811,0 33.01890112753888,34.58469432976435,0 33.01861253171546,34.58490982923037,0 33.01843563361534,34.58510600128144,0 33.01839713473372,34.5852363570741,0 33.01836250019868,34.58536338487264,0 33.01800375893439,34.5855835396848,0 33.01783951982519,34.58574982280319,0 33.01748632409416,34.58604971291437,0 33.01731284736731,34.58634280464359,0 33.01728796255706,34.58635602851262,0 33.01716188760973,34.58647288203338,0 33.01698612825005,34.58659323471541,0 33.01684067791646,34.58667057380854,0 33.01669349462518,34.58671208507302,0 33.01655577122843,34.58686167443426,0 33.01599719821239,34.58746835745031,0 33.01598153581509,34.58751623669396,0 33.01557047051533,34.58826030416753,0 33.01522197870975,34.58869482439806,0 33.01505576724325,34.58894753960304,0 33.0149547318672,34.58923584550246,0 33.01485216518885,34.58938240497409,0 33.01477173746544,34.58961507550797,0 33.01461988100621,34.5898475751596,0 33.01448810350012,34.59017124340568,0 33.01433230446765,34.59036492233353,0 33.01416199210396,34.59062100018883,0 33.01395116153351,34.5907942978201,0 33.0137731432822,34.59092380066772,0 33.01354213294961,34.59103292738499,0 33.0134072074289,34.59109672350715,0 33.01324754840068,34.59122795802822,0 33.01292789001845,34.59158323202321,0 33.01244049538509,34.59204440761307,0 33.01216453494269,34.59216692157796,0 33.01199897526887,34.59223570441223,0 33.01190918294597,34.59223380024675,0 33.01110196430758,34.59239448282258,0 33.01095871598412,34.59240758988718,0 33.01084465671608,34.59244857362784,0 33.01053809839218,34.5926209434426,0 33.01020086235037,34.59282362309197,0 33.00995130376116,34.59297994375773,0 33.00954216633739,34.59324218424654,0 33.00898857612846,34.59338088689609,0 33.00885568403921,34.59344468322136,0 33.00870828836816,34.59356750448523,0 33.00866345550528,34.59366833463881,0 33.0085654773446,34.59403047301224,0 33.00830685531385,34.59468026377051,0 33.0079672876469,34.59533728825417,0 33.00791743274721,34.59605820607113,0 33.00790465810294,34.59620582645583,0 33.00790139229018,34.59624355934723,0 33.00785874480065,34.59673636137237,0 33.00778355251715,34.59706019955963,0 33.00774648507036,34.5973121749738,0 33.00751516989863,34.59786725437535,0 33.00749307807472,34.59837267209545,0 33.00742999017593,34.59902293968603,0 33.00728707150294,34.59937753399212,0 33.00724101253169,34.5996766151172,0 33.00714790711265,34.59993283865668,0 33.00706340203329,34.60029500891957,0 33.00692057799974,34.60123126663797,0 33.00686783239875,34.60134353272034,0 33.00682198799943,34.60148502911431,0 33.00678954720218,34.60171288180342,0 33.00666401510981,34.60207128574284,0 33.00658535841961,34.60258861196381,0 33.00655530248571,34.60278097287809,0 33.00655461766067,34.60297340612739,0 33.00652073212046,34.60360667545404,0 33.00648859059324,34.60375045620675,0 33.00647217673119,34.6039185618352,0 33.00645114553213,34.60411468230448,0 33.00640517943143,34.60433316004482,0 33.00635473777925,34.60454041718778,0 33.00635333939501,34.60493275689292,0 33.00633957583505,34.6049906402643,0 33.0062773236721,34.60534172655001,0 33.00624514261578,34.60555459532847,0 33.00617088287616,34.60604581281111,0 33.00612935628441,34.60628672094024,0 33.00611989261248,34.60640626933764,0 33.00609484602928,34.60646038772363,0 33.0060988652737,34.60660051998313,0 33.00606209573122,34.60677418145224,0 33.00603400447527,34.60704875215591,0 33.00600645165604,34.60717199120589,0 33.00599358818991,34.60761101026047,0 33.00601111719266,34.60776425394991,0 33.00596208285753,34.60820878732224,0 33.0059685342577,34.60830035005669,0 33.00596662092772,34.60883654688986,0 33.00595195857214,34.60914664889728,0 33.0059388005247,34.60966787161983,0 33.0059152454784,34.6099368482248,0 33.00591141896502,34.61037588826893,0 33.00591309870826,34.6105384351017,0 33.00589173625445,34.61082610025958,0 33.00589569549743,34.61098304694092,0 33.00590205510793,34.61142433652528,0 33.00590266872149,34.61146693980862,0 33.00590293827213,34.61148563751053,0 33.00588448683068,34.61169633634012,0 33.00587966695402,34.6117513794841,0 33.00587515648447,34.61180288157689,0 33.00586760633894,34.61188910183031,0 33.00586695689058,34.61191041298204,0 33.00585224796881,34.61239350449694,0 33.00584028442274,34.61258030459567,0 33.00584416235451,34.61275967118207,0 33.00585515281934,34.61284563991919,0 33.00584499396744,34.61315948896858,0 33.00586191647213,34.61348274640812,0 33.00585459111728,34.61363592805928,0 33.00586060974307,34.61384892892992,0 33.00588005048338,34.61409932906832,0 33.00590348499818,34.6144973345917,0 33.00591368884573,34.614803759746,0 33.00591718858908,34.61508961782514,0 33.00595210089173,34.61543720716264,0 33.00597311298812,34.61584712132087,0 33.00597645869588,34.61591240760591,0 33.00597420731731,34.61602360859987,0 33.00598590410922,34.6161132246529,0 33.00597352009779,34.61620277697739,0 33.00597284033007,34.61637945544773,0 33.00597843986016,34.61648896215863,0 33.00599877476865,34.61668062587528,0 33.00603100577226,34.61690964923404,0 33.00604817826835,34.61714111995265,0 33.00605246799162,34.61759154212788,0 33.0060487605889,34.61777319059397,0 33.00603895576562,34.61797472971573,0 33.0060471819526,34.61818378271456,0 33.00607358596135,34.6183630199997,0 33.00610305707206,34.61931119914333,0 33.00610715565558,34.61981139122184,0 33.00611964462762,34.62047833040481,0 33.00614506407162,34.62091387677768,0 33.00618846103105,34.62137186645696,0 33.00619671681791,34.62157345233389,0 33.00621397630773,34.62178252817752,0 33.00625978988822,34.62201250075583,0 33.00627895168175,34.62210868452282,0 33.00636177888284,34.62248963299039,0 33.00639996753483,34.62273608952208,0 33.00644368002016,34.62311196007731,0 33.00649951133217,34.6234679540313,0 33.00654945485239,34.62378909508536,0 33.00656653511088,34.62404545003429,0 33.00659819890617,34.6244237785457,0 33.00663330234516,34.62469013354347,0 33.0066888684797,34.62511580390851,0 33.00671556122849,34.62522038897264,0 33.00672377169207,34.62543441696599,0 33.00676795481774,34.62568835434513,0 33.00678251953685,34.62581530315988,0 33.00681194707011,34.62599205991101,0 33.00685609231875,34.62625595051656,0 33.00687951843706,34.6264277142585,0 33.00690922286728,34.62653230629973,0 33.00696549711951,34.62677383305536,0 33.0070066994703,34.6270202962633,0 33.00704208058114,34.62721448817182,0 33.0070829131931,34.62755800054513,0 33.00708268488413,34.6276177220251,0 33.0071091314325,34.62778700643013,0 33.00717745774483,34.62802607489208,0 33.00720968786916,34.62825758470447,0 33.0072272839986,34.62837956425798,0 33.00726268648851,34.62856877896922,0 33.00731594243975,34.62881278474045,0 33.00738363387,34.62921857787407,0 33.00745751653487,34.62957959480484,0 33.00758161012629,34.63019456442009,0 33.00762276251805,34.63035715151242,0 33.00779725393316,34.63104651704717,0 33.00783598460851,34.63136836014517,0 33.00803643887562,34.63204503969199,0 33.00826896868625,34.63286431948377,0 33.00840973242516,34.63359477300329,0 33.00843364622423,34.63368371070673,0 33.00851486710703,34.63396438791884,0 33.00863879249282,34.63440706743506,0 33.00867848011492,34.63470780541861,0 33.00875093474409,34.63490328125979,0 33.00887739049828,34.63526999147954,0 33.00899748983631,34.63570750171594,0 33.0090145651256,34.63581553857833,0 33.00922097497558,34.63651011236446,0 33.00942360713636,34.63693727673014,0 33.00963734700829,34.63760166209615,0 33.00987350978487,34.63825674191076,0 33.01002193964044,34.6387626900163,0 33.01005659310623,34.63898269195666,0 33.0101109113759,34.63917590562692,0 33.01031850842006,34.63973325175465,0 33.01070620094704,34.64065887662488,0 33.01090409411442,34.64118633475962,0 33.01094297741714,34.64141345497962,0 33.01166140675689,34.64308653741725,0 33.01174147935841,34.6433586868494,0 33.0118990426974,34.64361713879323,0 33.01213868872561,34.644155327224,0 33.01718406219339,34.64430706294712,0 33.0195557130132,34.64440973691083,0 33.0202351131764,34.64456819115459,0 33.02048899213829,34.64464646671752,0 33.02089140431094,34.6448532008457,0 33.02115803479564,34.64501201562226,0 33.02153066985384,34.64524162515762,0 33.02323243773375,34.64635105172065,0 33.02375565997251,34.64670369934682,0 33.02485501341346,34.64742840302963,0 33.02607710573058,34.64816171662674,0 33.02692518668695,34.64871316791103,0 33.02706538138273,34.64882181211435,0 33.03169766000043,34.65038007806331,0 33.0319360480668,34.65038257156602,0 33.03216990357934,34.65037372608283,0 33.03241770675119,34.65031415017059,0 33.03255253796969,34.65026162198235,0 33.03265349937513,34.6502023001505,0 33.03276775967744,34.65017152362972,0 33.03290330467124,34.65020662501964,0 33.03296711466249,34.65028347157023,0 33.03298042597406,34.65034276371309,0 33.03296717029777,34.65042402398996,0 33.03291406359298,34.6505316479871,0 33.03272544794897,34.65070080014056,0 33.03269695668998,34.65072330511352,0 33.03268833326662,34.65072864418588,0 33.03267959961463,34.65073385707997,0 33.03267075682492,34.6507389437955,0 33.03266180816903,34.65074390162712,0 33.03265275691963,34.65074873057394,0 33.03264360416618,34.65075342702971,0 33.03263435318168,34.65075799189499,0 33.03262500832825,34.65076242156275,0 33.03261557069711,34.6507667169341,0 33.03260604355952,34.65077087440221,0 33.03259643018848,34.65077489486769,0 33.03258673385557,34.65077877562522,0 33.03257695674223,34.65078251577269,0 33.03256710212077,34.65078611440775,0 33.03255717326346,34.650789570628,0 33.03254717235142,34.65079288262991,0 33.03253710374815,34.6507960504123,0 33.03252696963478,34.65079907217155,0 33.03251677219304,34.65080194790715,0 33.03250651687632,34.65080467491314,0 33.03249620477624,34.65080725499216,0 33.0324858402553,34.65080968543866,0 33.03247542549489,34.65081196535049,0 33.03246496485896,34.65081409562801,0 33.0324544594377,34.65081607446795,0 33.0324439146852,34.65081790096735,0 33.03243333387413,34.65081957512532,0 33.03242271809538,34.65082109694161,0 33.03241207171217,34.65082246551349,0 33.03240139908771,34.6508236799384,0 33.03239070131291,34.650824740216,0 33.03237998384222,34.65082564634483,0 33.03236924776654,34.65082639832461,0 33.03235849853959,34.65082699435092,0 33.03234773834355,34.65082743532467,0 33.0323369693602,34.65082772124526,0 33.03232619704396,34.65082785211127,0 33.03231542248546,34.6508278270209,0 33.03230465113944,34.65082764687419,0 33.03229388518769,34.65082731167058,0 33.03228312681203,34.65082682140947,0 33.03227238146654,34.65082617518801,0 33.03226165133371,34.65082537480843,0 33.03225093968588,34.65082441936856,0 33.03223601811449,34.65082282679289,0 33.03200284513083,34.65078574453058,0 33.03192531710145,34.65077216242126,0 33.03184808756968,34.6507574650541,0 33.03177118162959,34.65074165512756,0 33.03169462001302,34.6507247389472,0 33.03161842781453,34.65070672101459,0 33.03154262794726,34.65068760673335,0 33.03145021414023,34.65066267132769,0 33.0271403711436,34.6491517894571,0 33.02713669507542,34.64915878846503,0 33.02699139224817,34.64921473501134,0 33.02688537046044,34.649218892617,0 33.02675029690105,34.64917147652013,0 33.02656926315882,34.64893399862229,0 33.02594542466927,34.64851353203883,0 33.02595634877393,34.64845533826657,0 33.02534633032329,34.64799577295011,0 33.02483390713937,34.64764480678187,0 33.02473364592169,34.64766794922421,0 33.02466735827745,34.64763844367601,0 33.02463650250034,34.64754443002207,0 33.02464376841046,34.6475219492405,0 33.02448762848417,34.64744873721494,0 33.02447652123004,34.6474435288881,0 33.02447546183,34.64744282865048,0 33.0234826437563,34.64678642338404,0 33.02338956108724,34.64678730939579,0 33.02332012660141,34.64668797503788,0 33.02226602469378,34.64598848702272,0 33.02217581299895,34.64599823133486,0 33.0220623658699,34.64593765708898,0 33.02201481712363,34.64581231660793,0 33.02141241104717,34.64544617841695,0 33.02137176804886,34.64548557574223,0 33.02148864521411,34.64556530288861,0 33.0213612484099,34.64569426043474,0 33.02126639867846,34.64562652803641,0 33.02093869774717,34.64595063185217,0 33.02088708498747,34.64597217617118,0 33.02083326977058,34.64595848106738,0 33.01918221691997,34.64485864349932,0 33.01281961149982,34.64479380887638,0 33.01267946943863,34.64555246100658,0 33.01267110875143,34.64569802215127,0 33.01279954839887,34.64595027186386,0 33.01292533010548,34.64608738371341,0 33.01292891535648,34.64620530871025,0 33.01310113013277,34.6464382329059,0 33.01335554570284,34.646937353255,0 33.01375628906733,34.64782593849431,0 33.01610930035694,34.64783610579364,0 33.01606525932984,34.64905930306436,0 33.0160634347792,34.6490615876553,0 33.01505610284617,34.6503227560131,0 33.01509614587771,34.65038632162572,0 33.01525369845955,34.65061738197602,0 33.0154395568729,34.65077823759227,0 33.01568559275022,34.65096102270877,0 33.0159192056521,34.65095514183721,0 33.01608025687896,34.65095512071044,0 33.0160855749201,34.65100045903639,0 33.0165718230807,34.65100289103749,0 33.01659258354247,34.6510029945896,0 33.01659771671901,34.65126334667161,0 33.01658264559222,34.65213679063341,0 33.0165526347828,34.65453875796911,0 33.01648662756227,34.6548201158928,0 33.0167915276303,34.65480747612238,0 33.01756905498702,34.6549375429031,0 33.01881411844588,34.65513052255104,0 33.01932739263329,34.65521862588703,0 33.0207579506213,34.65542205386348,0 33.02101968538137,34.65552279079755,0 33.02319878578363,34.65154717246202,0 33.02327350916046,34.65159060504146,0 33.02386296369489,34.65181686981597,0 33.02393449493969,34.65184237849205,0 33.02398472775931,34.65186029184272,0 33.02399263070629,34.65181303472238,0 33.02401011909122,34.65170846684603,0 33.02401083130115,34.65170420631264,0 33.02411933152735,34.65102171513617,0 33.02412402409638,34.65099028771998,0 33.02412622230753,34.6509755643166,0 33.02412653397826,34.65097446174514,0 33.02413620558977,34.6509402991548,0 33.02414998755393,34.6509134837118,0 33.02415399643482,34.65090568421584,0 33.02415991503106,34.65090025433192,0 33.02419240458916,34.65087045127832,0 33.02422793095332,34.65085134637548,0 33.02427669726056,34.65083611248631,0 33.02432995837282,34.65082981224785,0 33.02438846575062,34.65083932649954,0 33.02442854101587,34.65085748510081,0 33.02447600557442,34.65089318410229,0 33.02449817622435,34.65092566808264,0 33.02451764275947,34.65097346874467,0 33.02451744926692,34.6510165523073,0 33.02451744927514,34.65101658025316,0 33.02450897838289,34.65104539685669,0 33.0245041146731,34.65106194089006,0 33.02432733328403,34.65172832938885,0 33.02421373199081,34.65215655033867,0 33.0237451365341,34.65392291671119,0 33.02367715713672,34.65417917363681,0 33.02358750940586,34.65444290616727,0 33.02348248511353,34.65483633469987,0 33.0234404688844,34.65499791130211,0 33.02320556160206,34.65578053570809,0 33.02303697037507,34.65618698419334,0 33.02265862733541,34.65698994923353,0 33.02187396076179,34.6581964019195,0 33.02167954180857,34.65847480696259,0 33.02176466819802,34.65851639504233,0 33.02218253715299,34.65901996236221,0 33.02258595111518,34.65956333026242,0 33.0234385257373,34.66051613850846,0 33.02341921926259,34.6605582836291,0 33.02348439144553,34.66055898867226,0 33.02351302250423,34.66055878302681,0 33.02357123588251,34.66047712578976,0 33.0235961278424,34.66043766056068,0 33.02359835244422,34.6604340082411,0 33.02362828094859,34.66038485474318,0 33.02370147995652,34.66026463559937,0 33.02372228774167,34.66026570250971,0 33.02373183413143,34.6602663064458,0 33.02381727958862,34.66009751138319,0 33.02420805826979,34.66054733077181,0 33.02447409749698,34.66094806053132,0 33.02432796510508,34.66107915931444,0 33.02472434817488,34.66143019907899,0 33.025681932555,34.66201461069773,0 33.0258002106852,34.66212964409414,0 33.02635655281289,34.66238156848794,0 33.02657001520571,34.66242685298992,0 33.02679720270743,34.6624273901373,0 33.02702807353029,34.66234397409119,0 33.02736365530031,34.66237835103657,0 33.0275447597116,34.66242417115801,0 33.02760909148857,34.66245230977079,0 33.02760326767667,34.66246571066,0 33.02782189655169,34.66255544909396,0 33.02807768935148,34.66292274367972,0 33.02816120121499,34.66304523708974,0 33.02816860317988,34.66305608917549,0 33.0281483442466,34.66313487762403,0 33.02827427606773,34.6636594365525,0 33.02839321362762,34.66379039005249,0 33.02844769843847,34.66376581839035,0 33.02856664414875,34.66391928432446,0 33.02851711580833,34.66394999394451,0 33.0288209819262,34.66434816567189,0 33.02908209026324,34.66461499880307,0 33.03003859127238,34.66570559281092,0 33.03009309499634,34.66573423103486,0 33.03016248020041,34.66581505389616,0 33.0303582272582,34.66599305705884,0 33.03049574425874,34.66611070162545,0 33.03059485316412,34.66618844636521,0 33.03120507762657,34.66672663606309,0 33.0312785642314,34.66669211318337,0 33.03156262137185,34.66690734525483,0 33.03151086986606,34.66699292868186,0 33.03195712543276,34.66738468476439,0 33.03230999385507,34.66769445477475,0 33.03235591713094,34.66775119420021,0 33.0324560324933,34.66790740803258,0 33.0327044077757,34.66806082087626,0 33.03285419018584,34.66814848262695,0 33.03287882091302,34.66811872002609,0 33.03342675701096,34.66843179381225,0 33.03344383008682,34.66846311185761,0 33.03356328013984,34.66853981818296,0 33.03382964541328,34.66868313082508,0 33.03397355090142,34.66878867362092,0 33.03425912582605,34.66897500476343,0 33.03436814286338,34.66902743824843,0 33.03439564024698,34.66905718735269,0 33.03473455391141,34.66923817007693,0 33.03478470819003,34.66925416420854,0 33.03492492672508,34.66932568968517,0 33.03500818442999,34.66936500987325,0 33.0350671191087,34.66930346532364,0 33.03522711654114,34.6693670634827,0 33.03535746702229,34.66944496024649,0 33.03543398576707,34.66947531330175,0 33.03559913172408,34.66956191606982,0 33.03570250582153,34.66936463364861,0 33.03571516657763,34.66934047215801,0 33.03576376863586,34.66924771845679,0 33.03579827895322,34.66925663926258,0 33.03581465094253,34.66927397436618,0 33.03581740967807,34.6692749002742,0 33.03584977053846,34.6692788049768,0 33.03576040759818,34.66905631872613,0 33.0357426612879,34.66901202624568,0 33.03570155011949,34.66881294706512,0 33.03570475094659,34.66872025624645,0 33.03572766787856,34.66870341895458,0 33.03577741107919,34.66872796060618,0 33.03577899969928,34.66873296243677,0 33.03578131707131,34.66874025110105,0 33.03580246401037,34.66880663417842,0 33.03582573571356,34.66885353119862,0 33.03587103189119,34.66883807647861,0 33.03595864590984,34.66880818383112,0 33.0360061564363,34.66878893318888,0 33.03608597769314,34.6687565907329,0 33.03618893546773,34.66870839429239,0 33.03628830116692,34.66865511450251,0 33.03634092974558,34.66861800033722,0 33.03637062158482,34.66859706188803,0 33.03641260744617,34.66856242812504,0 33.03644645875291,34.66853450376963,0 33.03652246518952,34.66846010915714,0 33.03658398300752,34.66838881091144,0 33.03663526680962,34.6683189310286,0 33.03668824494554,34.66823158899962,0 33.03671583758276,34.66817917782186,0 33.03674121090435,34.66811691415987,0 33.03675960041097,34.66805295782051,0 33.03677115912215,34.66798787669137,0 33.03677539631096,34.66792223885307,0 33.0367724648715,34.66785632371822,0 33.03676221256131,34.667791249164,0 33.03674513039351,34.66772702405541,0 33.03672090221293,34.66766420740075,0 33.03669001940362,34.66760365545139,0 33.03665964511273,34.66755802279059,0 33.03662467835333,34.66751464519482,0 33.03658544658376,34.6674738110346,0 33.03646692111543,34.66737355718619,0 33.03644748876965,34.66738342515896,0 33.03637792979158,34.66741874778563,0 33.03624697287857,34.66750911481776,0 33.03620246376776,34.66755123604805,0 33.03613367145248,34.66765411501766,0 33.036102975825,34.66772224875138,0 33.03605477262217,34.66775050629914,0 33.03602720192752,34.66775341720584,0 33.03598437500222,34.66772478090407,0 33.03596149340107,34.66769638210486,0 33.03598580157904,34.66759222725776,0 33.03604178408526,34.66748811713381,0 33.03612093152403,34.66738686682001,0 33.03612446847557,34.66738352129113,0 33.03623761915271,34.66727650939505,0 33.03645049620533,34.66716507742461,0 33.03647516129119,34.66716254230581,0 33.0365010767045,34.66715987879792,0 33.03655281273938,34.66715238103649,0 33.03661521892249,34.66714336556726,0 33.03666459485496,34.66712829605697,0 33.03670648059139,34.66712588552448,0 33.03675893045452,34.66712894376098,0 33.03680254337699,34.66713393380419,0 33.03689104207662,34.66713549365982,0 33.03695812391572,34.66716423948829,0 33.03704742400277,34.66717671587866,0 33.03709307709082,34.66718123642973,0 33.03726673095717,34.66722210153492,0 33.03728311400347,34.66723023145826,0 33.03730960604729,34.66724337951546,0 33.03741766202252,34.6672970041387,0 33.03746429248566,34.66731534389874,0 33.03747075256383,34.6673414306685,0 33.03745975342981,34.66736354728796,0 33.03753665348984,34.66738309471101,0 33.03755174280661,34.66738693035818,0 33.03755517691447,34.66738308900693,0 33.03770331655592,34.66721740583618,0 33.03732485079104,34.66709511066646,0 33.03728614391476,34.66708157420555,0 33.03707739763166,34.66700857221744,0 33.03705614676985,34.66696734510084,0 33.03704246562074,34.6669206617423,0 33.03704585088528,34.66690267623909,0 33.03704700556847,34.66687397284682,0 33.03704030763419,34.66682789135521,0 33.03704020573183,34.66677053037637,0 33.03705286359524,34.66674898121935,0 33.03705456698754,34.66670289717416,0 33.03701325093151,34.66668548416403,0 33.03698315724292,34.66667676699393,0 33.0368812241669,34.66664723842355,0 33.03694958383615,34.66658141888602,0 33.03708867309305,34.66650459781931,0 33.03713497548022,34.66648572571845,0 33.03726221012217,34.6664338690731,0 33.03736308790636,34.66637811787794,0 33.03740722501541,34.66631211619103,0 33.03743244709482,34.66627988062913,0 33.03746277814245,34.66625377353935,0 33.03749964672426,34.66623214477475,0 33.03754510559752,34.66621840128245,0 33.03759654798745,34.66621450006294,0 33.03778945224465,34.66621964195379,0 33.03790690609794,34.66624295376248,0 33.03799053505509,34.66628657727551,0 33.03806980897162,34.66635025996525,0 33.03819564874946,34.66643462594752,0 33.0382380061933,34.6664481104936,0 33.03827668066167,34.66629420262671,0 33.0382982797743,34.6662068715197,0 33.03830533673747,34.66617345333378,0 33.03825626653403,34.66616577553065,0 33.03822004050829,34.66612256825546,0 33.03822379204958,34.666104502371,0 33.03823279748263,34.66606113306867,0 33.03824453812734,34.66603180342038,0 33.03826785479241,34.6660043262805,0 33.03830681929869,34.66592881439767,0 33.03834389853532,34.6658726172515,0 33.03859410477661,34.66562777812884,0 33.03882395108185,34.6655226181101,0 33.0392861178495,34.66546777291867,0 33.03949301658444,34.66542447662087,0 33.0395415671072,34.66542064763524,0 33.03962113761617,34.66544194175072,0 33.03964570026849,34.66547072696218,0 33.03965413666246,34.66554460932497,0 33.03961028106683,34.66557853716795,0 33.03915748957842,34.6656267321795,0 33.03899309841498,34.66564965534985,0 33.03877579286956,34.66574812994584,0 33.03867260930933,34.66581589072786,0 33.03851172905245,34.66599993051654,0 33.0385023173151,34.66603733398973,0 33.03848792724975,34.66607526459489,0 33.03848629319698,34.66609259060764,0 33.03848469606413,34.66610953618513,0 33.03848344615206,34.66611052550051,0 33.03845407102575,34.66613377035203,0 33.03841961048773,34.66615722774463,0 33.03837618431895,34.66618249180619,0 33.03832068031691,34.66617541102902,0 33.03831516667962,34.66619815343396,0 33.03825338608689,34.66645300700244,0 33.03842685599898,34.66638107765421,0 33.03844812674176,34.66641695876785,0 33.03825573081454,34.66649811620029,0 33.03833681726326,34.66663489895337,0 33.03826162045149,34.66682565717269,0 33.0381564827857,34.66701391860614,0 33.03803378248692,34.66723556713032,0 33.0382187098621,34.66730453542611,0 33.03819856284601,34.66734005093299,0 33.03797357984127,34.66725534627909,0 33.03786289868525,34.66721672535012,0 33.03784223115272,34.66725957898615,0 33.0377825134687,34.66732630683131,0 33.03767656469364,34.66734145739196,0 33.03763942756405,34.66738306302737,0 33.03760186290592,34.66742514656608,0 33.03775311838078,34.66751619411087,0 33.03776736063618,34.6675503881442,0 33.03777568491763,34.66757037492371,0 33.03756036406453,34.66809173871751,0 33.03748180828421,34.66809914599077,0 33.03745577343236,34.66816914468487,0 33.03754604031381,34.66821794092834,0 33.03733438113441,34.66863903183608,0 33.03730191478906,34.66879618727166,0 33.03727531880683,34.6690271268022,0 33.03729463920634,34.66909308197395,0 33.0373284537777,34.66908560649403,0 33.03775493318299,34.66899132580849,0 33.03771174040187,34.66878407155355,0 33.03772820524247,34.66873598166852,0 33.03801689535506,34.66862738118864,0 33.03808366935188,34.66871908565111,0 33.03824857544316,34.6685920429421,0 33.03814719768815,34.6685375533631,0 33.03815721541233,34.6682787811975,0 33.03816709247791,34.66807031149504,0 33.03829919344665,34.66774197909143,0 33.03842039197618,34.66762568554526,0 33.03852588768276,34.66752461557962,0 33.03862911982851,34.66738275348673,0 33.03865469610118,34.66734760579357,0 33.03880735566815,34.66705474843254,0 33.03886485914797,34.66692159091789,0 33.03894119344425,34.66669286173646,0 33.03920839961292,34.66671720614212,0 33.03921544419139,34.66666281774187,0 33.03891745176045,34.66660000812357,0 33.03892089075999,34.66658583219414,0 33.03901469723197,34.66619912606189,0 33.03933499851642,34.66618788088856,0 33.03963763004595,34.66630321707751,0 33.03960085750867,34.66666320701443,0 33.03954088618222,34.66669742853239,0 33.03951554556327,34.6666945547243,0 33.0392647734799,34.66666611930316,0 33.03925779416439,34.66672001187264,0 33.03928521806922,34.66672607358878,0 33.03957544118225,34.66679022442413,0 33.03948293807768,34.66710971997963,0 33.03941691867411,34.6673217327598,0 33.03939153052647,34.66738250955319,0 33.03938204224805,34.66740522263561,0 33.0393181668242,34.66755818609229,0 33.03928078808687,34.66760880707707,0 33.03912012449372,34.66774761411916,0 33.03903953432403,34.66783651659612,0 33.03891959810863,34.66797009978309,0 33.03888640168736,34.66805228904201,0 33.03883427203932,34.66818271786224,0 33.0387355034611,34.66842883002374,0 33.03871321340133,34.66857210887253,0 33.03869354682669,34.66870246871366,0 33.03872199152942,34.66879530281484,0 33.038668225421,34.66889719580966,0 33.03859670909313,34.6689099022533,0 33.03837147325083,34.66879570210509,0 33.03831106970925,34.6688435444624,0 33.03842119074115,34.6689990957474,0 33.03821151501361,34.66910786445496,0 33.03806961966473,34.66918054716287,0 33.03790757227986,34.66916698534907,0 33.03785609276659,34.66909325150258,0 33.03782266671369,34.66908400460806,0 33.03777032059805,34.66906952418208,0 33.03768180743853,34.66908880351513,0 33.03731528418745,34.66916863746764,0 33.03741472134523,34.66944216291586,0 33.03745341416845,34.66954563789621,0 33.03757152173833,34.66958081325063,0 33.03771259704404,34.66957654627569,0 33.03785332133132,34.66957301845771,0 33.03787186267682,34.66958015239783,0 33.03787469750009,34.66958276489918,0 33.03787594727024,34.6695885258506,0 33.03783700240479,34.66966866122056,0 33.03787910845197,34.66967769086223,0 33.03787435374204,34.66969532973711,0 33.03791290773993,34.66970811512218,0 33.03791446500332,34.66970863118426,0 33.03796047796256,34.66961627406863,0 33.03796384842541,34.66961387509031,0 33.03796962026613,34.66961348565786,0 33.03802944443954,34.66963327246273,0 33.03803221695672,34.66963562445294,0 33.03803257957604,34.66964120448257,0 33.03800326460853,34.66974184820689,0 33.038029201809,34.66975178431235,0 33.03816553064831,34.66978480518543,0 33.03831776705376,34.66952633011785,0 33.03844175792088,34.66947098547077,0 33.03839671029081,34.66940997868432,0 33.0384866141449,34.66937748814943,0 33.03849430805695,34.66938790859824,0 33.03850184918296,34.6693841091957,0 33.03853527792555,34.66942937622117,0 33.03868551841283,34.66936431772407,0 33.03868004072383,34.66935430495334,0 33.03867828908729,34.66935110436398,0 33.038697301414,34.66934329424421,0 33.03875937290463,34.66931779517976,0 33.03878371210974,34.66930779636959,0 33.03876911369585,34.66928353775719,0 33.03875976761439,34.66926800737726,0 33.03890985428806,34.66920635262848,0 33.03903261293346,34.6694103446945,0 33.0390022181081,34.66942283176517,0 33.03889502560221,34.66946686710273,0 33.0389664542688,34.66958760525702,0 33.03912225673161,34.66963756029335,0 33.03924502642391,34.66963113838018,0 33.03924362054035,34.66958606588318,0 33.03924313197318,34.66957040648303,0 33.03931330160027,34.66957001427183,0 33.03931412321838,34.66958388593536,0 33.03931670026195,34.66962739218831,0 33.0399151231891,34.66960200146191,0 33.04002577142042,34.66950686837615,0 33.04002420694159,34.6694527982971,0 33.0400216975364,34.6692716202626,0 33.0400440325427,34.66927140558928,0 33.04004379367581,34.66926024808605,0 33.04004266414449,34.66920761481666,0 33.04004242529533,34.66919649337242,0 33.04001675162863,34.66919697056963,0 33.04000300419825,34.66853989741789,0 33.04053357375143,34.66862555182588,0 33.04054996210811,34.66855826012083,0 33.04071050018918,34.66787678540054,0 33.04071823200452,34.66784396363703,0 33.04081872029028,34.66741796397934,0 33.04082723826408,34.66738203725532,0 33.04087560100827,34.6671780527841,0 33.04060413884842,34.66713382686142,0 33.04064684137352,34.66694978503763,0 33.03999844690531,34.66684444547887,0 33.04001075107474,34.66679230900201,0 33.0406603450088,34.66689696297356,0 33.04071953224544,34.66664341170751,0 33.04191598808791,34.66683745494294,0 33.04190377274617,34.66689029473313,0 33.04122855715962,34.66678251891221,0 33.04112445320207,34.66721636302383,0 33.04096211945418,34.66719059034275,0 33.04091694762923,34.66738200718284,0 33.04067382934933,34.66841222463215,0 33.04064777790476,34.66852114348313,0 33.04049516846009,34.66916709992373,0 33.04049973692251,34.6691827390336,0 33.04047756059855,34.6691950876192,0 33.04045537872969,34.6692858286485,0 33.04047358387351,34.66929683865616,0 33.04049053763064,34.66931481749436,0 33.04076635261115,34.66938770015161,0 33.04066150992302,34.66986206532155,0 33.04103115256254,34.67011205626538,0 33.04132414147649,34.67011194829669,0 33.04136724212922,34.67000461285012,0 33.04136922623941,34.66967186800962,0 33.04140679786106,34.6695271501653,0 33.0414117191013,34.66952775248348,0 33.04141595631217,34.66951101782767,0 33.04142867337531,34.66946078410852,0 33.04143147312994,34.66944972293539,0 33.0414265736806,34.66944904849244,0 33.04150863764811,34.66914495236978,0 33.04159370817303,34.66881041226867,0 33.04170395663086,34.66838066748983,0 33.0418245817235,34.66791036156034,0 33.04183957192521,34.66788574608797,0 33.04200988330526,34.66771714733341,0 33.04231673969752,34.66741108883369,0 33.04234598768393,34.66738151923722,0 33.04258322058524,34.66714167969567,0 33.04288450726293,34.66683374661167,0 33.0430493268016,34.66666623008196,0 33.04306277125382,34.66664967420847,0 33.04316763683156,34.66646397784407,0 33.04317507913947,34.66644517940365,0 33.04322658293261,34.66624461847302,0 33.04322848193767,34.66622464105826,0 33.04322127268524,34.66601981890658,0 33.04321738923859,34.66600028526489,0 33.04315261850743,34.66580174875983,0 33.04314311669265,34.66578338902424,0 33.04301073521725,34.66561035209819,0 33.04299417609895,34.66559555567623,0 33.04279618169284,34.6654708698457,0 33.0427750646333,34.66546121341575,0 33.04224642060066,34.66532918701969,0 33.04171223526166,34.66519637593819,0 33.04101115310316,34.66502087970559,0 33.04093443171444,34.6652243149101,0 33.04087243005183,34.66520891142689,0 33.04080987443896,34.66537657116483,0 33.04077721134124,34.66538337923428,0 33.04072425339118,34.66520960105697,0 33.04064320921289,34.66494112296984,0 33.03955843241316,34.66470360680805,0 33.03956204919475,34.66469199460121,0 33.03945089819113,34.66468079820235,0 33.0393013636409,34.66469207890569,0 33.03907026902172,34.66469545258308,0 33.0388983394758,34.66469286622357,0 33.03876881000807,34.66471735555386,0 33.03868085196459,34.66472333324225,0 33.03861207666845,34.66471013937713,0 33.03857048127835,34.6646771133826,0 33.03854087140236,34.66463286018768,0 33.03853124597206,34.66458066766727,0 33.03854481540017,34.66452648456436,0 33.03858718255004,34.66448285766894,0 33.0386828692488,34.66443908764754,0 33.0390757782826,34.66443859275729,0 33.03969211299309,34.66448443214993,0 33.04009338949577,34.66457225534344,0 33.04041891686245,34.66464149224178,0 33.04075582917468,34.66472034052806,0 33.04090978167243,34.66475208409106,0 33.04105772818757,34.66477309288223,0 33.04217529321441,34.6650687837618,0 33.04251182883083,34.6651511250524,0 33.04264874425797,34.66516905270313,0 33.04286114529503,34.66519857373526,0 33.04305950515686,34.66529259106765,0 33.04325022605342,34.66544581082126,0 33.04338977621488,34.66561912439901,0 33.043507610151,34.66584637195071,0 33.04356657142349,34.66605460122481,0 33.04355648376801,34.66633474797941,0 33.0434569233777,34.66660693955278,0 33.04339325727374,34.66672939187899,0 33.04334615326509,34.66687212152439,0 33.04332942685794,34.66699766721242,0 33.04332452315354,34.66713529750662,0 33.04333527689931,34.66720445052101,0 33.04334307920811,34.66725462848464,0 33.0433756121049,34.6673528959754,0 33.04338989500793,34.6673811522078,0 33.04344865958256,34.66749740382621,0 33.04353440283776,34.66763273907318,0 33.04358324456473,34.6677661853361,0 33.04359369909982,34.66787387207292,0 33.04360019936288,34.66805622958071,0 33.04360264632508,34.66816590242479,0 33.04362187962035,34.66820220704717,0 33.04362714725681,34.66823930094952,0 33.04362069203646,34.66826793417516,0 33.04359761806619,34.66831497249358,0 33.04354815605968,34.66835215807482,0 33.04349068565209,34.66836910832991,0 33.04342121301838,34.66836500432582,0 33.04335721421779,34.66833322298594,0 33.04330820264374,34.66827171458637,0 33.04330317381643,34.66821101089744,0 33.04332215031243,34.6681734305859,0 33.04332195315606,34.66798331812283,0 33.04331449111329,34.6678805343377,0 33.0433011917515,34.66784070278142,0 33.04324870785988,34.66775248481425,0 33.04315151216799,34.66766636506825,0 33.04299906337691,34.66755835884343,0 33.04290466557234,34.66750157198292,0 33.04284454667288,34.66748504019704,0 33.04282068332222,34.66747847861358,0 33.04271592161372,34.6674666248755,0 33.04260797115815,34.66747062914786,0 33.04250563485494,34.66750766149663,0 33.04241928935043,34.6675572457759,0 33.04232976734134,34.66764713614665,0 33.04199792363959,34.6679740905052,0 33.04194546642617,34.66802283340851,0 33.04191747909904,34.66803234370239,0 33.04190888708072,34.66803309578361,0 33.04158623518745,34.66929302057983,0 33.04148649441274,34.66968301549266,0 33.04153615227584,34.66975061837482,0 33.04158469657742,34.66975131399397,0 33.04158491646574,34.66977211369752,0 33.04158534932706,34.66981297479712,0 33.0415753409146,34.66984444155989,0 33.0415487559395,34.66992790755742,0 33.04153115462391,34.66996862425394,0 33.04151000788951,34.67003272286095,0 33.04147776259661,34.67013046024588,0 33.04151178164682,34.67014346058587,0 33.04148134144496,34.67023544863706,0 33.0414733424368,34.67025961995444,0 33.04148429440806,34.67027340972674,0 33.041529448654,34.67028895564882,0 33.04157718470805,34.67029613136213,0 33.04158045724589,34.67029662335396,0 33.04160074996029,34.67023753002875,0 33.04167508696641,34.67002105642386,0 33.04176316134231,34.67005352903784,0 33.04171556271505,34.67019837301135,0 33.04174065762024,34.67020072448906,0 33.0417653520912,34.67020309142391,0 33.04181519278487,34.67020786749304,0 33.04187538745287,34.6702131763648,0 33.04203564086183,34.66956871933922,0 33.04205273644498,34.66947575493636,0 33.0421019076032,34.66940236765228,0 33.0422251600175,34.66930119553071,0 33.04237841659369,34.66923632435386,0 33.04240104224439,34.66921980863944,0 33.042431170743,34.66921470210803,0 33.04247255560223,34.6692168674699,0 33.04250510325254,34.66923557169266,0 33.04251245814835,34.66928838035886,0 33.04248098211728,34.66932558176579,0 33.0424207567924,34.66932958455915,0 33.04233398511771,34.66939460400208,0 33.04224059650456,34.66949133603121,0 33.04218232784034,34.66966407829901,0 33.04208674042987,34.67012817364549,0 33.04234282069173,34.67030333840167,0 33.04314066455782,34.67084907602445,0 33.04322854370412,34.67090622917754,0 33.04333871181937,34.67087996520394,0 33.043500802615,34.67044456537739,0 33.04379843918237,34.66964505070575,0 33.0424187615941,34.66870965027297,0 33.04236964645148,34.66870954024262,0 33.04233832905103,34.66869149723901,0 33.04232318190804,34.66866281749519,0 33.04232837455851,34.66862649517815,0 33.04230895998636,34.66860828937384,0 33.04247877841998,34.66846263094633,0 33.04413280646035,34.66955724436438,0 33.04378039197059,34.6705159875737,0 33.04421499760957,34.67013529029492,0 33.04419054086061,34.67011425238007,0 33.04427206840332,34.67004404552831,0 33.04435719813676,34.66997073803304,0 33.04447226804653,34.67005042994635,0 33.0443037676263,34.67020368377367,0 33.04427931421139,34.67018489055318,0 33.04417024322382,34.67028184158899,0 33.04384585889738,34.67057017976757,0 33.04371354244417,34.67068779158105,0 33.04367184423528,34.67081146480619,0 33.04403762555883,34.67115640953701,0 33.04472528073551,34.67054077327849,0 33.04470161545775,34.67052094495926,0 33.04477971870722,34.6704542457732,0 33.04479952123643,34.6704697457035,0 33.04495414803444,34.670592027311,0 33.04488234278016,34.6706546207664,0 33.04482995037346,34.67061503455866,0 33.04472319855886,34.67071076733433,0 33.04412876457,34.67124384326775,0 33.04470519277196,34.67174073006533,0 33.04632170251743,34.67314423495698,0 33.04905124944983,34.67552427987277,0 33.05070452837031,34.67696010274194,0 33.05179934708939,34.67791781478792,0 33.0519517181426,34.6778386436498,0 33.05200582843624,34.67783457836099,0 33.05205138697622,34.67785698492912,0 33.05206309716374,34.67789746340105,0 33.05186079432997,34.678688404327,0 33.05241937178504,34.67908350302984,0 33.0526127889844,34.67921267958086,0 33.05277807599693,34.6793288056238,0 33.0534572915621,34.67861549928568,0 33.05366771732237,34.67839450833782,0 33.05370144871896,34.67841689875912,0 33.05348655395802,34.67864233149269,0 33.05280702821372,34.67935516935778,0 33.05286099123427,34.67939434122373,0 33.05309887381494,34.67953712350867,0 33.05341458116917,34.67977558089931,0 33.05388446023343,34.68013803135801,0 33.05421492810139,34.68033624727925,0 33.05434861727285,34.68041487933588,0 33.05479186487818,34.68068082708104,0 33.05544649197873,34.681022630136,0 33.05656469889934,34.68169761069107,0 33.05652692982454,34.68174101170239,0 33.05698122761454,34.68202292854865,0 33.05890511331047,34.68315276750863,0 33.05953533610099,34.68352978536758,0 33.05971844315917,34.68364048705841,0 33.06026439861981,34.68397591676984,0 33.06034388453376,34.68401731103092,0 33.06056472031644,34.68413553629799,0 33.06058160508753,34.6841445760097,0 33.06058922648938,34.68414865590234,0 33.06103887579833,34.68443920044522,0 33.06109325036467,34.68452819743859,0 33.06106499968492,34.68457451313797,0 33.06284768476355,34.68555135902744,0 33.06369262410825,34.68599405827307,0 33.06405988801065,34.68615368010605,0 33.06449643894227,34.68632297847367,0 33.066267222305,34.68702485320258,0 33.06651417410922,34.68710216164643,0 33.06745436929427,34.68743850606444,0 33.06772544634933,34.68757568452755,0 33.06854043400025,34.68785285417334,0 33.06938853888403,34.68806973055135,0 33.06972325188015,34.68817684561689,0 33.07004147687429,34.68825091939345,0 33.07036092848361,34.68830875247566,0 33.07053983770759,34.68835994835155,0 33.0707528872971,34.68842404317621,0 33.07082609978426,34.68832715349389,0 33.07087527224776,34.68824131359308,0 33.07089169163451,34.68821423007308,0 33.07090259865197,34.68819623841927,0 33.07094958385839,34.68801955731092,0 33.07100359854074,34.68792241004985,0 33.07104940309507,34.6878728563696,0 33.07112413763509,34.68783007750029,0 33.07123470880695,34.68775013871414,0 33.0712651936156,34.68773606871508,0 33.07129944528782,34.68773670585892,0 33.0713354658097,34.68776505507653,0 33.07133257595842,34.68779311875679,0 33.0712401785987,34.68786724782733,0 33.07122492444287,34.68789372221977,0 33.0711789398645,34.68791389793034,0 33.07112078517742,34.68796812850173,0 33.07109598793605,34.68801992454334,0 33.07110327253427,34.68805029095721,0 33.07111893709467,34.68805442859925,0 33.07111135502538,34.6880731196799,0 33.07106433977232,34.68805973406677,0 33.07106961397273,34.68813467774623,0 33.071075735768,34.68821425721153,0 33.07109969863851,34.6882868118999,0 33.07112883223303,34.68833105727951,0 33.07117875650743,34.68837547982203,0 33.07130584536196,34.68846392127793,0 33.07136736298438,34.68849896162919,0 33.07145389697204,34.68853654747279,0 33.07163112186223,34.68861005781969,0 33.07167423304415,34.68862522141234,0 33.07178823765136,34.68862052344819,0 33.07194252998225,34.68857533173116,0 33.07214460465934,34.68850657946753,0 33.07224017179,34.68845945960901,0 33.07221056788299,34.68837580232924,0 33.07214052840045,34.68824488666458,0 33.07212749546141,34.68820349688466,0 33.0720894946362,34.68815361466154,0 33.07206472523444,34.68809332880465,0 33.07212820041004,34.68805996466316,0 33.07218442526616,34.68807018925266,0 33.07222736911235,34.68812033264976,0 33.07232925721782,34.68834335100753,0 33.07236957336241,34.68839483640334,0 33.07238790149042,34.68850111742347,0 33.07238447312272,34.68853578203777,0 33.07233692121351,34.68864874152511,0 33.07230724280642,34.68870427100323,0 33.07248060188589,34.68880259818165,0 33.07272528316446,34.68891914824307,0 33.07293739397111,34.6890130587572,0 33.0731455580597,34.68907753544018,0 33.07306814489674,34.6891671604364,0 33.0730681263616,34.68916718118142,0 33.07309612259654,34.68917370999738,0 33.07316511778099,34.68921412134232,0 33.07317602885545,34.68921727445831,0 33.07319393320783,34.68922385348235,0 33.07320948111295,34.68923147962888,0 33.0732287149883,34.68923583120858,0 33.07324278893059,34.68924276410146,0 33.07325078725084,34.68924729461025,0 33.07325739883249,34.68925103986671,0 33.07327460652122,34.68925966564336,0 33.07328952292018,34.68926896890074,0 33.07330892092005,34.68927378012079,0 33.07332382400323,34.689280351916,0 33.07333700560837,34.68929020611023,0 33.07335112929885,34.68930402622131,0 33.07336807429849,34.6893117686983,0 33.07338350086405,34.68931789844883,0 33.07339858236067,34.68932875212852,0 33.073412997437,34.68933883094012,0 33.07342973687093,34.68934859283385,0 33.07344345339359,34.68935858191527,0 33.07345363512371,34.6893700064689,0 33.07346312893855,34.68938103478774,0 33.07347603972305,34.68939314281474,0 33.07348825118523,34.68940429569964,0 33.07350267545432,34.68941240026714,0 33.07351761072125,34.68941829591363,0 33.07353323370182,34.6894243534087,0 33.07354738813204,34.68943584767551,0 33.07355935869349,34.68944608119518,0 33.07357389353425,34.68945579031097,0 33.0735877281572,34.68946353463468,0 33.07360563106311,34.68946838276891,0 33.0736216116685,34.68947156433492,0 33.07363960202409,34.68947656566188,0 33.0736584570143,34.68948432497376,0 33.07367428891288,34.68949211315428,0 33.0736924900252,34.6895009365953,0 33.07371330104736,34.68951146224082,0 33.07373237380064,34.68951862643677,0 33.07374934784733,34.68952211388613,0 33.07376428478265,34.68952984850798,0 33.07377687713466,34.68953970301078,0 33.07378758261896,34.68955092889485,0 33.07383077820503,34.68957289058662,0 33.07386426788339,34.6895810187184,0 33.07392817681995,34.68962753208258,0 33.07402980200081,34.68965956287028,0 33.07429397753149,34.68970363745358,0 33.07440129084667,34.68971328086815,0 33.0747192482857,34.68977964217986,0 33.0748294874203,34.68980226464667,0 33.07492275885074,34.68984061013366,0 33.07500492187322,34.6898615900833,0 33.0752590701153,34.68992648467438,0 33.07534796501749,34.68991619802534,0 33.07549177530554,34.68991454948908,0 33.07564963426989,34.68998769636062,0 33.07571929077401,34.68999237683018,0 33.07579090132294,34.69000953244217,0 33.07584329071771,34.69004856972807,0 33.07587600062629,34.69006168384291,0 33.0760010997428,34.69007840035844,0 33.07621987316094,34.69013136956653,0 33.07641322592631,34.69018162285542,0 33.07649396226722,34.69021224936471,0 33.07678199673191,34.69033701251727,0 33.07697690799067,34.69039580088408,0 33.07712067086072,34.69047161409215,0 33.07744660249783,34.69059867748476,0 33.07779652244689,34.69067741471913,0 33.07788741100877,34.69072103307209,0 33.07795962785071,34.69074463435926,0 33.07804075544039,34.69077114706722,0 33.07813147653402,34.69078728842747,0 33.07822304261671,34.69081989910153,0 33.07835256331889,34.69084800498938,0 33.07843039425593,34.69087476475739,0 33.07859100164007,34.69095278300837,0 33.07869664824773,34.69098657419067,0 33.07892456242531,34.69101827588288,0 33.07905067574116,34.69105839807425,0 33.07912196900624,34.6910810797669,0 33.07934439352834,34.69112387236207,0 33.07949185804385,34.69116373859982,0 33.07967500168414,34.69123774448494,0 33.07995947596786,34.69135269710065,0 33.08001816616243,34.6913696693897,0 33.08006701045192,34.69139645615108,0 33.08026449936556,34.6914635851983,0 33.08040440568788,34.69150780040854,0 33.08052078553742,34.69152243562662,0 33.08060088138861,34.6915424494863,0 33.08068692708084,34.69158664588919,0 33.08084944358804,34.69163775991898,0 33.08098610753288,34.69166922977514,0 33.08127280972867,34.69178117322333,0 33.08130483338252,34.69179407899504,0 33.08132090466758,34.69179994588028,0 33.08134268494064,34.69180674648585,0 33.08135842771438,34.69181149575828,0 33.08139280623382,34.6918217405881,0 33.08148527301202,34.6918466045453,0 33.08170280323949,34.69188121973633,0 33.08188147001245,34.69192845423816,0 33.08216922010666,34.69198319637706,0 33.0823103624642,34.69202827397541,0 33.08258881909583,34.69209878816844,0 33.08271028028037,34.69211850216031,0 33.08302015524248,34.69220673503813,0 33.08322037576701,34.69223991694922,0 33.08336776846829,34.69224787539262,0 33.08348667758611,34.69223641740534,0 33.08367202294393,34.69219424558602,0 33.08375460453507,34.69221019903305,0 33.08377150144761,34.69223366178803,0 33.08385754403184,34.69228321971448,0 33.08400940403967,34.69231602792934,0 33.08435911402353,34.69236821607324,0 33.08468543572921,34.69237789696701,0 33.08482366576568,34.69236921881684,0 33.08485813365844,34.69235944989666,0 33.08499305297472,34.69235785042539,0 33.08530211441111,34.69247968498922,0 33.08543742399705,34.69251782169795,0 33.08562409269955,34.69254224683531,0 33.08575014452105,34.69253536110653,0 33.08586291870878,34.69253327593285,0 33.08592349131285,34.69253215598466,0 33.08600818190934,34.69251819553101,0 33.08603732041398,34.69250534699951,0 33.08607189201953,34.69237443767404,0 33.08611404700785,34.69226282352329,0 33.0861582753819,34.69207729608633,0 33.08616457169543,34.69200246934221,0 33.08618629699758,34.69195580273203,0 33.08623416613446,34.69192406405245,0 33.08626811893738,34.69193362268778,0 33.08629674945772,34.69195735624432,0 33.08629495043247,34.69200116011147,0 33.0862459547085,34.69211475339689,0 33.08614535146052,34.69246554276056,0 33.08618895089095,34.69250502802065,0 33.08623255036283,34.69254451326483,0 33.08646286657971,34.69264371048439,0 33.08654626681184,34.69267242631923,0 33.08664466424565,34.69270630589304,0 33.086830013457,34.69274152075543,0 33.08691850312398,34.69274822323847,0 33.08702102742171,34.69275598839067,0 33.0872092689896,34.69272859329033,0 33.0873842600293,34.69269029055845,0 33.08749829008883,34.69277171996458,0 33.08753931314555,34.69278912409894,0 33.08773262122774,34.69281263164933,0 33.0881268623701,34.69301510929669,0 33.08846954332532,34.69323011210776,0 33.08858862765888,34.6933005027842,0 33.08881724000639,34.6933827130219,0 33.08884388760835,34.69340038861718,0 33.08890507798666,34.69343446565838,0 33.08901621265127,34.6934800712006,0 33.08913370215529,34.69350772366296,0 33.08913727858922,34.6935075479645,0 33.08916772029119,34.69350604908379,0 33.08919427904561,34.693514050057,0 33.08920780516797,34.69351812473238,0 33.08923512708726,34.69352635501372,0 33.08925443845738,34.69355035611812,0 33.08934866950848,34.69359813726933,0 33.08948977374698,34.69362192278317,0 33.08958549531118,34.69361647066697,0 33.08964800410259,34.6936126286011,0 33.08972768089158,34.69363485889213,0 33.08978066724232,34.6936848741678,0 33.08993330245465,34.69373461580335,0 33.09012230551063,34.69381249508515,0 33.09042412597891,34.69395824256332,0 33.09057123577252,34.69404673641505,0 33.09060514427217,34.69405645343137,0 33.09062143581512,34.69406112266867,0 33.09065391574656,34.69407594938146,0 33.09089177611936,34.69418452503481,0 33.09090599687554,34.69419085719306,0 33.09103170407914,34.69425511862497,0 33.0916784367499,34.69458572145489,0 33.09168506556445,34.69458911051416,0 33.09174543284612,34.69463307680023,0 33.09175465938487,34.69464543445774,0 33.09179471640848,34.69466999918147,0 33.09188471385728,34.69472036156498,0 33.09192674659424,34.69474898138372,0 33.09195824988316,34.6947724202546,0 33.09196517596929,34.694786999058,0 33.09193224919153,34.69486501933873,0 33.0919387653791,34.6948760872155,0 33.09194019786774,34.69487851921034,0 33.09207782413461,34.69501147271542,0 33.09216317199911,34.69505741036779,0 33.09227518377035,34.69513250845284,0 33.09255162012602,34.69534200847914,0 33.09274110300054,34.69546491548435,0 33.09280516086113,34.69549444404665,0 33.09294835079952,34.69559347890893,0 33.0930714411406,34.69563534582706,0 33.09310045922384,34.69568650568405,0 33.09309444424563,34.69573432169195,0 33.09310920788039,34.69574649201578,0 33.09314152478415,34.69575802961238,0 33.09341559942609,34.6957822768027,0 33.0936023171389,34.69588333828634,0 33.09413008723077,34.69614142551085,0 33.09462926450068,34.69644685995647,0 33.09508546757825,34.696752325875,0 33.09512645028781,34.6967141949554,0 33.0951698832019,34.69665021959218,0 33.0952573558916,34.69649005872462,0 33.09535194068015,34.69636452680702,0 33.09535049728512,34.6963051118711,0 33.09522842799008,34.6961912431337,0 33.09522517622861,34.69616336312334,0 33.09524513427912,34.69614005347256,0 33.09529718620458,34.6961304391424,0 33.09532900857864,34.6961453065847,0 33.09538108342637,34.6961842184772,0 33.09542317026006,34.69625066914429,0 33.09548075208602,34.69628518650949,0 33.09551431959228,34.69627991363568,0 33.09560697037131,34.69623850846539,0 33.09564175430462,34.69623751659757,0 33.09565648545045,34.69624381534518,0 33.09566124846464,34.69625696409344,0 33.09561770650436,34.69630154002861,0 33.09560905133861,34.69633016857684,0 33.09552037743309,34.69642257595563,0 33.09540894220249,34.69648300782455,0 33.09536519412931,34.69652890899424,0 33.09525529665071,34.6967028078807,0 33.09519383556241,34.69681701839677,0 33.09518372327209,34.69686011668616,0 33.09520238053937,34.69690168704498,0 33.0952564140583,34.69694453689075,0 33.09536414631798,34.69699515145808,0 33.09551471671652,34.69704357784439,0 33.09567135638666,34.69707344697417,0 33.09584133234399,34.69707343962892,0 33.09599684511971,34.69705358399889,0 33.09607826541705,34.697031244451,0 33.09607738742915,34.69698930863841,0 33.09608163954852,34.69692862716599,0 33.09607272052263,34.69685163040738,0 33.09604665347236,34.69675489589729,0 33.09604092112799,34.69668693839323,0 33.09604566841983,34.69665806048355,0 33.09605733444388,34.69664703529362,0 33.09608772926794,34.69663525613023,0 33.09627109820277,34.69661769496864,0 33.09662357797162,34.69656100186763,0 33.09667702977446,34.69656308695379,0 33.09670517750086,34.6965807064418,0 33.09670770970817,34.69660884840838,0 33.0966657379759,34.69663304117281,0 33.09643589724065,34.69668147908793,0 33.09623173612565,34.69670890099786,0 33.09619523435573,34.69672527351311,0 33.09617319061236,34.69674762940203,0 33.09616646631165,34.69677522878512,0 33.09619808724071,34.69688920405631,0 33.09620806721642,34.69708119181028,0 33.09622089442816,34.69716808363914,0 33.09621825536263,34.69733983427268,0 33.09624109091387,34.69736019853585,0 33.09630257670609,34.69739070086976,0 33.09645831852888,34.69749257931959,0 33.09655688474803,34.69754028742339,0 33.09664578183865,34.69757786335252,0 33.09672649084734,34.69760057051784,0 33.09691165164641,34.69757350545125,0 33.09713590991095,34.697528271321,0 33.0971647404366,34.69751337404246,0 33.09718603278795,34.69747388158394,0 33.09718432456845,34.69738514199191,0 33.09715019515134,34.69724610805029,0 33.09715607365997,34.69711144139449,0 33.09717406675635,34.69708815102761,0 33.09719091358765,34.69708335978919,0 33.0972256316458,34.69709108476134,0 33.09724859893223,34.69711194454123,0 33.09726321729838,34.69715221968413,0 33.09725392442959,34.69724177938301,0 33.09727131242631,34.69731701141868,0 33.09727082635207,34.69740532005497,0 33.09729092991233,34.69747860273772,0 33.09728926307024,34.6975372358398,0 33.09726524206243,34.69757674852316,0 33.09707687122993,34.69767758417715,0 33.09707014074381,34.69769034537365,0 33.09707824852931,34.69771670698545,0 33.0971164229437,34.69776779907487,0 33.09716561298783,34.69781166157541,0 33.09727081946858,34.69787518554721,0 33.09736929535791,34.69789530890705,0 33.09742057750659,34.69789870253432,0 33.09745261084075,34.69788778713644,0 33.09746947882701,34.69786367728859,0 33.09755407740219,34.6976381152778,0 33.09760276142757,34.69762271520717,0 33.09763483564531,34.69762813440965,0 33.09765734844337,34.69768000512764,0 33.09765404072117,34.69770743958537,0 33.0975681757941,34.69784894037144,0 33.09750580962452,34.69799911248973,0 33.09748104852989,34.6980404648085,0 33.09748773772048,34.69807163327551,0 33.09771809340648,34.69817253630018,0 33.09779407373468,34.69817566566503,0 33.09784911091705,34.69818656896935,0 33.09786356570321,34.69817185434809,0 33.09787510070721,34.69813208023579,0 33.09790033908286,34.69805312523708,0 33.09800179088951,34.69770024614804,0 33.09802064546636,34.69765786177887,0 33.09805683994612,34.69762152135124,0 33.09812455228068,34.69759086186109,0 33.09818336758318,34.69757751777292,0 33.09844430977574,34.6975689956949,0 33.09850831655196,34.69758918203252,0 33.0985475379119,34.69763883948652,0 33.09854152811087,34.69767008036698,0 33.09846096371874,34.69769622508052,0 33.09826645919649,34.69768565454459,0 33.0981555111448,34.69770546817025,0 33.09814112745118,34.69771649574757,0 33.09813642955643,34.6977589138098,0 33.09809187775105,34.69786297058256,0 33.09801657286022,34.69814734655736,0 33.09803466871654,34.69817418686485,0 33.09830651916275,34.69827841247177,0 33.09836025502405,34.69827975738156,0 33.09848783938754,34.69834389326419,0 33.09880792346638,34.69843832482903,0 33.09883890966498,34.69842797784429,0 33.09891468258883,34.69809878880412,0 33.09891576823102,34.698066352946,0 33.09888514255123,34.69799426902134,0 33.09883661324375,34.69793781311147,0 33.09878968223619,34.69789446329524,0 33.09879263636908,34.69784533966773,0 33.09882277246237,34.69782705140317,0 33.09888745927245,34.6978314251626,0 33.09898996959579,34.69792117366939,0 33.09903356392579,34.69798550338276,0 33.09904237503736,34.69802448490419,0 33.09905203347682,34.69813335689096,0 33.09904079068347,34.69823378103704,0 33.09896621092892,34.69835466596454,0 33.09892685830883,34.69849788057103,0 33.09890388353173,34.69858149094482,0 33.09890402042446,34.69859563493452,0 33.09893845059805,34.6986359388594,0 33.09898598434653,34.69867173378506,0 33.09907298321587,34.69871369874503,0 33.09908108772758,34.69872753877086,0 33.09915171739338,34.69874473550784,0 33.09924395033799,34.69873655619749,0 33.09926035672594,34.69871008462393,0 33.0993056710824,34.69854166169406,0 33.09933749113303,34.69850754207786,0 33.09938987161613,34.69848888396714,0 33.09943225804643,34.69848276445376,0 33.09952175807172,34.69848959667719,0 33.09953374475787,34.69850042258547,0 33.09952581321375,34.69851258091008,0 33.09953685774722,34.69853874163172,0 33.09944085469231,34.69856124863536,0 33.09939031015401,34.6985817983624,0 33.0993719614326,34.69862692300001,0 33.09934769866463,34.69874670337719,0 33.09934277007964,34.69877828596933,0 33.09934872607884,34.69879354304003,0 33.09939721304762,34.69882300869161,0 33.09967042052466,34.69894522352114,0 33.09970567410119,34.69895267690387,0 33.09973896774398,34.69893681079298,0 33.09979653016607,34.69886120226413,0 33.09982113086566,34.69880520068808,0 33.09983865710794,34.69870250863737,0 33.0998672111925,34.69868470820811,0 33.09987940028889,34.69865499470664,0 33.09989460940506,34.6986496815838,0 33.09991080314903,34.69865534758454,0 33.09991902632057,34.6986679073667,0 33.09991239387561,34.69869837355342,0 33.09992809963624,34.69872484593247,0 33.09992924739314,34.69875348476614,0 33.0998572637189,34.69890861503072,0 33.09981739444742,34.69895683138481,0 33.09982323886322,34.69896997907804,0 33.09988978252418,34.69902006444087,0 33.10004606505355,34.6991206306939,0 33.10034496253757,34.69929122385549,0 33.10067961526169,34.69945142702652,0 33.10073682968159,34.69949437996929,0 33.10088568914838,34.69955674688153,0 33.10091815138022,34.69955731497582,0 33.10095436243999,34.69950802854531,0 33.10099601344028,34.69948021967745,0 33.10115815431294,34.69943293820413,0 33.10122677401235,34.69943005961856,0 33.10128486079977,34.6994452282069,0 33.10129732059639,34.69945883909551,0 33.1012797844333,34.69948574368373,0 33.1012579738243,34.69950541480236,0 33.10125211503028,34.69953444707384,0 33.1013025057098,34.69957563853389,0 33.10135415600979,34.69958457425155,0 33.10141476836861,34.69955832704628,0 33.10143712773924,34.69953577163359,0 33.10152543988784,34.69940008062191,0 33.10164501888218,34.69918032823042,0 33.10166591632129,34.6991584681274,0 33.10179702851963,34.69912322830798,0 33.10204549711822,34.69920186326896,0 33.10214346982113,34.69924552963926,0 33.10225234312119,34.699303961914,0 33.10229843909703,34.69934960983932,0 33.10232255217313,34.69943962863666,0 33.10230589551551,34.69946605575507,0 33.10226976413128,34.6994729733285,0 33.10224084543512,34.69945148846725,0 33.10215363923582,34.69935820513889,0 33.1019625801118,34.69925912206662,0 33.10191138946085,34.69925907924507,0 33.10180793026576,34.69922822178283,0 33.10177769169876,34.69922866171726,0 33.10170229952097,34.69930034752451,0 33.10146502645868,34.69963478684402,0 33.10143612859038,34.69964276909646,0 33.10153412250008,34.69966788814636,0 33.10163052167615,34.69970096664325,0 33.10168940446142,34.69975541241616,0 33.10170338974726,34.69980246660521,0 33.10173604340439,34.69984342027251,0 33.10178902654643,34.6998531570028,0 33.10185045277137,34.69982296946902,0 33.10188790609068,34.6998168802693,0 33.10190220401397,34.69982503565201,0 33.1019057135891,34.69983868100515,0 33.10190218796569,34.69992769530877,0 33.10193186988543,34.69996623546228,0 33.10197092118667,34.69999925075977,0 33.10212815486178,34.70007085824368,0 33.1022664000036,34.70014541124372,0 33.10244923046209,34.70022596647555,0 33.10260626911816,34.70032459963465,0 33.10281305565898,34.70047287976713,0 33.10289059494501,34.70049729830613,0 33.10305114976401,34.70058746309589,0 33.10311979598122,34.70057885005985,0 33.1032090753507,34.70059052066183,0 33.1032212474721,34.7006006158536,0 33.10327442392276,34.70066701739964,0 33.10334461532462,34.7007379289817,0 33.10345693096325,34.70082979554322,0 33.103582936349,34.70086435911843,0 33.10389354874403,34.70092243797453,0 33.10417786821509,34.70099049978211,0 33.10429115964786,34.70102652486128,0 33.10439310460066,34.70107549567682,0 33.10445220136441,34.70109388013924,0 33.10449054986641,34.70109627222384,0 33.10466599238553,34.70107948049808,0 33.10471589161654,34.70106639333296,0 33.10476207546958,34.70104134680919,0 33.10475620464142,34.70099931622089,0 33.1047615692455,34.70098611406056,0 33.10478843513577,34.70096278791353,0 33.10483797669019,34.70088254134764,0 33.10491210941239,34.70086215837364,0 33.10495267351791,34.70086446727314,0 33.10496159195822,34.70089091779317,0 33.10498949313885,34.70090955422791,0 33.1050444211235,34.70091997298326,0 33.10509222430844,34.70094129665366,0 33.10513659273608,34.70099993519078,0 33.1051619323854,34.70106446772991,0 33.105161205814,34.70109410875278,0 33.10514748675632,34.70112117376193,0 33.10510989468475,34.70115592187341,0 33.10509448211964,34.70118171726165,0 33.10513431086216,34.70124111694839,0 33.10522987281547,34.70131730800344,0 33.10537756182108,34.70138967675205,0 33.1055286954896,34.70144962907055,0 33.10584232835866,34.70157108281848,0 33.10641752927258,34.70173641663909,0 33.10668607317432,34.70184954191479,0 33.1068536550464,34.70195037615359,0 33.10686076976692,34.70195465731465,0 33.10688836826453,34.70196818764008,0 33.10690653204523,34.7019770701347,0 33.1070633458199,34.70205375859347,0 33.10710961704854,34.70207377117191,0 33.10754672983295,34.70223540861046,0 33.10875971071751,34.70263673823029,0 33.10913626399896,34.70277863577588,0 33.10926511147774,34.70282718896507,0 33.10972254351435,34.70296193379346,0 33.10973047921731,34.70297357906955,0 33.11028423224153,34.70306912196762,0 33.11075860180168,34.70321704691506,0 33.11192499418573,34.70357315323393,0 33.11314863818819,34.70410229213991,0 33.11392011453238,34.7043459929058,0 33.11451315145253,34.70446173588035,0 33.11484972880603,34.70450194927987,0 33.11523695646677,34.70451127452989,0 33.11565360440112,34.70445159004891,0 33.11585272676,34.70394840695499,0 33.11605440643761,34.70377746736102,0 33.11611658266096,34.70378571068309,0 33.11611227748448,34.70383725190354,0 33.11596375897599,34.70394686800714,0 33.11574696532225,34.70454456028692,0 33.11599905242267,34.70469985142026,0 33.11631923277372,34.70482359767387,0 33.11651839267984,34.70484774712893,0 33.11664583759653,34.70445315941768,0 33.1168038745027,34.70434345223639,0 33.11694462141931,34.70431974377428,0 33.11725331610722,34.7042407396829,0 33.11734621756004,34.70425458700456,0 33.11736206891737,34.70428672722026,0 33.1173294916494,34.7043143075531,0 33.11720991384939,34.70432493378135,0 33.11698953555136,34.70440987483575,0 33.11685005085182,34.70440753863417,0 33.11673365967641,34.70450324219776,0 33.11665015490622,34.70479933827237,0 33.11673692377801,34.70495419103823,0 33.1168688991423,34.70510389806438,0 33.11700677189093,34.70521650374311,0 33.1172012054797,34.70534064779628,0 33.11745183346694,34.70541762650627,0 33.11775063723447,34.7054970732615,0 33.11791297861558,34.70550495740674,0 33.11810457460729,34.70512108772284,0 33.11825425320615,34.70478395460821,0 33.11820254373239,34.70462183010515,0 33.1182744831985,34.70458664799916,0 33.11835085499936,34.70476651652028,0 33.11828563123101,34.70494158245107,0 33.11820606089973,34.705068577788,0 33.11802720332244,34.70545942169803,0 33.11819575368012,34.7055962999661,0 33.11865852588165,34.70582041568039,0 33.11888687491033,34.70588814599957,0 33.11955865564789,34.70608738994194,0 33.1200941125896,34.70618283401068,0 33.12033599982065,34.70616024791799,0 33.12040928944418,34.70598679560644,0 33.12046411496079,34.70598312652152,0 33.12049022594856,34.7060207912087,0 33.12041445232067,34.70621255489779,0 33.1206847547075,34.70638600094819,0 33.12083748239904,34.70642481116772,0 33.12092382390058,34.70644446773127,0 33.12107218514656,34.70648310169476,0 33.12111321353022,34.70649469891322,0 33.12115227898921,34.70650763224634,0 33.12123927515989,34.70636236382985,0 33.12125727271675,34.7063678358802,0 33.12116854167598,34.70651361987287,0 33.12180998315939,34.70662134618253,0 33.1221636949285,34.70668779108492,0 33.12274800884585,34.70681331967009,0 33.12354496626374,34.70702463035938,0 33.12369018127251,34.70703080235535,0 33.12384587272117,34.70699831747771,0 33.12386409767485,34.7068485466212,0 33.1239172046614,34.70684144312563,0 33.12393888119323,34.70685422196634,0 33.12394184002054,34.70703758713548,0 33.12410551297629,34.70713065967496,0 33.1258087166102,34.70745301889795,0 33.12632637414585,34.70756989088994,0 33.12685788115189,34.70777670401911,0 33.12782416305419,34.70796303785764,0 33.12870387251542,34.70815636075722,0 33.12920698519122,34.70808243058952,0 33.129285356436,34.70771289776439,0 33.12935426749186,34.70758487890306,0 33.12945757845745,34.70749404518295,0 33.12978010870036,34.70734133552978,0 33.12988396925901,34.70738611811025,0 33.12986587901367,34.70744757261742,0 33.12956610243202,34.70756124265397,0 33.12946177076248,34.70765553018203,0 33.12964183978353,34.70801463247239,0 33.13009853053542,34.7082885488702,0 33.13091725468819,34.70840262842176,0 33.13123888340069,34.70834210928829,0 33.13129760600101,34.70795775814969,0 33.13159458141241,34.7073372801016,0 33.13170916816671,34.7073718088346,0 33.13140451091905,34.70801454373529,0 33.13154631285304,34.70820089597892,0 33.13172152605946,34.70826761384551,0 33.13190729524194,34.70829973962374,0 33.13208628011222,34.70825975483152,0 33.13210988377789,34.70822714108409,0 33.13210229523242,34.70816423568294,0 33.13211397961083,34.70807749253464,0 33.13214137044912,34.70803071257176,0 33.13214934153522,34.70792229307785,0 33.13216959167917,34.70792265874749,0 33.13216378389122,34.70803224780811,0 33.13216163818502,34.70809016961805,0 33.13217234880653,34.70817366121683,0 33.1322508055644,34.70818847739895,0 33.13230107656271,34.70829239843804,0 33.13237101389331,34.70830414977746,0 33.13240169600466,34.70827455722522,0 33.13257600221802,34.70833331486229,0 33.13258570937695,34.70836915578234,0 33.13264558689007,34.70837712271857,0 33.1326625323309,34.7083655744635,0 33.13267849957261,34.7078917802264,0 33.1327273183068,34.70782436016563,0 33.13304251585999,34.70786057106724,0 33.13303638030693,34.70794198957228,0 33.1329583697262,34.70793989315795,0 33.13277446237881,34.70793181818565,0 33.13274767568082,34.70827454139352,0 33.13288544177735,34.70829689193673,0 33.13291308585823,34.70835406910469,0 33.13295301586613,34.70836666416036,0 33.13300783788271,34.70845566060157,0 33.13314952013004,34.70848966258363,0 33.1331909164789,34.70848398315222,0 33.13356465694096,34.70832764671596,0 33.13353328370394,34.70819183851059,0 33.1333345875482,34.70783885091738,0 33.13338330162282,34.70778818904636,0 33.13347131472897,34.70779921682119,0 33.13355357591985,34.70792627009761,0 33.1336579573758,34.7081642430316,0 33.13368172352936,34.70858114165003,0 33.13372141198395,34.70861782941732,0 33.13408100674689,34.70874700261303,0 33.13456433257014,34.7087237527716,0 33.13497386977138,34.70881166195345,0 33.13532219164911,34.70886095565969,0 33.13586065533477,34.70902416266558,0 33.13646746092086,34.70906308618245,0 33.13735756103384,34.70923620506346,0 33.13764418630945,34.70921277694443,0 33.13793523334225,34.70927531636835,0 33.13829196124971,34.70931608218149,0 33.1385656855805,34.70935944565106,0 33.13861006127126,34.70936631937359,0 33.13865821776287,34.70937803958929,0 33.13886835592669,34.70942620833807,0 33.13947378945556,34.70945808697123,0 33.13986055891102,34.7094717516626,0 33.14006629507756,34.70953332014506,0 33.14029213334898,34.70954592431839,0 33.14063376536679,34.70947657704862,0 33.14113377080563,34.70947726100472,0 33.14127114502219,34.70956198424953,0 33.14169293038002,34.70956006117567,0 33.14241256568393,34.70977842372154,0 33.14250682938902,34.70974669895658,0 33.14262114508274,34.7098031775346,0 33.14262135638327,34.70980417070737,0 33.14267124114551,34.71003869106396,0 33.14270032521372,34.71008467705599,0 33.14271330935041,34.7100936134476,0 33.14271727667393,34.710089957847,0 33.14328458419727,34.71040614978484,0 33.14328264542684,34.71040868519549,0 33.14333081660395,34.71043831395048,0 33.14351037269812,34.71047677567304,0 33.14381309117432,34.71058752494686,0 33.14399840704007,34.71060814717221,0 33.14414527880906,34.71067571628132,0 33.14440488453817,34.71080069790028,0 33.14462291213273,34.71090072154208,0 33.14470762282074,34.71097223193961,0 33.14480227121102,34.71104696764641,0 33.14493515442087,34.71115189490958,0 33.1450728462066,34.71133966949711,0 33.14533721824299,34.71152263228835,0 33.14597628873007,34.71177585747106,0 33.14643706286855,34.71186350438749,0 33.14677018732851,34.71185772180694,0 33.14696750318059,34.71191107635106,0 33.14710629615536,34.71196896892766,0 33.14717552228822,34.71199784414605,0 33.14748067602991,34.71224280115323,0 33.14763768295879,34.7123483263676,0 33.14780803857774,34.71242150848222,0 33.1480480602016,34.71249169398352,0 33.14827989059218,34.71255350531131,0 33.14866066005316,34.71262782726506,0 33.14925654807755,34.71271526251497,0 33.14987929885169,34.71276974915231,0 33.15038531626325,34.71278786721756,0 33.1507637707367,34.71277359442704,0 33.15074943805715,34.71271044077683,0 33.15079196122321,34.71267551030028,0 33.15083189798149,34.71267716464717,0 33.15086122822618,34.71269339986248,0 33.15085302173992,34.71278522470141,0 33.1511338477463,34.7127558583917,0 33.15115528030043,34.71268539097136,0 33.1512032216849,34.71267046625493,0 33.15125249201751,34.71270192949563,0 33.15124447156956,34.7127637802655,0 33.15137415194091,34.71277534734686,0 33.15152718264793,34.71276251853118,0 33.15155081791039,34.71269086737733,0 33.15159873778255,34.71267017312674,0 33.1516374571431,34.7126926616866,0 33.15164088007992,34.71279761553049,0 33.15187441464779,34.71281632764487,0 33.15231293535294,34.71279355903877,0 33.15251586307115,34.71276084328206,0 33.15264282313844,34.71272962867212,0 33.15264662266372,34.71257539148108,0 33.15268446288738,34.71256489603714,0 33.15270254802258,34.71260428562413,0 33.15269288474248,34.71272799739008,0 33.15278286916552,34.71276790082595,0 33.15311009053625,34.71279161340886,0 33.15347157476948,34.71277699654968,0 33.15409261804882,34.71274024229202,0 33.15582063329317,34.7126379581483,0 33.15614423301695,34.71261880053484,0 33.1564552505816,34.71258842771125,0 33.15704674747585,34.7124508867981,0 33.15709249441839,34.71243073407051,0 33.15716390770606,34.71242380162797,0 33.15721903677627,34.71241245132016,0 33.15746855250578,34.7123539338453,0 33.15770585781193,34.7123720908319,0 33.15797254572528,34.71245683417458,0 33.15834201045958,34.71249517008232,0 33.15841003813449,34.7124972614132,0 33.158515462441,34.71250222842799,0 33.1586434801761,34.71250719478408,0 33.15882271225973,34.71250719297046,0 33.15927308151849,34.71250594431948,0 33.1596553309361,34.71250523131063,0 33.1600006816785,34.71250458539348,0 33.16007038618226,34.71250212297736,0 33.16021421090969,34.71249713903268,0 33.16035363308329,34.71249056691421,0 33.1605741799081,34.71248894680055,0 33.16097282063063,34.71248814405198,0 33.16105250622977,34.7124873238869,0 33.1611053017342,34.71248321370589,0 33.16191442766393,34.71241486362442,0 33.16198884630811,34.71241148877115,0 33.16216919612322,34.712395861689,0 33.16329962668695,34.71229941095921,0 33.16334946637105,34.71228953616568,0 33.16342715059874,34.71227534022541,0 33.16401043686843,34.71205072703143,0 33.16431776327615,34.71189528726065,0 33.16472115458348,34.71165678168607,0 33.1648194593135,34.71157969931123,0 33.16492524976976,34.71146814354287,0 33.16508909385423,34.71127924408086,0 33.16525087723468,34.71107552702791,0 33.16536083915472,34.71089393905469,0 33.16544607786926,34.71071400719449,0 33.16549694510876,34.71052895653703,0 33.16549748680815,34.71044412299461,0 33.16458555623893,34.70977142748577,0 33.16457574195343,34.70978114506435,0 33.16439511532548,34.70995998989393,0 33.16436094349257,34.70997929950047,0 33.16432677708112,34.70998811057282,0 33.16429554903516,34.70998239409376,0 33.16428030474972,34.70997605477784,0 33.16426822884691,34.70997103274343,0 33.16424676855907,34.70995080113867,0 33.16423702647693,34.70992251893567,0 33.16423704845425,34.70988779699329,0 33.16425366115983,34.70985633854514,0 33.16545196381336,34.70872098915711,0 33.16550665025718,34.70867829970119,0 33.16553790432234,34.70864686806162,0 33.16558283611971,34.70859608310008,0 33.16562384978504,34.70856709377984,0 33.165682431581,34.70853894687231,0 33.16575858544692,34.70850760556417,0 33.1658484001934,34.70848517287329,0 33.16592064046837,34.70847078172188,0 33.16766323394047,34.70824004599746,0 33.1676974019128,34.70824011346604,0 33.16772179967773,34.70825469902573,0 33.16774228773082,34.70827492955895,0 33.1677511249641,34.70829357872369,0 33.16775301278597,34.70829756332656,0 33.16775299174927,34.70833148386836,0 33.16773149729617,34.70836051464848,0 33.16770415622182,34.70837176656729,0 33.16598986343636,34.70860174405291,0 33.16591371657615,34.70861855109514,0 33.16584440502321,34.70863294727093,0 33.16577899249918,34.70865542699285,0 33.16573407526887,34.70868117908676,0 33.16567939186217,34.70871821642372,0 33.16564130126383,34.70875528707263,0 33.16490084145255,34.70948967050857,0 33.16489632331118,34.70949415151929,0 33.16542866027616,34.70989581183881,0 33.16545660691906,34.70991689893728,0 33.16555261306475,34.70998933685345,0 33.1655851548722,34.71001389014025,0 33.16557804351726,34.71002137749564,0 33.16590145627106,34.71026639698712,0 33.1659260938937,34.71028506172505,0 33.1662839917561,34.71055620469109,0 33.16630568853961,34.71057264132539,0 33.16649871103879,34.71071887375872,0 33.16655175878131,34.71075906269848,0 33.167433778715,34.70991292888893,0 33.16748253901937,34.70999620906683,0 33.16764461418823,34.70996019873994,0 33.16762465222909,34.70989196240532,0 33.16749166641784,34.70943737449814,0 33.16750355645919,34.70943515856758,0 33.16753498606207,34.70942930177965,0 33.16751748490334,34.70936378627963,0 33.16743917384255,34.70907062142834,0 33.16743528243413,34.70904800168437,0 33.16743529746458,34.70902458057451,0 33.16744214170776,34.70900763525484,0 33.16745289353692,34.70898504406772,0 33.16746555847645,34.70897898771563,0 33.16748316484367,34.70897056812811,0 33.16750757226431,34.70896819436223,0 33.16753880612171,34.7089763322609,0 33.16754730502466,34.70898363510186,0 33.16756612465912,34.70899980863722,0 33.16758368062851,34.70902810867757,0 33.16783497348437,34.70997593056629,0 33.16783549686583,34.70997941222303,0 33.167839756898,34.71000772602711,0 33.16784177958442,34.71002116956359,0 33.16784175858469,34.71005508919423,0 33.16783783053305,34.71009223065033,0 33.16781730716167,34.71012933817044,0 33.1677899489264,34.71016643166065,0 33.16733691153431,34.71063606319723,0 33.16735362978755,34.71067540471194,0 33.16739894598476,34.71072494132375,0 33.16745371118753,34.71077751190045,0 33.16754663202288,34.71086090442552,0 33.16766524105903,34.71093680728162,0 33.16777480804195,34.71100944382655,0 33.16792851662623,34.71107617702052,0 33.16805484469944,34.71113604974104,0 33.16816312754256,34.7111796306363,0 33.16828731117274,34.71123159117118,0 33.16839523599615,34.71127076416753,0 33.16849969426936,34.71130155819503,0 33.16865211229675,34.71134450968694,0 33.16880058137502,34.71138342787491,0 33.1688173918889,34.71138770549658,0 33.1691557930797,34.7113341684724,0 33.16952030712929,34.71123281449419,0 33.16997728991088,34.71118287739657,0 33.17014035855752,34.71117029156228,0 33.17048216856869,34.71107003825416,0 33.17070969047049,34.71105677460572,0 33.17117258943727,34.7109729168623,0 33.17203689513791,34.71083333306272,0 33.17229767450765,34.71076843830342,0 33.17272350538757,34.71070145120485,0 33.1730516735516,34.71065526664766,0 33.17350685400035,34.71054148220995,0 33.17442697511495,34.71040035150416,0 33.17450115188151,34.71038895258849,0 33.17453032342275,34.71038447016917,0 33.17517425182297,34.71028551673375,0 33.17568225964471,34.71014838759304,0 33.17635046687359,34.71005276623456,0 33.17739683629001,34.70984154299339,0 33.17786972249772,34.709760868025,0 33.17816088746595,34.7097097286766,0 33.17870608742333,34.70964857601337,0 33.17914969137572,34.70959530313056,0 33.17940349435377,34.70956981477148,0 33.17955226479786,34.70955487374236,0 33.17976724493047,34.70951650573792,0 33.18060966914067,34.70924664007511,0 33.1807943756154,34.70920416926806,0 33.18171010132829,34.70903137555737,0 33.18261221507261,34.70884076249347,0 33.18305794509229,34.7086912971055,0 33.18322409474988,34.70868352642444,0 33.18351047482371,34.70864931289334,0 33.18377927398905,34.70860375136358,0 33.18427881205482,34.70842608801115,0 33.18517735274193,34.70826256224482,0 33.18532575442725,34.70823406383669,0 33.18569135055481,34.70821129684243,0 33.18601171762747,34.70808823447697,0 33.18602278834292,34.70808556725579,0 33.18606779346503,34.70807472597878,0 33.18625390539032,34.70799789334536,0 33.1862873994036,34.70798904740614,0 33.18638888761362,34.70796969360931,0 33.1864440674238,34.70795973990216,0 33.18654660679307,34.70796470060988,0 33.18665705735182,34.70797850064412,0 33.18674975511907,34.70798898784182,0 33.18680595684472,34.7079917440291,0 33.18705465275561,34.70799353054822,0 33.18711157959763,34.70799446631552,0 33.18718252188917,34.70797898369497,0 33.18730473114011,34.70796404695809,0 33.1874663152567,34.70792644697837,0 33.18759637561575,34.7078971410636,0 33.1878702711421,34.7078269191876,0 33.18812344757875,34.70775006682362,0 33.18831754083855,34.70769919636945,0 33.18836288075995,34.70769421508369,0 33.18855602432712,34.70765550023404,0 33.18875312973012,34.70762231126113,0 33.18889799286305,34.70759410335636,0 33.18903004176715,34.70756700323258,0 33.18926556110736,34.70751722628776,0 33.18946953380282,34.70746800637244,0 33.18963510489339,34.70743813463231,0 33.1897317108179,34.70742872255087,0 33.18998898319211,34.7073971759156,0 33.19026006408311,34.70736507350766,0 33.19049465930953,34.7073313183538,0 33.19071445719338,34.70730121162004,0 33.19082192200054,34.7072864909528,0 33.19100133652811,34.70726490272104,0 33.19124483158581,34.7072361163991,0 33.19143808312853,34.70722447245651,0 33.19153077535587,34.70722224350121,0 33.19181666600075,34.70718681587467,0 33.19190832742387,34.70716745221667,0 33.19211724459291,34.70711103536954,0 33.19243851924107,34.70702806377062,0 33.19248978796138,34.70702252619735,0 33.19272930455973,34.70697328433857,0 33.1927745579172,34.70696515451777,0 33.19290181132226,34.7069422946935,0 33.193020986689,34.70688368171989,0 33.19318737975885,34.70677973368743,0 33.19326811203523,34.70672831203842,0 33.19336462055831,34.70667522823315,0 33.19352310832802,34.706564646649,0 33.19361069680099,34.70649553515877,0 33.19373279683924,34.70642254560799,0 33.19385489021543,34.70634679203845,0 33.19405576159343,34.70622513988479,0 33.19423399653007,34.70612007537032,0 33.19436596347096,34.70604707937076,0 33.194422079334,34.70600892528557,0 33.19458956170749,34.70593812965345,0 33.19468511417874,34.7058933317348,0 33.19482505283833,34.70584852137964,0 33.19500250599758,34.70581530864475,0 33.19514253600721,34.70580255765359,0 33.19533386631198,34.70579255489419,0 33.19547000265094,34.70579749300133,0 33.19563279921636,34.70581182023715,0 33.19567168366451,34.70581033167899,0 33.19569099108971,34.70580959302058,0 33.19591105062091,34.70584159317806,0 33.19598111995261,34.70585318158459,0 33.19616564455448,34.70587524112661,0 33.19628410167234,34.70590561110445,0 33.19636305774495,34.70591996150321,0 33.19648836550704,34.70592987670957,0 33.19665706783103,34.70593535774709,0 33.19695895669957,34.7059441174482,0 33.19732985384272,34.70593350837418,0 33.19746203627814,34.7059290492291,0 33.19764253446045,34.70591572946634,0 33.19791482231714,34.70591565082157,0 33.19831345533365,34.7059365415403,0 33.19839140272511,34.70593928223607,0 33.19856016813366,34.70595968707262,0 33.19869343956194,34.70598839439812,0 33.1987616091965,34.70602154295192,0 33.19898775454995,34.70609666204872,0 33.19899173656655,34.70610937528445,0 33.19898289234664,34.70612209323868,0 33.19874145960025,34.70622609496608,0 33.19877016650901,34.70626036168726,0 33.19880078915568,34.70627362103113,0 33.19898232826827,34.70627356812135,0 33.199061204145,34.70625364392259,0 33.19922778609617,34.70619665301023,0 33.19929975640718,34.70617673093237,0 33.19936682995623,34.70617007654214,0 33.19945166484466,34.70616341738446,0 33.19965995249855,34.70619984272732,0 33.19973897197838,34.70623022617603,0 33.19986039913509,34.70625340940045,0 33.20029566754651,34.70630027248932,0 33.20060464270497,34.70634662082229,0 33.2007665984589,34.70639301236272,0 33.20105701609833,34.70650349813581,0 33.20141366808589,34.70665432539965,0 33.20168033271645,34.70673496612204,0 33.20186697098636,34.70678135320199,0 33.20216910406189,34.70683876451716,0 33.20266071217615,34.70689224881907,0 33.20297758739522,34.70692200987597,0 33.20309897852903,34.70692252698235,0 33.20319666180757,34.70691530923035,0 33.20427438046507,34.70690558070802,0 33.20504523787417,34.70689553184894,0 33.2052474908309,34.70687486321103,0 33.20548822574055,34.70683773883104,0 33.2057506335367,34.70678401738783,0 33.20610174921684,34.70668326445085,0 33.20630004220506,34.70664283153739,0 33.20647967820442,34.70663613586249,0 33.20662086665094,34.70664604167882,0 33.20699512214002,34.70669015274712,0 33.20754493154746,34.70667337511819,0 33.20773737672832,34.70665284796338,0 33.20791399233865,34.70661960704631,0 33.20813017355817,34.70661234265655,0 33.20841470190345,34.70668247295778,0 33.20851842157822,34.70670289769989,0 33.20923920378017,34.7067258684197,0 33.20956302367875,34.70671856264954,0 33.20994709737836,34.70671842437478,0 33.21012083379218,34.70670508786395,0 33.21038435423957,34.70666793886208,0 33.21041791733327,34.70666303461038,0 33.21077519741297,34.7066108305487,0 33.21089060597001,34.70657041541536,0 33.21114117772414,34.70649012843484,0 33.2114370861295,34.70637885179471,0 33.21157423540438,34.70634229624228,0 33.21214442651383,34.7061473925046,0 33.21236239342849,34.70615394333744,0 33.21265274859411,34.70616139875652,0 33.2128499143968,34.70624945712191,0 33.21347260685861,34.70630075674423,0 33.21406413008116,34.70625269749913,0 33.21441471218675,34.70617586819432,0 33.21446368950615,34.70616513474928,0 33.21456256271167,34.70614346695802,0 33.21471221432261,34.70611067022964,0 33.214992126254,34.70609154783102,0 33.21518512584168,34.70613798170972,0 33.21549204892692,34.7063447863048,0 33.21579195394243,34.70632771361208,0 33.21607615669009,34.70637128553157,0 33.21651360704384,34.70638339465287,0 33.21726995637437,34.70636053484865,0 33.21772927937131,34.70630729906618,0 33.21868834666405,34.70617517689096,0 33.2187563605894,34.70625433002442,0 33.2191187912079,34.70637593521229,0 33.21959915173427,34.70633230838705,0 33.21967861917754,34.70636872604074,0 33.22030022437289,34.70632176592349,0 33.22036244289252,34.70626234666005,0 33.22089760565764,34.70618462119423,0 33.22129624790254,34.70618426478718,0 33.22163756816348,34.70623708264954,0 33.22199041659352,34.70620180861187,0 33.22236052120893,34.70619121584519,0 33.22277053812048,34.70613515460887,0 33.22299159693839,34.70616968401536,0 33.2230235045427,34.70616368043149,0 33.22323680010623,34.70620105331286,0 33.22379736609052,34.70613123576122,0 33.22429601234789,34.70617981861179,0 33.22531139582183,34.70655291870656,0 33.22691051700767,34.70655429288646,0 33.22832207696515,34.70638514042177,0 33.2289832571758,34.70638599477504,0 33.2297384224047,34.70622239998092,0 33.23006615961321,34.7062210875128,0 33.23144195711161,34.70608857509693,0 33.23155863479469,34.70600332596739,0 33.23204128218892,34.70591554950017,0 33.23238199444566,34.70573876668863,0 33.23304300430343,34.70585238304811,0 33.23342596524805,34.70582834887975,0 33.2334971365328,34.70600224473207,0 33.23375526963863,34.70614223386144,0 33.23409431077868,34.70615905888434,0 33.234581984617,34.70609848256003,0 33.23469842102021,34.70620259527774,0 33.23484747761105,34.7062254830616,0 33.23485381485369,34.70645317920485,0 33.23516172379856,34.70650273228904,0 33.23576492029924,34.70642704678548,0 33.23679412545356,34.70623551278091,0 33.23696660872944,34.70620341332218,0 33.23710386186954,34.70617786914526,0 33.23725627022193,34.70614950526063,0 33.23871316599755,34.70586928244212,0 33.23921168901976,34.70576265626912,0 33.23993236403027,34.70558372213502,0 33.2402238300992,34.70549202290478,0 33.24051000699793,34.70538719270352,0 33.24063191490036,34.70532601453061,0 33.24078563807613,34.70522985497201,0 33.24097641467226,34.70516871974392,0 33.24109827923324,34.70515566791502,0 33.24149713958065,34.70509805851058,0 33.24163346011087,34.70509075861752,0 33.24193402259783,34.70509001711598,0 33.24236991263879,34.70493802595593,0 33.24250182852303,34.7048559813383,0 33.24268067961173,34.70476565957843,0 33.2427298689683,34.70473339268511,0 33.24283488140715,34.7047519096796,0 33.24317669111281,34.70485822610866,0 33.24324371917563,34.70487118436392,0 33.24341913087141,34.70488143716977,0 33.24360350635063,34.70486216762561,0 33.24366273580316,34.70484928440533,0 33.2437186180224,34.70483178511794,0 33.2437968757243,34.7047783120929,0 33.24382371838679,34.70474695487572,0 33.24383936572434,34.70474235041381,0 33.24389633537999,34.70475806980424,0 33.24394885073732,34.70475533329589,0 33.24398127105474,34.70473505114353,0 33.24401482093324,34.70469908476597,0 33.2440427644623,34.7046880281807,0 33.24406175452124,34.70469357564991,0 33.24416114195704,34.70475730152051,0 33.24421703113939,34.70478383334176,0 33.24446268052569,34.70478080675297,0 33.24458930009253,34.70483159564651,0 33.24483871928722,34.70491098384197,0 33.24514570957975,34.70499357492826,0 33.24562918415159,34.70516818945158,0 33.24575581382516,34.70520313018504,0 33.24602044734302,34.70545686269723,0 33.24609332694369,34.70551396060951,0 33.24618159735512,34.70552034861074,0 33.24637351538873,34.7055172878791,0 33.24678038842517,34.70550166785826,0 33.24701838811974,34.70547010208774,0 33.24729087503929,34.70550195271232,0 33.24736761929714,34.70552735358613,0 33.24760549541261,34.70565110638552,0 33.24769758871714,34.70568602511944,0 33.24800077102768,34.7057369084685,0 33.24814278339906,34.70574015762687,0 33.24827713422324,34.705730721437,0 33.24852276126774,34.70575621368156,0 33.24873386343731,34.70576266747562,0 33.24888742342505,34.70572788266688,0 33.2499736928237,34.7056809228588,0 33.25035748555101,34.70572550225928,0 33.25145511188069,34.70588774039424,0 33.25188505230318,34.70582139679301,0 33.25222669050965,34.70578036742846,0 33.25258753732827,34.70571715541897,0 33.25274876091065,34.7056982202174,0 33.25304053710781,34.70560644464542,0 33.25343600763276,34.70543547688963,0 33.25377373545233,34.70549270419431,0 33.25419597059295,34.70545804790131,0 33.25462957469909,34.70562626173452,0 33.25468714162029,34.70563262839723,0 33.25480999124243,34.70560099325191,0 33.2549827394577,34.70556937978601,0 33.25505182946831,34.70556624412313,0 33.25518229593646,34.7056106838212,0 33.25525522492185,34.70561389175123,0 33.25558533626566,34.70558869428727,0 33.25579260174534,34.70558562348981,0 33.25594228784787,34.70559520640905,0 33.25619557923189,34.70564921659413,0 33.25623393935648,34.70568093163532,0 33.25632597173151,34.70579825892617,0 33.25653692888422,34.70601707466924,0 33.25710119944706,34.70595711869476,0 33.2575196280389,34.70587807331247,0 33.25762710513457,34.70586861419247,0 33.25780753647917,34.70582115159525,0 33.25798799365415,34.70574199033945,0 33.25815306047652,34.70570720015026,0 33.25837958204669,34.7056185519231,0 33.25865983977405,34.70552675758372,0 33.25870969777931,34.70558700686116,0 33.25881322740361,34.70573920460372,0 33.2589783365646,34.70564735656252,0 33.25905512597875,34.70561252376206,0 33.25912426683849,34.70553331255864,0 33.25922800176745,34.70538120890316,0 33.25936232843405,34.70540345888361,0 33.25940075728455,34.70533374134548,0 33.25994951616381,34.70550198942449,0 33.26007612223787,34.70559080148938,0 33.26025646307344,34.70567646702877,0 33.26040995464644,34.70573676195978,0 33.26104698557639,34.70593357144003,0 33.26177623089413,34.70597826947151,0 33.26192207953868,34.70599418159283,0 33.26215619247617,34.70603232049515,0 33.26237494107129,34.70608313151762,0 33.26245552066853,34.70612437505024,0 33.26281623170217,34.70626082992784,0 33.2631577452791,34.70641946615444,0 33.26353763780553,34.70658128534031,0 33.26369879700123,34.7066637680979,0 33.26381772964086,34.70675574258006,0 33.26388295778875,34.70679063600154,0 33.26395851646403,34.70684703587362,0 33.26405067659808,34.70694989024125,0 33.26424890775339,34.70702613129112,0 33.26455777330937,34.70715953825862,0 33.26503324802101,34.7071112662867,0 33.26505721279089,34.70710944007126,0 33.26537845894415,34.70708497185831,0 33.26652433740727,34.70756539726742,0 33.26680027577721,34.70765667192349,0 33.26725159267713,34.70767025784713,0 33.2680374490224,34.70749091190026,0 33.26833097645982,34.70748402411449,0 33.26831247029937,34.70754249170924,0 33.26876803575963,34.70766724160565,0 33.26962076047129,34.70776162914304,0 33.26993790540212,34.70767530736946,0 33.26996873419527,34.70759650486334,0 33.27020571581148,34.70772879556174,0 33.27031038869547,34.70772883384642,0 33.27071339418218,34.70828067327887,0 33.27089505045375,34.70824768871424,0 33.27159367991366,34.7086699721314,0 33.27191681201442,34.70891669624027,0 33.27205213394324,34.7091811498255,0 33.27167305277407,34.70995897862627,0 33.27133130495923,34.70998173861796,0 33.27134026484155,34.71050546767276,0 33.27110300510312,34.71103402131705,0 33.27112559748159,34.71113153145316,0 33.27114878561311,34.71123161124252,0 33.27123036742611,34.71142050072333,0 33.27142703453203,34.71187585365552,0 33.27180048871727,34.71222512308535,0 33.27197409307283,34.71242816979715,0 33.27241970541169,34.71268814724366,0 33.27290226676089,34.71289872102829,0 33.27302162345484,34.71295080363318,0 33.2731766398203,34.71304295841884,0 33.27319627836987,34.71309980146376,0 33.27320835123968,34.71321630252674,0 33.27318061551146,34.71336095821782,0 33.27318611415512,34.71342796455031,0 33.27321558545846,34.713498025387,0 33.27327088689467,34.71354372744163,0 33.27336303356861,34.71366558567326,0 33.27344960423648,34.7138727152834,0 33.27353251318415,34.71402959446348,0 33.27371303146283,34.71444995142212,0 33.2737406333358,34.71457330833001,0 33.27375163323943,34.71470579742946,0 33.27372393685862,34.71477279175858,0 33.27367780060432,34.71483521109039,0 33.27350623037778,34.71496002400078,0 33.27347116960997,34.71500265102804,0 33.2734693102438,34.71503310674746,0 33.27348588831452,34.71507270522604,0 33.27353381380902,34.71511992915199,0 33.27364811566505,34.71519306269624,0 33.27369603802067,34.71524790035175,0 33.27372366826111,34.71531186765702,0 33.27372548646687,34.71536668987399,0 33.27369041202432,34.71543368183332,0 33.27358895677103,34.7154854231019,0 33.2733989754233,34.71554322520121,0 33.27337498488907,34.71557671893718,0 33.2733749476817,34.71565133702065,0 33.27341724547937,34.71588891107841,0 33.27346512788712,34.71602141205692,0 33.27353884081234,34.71613107857019,0 33.27368814546405,34.71628493462251,0 33.27387357124211,34.7164482792658,0 33.27416166992398,34.71665835542547,0 33.2742934720451,34.71677194283161,0 33.27439514222472,34.71687152246032,0 33.27457584697157,34.71713600044044,0 33.27477157982872,34.7174860294611,0 33.27484687862952,34.71758870971605,0 33.27498998695742,34.7176976354999,0 33.27510767587488,34.7177727441145,0 33.27540836010311,34.71796464142555,0 33.27548344543319,34.7180542685276,0 33.27566368501573,34.7181494469225,0 33.27581723837836,34.71828183128043,0 33.27604102898293,34.71837012787907,0 33.27616427963851,34.7184542880023,0 33.27624286196784,34.71849333895631,0 33.27629644242982,34.71856040192696,0 33.27631199311239,34.71860593126561,0 33.27638183968919,34.71881043990081,0 33.27645694314959,34.71886560419814,0 33.27717206232657,34.71884055661684,0 33.27748646633701,34.71888660449761,0 33.27732210527029,34.71906000882677,0 33.27721579632549,34.71905392247192,0 33.27689253813737,34.71891828739103,0 33.27614125810119,34.71933286575899,0 33.275479375357,34.7200103248099,0 33.27544443070925,34.72027727469118,0 33.27530507605969,34.72044562020876,0 33.27504116261705,34.72102052755821,0 33.27406624478361,34.72095859701845,0 33.27383240073854,34.72106940997224,0 33.2736979391379,34.72138150480171,0 33.27356361108291,34.72142252931697,0 33.27329993535792,34.72150458205591,0 33.27293022530355,34.72140867456475,0 33.27253897524061,34.72130717817121,0 33.27253389350756,34.721516637908,0 33.27189659463028,34.72265818704535,0 33.27211544977811,34.7226870140711,0 33.2721004643583,34.72281022200122,0 33.27203056078521,34.72331947808937,0 33.27186615888463,34.72379173612544,0 33.27170693721504,34.72386560674792,0 33.27179635210202,34.72411206356658,0 33.27158714467941,34.72465001895721,0 33.27147275062421,34.72460890748124,0 33.27122409376455,34.7244856053935,0 33.27032367835861,34.7245715277071,0 33.27011477042041,34.72453448651533,0 33.26965222819991,34.7243864601978,0 33.26965710175956,34.72457128137504,0 33.26927406988069,34.7245711378913,0 33.26919928679752,34.72487092772778,0 33.26917920128416,34.72521180985183,0 33.26906958503571,34.72553212177365,0 33.26914409725099,34.72572518355486,0 33.26946217114052,34.72625922327557,0 33.26935766774933,34.72633311310257,0 33.26848686715037,34.72678456450408,0 33.26814842233107,34.72709246614674,0 33.26821766341055,34.72780712680543,0 33.26853084604243,34.72820152820358,0 33.26836627962804,34.72891609982478,0 33.268500434642,34.72920364732197,0 33.26864960792073,34.7293310235391,0 33.26891820543208,34.72939683909781,0 33.26996289804529,34.72939723010602,0 33.27002754741751,34.7294342181489,0 33.26937562671175,34.72986111314517,0 33.26924612611416,34.73014445392548,0 33.26966392090234,34.7303006802937,0 33.27031075362989,34.73009967144948,0 33.27090776700824,34.73001774707353,0 33.27163396120676,34.73025211261517,0 33.27098216361076,34.73044080478142,0 33.27033528667112,34.73073217196797,0 33.26999205469341,34.73067044006405,0 33.26931547388773,34.73068661539947,0 33.26882782564294,34.73089589297754,0 33.26876806583747,34.73101086961722,0 33.26907623227355,34.73150383754233,0 33.26955392881532,34.73130276810516,0 33.26969316648882,34.73140960437265,0 33.26955375357492,34.73162312099541,0 33.26953377298826,34.73177096840326,0 33.26975258546189,34.7319230127161,0 33.26994164253458,34.73189844187733,0 33.27065320412903,34.73161120605036,0 33.27098144185413,34.73180846492387,0 33.27111078219816,34.73182083459173,0 33.27137956083283,34.73156218382433,0 33.27172279574074,34.73161569855023,0 33.27217058903616,34.73150907248968,0 33.27247400715575,34.73161185524292,0 33.27267798499037,34.73158728374401,0 33.27282209107,34.73191589998562,0 33.27295138355487,34.73202683751025,0 33.27290155000323,34.73218699602195,0 33.2729657744305,34.73222386534022,0 33.27305963326325,34.73227774733925,0 33.27311744696922,34.73231093674667,0 33.27308756260491,34.73237726587102,0 33.27298647931339,34.73247579170179,0 33.27296671213676,34.73250906757372,0 33.27285025781958,34.732705107558,0 33.27289149084359,34.73290381236915,0 33.272779499272,34.73319277961641,0 33.27243419529566,34.7332749455734,0 33.27297141672352,34.73393990133679,0 33.27309755697672,34.73409603250566,0 33.27297202249046,34.73412412945831,0 33.27270361909067,34.73418420292219,0 33.27278858711522,34.73444514061737,0 33.27221948195871,34.73472591895887,0 33.27191040874446,34.73526167583474,0 33.27139470350198,34.73570102116081,0 33.27148936078235,34.73602819299099,0 33.27171049706293,34.73627713760922,0 33.27166180289844,34.7364015535461,0 33.27107081217637,34.73665422167185,0 33.27100496377474,34.73702749568376,0 33.2705988447786,34.7371256908332,0 33.27061334582903,34.73729026765953,0 33.27089768608168,34.73757335501808,0 33.26965953730781,34.73847203084235,0 33.26958167914106,34.73856030860924,0 33.26963758234973,34.7386004694626,0 33.26919973522384,34.73889733787221,0 33.2693893405644,34.73900377993541,0 33.26892958443347,34.73933877182046,0 33.26839935476869,34.73959144961621,0 33.26828757043329,34.73946697394326,0 33.26747257186706,34.74018716584999,0 33.26705174942709,34.74044991380558,0 33.26705113947671,34.74150558607725,0 33.26733789069817,34.7418268153522,0 33.2671432429923,34.74202342239856,0 33.2672379158272,34.74230644443307,0 33.26710894355725,34.74246695244978,0 33.26728127086346,34.74302696694433,0 33.26692839409926,34.74351051196692,0 33.26739042938856,34.74349463787858,0 33.26752412208379,34.74358700834808,0 33.26726120347457,34.74409467361867,0 33.26712988175109,34.74410867115763,0 33.2671224263886,34.74438563123466,0 33.26694973288697,34.74445380075326,0 33.26707612084701,34.74456222652918,0 33.2676864974262,34.7445504241616,0 33.26781050342413,34.74457455504206,0 33.26850377865542,34.74416941231937,0 33.26886351994798,34.74444651256696,0 33.26905570738678,34.74430810309487,0 33.26978539505833,34.7442112025692,0 33.26997795429352,34.74433911168837,0 33.2698864325182,34.74461051500327,0 33.26978560906988,34.74472817820119,0 33.26957310655197,34.74533185688168,0 33.26984512340798,34.74596215010116,0 33.2692953359459,34.74632721607212,0 33.26913250298306,34.74615254810117,0 33.26879683586143,34.74629290966313,0 33.268735961518,34.74643538127748,0 33.26867760173519,34.74643134528084,0 33.26869713379531,34.74629086429294,0 33.26840291288351,34.74624258438437,0 33.26840021974552,34.74670820186081,0 33.2684422598415,34.74678171629674,0 33.26852309463998,34.74692306765711,0 33.26859705394276,34.74678177616268,0 33.26872374551393,34.74653973895949,0 33.26904833219165,34.74677332047771,0 33.26906159240437,34.7467819515306,0 33.26973711514415,34.74722168241232,0 33.26956848329135,34.74752228320433,0 33.27020125884617,34.7477505203047,0 33.27024372474856,34.74780691078787,0 33.27001731590891,34.74829415012724,0 33.27014938215616,34.74825536392621,0 33.27033893762332,34.748561107706,0 33.27067875818096,34.74885563123977,0 33.27070423723341,34.74945821891774,0 33.27093490575412,34.74952219383925,0 33.27111071441983,34.7500020644033,0 33.27124607664507,34.75026554688225,0 33.27117337294992,34.75033977647852,0 33.2705747278052,34.75038668498101,0 33.27044308514866,34.75067366650036,0 33.27065944661584,34.75090890089811,0 33.27098107069825,34.75119088850131,0 33.27166661297846,34.75216077231894,0 33.27175913353957,34.75228858691492,0 33.27190767328298,34.7526882697595,0 33.27249968507256,34.75257823569209,0 33.27261809379211,34.75254319952021,0 33.27258325081979,34.75241039491992,0 33.27297802488292,34.75214244014907,0 33.27303138646787,34.75216999358323,0 33.27351216087907,34.75241823188134,0 33.27338754851154,34.75271759937809,0 33.27329487069928,34.7528967122761,0 33.27317943990585,34.75304575111382,0 33.27303444891369,34.7531005001843,0 33.27298056390257,34.753120847968,0 33.27273312474885,34.75318340035852,0 33.27234598321338,34.7533586517107,0 33.27271152695238,34.75386238952705,0 33.27264604796962,34.75427703060279,0 33.27296163361545,34.75453520879205,0 33.27303963807584,34.75467709965096,0 33.27316484024867,34.75490484339274,0 33.27328619886887,34.75504519448862,0 33.27336655285939,34.75523188245212,0 33.27324499929617,34.7554761302042,0 33.27331318193271,34.755717935566,0 33.27340419213682,34.75584449647675,0 33.27348459842256,34.7559284582673,0 33.27341625955261,34.75599733728232,0 33.27327968179434,34.75593214732858,0 33.27307006847045,34.75621519841993,0 33.27331715240288,34.7568804989576,0 33.27358428560979,34.75691692117964,0 33.27390253924378,34.75794303951988,0 33.27394785934899,34.75838402662215,0 33.27396544362588,34.75965934141108,0 33.27424772943145,34.75976967842373,0 33.27454978906057,34.75980485783909,0 33.2739953826047,34.76050747042923,0 33.27417900593742,34.76061276411441,0 33.27393756022842,34.7607905742154,0 33.27380091444411,34.7608406385284,0 33.27335160258342,34.76081918902141,0 33.27306009596396,34.760891529861,0 33.27295839611751,34.76091676798099,0 33.27277319638935,34.76092672674454,0 33.27261228954232,34.76092667061138,0 33.27253645404486,34.76080387311349,0 33.27185129492594,34.76128860344354,0 33.27167476566031,34.7614561316992,0 33.27144934930027,34.76165586967393,0 33.27135515577231,34.76171689029911,0 33.27123746097831,34.76170852284709,0 33.27118700509504,34.76173348216639,0 33.27116675485795,34.76187223579546,0 33.27115990315183,34.76211090533486,0 33.27127081375256,34.7622330549064,0 33.27139180612033,34.76236630952343,0 33.27145235038343,34.76234413026998,0 33.27152304233292,34.76220816864046,0 33.27182912950892,34.76208339076452,0 33.27210157314142,34.76198357931385,0 33.27228320837835,34.76190593621608,0 33.27250855894027,34.76182553391271,0 33.27274063888267,34.76174513234592,0 33.27292563556574,34.76167026446831,0 33.27305680407316,34.7616314564296,0 33.27306253127434,34.76163116954267,0 33.27338637572328,34.7616149179502,0 33.27343684354689,34.76156498094616,0 33.27346380443432,34.76144842925122,0 33.27348400047781,34.76141235885301,0 33.27365888495042,34.76137911494476,0 33.27373287805126,34.76135971328046,0 33.27380011946482,34.76139026402349,0 33.27389401267087,34.76192591844118,0 33.27375604447456,34.76210903843062,0 33.27361807280985,34.76229493296055,0 33.27361468712041,34.7623421094487,0 33.27368863068322,34.76242261670407,0 33.27373906591875,34.76243651021318,0 33.274102244529,34.76246438667997,0 33.27420986189165,34.76245332055264,0 33.27418289933615,34.76257542358424,0 33.27387670915262,34.76291389950574,0 33.2737824399105,34.76312756361772,0 33.27362073673328,34.76369920816164,0 33.27358030685335,34.76384628288177,0 33.27359032360529,34.76399060026652,0 33.27380192458149,34.76452351818457,0 33.27388927987067,34.76468728816842,0 33.27390942154322,34.76476222715191,0 33.27378164347353,34.76472888107841,0 33.2737345013567,34.76485097615434,0 33.27371424030466,34.7650174815773,0 33.27386527240974,34.76562808796686,0 33.27391227564009,34.76578629470286,0 33.27391896911276,34.76585290288884,0 33.27369689362961,34.76608317160539,0 33.27355555822736,34.76626074133389,0 33.27340751709668,34.76639390204652,0 33.27341086787754,34.76641887936361,0 33.27363274613428,34.76658546998593,0 33.27370331150529,34.76670205393959,0 33.27377384465914,34.76688524492857,0 33.27381741908496,34.76717665896067,0 33.27383416126137,34.76732652762892,0 33.2738105332543,34.76750136194109,0 33.27382055749838,34.76763180214252,0 33.27400884124348,34.7677317740464,0 33.27430808304088,34.7678845150333,0 33.27437190083637,34.76805105008481,0 33.27440207269543,34.76824532579999,0 33.27443231999948,34.76828974191682,0 33.27456345650485,34.76833696306783,0 33.27477866527065,34.76840364166706,0 33.2747819733224,34.76851742714717,0 33.2744554951107,34.76903906604171,0 33.27440500405104,34.76912507984593,0 33.27465721552461,34.76918066933723,0 33.27468410683112,34.76920843219468,0 33.27461659186348,34.76972460375912,0 33.27449172292184,34.77060431583917,0 33.27450514820965,34.77065982532923,0 33.27602523539262,34.77084626282441,0 33.27605884874742,34.7708879016023,0 33.27587345208862,34.77177036995875,0 33.27586665873216,34.77191468087351,0 33.27586977466607,34.77244197908819,0 33.27583605106476,34.77263068471463,0 33.27576190035219,34.77296091346536,0 33.27572145249352,34.77315794391587,0 33.27532124761705,34.77309398247005,0 33.27524389515071,34.77308285759184,0 33.27534107499462,34.77382943002863,0 33.27537772417327,34.77455377855835,0 33.27547854859817,34.77471200151319,0 33.27553906018954,34.77477030068015,0 33.27554237408877,34.77487853482702,0 33.27540434641494,34.77514213862471,0 33.27556908836866,34.77528650570842,0 33.27569010462647,34.77541975565111,0 33.27576739948746,34.77556131949576,0 33.27573833561694,34.77579550741051,0 33.27572338439185,34.77591597421404,0 33.27619000866836,34.77595217016253,0 33.27617858677493,34.77646770181619,0 33.27612409516998,34.77678120992302,0 33.27594496851189,34.77715011205896,0 33.27603671270816,34.77749430138361,0 33.27596082415067,34.77770852809515,0 33.27593041168981,34.77803092212483,0 33.27582414134951,34.77850921206428,0 33.27579576308945,34.77871919600419,0 33.27588481339951,34.77888164055494,0 33.27617031778914,34.77902264369239,0 33.27671453561566,34.77934947700453,0 33.27679927856025,34.77956533116942,0 33.27680626292034,34.77971699896428,0 33.2767000797273,34.78002612551358,0 33.2764738250989,34.78006688691197,0 33.27632533226434,34.78011933818879,0 33.27622607211441,34.78072596004058,0 33.27613417073737,34.78070843146689,0 33.27591527226019,34.78013087390902,0 33.27571735084504,34.78006664459085,0 33.27520828222708,34.78014814425401,0 33.27470466738042,34.78009371860541,0 33.27454178193184,34.78019197166795,0 33.2744424042228,34.78037544573413,0 33.27439496018436,34.78073702882874,0 33.27439486298908,34.78093535859504,0 33.27467729953489,34.78167626910706,0 33.27460650402672,34.7818862419991,0 33.27460642719133,34.7820437383933,0 33.27480419597892,34.78242879558265,0 33.2747758477056,34.7825804494347,0 33.27422277268457,34.78279046312129,0 33.27448467589348,34.7832624254508,0 33.27420278387219,34.78335024150632,0 33.27361077625351,34.78348496209412,0 33.27313515198776,34.78367473570902,0 33.2728238893872,34.78379892784369,0 33.27291531478931,34.78426790849747,0 33.27254989928145,34.78428416553416,0 33.27175933399077,34.78461813323963,0 33.27176309250738,34.78502119577417,0 33.27166374589783,34.78511946713592,0 33.27169901465267,34.78518100296692,0 33.27117491294992,34.78567309304341,0 33.27129399242336,34.78581732034434,0 33.27160785320999,34.78566341704578,0 33.27116827045749,34.7860732922401,0 33.2711043727178,34.78657492458764,0 33.27093457431281,34.78677902632382,0 33.27070956910338,34.78685589017418,0 33.27016557299036,34.78656076755814,0 33.27008209904361,34.78667215372877,0 33.26997458387773,34.7871767596673,0 33.26993848466189,34.78781902262603,0 33.26922339791572,34.78805796958949,0 33.26931866315547,34.78816941950511,0 33.26965614168572,34.78842514560598,0 33.26958314864808,34.78856348786294,0 33.26870609127825,34.78911731195841,0 33.26842410707023,34.78968957070828,0 33.26828148809732,34.78976463474574,0 33.26833789928055,34.79003881438096,0 33.26808430211457,34.79029833887351,0 33.26795430643099,34.79043137167739,0 33.26798568509238,34.79063929186508,0 33.26750848958766,34.79092869286734,0 33.26750825561995,34.79133708342812,0 33.26756213359227,34.79155986161702,0 33.26784535343227,34.79208345403192,0 33.2676833005133,34.79215764423444,0 33.26744040771421,34.7919385042734,0 33.26700831905421,34.79202372455185,0 33.26704870328329,34.79223536080706,0 33.26670661284776,34.79233917967698,0 33.26718805565555,34.79251015124916,0 33.26710679212023,34.79295192285655,0 33.26723698664192,34.79350515858998,0 33.26653486987543,34.79358284673538,0 33.26619255332763,34.79406163938216,0 33.26572900197353,34.7940651655398,0 33.26558923898531,34.79448092424917,0 33.26537299831512,34.79484096292801,0 33.26520623225478,34.79525299661655,0 33.26541322956647,34.79529763258599,0 33.26566974664415,34.79532001497951,0 33.2650033434114,34.79649990016588,0 33.2649030474247,34.79667747253434,0 33.26471088433868,34.79701769312367,0 33.26458124139941,34.7973246183886,0 33.26428977345845,34.79764037228647,0 33.26427877805668,34.79797848855662,0 33.26438112336351,34.7982143248095,0 33.26361981446076,34.79940632620978,0 33.263290576119,34.79972651075843,0 33.26326876342462,34.8001002126087,0 33.26311227155532,34.8001935748056,0 33.26315536143009,34.80030036799177,0 33.26330090073238,34.80046949148103,0 33.26369464857373,34.80051859399845,0 33.26378628775183,34.80061651060378,0 33.26376461995424,34.80075886835282,0 33.26322507813531,34.80094549716758,0 33.26316568828373,34.80103889997682,0 33.26369415178277,34.80131940738573,0 33.26366713148757,34.80139502852273,0 33.26352137396019,34.80157292527864,0 33.26367755182758,34.80199119257014,0 33.2635749892159,34.8021068215931,0 33.26235039798303,34.80223086907259,0 33.26162204807659,34.80241295675416,0 33.26068835673819,34.80311992713604,0 33.26051023083167,34.80329780394847,0 33.26036448088096,34.8034490048228,0 33.2600729694608,34.80377364673645,0 33.25965191803502,34.8041961062049,0 33.25923089679367,34.80457407378006,0 33.25893308685914,34.80479999911761,0 33.25883688616179,34.8049175135504,0 33.25876774139593,34.80506245029691,0 33.25874861414871,34.80549734955034,0 33.25868842076117,34.80632053986248,0 33.25855954520012,34.80660006422874,0 33.25821097605287,34.8068794850655,0 33.25748265081094,34.80712248435109,0 33.2564278776507,34.80741191905162,0 33.25572153275148,34.80763420737869,0 33.25517527110841,34.80782550662411,0 33.25496173867524,34.80797295870349,0 33.25486744445174,34.80815930094764,0 33.25481076992835,34.80840779167671,0 33.25483858870737,34.80899544855043,0 33.25482886519671,34.80941740763505,0 33.25470919786856,34.80996098203564,0 33.25453618174494,34.81049158778885,0 33.25450161724985,34.81054334399215,0 33.25438541806705,34.81063648169262,0 33.25419707192272,34.8106674525593,0 33.25397734520534,34.8106880507073,0 33.25373880680417,34.81067498776308,0 33.25324606139733,34.81062814162949,0 33.25208479584519,34.81054211750315,0 33.25189022413729,34.81050577447257,0 33.25142896911572,34.81032432381831,0 33.2513380053427,34.81025179059657,0 33.25104613812557,34.81020762869894,0 33.25078880291029,34.81015571906529,0 33.25062556229107,34.8101918746159,0 33.25033043816234,34.81030044461721,0 33.25002590817302,34.81039088877804,0 33.24965867721554,34.81039328067632,0 33.24938558312418,34.81042419888436,0 33.2492349688829,34.81036975318152,0 33.24909380556397,34.81027130514101,0 33.24894320588938,34.81019356188673,0 33.24886473660808,34.81019869660477,0 33.248331087119,34.81027865582291,0 33.2482494227309,34.81035368453283,0 33.24817706280287,34.8105607426881,0 33.24808559424559,34.81111468197278,0 33.24800068233714,34.81131655609081,0 33.24785305723866,34.81144591159013,0 33.24768975423011,34.81155454737083,0 33.24759863087804,34.81167357858367,0 33.24748554559571,34.81178483248556,0 33.24745089750908,34.81193495882141,0 33.24734083179116,34.8121860046802,0 33.24725915410824,34.8122739757973,0 33.24703613549711,34.81247318470679,0 33.24684768388548,34.81262322545285,0 33.24666555436477,34.81271890719655,0 33.24639555207148,34.81279123870434,0 33.24623227867387,34.81285845339727,0 33.24614118506759,34.81294383040038,0 33.24606579095956,34.81301627129071,0 33.24600293707128,34.81310684204446,0 33.24588982730825,34.81324397971525,0 33.2458112613481,34.81335524882404,0 33.24582060885749,34.81343809509428,0 33.24587388799742,34.81353649731822,0 33.24581418122857,34.81361671293056,0 33.24567303580559,34.81349755096352,0 33.24508000413195,34.81324869368057,0 33.24336683352311,34.81252026394083,0 33.24246318342389,34.81214695065145,0 33.24240981558598,34.81215727404457,0 33.24242514233392,34.81257665718475,0 33.24218964189338,34.81267747677537,0 33.24198872433238,34.81271618824255,0 33.24126370771365,34.81266138710176,0 33.24136084166891,34.81285042299994,0 33.24104360121971,34.8130987494777,0 33.24151102945142,34.813386382282,0 33.24162081137197,34.81347446527109,0 33.24153592912526,34.8136245598314,0 33.24204738147768,34.81382937862022,0 33.2428318173463,34.81414308266135,0 33.24244846454353,34.81461400337846,0 33.24232908654081,34.81473042400995,0 33.24153509153295,34.81456944635229,0 33.24125571255016,34.81458739771648,0 33.24043951280449,34.81468785930682,0 33.24010971981125,34.81492064541749,0 33.23993697548967,34.81503185403093,0 33.23951641063113,34.81498499662666,0 33.23927148566296,34.81508321579069,0 33.23910813731126,34.81521772803855,0 33.23902332065881,34.81529015963313,0 33.23912055747927,34.81536529308044,0 33.23922416816854,34.81533688207307,0 33.23930264497267,34.8153343416204,0 33.23935280460472,34.81539909167199,0 33.23936842664445,34.81547935153223,0 33.2390511029739,34.81580015601067,0 33.23860884200941,34.81614523563002,0 33.23851713528729,34.81621907402007,0 33.23829330124673,34.81640991378019,0 33.23815659241946,34.81656326520119,0 33.23834630639097,34.81688168612461,0 33.23852807689982,34.81722948531542,0 33.23856830756493,34.81730251784548,0 33.23859372823017,34.81735197396822,0 33.23858938587492,34.81748252992305,0 33.23859327310853,34.81805816996103,0 33.23858044389431,34.81838846200451,0 33.23853875614014,34.81852228499996,0 33.23845951006335,34.81860221885429,0 33.23793860497162,34.81897568890616,0 33.2377662483091,34.81914207692773,0 33.23759513966533,34.81929375867863,0 33.23704306534869,34.81978314757016,0 33.2369679238749,34.81990066480139,0 33.23700864290483,34.82048542595523,0 33.23713579396908,34.82090936185344,0 33.23724068439193,34.82107340192675,0 33.23721050120649,34.82125901202988,0 33.23713162699637,34.82135487111859,0 33.2357622224081,34.8214158625077,0 33.23539353933582,34.82247680719027,0 33.23517938389913,34.82279842479932,0 33.2349346406576,34.82370785025112,0 33.23489677309127,34.82406980388173,0 33.23492663451058,34.82422760931929,0 33.23515148587784,34.82449073232614,0 33.23524411452143,34.82491795843386,0 33.23528968706545,34.8251281527773,0 33.23534967524603,34.82517150473824,0 33.23575479957699,34.82524602134305,0 33.23672287720213,34.82512908401476,0 33.23680165206058,34.82513841579227,0 33.23639200780498,34.82587448293568,0 33.23622676413983,34.82604763101275,0 33.2358476387378,34.82624229662737,0 33.23543476247832,34.82641837444747,0 33.2342938108434,34.82681053930886,0 33.23403092290733,34.82707333960702,0 33.23341906373802,34.82737922081688,0 33.23368481033072,34.82802910218417,0 33.23353827880552,34.82823629088084,0 33.23291139278347,34.82855143911777,0 33.2326526661613,34.82839347980872,0 33.2323225701909,34.82831590972323,0 33.23177101742055,34.8283310017926,0 33.2302888453462,34.82847538831234,0 33.22896795159507,34.82867555877278,0 33.22730182199938,34.82891568709303,0 33.22704646736592,34.82911969621001,0 33.2268846373164,34.82958674776716,0 33.22641029078581,34.83107143928605,0 33.2263513983981,34.83124222142945,0 33.22608284098506,34.83202100620843,0 33.22541706675395,34.83379083960767,0 33.22423403625648,34.83693549898526,0 33.21944466274815,34.83874751561083,0 33.21983720167707,34.83877150748162,0 33.21998078837955,34.83880319709041,0 33.22066956786791,34.83933265551277,0 33.22025698571564,34.84008229687486,0 33.22062040388409,34.84046150820236,0 33.22039957135524,34.84099025430843,0 33.22012141426931,34.84140843279155,0 33.21978622575015,34.84146343142567,0 33.21941277738225,34.84147892723416,0 33.21924974442389,34.84169983287713,0 33.21834938741394,34.84195174695786,0 33.2177175513111,34.84184862055446,0 33.21765029398154,34.84204592212246,0 33.21768834199307,34.84225909816352,0 33.21762116734318,34.84238535544277,0 33.2172573385753,34.84236138001283,0 33.21712307876101,34.84253494407439,0 33.21724728756589,34.84276398336352,0 33.21724710104261,34.84292186710405,0 33.21720868726971,34.84301656893093,0 33.21668232949004,34.84277931598004,0 33.21619380285187,34.84293680390327,0 33.21630841372802,34.84318161942983,0 33.21626033068294,34.84335524829826,0 33.21566624439418,34.84370212325832,0 33.2159721551681,34.84412077321204,0 33.21561749387303,34.84442836109807,0 33.21430543886939,34.84460884846651,0 33.21373107656146,34.84447416573033,0 33.21403688194149,34.84497176508314,0 33.21422821042625,34.84512191253419,0 33.2144101349722,34.84512995833835,0 33.21457262863854,34.84536691510612,0 33.21417024690965,34.84554025981987,0 33.21317406648175,34.84579994580669,0 33.212190053253,34.84523153422505,0 33.21177552074546,34.84489583681563,0 33.21174956144482,34.84492730742052,0 33.21149397799937,34.84529713068763,0 33.21141610614097,34.84538479494477,0 33.21109392528487,34.84555210631358,0 33.21078792689983,34.84586902298052,0 33.21066075501012,34.84610173505496,0 33.2105115164554,34.84652113645337,0 33.21051283152094,34.84656050404906,0 33.21088330491487,34.84704896041771,0 33.21071956839902,34.8470645670096,0 33.21011246486531,34.84705392184773,0 33.20996645821498,34.84707629011508,0 33.20935897951677,34.84735919949399,0 33.20893450307606,34.84749604811469,0 33.20862612847763,34.84752614674773,0 33.20874698639017,34.8479682766055,0 33.20851505448788,34.84796469903901,0 33.20794606556392,34.84801818701093,0 33.20726518316145,34.84808282105141,0 33.20685876272603,34.84797111039827,0 33.20663772259527,34.8479866602003,0 33.20616701392986,34.84799973578797,0 33.20603606030721,34.84798387313577,0 33.20546038438135,34.84793274138791,0 33.20525161897231,34.84795167360934,0 33.20463188560615,34.84820080638508,0 33.20454967344223,34.84824289087523,0 33.20432911789176,34.84825279169858,0 33.20411473368781,34.84822986543109,0 33.20386659835075,34.84824984481801,0 33.20375617573275,34.84827834254352,0 33.20299224160884,34.84847548932772,0 33.20249346716296,34.84880212676167,0 33.20216552645613,34.84886940471145,0 33.20188031072299,34.84886102981909,0 33.20137544772827,34.84884433896124,0 33.20074895540444,34.84906271743321,0 33.20031612316713,34.84911637491642,0 33.19950596117265,34.84938593700556,0 33.19912555005014,34.8494585644854,0 33.19864347609285,34.8495527175749,0 33.19842695833275,34.84964982886982,0 33.19827258011474,34.84985512950548,0 33.19843618807445,34.85007965779621,0 33.19754416732516,34.85026532713594,0 33.19680373908876,34.84990236930889,0 33.19623320621426,34.84995047203576,0 33.19609892372806,34.84985572551478,0 33.19595476579651,34.84978800305337,0 33.19523381590184,34.84956292316795,0 33.19507990560965,34.84944112299353,0 33.19496895632399,34.8490841793981,0 33.19451328652479,34.84905669632161,0 33.19386037220121,34.84939395742364,0 33.19394327309492,34.84875336311059,0 33.19370067549855,34.84874771359232,0 33.1936343903539,34.84923423904458,0 33.19356535195411,34.84936392766833,0 33.19300768668555,34.84957963268133,0 33.1928077160775,34.84956591518372,0 33.19264373141894,34.84960629939959,0 33.19285641587389,34.84989035766683,0 33.19276775762211,34.84998218003719,0 33.19235787373344,34.8500304263449,0 33.19202350778578,34.85000035140803,0 33.19181379800162,34.84992174515912,0 33.19147666196299,34.84955375605556,0 33.19121105381682,34.84958862726558,0 33.19095877934537,34.8494748325865,0 33.19083436727955,34.84935846512537,0 33.19117560967667,34.84917498835092,0 33.19110039260564,34.84904785985285,0 33.19058225193462,34.84914194482083,0 33.19054923182216,34.84929599825028,0 33.19015262768598,34.84923611910113,0 33.18935962470165,34.84897848992691,0 33.18915355567338,34.84866469622589,0 33.18902904455885,34.84861861121311,0 33.18864526935024,34.84874526744111,0 33.1886448019145,34.84905073851357,0 33.1881460391584,34.84933406114826,0 33.18776261212457,34.84923093836621,0 33.18740763523598,34.84981177180946,0 33.18714552888592,34.8497006616688,0 33.18673287283669,34.84941908385053,0 33.18591731086714,34.84891811533839,0 33.18579211480706,34.84908186912119,0 33.1857420100767,34.84914740435153,0 33.18559928286638,34.84914082439948,0 33.18530051897464,34.84911902405109,0 33.18507983121356,34.84915745528687,0 33.1848070162853,34.84920585603211,0 33.18478598662358,34.84932040172956,0 33.18436525282144,34.84953190258882,0 33.18424013083956,34.84955897789131,0 33.18409248424944,34.84954736182096,0 33.18402643146284,34.84957306833028,0 33.18400867278315,34.84981650889918,0 33.18398251225288,34.84988092543493,0 33.18383993163865,34.84996240121839,0 33.18384496978282,34.85007124714146,0 33.18389170766456,34.8501758418932,0 33.18391589693927,34.85025893060665,0 33.18405109348878,34.85045241045916,0 33.18394144863068,34.85057831759352,0 33.18373294897137,34.8505995751862,0 33.18357995054999,34.85067531064487,0 33.18338691261965,34.85080399157268,0 33.18328238746201,34.85098575676324,0 33.18329793874567,34.851038761942,0 33.18326101228001,34.85131798268093,0 33.18325565737651,34.85140676810442,0 33.18319483637372,34.85141815848339,0 33.1830714831808,34.85142375380684,0 33.18297904633208,34.85164992570944,0 33.18295456688205,34.85174871441261,0 33.18290068449851,34.85176727334252,0 33.18284169638656,34.85171708644883,0 33.18252897213241,34.85172963467121,0 33.18228398273414,34.85175228138476,0 33.18227693181193,34.85181528607313,0 33.18229940422034,34.85188548334162,0 33.18233405970782,34.85194137348229,0 33.18245025440844,34.85206752641879,0 33.1825578202344,34.8521564344285,0 33.18278158641307,34.85237006254354,0 33.18300017075151,34.8525650668998,0 33.1827566360236,34.85276100139761,0 33.1826504809061,34.85287545369109,0 33.18264860971687,34.85295851414516,0 33.1827350995089,34.85319204232896,0 33.18263948608845,34.85323203717004,0 33.18255303460762,34.85297416344774,0 33.18236368202804,34.8529667960147,0 33.18230987721558,34.85293666373556,0 33.18213982040209,34.85281331643567,0 33.18205479613935,34.85275021073842,0 33.18201309964854,34.85275159737199,0 33.18194877568146,34.85277873706603,0 33.18192958870895,34.85282597551845,0 33.18198135456112,34.85304514472871,0 33.18202111215339,34.85316978167546,0 33.18200707214218,34.85325712417792,0 33.18195983476794,34.85346329657735,0 33.18189872259647,34.85365369993658,0 33.18174400811769,34.8537122468116,0 33.18153208519772,34.85369482911398,0 33.18149208979121,34.85371913144977,0 33.18130565029387,34.85405690360597,0 33.18117886894687,34.85403098569356,0 33.18096356439966,34.85395627870299,0 33.18069275172828,34.8538299548531,0 33.18037157450135,34.85369354938263,0 33.18019446040237,34.85363749934763,0 33.17987496940358,34.85353403348751,0 33.17964402245268,34.85346503632407,0 33.17966176663961,34.85323735024886,0 33.1796915669321,34.85307555574674,0 33.17965349400769,34.8529852904724,0 33.17962078242732,34.85280480842727,0 33.17957241356726,34.85263576542819,0 33.17960384307904,34.85253984908103,0 33.17960417884158,34.85233505843226,0 33.17954188896181,34.85218175361917,0 33.17953344004792,34.85203710073737,0 33.17948663133784,34.8519769007791,0 33.1792954171158,34.85204829266931,0 33.17899647867205,34.85212672450016,0 33.17881408003668,34.85211792692929,0 33.17858652660582,34.85210048650063,0 33.17844923171238,34.85213183937087,0 33.17838142341362,34.8521647010834,0 33.17830491492869,34.85220614648505,0 33.1782492152656,34.85227052934975,0 33.17826983953366,34.85240660251625,0 33.17826455056557,34.85245242368162,0 33.17821926451003,34.85252397851533,0 33.1781167147647,34.85255393783553,0 33.17789600708537,34.85259808386716,0 33.17777952712585,34.85264807633376,0 33.17764227532199,34.85265221800832,0 33.17742690074759,34.85262476416754,0 33.17723060849897,34.85261165212989,0 33.17705321523312,34.85272745274584,0 33.17700279432861,34.85275174084175,0 33.17682035386643,34.85276585516357,0 33.17638597895942,34.8527997313024,0 33.1761931882612,34.85277086871612,0 33.17598478523757,34.85272909893979,0 33.17567383970939,34.85271442215483,0 33.17562859271806,34.8527601981483,0 33.17564931860488,34.85283182705943,0 33.17568727318627,34.85298940221665,0 33.17570791921961,34.85310829056411,0 33.17561406810647,34.85313109753842,0 33.17540033476833,34.85315949418933,0 33.17532561494662,34.85316943311874,0 33.17489449722993,34.85332790103925,0 33.17475381984796,34.85330339274615,0 33.17467915839902,34.85327896077054,0 33.17463391922013,34.85331900767533,0 33.17456601887539,34.85340628782873,0 33.1746699524702,34.85358398896261,0 33.17470799474025,34.85368857714983,0 33.17470262890376,34.8537802260938,0 33.17460175643613,34.85384455406608,0 33.17438289383113,34.85382138713891,0 33.1740874476161,34.85388405809621,0 33.17389645145946,34.85382225579547,0 33.17352898153134,34.853667065358,0 33.17346553547613,34.85386042188,0 33.17344633738377,34.85391052381232,0 33.17344791115321,34.8540064762332,0 33.1733903678468,34.85412957081761,0 33.17330865904726,34.85416241345497,0 33.17279760248695,34.85433080548681,0 33.17258203713115,34.85441075181148,0 33.17250372650208,34.85448656112349,0 33.17253135615986,34.85458397750105,0 33.17250508465369,34.85470710752107,0 33.17234860617287,34.8547770978488,0 33.1721661057578,34.85482271089198,0 33.17192112635846,34.8548338793174,0 33.1717108405314,34.854873731033,0 33.17154382744464,34.85500671938252,0 33.17144293634355,34.85507820585845,0 33.17125699628959,34.85510519576189,0 33.17111798203902,34.85512221695917,0 33.17069717418894,34.85533653444006,0 33.17073704135277,34.85538956926828,0 33.17069521171769,34.85546542174224,0 33.17069338368197,34.85551697542189,0 33.17079742919656,34.85562880272928,0 33.17042523207351,34.85586036238973,0 33.17003393488766,34.85608616842656,0 33.16996777948475,34.85616342394935,0 33.16981799832418,34.85637376522173,0 33.16970147671486,34.85644093519913,0 33.16951037161617,34.85643927440933,0 33.16933136490042,34.85647343083644,0 33.16914546701487,34.85647320724437,0 33.1690551048651,34.85648455591114,0 33.16892991248824,34.85654312206301,0 33.16880631815214,34.85667902379482,0 33.16870367185248,34.85675909851625,0 33.16872782238625,34.85685651063713,0 33.1688214109075,34.85698694467959,0 33.16888729903685,34.85706006159094,0 33.16869276652972,34.85703118505783,0 33.16834540370678,34.85696918611452,0 33.16822032022114,34.85696473836817,0 33.16782066105578,34.85700148995274,0 33.16758251337313,34.85707280736133,0 33.16725744269192,34.85717552411897,0 33.16719328777185,34.85710384084938,0 33.16700952104231,34.85688450512268,0 33.16695225045326,34.85685006460616,0 33.16693307198953,34.85688727656243,0 33.16687725945105,34.85700893685371,0 33.16646871865477,34.85715164967131,0 33.16642702701263,34.85715016615584,0 33.16633169660853,34.85702402444506,0 33.16617548800314,34.85693933870974,0 33.16609911177535,34.85690057801411,0 33.16606768893931,34.85698503431737,0 33.16603258267354,34.85718262195029,0 33.16601331263046,34.85727138859453,0 33.16569856986467,34.85742567064226,0 33.16564112131854,34.85749004467159,0 33.16535592371049,34.857637201107,0 33.16507768903299,34.85777720434759,0 33.16493182094307,34.85773835784079,0 33.16485180940439,34.85778838219512,0 33.16476131871582,34.85786846865546,0 33.16449169239763,34.85805144533244,0 33.16442019657403,34.85819456662685,0 33.16433320255435,34.85826320055133,0 33.16426891039632,34.85826741694021,0 33.16425669445908,34.858297475991,0 33.16404957865602,34.85849771379535,0 33.16401126406177,34.85854779041523,0 33.16392443111468,34.85852763302385,0 33.16372996151908,34.85846294567497,0 33.16367783644931,34.85846431302166,0 33.16351267832857,34.85852139130188,0 33.1635021708444,34.85856720528643,0 33.16327593221099,34.85877314749754,0 33.16306185763018,34.85897623792048,0 33.16291587883868,34.85899610495174,0 33.16277510575941,34.85901884316304,0 33.16270901536414,34.85905599552721,0 33.1625994484485,34.85911600540639,0 33.16234740352682,34.85918013487662,0 33.16219441908544,34.85923149796221,0 33.1620295339368,34.85913963576803,0 33.16158528273154,34.85885551988508,0 33.16137869862487,34.85876646882394,0 33.16117559252451,34.85867455701403,0 33.1611026518853,34.85865871065234,0 33.16094799088694,34.85867569948576,0 33.16093067137016,34.85864703653291,0 33.16088056575451,34.85849660160337,0 33.16071981516352,34.85805387601383,0 33.16061929432185,34.85792199446885,0 33.16042008212131,34.85760810910065,0 33.16028314395705,34.85744037873628,0 33.16029020782861,34.85738024014006,0 33.16023152700144,34.85717107785633,0 33.16012060707079,34.85702629362963,0 33.16007398043561,34.85687586275829,0 33.16000456443363,34.85683424409933,0 33.15986051681651,34.85675242969194,0 33.15982248110091,34.8566535664833,0 33.15976699884838,34.85659334602214,0 33.15960731746024,34.85651007978222,0 33.15945117239125,34.85639531209577,0 33.1593853297878,34.85632589133799,0 33.15935216970185,34.85610550816921,0 33.15930660864134,34.85588622927534,0 33.15919504168954,34.85584548927388,0 33.158971673253,34.85588579943674,0 33.1587255313074,34.85581241039737,0 33.15852820249217,34.85597454083058,0 33.15833126867405,34.85592827903029,0 33.15787184694185,34.85577071264768,0 33.15761185163062,34.85607620271791,0 33.15721396285349,34.85637068808181,0 33.15703584404832,34.85678724573,0 33.15676004735442,34.85676794184316,0 33.15517134368275,34.85644109213007,0 33.15500695223599,34.85654642775036,0 33.15478071812016,34.85637021141305,0 33.15466908078962,34.85636465177692,0 33.15392912758271,34.8569374368444,0 33.15350950611643,34.85657962983662,0 33.15296815505094,34.85634074483941,0 33.1522102463865,34.85602037268103,0 33.15198352130216,34.85609584962939,0 33.15173721960362,34.85610634443749,0 33.15156337385718,34.85601138629122,0 33.15105826273783,34.85571841116813,0 33.15060509869584,34.85572321177853,0 33.15030632341068,34.8557038631043,0 33.15003027394747,34.8558117458398,0 33.14984322516767,34.85575194988793,0 33.14983959142733,34.85592515685678,0 33.14902095271942,34.85642202507937,0 33.14826514111636,34.85669434065194,0 33.14783455300167,34.85690214382956,0 33.14764084529197,34.85688563833962,0 33.1474834323485,34.85678257744307,0 33.1471648405094,34.85681732206929,0 33.14674133708927,34.85676801975317,0 33.14597290247896,34.8567858989221,0 33.14523721450796,34.85684712174378,0 33.1446727007329,34.85670830445348,0 33.14447565968708,34.85671614780797,0 33.14392329698933,34.85705096870997,0 33.14348246209897,34.85744007239009,0 33.14335707347072,34.85773218941993,0 33.14277492365852,34.8581725141138,0 33.14238992685843,34.85855086785428,0 33.14213307670077,34.85889151363016,0 33.14189961092301,34.85904274094222,0 33.14179736166424,34.85925640241908,0 33.14180683108778,34.85944045353536,0 33.14197369274846,34.85973298514857,0 33.14240236827887,34.86045621047973,0 33.14280808359207,34.86116857528565,0 33.14299070779045,34.86178048602361,0 33.14255062836893,34.86179610191506,0 33.14232706488908,34.86191757331076,0 33.14190311573766,34.86207123729994,0 33.1418926661157,34.86235539567991,0 33.14176455534832,34.86237145203123,0 33.1416762997052,34.86217646450156,0 33.14141698899353,34.86211655412738,0 33.14145004476744,34.86201375606738,0 33.14140431454415,34.86189731337157,0 33.14126639582776,34.86189441053867,0 33.14107896952817,34.86201051911697,0 33.14097323727935,34.86231619279434,0 33.14089413315865,34.86245410858533,0 33.1407659590212,34.86249993426312,0 33.14059531562896,34.86244285458857,0 33.14027657458549,34.86253441400238,0 33.14000791532339,34.86223902896703,0 33.13967948025631,34.86225749779164,0 33.13920664505831,34.86222975343116,0 33.13900651085611,34.86214285564184,0 33.13891837546364,34.86189373673081,0 33.1386362683783,34.86174718218167,0 33.13774813868699,34.8608987788102,0 33.13715977235225,34.86115232425639,0 33.13733958341424,34.86152607430671,0 33.13725710406512,34.86170457744786,0 33.13727961048376,34.86192653714173,0 33.13699343661315,34.862145338305,0 33.13686892839914,34.86201524815807,0 33.13689549425765,34.86187725980405,0 33.13684645839349,34.86177434352449,0 33.13684358438046,34.86158488859219,0 33.13675832344823,34.86152792917004,0 33.13642596586541,34.86184409311915,0 33.13644859605498,34.86200921835342,0 33.13635302786241,34.86216334418478,0 33.1361396282545,34.86213596561205,0 33.13546860823605,34.86263837234242,0 33.13529885123975,34.86270178164574,0 33.13487070643988,34.86286170527107,0 33.13463527421678,34.8629796311927,0 33.13445751440627,34.86315513867219,0 33.13369268141934,34.86293716091272,0 33.13352461076763,34.86323588515857,0 33.13325174209924,34.86315826963926,0 33.13297457556234,34.86326463463337,0 33.13279142676715,34.86333491959904,0 33.13252448684625,34.86328228770599,0 33.13234325856289,34.8633603638193,0 33.1321842675788,34.86361754843482,0 33.13214285983938,34.86391968290257,0 33.13207466593358,34.86405388965682,0 33.13189791708854,34.86415435399046,0 33.13134154490879,34.86398562827723,0 33.131151286438,34.86405249655183,0 33.13028972364535,34.8647451194707,0 33.1297649429813,34.86461747313356,0 33.12916727145586,34.86469864112417,0 33.12904982087743,34.86459399870394,0 33.12881541407238,34.86416459575786,0 33.12837709575609,34.86383561175907,0 33.12782101266794,34.86354375441661,0 33.12721054004021,34.86328538701168,0 33.12711543594695,34.86330762601069,0 33.12712850526997,34.86353149496682,0 33.12721810850737,34.86393828943703,0 33.12719388905519,34.86463591339677,0 33.12726157355713,34.86472928932496,0 33.12747840926378,34.86491989321357,0 33.12731919580236,34.86526661512114,0 33.12726425890735,34.86553887905428,0 33.12783431515452,34.86566287377243,0 33.12793821269655,34.86575630498407,0 33.12796510667523,34.86587199816923,0 33.12786074673583,34.86598376209162,0 33.12753013481291,34.86606159765721,0 33.12744381681221,34.86619950860372,0 33.12734727851194,34.86685225203626,0 33.1276540747408,34.86729669170776,0 33.12725426057828,34.86794523488392,0 33.12777457381956,34.8680542294989,0 33.12800371575589,34.86881193581425,0 33.12806683541949,34.86892395794889,0 33.12840640471281,34.8688909025763,0 33.12852892096264,34.86876051318545,0 33.12861015448318,34.8688688298755,0 33.12871853571528,34.86898464756014,0 33.12835148182532,34.8691594348326,0 33.12856803620213,34.86948061687838,0 33.12845725249056,34.87042807228962,0 33.12797632115975,34.87091233704314,0 33.12761394710095,34.87101624269682,0 33.12753671846762,34.87113551026409,0 33.12750407583152,34.87155704189875,0 33.12759438311264,34.87165791096585,0 33.12822340356976,34.87174841887541,0 33.1283953186889,34.87179345311698,0 33.12842623335963,34.87213673268327,0 33.12803206803397,34.87228163125192,0 33.12795029911522,34.87240835338979,0 33.12801790540617,34.87253903430167,0 33.12876409534613,34.87286849122158,0 33.12932011059139,34.87322003305379,0 33.12950089248447,34.8733508919821,0 33.12975431977971,34.87338485512912,0 33.13022971072429,34.87335573230668,0 33.13087715115435,34.87331567642602,0 33.13102191068989,34.87336066584968,0 33.13114386706366,34.87348023379088,0 33.13132603457968,34.87502506138865,0 33.13145842595099,34.87656235196716,0 33.13137572802636,34.87710692616703,0 33.13136304931684,34.87720121303403,0 33.13132682055748,34.87747062480485,0 33.13116474097656,34.87760180321579,0 33.13114365137555,34.87773128884977,0 33.13154989287045,34.87797379944824,0 33.13179450345019,34.878145588915,0 33.13195774112793,34.878534392722,0 33.13200590193591,34.87870398252502,0 33.13197512186153,34.87903344638988,0 33.13187981857899,34.87927710225721,0 33.13162056387871,34.87945384828491,0 33.13160875376085,34.8795681120277,0 33.1317608449599,34.87977214174634,0 33.13167970813814,34.87988058785263,0 33.13179507151213,34.87997218759588,0 33.13184562889213,34.88010368606672,0 33.13184995375207,34.88023702042092,0 33.13201796826257,34.88035952026259,0 33.13202024258388,34.88057440695209,0 33.13196452275704,34.8806866982407,0 33.13170304660537,34.88081963208847,0 33.13151078455167,34.88100981250648,0 33.1312173678456,34.88095413267096,0 33.13116373232226,34.88116737775725,0 33.13124906000817,34.88125321590898,0 33.13157955147816,34.88126704923803,0 33.13172529738339,34.88120822358608,0 33.13187595132377,34.88101988725673,0 33.13242201306545,34.88075595644089,0 33.13254211239411,34.88079613639037,0 33.13262735792224,34.88092006782876,0 33.13282701713178,34.88156605512157,0 33.13250529962183,34.88176556597303,0 33.13235034674898,34.88180723546358,0 33.13220936446919,34.88180130950731,0 33.13209829201914,34.88185828255716,0 33.13227075189147,34.88226233713468,0 33.13236970550422,34.88245866776155,0 33.13231123037539,34.8827709494735,0 33.13202663098767,34.88290575259477,0 33.13216681066681,34.88327356816848,0 33.13268231309457,34.88324577314129,0 33.13270284750097,34.88336770265604,0 33.13264246105256,34.88349903510235,0 33.13279188941612,34.88386686416337,0 33.13282562305948,34.884291660047,0 33.13277187075465,34.88455823529968,0 33.13281245608176,34.88502113491768,0 33.13283939301589,34.8853830669125,0 33.13290951191457,34.88554360961,0 33.13247075468919,34.88588725566233,0 33.13247962293977,34.8860586889591,0 33.13261585559476,34.88612365354414,0 33.13282612103605,34.88616015785008,0 33.13292384039001,34.88626766724966,0 33.13312911136829,34.88649350048211,0 33.13325697120374,34.8865491949472,0 33.13351943556355,34.88665504390249,0 33.13359333443197,34.8867439604871,0 33.1336398142215,34.88704930060371,0 33.13389493615447,34.88743265641037,0 33.13366559782821,34.88757662417716,0 33.13347028229499,34.88756523267331,0 33.1329647217655,34.88773098616902,0 33.13296419601544,34.88796965212245,0 33.13298408439329,34.88811399209327,0 33.13312518457528,34.88827516185499,0 33.13303238813285,34.88835387384163,0 33.13309787325678,34.88844163253835,0 33.13291904857687,34.88843885071724,0 33.13166073492501,34.88841926680995,0 33.13139939539211,34.88847982189254,0 33.13048359190989,34.88867271214284,0 33.13005109032053,34.88878062136999,0 33.12923403699514,34.88925745046063,0 33.12907692034977,34.88922673572135,0 33.12897973627778,34.8892703939233,0 33.12844610822935,34.88911720144903,0 33.12830924498839,34.88933031566199,0 33.12766643213205,34.88941694146025,0 33.12753220214634,34.88948720835719,0 33.12739332863346,34.8895650854518,0 33.12710428191127,34.88960654251076,0 33.12697002823784,34.88968823641188,0 33.12669690329133,34.88984590170784,0 33.12640801351104,34.88982069338594,0 33.12588731421441,34.89007892037515,0 33.12574590358792,34.89025393146386,0 33.12545426038549,34.890421089086,0 33.12533866602768,34.89042662239014,0 33.12496151259929,34.89058412235413,0 33.12495164839189,34.89085266711701,0 33.12485381335351,34.89096483689688,0 33.12479404255811,34.89103336560722,0 33.1247940699349,34.89103338270652,0 33.1251126159759,34.89121861923324,0 33.12489943189162,34.89144303644913,0 33.12463378933516,34.89135881498567,0 33.12436821301328,34.89169571930231,0 33.12430360458389,34.89173814961674,0 33.1242137279403,34.89177764718039,0 33.12411105243459,34.89180655496769,0 33.12401803099918,34.89181962167096,0 33.12393785490749,34.89182478036658,0 33.12385129598233,34.89181671683048,0 33.12375514172148,34.89179806743547,0 33.1236750373666,34.89177151581015,0 33.12356935605641,34.89172643842747,0 33.12356932759236,34.89172642583622,0 33.12350596826777,34.89169437810396,0 33.12350594089372,34.89169436280722,0 33.12309080023876,34.89136021673105,0 33.12309077504492,34.89136019602336,0 33.12276089163116,34.89107970830903,0 33.1227608664375,34.89107968760128,0 33.12254595230804,34.89105077699151,0 33.12185918994277,34.89114111229257,0 33.12128794846524,34.89125638774199,0 33.12085283923389,34.89147854191746,0 33.12062831962267,34.89160198592327,0 33.12050331721311,34.89167606882497,0 33.12034844694114,34.89167201159922,0 33.11998800111306,34.89160096005354,0 33.11991155572177,34.89166940636327,0 33.11938236767743,34.89159427354976,0 33.11890876776501,34.89147351610183,0 33.11859936991398,34.89133398642124,0 33.11859934145082,34.89133397382882,0 33.11823452549145,34.89116959308654,0 33.11823449812243,34.89116958049293,0 33.11784879710535,34.89102800829294,0 33.11772680610566,34.89081451230215,0 33.11772678856514,34.89081448707871,0 33.11751674864544,34.89069416638553,0 33.11751672127026,34.89069414928455,0 33.11732064406165,34.89053385826122,0 33.11732061777676,34.89053383845482,0 33.11701362931964,34.89035621909353,0 33.11701360085321,34.89035620379639,0 33.11676419684408,34.89025294253722,0 33.11632003744231,34.8903912585674,0 33.11617443922122,34.89037768773472,0 33.11593186928427,34.89031634077762,0 33.11578857297046,34.89030658219703,0 33.11564974355184,34.89036159063312,0 33.11536950677867,34.89058207418724,0 33.11524232850078,34.89059900673821,0 33.11494396605132,34.89066708498353,0 33.114696360686,34.89077524328496,0 33.11451336349857,34.89093112666787,0 33.11425417751357,34.89104878897756,0 33.11407597009845,34.89113610880294,0 33.11386512955344,34.89133384791511,0 33.11371543965716,34.89167853868643,0 33.11371427130743,34.89170163205823,0 33.11367325205833,34.89178411283967,0 33.11364624391593,34.89191405503078,0 33.11363162051402,34.89194002756889,0 33.11360245217571,34.89195997763243,0 33.11353684653925,34.89199586589232,0 33.11350768797401,34.89201181621911,0 33.11335700083003,34.89210955520745,0 33.11325410766533,34.89220297574771,0 33.11315049425107,34.89234577704045,0 33.11302837676974,34.89253096779552,0 33.11300890090842,34.89255693214776,0 33.11297486528263,34.89258287397075,0 33.11290435420869,34.89263875054377,0 33.11288975013789,34.89265672446469,0 33.11287024958736,34.89269268852871,0 33.11283841999632,34.8928086238646,0 33.11282623977726,34.89282860123906,0 33.11279707092901,34.89284855020598,0 33.11271201174014,34.89290040349989,0 33.11266823867012,34.8929383263329,0 33.11259265907312,34.89308218648717,0 33.11258041958899,34.89312616121398,0 33.11261404969044,34.89326620444054,0 33.11259938628591,34.89330817570203,0 33.11257017776757,34.89334412256409,0 33.11252888748417,34.89336005233621,0 33.11246090460097,34.89337393707705,0 33.11242933677621,34.89338388395586,0 33.11235387865869,34.89347774799259,0 33.11232712240489,34.89350370093166,0 33.11230038094624,34.89352365474608,0 33.11226878013279,34.89354559892198,0 33.11224929885706,34.89357356435769,0 33.11223213556716,34.89364552799707,0 33.11222721804688,34.89367151754024,0 33.11218588582476,34.89370344514725,0 33.11208148622837,34.893725269836,0 33.11190185240923,34.8937509669019,0 33.11183387623367,34.89376285098285,0 33.11175373208227,34.89378871407545,0 33.11157884620307,34.89385641445524,0 33.11150627988896,34.8938736995066,0 33.11146475833117,34.89387022285862,0 33.11143807217783,34.89386817851264,0 33.11137689905771,34.89384863990333,0 33.11122712422646,34.89379883167069,0 33.11105736635852,34.8937555508322,0 33.11101126478349,34.89375347454888,0 33.11092849843726,34.89376021176788,0 33.11072713985966,34.8938369882715,0 33.11070530984837,34.89383295256036,0 33.11068041182884,34.89381324894929,0 33.11068038663735,34.89381322823902,0 33.11065209751385,34.8937710601379,0 33.1106520777867,34.89377103491544,0 33.11062302981328,34.89375284047999,0 33.11062300243611,34.89375282157459,0 33.11058416093619,34.89375875505728,0 33.11046024043805,34.8938149528168,0 33.11009098049491,34.89399041567294,0 33.11004233944863,34.89403181612597,0 33.10999123570274,34.89408972240992,0 33.10994513439571,34.89416844658427,0 33.10992045097896,34.8942555870809,0 33.10991807440811,34.89435398445751,0 33.1099001419553,34.89457545550731,0 33.10983374828393,34.89496736832751,0 33.10980410536389,34.89517729702703,0 33.10981363616707,34.89524730620362,0 33.10982322352379,34.89529731771528,0 33.10982323340662,34.89529734474963,0 33.10985351145494,34.89536070055542,0 33.10985352352597,34.89536072758781,0 33.10992218291193,34.8955114625151,0 33.10993655729381,34.89558547962092,0 33.10992290543496,34.89597747993177,0 33.10992090361336,34.89602540875821,0 33.10989431858729,34.89606364676319,0 33.10979199938637,34.89614117857493,0 33.10966547371139,34.89627695182945,0 33.10956805519005,34.89641677233775,0 33.1095169106972,34.8964906781474,0 33.10944522162432,34.89655110422833,0 33.10939196178315,34.89658273962763,0 33.10922958991334,34.8966791858757,0 33.10917174750799,34.89671807109317,0 33.10911334510901,34.89678196551386,0 33.10898915377315,34.89695373687788,0 33.10891856818866,34.89703760908331,0 33.10887722295949,34.89707353436233,0 33.10873901864312,34.89714012054436,0 33.10855406018609,34.89723497070004,0 33.1084982133764,34.89724687453167,0 33.10802254416116,34.89725806319275,0 33.10792788745235,34.89726390118124,0 33.1077797712767,34.89729764559608,0 33.10776035497278,34.89729761232917,0 33.10774580667041,34.89729358856451,0 33.10773372614245,34.89728159205413,0 33.10773370422947,34.89728156863603,0 33.10772647420469,34.89726558525179,0 33.10772646213407,34.89726555821922,0 33.10769988229464,34.89722754268967,0 33.10769986366169,34.89722751746577,0 33.10768293509071,34.89721550811799,0 33.10768290552954,34.89721549281964,0 33.10766107981446,34.89720945175222,0 33.1076319608603,34.89720940181734,0 33.10759551792922,34.89722533823444,0 33.10754441554703,34.89728124586443,0 33.10750541264296,34.89735117192603,0 33.10746911720798,34.89745354030791,0 33.10743453925573,34.8975490309543,0 33.10739310717031,34.8976189528138,0 33.10731227165611,34.89770522826771,0 33.10699186127646,34.89794823226296,0 33.10648823641754,34.89835389730538,0 33.10634630166188,34.89846822352359,0 33.10607737277861,34.898664726894,0 33.10564079943455,34.8988108360976,0 33.10520181300663,34.89908133857868,0 33.1051973497802,34.89918672647984,0 33.10507385386087,34.89910532486137,0 33.10507382648318,34.89910530595475,0 33.10501909775942,34.89918468920594,0 33.10503300415159,34.89948880044763,0 33.10490065706899,34.89957841534918,0 33.10485207943609,34.89971309760582,0 33.10477208725652,34.89983044784491,0 33.10463150461587,34.89985957645173,0 33.10445745490672,34.89985409122839,0 33.10415351152935,34.89979827601159,0 33.1037991034914,34.89979420446678,0 33.10351159998018,34.89986972728796,0 33.10275247973744,34.89985112646141,0 33.10222418235757,34.89977936364819,0 33.10216541913962,34.89979653775423,0 33.10175360608809,34.90009471975795,0 33.10137247994646,34.90069013078739,0 33.10108270678632,34.90082957102392,0 33.10085200861835,34.9008326202234,0 33.10059004695441,34.90076131865851,0 33.09996940854766,34.90071357286119,0 33.09918140157944,34.90051175353327,0 33.0989925760896,34.90054251773618,0 33.09869862564533,34.90067503262014,0 33.09817454063632,34.90059634915679,0 33.09815162309251,34.90054277421109,0 33.09815160993146,34.90054274807988,0 33.09796520552644,34.90046122236507,0 33.09796517706218,34.90046120886636,0 33.09787905324347,34.9005146156907,0 33.09764693549611,34.90026888167895,0 33.09764691358519,34.90026885825905,0 33.09746452646301,34.90024434297523,0 33.09737359215964,34.9005309898025,0 33.09700187304502,34.90072728852385,0 33.09661463724867,34.9012397414664,0 33.09637508274739,34.90141899773536,0 33.09601094649339,34.90113673602883,0 33.09601092020917,34.9011367153164,0 33.09557674636144,34.90115839281705,0 33.09521574203742,34.90126659049899,0 33.09511906389406,34.90134416588883,0 33.09509984872364,34.90147198560631,0 33.09472229311363,34.9014954907453,0 33.09415034407974,34.90127675301591,0 33.09407219834334,34.90148221615873,0 33.09393347804213,34.90159599620888,0 33.09355586164767,34.90164195810708,0 33.0925898973089,34.90132919505007,0 33.09186556620967,34.90162504360473,0 33.09112092688807,34.90167377897553,0 33.0909151741287,34.90175806014141,0 33.09050657027293,34.90162945071184,0 33.09021923376164,34.90163755824909,0 33.09015737630402,34.9017704668204,0 33.09009638850287,34.90173703517924,0 33.09009635894725,34.90173702348241,0 33.08991182530983,34.90171267965319,0 33.08983675441264,34.90169727632592,0 33.08968821829479,34.90170511498076,0 33.08966640797071,34.90177855895325,0 33.08966642769434,34.90177858508055,0 33.08975097080563,34.90189443373681,0 33.08959944627046,34.9020323832537,0 33.08942424221673,34.90193333830443,0 33.0894242126582,34.90193332390311,0 33.08854184239657,34.90163159095125,0 33.08824277915619,34.90135817200567,0 33.0882427539661,34.9013581494879,0 33.08758908721899,34.9017020456475,0 33.08740189465642,34.90167583393729,0 33.0867839327233,34.90163276048216,0 33.08651640390431,34.90169111495457,0 33.08630870280644,34.90164435155238,0 33.08618665997603,34.90155496458854,0 33.08618663260093,34.90155494477621,0 33.08601711853712,34.90140928720157,0 33.08601709225344,34.90140926468411,0 33.0856470486478,34.90135327687988,0 33.08525457862496,34.9011991627461,0 33.08525454906928,34.90119915014662,0 33.08499741079226,34.90103548675767,0 33.08499738232436,34.9010354678473,0 33.08447096123146,34.90116110195189,0 33.08423604224123,34.90117046690019,0 33.08405119933951,34.90108986888396,0 33.08405116868897,34.9010898553835,0 33.08351171001735,34.9008578723059,0 33.08351167936974,34.90085786150964,0 33.08323691149528,34.90079669329209,0 33.08298829864199,34.90068297684108,0 33.08298826799177,34.90068296334037,0 33.08231831908118,34.90028040015982,0 33.08231828842943,34.90028038485605,0 33.0821495999215,34.90022030875538,0 33.08184350933529,34.9001358950153,0 33.08118592045891,34.89994824999457,0 33.08095217288935,34.89992728959409,0 33.08059003483211,34.89977054309144,0 33.08059000418264,34.89977052959011,0 33.08035768709779,34.89963811543193,0 33.08035765863232,34.89963809742189,0 33.08007650071516,34.89934916415226,0 33.08007647771445,34.89934913982844,0 33.07988736290365,34.89918291743146,0 33.07988733662322,34.89918289581411,0 33.07952174286554,34.89896008163677,0 33.07952171221479,34.89896006633231,0 33.07920212255397,34.89887072836331,0 33.07919997749197,34.89885876220657,0 33.07912083538017,34.89841647845915,0 33.07911667059858,34.89826647116193,0 33.07897246426365,34.89823266346958,0 33.07897295776339,34.89816869315619,0 33.07895392179618,34.89790886189944,0 33.07901992230138,34.89768198982726,0 33.07903979669077,34.89753650294116,0 33.07898149842918,34.89746785628649,0 33.07898147761669,34.89746783105963,0 33.07885345324706,34.89732476863063,0 33.07885343134141,34.89732474430588,0 33.07871128515205,34.89736815347089,0 33.07853593011995,34.89721509639445,0 33.07853590274981,34.89721507838328,0 33.07840786591433,34.89716590708981,0 33.0782504149151,34.89711438650798,0 33.07807770855936,34.89683825213259,0 33.07807769212206,34.89683822509985,0 33.07781584420574,34.89645532023848,0 33.07781582558124,34.89645529410854,0 33.07789392186455,34.89637282874928,0 33.07795594461356,34.89631137186492,0 33.07786063818519,34.8961851840258,0 33.07786061846662,34.89618515789655,0 33.07771473987273,34.89602562458332,0 33.07771471796777,34.89602560025837,0 33.07750737894631,34.89585693197982,0 33.07750735376167,34.89585691036123,0 33.07740852951324,34.89570229648547,0 33.07740851307722,34.8957022703541,0 33.0772186046194,34.89535721227237,0 33.07721858818268,34.8953571852395,0 33.07743290781782,34.89505005246681,0 33.07785625997227,34.89444147543595,0 33.07810779002994,34.89409859158457,0 33.07786447367201,34.89392822971958,0 33.07786444520818,34.89392821080749,0 33.07702733792225,34.89336420875568,0 33.07702730836476,34.89336418984411,0 33.0765932973436,34.89309949913405,0 33.07659326778712,34.89309948112383,0 33.07606013820975,34.8928497265298,0 33.07606010756274,34.89284971212587,0 33.07581945722568,34.89272530096157,0 33.07581942767034,34.89272528385259,0 33.07541780773965,34.89242323901926,0 33.07541778255906,34.89242322010458,0 33.07532487113839,34.89216331574376,0 33.07532486017319,34.89216328870723,0 33.07526970928796,34.89203287042472,0 33.07526969832443,34.89203284519106,0 33.07517070157588,34.89203234484544,0 33.07491985423763,34.89203348497348,0 33.07471046906407,34.89203443594893,0 33.07413819331354,34.89182542776456,0 33.07350344823609,34.89160531642251,0 33.07343445614616,34.89158139142791,0 33.07307407802617,34.89155947903465,0 33.07272810876209,34.89156375381538,0 33.07252801544504,34.89160337372585,0 33.07241453211937,34.89160314750593,0 33.07206552453254,34.89175158202102,0 33.07135752236682,34.89210158860532,0 33.07103664275079,34.89225196157921,0 33.07098958130035,34.89227401584946,0 33.07042583944054,34.89216525190608,0 33.07004348193396,34.89221904200912,0 33.06981309111176,34.89225316978333,0 33.06954251104235,34.8922937140585,0 33.06933872443399,34.89233364272886,0 33.06931203279019,34.89233887190102,0 33.06858974779222,34.89248403541174,0 33.06836190773621,34.89253361875694,0 33.06811517948054,34.89260296109006,0 33.06788447153794,34.89267679849162,0 33.06766023273723,34.89276977671719,0 33.06737256730187,34.89294039769224,0 33.06697703365682,34.89321636788841,0 33.06679016282239,34.89336253522836,0 33.06641839753832,34.89367833704253,0 33.06607268719233,34.89397382844543,0 33.06555967320715,34.89450918235769,0 33.06525990937696,34.89485622902365,0 33.06499642776665,34.89520774472681,0 33.06437737286565,34.89590539647825,0 33.06410194789491,34.8962194642464,0 33.06385902311304,34.89643396702827,0 33.06328404974271,34.89695289052825,0 33.06302066373625,34.89736770112192,0 33.06262720382841,34.89800986985128,0 33.06237472902817,34.89846743330159,0 33.06209072920717,34.89870837573922,0 33.06153037745706,34.89918200652478,0 33.06127150396733,34.89932094055285,0 33.06061321092089,34.89965729330658,0 33.06022546884807,34.89974911859026,0 33.0594533653762,34.89992384671902,0 33.05925804813392,34.89991843427539,0 33.05901335419561,34.89989053647327,0 33.05848126767647,34.89983045104378,0 33.05822479632046,34.89977398428712,0 33.05810185153788,34.89975349923263,0 33.05800462921489,34.89970337406197,0 33.05800459966137,34.89970335785011,0 33.05732277207307,34.89928955304264,0 33.05732274032967,34.89928953412733,0 33.05716010122833,34.89921591144828,0 33.05716007058163,34.89921589613815,0 33.05704322662239,34.89923478036346,0 33.05589142604035,34.89948815750427,0 33.05575196867938,34.8995784045905,0 33.05559298204118,34.89971656582384,0 33.05547126947225,34.89987918401438,0 33.05526802755431,34.90019708744779,0 33.05513799240503,34.90039716311929,0 33.05501031470672,34.90061224299339,0 33.05488561382941,34.90081454884114,0 33.05478743155457,34.9010478756686,0 33.05479278510326,34.90128148841472,0 33.05479623098364,34.90152415880486,0 33.05476773395596,34.90174460589612,0 33.05465069157167,34.90194424785861,0 33.05448596858463,34.90213090146629,0 33.05435867894504,34.90232215890505,0 33.05429529538803,34.90251750366239,0 33.05418148855257,34.90269559292061,0 33.05412635201212,34.90290045583737,0 33.05415429731097,34.90311147554645,0 33.0541447957678,34.90329892298619,0 33.05410758547761,34.90351776015866,0 33.05405785158435,34.9037396082905,0 33.05403767340491,34.9039585640519,0 33.05407288780108,34.90417476200059,0 33.05413049541951,34.90438084389337,0 33.05409924266127,34.90459973966934,0 33.05395525900897,34.90505157758029,0 33.05381916564706,34.90545855964825,0 33.0538731952335,34.90562920932383,0 33.05377264494307,34.90574125981075,0 33.05364681913331,34.90580019579315,0 33.0535920573653,34.90582584523953,0 33.05346767027181,34.9059101902457,0 33.05334639940261,34.90597268370596,0 33.05321264442864,34.90599651335815,0 33.0530294452458,34.90606807055182,0 33.05291839814431,34.90611144494939,0 33.05268619119217,34.90638067038617,0 33.05238829257868,34.90683873879325,0 33.05225975279272,34.90698440401378,0 33.05211875142848,34.90712174151185,0 33.0516507965614,34.90751584604801,0 33.05147089008494,34.90763896103869,0 33.05118678962722,34.90786928126211,0 33.05109877498386,34.90796300061523,0 33.05106518349036,34.90802867934458,0 33.05106589232984,34.90809722015813,0 33.05107284820929,34.90830341388186,0 33.05110840065898,34.90895639054504,0 33.05110578963721,34.90900924405682,0 33.05109816559095,34.90916785588337,0 33.0510560426566,34.90935205879865,0 33.05097237235822,34.90953187197786,0 33.05086995411369,34.90966509834036,0 33.05080715113468,34.9097223075411,0 33.05073279789372,34.90975819883712,0 33.05046659666939,34.90983918066511,0 33.05031188829023,34.9098944103083,0 33.04985000778752,34.91016757507707,0 33.04955055285089,34.91037548604962,0 33.04951344865966,34.91041020125004,0 33.04949755452893,34.91044385942705,0 33.04949997136724,34.91048867629843,0 33.04951737847111,34.91054905675619,0 33.04951739052406,34.91054908289305,0 33.04969278559253,34.91094519020927,0 33.04969279764616,34.91094521724757,0 33.04991253523617,34.91144719386136,0 33.04998672763067,34.91165739295171,0 33.05000763489193,34.91173392210566,0 33.05001954781601,34.91183535906848,0 33.05001538246952,34.91191231139468,0 33.04981688636418,34.91239151421038,0 33.04981515474697,34.91251585788115,0 33.04980888342671,34.91268477064864,0 33.04979360235095,34.91273746342678,0 33.04975975183849,34.91278324614906,0 33.04962217864917,34.91289244795655,0 33.04953831503109,34.91297657127658,0 33.04950853994745,34.91302117318136,0 33.04950288532826,34.91306091730775,0 33.04951067791476,34.91315000623702,0 33.04968558520046,34.91401151572981,0 33.04969890353596,34.91411532830912,0 33.04971471161654,34.9145024500466,0 33.04970041454467,34.91467412985294,0 33.04967103509426,34.91484228126918,0 33.0496301899496,34.91495223224022,0 33.04954740553843,34.91512025036779,0 33.04946459889771,34.91525724446631,0 33.04922003825762,34.91554540628166,0 33.04913580954338,34.91562259195042,0 33.04905320094539,34.91566585479973,0 33.04846592334874,34.91591355925569,0 33.04837702803163,34.91596610898684,0 33.04832109740019,34.91601154220006,0 33.04827722542699,34.91607355800289,0 33.04825312982162,34.9161487648294,0 33.04820882229124,34.91635887751818,0 33.04817835472671,34.91644470041258,0 33.04814334930967,34.91652590791837,0 33.04809564719653,34.91659830976041,0 33.04798393468311,34.91674003689984,0 33.04788988310784,34.91683877810493,0 33.04780880406813,34.91692046699598,0 33.04772457815344,34.9169863980887,0 33.04744654940627,34.91715209070899,0 33.04705827519585,34.91739409628451,0 33.04699747670018,34.91743669753673,0 33.04695084158649,34.91749251831678,0 33.04692527964706,34.91755929966805,0 33.04689894961741,34.91769380020057,0 33.04689881227406,34.91785254476858,0 33.04691431546972,34.9180737711254,0 33.04694616205158,34.91820961486707,0 33.04697127051229,34.91828397487483,0 33.04697128256559,34.91828400101195,0 33.04701525041208,34.91838442336626,0 33.04721420044857,34.91884507765204,0 33.04727943461496,34.91907386119815,0 33.04730141794134,34.91919008250999,0 33.04728637400392,34.91923751312026,0 33.04729173288914,34.91927298089404,0 33.04729174384772,34.91927300613006,0 33.04737564201533,34.91943387957952,0 33.0473645930795,34.91955628410145,0 33.04737380314499,34.91960486451627,0 33.04738344449597,34.91964595650074,0 33.04738345983283,34.9196459826365,0 33.04759790378536,34.91995209361996,0 33.04759791583858,34.91995211885557,0 33.04784035880235,34.92047294228231,0 33.04785671676481,34.92056076852584,0 33.04719880681999,34.92109767542078,0 33.04699494643417,34.92126147479776,0 33.04681740528001,34.92134209867466,0 33.04659479621932,34.92138668650115,0 33.04653968305892,34.92138788580124,0 33.04646945670764,34.92138121317529,0 33.04607849502535,34.92127906306565,0 33.04592872079623,34.92128257137439,0 33.0448628079843,34.92115953179992,0 33.04369219530147,34.92132870420078,0 33.0431072406776,34.92115167473492,0 33.04310721002865,34.92115166573141,0 33.0427074491321,34.92109230283903,0 33.04159353470805,34.92134598742427,0 33.04144872178759,34.92138102177384,0 33.04131669663771,34.92139728994039,0 33.04052789912993,34.92120105793028,0 33.04026158496629,34.92121642224683,0 33.03984041018839,34.92135254412537,0 33.03971855065306,34.92137486129153,0 33.03955145726035,34.92138233102949,0 33.03901428498395,34.92140068760396,0 33.03851611282278,34.92150093155244,0 33.03826691500043,34.92158127355947,0 33.03804528237235,34.921706489107,0 33.03771829918882,34.92186377415413,0 33.03707916303131,34.9222191858071,0 33.03651428660083,34.92253462359716,0 33.03641079029754,34.92262094764957,0 33.03633368303105,34.92272144336886,0 33.03597781866254,34.92337817124201,0 33.03591431059223,34.92345233431671,0 33.03582588525179,34.92354807254344,0 33.0351438079797,34.92415998751883,0 33.0347685602007,34.92471881109332,0 33.03469679601866,34.9248464564607,0 33.03478325023586,34.92569378630372,0 33.03442828070212,34.92597986530931,0 33.0343262403434,34.92610345982572,0 33.0342638825522,34.9262309012306,0 33.03413177870569,34.92662118574219,0 33.03389825050987,34.92692935300164,0 33.03368138785625,34.92711153369531,0 33.0335478615771,34.92717429995552,0 33.0333772497301,34.92716998126735,0 33.03320498137487,34.92724859786784,0 33.03300420154634,34.92734360021149,0 33.03285808235586,34.92739373997357,0 33.03272323242515,34.9274114220249,0 33.03252665616464,34.92741328759305,0 33.03205056332369,34.92726858803241,0 33.03205053157949,34.92726857992781,0 33.03197826611144,34.92726327326525,0 33.03189794976515,34.92728443311385,0 33.03161752879459,34.92739922980899,0 33.031327475648,34.92755251436553,0 33.03113991787345,34.92765285845158,0 33.03103147131146,34.92768471509351,0 33.0309060877312,34.9277071216576,0 33.02976955229194,34.92780174906888,0 33.02865054721916,34.92794604451227,0 33.02715838816102,34.92782538972799,0 33.02691243833191,34.92779199746108,0 33.02680513024742,34.92791074967433,0 33.02631373065746,34.92817621538774,0 33.02592394360693,34.92824405219685,0 33.02583249685505,34.9282763675138,0 33.0257338572079,34.92833114182684,0 33.02565401456128,34.92839170293466,0 33.02558080949779,34.92846780069049,0 33.02551273155311,34.92854534864121,0 33.02528585375551,34.92897626388348,0 33.02505843183142,34.92915170479409,0 33.0245735610477,34.9297943897391,0 33.02453002804651,34.9298369527394,0 33.02441133766406,34.929913365435,0 33.02417440707625,34.93003592729549,0 33.02410763660445,34.93008321830045,0 33.0240450418696,34.93013828605285,0 33.02374521889814,34.93056842125641,0 33.02344081971447,34.93078695925744,0 33.02311418980488,34.9310579400876,0 33.02300152056297,34.9311921026907,0 33.02292184313972,34.93124209258092,0 33.02271527148346,34.93128672101221,0 33.02260853294722,34.93130978077713,0 33.022474177336,34.93131331680095,0 33.02237417242545,34.93130380975673,0 33.02222925748228,34.93125867519701,0 33.02222922573701,34.931258665287,0 33.02204905466532,34.93116795933641,0 33.02204902182385,34.93116794311648,0 33.02187595452747,34.9310634472188,0 33.02187592387499,34.93106343009701,0 33.02172191700988,34.93099323748375,0 33.02172188416952,34.93099322486947,0 33.02162787215121,34.93096989618868,0 33.0215627388214,34.93096581974056,0 33.02147085166102,34.93097277167617,0 33.02102359910018,34.93105408028038,0 33.02076090749075,34.93106941563804,0 33.02046416510979,34.93106827246616,0 33.01899438924195,34.93111895466439,0 33.01884427165751,34.93106842267203,0 33.01884423772318,34.93106841095861,0 33.01847165961388,34.93081496387913,0 33.01847163005596,34.93081494315055,0 33.0183590116844,34.93074800678587,0 33.01835897993879,34.93074799236764,0 33.01826295413526,34.93072501204583,0 33.01810176213507,34.93072573838299,0 33.01722109153098,34.93085534536362,0 33.01677075442502,34.93093236503334,0 33.01643208223242,34.93101523634939,0 33.01617173234008,34.93110347069853,0 33.01588868916663,34.93127646428853,0 33.01575165177183,34.93132662733424,0 33.01561258258442,34.93134160194285,0 33.01540622921421,34.93132926505147,0 33.0151255977667,34.93124887758721,0 33.01512556492774,34.93124886767546,0 33.01506339523429,34.93121774783247,0 33.01506336239419,34.93121773161064,0 33.01490831926709,34.93114290611199,0 33.01490828642706,34.93114288989015,0 33.01485080865078,34.9311506033231,0 33.01478932183096,34.9311726284508,0 33.01475323646592,34.93120565883047,0 33.0146890770282,34.93122988644532,0 33.01463159502751,34.93122659141092,0 33.01459553532252,34.93121339778925,0 33.01459550248299,34.93121338427166,0 33.01451396518864,34.93123541166607,0 33.01440168107924,34.9312497362574,0 33.01420918663424,34.9312255399737,0 33.01391242937606,34.93122337209309,0 33.01377207912365,34.9312630198115,0 33.01344860029697,34.93134342015851,0 33.01338577418233,34.93134452775044,0 33.01329487306921,34.93133022649454,0 33.01320397519832,34.93132913574778,0 33.01308501006721,34.93136107395113,0 33.01287516352419,34.93150531115572,0 33.01237795498123,34.93190608183564,0 33.01213067977308,34.93206463368126,0 33.01196761732147,34.93221326814871,0 33.01187806197706,34.93226832054822,0 33.01186470425196,34.93233327317284,0 33.01181659576996,34.93243786180592,0 33.01169630466136,34.93255896992865,0 33.01146774607358,34.93275825008364,0 33.01133680220242,34.93318760467083,0 33.01116977993519,34.93373805796974,0 33.01104952169144,34.93412557817023,0 33.01095197767176,34.93443823538009,0 33.01092924552175,34.93463409191035,0 33.010877648884,34.93469446402286,0 33.01036384166776,34.93497877370473,0 33.01021735354174,34.93502815514648,0 33.00977685380315,34.93549101922529,0 33.00947669599992,34.93564454520639,0 33.00934225713026,34.935724511327,0 33.00927272019776,34.93579797570296,0 33.00925203685852,34.93585411520618,0 33.00925598485541,34.93609475276157,0 33.00926231718224,34.93629804987954,0 33.00922684676205,34.93647632085774,0 33.00919363303924,34.93657335500649,0 33.00915804101281,34.93664475063957,0 33.00909938636041,34.93672063624724,0 33.0089903718358,34.93680100480378,0 33.00884467337744,34.93687183422124,0 33.0084267697283,34.93702736998057,0 33.00807288113451,34.93723148663716,0 33.00799317128918,34.93732652954555,0 33.0079541317203,34.93737307962747,0 33.00783510123939,34.93762534197719,0 33.00762107440656,34.93799643224577,0 33.00755129956357,34.93811550023599,0 33.00752941069906,34.93818755527536,0 33.00751194717494,34.9383158164501,0 33.0075180644658,34.93841511839482,0 33.00754323552039,34.93851392877483,0 33.00761249122299,34.93873190368372,0 33.00761762583738,34.93880954143931,0 33.0076063675118,34.93887293480965,0 33.00760233907546,34.93888436979171,0 33.00752509246905,34.93887340591151,0 33.00737033580148,34.93906294705534,0 33.00719356040525,34.93929396712532,0 33.0071935844903,34.93929399146268,0 33.00725559810006,34.93935698560766,0 33.00712603892198,34.93947675188892,0 33.00698802661293,34.93956231438933,0 33.00685077357054,34.93965916087753,0 33.0066148297057,34.93995689244385,0 33.00630231906521,34.94009487217224,0 33.00609192051401,34.94022291488868,0 33.00591205282691,34.94026694273754,0 33.00560342335864,34.9402534177724,0 33.00558791986814,34.94019799543903,0 33.00534914306392,34.94020382675803,0 33.00520999337459,34.94033793596675,0 33.00498639476935,34.9405547625523,0 33.0043218475716,34.94140353312587,0 33.00429917636493,34.94146969848589,0 33.00430237171292,34.94148870246235,0 33.00431121970296,34.94154133073031,0 33.00442737138118,34.94176249135185,0 33.00426947171548,34.94202390372202,0 33.00407362324784,34.94231979890674,0 33.00395503799806,34.94245998973642,0 33.00372865374363,34.94269289655193,0 33.00379378439674,34.94288470040438,0 33.00384245588418,34.94304825551961,0 33.0038459115247,34.94320359996293,0 33.00380718568921,34.94335137276237,0 33.00373895193135,34.9434439740387,0 33.00358937903482,34.94363298182286,0 33.00352805382061,34.94375429983212,0 33.00354011299401,34.94384562310221,0 33.00360794548449,34.94407700900988,0 33.00354261502734,34.94452101880297,0 33.00320850523352,34.94490535002046,0 33.00310080346951,34.94499389368357,0 33.00292049929521,34.94523172406128,0 33.00290721751539,34.9452886527789,0 33.00292038159593,34.94543230983898,0 33.00297159919987,34.94568500909352,0 33.00310103051537,34.94596606913183,0 33.00311729563517,34.9460283173843,0 33.00311716054543,34.94607477650129,0 33.00310344603682,34.94615295840143,0 33.0031000934759,34.94617207253697,0 33.00281395219152,34.94661618366611,0 33.00269821735168,34.94699900901161,0 33.00264502138938,34.94715231287898,0 33.00258664906994,34.94723530212586,0 33.00247216256519,34.94732632338901,0 33.00232331142802,34.94741285334904,0 33.00193864455395,34.94757680512537,0 33.00167799868125,34.94780710692049,0 33.00066061200151,34.94862166664374,0 33.00050694195319,34.9487539981349,0 32.99997343591954,34.94945737496064,0 32.99977590364768,34.94964816358458,0 32.99957796283118,34.9499079711904,0 32.99945783329496,34.95014199507872,0 32.99941175289985,34.95080716946141,0 32.99939491223459,34.95095071394351,0 32.99922139852454,34.95119432764864,0 32.99893215779007,34.95146268452842,0 32.99824079821199,34.95201134402513,0 32.99776981979579,34.95258293089029,0 32.9969330880474,34.95365966502975,0 32.99658354729695,34.95393255159015,0 32.99623201477861,34.95423064840052,0 32.99581399734798,34.95450911135785,0 32.99550603071639,34.95468334859257,0 32.99459749650438,34.95510369204441,0 32.99456328736316,34.95511034310523,0 32.99394982008449,34.95522960634283,0 32.99302804306458,34.95539506572089,0 32.99179872246073,34.95525659433758,0 32.99070725788403,34.95512862916343,0 32.98580899365641,34.95342767801388,0 32.98580895971755,34.95342766629125,0 32.98551920036874,34.95352541614252,0 32.9851039333527,34.95373184679643,0 32.98471596304559,34.95398373702018,0 32.98336280139744,34.95504301729546,0 32.98273072813647,34.95542389608886,0 32.98227278468572,34.95553625252608,0 32.98202344401974,34.95553289679008,0 32.98185721629319,34.95548714048738,0 32.98185718125878,34.95548713056636,0 32.9811656226363,34.95519364795842,0 32.98116558869803,34.95519363353019,0 32.9807607955056,34.95495161598563,0 32.9807607637581,34.95495159795191,0 32.97899059873713,34.95431001580875,0 32.97899056370426,34.95431000318259,0 32.97840731482163,34.95415424832807,0 32.97840727978701,34.95415424291323,0 32.97814658381951,34.9541602962921,0 32.97784559720873,34.95418357630093,0 32.97697445583017,34.95390840451705,0 32.97697442079728,34.9539083936932,0 32.97662654926118,34.95382287482027,0 32.97662651422758,34.95382286670061,0 32.97637744463656,34.95378275063077,0 32.9762261294785,34.95380030719796,0 32.97495865695728,34.95425817969478,0 32.97419937365684,34.95398587398308,0 32.97419933862484,34.95398586135556,0 32.97356670064571,34.9538160040555,0 32.97356666561273,34.95381599503352,0 32.97336105162817,34.95372586971991,0 32.97336101769187,34.95372585528953,0 32.97272096896721,34.95352303729472,0 32.97272093393502,34.95352302646961,0 32.97264462998991,34.95350455422991,0 32.97264459495596,34.95350454881341,0 32.97253392022866,34.95350800878231,0 32.9723690394148,34.95357103576979,0 32.9722728021155,34.95363449468626,0 32.97215324854476,34.9537749685818,0 32.97193551588913,34.95409307539057,0 32.97180585120564,34.95420412286254,0 32.97157797006877,34.95432802875229,0 32.97134085410327,34.95440454270494,0 32.9709136551146,34.95449769908127,0 32.97057732882622,34.95465945174962,0 32.97003245128746,34.95494627945286,0 32.9697558132748,34.95513295479272,0 32.96946966051123,34.9554229188945,0 32.96937690364827,34.95549283154424,0 32.96847347635052,34.95579528950636,0 32.96832253102265,34.95580234542107,0 32.96821736329892,34.95578969335382,0 32.96768604622774,34.95559273121821,0 32.96768601119607,34.95559271858881,0 32.96741133352309,34.95541907486251,0 32.96741130287394,34.95541905502274,0 32.96684282685339,34.95528044079489,0 32.96684279182014,34.9552804326724,0 32.96617153284726,34.95504580243261,0 32.96617149781455,34.95504579340849,0 32.96601721872516,34.95503671886459,0 32.96563825643894,34.95518039377193,0 32.96534171791267,34.95533836075223,0 32.96520210855903,34.95537652813894,0 32.9644736672957,34.95543904717862,0 32.96387493603859,34.95556116188879,0 32.96339022799805,34.95569244951658,0 32.96310514656584,34.95579742274293,0 32.96248823949848,34.95625883765546,0 32.96229977455981,34.95647448445477,0 32.96189889805665,34.95679247466302,0 32.96166216368948,34.956894352395,0 32.96114134302491,34.95705060286437,0 32.96080004042984,34.95694762239519,0 32.96080000430115,34.95694761517205,0 32.9607066361072,34.95694422896015,0 32.96047738286951,34.95700879462876,0 32.96026248107582,34.95713303771149,0 32.95955700583445,34.95761065426343,0 32.95927969047936,34.95775694641178,0 32.95909781686385,34.95780581244286,0 32.95876194218722,34.95774026735606,0 32.95858128207045,34.9577705463531,0 32.95839479593492,34.9578480762682,0 32.95805265929728,34.95805205771013,0 32.95782770432699,34.95848993077804,0 32.95726157390113,34.95846343894259,0 32.9572615410564,34.95846343262097,0 32.95726954562977,34.95805726632943,0 32.95726954673967,34.95805723748393,0 32.95671506345798,34.95820465368364,0 32.95618125160146,34.95837674706025,0 32.95577235929844,34.95840280714143,0 32.9555355300924,34.95838806154418,0 32.95492126573964,34.95839351593892,0 32.95460210844483,34.95736878366439,0 32.95444046277296,34.95717209597495,0 32.95444044088811,34.95717207162802,0 32.95413381622174,34.957075765064,0 32.9541337822854,34.95707575423398,0 32.95416955227256,34.95674889051324,0 32.9541914815014,34.95633896157323,0 32.95390440612115,34.95561358400634,0 32.95375861229492,34.95549423724426,0 32.95375858383984,34.95549421559897,0 32.95363657285639,34.95545021693813,0 32.95363653782743,34.95545020340322,0 32.95282711571527,34.9554662716906,0 32.95228623834434,34.95559481681531,0 32.95169602334598,34.95544699614344,0 32.9516959872177,34.95544699072047,0 32.95051624897921,34.95546649519399,0 32.95031436677725,34.95540710739558,0 32.95031433065017,34.95540710016932,0 32.95006949899295,34.95540257552507,0 32.94949432779794,34.95547051771293,0 32.94933332514332,34.95500920641258,0 32.94916332926092,34.9547757990242,0 32.94916331066404,34.95477577287483,0 32.94885733697574,34.9545741169848,0 32.94885730742739,34.95457409533793,0 32.94865364147719,34.95435716929343,0 32.94865361740559,34.95435714404307,0 32.94858111814015,34.95431983183556,0 32.94858108420964,34.95431981469393,0 32.94835841327124,34.9543077635926,0 32.94815959653781,34.95424348773059,0 32.94815956479321,34.95424347689981,0 32.94803567474396,34.95394909650003,0 32.94796946763918,34.95385227299177,0 32.94789574627826,34.95380438872316,0 32.94789571453956,34.95380436887798,0 32.94778740774881,34.95377664741802,0 32.9477873716238,34.95377663838815,0 32.94756091856212,34.95376089192168,0 32.94714544004052,34.9539949947282,0 32.94686964899881,34.95403911231083,0 32.94610240251697,34.95352252346898,0 32.94610237077998,34.95352250182043,0 32.94620651158047,34.9533109127233,0 32.94586762216802,34.95313822842821,0 32.94586758495102,34.95313821579154,0 32.94537018791504,34.95304740970484,0 32.94537014850543,34.95304740157422,0 32.9457801100693,34.95240131501686,0 32.94638529252079,34.95206090342477,0 32.94667613774961,34.95120556053205,0 32.94621104346972,34.95092398688901,0 32.94621101063769,34.95092396704289,0 32.94619847483188,34.9506910089947,0 32.94573367612207,34.9504545811175,0 32.94573364109952,34.95045456307317,0 32.94532181627418,34.95040224387576,0 32.94532178124574,34.95040223484565,0 32.94533384447287,34.95021522850951,0 32.94523964117542,34.9501992225582,0 32.94436889455717,34.95005133673385,0 32.9440512203056,34.94981256826822,0 32.94405119076023,34.94981254662019,0 32.94344569868697,34.94980880019368,0 32.94316466338168,34.94949931532685,0 32.94316463931382,34.94949928917398,0 32.94279037671806,34.94929978897834,0 32.94279034169664,34.94929977093314,0 32.94219639402002,34.9489947811179,0 32.94219635899884,34.94899476307253,0 32.94199450671098,34.94888199011698,0 32.94199447278535,34.94888197117062,0 32.94184452931209,34.94875481059063,0 32.94184450086437,34.94875478623824,0 32.94181613550881,34.94873630133939,0 32.94181610267871,34.94873628149205,0 32.94175425423164,34.94871263243721,0 32.94175421701726,34.94871261979925,0 32.94148609645389,34.94866163554903,0 32.94142345442248,34.94863799135185,0 32.94142341720945,34.94863797691094,0 32.94135739069041,34.94859503491862,0 32.94135735895657,34.94859501326884,0 32.94132364141063,34.94855637047345,0 32.94132361953322,34.94855634432125,0 32.94125178377197,34.94843101817168,0 32.94121454483972,34.9483901885621,0 32.94121452077215,34.94839016331025,0 32.9409850929499,34.94818324020446,0 32.94098506559808,34.94818321495097,0 32.94094635973237,34.9481532829012,0 32.94094633018968,34.94815325944951,0 32.9409016733377,34.94816410633965,0 32.94074359670248,34.94818859705288,0 32.94062692495516,34.94818456294667,0 32.94049039674153,34.94814589846688,0 32.9404903595263,34.94814588763143,0 32.94043555941685,34.94812483208209,0 32.94043552329968,34.94812481673995,0 32.94038012937729,34.94814825303081,0 32.9402477356597,34.94818150052847,0 32.94014868545452,34.94819449733949,0 32.94001182986923,34.94819673570164,0 32.93988210442,34.94820533886955,0 32.93982853866014,34.94821370561332,0 32.93973205876328,34.94826433378556,0 32.93965975899243,34.94831124826152,0 32.93955861226503,34.94835819161246,0 32.93949125107024,34.9483691871395,0 32.9394321277301,34.94837489531045,0 32.93939596222565,34.94837031600795,0 32.93936314799179,34.94836264464089,0 32.93936311077528,34.94836263560796,0 32.93930822826194,34.94833474752969,0 32.93930819324169,34.94833472948348,0 32.93921203896939,34.948255063909,0 32.93921201052264,34.94825503955601,0 32.93910200655605,34.94816004435982,0 32.93910197920481,34.94816001910591,0 32.93903116213541,34.94807893280366,0 32.93903113916407,34.9480789066505,0 32.93890465726758,34.94792721171584,0 32.93890463539176,34.94792718466176,0 32.93886059305477,34.94786807520005,0 32.93886057665297,34.94786804814873,0 32.9388374465419,34.94779345622789,0 32.93884504105044,34.94747951705626,0 32.93884229844556,34.94740012984051,0 32.9388393835702,34.94738908398282,0 32.93855509976483,34.94729912055792,0 32.93855506255024,34.94729910972188,0 32.93823398780563,34.94723431664802,0 32.93804406474496,34.94717023692064,0 32.93804402753185,34.94717022428155,0 32.9380065520391,34.94715419566305,0 32.93800651592283,34.94715418032019,0 32.93795496566756,34.9471341277041,0 32.93795492955061,34.9471341132627,0 32.93793235567167,34.94712759156143,0 32.93793231845792,34.94712757982376,0 32.93790527334197,34.94712996832772,0 32.93784480389174,34.9471592935569,0 32.93777594801804,34.94717602951606,0 32.93769643541269,34.94716972197806,0 32.93761597112256,34.94714795337527,0 32.93761593390542,34.94714794614465,0 32.93754068944336,34.94714656704284,0 32.93749180897814,34.9471242917611,0 32.93749177395878,34.94712427371435,0 32.93746095452984,34.94708706821864,0 32.93746093155858,34.94708704296658,0 32.93742246726277,34.94707581921251,0 32.9374224300457,34.94707581198186,0 32.93741395311925,34.94707585358776,0 32.93739125510622,34.94707716700132,0 32.93734563088376,34.94709481432153,0 32.93726205903141,34.94717604733533,0 32.93722434560266,34.94719373114693,0 32.93718905621348,34.94719392113596,0 32.93711207553557,34.94717658185303,0 32.93707175062725,34.94717185096767,0 32.93701118873282,34.94718563408053,0 32.93693963075179,34.94720521760254,0 32.93681692148547,34.94718156596892,0 32.93673705543775,34.94715089541758,0 32.93673701822624,34.94715088097524,0 32.93665256921572,34.94710774382961,0 32.93665253419658,34.94710772578263,0 32.93655053121883,34.94704512101848,0 32.93655049839139,34.94704510026833,0 32.93652657841306,34.94702960741571,0 32.9365265466804,34.9470295866661,0 32.93643663578106,34.94702225154284,0 32.93633156350309,34.94700895983281,0 32.93623450505549,34.94697869820401,0 32.93623446784205,34.94697868646581,0 32.93617479128371,34.94695194738619,0 32.93617475626474,34.94695192933908,0 32.93612766342956,34.9469078820697,0 32.93612763498417,34.94690785771599,0 32.93610494730716,34.94684649496836,0 32.93611408015354,34.9467940163792,0 32.93614347323298,34.94673833121694,0 32.93618793987672,34.94667041156718,0 32.93626126135204,34.94656158726801,0 32.93627978414997,34.94648620450095,0 32.9362734345315,34.94639698065857,0 32.93623637898305,34.94620143887818,0 32.93622432008431,34.94611662275768,0 32.93622913062252,34.94605708183833,0 32.93628274958525,34.94592907903699,0 32.93625666490991,34.94590461300161,0 32.93625663865508,34.94590458774763,0 32.93619476847617,34.94586151170098,0 32.93619473674475,34.94586149004984,0 32.93613258642723,34.9458296348983,0 32.93613255140874,34.94582961685119,0 32.93606673991889,34.94578972163673,0 32.93606670818614,34.94578970178843,0 32.936028390647,34.94573150744833,0 32.93601001779479,34.94566314188493,0 32.93600481444023,34.94554049788268,0 32.93599934798306,34.94552822285365,0 32.93598333268049,34.94551137559103,0 32.93598330752131,34.94551134943613,0 32.93595281342153,34.94549245008145,0 32.93595278059484,34.94549242933111,0 32.93579065348793,34.94541471297728,0 32.93579061846899,34.94541469583148,0 32.93573373486538,34.94537667923843,0 32.93573370313426,34.94537665758718,0 32.93571857689032,34.94536538163393,0 32.93571854735013,34.94536535818097,0 32.93566076931789,34.94531202658434,0 32.93566074196865,34.9453120013296,0 32.93543322899613,34.94507220951412,0 32.93543320821701,34.94507218245998,0 32.93540121012035,34.94499477896839,0 32.93540492956742,34.94494659648616,0 32.93541529897292,34.9449341576753,0 32.93545722140022,34.94489510991635,0 32.93549701834309,34.94483856774609,0 32.93550023258246,34.94477140705808,0 32.9354956814833,34.94474652590759,0 32.93531464366216,34.94432554642279,0 32.9353146272594,34.94432552297673,0 32.93495998203921,34.94433566046301,0 32.93432544317017,34.94408906563974,0 32.93432540596046,34.94408905119663,0 32.93400958247518,34.94389946756752,0 32.93400954855416,34.94389944771751,0 32.93392567452441,34.9439984059583,0 32.93358944901232,34.94413006125301,0 32.93319414421252,34.94414336153208,0 32.93273036378465,34.94400840488747,0 32.93273032657232,34.94400839404963,0 32.93207188945645,34.94374523556115,0 32.93207185443823,34.94374521931568,0 32.93178725243745,34.94340265469857,0 32.93178723056518,34.94340262764319,0 32.93143430258139,34.943132136895,0 32.93143427194777,34.94313211434183,0 32.93134027160075,34.94310755209761,0 32.93134023438825,34.94310754216077,0 32.931193118229,34.94305633576473,0 32.93119308101879,34.94305632312354,0 32.93109847142364,34.94301170429087,0 32.93109843531198,34.94301168714311,0 32.93103198037948,34.94297185642807,0 32.93103194645956,34.94297183657724,0 32.93058468651475,34.94266967367469,0 32.93058465478603,34.94266965202208,0 32.93035114182538,34.94248812502997,0 32.93035111228774,34.94248810157571,0 32.93034887615623,34.94248635421135,0 32.93034884661862,34.94248633075708,0 32.93030000293867,34.94244814403917,0 32.93029997778147,34.94244811878452,0 32.93025508582019,34.94238180138765,0 32.93025506613814,34.94238177433325,0 32.93021692671918,34.94234617724323,0 32.93021690374766,34.942346156497,0 32.93012276181435,34.94232867491123,0 32.92992776840451,34.94219349857184,0 32.92992773667614,34.94219347691907,0 32.92985504177221,34.9421410497908,0 32.92985501113937,34.9421410272372,0 32.92979075988239,34.94210142607558,0 32.92979072705862,34.94210140532355,0 32.92974863259386,34.94207499323922,0 32.92974859976932,34.94207497338864,0 32.92967143628277,34.94205096044735,0 32.92967139907172,34.94205094960857,0 32.92950153760466,34.94202029245604,0 32.9293887613725,34.94197924495132,0 32.92938872416384,34.94197923140813,0 32.92929570931049,34.94193111361704,0 32.92929567539065,34.94193109466713,0 32.92924973541704,34.94188559766292,0 32.92924971354525,34.94188557150851,0 32.92922551085417,34.94183679420545,0 32.92921485571612,34.94168810506635,0 32.92919813366765,34.94168724166108,0 32.9290153233858,34.94170407477074,0 32.92893297100391,34.94170605485365,0 32.92888242655619,34.94169277866505,0 32.92888238934461,34.94169276872745,0 32.92877159451506,34.94164122818594,0 32.92877155840369,34.94164121193889,0 32.9286767849074,34.941603425807,0 32.92867674770059,34.94160341046072,0 32.92857140280778,34.94156801586038,0 32.92857136450161,34.94156800592204,0 32.92852788091881,34.94156373007344,0 32.92846689675636,34.94156516081558,0 32.92836463833802,34.94158978098763,0 32.92801846646878,34.94169978147723,0 32.92795781104123,34.94171949419149,0 32.92783123666882,34.94176648486257,0 32.92775355373024,34.94177652846604,0 32.92767944944524,34.94176904661993,0 32.92752733271071,34.94172432043738,0 32.92752729440539,34.9417243095973,0 32.92740834706375,34.94167516257321,0 32.92740830985714,34.94167514722656,0 32.9272927356751,34.94158482538776,0 32.92729270504397,34.94158480193209,0 32.92718064056252,34.94149840423618,0 32.92718060993065,34.9414983816819,0 32.92715103356105,34.94148550856337,0 32.92715099525748,34.9414854959203,0 32.92711180109349,34.94147971403378,0 32.92708150616488,34.94148095065264,0 32.9269785670778,34.94150865757096,0 32.92679870245184,34.94155152710896,0 32.9266551016796,34.94157269005555,0 32.92657643421291,34.94157215756095,0 32.92651063317933,34.94156267342246,0 32.92645851213481,34.94154282019393,0 32.92645847492764,34.94154280574844,0 32.92634487933382,34.94147293869993,0 32.92634484541645,34.94147291794632,0 32.92626754741786,34.94141135702854,0 32.9262675178834,34.9414113317704,0 32.92620396548765,34.94132859088855,0 32.9262039458072,34.94132856383349,0 32.92616920403718,34.94126161737264,0 32.92612878169235,34.94121200026858,0 32.92612875982253,34.94121197321217,0 32.92603361512081,34.94109817746494,0 32.92603359215636,34.94109815040785,0 32.92599469373764,34.94106687751814,0 32.92599466529811,34.9410668522606,0 32.92594973267155,34.94100905992396,0 32.92594971408595,34.94100903286952,0 32.92590912611738,34.94091016019404,0 32.92588006311937,34.9408150607378,0 32.92585456999394,34.94075766513627,0 32.92582689210396,34.94073163999146,0 32.92582686475927,34.94073161473454,0 32.92567850007443,34.94064950774891,0 32.92567846506125,34.94064948879732,0 32.9256274046225,34.9406100566554,0 32.9256273772779,34.94061003139842,0 32.92557190466255,34.9405349203745,0 32.92551174934279,34.94043042953464,0 32.92548644744812,34.94036535372948,0 32.92547174467144,34.94031691412475,0 32.92545718804827,34.94027029460816,0 32.92542941648003,34.94021868023069,0 32.92539353902947,34.94014985604819,0 32.92535204450363,34.94008134931438,0 32.9252480757467,34.93998199573731,0 32.92524804840326,34.93998196957883,0 32.92504012896361,34.93982918856292,0 32.92504009723906,34.93982916510599,0 32.9248566249765,34.93969445192882,0 32.92485659434759,34.93969442757108,0 32.9248297579155,34.93966592737013,0 32.92482973604652,34.93966590031351,0 32.92480976433027,34.93962667004666,0 32.92479341561492,34.93954113160696,0 32.9247873475524,34.93942869434566,0 32.92479410099841,34.93937433557832,0 32.92477436948748,34.93931310769032,0 32.92475240295791,34.93927553752463,0 32.92471890293759,34.93922717451679,0 32.92470954866442,34.93917355576509,0 32.92470691730116,34.93905472132279,0 32.92471574362148,34.93895295277008,0 32.92470509409998,34.93891760894386,0 32.9246678727452,34.93883650973571,0 32.92462286847253,34.93873135174451,0 32.92458032318076,34.93862114991914,0 32.92456710436618,34.93858842225667,0 32.92453879432183,34.93857019024082,0 32.92453876150079,34.93857016948738,0 32.92451001265633,34.93856013666237,0 32.92450997435535,34.93856012311701,0 32.92443280284202,34.93853102182693,0 32.92443276563655,34.93853100738078,0 32.92429702588316,34.9384962662272,0 32.92429698757892,34.93849625628753,0 32.92426360946014,34.93847667700663,0 32.9242635755437,34.93847665715388,0 32.92426002775687,34.93844090485509,0 32.92425874994831,34.93839364081879,0 32.92427667922804,34.93832961211272,0 32.92430014948565,34.93829675944728,0 32.92434576530403,34.93824427194884,0 32.9243939575296,34.93820053989058,0 32.92447429815606,34.93813489313745,0 32.92449260424954,34.93809901109918,0 32.92449853153877,34.93806709670243,0 32.92449473271374,34.93804120056405,0 32.92448322398582,34.93802627733279,0 32.92448320321206,34.93802625027676,0 32.92442022799549,34.9379515631169,0 32.92442020503244,34.9379515360595,0 32.9242625567809,34.93777730729224,0 32.92426253272329,34.93777728023412,0 32.92418712321552,34.93770191633185,0 32.92418709587234,34.93770189107456,0 32.92414381452971,34.93772771817289,0 32.92410909782877,34.93773564806683,0 32.92404651834399,34.93774407435325,0 32.92395335495976,34.93774209330638,0 32.92385557530775,34.93773311594636,0 32.92378827053954,34.93771510179279,0 32.92378823223574,34.93771509185296,0 32.92374394707358,34.93769230908855,0 32.92374391315509,34.93769229193997,0 32.92372770459581,34.93765088146611,0 32.92372582649663,34.93757130683321,0 32.92372743311859,34.93755038278358,0 32.92372743533628,34.93755035213613,0 32.92369244933268,34.9375595203167,0 32.92360453728341,34.93757164348055,0 32.92349864312166,34.93756863725783,0 32.92334238904106,34.93752596929915,0 32.92334235073825,34.93752595845774,0 32.92322951655341,34.93748534146995,0 32.9232294793478,34.93748532792488,0 32.9230193825007,34.93740084841293,0 32.92301934420218,34.93740083306424,0 32.92290936732619,34.93733922852807,0 32.9229093323159,34.93733920867422,0 32.92279995455509,34.93726456603262,0 32.92279992283218,34.93726454257512,0 32.92273940830751,34.93720502999035,0 32.92273938206045,34.93720500383198,0 32.92269278788255,34.93714591744078,0 32.9226927671096,34.93714589038445,0 32.92263730399468,34.93705549862788,0 32.92258909790801,34.9369459451127,0 32.92253243069929,34.93686394852377,0 32.92253241102112,34.93686392146812,0 32.92252373591305,34.9368534872097,0 32.92252371185544,34.93685346105268,0 32.92251587141127,34.93688202349698,0 32.9224783795754,34.93694157285542,0 32.92243473276245,34.936957804218,0 32.92238071238005,34.93696197041305,0 32.92233471716907,34.93695650985893,0 32.92229671783688,34.93691910746976,0 32.92229669378018,34.93691908041126,0 32.92221015946703,34.93678492544032,0 32.9221686783138,34.9367335052356,0 32.92216865644647,34.93673347817849,0 32.92212490523831,34.93669228601312,0 32.92212487789611,34.93669226075536,0 32.92206042064344,34.93664162175189,0 32.92206039001564,34.93664159829488,0 32.92196947451389,34.93658027285537,0 32.92196944169514,34.93658025119981,0 32.92190615739408,34.93653726606882,0 32.92190612457623,34.93653724351179,0 32.92189339924496,34.93650157988437,0 32.9218946127779,34.93646854208976,0 32.92190884389275,34.93639380045918,0 32.92190333290058,34.93632281144002,0 32.92182942866572,34.93631096229345,0 32.92177689807169,34.93628558277135,0 32.92177686524796,34.93628556652435,0 32.92175308823482,34.93624101300193,0 32.92175603980894,34.93611377072583,0 32.92174631836065,34.93611260431469,0 32.9216001050853,34.93610515071381,0 32.92154791539716,34.93608178422134,0 32.92154787929137,34.93608176616927,0 32.921518264593,34.93605119102308,0 32.92151823834582,34.93605116576587,0 32.921446228421,34.93585416870312,0 32.92113670381706,34.93566522973841,0 32.92113666880875,34.93566520898261,0 32.92103738787445,34.93559916018482,0 32.92103735396257,34.93559913762684,0 32.9209955355379,34.93552868564826,0 32.92098573790101,34.93549975485667,0 32.92096370356565,34.93548551854713,0 32.92096366965295,34.93548549689058,0 32.92086715035895,34.93548260805471,0 32.92047219782508,34.93550980433478,0 32.92040895435714,34.93552592478881,0 32.92036713949273,34.93556790256424,0 32.92032996494817,34.93558700308601,0 32.92026491682532,34.93559471457549,0 32.91998999316419,34.93560365547334,0 32.91997219222024,34.93562177435747,0 32.91996792569693,34.93564846761293,0 32.91996795522739,34.93564849287262,0 32.92002833332388,34.93569984244349,0 32.92002836066425,34.93569986860314,0 32.92004653135701,34.93571696550398,0 32.92004655431712,34.93571699346365,0 32.92007441666589,34.93575123576534,0 32.92008040760081,34.93579635484006,0 32.92005600987453,34.93582402282853,0 32.92000490331701,34.93584695871141,0 32.91962369990933,34.9358928417671,0 32.9195679444917,34.93590434957414,0 32.91951218796569,34.93591585555195,0 32.91948255534152,34.93592797917785,0 32.91928741375407,34.93606449585923,0 32.9190289607798,34.93620234743992,0 32.91893930627265,34.93625731859222,0 32.91890329577983,34.9362897652294,0 32.91880128303266,34.93636653109029,0 32.91858753617321,34.93645065889685,0 32.91854572220723,34.93646595620256,0 32.91849925696309,34.93647364314531,0 32.91846677333714,34.93646606640433,0 32.91846673503366,34.93646605736423,0 32.91842956197709,34.93645847746607,0 32.91840169020669,34.9364585128353,0 32.91837380611859,34.93647760998038,0 32.91834236946129,34.93651372386496,0 32.91827730790295,34.93660909724034,0 32.91825872563081,34.9366396083024,0 32.91824943159347,34.93668536170253,0 32.918268006633,34.9368111165675,0 32.91826800543902,34.93684542255918,0 32.91824013154616,34.9368607011915,0 32.91818901648741,34.93686458532812,0 32.91811471873,34.93684562582632,0 32.91811468042727,34.93684561588469,0 32.91805895801048,34.93679997100426,0 32.91805892957483,34.93679994574487,0 32.91798460924521,34.93670478496313,0 32.9179845906632,34.93670475790747,0 32.91796135895355,34.93663998568182,0 32.91796136179968,34.93659425487569,0 32.91794745039121,34.93658286213245,0 32.91794742086014,34.93658283777368,0 32.91791489798084,34.93659049604813,0 32.9178870252654,34.93661340075916,0 32.91776620746044,34.93672408763524,0 32.91773833408177,34.9367431846407,0 32.91770115997019,34.93675084872253,0 32.91766867405999,34.93673566363754,0 32.91766863795387,34.93673564648578,0 32.91763614982339,34.93671283973965,0 32.91763611810127,34.9367128171822,0 32.91761039338639,34.93669807746795,0 32.91761035837763,34.93669805761256,0 32.91759429548253,34.93670143522034,0 32.91758965482389,34.93672050287649,0 32.91758499849903,34.93678149185528,0 32.91756176067717,34.9368729935907,0 32.91751528994623,34.93695690747682,0 32.9174827636996,34.93699506305241,0 32.91745427508381,34.93702497321316,0 32.91741771701636,34.93702945014481,0 32.91735267347237,34.93701809738532,0 32.91728765783429,34.93699532159923,0 32.91728761953521,34.93699530805159,0 32.91689740030374,34.9367938121459,0 32.91689736419777,34.93679379499387,0 32.91686023109355,34.93678241779013,0 32.9168601927901,34.93678240874953,0 32.91681373001457,34.93677864589589,0 32.91648385802549,34.93676000772274,0 32.91643274630571,34.93675626406334,0 32.91638632470956,34.93674108166917,0 32.91638628640985,34.93674106902267,0 32.9161726183494,34.93663464144036,0 32.91617258114623,34.93663462699169,0 32.91613541260748,34.93662704369068,0 32.91611219122535,34.93663850836187,0 32.91609916059159,34.93666108667368,0 32.9160710574309,34.93667543616999,0 32.91601066577016,34.93668313777897,0 32.91595490456329,34.93668320738892,0 32.91587592509402,34.93666805365381,0 32.91541599191849,34.93660002916505,0 32.91536488208078,34.93659246657008,0 32.91532310895095,34.93656205542443,0 32.91532307832509,34.93656203196569,0 32.9152811024406,34.93651698673359,0 32.91528107729075,34.93651696057437,0 32.91525439658382,34.93649985792917,0 32.91525436157202,34.93649984167886,0 32.91519299933053,34.93648597081376,0 32.91496071817665,34.93645576534724,0 32.91490032108491,34.93644440641374,0 32.9148539018951,34.93641780673372,0 32.91485386688714,34.93641778687756,0 32.91483531969197,34.93640259097123,0 32.91483529016189,34.93640256661173,0 32.91482138623225,34.93639497758055,0 32.91482135122338,34.93639495862581,0 32.91480741074813,34.93640260115106,0 32.91480740680376,34.93642547060892,0 32.91479345821118,34.93648646829018,0 32.91476093726783,34.93649412572163,0 32.91471912981659,34.93648656036696,0 32.91469593588678,34.9364713593747,0 32.91469590416557,34.93647133681652,0 32.91468199060353,34.93645613783029,0 32.91468196545295,34.93645611257241,0 32.91466806524625,34.93645233209831,0 32.91466802694506,34.93645232125417,0 32.9146540963061,34.93645995565571,0 32.91462621354182,34.93647905013807,0 32.91458904363026,34.93648672318665,0 32.91455188490513,34.93648677007346,0 32.91449152859043,34.93646779562451,0 32.9144914902902,34.93646778387888,0 32.91442184368958,34.93641834599907,0 32.91442181196845,34.93641832344083,0 32.91437539101652,34.93638410282703,0 32.91437535929542,34.93638408026876,0 32.91434753007212,34.93637269533205,0 32.91434749287128,34.93637267907994,0 32.91429173379399,34.93638037318512,0 32.91421275354006,34.93640334104663,0 32.91362303299817,34.93656083875511,0 32.91346972723112,34.93659532050651,0 32.91214107633912,34.93674559289909,0 32.91185305359514,34.9367649941257,0 32.91173691524946,34.9367689428346,0 32.91162542372404,34.93678813811373,0 32.91153715621923,34.93682254753097,0 32.9114720979632,34.93687978736757,0 32.91133735298579,34.93699428969835,0 32.91122119728716,34.93706684266802,0 32.91103549985899,34.93714606663662,0 32.91081249799257,34.93721874735299,0 32.91060345134652,34.93727235090172,0 32.91040834101039,34.93729926019902,0 32.91023181247542,34.93731090536042,0 32.91016213342562,34.93731098816822,0 32.91012497608746,34.93732246662705,0 32.91009709330164,34.93734536773604,0 32.90991232811287,34.93754152597603,0 32.90953484394836,34.93787958809891,0 32.9092793008565,34.93806282552169,0 32.90889460173552,34.93827562468679,0 32.90838819842526,34.93851632142316,0 32.90829528496063,34.93854310602551,0 32.90818379694565,34.93856610220402,0 32.90797939813731,34.93860445062128,0 32.90779356260635,34.93868088496661,0 32.90755197379341,34.93879168715695,0 32.90738006863952,34.9388833486201,0 32.90721279569577,34.93902074866904,0 32.907020394352,34.93923727990175,0 32.90675545711243,34.9396339451376,0 32.90676473809582,34.93964918653946,0 32.90676477092606,34.93964919557902,0 32.90681118464915,34.93966056946076,0 32.90681122294771,34.93966058301171,0 32.90687621261004,34.93968335626077,0 32.90687624542607,34.93968337792041,0 32.90696907924973,34.93974804869757,0 32.90696910220651,34.93974807665967,0 32.90700622394561,34.93979373490004,0 32.90701549035445,34.93984328134177,0 32.90700618628112,34.93988140408579,0 32.9069690059768,34.93991955776804,0 32.90646928271441,34.94032261378112,0 32.90610166911909,34.94061911103007,0 32.90578102291669,34.94091294107957,0 32.90572061204399,34.94095874667546,0 32.90567880651368,34.94096641880098,0 32.90560913311627,34.9409588692416,0 32.90532470216295,34.94090405511666,0 32.90530037531835,34.94089491091476,0 32.90530033702051,34.94089489646196,0 32.90522832818988,34.94086783056821,0 32.90522828989205,34.94086781611536,0 32.90515443731423,34.94082771937743,0 32.90515440121206,34.94082769951766,0 32.90508436446413,34.94077271308485,0 32.90508433493641,34.94077268782159,0 32.90469437981738,34.94040344801932,0 32.90469435138564,34.94040342185536,0 32.90465723270901,34.94037679674768,0 32.90465720317633,34.94037677599147,0 32.90460147241134,34.94036541200065,0 32.90451786190262,34.94036550316412,0 32.90436156677006,34.94036589043354,0 32.903804180968,34.94040080198402,0 32.90343830771474,34.94043313740854,0 32.90313531956733,34.94044344751261,0 32.90296547140328,34.94047778019107,0 32.90277502494117,34.94051800957137,0 32.90262435744976,34.94055071380275,0 32.90245247843887,34.94060425194255,0 32.90228523548125,34.94068066030509,0 32.90197440119323,34.94081465540231,0 32.90187685296981,34.9408300011286,0 32.9017607454909,34.94083775159108,0 32.90127771884283,34.94084207273194,0 32.90119876817935,34.94083834781434,0 32.90110125220822,34.9408193923883,0 32.90101305693366,34.94079282193297,0 32.90101301753973,34.94079280928074,0 32.9006787770256,34.94062550121225,0 32.90067873982662,34.94062548405454,0 32.9005951951771,34.94059890087159,0 32.90059515578442,34.94059888731781,0 32.9005301395593,34.94059895579416,0 32.90044188684234,34.94060667551746,0 32.90016787161329,34.94063363977173,0 32.90004247952906,34.94063377193754,0 32.89996816954221,34.94063004282711,0 32.89988927160164,34.94061107561544,0 32.89988923220361,34.94061106656861,0 32.89976471446167,34.94056020941818,0 32.89976467616604,34.94056019406217,0 32.89904968597873,34.94033610979393,0 32.89904964658311,34.94033609894394,0 32.89874317398767,34.94028306838776,0 32.89845534172974,34.94022240665672,0 32.89845530342675,34.94022239761033,0 32.8983856993747,34.94019961690202,0 32.89838565998257,34.94019960334752,0 32.89834391989857,34.94018061482441,0 32.89834388270028,34.940180597666,0 32.89828820556662,34.94014257174283,0 32.89828817384959,34.94014254827893,0 32.89790300081813,34.93982286607334,0 32.89790297019827,34.93982284080736,0 32.89784266955769,34.93978481890537,0 32.89784263674292,34.93978479814473,0 32.89780549036362,34.9397772209774,0 32.89774047881705,34.93978109743597,0 32.89768475348523,34.93978496365232,0 32.89762436882184,34.93980408543375,0 32.89730385177538,34.93994541074962,0 32.89724808712623,34.94000263365817,0 32.89720623655534,34.94008651477626,0 32.89719688621727,34.94015892826815,0 32.89721540925247,34.94023893019916,0 32.89728567407425,34.94045496387704,0 32.89728560819585,34.94054642716324,0 32.89727625747441,34.94063408484595,0 32.89722972336845,34.94076369637618,0 32.897183205605,34.94087044927696,0 32.89706699402987,34.94102681587265,0 32.89646284043751,34.94164098283778,0 32.89630022312201,34.94176309600885,0 32.89618872665751,34.94181275014325,0 32.8960912013664,34.94182808943611,0 32.89596581798753,34.94183202326352,0 32.89577078435896,34.9418284098938,0 32.89565470432864,34.9418094765374,0 32.89499622745713,34.94154181812416,0 32.89499618806378,34.94154180547,0 32.8942855872879,34.94141703707326,0 32.89409503233491,34.94137234465956,0 32.89409499293831,34.94137233470941,0 32.89400513042916,34.94132919923484,0 32.89400509323244,34.94132918117367,0 32.89378157781897,34.9411803490272,0 32.89378154391228,34.94118032646163,0 32.89365177245702,34.94109290972616,0 32.89365174074096,34.94109288626107,0 32.89351342314682,34.94097759128816,0 32.89351339362258,34.94097756602206,0 32.89294439551416,34.94049092583459,0 32.89294436489557,34.9404909005674,0 32.8927981645901,34.94038458424291,0 32.89279813287339,34.94038456167898,0 32.89232352096544,34.94020060588565,0 32.89232348267137,34.94020059052731,0 32.89221459746621,34.94013425552165,0 32.89221456355919,34.94013423385709,0 32.89214892641657,34.94007706329774,0 32.89214890017831,34.9400770371328,0 32.89197381464562,34.93985164596218,0 32.89197379169273,34.93985161889868,0 32.89159186677751,34.93942002607247,0 32.89159184382486,34.93941999900889,0 32.89151434761222,34.93931070276916,0 32.89143200569677,34.93901600459649,0 32.89134800244666,34.93885924630033,0 32.89123926111427,34.93875303278526,0 32.89123923706843,34.93875300481918,0 32.89116903007132,34.9386388768634,0 32.89111353480396,34.93845743825736,0 32.88293601545751,34.93765185225288,0 32.87241610430959,34.93937045031851,0 32.87188145179648,34.93945456136506,0 32.86984211501622,34.93837784271543,0 32.86984207673432,34.93837782284281,0 32.86934774381511,34.93895044348629,0 32.868587718554,34.93929037927597,0 32.86843381081095,34.93935921673863,0 32.86811335218439,34.93954743259781,0 32.86791877100983,34.93970139834114,0 32.86774710867768,34.93980003873737,0 32.86748344618469,34.93993214084021,0 32.86718948891066,34.94005581417717,0 32.86679462665557,34.94013752793182,0 32.86650116617982,34.9401697133934,0 32.86616770732972,34.94011857942257,0 32.8658954634929,34.93997620205668,0 32.86589542521122,34.93997618218284,0 32.86576448742394,34.9398842326146,0 32.86576445352694,34.93988420913981,0 32.8656140747034,34.93964245619638,0 32.86547338120112,34.9394839388796,0 32.865473354973,34.93948391180746,0 32.86526080037776,34.93951639297531,0 32.86504788155895,34.93961540927082,0 32.86491523110359,34.93983116210939,0 32.86484087025222,34.94011273491432,0 32.86476267916604,34.94028724975299,0 32.86472104906747,34.94055395725532,0 32.86461855160847,34.94074321765182,0 32.86451659243971,34.94083386687014,0 32.86432214633742,34.94096968646256,0 32.86433122287073,34.94107912911925,0 32.86435675881346,34.94138702413825,0 32.86447581690498,34.94159520571014,0 32.86447583984635,34.94159523458168,0 32.8646133832186,34.94173984394067,0 32.86461340835096,34.94173987191322,0 32.86481498169499,34.94198333081729,0 32.86481500792366,34.94198335788957,0 32.86546456680777,34.94264029717143,0 32.86555974047103,34.94293631142102,0 32.86560690370217,34.94307840011912,0 32.86557003894028,34.94322652019309,0 32.86540578141521,34.94359358768433,0 32.86516813633484,34.94370198319369,0 32.86484229389379,34.94404873507264,0 32.86393810116608,34.9449270885721,0 32.86305120475698,34.94432880538033,0 32.86305116976269,34.94432878280499,0 32.86268462124107,34.94418542389935,0 32.86268458075371,34.94418541303637,0 32.86214618364002,34.94414063832981,0 32.86207756721704,34.94430681128028,0 32.86209106874175,34.94488214880876,0 32.8621667688092,34.94561864064359,0 32.86212668599178,34.94588172679835,0 32.86206702503463,34.9460677594596,0 32.86194759408866,34.94618697109935,0 32.861739497368,34.94630941794539,0 32.86115982962813,34.9465554381177,0 32.86058962162688,34.94676139217076,0 32.86010622869966,34.94684375945202,0 32.85965975422838,34.94681936454399,0 32.85889700808443,34.94666310780386,0 32.85857324269044,34.94664834619291,0 32.85816118010394,34.94671965062832,0 32.85780268439458,34.94681876705717,0 32.85759633780842,34.94708133148807,0 32.85741378513451,34.94767265425301,0 32.85574440285031,34.94722283057892,0 32.85574436126444,34.94722282151518,0 32.85503428984482,34.9471312512857,0 32.85454458924944,34.94703047952044,0 32.8545445476638,34.94703047045629,0 32.85425795918301,34.94691676790615,0 32.854257918705,34.94691675163175,0 32.85381114286701,34.94669778988396,0 32.85381110348876,34.94669777090644,0 32.85346296985811,34.94664940953055,0 32.8516233541355,34.94655863300329,0 32.85139224739881,34.94647550592116,0 32.85139220582518,34.94647549054589,0 32.85111284817468,34.94628358903394,0 32.85111281318612,34.94628356465228,0 32.85077443178782,34.94637419437432,0 32.85046279270662,34.94654021693645,0 32.85034656208693,34.94641528726017,0 32.85034653476684,34.94641526018346,0 32.85015993499545,34.94655742712825,0 32.85002296478421,34.94635350585798,0 32.85002294184005,34.94635348058949,0 32.84987749473101,34.9463818232328,0 32.84974530611871,34.94637006193707,0 32.84961313598877,34.94652266816601,0 32.84931461503946,34.94653303792522,0 32.84895057201469,34.94641735176773,0 32.84895053043991,34.94641733729306,0 32.84867738633418,34.94663639938832,0 32.84850664490666,34.9464675641621,0 32.84850661539762,34.94646753708225,0 32.84850825142127,34.94664882939944,0 32.84843470390763,34.94671872055299,0 32.8482562873828,34.94660928627059,0 32.8482562512985,34.9466092627882,0 32.84810158332326,34.94648425410273,0 32.84810155490079,34.94648423153132,0 32.84765462846592,34.94646927142983,0 32.84750011117644,34.94654613220236,0 32.84731795819062,34.94644347785198,0 32.84731791991379,34.94644345616941,0 32.84708327610661,34.9466516971625,0 32.84687081358918,34.94668148065644,0 32.84665799755787,34.94670701306688,0 32.84658445765465,34.94683130740358,0 32.84657861802378,34.94706995399364,0 32.84650738800899,34.94729685970978,0 32.84635420185328,34.94742578125344,0 32.84604335864997,34.94761831454927,0 32.84568724968598,34.94772974065378,0 32.84549280416003,34.94785112046095,0 32.84522163417503,34.94792517515497,0 32.84510180669714,34.94802080435224,0 32.84496520912382,34.94808082969838,0 32.84466161323126,34.94811026580717,0 32.84443664016,34.94810357952299,0 32.84420220290634,34.94833285732967,0 32.84395756672665,34.9485145213216,0 32.84361671364645,34.94869054420329,0 32.8432425600679,34.94894968679242,0 32.84308298701685,34.94910522790155,0 32.84279130659771,34.94935220256007,0 32.8426319114582,34.94942295527794,0 32.84235488686721,34.94951045888015,0 32.84210429766701,34.94956281954098,0 32.8419021058999,34.94963151357428,0 32.84181971305279,34.94972006327806,0 32.84166222914552,34.94992170727034,0 32.84140862587818,34.95000958898785,0 32.84120339044798,34.95010072359015,0 32.84110984942534,34.9501861654086,0 32.84109326678917,34.95048029252242,0 32.84114133453537,34.95053564125641,0 32.8411413717246,34.95053565933373,0 32.84137145973266,34.95064686167284,0 32.84137149362535,34.9506468860558,0 32.8414604147464,34.95071156286289,0 32.84151584123911,34.95078226255955,0 32.84151173070934,34.95084966554165,0 32.84145567464086,34.95088928523891,0 32.8413663088563,34.95089506664711,0 32.84115077846603,34.95084213942413,0 32.84115073688169,34.95084212945398,0 32.84108018192625,34.9508204144652,0 32.8410801403489,34.95082040088928,0 32.84081201921917,34.95084387110489,0 32.84069670778488,34.95083116205262,0 32.8406741790033,34.95086478304128,0 32.84056970195697,34.9509103432603,0 32.840353633469,34.95094320881254,0 32.84022308024996,34.95099172992326,0 32.84009589706415,34.95110155555288,0 32.83996169193482,34.9511378039568,0 32.83944788065799,34.95116643784069,0 32.83889651422857,34.9512531487225,0 32.83874006296661,34.95127398509839,0 32.83834957609918,34.95121729410329,0 32.83827152037804,34.95120473779145,0 32.83827148645594,34.95120472873192,0 32.83822726253892,34.95112794247916,0 32.83825007592085,34.95104528972112,0 32.83862319446725,34.9508690652533,0 32.83862330295591,34.95086901401567,0 32.83850777957518,34.95089307660882,0 32.83820715323903,34.95075094857745,0 32.83820711386069,34.95075093049633,0 32.83806226528174,34.95070440736814,0 32.83806222370672,34.95070439288977,0 32.83791697769116,34.95071914494463,0 32.83686670702016,34.95083146479718,0 32.83644838562059,34.95108110521026,0 32.83638128229268,34.95109922741376,0 32.83624034837393,34.95101901809453,0 32.83624031119275,34.95101899641001,0 32.8362146864126,34.95094534715004,0 32.83632126961866,34.95053818773727,0 32.83643433499022,34.95029653754112,0 32.83668924311099,34.94998496265708,0 32.83660394672335,34.94993867919421,0 32.83660390844415,34.94993865931117,0 32.83612442811514,34.94983258525052,0 32.83612438652477,34.9498325788844,0 32.83590112086223,34.94982250141788,0 32.83549169367294,34.94982395060505,0 32.83536493441713,34.94986022295192,0 32.83536497817368,34.94986024103991,0 32.83553574868085,34.94992831791789,0 32.83553578366815,34.94992834140257,0 32.83566177661047,34.95001768449994,0 32.83568756074312,34.95006375472337,0 32.83545380464719,34.95057766951741,0 32.83536528729442,34.95107683317363,0 32.83517313526396,34.95211494156336,0 32.83487235923951,34.95390648866236,0 32.83470112097366,34.95390887621502,0 32.83411641279942,34.95396478737282,0 32.83347592050784,34.95401128129829,0 32.83291722766712,34.9540734196995,0 32.83240677531928,34.95416026188379,0 32.83128900481061,34.9543488781714,0 32.83055988018297,34.95427548714753,0 32.83000934799897,34.95421506465427,0 32.82941044964615,34.95415138067388,0 32.82875205014586,34.95407826290351,0 32.82835027880546,34.95403987885867,0 32.82831668818979,34.95405506651191,0 32.82815202586202,34.95420456716504,0 32.82790545822623,34.9543568046081,0 32.82772254759254,34.95444494077735,0 32.8275921095546,34.95447199791979,0 32.8273798067867,34.95449566099398,0 32.82729761075346,34.95454742795324,0 32.8270851381064,34.95459867142717,0 32.82683914911165,34.95465284328447,0 32.82670095859853,34.95473196422045,0 32.82659915029951,34.9549521986376,0 32.82645251263477,34.9551998346865,0 32.82635152167931,34.95528216698366,0 32.82617608845153,34.95536420428471,0 32.82592241714958,34.95545818228999,0 32.82565728421195,34.95560114702387,0 32.8255262777567,34.95572319865955,0 32.82538448918422,34.95578085249122,0 32.82521316062292,34.95579854909219,0 32.82503075254647,34.95580087718327,0 32.82490462045521,34.95573603381667,0 32.82490458217615,34.95573601392995,0 32.82472230201732,34.95571689033738,0 32.82452926499214,34.95563645077171,0 32.8245292234228,34.95563643358444,0 32.82438413028758,34.95562358940032,0 32.82427569480664,34.95570589297213,0 32.82404055900029,34.95581219931566,0 32.82368238568618,34.95595171844488,0 32.82350718707708,34.95599391247899,0 32.82347070018718,34.95604060687444,0 32.8234284173628,34.95609472244445,0 32.82335719895917,34.95617717573877,0 32.82312944782679,34.95629270369167,0 32.82286064173773,34.95642645330962,0 32.82256292131267,34.95641605250257,0 32.82235078992677,34.95640906280403,0 32.8221789829525,34.9565064293804,0 32.82213755842624,34.95658593821791,0 32.82209943482257,34.95673594393386,0 32.82201957982174,34.95701755448973,0 32.8219631246778,34.95712151784236,0 32.82180995883614,34.95721283104044,0 32.82172381741989,34.9573013524457,0 32.82167462026194,34.95743598945175,0 32.82158465796763,34.95753981778437,0 32.82137881449423,34.9577259153219,0 32.82121070324824,34.95782635982234,0 32.82102042588117,34.95789913349706,0 32.82094588472999,34.95791415327894,0 32.82084507426026,34.95796583971079,0 32.82068099734219,34.958014203737,0 32.82057264753652,34.95808118153256,0 32.82051974183835,34.95821273868567,0 32.82050068755945,34.95828620974569,0 32.8202907103629,34.95853970843611,0 32.82020441383847,34.95865274297135,0 32.82021806806415,34.95885812035603,0 32.82025811344717,34.95900844303348,0 32.82018183932843,34.95931151796663,0 32.82009466195381,34.95957164506103,0 32.81999251676341,34.95984396971683,0 32.81988718634865,34.96002741011419,0 32.81978173965747,34.96022923675841,0 32.81968471799447,34.96026867735736,0 32.81936389082675,34.96038382014552,0 32.81888596557973,34.96062396391419,0 32.81835412346561,34.9605451768324,0 32.81820612405264,34.9604005657645,0 32.81820609454862,34.96040053867738,0 32.81814309054592,34.96036046763371,0 32.81814305446225,34.96036044504388,0 32.81777504381387,34.96028233511537,0 32.81777500003776,34.96028232513396,0 32.81765949290755,34.9603002381165,0 32.81731670279375,34.96035399283379,0 32.8169594992262,34.96032801390319,0 32.81682934471665,34.96030602735737,0 32.81668106294539,34.96021044291098,0 32.81668102686619,34.96021041851785,0 32.81656987257265,34.9601303116728,0 32.81656983649353,34.96013028727964,0 32.81645107459204,34.96007772201752,0 32.81645103302417,34.96007770392604,0 32.81616390862076,34.96015926485934,0 32.81592556391629,34.96017667199622,0 32.8156142831583,34.96018476703973,0 32.81538710902367,34.96023731258584,0 32.81518282806302,34.9603375936389,0 32.81502747274055,34.96037154125193,0 32.81502744206769,34.96037154751524,0 32.81482383757185,34.95983054191171,0 32.81482382559638,34.95983051124475,0 32.81453866289785,34.95994110195839,0 32.81446307770204,34.96014303085935,0 32.81434919957977,34.96026230924648,0 32.81423884654632,34.9603337034232,0 32.81395060663111,34.96041766964246,0 32.81319563223123,34.9601750684639,0 32.81319558846594,34.96017505397366,0 32.81299515571469,34.96017422540503,0 32.81258749647142,34.9602257611293,0 32.81204038798961,34.96034856603978,0 32.81204042516448,34.96034858953455,0 32.81237533519161,34.96055751670337,0 32.81248088109697,34.96074422840115,0 32.81245097046129,34.96087715879073,0 32.81227272781373,34.96094826963486,0 32.81194792903739,34.96119440351305,0 32.81182396197021,34.96137750420531,0 32.81172317032062,34.96147022344991,0 32.81121999261509,34.96180875492618,0 32.81104867059008,34.9618053821755,0 32.81051856534766,34.96231676707768,0 32.81041091397633,34.96247332293527,0 32.81017241708361,34.9628794754464,0 32.81011685186997,34.96297770324926,0 32.8100066398864,34.96302514541794,0 32.80961335934443,34.96284523565528,0 32.80961331777668,34.96284521756151,0 32.80924559680229,34.96271597018196,0 32.80924555413343,34.96271595479058,0 32.80870359482442,34.96253009699602,0 32.80870355215576,34.96253008160448,0 32.80858121922976,34.96245242250624,0 32.80858118644115,34.96245239631303,0 32.8084912980238,34.96235359198518,0 32.80849126633232,34.96235356489226,0 32.80841323232997,34.96242508762749,0 32.80826690188085,34.96256285330649,0 32.80756004664109,34.96289785674102,0 32.8074274156839,34.9629106082013,0 32.80725618806201,34.96289126498912,0 32.80713011837232,34.96288807660315,0 32.80702305343233,34.96294883250319,0 32.806899742641,34.96302282614608,0 32.80675741313473,34.96303553621325,0 32.80647950142087,34.96301574447111,0 32.80638948491919,34.96293822390444,0 32.80638945213109,34.96293819771066,0 32.80637721365797,34.96282638172905,0 32.80638118651866,34.96270664907394,0 32.80628477127327,34.96261845789263,0 32.80628473958244,34.96261843079913,0 32.80616178987112,34.96263388168493,0</coordinates>
						</LinearRing>
					</outerBoundaryIs>
				</Polygon>
			</MultiGeometry>
		</Placemark>
	</Document>
</kml>