<?xml version='1.0' encoding='UTF-8'?>
<kml xmlns="http://www.opengis.net/kml/2.2">
	<Document>
		<name>RIZOKARPASO LEKO</name>
		<Style id="PolyStyle60">
			<LabelStyle>
				<color>00000000</color>
				<scale>0.000000</scale>
			</LabelStyle>
			<LineStyle>
				<color>ffff7000</color>
				<width>2.000000</width>
			</LineStyle>
			<PolyStyle>
				<color>00828282</color>
				<outline>1</outline>
			</PolyStyle>
		</Style>
		<Placemark id="ID_60029">
			<name>RIZOKARPASO LEKO</name>
			<snippet />
			<description>&lt;html xmlns:fo="http://www.w3.org/1999/XSL/Format" xmlns:msxsl="urn:schemas-microsoft-com:xslt"&gt;

&lt;head&gt;

&lt;META http-equiv="Content-Type" content="text/html"&gt;

&lt;meta http-equiv="content-type" content="text/html; charset=UTF-8"&gt;

&lt;/head&gt;

&lt;body style="margin:0px 0px 0px 0px;overflow:auto;background:#FFFFFF;"&gt;

&lt;table style="font-family:Arial,Verdana,Times;font-size:12px;text-align:left;width:100%;border-collapse:collapse;padding:3px 3px 3px 3px"&gt;

&lt;tr style="text-align:center;font-weight:bold;background:#9CBCE2"&gt;

&lt;td&gt;3&lt;/td&gt;

&lt;/tr&gt;

&lt;tr&gt;

&lt;td&gt;

&lt;table style="font-family:Arial,Verdana,Times;font-size:12px;text-align:left;width:100%;border-spacing:0px; padding:3px 3px 3px 3px"&gt;

&lt;tr&gt;

&lt;td&gt;DIST_CODE&lt;/td&gt;

&lt;td&gt;3&lt;/td&gt;

&lt;/tr&gt;

&lt;tr bgcolor="#D4E4F3"&gt;

&lt;td&gt;VIL_CODE&lt;/td&gt;

&lt;td&gt;356&lt;/td&gt;

&lt;/tr&gt;

&lt;tr&gt;

&lt;td&gt;QRTR_CODE&lt;/td&gt;

&lt;td&gt;1&lt;/td&gt;

&lt;/tr&gt;

&lt;tr bgcolor="#D4E4F3"&gt;

&lt;td&gt;QRTR_NM_E&lt;/td&gt;

&lt;td&gt;LEKO&lt;/td&gt;

&lt;/tr&gt;

&lt;tr&gt;

&lt;td&gt;QRTR_NM_G&lt;/td&gt;

&lt;td&gt;ΛΕΚΟ&lt;/td&gt;

&lt;/tr&gt;

&lt;tr bgcolor="#D4E4F3"&gt;

&lt;td&gt;VIL_CCD&lt;/td&gt;

&lt;td&gt;3356&lt;/td&gt;

&lt;/tr&gt;

&lt;tr&gt;

&lt;td&gt;QRTR_CCD&lt;/td&gt;

&lt;td&gt;335601&lt;/td&gt;

&lt;/tr&gt;

&lt;/table&gt;

&lt;/td&gt;

&lt;/tr&gt;

&lt;/table&gt;

&lt;/body&gt;&lt;script type="text/javascript"&gt;

				function changeImage(attElement, nameElement) {

				document.getElementById('imageAttachment').src = attElement;

				document.getElementById('imageName').innerHTML = nameElement;}

			&lt;/script&gt;&lt;/html&gt;

</description>
			<styleUrl>#PolyStyle60</styleUrl>
			<MultiGeometry>
				<Polygon>
					<extrude>0</extrude>
					<altitudeMode>clampToGround</altitudeMode>
					<outerBoundaryIs>
						<LinearRing>
							<coordinates> 34.58767560678849,35.69566109941645,0 34.58752062467523,35.69563853359812,0 34.58695729645928,35.69564267382479,0 34.5867704096565,35.69561180490449,0 34.58671840952827,35.69553980769371,0 34.58671974240345,35.69549143464165,0 34.5867719839928,35.69544771293494,0 34.58696334762443,35.69536282061049,0 34.58709078970686,35.69525441208944,0 34.58721710883732,35.69507693126696,0 34.58722596068108,35.6949697594446,0 34.58717760707925,35.6948614549321,0 34.58707604826557,35.69480891705683,0 34.58703117648721,35.69479529395751,0 34.58693009162549,35.69476460231819,0 34.58678705518759,35.69472737568969,0 34.58631019673302,35.69473233912188,0 34.58611951974622,35.69480478281269,0 34.58585264723978,35.69490617418767,0 34.58555497421246,35.69500416945363,0 34.58544508259821,35.69506255314084,0 34.58541697138902,35.69515171909874,0 34.58538382275258,35.69515808936931,0 34.58533411873464,35.69505466933081,0 34.58517175681747,35.69506690159054,0 34.58497646586085,35.69509905874912,0 34.58487162845008,35.69512726221662,0 34.58484098659046,35.69517427738632,0 34.5847778588629,35.6953828085902,0 34.58469445940541,35.69548008156219,0 34.58458590127644,35.69550681703779,0 34.5844765618791,35.69548535861038,0 34.58438471973955,35.6954034641813,0 34.58432070350604,35.69532881231005,0 34.58416816998344,35.69503515379565,0 34.58394512082418,35.69495010327606,0 34.58363900690929,35.69486892744327,0 34.58333238508738,35.6948706042555,0 34.58297694552172,35.69493756104744,0 34.58272240408739,35.69496129158775,0 34.58251930968114,35.69496791777793,0 34.58233422392863,35.69494573657661,0 34.5822642822144,35.69496152527099,0 34.58186669737476,35.6949355211602,0 34.58169762043609,35.6948507113954,0 34.58096707517424,35.69448425919944,0 34.58088297887874,35.69435490598841,0 34.58077699552944,35.69420642354575,0 34.58058396366315,35.69401308630574,0 34.58028319018532,35.69382966466665,0 34.57996248829481,35.69361477122649,0 34.57931367684971,35.69326072953022,0 34.57860738047544,35.69295479438019,0 34.57748292011179,35.69281331638081,0 34.57715816424314,35.69274804030829,0 34.57651017952918,35.69271249769791,0 34.5762900403145,35.69271125087973,0 34.57608057582475,35.69270285331697,0 34.57568810329268,35.69272098246608,0 34.57529725271693,35.69270565583721,0 34.57505570449594,35.69271518613609,0 34.57466445811513,35.69267522701645,0 34.57457988308066,35.69264970084981,0 34.57440045748827,35.69263043342828,0 34.57411362656386,35.69264218810101,0 34.57374903303214,35.69264946425063,0 34.57351966977721,35.69261135251237,0 34.57301872076481,35.69259363312232,0 34.57273682703899,35.6926440497071,0 34.57240908515227,35.69266150159599,0 34.57170277498486,35.69275675756332,0 34.57162941261116,35.69275751192414,0 34.57154486960636,35.69273374416915,0 34.57138092649409,35.6926034449015,0 34.57120937046765,35.69253657680476,0 34.57104322973451,35.69253828425476,0 34.57082230123059,35.69248776196287,0 34.57067359148682,35.69249984960057,0 34.57056424902171,35.69253035155848,0 34.57047995539267,35.69255386657371,0 34.57037387735901,35.69254262111021,0 34.57008490920752,35.69244689796597,0 34.56969311179405,35.69238512670192,0 34.56951369594589,35.69236024087072,0 34.5687505429843,35.69241125101923,0 34.56852179371312,35.69245471779031,0 34.56811393635233,35.69265011706382,0 34.56790010044278,35.69274930068577,0 34.56768272989164,35.69280462904347,0 34.56746831764369,35.69279860335443,0 34.56726330068724,35.69274930200952,0 34.56703644620298,35.69275368349959,0 34.56680369721965,35.69270466584317,0 34.56640211306959,35.69266149068909,0 34.56578113805887,35.6926164453907,0 34.56561445951678,35.69259964766837,0 34.56536265955926,35.69262072830384,0 34.56508784266124,35.69262148520122,0 34.56466078788302,35.69272043011674,0 34.56436357759411,35.69273991808213,0 34.56415685896939,35.69274203080788,0 34.56398507345088,35.69272117143058,0 34.56357232469525,35.69261024866189,0 34.56312346460064,35.69244829255278,0 34.56255465103956,35.69219503621181,0 34.56235900058999,35.6921003980043,0 34.56202437374062,35.69198661810234,0 34.56162099180618,35.69198867600154,0 34.56152480340861,35.69196498466415,0 34.56136231926539,35.69189467902862,0 34.56121015123725,35.69186675786452,0 34.56088262380456,35.69185433806124,0 34.56039369024136,35.69186754450215,0 34.56017394654916,35.69184305578253,0 34.55995642829644,35.69180003853089,0 34.55970158610388,35.69178824149446,0 34.55949172771441,35.69175131368974,0 34.55905049795856,35.69175169404759,0 34.55876033225935,35.69173819867643,0 34.55838506933237,35.69176463345528,0 34.55814319135494,35.69177531824593,0 34.55795376341491,35.69175462904301,0 34.55766792052284,35.69169585288556,0 34.55752095778611,35.69165005791432,0 34.55736831219659,35.69140488063738,0 34.55730641610577,35.6913875905088,0 34.55681525463891,35.69134881995831,0 34.55648737210613,35.69134187034413,0 34.55637318143301,35.69129574024269,0 34.55606660411482,35.69104184526086,0 34.55597248357127,35.69098934322118,0 34.55586140147685,35.69098018995447,0 34.5552475625784,35.69098341029562,0 34.55454890149292,35.69089070521141,0 34.55447042838286,35.69087093939003,0 34.55435837073267,35.69080011346278,0 34.55402907965093,35.69054438684149,0 34.55382274360887,35.69041077857949,0 34.55355154671253,35.69032100341271,0 34.55292861636088,35.690150491408,0 34.55285162591548,35.69006491644515,0 34.5526553648637,35.68977082956226,0 34.55243235873881,35.68969906822709,0 34.55213418252576,35.68965685353643,0 34.55158692535827,35.68964799876783,0 34.55137141984822,35.68957204812214,0 34.55076084314513,35.68928795163522,0 34.55041570876512,35.6891084313784,0 34.54970112810145,35.68885491276367,0 34.54864766612295,35.6885612493927,0 34.54802230048763,35.68839484982638,0 34.54679862792528,35.68817896246607,0 34.54666198716247,35.68814744180526,0 34.5455983981882,35.68784974137689,0 34.54525640869863,35.6877462673697,0 34.54490886205854,35.68760995206324,0 34.5446822862604,35.68747036194583,0 34.54451979231789,35.68739797765873,0 34.54440933454239,35.6872675006246,0 34.54440122447155,35.68723262834506,0 34.5444385527007,35.68720141145652,0 34.54464180321848,35.68713974087493,0 34.54486806249277,35.68709839904665,0 34.54494795508766,35.68704824988135,0 34.54499717720635,35.6869716794705,0 34.54504042300144,35.68683554302621,0 34.54517027778697,35.68675610527952,0 34.54535025769072,35.68665765877718,0 34.54537740588392,35.68662037641953,0 34.54536173442741,35.68658558146282,0 34.54518004200139,35.68657507355842,0 34.54494363690228,35.68661240508258,0 34.54479478173101,35.6866056783864,0 34.54471088813457,35.6865612885557,0 34.54461603742659,35.68646149438946,0 34.5445892826526,35.68636307213519,0 34.54458828258942,35.68629934348118,0 34.54462387093544,35.68615711675744,0 34.54464339641013,35.68595542368015,0 34.54473463542574,35.6858249745373,0 34.54487118061465,35.6856899559248,0 34.54494347780442,35.68563782514181,0 34.54503516387167,35.68553615590616,0 34.54530443741493,35.68534428731848,0 34.54543897570461,35.68524218476513,0 34.54552765816005,35.68510970316247,0 34.54553858517945,35.68500267725538,0 34.54549230921821,35.68494557264525,0 34.5454083487652,35.68489707186442,0 34.54514625811571,35.68490382167202,0 34.54497685191624,35.68487262859735,0 34.54483718113827,35.68480823931222,0 34.54477458801266,35.68467522408078,0 34.54475271476736,35.6845664715784,0 34.54462888143689,35.68438678214052,0 34.54432133696012,35.68406707138885,0 34.54397388074614,35.68377448932102,0 34.54375518039471,35.68361861929373,0 34.5433217111792,35.68330967815555,0 34.54314864261104,35.68322565389229,0 34.54277110010353,35.68306649663714,0 34.54258019787494,35.68296263984486,0 34.54238498480376,35.68280736836132,0 34.54221084529078,35.68265474379517,0 34.54184763971633,35.68251545204356,0 34.5415550168626,35.68240689620534,0 34.54127277458581,35.68228965954375,0 34.54106408583421,35.68216882643041,0 34.54090184880592,35.68210470153911,0 34.54083095261964,35.68205395471544,0 34.54077394168102,35.68199449284305,0 34.54075885084696,35.6819260336913,0 34.54077742309043,35.68176861578164,0 34.54075873694507,35.68169447538832,0 34.54068618875409,35.68153797148388,0 34.54052328363238,35.68143097179838,0 34.54031980051864,35.68141871744303,0 34.54013405571031,35.68142057781561,0 34.53986793698329,35.68143753781496,0 34.53957351462054,35.68143762879605,0 34.53941980780523,35.68147061472065,0 34.53923491499102,35.68152678212728,0 34.53911359672305,35.68161375931991,0 34.53908556192707,35.68161404028348,0 34.53906763620954,35.68158849095128,0 34.53910777098351,35.6814651620197,0 34.53911384400597,35.68140506752565,0 34.53909246020326,35.6813824120753,0 34.5390291991887,35.6813716096065,0 34.53895227885757,35.68138381509011,0 34.53878513277203,35.6814540978485,0 34.53869738726976,35.68144640019491,0 34.53859845609542,35.68139593289438,0 34.53834327865759,35.68121552544379,0 34.53778366018318,35.68079926963343,0 34.53773223166854,35.68076760793615,0 34.53760184541677,35.68072778131079,0 34.53742734293493,35.68070457329152,0 34.53726360270455,35.68063848172152,0 34.53715222127327,35.68056693040758,0 34.53709519018851,35.68048825474241,0 34.53705276367663,35.68039764332841,0 34.5369991870204,35.68032496619475,0 34.53698773150455,35.68028011085588,0 34.53699084810545,35.6801350248062,0 34.53697090184541,35.68006310874371,0 34.53688261989927,35.67992058207771,0 34.5368714521764,35.67985104488847,0 34.5368742229629,35.67981317711543,0 34.53694152253261,35.67973106546107,0 34.53700811045339,35.67968954307876,0 34.53712633955038,35.67968287747563,0 34.53720275385578,35.67966785520556,0 34.53722294658742,35.67966929883949,0 34.53730002258489,35.67969677148557,0 34.53733100086846,35.67970002669801,0 34.53735246170884,35.67969652172685,0 34.53747277733825,35.67965117122181,0 34.53773282818022,35.67964171566138,0 34.53790359206521,35.67959778134098,0 34.53813281002457,35.67955134067044,0 34.53816613173602,35.67953236142026,0 34.5382161437563,35.67946276173978,0 34.53822611295366,35.67941220827954,0 34.53821165958691,35.67934764109059,0 34.53816406352046,35.6792705162159,0 34.53803092071409,35.67913995597853,0 34.53800845125389,35.67907875811309,0 34.53802414120772,35.6790070339659,0 34.53808993151929,35.67895756700082,0 34.53843781661906,35.6786741237359,0 34.53858336367679,35.67852240288307,0 34.53861484400995,35.67847163391513,0 34.53862721024533,35.67840241070783,0 34.53861655098316,35.67827939948649,0 34.53848936791348,35.67792749552763,0 34.53843308269568,35.67781042427447,0 34.53827818596709,35.67766445200385,0 34.53814650843818,35.67758460470105,0 34.53797599691503,35.67751501636219,0 34.53769775792971,35.67743553778882,0 34.53754037370898,35.67734552616078,0 34.53744737596373,35.67733164915118,0 34.53730710514364,35.67734731044519,0 34.53715577998472,35.67738721142117,0 34.53701138272609,35.67744020502596,0 34.53684742791886,35.67757565584977,0 34.53656735039353,35.67776655940624,0 34.5364730354881,35.67779766404649,0 34.53639174258813,35.67780149183893,0 34.53619794128084,35.67779053975418,0 34.53581518161146,35.67773431108508,0 34.53538954173789,35.67773088192032,0 34.53484383576215,35.6777886999323,0 34.53471750905991,35.67783657486783,0 34.53455700435369,35.67793469595602,0 34.53425978196023,35.6781477007683,0 34.53419074767859,35.67816155194301,0 34.53415710174313,35.67815969346117,0 34.53410375647443,35.6781448696013,0 34.53391368996857,35.67802830784468,0 34.53360722066206,35.67777607627679,0 34.53339896706824,35.67761390289247,0 34.53328500166879,35.6775486803348,0 34.5331984641162,35.67751773510511,0 34.53309944514711,35.67750583390058,0 34.53276367318192,35.67753111465061,0 34.53246180964301,35.67748860178752,0 34.53221206499693,35.67742527793034,0 34.53202805748013,35.6773522515906,0 34.53182222528844,35.67725915127724,0 34.531623599174,35.67706726327761,0 34.53155996113659,35.67695218199766,0 34.5315482439899,35.67689032783019,0 34.53155401325189,35.67682884869107,0 34.53159940929837,35.67672145633939,0 34.53167125317883,35.6765852839465,0 34.53172322702457,35.67646850452493,0 34.53176275992899,35.67632991156983,0 34.53177261378304,35.67627168162209,0 34.53182749744505,35.6760824824884,0 34.53184718735204,35.67596492601649,0 34.53183687537692,35.67573359969411,0 34.5317915052707,35.67549604051306,0 34.53179225429329,35.6753709952679,0 34.53175083406267,35.67521456167817,0 34.53170966800183,35.6751612265832,0 34.5316013830226,35.67507181603576,0 34.5313262404508,35.67488754474011,0 34.53131245500617,35.67486574557329,0 34.53129406021907,35.67472005077097,0 34.53126808303376,35.67469234054946,0 34.53121254501117,35.6746660202151,0 34.53097244245119,35.67461685718585,0 34.53075781522746,35.67456305376776,0 34.53042266917589,35.67445450892465,0 34.53027870425574,35.67437872844635,0 34.53020546113709,35.67434017419273,0 34.52986346744238,35.67431406682847,0 34.52975514505271,35.67429364642142,0 34.52956935946797,35.67424322433467,0 34.52939616397865,35.6741716029352,0 34.5292637315322,35.67406248443335,0 34.52916504140654,35.6739298469052,0 34.529040475518,35.67382823634878,0 34.52873623394322,35.67364000810919,0 34.52867299575171,35.6736008833448,0 34.52857451540584,35.67352201867369,0 34.52844821645935,35.67341349456849,0 34.52833802139086,35.67337935027083,0 34.52797496899957,35.67332602921616,0 34.52731365402384,35.67327227566851,0 34.52694585294108,35.67318037355535,0 34.52679006432593,35.67304503358856,0 34.52629100085861,35.67246923701206,0 34.52609221189372,35.67229298585483,0 34.52583324814229,35.67214714556179,0 34.52554887785085,35.67202391935498,0 34.52550233496951,35.67196881348202,0 34.52537435533517,35.67191248013606,0 34.525309327906,35.67184400351525,0 34.52520242362565,35.6717535799832,0 34.52510295901088,35.67160683829766,0 34.52509353822817,35.67148088892838,0 34.52515405390955,35.67131088037137,0 34.52526256525153,35.67118240946156,0 34.52545128127628,35.67102942723551,0 34.52552194791328,35.6709250486301,0 34.52551005716658,35.67085435313292,0 34.52539917543776,35.67066774286337,0 34.52526449595162,35.67055387625159,0 34.52512518252286,35.67051662904173,0 34.52497147288177,35.67051543909152,0 34.5247526122707,35.67054538684233,0 34.5245090451469,35.67064334348436,0 34.52443506508527,35.67064068713665,0 34.52423212221351,35.67057154096501,0 34.5241515182484,35.67057030482602,0 34.52402756985062,35.67061354397285,0 34.52393371111702,35.67072255561355,0 34.52386902494202,35.67083771737,0 34.52387106564899,35.67091630358857,0 34.52396408235011,35.671075984846,0 34.52396380546855,35.6711119030652,0 34.52385765505058,35.67117800611737,0 34.52361321216922,35.67138100441611,0 34.52320463422611,35.67149956243919,0 34.5230659455702,35.6715029655206,0 34.52264423551166,35.67147019727947,0 34.52227882726833,35.67142501411183,0 34.52180586371784,35.67140867418077,0 34.52149643401195,35.67138394354259,0 34.52100783345587,35.67137724294098,0 34.52067751083205,35.67134458382949,0 34.52041146908356,35.67133195821982,0 34.52029464316009,35.67124433849973,0 34.52003942509415,35.67101713148274,0 34.51968261158764,35.67077398492098,0 34.51955796040323,35.67071761139898,0 34.51945144066136,35.67070578538986,0 34.51890230973903,35.67070644794826,0 34.51833518342785,35.6705629459856,0 34.5180602481387,35.67051211710022,0 34.51797084598724,35.67051156815285,0 34.517755505883,35.67046767815854,0 34.51738760136612,35.67036761513779,0 34.51710218023022,35.67033117991684,0 34.51688470505306,35.67031045964179,0 34.51687430895397,35.6703094695097,0 34.51679977510172,35.67031697766184,0 34.51671119286063,35.67033716096392,0 34.51656869117855,35.67030840557113,0 34.51646643378627,35.67033075628174,0 34.5163970488432,35.67032974312129,0 34.51628290660844,35.67028139619724,0 34.51623013498419,35.67028021965249,0 34.51612282115492,35.67032498145969,0 34.51589595713581,35.67034787711648,0 34.51576792939203,35.67031491273759,0 34.5156617463554,35.67032510328407,0 34.51553648530419,35.67031006886651,0 34.5150590924608,35.67019379405918,0 34.51481528056947,35.67008640700653,0 34.51467561963009,35.67005321652844,0 34.51448632618431,35.67006117212746,0 34.51437325345767,35.6701368213656,0 34.51418233745691,35.67031030621791,0 34.514006497959,35.6703831829214,0 34.51393038826627,35.67043136343909,0 34.5138726758034,35.67051460188152,0 34.51380921401272,35.67054775033418,0 34.51373032081697,35.67063119646993,0 34.51357678871585,35.67075044133662,0 34.51349937471885,35.67087639489391,0 34.51339655168793,35.67099768404906,0 34.51326186141464,35.67134426301765,0 34.51313734202382,35.6715680886341,0 34.51304412395901,35.67163846004455,0 34.51276933587794,35.67181479746297,0 34.5124769971567,35.67214750304381,0 34.51237478475753,35.6723091054339,0 34.51239486913345,35.67234584033937,0 34.51246660980687,35.67239223447692,0 34.51257912463585,35.67238842174151,0 34.51260813345565,35.67241117820839,0 34.5126173921056,35.6725278112273,0 34.51266125472731,35.67257109031701,0 34.51275853905528,35.67257640624907,0 34.51284540237086,35.67266093836626,0 34.51296234895695,35.67270248506478,0 34.51306526611402,35.67275026782736,0 34.51333924369949,35.67295562089082,0 34.5133848343535,35.67300328678093,0 34.5134281444508,35.67311916358089,0 34.51386751018313,35.67354550117283,0 34.5139470520292,35.67364009929593,0 34.51398900497945,35.67372143002266,0 34.51399688962056,35.67378537918093,0 34.51400982330917,35.67389027782344,0 34.51400531169219,35.67402991642587,0 34.51404155729198,35.67417254368319,0 34.51403786845581,35.67420307404164,0 34.51396562985822,35.67426002710698,0 34.51391649223765,35.67436080010746,0 34.51382234453479,35.67439763838503,0 34.51374174719417,35.67439707205324,0 34.51368392313842,35.67436443487964,0 34.5135925386063,35.67436465206916,0 34.51352082025194,35.67434705884049,0 34.51339448288189,35.67439776491167,0 34.51325508493956,35.67440929472025,0 34.51309137625874,35.67446104343313,0 34.51301334423896,35.67446519653386,0 34.51278614497635,35.67443963806465,0 34.51265948856415,35.67441512745572,0 34.51248420490665,35.6744161655132,0 34.51225835725817,35.67437026371059,0 34.51212022592983,35.67435602916682,0 34.51192181173588,35.67431121327304,0 34.5117534115382,35.67432776944064,0 34.51149263417666,35.67427949662017,0 34.51131407291451,35.67422906454093,0 34.51097965601269,35.67420048492633,0 34.51086887179659,35.67423612831669,0 34.51072468201283,35.67431478909949,0 34.5106643002466,35.67433232047713,0 34.51050211175517,35.67432035334253,0 34.51039749810533,35.67432476348269,0 34.51024465934761,35.67438114575306,0 34.51021594716114,35.67440514332662,0 34.51042243930146,35.67462556285626,0 34.51041021447831,35.67469564959633,0 34.51027648323161,35.67486094688613,0 34.51027965347819,35.67487819533488,0 34.5103847086476,35.67495713145733,0 34.51046766571815,35.67505796698354,0 34.51069618098829,35.67527867922709,0 34.51090836811414,35.67551818554517,0 34.51113228152421,35.67565491354743,0 34.51130635721573,35.67573791659449,0 34.51132753888401,35.67576481541636,0 34.51131452713894,35.67578323941687,0 34.51117880084549,35.67581777140931,0 34.51104902557282,35.67580684280852,0 34.51092108860924,35.675807415872,0 34.51077193648913,35.67583326858542,0 34.51073409741083,35.67585803421498,0 34.51074674315048,35.67587010785174,0 34.51082029951166,35.67589920543241,0 34.51094913477795,35.67595757850211,0 34.51123986687453,35.67617175165642,0 34.51137062929806,35.67630193588358,0 34.51139565033928,35.67636267888585,0 34.51135988019069,35.67646857232106,0 34.51127840262717,35.67657372650499,0 34.51115973047163,35.67666433674881,0 34.51102719843301,35.67671781100502,0 34.51090598928857,35.67672373941789,0 34.5107952427275,35.67676209228195,0 34.51069295381251,35.67675563809921,0 34.51053370653987,35.67677345842815,0 34.51014970529368,35.67676297991563,0 34.50988417312141,35.67673033654495,0 34.50978909168881,35.67670619204646,0 34.50942453971125,35.6765545722912,0 34.50934708374751,35.67648756311218,0 34.50886605696537,35.67627066890222,0 34.50864498319274,35.67621116050495,0 34.50795863107066,35.67609587957897,0 34.50740762291201,35.67597520944454,0 34.5072402518769,35.67595041260385,0 34.50701732624398,35.67593293324617,0 34.5064123842186,35.67592595112982,0 34.50597275773927,35.67586314515921,0 34.50558116720433,35.67579038205824,0 34.50538306160699,35.67576588230295,0 34.50461444927374,35.67559462898855,0 34.50446992418001,35.67554233197362,0 34.50424966289948,35.67542656240488,0 34.50399999764958,35.67523450413152,0 34.50379504857899,35.67508741401435,0 34.50362361933016,35.67492851604673,0 34.50361378156837,35.67491939684306,0 34.50353640009774,35.67480491166086,0 34.50342050012931,35.67463094974536,0 34.50331109714983,35.67445868379305,0 34.50325684367236,35.67440202162021,0 34.50314539245591,35.67427244878434,0 34.50310508521549,35.67421081065714,0 34.50308942575753,35.67417400990381,0 34.50308615659724,35.67413620818933,0 34.50309094182114,35.67409612944243,0 34.50311604587768,35.67404441538879,0 34.50319437768766,35.67394599208199,0 34.50323604318718,35.67389037166146,0 34.50325707527335,35.67386229624887,0 34.50336560213751,35.67370785399339,0 34.50340411994174,35.67367291994282,0 34.50347505530455,35.67363902567932,0 34.50355218302847,35.67357525585297,0 34.50358958052652,35.67357039617323,0 34.50360309293298,35.67357481464626,0 34.50362275421112,35.67358124355769,0 34.50368905403175,35.67358121030294,0 34.50386601753196,35.6734991897267,0 34.50399261811361,35.67346543248349,0 34.50415126742552,35.6734632132594,0 34.50418189498303,35.67345580009383,0 34.50419695479637,35.67343532439201,0 34.50416919743233,35.67331700663238,0 34.50409464575284,35.67323573539178,0 34.50407598964372,35.67318339989938,0 34.50408535143174,35.67314332701877,0 34.50412662451561,35.67312564655857,0 34.50418518483415,35.67312490764457,0 34.5044045940601,35.67321222463688,0 34.50453900376739,35.67325513396707,0 34.50473155304056,35.67326952528985,0 34.50485159254954,35.67329614125921,0 34.50496162631651,35.67329303805877,0 34.50515487831487,35.67335384032349,0 34.50525597590978,35.6733640380423,0 34.50531011844171,35.67334589254389,0 34.5053273456941,35.6733040503457,0 34.50531775759428,35.67321977572926,0 34.50527194089763,35.6731023113151,0 34.50527936994995,35.6730717452275,0 34.50534594070137,35.67302400121817,0 34.50542716050485,35.67298356858574,0 34.50542427624286,35.67295784668175,0 34.50537919261704,35.67291593202141,0 34.50523043597835,35.6728309796232,0 34.50499664868754,35.67261742423221,0 34.50499369429617,35.67258695913115,0 34.5051233387901,35.67242543442752,0 34.50517769172567,35.6723391833225,0 34.50512780452584,35.67222717979081,0 34.50507886417525,35.6721500653255,0 34.50508513059106,35.6720429364968,0 34.50507292712481,35.67192311137931,0 34.50504860540599,35.67190810089876,0 34.50493334957793,35.6718953303318,0 34.5048700163944,35.67185528744156,0 34.50481267842069,35.67179960087305,0 34.50475208587253,35.6716937998493,0 34.50471213595884,35.67166166125082,0 34.50437389679901,35.67162700236207,0 34.50416659531732,35.67165307330214,0 34.50402454005094,35.67173577118408,0 34.50397552005015,35.67173556980126,0 34.50394962043826,35.67169855100502,0 34.50395068529631,35.67165923787346,0 34.50403849861607,35.67153318920274,0 34.50410508357049,35.67140429736847,0 34.5041273715027,35.6713127678057,0 34.50410341410372,35.67121203141622,0 34.50400252034461,35.67107816099201,0 34.50396751591823,35.67096126928833,0 34.50399733056675,35.6708181648858,0 34.50414745265546,35.67050058383575,0 34.50438844564405,35.67006692089087,0 34.5045026246812,35.66992672387692,0 34.5046685957878,35.66980516660992,0 34.50475920591336,35.66975413940323,0 34.50506403065548,35.66953094033885,0 34.50519935729096,35.66941577935394,0 34.50524786373023,35.6693548284657,0 34.50524839633197,35.66935125474725,0 34.50802979898656,35.66778033051068,0 34.50837818620577,35.66752755887073,0 34.50850517260196,35.66713769011866,0 34.50855865588783,35.66710396382828,0 34.5087280443741,35.66704403373448,0 34.50882283898363,35.66694078532031,0 34.50884683489877,35.66671625015844,0 34.508968272628,35.66658513701264,0 34.50898919755247,35.66656254502436,0 34.50904410172696,35.66646751183112,0 34.50904208916042,35.66622628744632,0 34.5091839095068,35.66604735811453,0 34.5092104570483,35.66593596433948,0 34.50919867439097,35.66581681203731,0 34.50933642662678,35.66537092770603,0 34.50945218157733,35.66522613619232,0 34.50961660527048,35.66511339570961,0 34.50952074325417,35.66481887514159,0 34.5095280266178,35.66464261452532,0 34.50961668549502,35.66446420342485,0 34.50931559561064,35.66389384941025,0 34.50911603287594,35.66366268427222,0 34.50887398284415,35.66347801479773,0 34.50852066141238,35.66329578449283,0 34.50848230244704,35.66317689204568,0 34.50913606183588,35.66290487357629,0 34.50932103205076,35.6630507969694,0 34.50960257714421,35.66321068496026,0 34.50961020192022,35.66338408925051,0 34.50978755236016,35.66379301542763,0 34.50982577935251,35.66379399693326,0 34.50982337383939,35.66352702573148,0 34.51000461985637,35.66331924928132,0 34.51010266720539,35.66332100259068,0 34.5101583610496,35.6632689565601,0 34.51022255541983,35.66312060140524,0 34.50990759136064,35.66305726797576,0 34.50982828125754,35.66297672399605,0 34.50924154799321,35.66263142817753,0 34.5092228937142,35.66249743491025,0 34.50896555716008,35.66239965351505,0 34.50891680670653,35.66236218131035,0 34.50890158927524,35.6623447106593,0 34.50904092569324,35.66222137331295,0 34.50899388088455,35.66196839069297,0 34.50900991482763,35.66171208140068,0 34.50889310325655,35.66145977935497,0 34.50889821133657,35.66124965614473,0 34.50894000883155,35.66104866398161,0 34.50910010173892,35.66076113209295,0 34.50923708416018,35.66070151744315,0 34.50932309787243,35.66056785770179,0 34.50943219215436,35.66009514580846,0 34.50941600448328,35.65979578222323,0 34.50935525836474,35.65951582641165,0 34.50938002461054,35.65933161214993,0 34.50942500610364,35.65899703942825,0 34.5095629117401,35.65870446780329,0 34.50974719210393,35.65848270985516,0 34.50962735370583,35.65815570112173,0 34.50984404269146,35.65786675923749,0 34.50953860993901,35.65728553017989,0 34.50944947307215,35.65688519530423,0 34.50964654245417,35.65622867305381,0 34.50968900568269,35.65558245966385,0 34.50964813098415,35.65551862981216,0 34.50965240516427,35.65537429576491,0 34.50968634666588,35.65533701083684,0 34.50977668226862,35.65532029139786,0 34.50999243942706,35.65511230298404,0 34.50989798391039,35.65478768687669,0 34.5098614419571,35.65437100039371,0 34.50992020364125,35.65412231286354,0 34.50978103327807,35.6540480068529,0 34.50969415573273,35.65372507451465,0 34.50954381285881,35.653377247313,0 34.50899606507575,35.65292243844969,0 34.50878037905282,35.65263859534268,0 34.50865434100853,35.65243482220754,0 34.50863624913948,35.65234437527379,0 34.50866997770349,35.65222218935338,0 34.5087562657377,35.65208825613282,0 34.5087663786225,35.65207255887366,0 34.50893330031136,35.65189109548256,0 34.50894828735152,35.65178232031749,0 34.5088644564112,35.65163241485651,0 34.50874434785736,35.65150458889474,0 34.50872679814526,35.65144501400058,0 34.50878503153982,35.65133445868577,0 34.5091022221284,35.65107065389245,0 34.50921959361615,35.6509092812658,0 34.50910983262118,35.65069580916497,0 34.50910168892937,35.6505981223908,0 34.50915332656445,35.65049170509302,0 34.50923349905341,35.65040130367039,0 34.50931224555935,35.65021722281265,0 34.5094384835251,35.6502010549294,0 34.50962193827297,35.65000780524633,0 34.50974910452529,35.64983411477101,0 34.50981213024874,35.64981992055052,0 34.51014968428505,35.64991031768862,0 34.51022824393625,35.64993263371787,0 34.51029089680392,35.64989400257353,0 34.51036839079214,35.64973708990506,0 34.51059130137214,35.64951222260181,0 34.51092392282203,35.64938812280453,0 34.51117501604362,35.64915619025347,0 34.51123996565987,35.64872239554253,0 34.51118307699402,35.64848396727071,0 34.51103391620504,35.64830618704291,0 34.51103365548184,35.64817990818671,0 34.51081817556275,35.64790908233525,0 34.51065447491362,35.64775995838335,0 34.51046315006143,35.64765455600582,0 34.51027300539204,35.64762654065609,0 34.5098281311739,35.64759150640462,0 34.50974836528101,35.64759907376894,0 34.50952403096897,35.64751164420118,0 34.50932192910584,35.64746337608413,0 34.50919414648724,35.64737771873983,0 34.50899971552672,35.64717729386044,0 34.50888551383179,35.64710915623672,0 34.50863918827181,35.64710748584295,0 34.50848871976379,35.64717141426799,0 34.50839919694186,35.64719401381653,0 34.50822764065798,35.6474034393397,0 34.50818456324431,35.64741607969437,0 34.50814585898704,35.64738794226882,0 34.5081588540084,35.64725746070433,0 34.50812358037076,35.64723607828426,0 34.50779423457922,35.64713744879495,0 34.50777371146486,35.64710098603668,0 34.50778044136006,35.64699636534765,0 34.50786463548174,35.64684210553685,0 34.50796286123143,35.64673523419535,0 34.50793487735204,35.64664588785923,0 34.50798821891004,35.6465421704858,0 34.50805732386412,35.64627128109809,0 34.50803747363247,35.64616963476265,0 34.50813884221748,35.64605051134559,0 34.50821349266921,35.64603484758842,0 34.50828345786226,35.64603959676047,0 34.50828955560696,35.6460028754506,0 34.508215207856,35.64592891709876,0 34.50806417645001,35.64584620109137,0 34.50753040220916,35.64576449996753,0 34.50697423242877,35.6462899799017,0 34.5067569618544,35.64677685513905,0 34.5068761775338,35.64728489390541,0 34.507076667828,35.64755587316629,0 34.50717963309698,35.64797988231648,0 34.50719069659369,35.64816037113813,0 34.50727412094619,35.64850309853939,0 34.50691209637306,35.64855415013585,0 34.50684340758611,35.64830497144396,0 34.50693812383391,35.64818591514543,0 34.50681128175752,35.64761412969634,0 34.50673376967922,35.6475510644654,0 34.5065206806789,35.64754634948828,0 34.50656042856913,35.64709515130247,0 34.50646800860778,35.64670770049117,0 34.50634955986582,35.64668848549145,0 34.50620579137885,35.64686504959553,0 34.50605483654899,35.64711636676539,0 34.50590019782369,35.64723464778885,0 34.50589729589726,35.64803038599618,0 34.50537449699777,35.64790511693685,0 34.50568688737957,35.64732498419117,0 34.50571527251284,35.64722151044941,0 34.50584303784508,35.64697720866689,0 34.50319277611605,35.64649373916628,0 34.49999995423547,35.64591120821029,0 34.49689621929067,35.64532455286848,0 34.49557209127421,35.64509540854425,0 34.49513381891294,35.64500442439746,0 34.49514854057661,35.64497074911479,0 34.49515090522142,35.64496533939796,0 34.49342455935461,35.64429731553737,0 34.49100279979864,35.64338163190956,0 34.48981214888455,35.6429164420825,0 34.48949603596333,35.64279293240427,0 34.48862267141731,35.64248043926205,0 34.48730239349484,35.64199298075967,0 34.48727456514703,35.64202035335058,0 34.48686584747945,35.64190093274113,0 34.48689961081931,35.64160379810822,0 34.4870012430743,35.64129110559292,0 34.4870636817982,35.64124578299922,0 34.4870607246845,35.64115907213529,0 34.48714829770556,35.64101728196868,0 34.48714532261427,35.64081808109493,0 34.4872091188547,35.64064128135451,0 34.48735777414176,35.64036337583998,0 34.48750442061273,35.64017358427971,0 34.48769165473747,35.64003219482621,0 34.48776642588653,35.64003419023206,0 34.48783208330991,35.63998205921604,0 34.48771006361002,35.6399303712948,0 34.48758168554969,35.63978658356063,0 34.4874759085632,35.63971034431286,0 34.48720769006246,35.63965598962282,0 34.48693296962894,35.63972231777633,0 34.48652393731021,35.63969234901163,0 34.48638118799403,35.6392532415327,0 34.48618847190704,35.63913852795262,0 34.48628453020794,35.63900885620518,0 34.4862651303248,35.63893314409405,0 34.48600606998975,35.63882448693228,0 34.48539791897717,35.63902953012791,0 34.485119565268,35.63874080080853,0 34.48518678700032,35.63857074520347,0 34.48498858470804,35.63853333492114,0 34.48496975026041,35.63849556659987,0 34.48500061590615,35.63844919059645,0 34.48482702169967,35.63839121594852,0 34.48474550719664,35.63838250832576,0 34.48461554762961,35.63846642294078,0 34.48456430585951,35.63859431075704,0 34.48403322443972,35.63850993159315,0 34.48387114151624,35.63844439114027,0 34.48044322447417,35.63786210197826,0 34.47640044119576,35.63717523017423,0 34.46925620413097,35.63596105589755,0 34.46770565897761,35.63570534853029,0 34.46444172961915,35.63512609151876,0 34.46421319310494,35.63494069080468,0 34.46408878328397,35.63490597979752,0 34.46388537146058,35.63479862303164,0 34.46368065462803,35.6347385715335,0 34.46346654425521,35.63471937789642,0 34.46323712512928,35.63467831206837,0 34.4630374010418,35.6346076534203,0 34.46286574653511,35.63454692490993,0 34.46196142704951,35.63449225400431,0 34.46193597619072,35.63445854480374,0 34.46158627887105,35.63444009231667,0 34.46098319847653,35.63427600032008,0 34.46036968353341,35.63408077053295,0 34.45819449327206,35.63370865862584,0 34.45704872468306,35.63352652571567,0 34.45703250255718,35.63355519210694,0 34.45653680486664,35.63345118082082,0 34.45596042024543,35.63329088717995,0 34.45563398687757,35.63315542290172,0 34.45532044940575,35.63299132183398,0 34.45525641920536,35.6329362448141,0 34.45506341991589,35.63282262047352,0 34.45495249082715,35.63274625301421,0 34.45466980981197,35.63264432617112,0 34.45446041083162,35.6325471482613,0 34.45375720445291,35.63236086593555,0 34.45381592165841,35.63216478466236,0 34.45354224216612,35.63199487680976,0 34.45290221963882,35.63157580536132,0 34.45267489967117,35.63150458977709,0 34.45249983145912,35.63159447743539,0 34.45247253363463,35.63166262493726,0 34.45218482914539,35.63155802288542,0 34.45199607858284,35.63139275531084,0 34.45168558864314,35.6312082470103,0 34.45150025892319,35.63150870095875,0 34.45115376486877,35.63148068210519,0 34.45068494152566,35.63139269187596,0 34.4496937547811,35.63110302350158,0 34.4496613282809,35.63109715017372,0 34.44940409167084,35.63105055883617,0 34.44904164123324,35.63111777790849,0 34.44863353168039,35.63103356348831,0 34.44844551301657,35.63101827308384,0 34.44816086813094,35.63091543781764,0 34.44792475797272,35.63083013605161,0 34.44710362750453,35.63065169483144,0 34.44685398452491,35.63064585280432,0 34.446576374981,35.63066199575744,0 34.44643602131941,35.63065352169088,0 34.44603019551809,35.63062901691305,0 34.44589509968696,35.63060582220936,0 34.44575297770184,35.63055689114048,0 34.44557686168854,35.63045803269801,0 34.44511086545388,35.63044739426319,0 34.44468925699773,35.6303996816965,0 34.44453827125182,35.63031281050588,0 34.44443470356103,35.63028389165706,0 34.44440900780172,35.63023252895567,0 34.44410629281766,35.63012261326234,0 34.44354890777329,35.630004180092,0 34.44331787754618,35.63001988612179,0 34.44282446701918,35.62995381742235,0 34.44218992042854,35.62979127710126,0 34.44193951896251,35.62973247517536,0 34.44132232475354,35.62938781408582,0 34.44094043905259,35.62920936639176,0 34.44076077016433,35.62909423801913,0 34.44054962224224,35.62887212543868,0 34.44034672528333,35.62876128476017,0 34.44023242019053,35.62867950303603,0 34.44011561565623,35.62853935421425,0 34.44007325892795,35.6283700080844,0 34.43989636453585,35.62810005418542,0 34.43971884901035,35.62778665313918,0 34.43959566495775,35.62766557279839,0 34.43908662119374,35.62731990819655,0 34.43846816382077,35.62700104244125,0 34.43834663626349,35.62693731768267,0 34.43815865494016,35.62687997217143,0 34.43778894909939,35.62685382474017,0 34.43713342048417,35.62685032290226,0 34.43694403467364,35.62675293020475,0 34.43681460988788,35.62666042137769,0 34.43633045897805,35.626134595019,0 34.43626489933784,35.6260823990257,0 34.43614575650064,35.62598754167688,0 34.43601493585658,35.62582581332301,0 34.43590532676065,35.62575146340053,0 34.43577687272736,35.62558054812953,0 34.43573171202951,35.62547607812121,0 34.43563553149922,35.62529366656832,0 34.43555872339647,35.6252444728941,0 34.43525395199142,35.62504563876909,0 34.43512100266855,35.62490938585013,0 34.43505938383059,35.62485925743493,0 34.43499351085778,35.62480566752382,0 34.43488699231467,35.62468546602469,0 34.4346222763939,35.62449542866964,0 34.43445157251286,35.62442367148466,0 34.43437828859395,35.62435917070759,0 34.43420608740385,35.6240073993918,0 34.43413656137577,35.62394388203131,0 34.43387932043601,35.62384032921425,0 34.4338761754357,35.62379710787221,0 34.43387481336446,35.62377838002673,0 34.43374236453573,35.62368703121216,0 34.43359792756422,35.62355698313657,0 34.4332053384127,35.62338493370379,0 34.43287105714577,35.62319164823526,0 34.43246866761089,35.62312963311317,0 34.43214403890359,35.6230611972468,0 34.43184076867399,35.62289546879821,0 34.43156674773135,35.62281800314594,0 34.4313871665546,35.62273824845104,0 34.43116509583683,35.62262318379015,0 34.43077445341036,35.62234116131518,0 34.43062883972986,35.62231249997516,0 34.43056983260403,35.62234587898041,0 34.43051330130056,35.62255343811454,0 34.43023921401007,35.62271728278235,0 34.42978646474593,35.62274281941936,0 34.42957631097732,35.62272759526738,0 34.42933859705553,35.62274260737012,0 34.42912762668781,35.62279307299222,0 34.42863489917638,35.62296032890998,0 34.42845134928606,35.62297056375035,0 34.4281711515189,35.62282746288108,0 34.42774122923227,35.62273569642348,0 34.42734069249746,35.62274218716427,0 34.42718621049791,35.62270503517854,0 34.42670195251986,35.62272941765038,0 34.42630039493814,35.62278731859882,0 34.4262114256912,35.62280525865829,0 34.42592258627399,35.62291639675902,0 34.42568623453178,35.62290425897884,0 34.42535617214858,35.62294580195304,0 34.42431608707774,35.62275888110623,0 34.42404794693526,35.62272560957197,0 34.42356943878525,35.62278562420628,0 34.42342225874438,35.6227698207891,0 34.42304164260531,35.62270043837016,0 34.42289212271714,35.62262520411305,0 34.42260860359212,35.62248254487061,0 34.4224011214982,35.62237171310075,0 34.42217938271624,35.62222332677496,0 34.42204084189378,35.62210440373315,0 34.42177499756104,35.62192569220007,0 34.4217559481667,35.62181383729088,0 34.42166939122428,35.62169376488288,0 34.42157437132809,35.62150451536364,0 34.42145961588172,35.62121360115228,0 34.42140813068817,35.62104364801306,0 34.42145366253443,35.62096855250421,0 34.42144497943335,35.62088376126115,0 34.42135825315771,35.62081053822956,0 34.42125755869996,35.62074966207433,0 34.42100291176866,35.62068610032519,0 34.42076124012176,35.62065772733614,0 34.42056131458656,35.62063983962998,0 34.420290364774,35.62060018759986,0 34.41946753818,35.62042224711725,0 34.41922624212503,35.6203612775599,0 34.41908951107322,35.62034078176315,0 34.41882974984814,35.62032750475898,0 34.41867572909373,35.62043820280162,0 34.41847249581231,35.62048076828574,0 34.41790876101851,35.620327304334,0 34.41759878548342,35.62017461167682,0 34.41741563465616,35.62010700505767,0 34.41660205777335,35.6198760031212,0 34.41579333306538,35.6196052332927,0 34.41518305132453,35.61951344945351,0 34.41487343729738,35.6195637538703,0 34.4146202852586,35.61963595625218,0 34.41465976643816,35.61945533975467,0 34.41469521201458,35.61913523425395,0 34.41470324240155,35.61893656831158,0 34.41467558539083,35.61874399211612,0 34.41456364189551,35.61862210540178,0 34.4143963015324,35.61846523914589,0 34.41427093248831,35.61830528160121,0 34.4143242916364,35.6181354046225,0 34.41436627477144,35.6180739225381,0 34.4145827920299,35.61800001137031,0 34.41474066433748,35.61792662724628,0 34.41478833551651,35.61788512194062,0 34.41480104078574,35.61784189493591,0 34.4147765386189,35.61778542309268,0 34.41469405789592,35.61771758698415,0 34.4144134953881,35.6175848212125,0 34.41427905450829,35.61754919349886,0 34.41401207799373,35.61734671084524,0 34.41387297492758,35.61715649245317,0 34.41402343127987,35.61714767511375,0 34.41406023509759,35.61710253494898,0 34.41405603348201,35.61704010893841,0 34.41397043029263,35.6169274899577,0 34.41362201353402,35.61687969066648,0 34.41313584128166,35.6167971374926,0 34.41307850293556,35.61680172511612,0 34.41303233938512,35.61683201227394,0 34.4128987738943,35.61709664298593,0 34.41282758726867,35.61712240098201,0 34.41270940121799,35.61711870670538,0 34.41272030661866,35.61706565038178,0 34.41284030962816,35.61696137467892,0 34.41282370677648,35.61690449162611,0 34.41279085594451,35.61687559087954,0 34.41242014150222,35.61683952878521,0 34.41201742377554,35.61683498416934,0 34.41182422485313,35.61691054791441,0 34.41146324844844,35.61697590054428,0 34.41118301290767,35.61716358968683,0 34.4108423897645,35.61731634292224,0 34.41056607280418,35.61736769634923,0 34.41007981096686,35.61751699577391,0 34.40996526510021,35.61762512351558,0 34.4097564860583,35.61738952324458,0 34.41011113922199,35.61701989129369,0 34.41029954602578,35.61676030481178,0 34.41047054222344,35.61652470400738,0 34.41073949514603,35.61633343730283,0 34.41097194328903,35.61586946465378,0 34.41132282567897,35.61524225448198,0 34.41104384827666,35.61489575917264,0 34.41108591078368,35.61430620838557,0 34.41117311248052,35.6140672963192,0 34.41135336505702,35.61346829920873,0 34.4115262822289,35.61306438981766,0 34.41188658016613,35.61203267861819,0 34.41174112766244,35.61188206689775,0 34.41172043542846,35.61184119445031,0 34.41169696402869,35.61160121753873,0 34.41141985248196,35.61120748994186,0 34.41098852349937,35.61075560701937,0 34.41071739462601,35.61042956885861,0 34.41082509471943,35.6095261086242,0 34.41085658917618,35.60950570144878,0 34.41100423924728,35.60941002794115,0 34.41086725864633,35.60935026167729,0 34.41073011264201,35.60921934273382,0 34.41063594596055,35.60895589471503,0 34.41058058740071,35.60873682663647,0 34.41059970412321,35.60867905449134,0 34.41090667074596,35.60860583492357,0 34.41087383024033,35.60827542799443,0 34.41090396530858,35.60823382133896,0 34.41152439947961,35.60778068190501,0 34.41186355322718,35.60745677549144,0 34.41188178188549,35.60739494531654,0 34.41184794583958,35.60717161861857,0 34.41174156415443,35.60692522286121,0 34.41166787365069,35.60682016528886,0 34.41156342580162,35.60671199552216,0 34.41077157400862,35.6064219162072,0 34.41059743148801,35.60631640020375,0 34.41043791667207,35.60624768643009,0 34.41019306299501,35.60613128137907,0 34.40961919723964,35.60581620697236,0 34.40933326420449,35.60573810527807,0 34.40921049176847,35.60570456929391,0 34.40901378735484,35.60570958536946,0 34.40867549553456,35.60563150230268,0 34.40847466837272,35.60558514763386,0 34.40837912019919,35.60560964660728,0 34.40827128046659,35.60561223741506,0 34.40771635978874,35.60542881935748,0 34.40713277855198,35.60526726159038,0 34.40639953386819,35.60511722485958,0 34.40622881973684,35.6051236363413,0 34.40459154746617,35.60453681315388,0 34.40328720274496,35.60433107984154,0 34.40297847496264,35.60432484803849,0 34.40282348232193,35.60431235985166,0 34.40217255500179,35.60419092312901,0 34.40164950867112,35.60407161193284,0 34.40147810315486,35.60410003864094,0 34.40101529705117,35.60400302293751,0 34.40085652369839,35.60400605965162,0 34.40043278707145,35.60398942237573,0 34.4000742569919,35.6039208366701,0 34.39949229517727,35.6038746098255,0 34.3989162009271,35.60367462086778,0 34.39867300707424,35.60364007485163,0 34.39842333779216,35.60357052231789,0 34.39808973365337,35.60349844821635,0 34.39765229062544,35.60342932802075,0 34.39701197507169,35.60327963731168,0 34.39651087534438,35.60351971227307,0 34.39638014540176,35.60349191608884,0 34.39627731251677,35.60349526905335,0 34.39598249498221,35.6035519870921,0 34.39588095503512,35.60357152202154,0 34.39567937831783,35.60366588849324,0 34.39552064317615,35.60366392479313,0 34.39515292178695,35.60377549087785,0 34.39459987588702,35.60391160533039,0 34.39454477893108,35.60393348014836,0 34.39428865360978,35.60408974633644,0 34.39384693985995,35.60448278999164,0 34.39369122671368,35.6045917230374,0 34.39330893786979,35.60471976019919,0 34.39313597367662,35.60471761365025,0 34.39288984541876,35.60473016495194,0 34.3924646766606,35.60462511158011,0 34.39150454318284,35.60435148556459,0 34.39112746268352,35.6042044459983,0 34.39072812245994,35.6040991594037,0 34.39048590411126,35.60401449761042,0 34.39007082265045,35.60389391508724,0 34.38951628013529,35.60368914220973,0 34.38882677375257,35.60348233827181,0 34.38848591995451,35.60339716004713,0 34.38781897154264,35.6032518810496,0 34.38753535333904,35.60312295916646,0 34.38681748314264,35.6028393852323,0 34.3865371854363,35.602679263741,0 34.3862578363348,35.60257490106256,0 34.38590659534319,35.6025032528078,0 34.38584219139978,35.60247691097297,0 34.38507245257733,35.60216208361413,0 34.38433190418134,35.60183665961755,0 34.38414357362409,35.60164912131448,0 34.38360867086541,35.60131537737018,0 34.38310477420409,35.6009846232171,0 34.38262235030346,35.60061999293751,0 34.38247069781936,35.60050536778351,0 34.38226401684184,35.60043703753097,0 34.3821731048622,35.60043538209979,0 34.38200667088287,35.60038871907516,0 34.38193345740309,35.60029313463456,0 34.38163775904007,35.59970125787804,0 34.3816524964891,35.5996098018382,0 34.38169691497425,35.59949770290391,0 34.38168757331467,35.59939830174477,0 34.38146375293426,35.59931788883323,0 34.38127276601035,35.59922821996103,0 34.38054247701499,35.59899400999901,0 34.38019287834774,35.59891835506922,0 34.37997116791825,35.59884607512777,0 34.37962265714387,35.5986297483047,0 34.37942962122137,35.59853601724052,0 34.37903120576597,35.5983955480194,0 34.37879017621719,35.59829774626506,0 34.37895589648255,35.59829223398206,0 34.3794843267134,35.5982248648582,0 34.37894714674152,35.59794167516472,0 34.37787622382319,35.59740706159056,0 34.37773493494785,35.59729901709336,0 34.37773850576045,35.59697281599171,0 34.37790287442589,35.59642546408755,0 34.37812326437879,35.59559018830581,0 34.37812630116293,35.59544583121119,0 34.37807591674756,35.59529474346805,0 34.37799606679297,35.5950552957169,0 34.37805440972277,35.59504191449827,0 34.37801298107228,35.59483321254304,0 34.37812199421824,35.59439347847662,0 34.37857284168566,35.59443158874213,0 34.37876219547812,35.5944380806074,0 34.37898421139992,35.59446597449857,0 34.37920520369367,35.594540635869,0 34.37944257434285,35.59459888945771,0 34.37962555312823,35.59419680170711,0 34.38013548487696,35.59305321782272,0 34.38028163212152,35.59269007501832,0 34.38037603815535,35.5923067111847,0 34.3803062717451,35.59205928954418,0 34.38020230940716,35.59186095701873,0 34.38020843499194,35.5909057299583,0 34.38028176411341,35.59074313013711,0 34.38032732714613,35.59055298783826,0 34.38034440113655,35.59040443040251,0 34.38036790176355,35.59030122078372,0 34.38055142254449,35.59012343410926,0 34.3805967232508,35.5900363000197,0 34.38076751330901,35.58965464452433,0 34.38101764373751,35.58930889490431,0 34.38106944540284,35.58921153890496,0 34.38123738108593,35.58886446956348,0 34.38127344054362,35.58876928208078,0 34.38112883624734,35.58875630672289,0 34.38108852990042,35.58866110586958,0 34.38113031828378,35.58843778984645,0 34.38119036456114,35.58827530563934,0 34.38122268900887,35.58804343608514,0 34.38122938136149,35.58801771687093,0 34.38125433423134,35.5879218167174,0 34.38145609937735,35.58754965678098,0 34.38156227516463,35.58724587923295,0 34.38169606729313,35.58704656576955,0 34.38184698452957,35.58688988613483,0 34.38203798724024,35.5867407389337,0 34.38213706671792,35.58662503956835,0 34.38223441460736,35.58648346151735,0 34.38242698647943,35.58625940411469,0 34.38243661120275,35.58624820556194,0 34.38259244278711,35.58615279633657,0 34.38278979109595,35.58582388922204,0 34.38287126614849,35.58572659301004,0 34.38292558838155,35.58558969085105,0 34.38291744125352,35.58542556213609,0 34.38337913986948,35.58480278066128,0 34.38357273727436,35.58468760563661,0 34.38376568460622,35.58452474604861,0 34.38404112379199,35.58433958625062,0 34.38440763794119,35.58378524030925,0 34.38450285604482,35.58361176064748,0 34.38458723404314,35.58351081590475,0 34.3846714461313,35.58328913815384,0 34.3846357972597,35.58306005300613,0 34.38464062108534,35.58276300331607,0 34.38469342163908,35.58229771479986,0 34.38468421818063,35.58205632645598,0 34.38479199904246,35.58182840607073,0 34.38479759729643,35.58169675664494,0 34.38489426168815,35.58157548148051,0 34.38489762701669,35.58127995448073,0 34.38492925400169,35.58105118855548,0 34.38497044483253,35.58091372165229,0 34.38491467644391,35.58073593916049,0 34.38490933135588,35.58071890106114,0 34.38489351302774,35.58063380512999,0 34.38489860983051,35.58058158008433,0 34.38507774958657,35.58045193965621,0 34.38539472176188,35.57990195790145,0 34.38553600395568,35.57973469646339,0 34.38556821823962,35.57966292232639,0 34.38566757153139,35.57922021433494,0 34.3856681683127,35.57914227769496,0 34.38556712100216,35.57866946633879,0 34.38550854984462,35.57863406062241,0 34.38537209646755,35.57860746588701,0 34.38530665847524,35.57855517736972,0 34.38518280268097,35.57835702235285,0 34.38512479358891,35.57824096830938,0 34.38500402992042,35.57814782433888,0 34.38489464416683,35.57809795218478,0 34.38467432351356,35.57794536310175,0 34.38454303135747,35.57787128491946,0 34.38409139638195,35.57779457531773,0 34.38367206973392,35.57777484452795,0 34.38335041482045,35.57773698272355,0 34.3833482271149,35.57739308485471,0 34.38345917796694,35.57731418700845,0 34.38364432385463,35.57726039527299,0 34.38405168958285,35.57719416564434,0 34.3843309786394,35.57704603421706,0 34.38457313863601,35.57697446411574,0 34.38487659077192,35.57695555714222,0 34.3867926663351,35.57659425257201,0 34.38710099431202,35.57650719132397,0 34.38733273134379,35.57640182321509,0 34.38744972231316,35.57627949909928,0 34.38753997728686,35.57614385388479,0 34.38778162032943,35.57567042323872,0 34.38794472948792,35.57540097922874,0 34.38820510961742,35.57459871328215,0 34.38827108125952,35.57450800715161,0 34.38861324452035,35.57386156813556,0 34.38865636929328,35.5737385328929,0 34.38878489493241,35.57345245875847,0 34.3888302376496,35.57335153364656,0 34.38884604253889,35.57324126128574,0 34.38887435164335,35.57317924949789,0 34.38889534458503,35.57284866385243,0 34.38898978960285,35.57269230976865,0 34.38925575978293,35.57235288384737,0 34.38955574159338,35.57216868605016,0 34.38959297226074,35.57202622875168,0 34.38956560470294,35.57182405903171,0 34.38934765520354,35.57154393306262,0 34.38938134879682,35.57147592070484,0 34.3896514567226,35.57130612393908,0 34.38967684758499,35.57123074212,0 34.3896160744948,35.57065120943793,0 34.3897120932356,35.57047698184343,0 34.38983772216385,35.57033598184166,0 34.3897020720561,35.57047706944734,0 34.38949845045803,35.57077799964932,0 34.38931199163878,35.57086818466462,0 34.38923517534362,35.57104745305417,0 34.3889024004677,35.57109873300985,0 34.3886779934708,35.57107911534905,0 34.3885701773526,35.57105698881451,0 34.38854329053773,35.57102299313392,0 34.38858877693139,35.57095115718873,0 34.38876902648756,35.57093990657247,0 34.38890745081268,35.570934975998,0 34.38898523889236,35.57089336714008,0 34.38907716339367,35.5706194604877,0 34.38920052921224,35.57037950942856,0 34.38923791753712,35.57031518572033,0 34.38924465640495,35.57014173963918,0 34.3891840729184,35.56997557926905,0 34.38912812059244,35.56988156244947,0 34.38917390006286,35.56983130349487,0 34.38932806459675,35.56984483804362,0 34.38957007347456,35.56975267875262,0 34.38928563599906,35.56947387869315,0 34.38919366967573,35.56941142983128,0 34.38887058653073,35.56923789210948,0 34.38850161403439,35.56897322342314,0 34.3884501323855,35.56880623947485,0 34.38848694942421,35.56870024845015,0 34.38864506680031,35.56866984445509,0 34.3890917204203,35.56868528702901,0 34.38929822704463,35.56859567071837,0 34.38939580551982,35.56860225892347,0 34.38911743346556,35.56853344076497,0 34.38897649672671,35.56848760655649,0 34.38862992721555,35.56846198626497,0 34.38856768449976,35.5684409505899,0 34.38853623189168,35.56840625042675,0 34.38854909532416,35.56834735020672,0 34.38864131364256,35.56829519737025,0 34.3889894575529,35.5681693685185,0 34.38908159579091,35.56811126347031,0 34.38924928432582,35.56804803186881,0 34.38941292173602,35.56795507010969,0 34.38951527827402,35.5678447849447,0 34.38970140681187,35.56719797821273,0 34.39004229987751,35.56674255109417,0 34.39009604184309,35.56654190365646,0 34.3902073625682,35.56629116899422,0 34.39025918014931,35.5661898648948,0 34.39040024062216,35.56591408898819,0 34.39049950173747,35.56593902094004,0 34.39110491885905,35.5648046080152,0 34.39113146781339,35.56467944597146,0 34.39108534821813,35.56446801517316,0 34.39130169353995,35.56375592696448,0 34.39140216536543,35.56332322818675,0 34.39205600035075,35.56178168889819,0 34.39215350217435,35.56161788413353,0 34.39225529506049,35.56152465225797,0 34.39266045659444,35.56136901053939,0 34.393150693077,35.56159827110004,0 34.39354114594455,35.56170347606258,0 34.3935963013717,35.56160386416385,0 34.39411614829497,35.56168892065374,0 34.39427820562656,35.56174724487639,0 34.39437764070358,35.56172464388854,0 34.39445373299645,35.56157596201607,0 34.39470865174127,35.56161717443093,0 34.39482596029496,35.5615645418771,0 34.39508546103791,35.56121327603433,0 34.39531394440954,35.56067852483996,0 34.39539005506376,35.56050039088912,0 34.39540151520573,35.56047356930232,0 34.39560999069045,35.56005435237278,0 34.3958585731766,35.55948901759128,0 34.39611349986547,35.55908355763915,0 34.39628442852058,35.55888723260421,0 34.39638467831496,35.55877208847745,0 34.39645691165163,35.55865556995195,0 34.39668675012861,35.55847735222498,0 34.39723441018774,35.55806389250213,0 34.39764661804823,35.55739343192771,0 34.3976935605929,35.55724799613849,0 34.39781184852797,35.55698198482236,0 34.39788908109207,35.55674682905109,0 34.39791679413925,35.55653040780578,0 34.39783523832933,35.55627090183394,0 34.39795708378718,35.55596216465123,0 34.39832945026774,35.55523106296006,0 34.39832104102209,35.55516269196833,0 34.39823633895033,35.55509635048234,0 34.39821408323198,35.55504639865536,0 34.39825707357085,35.55497554155757,0 34.39849500678773,35.55479088710641,0 34.39858845554082,35.55488274248249,0 34.39877715885089,35.55508567119656,0 34.3990246079568,35.55528922378249,0 34.39907990597469,35.55535887469941,0 34.39911663891035,35.5554358042091,0 34.39913780259673,35.55552676402686,0 34.39920103271826,35.55563022902412,0 34.39925414875766,35.55566194962741,0 34.39934207061152,35.55569099051777,0 34.39953510401858,35.55573231824858,0 34.39972050267318,35.55573135809966,0 34.39976307259038,35.55575029672379,0 34.40006513554194,35.55575711560449,0 34.40047218378018,35.55579722868269,0 34.40065545382739,35.55582237600584,0 34.40077698680593,35.55582231847596,0 34.4008819218656,35.5557315997758,0 34.40099669014171,35.55560216676801,0 34.40109331835898,35.55548068628184,0 34.40111278707563,35.55547881972084,0 34.40109757257694,35.55566853272273,0 34.40112588532103,35.55564625804794,0 34.40122992558071,35.55546329857458,0 34.40149358068331,35.55532992274708,0 34.40154538044833,35.55532641487918,0 34.4015932982143,35.55537207243631,0 34.40163856613192,35.55546620695484,0 34.40163866669339,35.55556345142138,0 34.40170502353129,35.55562283788789,0 34.40180085257951,35.55577378909589,0 34.40186269941599,35.55583694199355,0 34.40191197207347,35.55586056324771,0 34.40199365778734,35.5558584849104,0 34.40213268267853,35.5558935103972,0 34.40216355148885,35.55590611233428,0 34.40235972173063,35.55587421967383,0 34.40241832779614,35.55576290140689,0 34.40252460004045,35.55570910195302,0 34.40255501754097,35.55562920673515,0 34.4025831806745,35.55559609044105,0 34.4026467275832,35.55557214821648,0 34.40273525210446,35.5555547603694,0 34.40275433708332,35.55552511315937,0 34.40274503252085,35.5554821638788,0 34.40268609454576,35.55538950648742,0 34.40265782712695,35.5553250386208,0 34.40265646975671,35.55525694552487,0 34.4026712555298,35.55518633665119,0 34.40269370538746,35.55516004713564,0 34.40273592813543,35.55515391307365,0 34.40319158072188,35.55519934654347,0 34.40333044494913,35.55522285176205,0 34.40336608141182,35.55525032000356,0 34.40344518895517,35.55539159127033,0 34.4034963874406,35.55543450789597,0 34.40354409639765,35.55543510154958,0 34.40362178539618,35.55541408276981,0 34.40362500299836,35.55543675607674,0 34.40358249331636,35.55557198981681,0 34.40372142003089,35.55551010607591,0 34.40375169135151,35.55550949943471,0 34.40375298041642,35.55554269303303,0 34.40372153051548,35.55560802814134,0 34.40373062122614,35.55563539349519,0 34.40376964224896,35.55566757542953,0 34.40380079832123,35.55567102674582,0 34.40394163972461,35.55562742407901,0 34.4039498750272,35.55565310231097,0 34.40392740880982,35.5557380099841,0 34.40393589166333,35.55581146275497,0 34.40395278189218,35.5558329980543,0 34.40409973238192,35.55584118236491,0 34.40419730507129,35.55590808353534,0 34.4042871905859,35.55598894631387,0 34.40432845637635,35.55600348865338,0 34.40436987420694,35.55599905505137,0 34.40440039017165,35.55601606496239,0 34.40442562740151,35.55601143680722,0 34.40455009001306,35.55589343353875,0 34.40458427388538,35.55587585009442,0 34.40460920963306,35.55587935655126,0 34.40462607120018,35.55589885885281,0 34.40464878871843,35.55598167198782,0 34.4046903096997,35.55607448356191,0 34.40473611252941,35.55602731793057,0 34.40479195738445,35.55601631804967,0 34.40493906738236,35.55603602023544,0 34.40514090267412,35.55608369836995,0 34.40523604175407,35.55612453026612,0 34.40530095160643,35.55616901938907,0 34.40536462765047,35.55627417111176,0 34.40539234669621,35.55635863366568,0 34.40545922038697,35.55642512921519,0 34.405520682159,35.55646016097328,0 34.40559928421345,35.55647504894424,0 34.40571300519171,35.55644998202597,0 34.40572926725727,35.55651591036846,0 34.40580870638667,35.55659110412244,0 34.40590019810693,35.55663806690232,0 34.40600709787947,35.55665948043948,0 34.40612023515146,35.55659240247245,0 34.40619052936272,35.55660634690878,0 34.40626055496193,35.55663079857954,0 34.40631879103513,35.55667263598738,0 34.40647363753989,35.55680137193804,0 34.40653239401388,35.55682084119722,0 34.40667983114842,35.5568341006447,0 34.40674884745867,35.55687550201348,0 34.40680197056604,35.5568223406504,0 34.40688344629191,35.55674080488886,0 34.40688170010054,35.55664492980301,0 34.40695352673894,35.55661989550253,0 34.4069892581409,35.55656434772794,0 34.40697116957109,35.55651639390958,0 34.40697685722635,35.55641808158428,0 34.40708254908725,35.55623315393114,0 34.40711276567747,35.5561664958124,0 34.40713205268993,35.55612394769147,0 34.4071781462735,35.55609778693903,0 34.40732993943476,35.55603646266882,0 34.4074266427022,35.55607050252362,0 34.40753522434714,35.55612341110383,0 34.40765249477575,35.55620470503285,0 34.40773075303573,35.55628431212907,0 34.40777116575962,35.55635680229674,0 34.40777413057136,35.55639099738291,0 34.40779122378319,35.55642710126826,0 34.4078580341574,35.55648885198976,0 34.40806955707238,35.55651712606483,0 34.40825489056017,35.55651141021414,0 34.40834399973679,35.5565360288796,0 34.40852999714174,35.55663771744432,0 34.40865022012077,35.55669061695635,0 34.40920513933782,35.55693478683572,0 34.40927353728147,35.55725073993932,0 34.40930169650834,35.55734037229723,0 34.40983207588082,35.55757743127396,0 34.40991238009798,35.55764393214358,0 34.40993213031792,35.55768941554045,0 34.41012491025987,35.55798372061448,0 34.41012237910117,35.55813022769446,0 34.41014572621246,35.55816532436327,0 34.41028005631254,35.55826138683972,0 34.41058360781904,35.55866079017219,0 34.41062529243958,35.55873628453705,0 34.41062999549764,35.55876008393201,0 34.41069959472071,35.5591122524653,0 34.41071329787337,35.55922189565249,0 34.41065763498787,35.55926267634096,0 34.41055896345203,35.5592801914642,0 34.41033935869386,35.55929810571929,0 34.41027234310943,35.55926102080321,0 34.41004974662687,35.55909411572421,0 34.40998975154904,35.55911332205763,0 34.40995657272023,35.55914824444191,0 34.40987577566905,35.55931514032406,0 34.40986973152333,35.55935864792349,0 34.40988488776777,35.55943312074891,0 34.40993758203037,35.55951556053212,0 34.41003947558337,35.55961004599092,0 34.41005125453522,35.55970974838325,0 34.41006875165085,35.55977239546279,0 34.41007006857846,35.55989680196845,0 34.41005407525806,35.55994209597793,0 34.41001720431704,35.55997473722797,0 34.40996277016632,35.55998541121235,0 34.4098604950061,35.55997878904368,0 34.40985480531337,35.55998800513309,0 34.40989069503053,35.5600284230582,0 34.41002270758149,35.56013689791892,0 34.41006795673336,35.56019284759661,0 34.41009435074898,35.56023776294222,0 34.41008483120077,35.56027043755427,0 34.41006114896874,35.56030086246862,0 34.40999792763151,35.56032722646843,0 34.40979973985173,35.56036602279335,0 34.4096059562828,35.56035363637253,0 34.40942390637142,35.56032300803032,0 34.40930852558808,35.56027481230639,0 34.40926037230346,35.56030884969267,0 34.4092459691205,35.56038533818667,0 34.40914878945749,35.56044393828554,0 34.40911723028186,35.56047579165988,0 34.40907230954642,35.56059280221531,0 34.4090615808277,35.56059832975019,0 34.40891230241526,35.56059320973188,0 34.40888635396611,35.56061007538293,0 34.40886943859878,35.56064892612579,0 34.40887747875696,35.56077870576365,0 34.40888836885823,35.56081459355038,0 34.40891181941814,35.5608571588364,0 34.40896529130344,35.56090658596696,0 34.40902897201956,35.5609430220139,0 34.40903829862693,35.56098605248421,0 34.40898634362625,35.56104558475128,0 34.40898868565707,35.56106457476528,0 34.40923124078581,35.56122192940946,0 34.40933872841601,35.56125037633402,0 34.40945379551556,35.56124612532133,0 34.40949477152827,35.56126375242089,0 34.4095439546431,35.56133358608425,0 34.40976181610355,35.56145843891307,0 34.40982194399159,35.56150823122322,0 34.40990099768878,35.56164874960279,0 34.40996789902875,35.56170747606436,0 34.41026204648149,35.56192313743563,0 34.41037780009246,35.56199797885139,0 34.41041103309441,35.56205641222402,0 34.41022323828857,35.56218530781243,0 34.41010312061026,35.56242935429585,0 34.40999448205455,35.56243737280138,0 34.40983803281001,35.56261244465425,0 34.40983343191796,35.56269138171192,0 34.40988209777784,35.56278362645728,0 34.40992007022399,35.56282436426101,0 34.41000307347988,35.56290509844975,0 34.41002351215052,35.56305954896717,0 34.41006899206534,35.56318982509755,0 34.41012745969385,35.56327130584215,0 34.41022486799333,35.56340147551487,0 34.41024722074441,35.5634545736986,0 34.41025086706858,35.5635075004898,0 34.41019919548661,35.56358739920946,0 34.41007070860633,35.56370278036444,0 34.40998993245648,35.56381179381888,0 34.40996822423722,35.56386460712346,0 34.40997314496668,35.56403888469107,0 34.4100416560694,35.56424703199477,0 34.41016354186664,35.56444176333135,0 34.41030963622527,35.5645933935844,0 34.41040383591079,35.56467216059447,0 34.41051743873341,35.5647414193576,0 34.41086634985817,35.56490414016223,0 34.41120587680849,35.56510937923398,0 34.41147151794848,35.56526181012772,0 34.41172409604131,35.56534187668372,0 34.4119500033034,35.56535717284157,0 34.41213781774241,35.56535328823512,0 34.41231654914263,35.56533339623469,0 34.41232969201167,35.56534240709663,0 34.41252847182776,35.56526068274869,0 34.41276526330473,35.5651624936723,0 34.41286041351351,35.56507100154713,0 34.41289048939825,35.56502218676955,0 34.41290486902331,35.56492089388006,0 34.41296580849312,35.56481524291041,0 34.41307455513718,35.56480938524106,0 34.41316643101777,35.56487034868473,0 34.41317477779005,35.56490252474421,0 34.41313483555864,35.56510792742017,0 34.41316654328949,35.56520575274512,0 34.41329401512902,35.56531545225769,0 34.41348675220874,35.5654556291887,0 34.41341891979974,35.5655858753487,0 34.41293569321141,35.56534233578835,0 34.41289824651668,35.56533961493351,0 34.41280298279736,35.56542296017859,0 34.41279374051041,35.56550519710127,0 34.41281214170446,35.56554305400706,0 34.41278068955029,35.56557110287346,0 34.41263149029571,35.56564328812455,0 34.41258118850914,35.56570212838964,0 34.41255727514076,35.56578081143908,0 34.41268436897654,35.56591779247407,0 34.41269355694411,35.56595064005194,0 34.41267061662267,35.56599156809238,0 34.412628510281,35.56606668991748,0 34.41263207676495,35.56612891847474,0 34.41269932767856,35.56616186244684,0 34.41270665176143,35.56619610357585,0 34.41269189613873,35.56621643846999,0 34.4126554225467,35.56627482739373,0 34.41261602652676,35.56638283034852,0 34.41264120404898,35.56647813220592,0 34.41274350973789,35.56665935511418,0 34.41294127257604,35.56678433919915,0 34.41301627614821,35.56683750006176,0 34.4130446027388,35.56687553527541,0 34.41306110810491,35.56692858426251,0 34.41306289885328,35.56702716856771,0 34.4130492570511,35.56710484174339,0 34.41300982506571,35.56716279589632,0 34.41293100426665,35.56722237348174,0 34.41272686853893,35.56730983919319,0 34.41265424733173,35.5673825328886,0 34.41262350714899,35.56743905389771,0 34.4126097829453,35.56749610099011,0 34.4126036275282,35.56759001349506,0 34.41264500706182,35.56783491655721,0 34.41270511138947,35.56826202923747,0 34.41270998474234,35.56834364464511,0 34.41269935530123,35.56850345788847,0 34.41270642484136,35.56877945881295,0 34.4127647856147,35.56901485009223,0 34.41281403953347,35.56911051135253,0 34.41291333205885,35.56922444566759,0 34.41298508462053,35.5693268945218,0 34.4131303224918,35.56950750642316,0 34.41320151798286,35.56970368933997,0 34.41328134106455,35.57007200780538,0 34.41332532896236,35.57022116679503,0 34.41341793154421,35.57040551111471,0 34.41353601477084,35.57054269855899,0 34.41361688300221,35.57061475526917,0 34.41381340248275,35.57069169296631,0 34.41390199155826,35.57069494735691,0 34.41413875993558,35.57065627544549,0 34.41420219104412,35.57065295452903,0 34.41426744077315,35.57066122218539,0 34.41430631822566,35.57069605727857,0 34.41432616557702,35.57076636998948,0 34.41431856207619,35.57081595063438,0 34.41429751654309,35.57085374920469,0 34.41426012250864,35.57088442052306,0 34.41402310876411,35.57107881951143,0 34.41399082030312,35.57111367034546,0 34.41395190746212,35.57117907476317,0 34.41393809854214,35.57123002328173,0 34.41393678242259,35.57128424820505,0 34.41402765962848,35.57158228550432,0 34.41405049782615,35.57170232495766,0 34.41405991908682,35.57187169959565,0 34.41405141096403,35.57194564179088,0 34.41401187037054,35.57202562144452,0 34.41391122404007,35.57218619780141,0 34.41386048658772,35.57229618079081,0 34.41386087665239,35.57235377890854,0 34.41387994369203,35.57241188704572,0 34.41395823846689,35.57252198401941,0 34.41404941731162,35.57260418290149,0 34.41422872339339,35.57272811394436,0 34.41437640132267,35.57287482011905,0 34.41440071830195,35.57289294104793,0 34.41447236295595,35.57300225140435,0 34.41484600886,35.57322176135991,0 34.41487541423779,35.57323903656476,0 34.41488656695418,35.57325942807029,0 34.41488799145247,35.5734833068936,0 34.41486253513159,35.57361675412135,0 34.41482887675368,35.57371330840637,0 34.41482880210419,35.5737384190876,0 34.41491641156313,35.57392769736167,0 34.41498764709414,35.57401459351614,0 34.41514245059997,35.57421547584512,0 34.41534230164655,35.57440130708275,0 34.41541213227825,35.57444880678837,0 34.41546332489571,35.57450693661263,0 34.4156846667243,35.57488577766047,0 34.4158329986384,35.57505114549163,0 34.41601643902281,35.57516249234918,0 34.41604378589685,35.57522502079267,0 34.41603020774592,35.5753224407843,0 34.41605057934282,35.57543559972164,0 34.4160292525129,35.57546752571093,0 34.41598160403189,35.57551015058094,0 34.41592139878725,35.57554033335661,0 34.41588592121848,35.57559836901748,0 34.41580356250824,35.57563188886469,0 34.41571925127111,35.57564799055428,0 34.41555516347113,35.57566864141712,0 34.41551365926193,35.57572324278355,0 34.41547789292387,35.57579121982916,0 34.41539441543021,35.57613484736593,0 34.41535095938467,35.57617841413251,0 34.41540782956999,35.57639796007559,0 34.41546277902578,35.57644977843911,0 34.41547959713004,35.57649217410459,0 34.41549797164087,35.57658477467554,0 34.41558003163211,35.57665169409746,0 34.4155695968085,35.5766992162219,0 34.41539713943548,35.57694557929137,0 34.41539318847742,35.57702931237431,0 34.41535859191939,35.57705891654068,0 34.41518342587762,35.57717278196765,0 34.41504890301762,35.57720118907078,0 34.41501113408638,35.57724825970442,0 34.41492086307344,35.57743647267912,0 34.41491234834357,35.57751139731118,0 34.41496737952887,35.57772154421967,0 34.41503596448851,35.57792389654836,0 34.41520041501192,35.57844727754074,0 34.4152798240859,35.57862965521718,0 34.41547627859428,35.57899895317939,0 34.41554499008782,35.57908831280412,0 34.41558285826783,35.57917027579315,0 34.41579800182898,35.57953243203333,0 34.41588050583962,35.57975279400858,0 34.41599716496845,35.57997284924912,0 34.41613873541637,35.58014246148787,0 34.41626450388895,35.58034220784383,0 34.41627224339016,35.5804586352179,0 34.41627233488597,35.58046000945276,0 34.41625271971327,35.58049673254594,0 34.41643248371538,35.58080174663377,0 34.41669785679623,35.58099784904151,0 34.41680389933674,35.58112290652262,0 34.4168416068149,35.58125999420007,0 34.41686209925668,35.58141510289889,0 34.41687778008116,35.58151526478257,0 34.41698672519875,35.58173512844688,0 34.41705764771959,35.58193289699219,0 34.41713385200163,35.58207175797229,0 34.41726461120479,35.58220931040656,0 34.41737906095018,35.58232110297973,0 34.41767648229614,35.58248104108986,0 34.41786959772718,35.58263259924771,0 34.41810635503329,35.58280985102715,0 34.41834302596874,35.58295624810906,0 34.41861764506229,35.58313876897308,0 34.41870936758528,35.58319603170264,0 34.41915463174761,35.58331080505546,0 34.41936263174797,35.58330415292154,0 34.41944684966558,35.58330729593023,0 34.41979791622365,35.58337012422371,0 34.41994889055279,35.58341425785851,0 34.4202182224157,35.58335326075942,0 34.42035593354474,35.58327190321153,0 34.42048086827091,35.58308990111886,0 34.42066881942564,35.582846945277,0 34.42077118063086,35.58279442222248,0 34.42079461896752,35.58275837074571,0 34.42079149512358,35.58267053922616,0 34.42078108679471,35.58263518059206,0 34.42074297541697,35.58258087891149,0 34.42082406201131,35.58253602481726,0 34.42085040083515,35.58253182809096,0 34.42119916273818,35.58260347120667,0 34.42129605696895,35.58265434238464,0 34.42129769279297,35.58272474141766,0 34.42124347172986,35.58284239025954,0 34.4212465495057,35.58298445776795,0 34.42128524758166,35.58306075188984,0 34.42144177821273,35.58319034140321,0 34.42164563119935,35.58329363274693,0 34.42167331563277,35.58329626856841,0 34.42168142981767,35.58329687491955,0 34.42172273622919,35.58329832440668,0 34.42182457100112,35.58330595433451,0 34.42214596408737,35.58336736931631,0 34.42221453718766,35.58336573272416,0 34.42230442728536,35.58334268494728,0 34.42233787628609,35.58334170165372,0 34.42236054317477,35.58334103487177,0 34.42246382930742,35.58329592307193,0 34.42251819858514,35.58328291525192,0 34.4225822912347,35.58328795102325,0 34.42261916922803,35.58328135924864,0 34.42265289493869,35.58324313383238,0 34.42263226590416,35.58310709926949,0 34.42263420251302,35.5830685164046,0 34.42264071960285,35.58305106155823,0 34.42267070196377,35.5830031134749,0 34.42270107536574,35.58299897416075,0 34.42276315724973,35.58301365262321,0 34.42278704994611,35.5830189204448,0 34.42293488661272,35.58307466303276,0 34.42308796119129,35.58314652102931,0 34.4232096259174,35.58328569195032,0 34.42327401838855,35.58356767715512,0 34.4232914651646,35.5835899780276,0 34.42341066204441,35.58366109561806,0 34.42345117569563,35.58369004831729,0 34.42351654545912,35.58378896256189,0 34.42353329780441,35.58379396579181,0 34.42370114449936,35.58378354187889,0 34.42383024203775,35.58381374067712,0 34.42384705606622,35.5838231610631,0 34.42401379631841,35.58381760392073,0 34.42405506151857,35.58380250433449,0 34.42407012924927,35.58378395970243,0 34.4240803908646,35.58371244319962,0 34.42410233319198,35.58360400683735,0 34.42412662677096,35.58357028246756,0 34.42428484249818,35.58347202485647,0 34.42458184556945,35.58337230043888,0 34.42476020397596,35.58329174348606,0 34.42482637370785,35.58331617995319,0 34.42499889755943,35.58343280045519,0 34.42512926061394,35.58353323444661,0 34.42520313567739,35.58365626917272,0 34.42521328343621,35.5838001292724,0 34.42518560983838,35.58401133825216,0 34.42506432270452,35.58426628518976,0 34.42504351622693,35.58445294849022,0 34.42502068298778,35.58449623065075,0 34.42493865330407,35.58459380831107,0 34.42486510069749,35.584632525087,0 34.4248298403006,35.58467806847817,0 34.42478304708965,35.58471743765941,0 34.42479678458636,35.58489200778804,0 34.42478003020629,35.58491885133184,0 34.42468052940964,35.58499264770824,0 34.42463776296473,35.58499726840035,0 34.42438491330401,35.58493954366804,0 34.42399882868187,35.58490328523644,0 34.42395618600398,35.58494268346503,0 34.42381777961219,35.58517377528672,0 34.42366346967675,35.58536324313794,0 34.42365136646979,35.58538760361249,0 34.42361689655025,35.58558167864609,0 34.42353128720976,35.58574058265359,0 34.42351693360484,35.5857519412272,0 34.42335546160381,35.58594833467897,0 34.42331715076762,35.58605000476118,0 34.42328259591339,35.58611710448339,0 34.42323411272568,35.58622732947975,0 34.42318106996073,35.58631152612974,0 34.42311980735468,35.58638274990088,0 34.42309618306061,35.5865585950879,0 34.42304988585674,35.58663264595879,0 34.42300441331182,35.58695704169085,0 34.4230161896996,35.58705670794557,0 34.4230271636203,35.58741925122487,0 34.42300993619993,35.58747647132943,0 34.42301759320876,35.58763581741446,0 34.42301943197069,35.58764757323376,0 34.4230448604408,35.58781010806494,0 34.42310003340833,35.58794719722382,0 34.42312415401963,35.58805259201604,0 34.42316382426567,35.58816423988608,0 34.42321555557161,35.58825322306335,0 34.42327987071796,35.58833405359005,0 34.42337502722658,35.58841823654519,0 34.42370931616024,35.58862056193107,0 34.42364101580726,35.5886398471748,0 34.4235927778601,35.58871599133663,0 34.42364087966188,35.58875709684996,0 34.42364518763861,35.58877800271188,0 34.4235692300679,35.58889307396165,0 34.42353983088226,35.58900227689281,0 34.42346039765035,35.58917145509402,0 34.42346566131163,35.5893067308569,0 34.42343366323859,35.58932331059887,0 34.42348882354386,35.58944082543934,0 34.42353511610601,35.58961671439264,0 34.42350029533151,35.58975885262419,0 34.42353019553919,35.58988033571724,0 34.42364710872594,35.59001628241059,0 34.42365979434895,35.59009730626985,0 34.42374369151144,35.59029308482164,0 34.42390122075188,35.59063925082795,0 34.42410426471199,35.59102798815338,0 34.42410324083939,35.59104537002981,0 34.42407846237054,35.59106685393748,0 34.42393271081824,35.59111502132167,0 34.42413681877039,35.59131004409878,0 34.4242148085966,35.59127978218132,0 34.42425925321315,35.59127963990503,0 34.42447454650164,35.59141770072078,0 34.42440132012428,35.59156250032294,0 34.42445071876129,35.59168626622553,0 34.42452150312739,35.59179763315436,0 34.42454147671227,35.59181819425205,0 34.42463934141102,35.59186890414063,0 34.4246012129592,35.59201834129625,0 34.4245290170572,35.59210480535522,0 34.42452867058066,35.59212529123617,0 34.42457169229186,35.5921788233222,0 34.42465726993073,35.59225741438575,0 34.42480787317364,35.59238229974347,0 34.42488311086235,35.59251670107094,0 34.42502622986799,35.59278663961911,0 34.42521025069205,35.59301862028299,0 34.42534637358215,35.59310495133822,0 34.42537569531261,35.59311298250135,0 34.42542817272125,35.59311950773208,0 34.42569621262084,35.5930805237324,0 34.42560676005044,35.59294941214733,0 34.42580804335764,35.59297372739207,0 34.4266442177745,35.59340818734605,0 34.42685010492864,35.59354428405379,0 34.42687103854037,35.59371858637283,0 34.42672598972793,35.59390848006991,0 34.4267256126972,35.59393038306951,0 34.42677505771545,35.59402314982744,0 34.42683316305828,35.59409618392093,0 34.42690082647496,35.59421293070697,0 34.4269810814097,35.59430694214954,0 34.4270231651919,35.59430524149673,0 34.42715738530954,35.59426731983854,0 34.42732379357778,35.59416847088988,0 34.42753625028355,35.59406050170383,0 34.42761637251009,35.59404629239071,0 34.42773359185368,35.5941183444647,0 34.42797145298649,35.59430208605819,0 34.42825824796028,35.59451002426707,0 34.42841268720733,35.59469995754747,0 34.42844939635128,35.59473644200307,0 34.42872576622929,35.59483856002693,0 34.42871978578216,35.59484558046172,0 34.42861600193611,35.59496742682537,0 34.4285253137778,35.59512016403939,0 34.42850420794923,35.5952441249753,0 34.42855133729473,35.59549209889642,0 34.42872543599327,35.59573978222762,0 34.428940373444,35.59594057302431,0 34.42921215849135,35.59610559455185,0 34.4295225718637,35.59622297594785,0 34.429597169197,35.5963089910198,0 34.42960696300565,35.59632311813984,0 34.4297295894623,35.59645984696728,0 34.42994831386979,35.59665163706116,0 34.43022787044418,35.59682024829801,0 34.43051488729093,35.59695623435959,0 34.43097367900613,35.59707794809781,0 34.43109580630101,35.5971328355197,0 34.43180047576568,35.59706927522478,0 34.43205490185962,35.59710836870961,0 34.43220593828644,35.5970882692005,0 34.43242159332012,35.59700665815856,0 34.43245623718389,35.59695532673135,0 34.43240588491867,35.59675484803542,0 34.43263949995529,35.59675838113819,0 34.43266754248269,35.59662803827933,0 34.43272622862897,35.59655025409237,0 34.43276965856039,35.59651252697733,0 34.43303543307967,35.59637972915957,0 34.43348197011147,35.59639346276759,0 34.43404405239914,35.59669129956574,0 34.43411121150487,35.59676391494036,0 34.4341250837114,35.596873487483,0 34.43453621740875,35.59709286599185,0 34.43456375352324,35.59710823336928,0 34.43473020980004,35.59720112841456,0 34.43486850126688,35.59734875248598,0 34.4347262775077,35.59737313135859,0 34.43503424009452,35.59760895680839,0 34.43489013977921,35.59769068113597,0 34.43489105635909,35.59780439135613,0 34.43457321609872,35.59763841263247,0 34.4342354729114,35.59746203885179,0 34.43421641972289,35.59745790541196,0 34.43421121841824,35.59746312155509,0 34.43421136936493,35.59747374546073,0 34.43448089036467,35.59762836701391,0 34.43457404291466,35.59768473769629,0 34.43468986272032,35.59775482485744,0 34.4348985991053,35.59786462829372,0 34.43501785727287,35.59798931948443,0 34.43527275561392,35.59815441101366,0 34.43558178895104,35.59833050291584,0 34.43587099124506,35.59850179146204,0 34.43631416082773,35.59876426796767,0 34.43685856385658,35.59908531077902,0 34.43687001384429,35.59910248717883,0 34.43686737961432,35.5991214853244,0 34.43682143417085,35.5991296983312,0 34.4365546028856,35.5990135486402,0 34.43587374871673,35.59869505617979,0 34.43569414199104,35.59861103724148,0 34.43517253828423,35.59829187507313,0 34.434987963452,35.59820366845943,0 34.43473389168102,35.59809227718971,0 34.43458012021114,35.59802523483334,0 34.43452739919194,35.59800224895779,0 34.43458092814591,35.59807050115393,0 34.43477885032187,35.59832285938057,0 34.43493907109283,35.59847061693432,0 34.43511397317255,35.59862480914461,0 34.43534880422298,35.59857872683646,0 34.43546128777068,35.59858602705976,0 34.43553231660929,35.59864611502111,0 34.43551598734776,35.59880822754737,0 34.43539904118249,35.59911685397754,0 34.43565618841374,35.59934050786476,0 34.43568633051789,35.59962883690397,0 34.43565725512434,35.59980973276965,0 34.4357119591246,35.59995704398185,0 34.43583379662301,35.6004482197287,0 34.43589935519337,35.60048922293984,0 34.43596763011393,35.60053192593618,0 34.43615159642048,35.60062857205938,0 34.43626000716339,35.600716917756,0 34.43639801240712,35.60085549118321,0 34.43647952389951,35.60099305627097,0 34.4365653982284,35.60106261261114,0 34.43667467960397,35.60120916984182,0 34.43682130779878,35.60128859389228,0 34.43714990521082,35.60157025538926,0 34.43794136486407,35.60190861747366,0 34.43796329021227,35.60197137722339,0 34.4379998424864,35.6019785583031,0 34.43811830137052,35.60194505466136,0 34.43860993910988,35.60199432183253,0 34.43866760043489,35.60200445098442,0 34.4389042170587,35.60204601805188,0 34.43921039417998,35.60208561278028,0 34.43938099182399,35.60207263281257,0 34.43961628392718,35.60199575456484,0 34.43994674289121,35.60188778112671,0 34.440333548271,35.60171600275683,0 34.44060632553745,35.60149308995749,0 34.44060558435962,35.60147039554072,0 34.44041700438586,35.60116870327781,0 34.4404413907141,35.60110393211067,0 34.4405234273322,35.60108022369774,0 34.44063973032956,35.60108762658178,0 34.44091245747723,35.60135347724061,0 34.44106964438321,35.60149163194157,0 34.44132496580298,35.60165777051146,0 34.44147532683288,35.60178277332977,0 34.44154430195904,35.60181771672438,0 34.44159873121965,35.60188006885713,0 34.4416215822605,35.60193983190754,0 34.44164899554658,35.60197709574731,0 34.44166258230167,35.60199556462191,0 34.4419653411567,35.60225597491596,0 34.44204967933355,35.60228700028444,0 34.44251922540303,35.60267948652898,0 34.44263347375031,35.6027415293183,0 34.44279778543906,35.60298627404252,0 34.44276811563569,35.60307624284611,0 34.44263228653742,35.60321529837567,0 34.44266967917529,35.60324593908958,0 34.44274172052233,35.60325506223459,0 34.44283126801214,35.60323140739975,0 34.44286232998922,35.60323845987249,0 34.44292782739611,35.6033135891544,0 34.44299267159865,35.60329585742373,0 34.44303650669555,35.60333552343634,0 34.44297781883301,35.6034215796501,0 34.44266515123412,35.60334790880886,0 34.44245916394237,35.60319161179257,0 34.44207032513763,35.60282090954829,0 34.44201938884394,35.60275125180652,0 34.44195433883369,35.60274206527848,0 34.44192071354296,35.60276520522115,0 34.44189722728015,35.60279885310199,0 34.44188917578876,35.60286416086362,0 34.44190422047211,35.60293822539995,0 34.44211138449958,35.60345492717204,0 34.44224270321755,35.60362771016776,0 34.44233848801002,35.60362112181081,0 34.44240214492188,35.60367241745185,0 34.44245540717868,35.60397353015613,0 34.44253376649862,35.6040748391308,0 34.4426415810706,35.60417567278815,0 34.44256258280497,35.60420371551847,0 34.44255388348333,35.60422387508302,0 34.44256584061763,35.60429144425539,0 34.44259034548416,35.60432872825665,0 34.44261547543636,35.60433991282451,0 34.44264609309487,35.60431598496385,0 34.44267700382268,35.60431243884629,0 34.44274546927777,35.60442025957429,0 34.44288258398539,35.60471825716276,0 34.44306375946966,35.60495469183147,0 34.44320791112221,35.60504713802688,0 34.44374324818715,35.60511641427397,0 34.44377065672231,35.60511239072377,0 34.44380225062764,35.60505226860193,0 34.44380783295556,35.60502367730907,0 34.44383430277,35.60502686413701,0 34.44385727932575,35.60512841141123,0 34.44387866381592,35.60519171451414,0 34.44392114330293,35.60519387219856,0 34.44401445038774,35.60515377056156,0 34.44412813214448,35.60514141008409,0 34.44432220074446,35.60502383436795,0 34.44436728181068,35.6049638928896,0 34.44436615903712,35.60492058442004,0 34.44433409392613,35.60487857968333,0 34.44420619138468,35.60473542890606,0 34.44426010509286,35.60473411660759,0 34.44426176331127,35.60471045437722,0 34.44416347743738,35.60461269479488,0 34.44417821086324,35.60459543509509,0 34.44426660656321,35.60463049917193,0 34.44427552324431,35.60462552465976,0 34.44427638235601,35.60461573134961,0 34.44418151379261,35.60454729517036,0 34.44420019381791,35.60452673737085,0 34.44435409683693,35.60460278431829,0 34.44437287200697,35.6045887494624,0 34.44423184583491,35.60450524539538,0 34.44424845958014,35.60447981409225,0 34.44447588657592,35.60452909034736,0 34.44459007922872,35.60462181115278,0 34.44465011450734,35.60462941339458,0 34.4446776543281,35.60459980353207,0 34.44463791062495,35.60454472105933,0 34.44466872616566,35.60453465326412,0 34.44480747672835,35.60459860726603,0 34.44484941800263,35.6045982214596,0 34.4448790841091,35.60457756244937,0 34.44487845026435,35.60453353523702,0 34.4450001407127,35.60459194006349,0 34.44503478817514,35.60457042006426,0 34.44500243324784,35.60454299391002,0 34.44493409215948,35.60451345332042,0 34.44473998314356,35.60448914844501,0 34.44472224373688,35.60443630939646,0 34.44473770683594,35.6044002886814,0 34.4448552875252,35.60431195631833,0 34.44470878571463,35.60419506967558,0 34.44456554165406,35.60402678274945,0 34.44457028838077,35.60400961570447,0 34.44459922561046,35.60400771860331,0 34.44468395320569,35.60406564768316,0 34.44470464254391,35.60404588764826,0 34.44470499599889,35.60400103566867,0 34.44467095134043,35.6039255158276,0 34.44461185647597,35.60384441661638,0 34.44461264598067,35.60382983312046,0 34.44464148796443,35.60382141394214,0 34.44467455984382,35.60382926287643,0 34.44494765009421,35.60399798424103,0 34.44496010788505,35.60399613688772,0 34.44496248760961,35.60398806293553,0 34.44493407877707,35.6039572368006,0 34.4448968738666,35.60393974191395,0 34.44489770800251,35.60392831854703,0 34.44491261800868,35.60392328833471,0 34.44498279124339,35.60394139631195,0 34.44508236842108,35.60405953040679,0 34.44510196274636,35.60417187707012,0 34.44515786127663,35.6042390414707,0 34.4452507309932,35.60430749634987,0 34.44532569734709,35.6043810074164,0 34.44542736682223,35.60450564472174,0 34.44549943204915,35.60458570647739,0 34.44554782292444,35.60461706148602,0 34.44577356028491,35.60468755191774,0 34.4461889889778,35.60489165113908,0 34.44652118514032,35.60503770501972,0 34.44663951219472,35.60510521055613,0 34.44733354684263,35.60544402983991,0 34.44739662189458,35.60555852320291,0 34.44754002319495,35.60570234226208,0 34.44763236293058,35.60587231865261,0 34.44770755575273,35.60596131964365,0 34.44777778459793,35.60598299331552,0 34.44790750201601,35.6059399033169,0 34.44796025506947,35.60596183917632,0 34.44807286411029,35.60611735808219,0 34.44812263119572,35.6061400363327,0 34.4482274124034,35.60609921403145,0 34.44826776382185,35.60609231842631,0 34.4482928888292,35.60610309358663,0 34.44831665880034,35.60622763283676,0 34.44834025648242,35.60627103876126,0 34.44839501951137,35.60629377219656,0 34.44852350352025,35.60626893753991,0 34.44867515197772,35.60629199750139,0 34.4488213189865,35.60628126886274,0 34.44892248710511,35.60630153426268,0 34.44899255370464,35.60634654958275,0 34.44904429549422,35.60640233432255,0 34.44908278766308,35.60647414299859,0 34.44909703008457,35.60656126076319,0 34.44908104889838,35.60666496624322,0 34.44910331337353,35.60668514586795,0 34.44930850938342,35.60668616901512,0 34.44942227330944,35.60668673628724,0 34.44945518712127,35.60672604730606,0 34.44943789653126,35.6068462153763,0 34.44946574804995,35.60687890637394,0 34.44951229178702,35.60689255630567,0 34.4497513278959,35.60683886169607,0 34.44981289267167,35.6067926440898,0 34.44984952374167,35.60678162987843,0 34.44988472119753,35.60678394517952,0 34.4500371346868,35.6068425960299,0 34.45015480929193,35.60682808639999,0 34.45020165749172,35.60683603834222,0 34.45027656942855,35.60688505737986,0 34.45032671770959,35.60696498792468,0 34.45049524438779,35.60710654427621,0 34.45061848574012,35.60714148419321,0 34.45066017450885,35.6071921404149,0 34.45068577803107,35.60727638588692,0 34.45069329081622,35.60746046363341,0 34.45068958278036,35.6075953631484,0 34.4505782790702,35.60794758716067,0 34.450535771106,35.60812964904952,0 34.45053752743793,35.60825107766308,0 34.45057318372726,35.6083504105878,0 34.45065335585872,35.60843481192701,0 34.45080967272013,35.60854886824298,0 34.45093090005679,35.60862144725073,0 34.45109859769174,35.60866680132965,0 34.45116358305833,35.60870575529025,0 34.45122976749292,35.60871724200029,0 34.4513008140179,35.6086961415302,0 34.45135211367342,35.6086809062725,0 34.45141430868073,35.60864028869926,0 34.45146395018985,35.60859802616012,0 34.45151073644108,35.6084699879289,0 34.45157130044073,35.60826085833873,0 34.45161428813149,35.6081777369328,0 34.45172965416603,35.60803146115479,0 34.4517495881125,35.60802838834157,0 34.45183350839979,35.60807538178202,0 34.45198553625367,35.6082851777516,0 34.45212103555255,35.60841934213764,0 34.45230216489575,35.60857670316504,0 34.45245065682917,35.60881812339208,0 34.45251953697112,35.60890416827205,0 34.45258151802589,35.60895111565376,0 34.45288268969691,35.60910342606571,0 34.45296393770849,35.60911002025588,0 34.45305060934931,35.60901833512273,0 34.45311026180253,35.60903176244435,0 34.45319116020816,35.60909975426948,0 34.45324058594934,35.60911960907676,0 34.45335494337755,35.60916554752045,0 34.45339816304205,35.60929799009538,0 34.45340711759971,35.60938576766777,0 34.45338759714092,35.60946356772978,0 34.45329507942014,35.60954121286335,0 34.45329152462845,35.60959416771406,0 34.45336754035128,35.60976947611793,0 34.45338697493712,35.60988440066505,0 34.45336643112829,35.61002429607611,0 34.45339011014706,35.61006759000804,0 34.45362772655258,35.61012732076977,0 34.45385723511116,35.61015772603278,0 34.4539103331775,35.61018183516256,0 34.45390987050565,35.61020725128411,0 34.45382123019542,35.61035720358842,0 34.45385064516101,35.61036555461836,0 34.45390411755805,35.61024470966719,0 34.45397963921324,35.61018716593284,0 34.45419436784683,35.61013328446491,0 34.45431805408539,35.6100448566465,0 34.45436318838193,35.60997818581032,0 34.45439448586348,35.60988459605426,0 34.45447879320236,35.60993619458311,0 34.4547318163728,35.6101309767182,0 34.45481521408735,35.61021904215144,0 34.4549740230261,35.61024221307172,0 34.45504796218839,35.61027411087586,0 34.45511453337624,35.61032793293138,0 34.45520786857839,35.6103066799061,0 34.45524310959371,35.61031928888804,0 34.45532341746689,35.61039307414356,0 34.4553971856843,35.6103862176642,0 34.45547945736546,35.61030650470602,0 34.45552307181669,35.61021946480292,0 34.45553424620786,35.61012919743553,0 34.45546790735879,35.60976838436351,0 34.45551620004304,35.6097208930439,0 34.45568764966519,35.60968087380456,0 34.45579030458525,35.60970618307504,0 34.45595397076251,35.60979913580512,0 34.45612781100422,35.60993139018662,0 34.45623371992745,35.61001527564825,0 34.45629001820836,35.61001552970797,0 34.45633123407365,35.60999549434459,0 34.45636133965217,35.60995353717156,0 34.45630587265239,35.60989131538306,0 34.45621211701062,35.60976755451057,0 34.45616904763891,35.60966267209171,0 34.45609435339909,35.60957869228162,0 34.45608812465166,35.60954660582503,0 34.45615942152195,35.60952893861241,0 34.45623601075187,35.60954503281901,0 34.45632583189693,35.60962015612386,0 34.45650769217032,35.60982782450535,0 34.45663619843496,35.6100162454894,0 34.45676553770394,35.61006213739325,0 34.4568025371194,35.61009465923406,0 34.45690008574597,35.61033287298495,0 34.45708408341019,35.61063497018188,0 34.45715449840721,35.61072173276521,0 34.45721258534539,35.61075333699382,0 34.45735103728396,35.61079634399601,0 34.45742169255555,35.61086663961783,0 34.45747747179985,35.61100371696207,0 34.45761140207466,35.6111320295533,0 34.45770302921269,35.61135638732537,0 34.45777676570646,35.61144037496123,0 34.45791623682184,35.61149494360983,0 34.45797247905626,35.6114910797743,0 34.45808201816026,35.61146129462729,0 34.45816412101922,35.6114930655409,0 34.45863934010035,35.61194023259274,0 34.45872371089316,35.61199584684623,0 34.45878820100488,35.61207129567718,0 34.45889423782049,35.61213067599801,0 34.45899139550217,35.61223992491979,0 34.45909862246723,35.61224911671128,0 34.45926064111348,35.61222839492061,0 34.45943042536391,35.61218035683083,0 34.459822030053,35.61232664486408,0 34.45992885678245,35.6123083979563,0 34.46052040654634,35.61246594851094,0 34.46080702711647,35.61259204567733,0 34.46085982757682,35.61259564304347,0 34.46094853084007,35.61258053051844,0 34.46112042407093,35.61261126451911,0 34.4613534128442,35.61271492914121,0 34.46160783140711,35.61297068995159,0 34.46183608060628,35.61327589351312,0 34.46198424696182,35.61335878961525,0 34.46220983805672,35.61358051837891,0 34.46235463122862,35.61376125313193,0 34.46246580633942,35.61384331879051,0 34.46260920439711,35.61405993594234,0 34.46264670866256,35.61403018304662,0 34.46265417374425,35.61398228788133,0 34.46264293314287,35.61390320707469,0 34.46268130030572,35.61386678171784,0 34.46273438740268,35.61388673680105,0 34.46276079260716,35.61389666238978,0 34.46282467233398,35.61412314725366,0 34.46286631254041,35.61416972243824,0 34.46297334881583,35.61419203602605,0 34.46332944243103,35.61413307868937,0 34.46337521939279,35.61413293718998,0 34.46345990667041,35.61416636105258,0 34.46360084052812,35.61429437978589,0 34.4636719334567,35.61433970551838,0 34.46375411163751,35.61438356538132,0 34.46442802885694,35.61465498753166,0 34.4649308175761,35.61491429065061,0 34.46524446548566,35.61502646935897,0 34.46544359240347,35.61520583549061,0 34.46575411258718,35.61534477537562,0 34.4657883389684,35.61537348520938,0 34.46591709841189,35.61553295926691,0 34.46596109976517,35.61555582902427,0 34.466026931881,35.61557849347421,0 34.46616288047943,35.61561298227307,0 34.46617826637028,35.61563307382031,0 34.46617180111664,35.61565963004901,0 34.46613561816381,35.61566571850002,0 34.46605146853502,35.61566679670621,0 34.46593237584852,35.61563830860474,0 34.4658266636137,35.61556169085257,0 34.46565450562053,35.61554059845767,0 34.46551741314386,35.61547914796857,0 34.46550515541869,35.61548997318429,0 34.46566678205274,35.61561324138023,0 34.46586402983854,35.61568436633403,0 34.46592081791715,35.6157181973091,0 34.46598682813612,35.61577347189485,0 34.4660507002271,35.61580980045381,0 34.46612705907009,35.61587155240411,0 34.46618048185262,35.61589151807296,0 34.46623301446881,35.61589343279574,0 34.46629289937272,35.61587923304976,0 34.46631695810633,35.61590276268765,0 34.46631220893202,35.61603716567951,0 34.46625753624675,35.61615122069955,0 34.46620321554897,35.61624810728988,0 34.46613611053805,35.61636779401427,0 34.46613549146927,35.61643908875026,0 34.46637117539032,35.6168557870061,0 34.46643109216867,35.61711835313096,0 34.46642081612015,35.61725108398771,0 34.46653300053106,35.6173995359203,0 34.46663633017123,35.6174346573687,0 34.46684506851229,35.61752366102682,0 34.46710580844106,35.61766022480322,0 34.46723211072261,35.6177079221319,0 34.46733714193096,35.61772322921308,0 34.46742024208197,35.61771769452074,0 34.46826023620684,35.61758459033041,0 34.46835279897986,35.61754733227937,0 34.46851523907678,35.61751457117981,0 34.46861018467613,35.61746615086956,0 34.46866461020862,35.61740897689037,0 34.4687154543841,35.61732164060027,0 34.468379683146,35.61727286274805,0 34.46835312072475,35.61723704861537,0 34.46834081714234,35.61707896971093,0 34.46839141289097,35.61689925138235,0 34.46834545731987,35.61665865688266,0 34.46839259243423,35.61652649770122,0 34.46839391110654,35.6164463695086,0 34.46827814850985,35.61643659526158,0 34.46824867120137,35.61641175227151,0 34.46825150945983,35.61637845741701,0 34.46829012876458,35.61634618284675,0 34.46839392920159,35.6163343424595,0 34.46854905961703,35.61636275557973,0 34.46900779934374,35.61656144180619,0 34.4691820350546,35.61664466974593,0 34.46931452803131,35.61671742677856,0 34.46951341532608,35.61678005311913,0 34.46994954552943,35.6167983489948,0 34.47002298343386,35.6168146304707,0 34.47028150865086,35.61691675097116,0 34.47060262952218,35.61708957054611,0 34.47096553299107,35.61733192697856,0 34.47112030368668,35.61739225042436,0 34.47148659051545,35.61746874038268,0 34.47171339821491,35.61756300966515,0 34.47183753666891,35.61763312797069,0 34.47217441876008,35.61768969359823,0 34.47233975307359,35.61773294305636,0 34.47258676239817,35.61784331493464,0 34.47278128415246,35.61794807163091,0 34.47328927525935,35.61810078604164,0 34.47345675481247,35.61817660282069,0 34.47348964241992,35.61820684446828,0 34.47356665627166,35.61835276920701,0 34.4736524758085,35.61849296694054,0 34.47390256149876,35.61855735776885,0 34.4739540845599,35.61858944141163,0 34.47399833989316,35.61864066885698,0 34.47403898819123,35.61873801806362,0 34.47410927469127,35.61904441551813,0 34.47415855157878,35.61917412891371,0 34.47431896092192,35.61939055301688,0 34.47436161529549,35.61952913354651,0 34.47435505655471,35.61962074813272,0 34.47428931236846,35.61976984891929,0 34.47429831615328,35.61986835856744,0 34.4743379505836,35.61994439404137,0 34.4744252871748,35.61999450820335,0 34.47450928299929,35.61999912540866,0 34.474637125642,35.61998162112798,0 34.47490793268851,35.61990029981477,0 34.47501523190294,35.61984361027255,0 34.4750951449611,35.61973490124991,0 34.47511041705579,35.61964719585211,0 34.47505947059856,35.61957229142024,0 34.47508356479386,35.61953301059469,0 34.47530398720342,35.61928821236431,0 34.47533001137645,35.61920481475264,0 34.47529418883011,35.6189215480618,0 34.47530601733896,35.61889473283821,0 34.47548895693054,35.61874601926205,0 34.47557241693836,35.61870856527292,0 34.47562181270746,35.61871025023554,0 34.47577948049604,35.61876091950567,0 34.47602200649246,35.6188606603755,0 34.47613061278695,35.61893453519863,0 34.47622391100904,35.61899799805509,0 34.47631631296785,35.61903136955307,0 34.47648262153241,35.61906322497997,0 34.47678079339747,35.61909464607903,0 34.47720378554688,35.61905475562716,0 34.47769218776197,35.61904686008209,0 34.47774907213612,35.6190590130154,0 34.47821328775012,35.61929061602335,0 34.47833481674346,35.61933430999495,0 34.47858096275812,35.61936051155062,0 34.47884957322746,35.61948679688779,0 34.47906445729395,35.6195605889942,0 34.47935288127088,35.61961926866709,0 34.47949096003771,35.61962258552104,0 34.47960556573371,35.61963497220537,0 34.48030147875016,35.61984564109906,0 34.48040560467449,35.61986095955223,0 34.48050945226644,35.61985752567449,0 34.48101315643113,35.6197361267156,0 34.48117295282207,35.61973297590635,0 34.48124509174512,35.61974696648442,0 34.48139294422941,35.61981405421843,0 34.48154971364664,35.6197102349266,0 34.48166587736872,35.61967291794866,0 34.48182186512363,35.6196498786498,0 34.4819246504873,35.61969483235842,0 34.48197174442786,35.61970416839669,0 34.48204810791344,35.61973361141127,0 34.48214944706896,35.61980108391859,0 34.48216394283106,35.61986460593587,0 34.48212550896751,35.62003457910598,0 34.48214093509894,35.62013146610989,0 34.4821657355192,35.62018631038872,0 34.48227063440422,35.62027928636223,0 34.48228358054036,35.62045301273066,0 34.4823127850735,35.62052136550285,0 34.4823477893868,35.62056672572037,0 34.4824822508095,35.62062320888437,0 34.48275381384816,35.62077171319505,0 34.48296058686068,35.62086069922576,0 34.4833224080916,35.62104631428395,0 34.4833996565029,35.62110163806496,0 34.48353280024956,35.6212664893128,0 34.48359682331449,35.62129341924036,0 34.48363943257934,35.62130340916895,0 34.48392137187995,35.62131743464266,0 34.48393723811234,35.62129345282792,0 34.48394531701981,35.62123302448132,0 34.48395665373042,35.62117860059736,0 34.48398566805645,35.62114082017685,0 34.48401399382329,35.62113022864603,0 34.48451187384954,35.62118785536989,0 34.48482790285281,35.62121011587647,0 34.48497852020898,35.62120699562438,0 34.48513642161085,35.62120591860499,0 34.48537117787115,35.62118772639399,0 34.48544961372379,35.62116371182053,0 34.48552112174965,35.62104252924474,0 34.48564644722893,35.62089712634666,0 34.4857384828021,35.62081413723725,0 34.48601655597974,35.62069381124056,0 34.4861719006685,35.62065954842484,0 34.48635572341203,35.62065999032861,0 34.48661849685667,35.62068049517762,0 34.48729193750746,35.62080188619648,0 34.4874059356958,35.62080915389397,0 34.48769376959059,35.62085002400987,0 34.48807171984722,35.62097136735882,0 34.48853418912735,35.62116630640805,0 34.4886394274505,35.621188945424,0 34.488974078237,35.62118716503952,0 34.48903870208803,35.62116616047094,0 34.48923873624018,35.62104763891387,0 34.48935717736546,35.6209510994772,0 34.48948712408964,35.62119300410316,0 34.48948766828313,35.62119401757366,0 34.48957776948973,35.62122872214,0 34.489818396682,35.6212926324168,0 34.48998224296262,35.62130291580701,0 34.49017057977119,35.62130302475817,0 34.49037987759022,35.62128673743133,0 34.49051037305713,35.62126958814493,0 34.49076238852212,35.62128306661941,0 34.49100870194589,35.62132276091143,0 34.49112676589901,35.62137096116766,0 34.49120574764493,35.62143438576053,0 34.49123849780827,35.62148604022731,0 34.49126563690714,35.62156678666046,0 34.49128660741201,35.62174063145002,0 34.49128267063105,35.62186951280078,0 34.49126537528419,35.62196834739395,0 34.49127122365241,35.62204540638306,0 34.49129324683687,35.62208602731479,0 34.49129593560279,35.62208923397014,0 34.4913647608493,35.62212078489558,0 34.49147232065386,35.62213352142556,0 34.4915778718836,35.62212963419694,0 34.49174064605386,35.62210735507036,0 34.49203319589895,35.6220337750449,0 34.49219855823534,35.62200799799115,0 34.49234997752373,35.62200039835025,0 34.49245257184543,35.62200567651178,0 34.49254701859449,35.62202428658777,0 34.49269137043073,35.62208420726727,0 34.49298823272498,35.62230182299344,0 34.49305115014332,35.62233788115083,0 34.49314576749949,35.62237656095976,0 34.49338700044225,35.62240214046814,0 34.49344035545241,35.62239971073525,0 34.49351993991047,35.62238577412707,0 34.49396837146954,35.62226075704147,0 34.49403863213276,35.62223146151608,0 34.4941788608143,35.62211443965113,0 34.49422856337935,35.62208366595249,0 34.4942570178362,35.6220567355308,0 34.49429597178831,35.62200123185136,0 34.49432432155856,35.62193558021774,0 34.4943603394838,35.62189212461126,0 34.49443730580442,35.62187964924383,0 34.49452859503741,35.62188332020059,0 34.49467211060796,35.62190708408124,0 34.49485277425658,35.62196270058826,0 34.494928690733,35.62199753298056,0 34.49504257576181,35.62206025956553,0 34.49523956106339,35.62220624437598,0 34.49541754997787,35.62237659977939,0 34.49568788794831,35.62271861562421,0 34.49572616701152,35.62278661977437,0 34.4957724713262,35.62284209351418,0 34.49621093265914,35.62321204220996,0 34.496341204865,35.62332195812738,0 34.49657365233735,35.62338190620419,0 34.49676174937803,35.62339661318173,0 34.49693315342537,35.62342818124493,0 34.4970409727995,35.62342036408101,0 34.49714338350412,35.62342486003061,0 34.49744012328972,35.62340634515801,0 34.49750888843299,35.62343933885029,0 34.49802947817395,35.623572056787,0 34.49831505873546,35.62367031096164,0 34.49834298406463,35.62370527938484,0 34.49835387430309,35.6237866795444,0 34.49838412233281,35.62386194301846,0 34.4983058855213,35.62401343959628,0 34.4983075351703,35.62451539699674,0 34.49835978791617,35.62460029401696,0 34.49829887972728,35.62474589994279,0 34.49822173630587,35.624750711395,0 34.49810718224435,35.62471411222361,0 34.49804386456157,35.62470841263601,0 34.49796524574884,35.62474407171555,0 34.49788103944821,35.62489766462599,0 34.49786752594353,35.62499266601407,0 34.49787234233919,35.62514712373306,0 34.49792620042469,35.62530517402631,0 34.49803744016432,35.62552433624731,0 34.49810546781742,35.62563074790955,0 34.49822976100782,35.62578481902322,0 34.4984306660966,35.62595478101424,0 34.49847490825449,35.62599259527165,0 34.49869609529757,35.6261801831673,0 34.49906280223379,35.62636394987101,0 34.4993171661889,35.62647626443297,0 34.49961970452539,35.62658040469255,0 34.50068003000587,35.62688321993898,0 34.50090115542125,35.62695562039968,0 34.50124934118609,35.62702950013042,0 34.50158163057828,35.62705224453325,0 34.50245422912559,35.62714607365981,0 34.50289762900166,35.62720987738942,0 34.50290096721243,35.62720953202032,0 34.5030536555868,35.62719373329606,0 34.50318214231356,35.62719281297559,0 34.50328865345501,35.62721653165267,0 34.5033126099779,35.62721727627851,0 34.50336180261165,35.62719790851285,0 34.50347557010721,35.6271736800373,0 34.50376445248902,35.62705974107077,0 34.50384472993296,35.62701630059188,0 34.50388484205245,35.62697754509352,0 34.50396666941983,35.62685668722639,0 34.50401112999023,35.62672585781569,0 34.50405796889035,35.62652477274852,0 34.5040555096666,35.62646779951766,0 34.5040129678526,35.62637854081315,0 34.50401106807904,35.62636445391717,0 34.50403181462941,35.62632602580111,0 34.50403233607901,35.62630778192177,0 34.5039503805887,35.62617049020849,0 34.5039542583594,35.62612022233421,0 34.50397250528614,35.62604470091108,0 34.50402506600378,35.62598573657184,0 34.50408419599056,35.62584871902578,0 34.50411863505791,35.62581351125257,0 34.50416631539219,35.62578771552548,0 34.50429963092124,35.62573928737758,0 34.50440539576704,35.62572343942973,0 34.50452938705288,35.62571572086497,0 34.50469870881617,35.62572352111373,0 34.50484304735808,35.62579868685616,0 34.50489759934047,35.62581019898263,0 34.50497135673225,35.62588730354301,0 34.5051697052217,35.62615147128631,0 34.5052317030229,35.62623994659307,0 34.50537561349586,35.62636149901349,0 34.50557308181867,35.62654115485051,0 34.50586028002859,35.62703277167203,0 34.50594463253653,35.62714056261404,0 34.5059674325767,35.6273092236671,0 34.50599272160755,35.62739789345652,0 34.50602275916491,35.62742793450752,0 34.50603341783862,35.62744993462555,0 34.50607562946053,35.62749519487692,0 34.50611066316927,35.62757001700293,0 34.50611203508914,35.62760778495864,0 34.50605641932835,35.62789635776155,0 34.50604683850566,35.62801514475678,0 34.50605886782099,35.62818087805023,0 34.5059981414636,35.62825093950234,0 34.50598254920819,35.62835879939607,0 34.50594058743892,35.62846017386598,0 34.50595554661558,35.62857825657171,0 34.50601474828884,35.62867876088331,0 34.50602102555325,35.62871180722114,0 34.50600481842235,35.62880236751621,0 34.50601072525539,35.62885838821678,0 34.50602399235205,35.62888114068741,0 34.50614168909546,35.62898819185404,0 34.50626309233453,35.62904231579018,0 34.50636977977573,35.62907742918701,0 34.50647097564802,35.62911878552298,0 34.50656937774951,35.62905496856743,0 34.50660637646231,35.62912626194392,0 34.50678230674153,35.62912194414155,0 34.50679053274471,35.62913187826457,0 34.50679291136749,35.62914974519361,0 34.50674229389682,35.62929918732652,0 34.5067563647498,35.62946385313288,0 34.50674711410298,35.62949319674757,0 34.50672104807195,35.62952966227614,0 34.50672176259384,35.62955049975881,0 34.5067343397003,35.6295640564837,0 34.5071641890537,35.62980300528739,0 34.5072580691817,35.62986185619558,0 34.50752869392364,35.62999633890831,0 34.50761856969137,35.63005425279861,0 34.50772664889971,35.63015449225553,0 34.50802764376304,35.63033899417375,0 34.50803477885849,35.63034690147462,0 34.50813451679588,35.63045742170922,0 34.50824515029436,35.63054113884153,0 34.50832643501958,35.63064021001369,0 34.50844743632409,35.63070474956072,0 34.50847252782066,35.63076295864715,0 34.50842569591541,35.63086706076545,0 34.5084599523192,35.63098831885723,0 34.5084055065797,35.63115316387041,0 34.50845320585143,35.63119349414777,0 34.50846849228287,35.63123934936795,0 34.5084852177688,35.63125862723859,0 34.50855637744221,35.63128368605215,0 34.5086419604231,35.63135125013421,0 34.508796936384,35.63138092764043,0 34.508932851163,35.63142181806223,0 34.50899683944826,35.631399274137,0 34.50937751420814,35.63120301740694,0 34.5094631240388,35.6311910206649,0 34.50970940703625,35.63120065918985,0 34.50990110757097,35.6312439368583,0 34.51012431690118,35.63132622373575,0 34.51042929925766,35.63153924937649,0 34.51046075941068,35.63158957438161,0 34.51045919956437,35.63161773401939,0 34.51036392419046,35.63174159106108,0 34.51062910647782,35.6318989171242,0 34.51098697602357,35.63204475348563,0 34.5114122782902,35.63223131368773,0 34.51184663063644,35.63240236030526,0 34.51203670405402,35.63242837562147,0 34.51231171284848,35.63254763897509,0 34.51244341806296,35.63259177310511,0 34.51251849439364,35.63266579655347,0 34.51270382875897,35.63289750347224,0 34.51275890811359,35.63299203941352,0 34.5127934996049,35.63308580797148,0 34.51281545999743,35.63311245192111,0 34.51290459418269,35.63317321264736,0 34.51301259296844,35.63327809674308,0 34.51315247771209,35.63333083862149,0 34.51318477281173,35.63339827037516,0 34.51331612633868,35.63343465915122,0 34.51340426297028,35.63349522654915,0 34.51351778576225,35.63360133492741,0 34.51358263230872,35.63361169886765,0 34.51367581982205,35.63357163325642,0 34.51375195643028,35.63350929796046,0 34.51386667597928,35.63333144174889,0 34.51392797701174,35.63317455085541,0 34.5139227387046,35.63305039815302,0 34.51392610680511,35.63288001313246,0 34.51394935438697,35.63277401004262,0 34.51397931894626,35.63275987967879,0 34.51407876826205,35.63277947318608,0 34.51420818975981,35.63285099997308,0 34.51436644279345,35.63298624706709,0 34.51493768903541,35.63330471121632,0 34.51518016132262,35.63341761613481,0 34.51533736215933,35.63348399944242,0 34.51561582018427,35.633651486179,0 34.51598656055829,35.63378193898723,0 34.51631315971851,35.63388836711182,0 34.5163271983885,35.63389829226197,0 34.5163680388608,35.63392716450632,0 34.51640811012542,35.63394763342893,0 34.51665285730665,35.63410056369493,0 34.51680709456265,35.63415468867301,0 34.51694407777637,35.63418120797009,0 34.51708021983342,35.63417536729111,0 34.51723141167539,35.63416121767515,0 34.51737316623039,35.63416151363898,0 34.517526550776,35.63416758578516,0 34.51763152409951,35.63418627668342,0 34.51782306521019,35.6342395607673,0 34.51793057705887,35.63427847006763,0 34.51807813235718,35.63434217659063,0 34.51827728035425,35.63444168371618,0 34.51840294624598,35.63451742594044,0 34.51854078321081,35.63456082891506,0 34.51860062311103,35.6345883793479,0 34.51867228017328,35.6346282042038,0 34.51898467741468,35.63469631520621,0 34.51936607491564,35.63475464806685,0 34.51958649527537,35.63477921766966,0 34.51976439916734,35.63479288587059,0 34.5199866585535,35.63478484844316,0 34.52018334021854,35.63479079251047,0 34.52045287351704,35.6348244459385,0 34.52068243986043,35.6348607447359,0 34.52097824658292,35.63485507170095,0 34.52102077600449,35.63485190119285,0 34.52117928374831,35.63485106452386,0 34.52148814138906,35.6348682815683,0 34.52167177611333,35.63487238549043,0 34.52191630874499,35.63489502394279,0 34.52213109672153,35.6349120852061,0 34.52227553776871,35.63493004068548,0 34.52260623097771,35.63494859205608,0 34.5229908195814,35.6349730823169,0 34.52328184457891,35.63501047889405,0 34.52341654648045,35.63502463042279,0 34.52396773020057,35.63505125041135,0 34.5245954970969,35.63509979055947,0 34.52486857227573,35.63511693457087,0 34.52541448974888,35.63518077500282,0 34.52595614845704,35.63523663334679,0 34.52618854339639,35.63525488008884,0 34.52650809097818,35.63528858725034,0 34.52666553605067,35.6352996945018,0 34.5268458107186,35.63533759406563,0 34.52712410750723,35.63539006163002,0 34.52740074916608,35.63542694835473,0 34.52756442967497,35.63544315380842,0 34.52775343752413,35.63545211811462,0 34.52815757189246,35.6354347881833,0 34.52844752797636,35.63540587963868,0 34.5285522687015,35.63539893024567,0 34.52869757858249,35.63540593324768,0 34.52888353429008,35.6354319524315,0 34.52893972702485,35.63543026934079,0 34.52901181730725,35.63540844559706,0 34.52913246532727,35.63535811404899,0 34.52924707389659,35.63527692437736,0 34.52952603277112,35.63507221312428,0 34.52958213739895,35.63500694913723,0 34.52959034856911,35.63497137787746,0 34.52958753197233,35.63472231930549,0 34.52959679868172,35.6344739841554,0 34.52961630410316,35.63433024991065,0 34.52961925416201,35.63421736321617,0 34.52963166293193,35.63414138339257,0 34.52965032421328,35.6340674204137,0 34.52965458358865,35.63405840268882,0 34.52967298259583,35.63401945399337,0 34.52970993471707,35.6339822577571,0 34.52990341411329,35.63387628223511,0 34.53008805095313,35.63379066035721,0 34.53020086619862,35.63375246048795,0 34.53034078482176,35.63373583672337,0 34.53049696647528,35.63374607004228,0 34.53083048446064,35.63381346905962,0 34.53116081879528,35.63388003523072,0 34.53147806604475,35.63396555843285,0 34.5315592632452,35.63400068139895,0 34.53166435840316,35.63407796449442,0 34.53174175234851,35.63411758056449,0 34.53183259246057,35.63409310679579,0 34.53187020883067,35.63411141716607,0 34.53189666890798,35.63413702338443,0 34.53198649785922,35.63427467723069,0 34.53203451083121,35.63440348926169,0 34.53205007258538,35.63453619282777,0 34.53203244540916,35.63462604968333,0 34.53200808719565,35.63469067844167,0 34.53195048529184,35.63480271833676,0 34.53187716036032,35.63487853052409,0 34.53169483831376,35.63499991890679,0 34.53130157331664,35.63520136972337,0 34.53121339500709,35.63525132936136,0 34.53114532557398,35.63531351800627,0 34.5310445582107,35.63544760597389,0 34.53098444229412,35.63556864099917,0 34.53096878237367,35.63564913596209,0 34.53090176456568,35.6357888267022,0 34.53088395059331,35.63594519555558,0 34.53089632931465,35.63608791812563,0 34.53093243913145,35.63624540126241,0 34.53106475592274,35.63647932112197,0 34.53121443726666,35.63672905740569,0 34.53132095484774,35.63694343647734,0 34.53140356659414,35.63713793280904,0 34.53154082411146,35.63731305708603,0 34.53161893725695,35.63736422138729,0 34.53183644515432,35.63750668794719,0 34.53210611599435,35.63774160542639,0 34.53220097108231,35.63783308458908,0 34.53250697808721,35.6380666303926,0 34.53271289929033,35.63827497474212,0 34.5328229413031,35.63834472255216,0 34.53310605885927,35.63844699410429,0 34.53333890752779,35.6385284711177,0 34.53352819763414,35.63861223270785,0 34.53396067978021,35.63872360413655,0 34.53422577296185,35.63877755164238,0 34.53449967740696,35.63885498944784,0 34.53474842603413,35.63890111861745,0 34.5353869593347,35.63904456686061,0 34.5356082195532,35.63910946849461,0 34.53592793252669,35.63921260770528,0 34.53638890634568,35.63931887548917,0 34.53692403797712,35.63945799473657,0 34.53710669898341,35.6394898902633,0 34.53752908221605,35.63959301965094,0 34.53793999324284,35.63970321908069,0 34.53855397970935,35.63988036872273,0 34.53888200147015,35.63997457262581,0 34.53913236802227,35.64006601361876,0 34.53959570650989,35.64021116637464,0 34.53981721249313,35.6402706424636,0 34.53998419488133,35.64030098747548,0 34.54022168497581,35.64031884793192,0 34.54034505084596,35.64034752875028,0 34.54060542549266,35.64034624206655,0 34.54077139016895,35.64042729030938,0 34.54090756979321,35.640447923571,0 34.54107869516395,35.64042773091895,0 34.54150420748583,35.64035087354042,0 34.54166633902563,35.64034176941945,0 34.54193833547192,35.64035972006498,0 34.54207925625175,35.64039042288373,0 34.54215391938103,35.64042207226887,0 34.54225779947294,35.64048278240396,0 34.54230869194808,35.64049657008484,0 34.54237249261686,35.64049932182544,0 34.54260789570785,35.64045887239364,0 34.54281796430602,35.64050392200188,0 34.54295333822409,35.64050484081962,0 34.54308105191916,35.64054908316953,0 34.54310135224871,35.64055611487365,0 34.54334541231947,35.64061081091571,0 34.54348479364926,35.64065183102095,0 34.54369988461983,35.64075698238567,0 34.54407566072341,35.64086885113502,0 34.54431382555921,35.64087385776282,0 34.54450927424099,35.64086768051589,0 34.54465158763198,35.64087594172818,0 34.54544124172806,35.6408859196219,0 34.54575442502014,35.64090699112014,0 34.54610472069407,35.64093998620409,0 34.54645727801687,35.64101075044413,0 34.54678154527183,35.64104905346138,0 34.5470310055514,35.64108432509462,0 34.54720254882501,35.64109046300626,0 34.54758960097795,35.64116213255731,0 34.54790325101578,35.64120714882861,0 34.54808408658648,35.64121319307578,0 34.54833158521937,35.64123303119445,0 34.54862215687142,35.6412334720794,0 34.5492607584466,35.64127591158496,0 34.54966807423624,35.64127313024211,0 34.55014511582385,35.64131488349068,0 34.55039898992062,35.64130220738544,0 34.55066438222878,35.64127775482012,0 34.5509130707682,35.64126372497504,0 34.55124929586093,35.64121186915315,0 34.55148051730459,35.64118186181178,0 34.55154799943256,35.64115428458264,0 34.55166750872842,35.64107575129252,0 34.55171585320993,35.64106318262667,0 34.55184136752756,35.64105717720347,0 34.55212594179041,35.64108909461996,0 34.55223554408426,35.64107506478256,0 34.55241848370294,35.64103978396003,0 34.55248940495886,35.64103990969638,0 34.55268310836207,35.64109778634221,0 34.55271747570545,35.64109406727331,0 34.55282098312914,35.64105958738222,0 34.5528504886306,35.64105816870858,0 34.55293939653823,35.6411510966168,0 34.55294272129736,35.64122420167941,0 34.5529695875683,35.64127551885214,0 34.5530853789034,35.64138200586191,0 34.55319194883835,35.64146963098872,0 34.55331394466174,35.6415212090169,0 34.55346624595393,35.64157332334482,0 34.55356244981586,35.64161824843346,0 34.5536262309996,35.64162860078151,0 34.55364706465343,35.64162177648862,0 34.55369500311735,35.64157951420052,0 34.55373655465922,35.64157676649602,0 34.55378727582779,35.64160574885399,0 34.55381126012718,35.64166983822213,0 34.55386280044095,35.64169043219062,0 34.5542258786623,35.64174042406734,0 34.55441624819767,35.64180136001191,0 34.55454978373446,35.64182051405332,0 34.55477901683406,35.64183897858586,0 34.55503555977063,35.641820927487,0 34.55531149067785,35.64187515690813,0 34.55548255657643,35.64189449119281,0 34.55556143486233,35.64194060456412,0 34.55557725293096,35.64196647987379,0 34.55555987777906,35.64202692324648,0 34.55556614066001,35.64204797516282,0 34.55560825451568,35.64207131991298,0 34.55575116189552,35.64211706474592,0 34.55597597126203,35.6421564357667,0 34.55620046093665,35.64216194878635,0 34.55642412579629,35.64216017032627,0 34.55643248434321,35.64216180976943,0 34.55668483217733,35.64221129485811,0 34.55696058163479,35.64224301923615,0 34.55712745228675,35.64228141853845,0 34.55721734122136,35.64229332665663,0 34.55729197247721,35.64228431542982,0 34.55746605738917,35.64221260039831,0 34.55754012501448,35.64220111974386,0 34.5576707846555,35.64222589959675,0 34.55774325965755,35.64221814344995,0 34.55784389796325,35.64217268881299,0 34.55796409927712,35.64207676388095,0 34.55807614148063,35.64195406267767,0 34.55814978340225,35.64185983944746,0 34.55822296089751,35.64180851234852,0 34.55826158380609,35.64179413372724,0 34.55838927276177,35.64178888009636,0 34.55857439453667,35.64177591836382,0 34.55873805127115,35.64173765744349,0 34.55882032197685,35.64173752078401,0 34.5589066898626,35.64172545379566,0 34.5590527877449,35.64173294238807,0 34.5593665435315,35.64163009950195,0 34.55944877194181,35.64160921588041,0 34.55954290666326,35.64152842054163,0 34.55962247401285,35.64142970729972,0 34.55971683257848,35.64127291860764,0 34.5597493541642,35.64123400880872,0 34.55980784924542,35.64117873971595,0 34.56011058981851,35.64112902687029,0 34.56069172975166,35.64097825890816,0 34.56087570211136,35.64096030135678,0 34.56108144960027,35.64096438277044,0 34.56112441928724,35.64095392128988,0 34.56125390420536,35.64090469947526,0 34.56136625344151,35.64085576909039,0 34.56151444791469,35.64081544733651,0 34.56164306696962,35.64081973118782,0 34.56187720962892,35.64084904589075,0 34.5620307096912,35.64089107161912,0 34.5621695931569,35.64091203319614,0 34.562264586907,35.64092011773834,0 34.56235292146339,35.64096144732895,0 34.56253587392754,35.64100526945595,0 34.56260111322774,35.64104602163372,0 34.56270737912259,35.64116855466862,0 34.5627509464228,35.64120074698449,0 34.56285813446159,35.64124067976798,0 34.5629282559217,35.64130290224185,0 34.56298710367253,35.64143493108113,0 34.56310772978745,35.64157729804251,0 34.56313398010099,35.64162924540476,0 34.56314644427088,35.64174846600791,0 34.56319639603198,35.64185378618104,0 34.56322877659742,35.6419499598971,0 34.56324234780022,35.64201299194465,0 34.56324044100251,35.64203678827159,0 34.56322287482251,35.64206400704563,0 34.56317204722199,35.64209820947217,0 34.56307153111709,35.64213991154247,0 34.56304338340522,35.64214835726229,0 34.56299443649448,35.64217822735554,0 34.56295095066181,35.6422306815096,0 34.562951366184,35.64227377983846,0 34.56297295644013,35.64233672315767,0 34.56306656093769,35.64251047897493,0 34.56314341724617,35.64267170610686,0 34.56314890604322,35.64280264932376,0 34.56319044101263,35.64293556063698,0 34.56319668625066,35.64300496119261,0 34.5631615548356,35.64328740643666,0 34.56313272020311,35.64340223790421,0 34.56311880586441,35.64365937623276,0 34.56305610452542,35.64383053033678,0 34.56304139970391,35.64391992429119,0 34.56304073335649,35.64412171594308,0 34.5630285176607,35.64421601448546,0 34.56303707988888,35.64429717927135,0 34.56304320606422,35.64435525298943,0 34.56308057417168,35.64438497785385,0 34.5632403795809,35.6444736530111,0 34.56349764134877,35.64467093076119,0 34.56362174945838,35.64474623780366,0 34.56390613287262,35.64485170365404,0 34.56401643028753,35.64486061268691,0 34.56413562188268,35.6448572134446,0 34.56430418802133,35.64483149377523,0 34.56457036658816,35.64475891188966,0 34.56462526700137,35.64476445035783,0 34.56467717929074,35.64479102522198,0 34.56470216463921,35.64484769120878,0 34.56471824185927,35.64497085792669,0 34.56469751438093,35.64512963795539,0 34.56470035162124,35.64523017035926,0 34.5647290063775,35.64531714184296,0 34.56478020244639,35.64536799949988,0 34.56496368263347,35.64551414115925,0 34.56512643838676,35.64562399829604,0 34.56523361739099,35.64567543938362,0 34.56533033468075,35.6457045569945,0 34.56537258102254,35.64574820018105,0 34.56538523717874,35.64579431344568,0 34.56542113589733,35.64583234250106,0 34.56546995443992,35.6459095086111,0 34.56552414387364,35.64595433208807,0 34.56555797332906,35.64596314873239,0 34.56572206685709,35.64594724184352,0 34.56579364478899,35.64595375703725,0 34.56586524016961,35.64598356766612,0 34.56595716505219,35.64604763881897,0 34.56608633778723,35.64609998543028,0 34.56618958138329,35.64610241967782,0 34.56627148780688,35.64613271599261,0 34.56640588145222,35.64615256475451,0 34.5664340799156,35.64617714648588,0 34.56644128040502,35.64622637672952,0 34.56642342933142,35.64631426004567,0 34.56638863604537,35.64644638395916,0 34.56636417104888,35.64663322191488,0 34.56632699495329,35.64680199617579,0 34.56631754734782,35.64695193288371,0 34.56632842036189,35.64699676335444,0 34.56637937465149,35.64707347049676,0 34.56638436098908,35.64713472210521,0 34.56641297894245,35.64715210031331,0 34.56650074388761,35.64713942205599,0 34.56661070174122,35.64719856181175,0 34.56670448039287,35.64720638458032,0 34.56673681856245,35.64722219754978,0 34.56677030729012,35.64725994931694,0 34.56679635413732,35.64733415862186,0 34.56679468295012,35.64743453147458,0 34.56680582808489,35.64745884833622,0 34.56720793747355,35.6477779293939,0 34.5673395158131,35.64786178066205,0 34.56754022151849,35.64800676483646,0 34.56771860258709,35.64812667081701,0 34.56801484283876,35.64829336446536,0 34.56819846043066,35.64840623417589,0 34.56832904107514,35.64844882946598,0 34.56845617525227,35.64850438311389,0 34.56857474981618,35.64856250756179,0 34.56860842092546,35.6485612893825,0 34.56871170782294,35.64853274225869,0 34.56888663851937,35.64843626748088,0 34.56911457755612,35.6483440485206,0 34.56919329613951,35.64828390165805,0 34.56924358096102,35.64821793840971,0 34.56930979845582,35.64814526608333,0 34.56952661209535,35.64802996595766,0 34.56956771581255,35.64798816414199,0 34.56974094701632,35.64776866376806,0 34.56977095653983,35.64773912163445,0 34.56984745190911,35.64770738010751,0 34.57002159792348,35.6476351189533,0 34.57008173825229,35.64763127425477,0 34.57011712114639,35.64764561185924,0 34.57018162043559,35.64772203617511,0 34.57023269893233,35.64772674860523,0 34.57049906555834,35.64766757843557,0 34.57060624725514,35.64765765222185,0 34.57066364705792,35.64766970718476,0 34.57070520449156,35.64770841512289,0 34.57071081155969,35.64775676102335,0 34.57068256533285,35.64783162716127,0 34.57065280595068,35.64786671147272,0 34.57050883329902,35.64795926034017,0 34.5704891375551,35.64799173139176,0 34.57049300647147,35.64806877774805,0 34.57056881841403,35.64816630150109,0 34.57057881650415,35.6482191557217,0 34.57051478563308,35.64833172523522,0 34.57040887333975,35.64846870077353,0 34.57013201510632,35.64871535174153,0 34.57006305101844,35.64879959956582,0 34.57000865791715,35.64888818060012,0 34.56999789439159,35.64901216772433,0 34.57002532161341,35.64909556785241,0 34.5700708047685,35.64918200397611,0 34.57013161358425,35.64926420997813,0 34.57020958458487,35.64930722693215,0 34.57030088028666,35.6493901113426,0 34.57035709265327,35.64951832865002,0 34.57042879435614,35.64960543566644,0 34.57046264158785,35.6496610204613,0 34.57046580621429,35.64974901050414,0 34.57043269539558,35.64990441999858,0 34.57061270751963,35.65036186627722,0 34.57072727921781,35.65055757073137,0 34.57075268704362,35.65065156562299,0 34.57075674267595,35.65079529987674,0 34.57080425804347,35.65088121980546,0 34.57088500852316,35.65098436826387,0 34.57090483250235,35.65104242766503,0 34.57090721273777,35.65113634171811,0 34.57089538716566,35.65122125855937,0 34.57090284183457,35.65130275066466,0 34.57096460805514,35.65146539751692,0 34.57098431360951,35.6515172877821,0 34.57098193245238,35.6515505793181,0 34.57071943484859,35.65202054621538,0 34.57065194497476,35.65211900451171,0 34.57057781407148,35.6521924098308,0 34.57043726183432,35.65230095396751,0 34.57033018395639,35.65239540518088,0 34.5702643104332,35.65249096097993,0 34.57022836972064,35.65258502149982,0 34.57020418442149,35.65268575095447,0 34.57020505675078,35.65281847232711,0 34.57027687245989,35.6531468437629,0 34.57032917542475,35.65326953160039,0 34.57034351123678,35.65333354311441,0 34.57039115699992,35.65342504812791,0 34.57045442127842,35.65350468130209,0 34.57056010128127,35.6536611066721,0 34.57065871943207,35.65376600663198,0 34.57072990479511,35.65382060765109,0 34.57119236169283,35.65391243476963,0 34.57139497637267,35.65393818902972,0 34.57157527496128,35.65394736877948,0 34.57187861715517,35.65398084940357,0 34.57191033013757,35.65394265261513,0 34.57191171864542,35.65392532564289,0 34.57189661785846,35.65386573489938,0 34.57184259723975,35.6537658098143,0 34.57185416350615,35.65370866111538,0 34.57198948730478,35.65368927828458,0 34.57199900006172,35.65368578622675,0 34.57200219318567,35.65367726675449,0 34.57197773383088,35.65365681114737,0 34.57192198169848,35.65360476802913,0 34.57191020826108,35.65357094210414,0 34.57191094977956,35.65353936446228,0 34.57192842481687,35.65351338574301,0 34.57197267992381,35.65349697623255,0 34.57203161305934,35.65348788404197,0 34.57212745937721,35.65349742204893,0 34.57226140211559,35.65352184456091,0 34.57242520385631,35.65356615625753,0 34.57263489273354,35.65367008166002,0 34.57299681508188,35.65390109711749,0 34.57330709598943,35.65407697095692,0 34.57340339123427,35.65414047796752,0 34.57364615280223,35.65426994525815,0 34.57378475875458,35.6543515163773,0 34.57425697673096,35.65466252411604,0 34.57450573365276,35.65481543578948,0 34.57459328334134,35.65490432188979,0 34.57473570258834,35.65511977053891,0 34.57481146313776,35.65532962552279,0 34.5748301753854,35.65539384595289,0 34.57487667343418,35.65562097608732,0 34.57513591059706,35.65608964853944,0 34.57531305603392,35.65644646349285,0 34.57544910435936,35.65667945928314,0 34.57553087131695,35.65690045441398,0 34.57560175583097,35.65714328785132,0 34.57567247378899,35.65734980065254,0 34.57559576136534,35.65765118558849,0 34.57555584557041,35.6577365018886,0 34.57551719880486,35.65804475249979,0 34.57553504330207,35.65830103133197,0 34.57547392923018,35.65847266623494,0 34.57542442943743,35.65861247487006,0 34.57538791975161,35.65866923826215,0 34.57536832761507,35.65869969989297,0 34.57530639282505,35.65881407294369,0 34.57530357099549,35.65884952328756,0 34.57525243096635,35.65896111810257,0 34.57489112285882,35.65916037392302,0 34.57484334918893,35.65924318734557,0 34.5748083756416,35.6593974937986,0 34.57478346767822,35.65942708579573,0 34.57472130031901,35.65957219768452,0 34.57472243269579,35.65964279522752,0 34.57484232618607,35.65990464539456,0 34.57494149037417,35.66012121985866,0 34.57494141529816,35.66022034506518,0 34.57509065494706,35.66060036555982,0 34.5751215162658,35.66076027521454,0 34.57561486455883,35.66162545020218,0 34.57567317416665,35.66184223417381,0 34.57568171107238,35.66195926110153,0 34.57565524436414,35.66207325481586,0 34.57559087915548,35.66221106264553,0 34.57550908462555,35.66230016683769,0 34.57539851977971,35.66235969453123,0 34.57490534579055,35.66243301101955,0 34.57469551883698,35.66242668666698,0 34.57450492879237,35.66237433564589,0 34.57425880935207,35.6622845365824,0 34.57391860390824,35.66214003285575,0 34.57376756351613,35.66211477066222,0 34.57357847416977,35.66210415743765,0 34.57348404455585,35.66208000876836,0 34.57324878239803,35.66209634831838,0 34.57318021991063,35.66212828493463,0 34.57305971100603,35.66224256694976,0 34.57299389282611,35.66239396749564,0 34.57297892601356,35.66249867655328,0 34.57299564337178,35.66271100892141,0 34.57295340136594,35.66287947871623,0 34.57296559483554,35.66296523805275,0 34.57315349304231,35.66331702703836,0 34.57323082570203,35.66341671335061,0 34.57327182855641,35.66343054838111,0 34.57336649875855,35.66341769269211,0 34.57342700385666,35.66345407184368,0 34.57350897079665,35.66363518203462,0 34.57357759225401,35.66371051476531,0 34.57370153854307,35.66375880058227,0 34.57378258684223,35.66383061190989,0 34.57378230909315,35.66386524037797,0 34.57371653971269,35.66391581946222,0 34.5733997903763,35.66404094813209,0 34.57329376306611,35.66412418968502,0 34.57307192343112,35.66425139546464,0 34.57282816448743,35.66441302808835,0 34.57277751689395,35.66449850078238,0 34.57271215049521,35.66465227176396,0 34.57267232793643,35.66481596400385,0 34.57263559981396,35.66486115145735,0 34.57256807165781,35.66490597698628,0 34.57252274990185,35.66498621692227,0 34.57252668128616,35.66517967172933,0 34.57251094538644,35.66528846245141,0 34.57255323021954,35.66564208920882,0 34.57252106856216,35.66581656623816,0 34.57245072031006,35.66594890265868,0 34.57242809273378,35.66599146897922,0 34.57246891594819,35.66625379250193,0 34.57251263318283,35.66638505448503,0 34.57259874064576,35.66656476199471,0 34.57267286793121,35.66667194894363,0 34.57271616845447,35.66672513738516,0 34.57279320474101,35.66685809265166,0 34.57294831901081,35.66703301678244,0 34.57311056239365,35.6671854630733,0 34.57326313263604,35.66730541954136,0 34.57348422466762,35.66744232346159,0 34.57368900422853,35.66754816340882,0 34.57376759748207,35.66757043792569,0 34.57386165449564,35.66757082690972,0 34.57396950901276,35.66754934850582,0 34.57400465735636,35.66756120681732,0 34.57403604333935,35.66759805463234,0 34.57433824648822,35.66729146301234,0 34.57446610093504,35.66721953826892,0 34.57471874574384,35.66714429046026,0 34.5747888653796,35.66715714566657,0 34.57488269414114,35.66740262861083,0 34.574890265937,35.66745957938834,0 34.5748438632227,35.66757615430106,0 34.57477204205122,35.66766481390552,0 34.5745857580693,35.66777807786851,0 34.57433114063227,35.66789908804998,0 34.5742860483663,35.66798076846201,0 34.57424099757753,35.66802604179355,0 34.57391958919449,35.66817328388213,0 34.57362825377924,35.66827540635587,0 34.57350346478187,35.66833100514205,0 34.57338230930851,35.66840557652881,0 34.57329342997028,35.66852055028749,0 34.57328141506363,35.66854986713311,0 34.57321438438849,35.66862591735811,0 34.57318051502845,35.6686418816493,0 34.57308528632252,35.66862045679669,0 34.57304690850696,35.66861474167072,0 34.57300551827917,35.66862874670422,0 34.57295469932755,35.6687297496823,0 34.57288755930968,35.6687990122783,0 34.57277504147429,35.66889318166056,0 34.57275085786898,35.66894231300837,0 34.57273872790321,35.66901644079029,0 34.57274930827866,35.66910527085626,0 34.57287151875038,35.66930429533884,0 34.57297273578372,35.66943971743221,0 34.57303124550484,35.66950700752197,0 34.57315503303664,35.66967444590764,0 34.57320239725438,35.66977342059192,0 34.57319336892474,35.66983325871048,0 34.57311605594161,35.66999495895689,0 34.5731446446099,35.67006493357081,0 34.57320111242151,35.67013462135261,0 34.57326313270096,35.67018727831768,0 34.57333753555559,35.67020755937012,0 34.57340175910253,35.67024186209396,0 34.57343812469807,35.67027780952748,0 34.57351273301992,35.67038872420214,0 34.57352943908509,35.67039245587728,0 34.57363170824213,35.67033369524901,0 34.57373369731792,35.67030956119731,0 34.57379810388802,35.67032926608477,0 34.57385743531473,35.67039586818963,0 34.57420657165832,35.67067945683244,0 34.57438164751296,35.67085281468712,0 34.57443622687592,35.67093440280895,0 34.57452787877217,35.67119959601548,0 34.574606848158,35.67134882318079,0 34.57466043191614,35.67142023684298,0 34.57478142556728,35.67149095612204,0 34.57500677163705,35.67158096684192,0 34.57580445512042,35.67175469335803,0 34.57588681896489,35.67180408336588,0 34.57592586462152,35.67185120517848,0 34.57602849713623,35.67207419084959,0 34.57611421934616,35.6721771808026,0 34.57625049966822,35.67226675015899,0 34.57637533023112,35.67231706084998,0 34.57649492574902,35.67235248876842,0 34.5767039595608,35.67246303142016,0 34.5770230900253,35.67253577632876,0 34.57724797013314,35.67264819223513,0 34.57738363848384,35.67275134513319,0 34.57746968270287,35.67282242135883,0 34.57753194182585,35.67291546997663,0 34.57754530984489,35.67297032492306,0 34.57756168929988,35.67300545961952,0 34.57764609485271,35.67302631342137,0 34.57772091062927,35.67314391325311,0 34.57775249053365,35.67319355205798,0 34.57783014677236,35.67326966219919,0 34.57784240116904,35.67333424952797,0 34.57792354505052,35.67339473725291,0 34.5779393749224,35.67344912368804,0 34.57796081162031,35.67346482577721,0 34.57801750345022,35.67347711513002,0 34.57801410843939,35.67349849595077,0 34.57798967860396,35.67355499266388,0 34.57783638446366,35.67373479505837,0 34.57776471067147,35.67379821677622,0 34.57772149077318,35.67387455848029,0 34.57772487910652,35.67390433985277,0 34.57781294049924,35.67403336646268,0 34.57782880378509,35.67424479495389,0 34.57794862309844,35.67472095231866,0 34.57817284680604,35.67543794642032,0 34.57817521751902,35.67561105802266,0 34.57814624618488,35.67582413583309,0 34.57809252791242,35.67604831030623,0 34.57798016214597,35.67634525988998,0 34.57797182814762,35.67647274170914,0 34.57798073829158,35.67658750931347,0 34.57803061594483,35.67679587555183,0 34.57812860104513,35.67699900044337,0 34.57823852205011,35.67716964481264,0 34.57824971114704,35.67724542470783,0 34.57822171148195,35.67728671155691,0 34.57808372368272,35.67738537800194,0 34.57806931585316,35.67741940847191,0 34.57807292165395,35.67746274036039,0 34.57815001163051,35.67758086872551,0 34.57826440794553,35.6778229586933,0 34.57826560659076,35.67794898621776,0 34.57824332376673,35.67811320425171,0 34.57827509039987,35.67848659250206,0 34.57826595139358,35.67853818800964,0 34.5783084026643,35.67859466938316,0 34.57835779231119,35.67887571768466,0 34.57835178306009,35.67899267072386,0 34.57837339359728,35.67909646522551,0 34.57835571301854,35.67915932979542,0 34.57830521269408,35.67922219392049,0 34.57816353325123,35.67924669821381,0 34.578109115249,35.67929842141676,0 34.57802672387222,35.67923828645598,0 34.57792338174946,35.67911534633975,0 34.57787742476884,35.67899587971378,0 34.57783936631678,35.6789542602468,0 34.57766812593088,35.67887132539686,0 34.57761191899971,35.67883768517017,0 34.5774932666076,35.67889922066306,0 34.57744522942706,35.67890852620506,0 34.57737370696374,35.67890418324945,0 34.57728189191621,35.67887785602269,0 34.577182955452,35.67889954512501,0 34.57711597230648,35.67894496088716,0 34.57704739119129,35.67904595934993,0 34.57696831506109,35.67921771008942,0 34.57691766974848,35.67942660596272,0 34.57693396226745,35.67948403703022,0 34.5770039768171,35.67962697284163,0 34.57700924178215,35.67969603707817,0 34.57697697556772,35.67991118092826,0 34.57699615483016,35.67996722684308,0 34.5771013534733,35.68010234498785,0 34.57711218369359,35.6801557668823,0 34.57709531330244,35.68024335634179,0 34.57702115740869,35.68040047627208,0 34.57696961538691,35.6804921635788,0 34.57693231165921,35.68058757651046,0 34.57693369915504,35.68067379301909,0 34.57708574714191,35.68100482290051,0 34.57710132333333,35.68116832204219,0 34.5768286258294,35.6815195776304,0 34.57685487492056,35.68167592912188,0 34.57688784480224,35.68171342307941,0 34.57696693902215,35.68180147568813,0 34.57711391190882,35.68208504450615,0 34.5772080889279,35.68230580525553,0 34.57730987668933,35.68246313593259,0 34.57749832967157,35.68264244691093,0 34.5777428201766,35.68281766061812,0 34.57818874447305,35.68304006467047,0 34.57825922690532,35.68312908544731,0 34.57826036035329,35.6831994654513,0 34.57822592024972,35.68333884485448,0 34.5782359670136,35.68342673035736,0 34.57828694725517,35.68351067432845,0 34.57840682408543,35.68358510550026,0 34.57856993502861,35.68366436962769,0 34.57881497270191,35.6837392658819,0 34.57882871143163,35.68378839838653,0 34.57869897799957,35.68390588642741,0 34.57866352113125,35.68398192291248,0 34.57867356737724,35.68406980836992,0 34.57886165503695,35.68435999031175,0 34.57913036381677,35.68469861078177,0 34.57925407057293,35.68501057282594,0 34.57934454156577,35.68513458167369,0 34.57944948956796,35.68521972662028,0 34.57965189510259,35.68532673837129,0 34.57971374910623,35.68541584712752,0 34.57971959003137,35.68591204806673,0 34.57969863687876,35.68621846857252,0 34.57972393024798,35.68631499469951,0 34.58033870435691,35.68656907869185,0 34.58075198120396,35.68677245410749,0 34.5808601973692,35.68679245106834,0 34.58118547126495,35.68675740364309,0 34.5813148939903,35.68675430373871,0 34.58143302908201,35.68678163462759,0 34.58174174327485,35.68699624962067,0 34.5817794167038,35.68705745167927,0 34.58179338611454,35.68712065953559,0 34.58176796357598,35.68721712081182,0 34.58177615472847,35.68725634037107,0 34.58185970261489,35.68735226351334,0 34.58188934219665,35.68745050559996,0 34.58219149954757,35.68758357352673,0 34.58233314781885,35.68767291520206,0 34.58240854925484,35.68779883833027,0 34.58246303323789,35.68809919703772,0 34.58255481807382,35.68817039649245,0 34.5826974988464,35.68818651397962,0 34.58289383758442,35.68818447630716,0 34.58304276828515,35.68832019426285,0 34.5830739430727,35.68837970236169,0 34.58303028165304,35.68848222381134,0 34.58294903496759,35.68852882175359,0 34.58272941958099,35.68855925647635,0 34.58254897996586,35.68861040379858,0 34.58245098311627,35.68868885067361,0 34.58243346912585,35.68880693816386,0 34.58262263174621,35.68902846939476,0 34.58287467531952,35.68926870535677,0 34.58350598166324,35.68960883024473,0 34.58352219223053,35.68967729308601,0 34.58352214082331,35.68980751830391,0 34.58354471328796,35.68986887697735,0 34.58361401305473,35.68988399505785,0 34.58378020476687,35.68988578888254,0 34.58392737519108,35.68991241702577,0 34.58396263896787,35.68995780490197,0 34.58395316152389,35.69003885414661,0 34.58385121755411,35.69014022150179,0 34.58378561187292,35.69022009247693,0 34.58378476355749,35.69030105248663,0 34.58381656261848,35.69039926919832,0 34.58389747711851,35.69046530065147,0 34.58402131536896,35.69051680912052,0 34.58424658920062,35.69056902263407,0 34.58444562939346,35.69060039084446,0 34.58482764360045,35.69060345938266,0 34.58501254338012,35.69056106285109,0 34.58509228879331,35.69055495409916,0 34.58524372187973,35.69057801694373,0 34.58530061812024,35.69062669909725,0 34.58521689686387,35.69065396678151,0 34.58506087292467,35.69074709747926,0 34.58499441350215,35.69077418543548,0 34.58488874714111,35.69077880330203,0 34.58481178412455,35.69082359683588,0 34.58469502374881,35.69094271654,0 34.58456236903394,35.69114647110617,0 34.58448121065682,35.69133209196624,0 34.58447874580921,35.69144650466641,0 34.58453683794944,35.69156908537517,0 34.58485089336386,35.69163973199653,0 34.58537166266805,35.69181557711293,0 34.5857172646306,35.69196860307922,0 34.58591742119032,35.69206858870413,0 34.58608578603104,35.69220410153891,0 34.5861956672237,35.69232614306225,0 34.5863296015781,35.69260103586101,0 34.58642892388652,35.69273726444008,0 34.58689307745603,35.69274827278171,0 34.58696150700601,35.69284258816608,0 34.5869712792493,35.69291287740504,0 34.58692903703108,35.69296963136488,0 34.58678385615168,35.69306617029812,0 34.58643599404571,35.69317361802188,0 34.58634625625493,35.6932291053015,0 34.5862960123632,35.69332465630283,0 34.58644666080697,35.69343219590701,0 34.58645160376561,35.69347086038699,0 34.58636576317771,35.69363365423418,0 34.58635137096714,35.69367779881245,0 34.58642900263495,35.69380721440232,0 34.58650886404902,35.69380814342325,0 34.58719874681817,35.69363202164067,0 34.58737550704731,35.69361962200735,0 34.58748597692723,35.69364486783687,0 34.58769799851107,35.69394358257851,0 34.58813952255026,35.69442116398379,0 34.58837943170056,35.69478124699951,0 34.58852478289452,35.69499940378276,0 34.58853852603724,35.69506316342126,0 34.58850448793679,35.69518441485889,0 34.58835393580771,35.69543468784612,0 34.58826453042715,35.69553751827468,0 34.58802457303869,35.69562982919545,0 34.58781489557797,35.69563028688022,0 34.58767560678849,35.69566109941645,0</coordinates>
						</LinearRing>
					</outerBoundaryIs>
				</Polygon>
				<Polygon>
					<extrude>0</extrude>
					<altitudeMode>clampToGround</altitudeMode>
					<outerBoundaryIs>
						<LinearRing>
							<coordinates> 34.42167315640963,35.58228672097777,0 34.42172891671547,35.58236784446463,0 34.42172766122231,35.5823762697479,0 34.42171860781211,35.58249021803869,0 34.42156875871852,35.58253253932973,0 34.42146756361877,35.58254175591842,0 34.42148069053039,35.58245002499532,0 34.42148140770291,35.58236308008534,0 34.42152184207509,35.58232314818918,0 34.42163319667155,35.58227866653719,0 34.42167315640963,35.58228672097777,0</coordinates>
						</LinearRing>
					</outerBoundaryIs>
				</Polygon>
				<Polygon>
					<extrude>0</extrude>
					<altitudeMode>clampToGround</altitudeMode>
					<outerBoundaryIs>
						<LinearRing>
							<coordinates> 34.42493239560734,35.58542508440783,0 34.42493707328365,35.58546821609099,0 34.42494854830264,35.58548886863547,0 34.42502486234699,35.58552886135271,0 34.42519517816494,35.58563732874408,0 34.42527645828608,35.58566897377181,0 34.42536091486712,35.585673605865,0 34.42534857779278,35.58569987090687,0 34.42522845847211,35.58576198085756,0 34.42520918333614,35.58576506217665,0 34.42507079027403,35.58582899862145,0 34.42495741422756,35.58586447954469,0 34.42481118197777,35.58587742644951,0 34.42474595883952,35.58586680759408,0 34.42466564174926,35.58583141784712,0 34.42459362935256,35.58580799129869,0 34.42456186725124,35.58579084286932,0 34.42435009590855,35.58562670678577,0 34.42431632792463,35.58557553638018,0 34.42425821417433,35.58552832179033,0 34.42418073716604,35.58547796172969,0 34.42409833326518,35.58543864607835,0 34.4241362803774,35.58535382531475,0 34.42416866519831,35.58530703723334,0 34.42421895201187,35.58526797668346,0 34.42426808251587,35.58525507774548,0 34.42441710749989,35.58525995767032,0 34.42448792178089,35.58527052594157,0 34.42458287214548,35.58529831112528,0 34.42463462213559,35.58529078586823,0 34.42473163137613,35.58524839510105,0 34.42478735291431,35.58523419323008,0 34.42485741889424,35.58522774642108,0 34.42488152597323,35.58524288898074,0 34.42493239560734,35.58542508440783,0</coordinates>
						</LinearRing>
					</outerBoundaryIs>
				</Polygon>
				<Polygon>
					<extrude>0</extrude>
					<altitudeMode>clampToGround</altitudeMode>
					<outerBoundaryIs>
						<LinearRing>
							<coordinates> 34.42417338245048,35.58821386719834,0 34.42417496117297,35.58825204349829,0 34.42416195632017,35.58828780466472,0 34.42416815871256,35.58835903552617,0 34.42415104623682,35.58839822852742,0 34.42415350845553,35.58842536399172,0 34.4241435133968,35.58845345960614,0 34.42415835813622,35.58847454194075,0 34.42415882625244,35.58850763569986,0 34.42417249049024,35.58851003375936,0 34.4241757172779,35.58853573350855,0 34.4241679883184,35.58856780749574,0 34.4241846960571,35.58857359703634,0 34.42417804674192,35.58861778818174,0 34.42416234636765,35.58860290574452,0 34.4241384223543,35.58859883454846,0 34.42412881076142,35.58858959046545,0 34.42412583357317,35.58852596769004,0 34.42410950148612,35.5885099904828,0 34.42410652611509,35.5884832846695,0 34.42408774645711,35.58847793778289,0 34.42408755563903,35.58846436091059,0 34.42409376630374,35.58844486288231,0 34.42408277097866,35.58830952419392,0 34.42409619197689,35.58826654541723,0 34.42414043607044,35.58819867666574,0 34.42414943628271,35.58810015023698,0 34.42415925932343,35.58809666797864,0 34.42418165143066,35.58810028412127,0 34.42420074581459,35.58809120007103,0 34.42420449700263,35.5880992282299,0 34.42419687357091,35.58814809575976,0 34.42423749510932,35.58811802583632,0 34.42426166294214,35.58806442587428,0 34.42428529604108,35.5880446083592,0 34.42428806777216,35.58805688847136,0 34.42427419421488,35.58814145627477,0 34.42430781696173,35.58809405149838,0 34.42432056084049,35.58811145360848,0 34.42435950658414,35.58803842105584,0 34.42436910749524,35.58806774238524,0 34.42435827285301,35.58809826329049,0 34.42435714600293,35.58812882446466,0 34.42433225382531,35.58816893679386,0 34.42433298350239,35.58818378166371,0 34.42432854078258,35.58820037120399,0 34.4243364048874,35.58820539194252,0 34.4243498639055,35.5882018757047,0 34.42435379346058,35.58818571581652,0 34.42436978315843,35.58817750840124,0 34.42437676298249,35.58815665299769,0 34.42441065970736,35.58812876511958,0 34.42442222787368,35.58817533744092,0 34.42444036314014,35.58817177853498,0 34.42445518890877,35.58815467060733,0 34.42446119652138,35.58817540854409,0 34.42450134725159,35.58818565428744,0 34.42451900649321,35.58822198669726,0 34.42454888078767,35.58824038764305,0 34.42455714062025,35.58827341001846,0 34.42454709773348,35.58829811212485,0 34.42445723572843,35.58826285674393,0 34.4243781525477,35.58825508547152,0 34.42437879267342,35.58826356677487,0 34.42441902767461,35.58827975078364,0 34.42446418318082,35.58831328965692,0 34.42448031158075,35.58831484112,0 34.4244911618211,35.58834741650134,0 34.42448255180896,35.58836319461507,0 34.42446637120572,35.58835782517517,0 34.42443726596093,35.58835723913123,0 34.42441347905156,35.58840200868631,0 34.42442696677671,35.58841300311917,0 34.42443499615569,35.58845400698865,0 34.42442331128062,35.58847278295085,0 34.42439741337669,35.5884416165397,0 34.42437295453682,35.58843886753586,0 34.42436758484499,35.58842661092476,0 34.42434991157872,35.5884259212766,0 34.42434131967261,35.58844297263205,0 34.42434648538665,35.58847772143643,0 34.42429770480022,35.5885553908933,0 34.42428175658283,35.58856656742639,0 34.424273396288,35.58856324779995,0 34.42427220142923,35.5885522261217,0 34.42425241352723,35.58854901001551,0 34.42424547225158,35.58853591849046,0 34.42425229460384,35.58846711577583,0 34.42427719519868,35.58846434483682,0 34.42429150865493,35.58848458265439,0 34.42430410158269,35.58845646263153,0 34.42429751889882,35.58843191108782,0 34.42430357370381,35.58841912649686,0 34.42432378628312,35.58841554936383,0 34.4243291828348,35.58839301111805,0 34.42433785900096,35.58838189980447,0 34.42435241583674,35.58838261727801,0 34.42438015959493,35.58839721764334,0 34.42437838011235,35.58838153350244,0 34.42435480928546,35.58833125201034,0 34.42437836456153,35.58830685164178,0 34.42442938174857,35.58831402818758,0 34.42440405679704,35.58828667630207,0 34.4243549974338,35.58827099494424,0 34.42434756865044,35.58826002982696,0 34.42434850542939,35.58825280785652,0 34.42439130548157,35.58822993114106,0 34.42439222523278,35.5882214368072,0 34.42437764388449,35.5882190225749,0 34.4243315124624,35.58822686526226,0 34.42431278725926,35.58822533726212,0 34.42430644564615,35.58821775700311,0 34.42429284154296,35.58821108992941,0 34.42430602655503,35.58818805677025,0 34.42428009860596,35.5881916861303,0 34.42426051446699,35.58820289572067,0 34.42423750146106,35.58819207152722,0 34.42417338245048,35.58821386719834,0</coordinates>
						</LinearRing>
					</outerBoundaryIs>
				</Polygon>
				<Polygon>
					<extrude>0</extrude>
					<altitudeMode>clampToGround</altitudeMode>
					<outerBoundaryIs>
						<LinearRing>
							<coordinates> 34.42436452054429,35.58897236814202,0 34.42439049507456,35.58899122168122,0 34.42439554088828,35.58901751727596,0 34.42438913742085,35.58902750040244,0 34.42437791478923,35.58902722028471,0 34.42436841128444,35.58901623463198,0 34.4243412012313,35.58900922729492,0 34.4243350399874,35.58900317522875,0 34.42433420622321,35.58897722369146,0 34.42431992443803,35.58895902863987,0 34.42430867006551,35.58895645791458,0 34.42429433857746,35.58896765769909,0 34.42428446369352,35.588963547555,0 34.42427726818593,35.5889174210343,0 34.42426100089278,35.58889084438993,0 34.42423835058717,35.58887577913932,0 34.42424611876324,35.58886311038991,0 34.42424310835073,35.58884863134703,0 34.42422271520028,35.58882781918506,0 34.42420688307289,35.58883216106269,0 34.42418892497883,35.58881819935293,0 34.42418208419072,35.5887972648652,0 34.42416034220779,35.58878028182018,0 34.42414549993811,35.58878843238789,0 34.42413805009807,35.58882362139693,0 34.42412225081469,35.58883025385158,0 34.42411421973817,35.58882421846392,0 34.42411358870916,35.58877955909367,0 34.42409472012191,35.58876751337115,0 34.42408896097027,35.58875687638974,0 34.424094864962,35.58874460640254,0 34.42412080631421,35.58872795657012,0 34.42412300798701,35.58871839262683,0 34.42415335507449,35.58871582772037,0 34.42417232431456,35.58870191265282,0 34.42417968500484,35.58872666049253,0 34.42418673865424,35.58872965129066,0 34.42419552165837,35.58872269979371,0 34.42420175855318,35.58870088343691,0 34.42422335758744,35.58867472895449,0 34.42422499762553,35.58869151156601,0 34.424230692191,35.58869756735163,0 34.42423863149266,35.58869711391856,0 34.42426479806661,35.58866328357768,0 34.42428028137055,35.58866734275745,0 34.42428529992044,35.58869172893328,0 34.42429821474528,35.58871260964825,0 34.42431516913637,35.58870989837321,0 34.42433199721012,35.58875467903041,0 34.42434188228104,35.5887595524089,0 34.42436328544983,35.58875248778028,0 34.4243621473654,35.58877120396211,0 34.4243650853497,35.58878072157837,0 34.42438364576056,35.58877100933044,0 34.42441945060848,35.58875770634696,0 34.42443707805585,35.58878121526148,0 34.42444012338748,35.58876515414641,0 34.42445620236749,35.58875930243124,0 34.42448849166898,35.58878123117135,0 34.42449196577542,35.58879522616293,0 34.424480889352,35.58880525191635,0 34.4244537757124,35.58880511549138,0 34.42444306846046,35.58880826575142,0 34.42444037300172,35.58881592578932,0 34.42444081497328,35.58884722546557,0 34.42442377454042,35.58886532210416,0 34.42443406276914,35.58886561055943,0 34.42445263906779,35.58885704360115,0 34.42447409097158,35.58885341393965,0 34.42449490888701,35.58887116940624,0 34.42449693858472,35.58888260299729,0 34.42450418826271,35.58889933461222,0 34.42451546872336,35.58890381385726,0 34.42451882228371,35.58890950976519,0 34.4245106093006,35.58896152513108,0 34.42450205737005,35.58896433087544,0 34.42445551900376,35.58896162028731,0 34.42444608575802,35.58895559699089,0 34.42442079319957,35.58895200797576,0 34.42440833819723,35.58893074241418,0 34.42438305696233,35.58892791661546,0 34.42435699067402,35.58890257426127,0 34.42433398137128,35.58889514775666,0 34.42432333870719,35.58890287919518,0 34.42433753326529,35.58891496750989,0 34.42434921934382,35.58894807377084,0 34.42436452054429,35.58897236814202,0</coordinates>
						</LinearRing>
					</outerBoundaryIs>
				</Polygon>
				<Polygon>
					<extrude>0</extrude>
					<altitudeMode>clampToGround</altitudeMode>
					<outerBoundaryIs>
						<LinearRing>
							<coordinates> 34.42593037420244,35.59257408741217,0 34.42593138049463,35.59259436712001,0 34.42591713268929,35.59258243826007,0 34.42590684729568,35.59255925728365,0 34.42588223800216,35.5925429357743,0 34.42585303772863,35.59250646979702,0 34.42582611350356,35.59245903932495,0 34.42581986181562,35.59243845307188,0 34.42580878872543,35.59242709677839,0 34.42582160384618,35.59241467554069,0 34.42582362750881,35.5924046621536,0 34.42581030970506,35.5923876203062,0 34.42581179400644,35.59236915688374,0 34.42584223439304,35.59240387960333,0 34.42587746151698,35.59243326435475,0 34.42593251236871,35.59250490118067,0 34.42595714821719,35.59255687126057,0 34.42595291536338,35.5925633265263,0 34.42594060187277,35.5925625367447,0 34.42593037420244,35.59257408741217,0</coordinates>
						</LinearRing>
					</outerBoundaryIs>
				</Polygon>
				<Polygon>
					<extrude>0</extrude>
					<altitudeMode>clampToGround</altitudeMode>
					<outerBoundaryIs>
						<LinearRing>
							<coordinates> 34.42644134674178,35.59262610623364,0 34.42645163712812,35.59265571571009,0 34.42644069753234,35.59265369303004,0 34.42639852923094,35.59261121796322,0 34.42640148097309,35.59263622692073,0 34.42639582506142,35.59264052163024,0 34.42636975194823,35.59259705211165,0 34.42634182576694,35.59256972335486,0 34.42633646300988,35.59255789125199,0 34.42629879715312,35.5925030689192,0 34.42627194017559,35.59247785263386,0 34.42626932751069,35.59244011042136,0 34.42628176719743,35.59243787678879,0 34.42630867004414,35.59246648753324,0 34.42631909752242,35.59246893897318,0 34.42632316246998,35.59246253705351,0 34.4263372261273,35.59246495536464,0 34.4263564032725,35.59249830348378,0 34.4263818082684,35.5925311714153,0 34.42638953799788,35.59256335002681,0 34.4264126850731,35.59258350823242,0 34.42644134674178,35.59262610623364,0</coordinates>
						</LinearRing>
					</outerBoundaryIs>
				</Polygon>
				<Polygon>
					<extrude>0</extrude>
					<altitudeMode>clampToGround</altitudeMode>
					<outerBoundaryIs>
						<LinearRing>
							<coordinates> 34.42570442588391,35.59259502028392,0 34.42577183253867,35.5926339984412,0 34.42582461851306,35.59264468632485,0 34.42585964681992,35.59266932565335,0 34.42589936175577,35.59271601534215,0 34.4258978570532,35.59272723116352,0 34.42586907683685,35.59272036263788,0 34.42585143444298,35.59270728338945,0 34.42580385912959,35.59269413473857,0 34.42568422676178,35.59267077580995,0 34.42560970790693,35.59263342919222,0 34.42555251483913,35.59258489854339,0 34.4255704829539,35.59257870528374,0 34.42557383882948,35.59256311363215,0 34.4255975828129,35.59256971736285,0 34.42560714326063,35.59256963129178,0 34.42561536482583,35.59256161655206,0 34.4256222516513,35.59256295544205,0 34.42566399512611,35.59259220097368,0 34.42567442340092,35.59259482189477,0 34.42569023724381,35.59258729682486,0 34.42570442588391,35.59259502028392,0</coordinates>
						</LinearRing>
					</outerBoundaryIs>
				</Polygon>
				<Polygon>
					<extrude>0</extrude>
					<altitudeMode>clampToGround</altitudeMode>
					<outerBoundaryIs>
						<LinearRing>
							<coordinates> 34.42622196257276,35.59267403588215,0 34.42624387724847,35.59268051693628,0 34.42624454230363,35.59269816362548,0 34.42631181328066,35.59278140430622,0 34.42631157490214,35.59279383985346,0 34.42630097932959,35.59279410586546,0 34.42628969130823,35.59280434968576,0 34.4262691817086,35.59279435155953,0 34.42626411182729,35.59277390185233,0 34.42623502818204,35.59273083925343,0 34.42612936628194,35.59263337336141,0 34.42615315922931,35.59263682473544,0 34.42615985121045,35.59262805028484,0 34.42622196257276,35.59267403588215,0</coordinates>
						</LinearRing>
					</outerBoundaryIs>
				</Polygon>
				<Polygon>
					<extrude>0</extrude>
					<altitudeMode>clampToGround</altitudeMode>
					<outerBoundaryIs>
						<LinearRing>
							<coordinates> 34.4267808955165,35.59297458709432,0 34.42675979676756,35.59295228857808,0 34.42672462674883,35.59292714739698,0 34.42672228093524,35.59294499105451,0 34.42669995056823,35.59290912439211,0 34.42668526037687,35.59289907455933,0 34.42667884849573,35.59292331925958,0 34.42664169957389,35.59286631260336,0 34.42664410110673,35.59285446789943,0 34.42666701316051,35.5928580792075,0 34.42666063214666,35.59284539037264,0 34.42659873498969,35.59276958916583,0 34.42657987504897,35.59275872709215,0 34.42661735562358,35.59277175341524,0 34.42660630579827,35.59275382051062,0 34.42657313634872,35.59272314446215,0 34.42656701345431,35.59269434544977,0 34.42658265443841,35.59269747777293,0 34.42664467791524,35.59274838050023,0 34.4266344878524,35.59272598344808,0 34.42666824064396,35.59275222383689,0 34.4267299194258,35.59284027556202,0 34.42673611088421,35.59285745305315,0 34.4267666759483,35.59288772819416,0 34.42680546065492,35.59294805546864,0 34.42676202710518,35.59292638461838,0 34.4267808955165,35.59297458709432,0</coordinates>
						</LinearRing>
					</outerBoundaryIs>
				</Polygon>
				<Polygon>
					<extrude>0</extrude>
					<altitudeMode>clampToGround</altitudeMode>
					<outerBoundaryIs>
						<LinearRing>
							<coordinates> 34.42664862620104,35.5929906371524,0 34.42665034107799,35.5930016535394,0 34.42660749342593,35.59298464506573,0 34.42661445677518,35.59299943322665,0 34.426529765476,35.59296286012715,0 34.42649762456023,35.59293132651187,0 34.42648463104629,35.5929310188938,0 34.42648214201448,35.5929386801331,0 34.42647330213102,35.59293833595957,0 34.42644177061084,35.59291316153525,0 34.42643083098002,35.59291113885521,0 34.42640233807234,35.5928804209191,0 34.42638689318878,35.59285382855136,0 34.42642942395664,35.59286094424488,0 34.42640687384568,35.59283370327446,0 34.42645460092333,35.59286509566726,0 34.42649107143671,35.59289824174482,0 34.42648119305933,35.59287164477641,0 34.4266270313686,35.5929700406359,0 34.42664862620104,35.5929906371524,0</coordinates>
						</LinearRing>
					</outerBoundaryIs>
				</Polygon>
				<Polygon>
					<extrude>0</extrude>
					<altitudeMode>clampToGround</altitudeMode>
					<outerBoundaryIs>
						<LinearRing>
							<coordinates> 34.42695743687296,35.59331438522647,0 34.42694526826979,35.59330634869639,0 34.42692889208276,35.59328001797861,0 34.42689560229282,35.59324823851973,0 34.42688800293152,35.59322522319989,0 34.42682712746327,35.59318283192409,0 34.42681949892995,35.59315282505842,0 34.42684666419094,35.59315566316715,0 34.42684444242761,35.59314338112401,0 34.42682006470571,35.59312433710169,0 34.42681170897108,35.59310675985391,0 34.42681324005243,35.5930974101966,0 34.42682009083111,35.59309683879707,0 34.42685175325346,35.59312701530143,0 34.42690141866064,35.59315992299062,0 34.42699261972135,35.59324506812768,0 34.426990304139,35.59325764994205,0 34.42696578323284,35.59325795655088,0 34.42698455998821,35.59329153551568,0 34.42696222654527,35.59328565618519,0 34.42695743687296,35.59331438522647,0</coordinates>
						</LinearRing>
					</outerBoundaryIs>
				</Polygon>
				<Polygon>
					<extrude>0</extrude>
					<altitudeMode>clampToGround</altitudeMode>
					<outerBoundaryIs>
						<LinearRing>
							<coordinates> 34.44259152643838,35.60338502403293,0 34.44257961653908,35.60345974466779,0 34.44232987460365,35.60356029895249,0 34.44221041183465,35.60323930766175,0 34.4422032482944,35.60319248630282,0 34.44223704849751,35.60307720178037,0 34.44259152643838,35.60338502403293,0</coordinates>
						</LinearRing>
					</outerBoundaryIs>
				</Polygon>
				<Polygon>
					<extrude>0</extrude>
					<altitudeMode>clampToGround</altitudeMode>
					<outerBoundaryIs>
						<LinearRing>
							<coordinates> 34.45082607551533,35.60691625207323,0 34.45084576908403,35.60701111323284,0 34.45081670190659,35.60708794550145,0 34.45062738429819,35.6070021358199,0 34.45051834857783,35.60696200495011,0 34.45037200621823,35.60682013469511,0 34.45016734824731,35.60671686530116,0 34.45015934739902,35.60668525855713,0 34.4501723326208,35.60661429604688,0 34.45020756299738,35.60655368692551,0 34.45029209700749,35.60658590541182,0 34.45044876419024,35.60661261583454,0 34.45052028318577,35.60663923460461,0 34.45056938868154,35.60668102165417,0 34.45061533304042,35.60676507902017,0 34.4506232791194,35.60685806919073,0 34.45063674670879,35.60686696452962,0 34.45069174830473,35.60683213340847,0 34.45072994924966,35.60682781969943,0 34.4507699301574,35.60683492943643,0 34.45082607551533,35.60691625207323,0</coordinates>
						</LinearRing>
					</outerBoundaryIs>
				</Polygon>
				<Polygon>
					<extrude>0</extrude>
					<altitudeMode>clampToGround</altitudeMode>
					<outerBoundaryIs>
						<LinearRing>
							<coordinates> 34.50367141530261,35.67100769981786,0 34.50367416039712,35.67102209328349,0 34.50367047187761,35.67102882466184,0 34.50365595477273,35.67102999553539,0 34.50364135240215,35.67102550235521,0 34.50363225784738,35.67100910996412,0 34.50363836528258,35.67099514486141,0 34.50365097036653,35.67099296236133,0 34.50367141530261,35.67100769981786,0</coordinates>
						</LinearRing>
					</outerBoundaryIs>
				</Polygon>
				<Polygon>
					<extrude>0</extrude>
					<altitudeMode>clampToGround</altitudeMode>
					<outerBoundaryIs>
						<LinearRing>
							<coordinates> 34.50337604250399,35.6708890859159,0 34.50341655036477,35.67093070613011,0 34.50341112548519,35.67095650933609,0 34.50337434211983,35.67099616939582,0 34.50331161355207,35.67102320730374,0 34.50320393668428,35.67104458256364,0 34.50306413883422,35.67102967610677,0 34.50303485220766,35.67101573026505,0 34.50303774182865,35.67098724152659,0 34.50309348751379,35.67093790895647,0 34.50322974426128,35.67088373002519,0 34.50330610336616,35.67087892286606,0 34.50337604250399,35.6708890859159,0</coordinates>
						</LinearRing>
					</outerBoundaryIs>
				</Polygon>
				<Polygon>
					<extrude>0</extrude>
					<altitudeMode>clampToGround</altitudeMode>
					<outerBoundaryIs>
						<LinearRing>
							<coordinates> 34.50349485084839,35.67105395437937,0 34.50349036967611,35.67108720255986,0 34.50347231141559,35.67110160890633,0 34.50344886788197,35.67108963868324,0 34.50344938992674,35.67106930407233,0 34.50347813452429,35.67104733995512,0 34.50349485084839,35.67105395437937,0</coordinates>
						</LinearRing>
					</outerBoundaryIs>
				</Polygon>
				<Polygon>
					<extrude>0</extrude>
					<altitudeMode>clampToGround</altitudeMode>
					<outerBoundaryIs>
						<LinearRing>
							<coordinates> 34.50361051579865,35.67113683223769,0 34.50360999949546,35.67114657825341,0 34.50360374319219,35.67117180244833,0 34.50359591142059,35.67118080800088,0 34.50357603583451,35.67118370675466,0 34.5035706925811,35.67118159342095,0 34.5035678356759,35.67116836303207,0 34.50356928230604,35.67115427950429,0 34.50357808519898,35.67114364141702,0 34.50360019744139,35.67113503879555,0 34.50361051579865,35.67113683223769,0</coordinates>
						</LinearRing>
					</outerBoundaryIs>
				</Polygon>
				<Polygon>
					<extrude>0</extrude>
					<altitudeMode>clampToGround</altitudeMode>
					<outerBoundaryIs>
						<LinearRing>
							<coordinates> 34.50379951265406,35.6711438244478,0 34.50381653458868,35.67116825678505,0 34.50381506676837,35.67118580039273,0 34.5038058854208,35.67119804650838,0 34.50379240136272,35.671201005147,0 34.50377324751857,35.67117320090772,0 34.5037777992921,35.6711530827229,0 34.50378874791127,35.6711430811208,0 34.50379951265406,35.6711438244478,0</coordinates>
						</LinearRing>
					</outerBoundaryIs>
				</Polygon>
				<Polygon>
					<extrude>0</extrude>
					<altitudeMode>clampToGround</altitudeMode>
					<outerBoundaryIs>
						<LinearRing>
							<coordinates> 34.50370243512318,35.67122283103328,0 34.50371262238889,35.671234473818,0 34.50370808054301,35.67125700626509,0 34.50369005345441,35.67125976839379,0 34.50367503072768,35.6712513565239,0 34.50367142206233,35.67123885380621,0 34.5036794699719,35.67122205894252,0 34.503688708263,35.67121938226109,0 34.50370243512318,35.67122283103328,0</coordinates>
						</LinearRing>
					</outerBoundaryIs>
				</Polygon>
				<Polygon>
					<extrude>0</extrude>
					<altitudeMode>clampToGround</altitudeMode>
					<outerBoundaryIs>
						<LinearRing>
							<coordinates> 34.51406559958281,35.67444082550996,0 34.51407033265223,35.67447872651095,0 34.51405222180073,35.67454395881206,0 34.51400117550413,35.67457427458739,0 34.51392049661379,35.67456828943126,0 34.51383488575755,35.6745115280959,0 34.51381516883175,35.67447174089096,0 34.5138171227746,35.67443648379756,0 34.51384034925578,35.67440694873867,0 34.51386404325755,35.67440807200422,0 34.51391019890951,35.67443828283416,0 34.51395840059138,35.67443916545845,0 34.51403382584921,35.67442758418423,0 34.51406559958281,35.67444082550996,0</coordinates>
						</LinearRing>
					</outerBoundaryIs>
				</Polygon>
				<Polygon>
					<extrude>0</extrude>
					<altitudeMode>clampToGround</altitudeMode>
					<outerBoundaryIs>
						<LinearRing>
							<coordinates> 34.53314795782902,35.6786378186458,0 34.5330954373342,35.67863285763174,0 34.5329993599068,35.67859378128286,0 34.53289973070089,35.67849935012633,0 34.53281641585085,35.67845959650285,0 34.53270450177542,35.67843987165529,0 34.53261842131418,35.67839521080123,0 34.53240459943041,35.67835072518632,0 34.53233900892855,35.67832669903223,0 34.53219778904715,35.67823816529781,0 34.53219967815246,35.67822992119875,0 34.53226737828636,35.67821663338458,0 34.53245106761736,35.67822577298689,0 34.53277807167034,35.67832836025336,0 34.53307315032824,35.67849652514146,0 34.5332180811244,35.67856418150355,0 34.53326518255177,35.67860977912539,0 34.53326678163269,35.6786262150817,0 34.53325611972262,35.67863235393256,0 34.53318619031513,35.6786319540906,0 34.53314795782902,35.6786378186458,0</coordinates>
						</LinearRing>
					</outerBoundaryIs>
				</Polygon>
				<Polygon>
					<extrude>0</extrude>
					<altitudeMode>clampToGround</altitudeMode>
					<outerBoundaryIs>
						<LinearRing>
							<coordinates> 34.53375673593106,35.6788308259511,0 34.53384455284334,35.67885737180598,0 34.53391719009853,35.67890216522247,0 34.53405464250026,35.67896441118584,0 34.53412857202522,35.67900590124409,0 34.53414736245992,35.67904684492274,0 34.53413681990784,35.67906065984374,0 34.53401092464916,35.67909317443166,0 34.53392827274189,35.67909619237506,0 34.53387699647155,35.67908463872983,0 34.53357018736319,35.6788973977417,0 34.5335176068971,35.67884527399941,0 34.53351793702669,35.67882333403694,0 34.53354441812392,35.67879674676237,0 34.53355508942901,35.67879115661097,0 34.53375673593106,35.6788308259511,0</coordinates>
						</LinearRing>
					</outerBoundaryIs>
				</Polygon>
				<Polygon>
					<extrude>0</extrude>
					<altitudeMode>clampToGround</altitudeMode>
					<outerBoundaryIs>
						<LinearRing>
							<coordinates> 34.53242541946579,35.67869574199825,0 34.53249835425186,35.67871640496218,0 34.53251711674239,35.67875570363131,0 34.53251877707434,35.67881930250596,0 34.53253839180176,35.67895675780192,0 34.53253678362613,35.67898309758311,0 34.53250906078335,35.67901627847318,0 34.53250409219913,35.67908597650066,0 34.53248161890878,35.67911087770839,0 34.53243411060261,35.67912561010215,0 34.53238705409973,35.67912607848209,0 34.53234044833828,35.67911228376313,0 34.53231587344151,35.67908839786931,0 34.53230987342405,35.67904842391253,0 34.53234513623384,35.67902449186156,0 34.53234746777951,35.67900143504023,0 34.5323432564649,35.67898996020988,0 34.53227552974413,35.67895827830024,0 34.53227552973082,35.67891495382165,0 34.53231075827136,35.6788888277398,0 34.53231238307121,35.67886358453677,0 34.53227654099699,35.67876358239682,0 34.53227420940884,35.67874331383717,0 34.53229648679145,35.67870580074657,0 34.53231445025889,35.67869355697643,0 34.53242541946579,35.67869574199825,0</coordinates>
						</LinearRing>
					</outerBoundaryIs>
				</Polygon>
				<Polygon>
					<extrude>0</extrude>
					<altitudeMode>clampToGround</altitudeMode>
					<outerBoundaryIs>
						<LinearRing>
							<coordinates> 34.53383343771653,35.67931019478079,0 34.53383927555385,35.67933975078342,0 34.53379973585061,35.67943447200918,0 34.53364824721955,35.67963724864039,0 34.53360341965563,35.67965140570602,0 34.53355923794263,35.67962058623151,0 34.53353173593265,35.6795813747474,0 34.53353123278576,35.67954902366697,0 34.53357199110827,35.67948938871421,0 34.53368575170939,35.67941147780235,0 34.53375038702083,35.67933076628956,0 34.53377433263791,35.67931407425025,0 34.53382397558118,35.67930699885262,0 34.53383343771653,35.67931019478079,0</coordinates>
						</LinearRing>
					</outerBoundaryIs>
				</Polygon>
				<Polygon>
					<extrude>0</extrude>
					<altitudeMode>clampToGround</altitudeMode>
					<outerBoundaryIs>
						<LinearRing>
							<coordinates> 34.57776289929762,35.68117463833747,0 34.57771318893473,35.68117813416202,0 34.5776744441622,35.68118092027542,0 34.57763931157136,35.68118068682127,0 34.57761144769677,35.68117739579141,0 34.5775908536807,35.68117104897831,0 34.57757163605324,35.68115932008373,0 34.57756188373956,35.68114451204438,0 34.57756048647793,35.68113744499568,0 34.57756043372457,35.68113717802589,0 34.57756044095812,35.68113692829419,0 34.57756056217672,35.68113253778278,0 34.57756062469754,35.68113027130593,0 34.57756155692713,35.68112752029204,0 34.57756240668888,35.68112501278613,0 34.5775632251665,35.68112259941671,0 34.57756425600587,35.68112109799844,0 34.57756766105832,35.68111614174298,0 34.5775775635014,35.68111086060726,0 34.57759596484083,35.68110721824233,0 34.5776095703345,35.68110633787424,0 34.57762349606558,35.68110668707227,0 34.57763492408649,35.68110685541744,0 34.57764317330231,35.68110697710654,0 34.57765174816176,35.6811066394127,0 34.57766857777579,35.68110597542865,0 34.57768941883566,35.68110557158525,0 34.57769580640349,35.68110544730697,0 34.57770325444281,35.68110454129219,0 34.57771574165188,35.68110302128694,0 34.57773596339856,35.68109960647903,0 34.57775988160869,35.68109240406947,0 34.57776890459799,35.68108974977515,0 34.57778247203232,35.68108575888832,0 34.57779374297521,35.68108266236889,0 34.57780205636956,35.68108037786001,0 34.57781770432936,35.68107479068004,0 34.57783003874856,35.68107022385164,0 34.57784073214206,35.68106803250987,0 34.5778427079914,35.68106762719746,0 34.57784609434962,35.68106766842285,0 34.57785054911381,35.68106772358053,0 34.57785360512732,35.6810677610251,0 34.57785699491544,35.68106836907013,0 34.57785840269635,35.68106862098091,0 34.57785981049502,35.68106887379263,0 34.57786271032065,35.68106939363255,0 34.57786448052983,35.6810700445371,0 34.57787184286558,35.68107275170966,0 34.57787858796559,35.68107810663502,0 34.57788598815215,35.68108666220316,0 34.57789172621543,35.68110269171557,0 34.57789374787079,35.68111549402531,0 34.57789467174449,35.68112740770717,0 34.57789489397134,35.6811302787722,0 34.57789431074368,35.68113330729413,0 34.57789265945217,35.68114189229637,0 34.57788919579914,35.68115228546457,0 34.5778829803281,35.68116098076607,0 34.57787442704198,35.68116589186541,0 34.57787248504901,35.68116700689285,0 34.57786284926318,35.68117006666427,0 34.57786053342427,35.68117031511618,0 34.57785016123712,35.68117142980206,0 34.57783625800177,35.68117256013241,0 34.5778184135428,35.68117323834426,0 34.57781419175782,35.68117323510567,0 34.57779601778986,35.68117322279587,0 34.577778157216,35.6811729143813,0 34.57776289929762,35.68117463833747,0</coordinates>
						</LinearRing>
					</outerBoundaryIs>
				</Polygon>
				<Polygon>
					<extrude>0</extrude>
					<altitudeMode>clampToGround</altitudeMode>
					<outerBoundaryIs>
						<LinearRing>
							<coordinates> 34.57768383833766,35.68140097686047,0 34.57765319572536,35.68140612520195,0 34.57763300103396,35.68140603751634,0 34.57759150259862,35.68140490606092,0 34.5775346647816,35.68140237326784,0 34.5774759726023,35.68140349935496,0 34.57741763335901,35.68140039047959,0 34.57738828269459,35.68140069310661,0 34.57734487842492,35.68140010113602,0 34.577321655519,35.6813985831975,0 34.57731740843439,35.68139830540223,0 34.57731099253741,35.68139738462119,0 34.57730229918854,35.68139613770335,0 34.57729374207707,35.68139490972759,0 34.57728530232145,35.681393078201,0 34.57727773227682,35.68139143534724,0 34.57727566731835,35.68138209606651,0 34.57728318993077,35.68137369819144,0 34.57729391672585,35.68136399842814,0 34.57731281403427,35.68135227290732,0 34.57731526456551,35.68135078623229,0 34.57732585037292,35.68134436153085,0 34.5773336796263,35.68133992588671,0 34.57734802614226,35.68133179726888,0 34.5773670269229,35.68132650686958,0 34.57738733155503,35.68132039729826,0 34.57740946256543,35.68131784792564,0 34.5774114154676,35.68131762316415,0 34.57743378455302,35.68131712363752,0 34.57745812825311,35.68131660453719,0 34.57749074117047,35.68131868070747,0 34.57756519937666,35.68132407916493,0 34.57759152073447,35.68132380718642,0 34.5776361165378,35.68132416085092,0 34.57766310554517,35.68132441813201,0 34.57768268911767,35.68132645594365,0 34.57768420219264,35.68132661365099,0 34.5776872009348,35.68132710786568,0 34.57769018085065,35.68132759962341,0 34.5777010299804,35.68132938872645,0 34.57770698116065,35.68133099869976,0 34.57771821611102,35.68133403813816,0 34.57773640734158,35.68133974952369,0 34.57773936107139,35.68134121133196,0 34.57774967680109,35.68134631578654,0 34.5777538065572,35.68134893736514,0 34.57775965110118,35.68135264856708,0 34.5777676246397,35.68135739259341,0 34.57777084172618,35.68136072908317,0 34.57777197612607,35.6813619065224,0 34.57777279905718,35.68136403882733,0 34.57777338226037,35.6813655524355,0 34.57777403642758,35.68136724806033,0 34.57777400035575,35.68136822094534,0 34.57777380666587,35.68137341809383,0 34.57776994427627,35.68137882104433,0 34.57775982174676,35.68138375270528,0 34.57774867850868,35.68138654924544,0 34.5777269798927,35.68139007804211,0 34.57770797914085,35.68139536939897,0 34.57770025742627,35.68139735595472,0 34.57769060914754,35.68139983909808,0 34.57768383833766,35.68140097686047,0</coordinates>
						</LinearRing>
					</outerBoundaryIs>
				</Polygon>
				<Polygon>
					<extrude>0</extrude>
					<altitudeMode>clampToGround</altitudeMode>
					<outerBoundaryIs>
						<LinearRing>
							<coordinates> 34.57776744153058,35.68170092955083,0 34.57780638480219,35.68170843539357,0 34.57783558383036,35.68171360863714,0 34.57786112825276,35.68172368643417,0 34.57786653965462,35.68173047375131,0 34.57786897060611,35.68173797695169,0 34.57786998801028,35.68174572128233,0 34.57787028697943,35.68174800194586,0 34.57786978659841,35.68175018944805,0 34.57786776873581,35.68175900726229,0 34.57786024771264,35.68177006464082,0 34.5778447086421,35.68178528259697,0 34.57782307136224,35.68180432774567,0 34.57774533411954,35.68183386932267,0 34.5777031143353,35.6818418343253,0 34.57766136616226,35.68185512652833,0 34.57761408779231,35.68185969352882,0 34.57758214964195,35.68186065105656,0 34.57753940859202,35.68186015140301,0 34.57750351522914,35.68185456204321,0 34.57747633904557,35.68185137101963,0 34.57742703940981,35.68184999838611,0 34.57739660127573,35.68184842992461,0 34.57737225635482,35.68184839027645,0 34.57737042156579,35.68184838728436,0 34.5773673892895,35.68184826660492,0 34.57735020159944,35.68184758251584,0 34.57734538179346,35.68184739063293,0 34.57734010024524,35.68184697318815,0 34.5773252911317,35.68184580371259,0 34.57731377440098,35.68184489389973,0 34.5773043809116,35.68184360208457,0 34.57728517417682,35.68184096176859,0 34.57726124873489,35.68183877621281,0 34.57725664357411,35.68183091486822,0 34.57725728162161,35.68182421678024,0 34.5772608093497,35.68181140572869,0 34.57726965837196,35.68180462257587,0 34.57730007710258,35.68179274968575,0 34.57735658060731,35.68177817467588,0 34.5774345561179,35.68175242704966,0 34.57753335361758,35.68172159849353,0 34.57759952202025,35.6817044895535,0 34.57765242182226,35.68169785989575,0 34.5777076383013,35.6816960727243,0 34.57776744153058,35.68170092955083,0</coordinates>
						</LinearRing>
					</outerBoundaryIs>
				</Polygon>
				<Polygon>
					<extrude>0</extrude>
					<altitudeMode>clampToGround</altitudeMode>
					<outerBoundaryIs>
						<LinearRing>
							<coordinates> 34.58581239914003,35.69039683435439,0 34.58587716436323,35.69047062039888,0 34.58582620378885,35.69051323707197,0 34.58566346577219,35.6905230226416,0 34.58559776325724,35.69051399382673,0 34.58536375047346,35.69041606854223,0 34.58540044019684,35.69035093937541,0 34.58556704575773,35.69033463790632,0 34.58581239914003,35.69039683435439,0</coordinates>
						</LinearRing>
					</outerBoundaryIs>
				</Polygon>
				<Polygon>
					<extrude>0</extrude>
					<altitudeMode>clampToGround</altitudeMode>
					<outerBoundaryIs>
						<LinearRing>
							<coordinates> 34.5903403563449,35.69535602465423,0 34.59075914147591,35.69554819781124,0 34.59104555870885,35.69576782480075,0 34.59124398603833,35.69587004204493,0 34.5913568628086,35.69600524087178,0 34.59137826689913,35.69611131349232,0 34.59141052849742,35.69612902648006,0 34.59146308469494,35.69618463381279,0 34.59157008786617,35.69641215095547,0 34.5916702479573,35.69652141042589,0 34.59167447008172,35.69662966765576,0 34.59187689230922,35.6968261022494,0 34.59189767472488,35.69689407432675,0 34.59197265766369,35.69696749822056,0 34.59200901048865,35.69708544558559,0 34.59197440895063,35.69722619767896,0 34.59187977504546,35.69730540523567,0 34.59177176805115,35.69731856764978,0 34.59150775783871,35.69726717646157,0 34.59134159197045,35.69718267182084,0 34.59125667577354,35.69710333714851,0 34.59111524303455,35.6968761785294,0 34.59102597548552,35.69668056554433,0 34.59098070032233,35.69661886510362,0 34.59040533526419,35.69617562607355,0 34.59009225813256,35.69598034279584,0 34.58970366827297,35.695829968654,0 34.58948308000528,35.69572597505474,0 34.58935613429288,35.69563303783233,0 34.58927309337693,35.69551758066418,0 34.58926359897724,35.69538731771283,0 34.58929558228118,35.69523656498315,0 34.58938523269813,35.69515340133455,0 34.5893842884942,35.69509524954507,0 34.5894988553278,35.69503188172739,0 34.58956023476232,35.69502522397284,0 34.58963993548272,35.69508656580398,0 34.58970183693789,35.69511199235852,0 34.58987068441232,35.69521050843684,0 34.59003160084889,35.69527501365923,0 34.59017662345228,35.6952694881753,0 34.5903403563449,35.69535602465423,0</coordinates>
						</LinearRing>
					</outerBoundaryIs>
				</Polygon>
				<Polygon>
					<extrude>0</extrude>
					<altitudeMode>clampToGround</altitudeMode>
					<outerBoundaryIs>
						<LinearRing>
							<coordinates> 34.5969416313622,35.69782735747592,0 34.59711517513804,35.69795504153382,0 34.59718054611027,35.69797937362124,0 34.59732265819174,35.69799105968332,0 34.59737305416215,35.69800434782008,0 34.5974710708665,35.69807129637073,0 34.59757170140171,35.69808994037719,0 34.59771316872081,35.69809067310451,0 34.59781052042324,35.69813844972846,0 34.59787958658275,35.69820315979116,0 34.59799022936762,35.69823194250571,0 34.59811759053962,35.69836812931368,0 34.59818908662114,35.69841506928957,0 34.59825059290448,35.69843327611095,0 34.5982790056294,35.69850728560809,0 34.59826495483377,35.69864606762988,0 34.59821050474222,35.69872649385452,0 34.59811151959367,35.69874527836262,0 34.59788979698948,35.698744280677,0 34.59768778564015,35.69870092893713,0 34.59749193821687,35.69861869699933,0 34.59733202792255,35.69856416860797,0 34.59721290683989,35.69852354956281,0 34.59694764258528,35.6984159587051,0 34.59677648008159,35.69832356940106,0 34.59665127048773,35.69828220506621,0 34.59656689240647,35.69819920547723,0 34.59638095610936,35.69808636665007,0 34.59632600432373,35.69803690623369,0 34.59629037264335,35.69795486668063,0 34.59629501549425,35.69790772492086,0 34.5964124552475,35.69780494844984,0 34.59649548710129,35.69780554845276,0 34.59662663889162,35.69776885322469,0 34.59675822253602,35.69775864142477,0 34.59683798136456,35.6977798799978,0 34.5969416313622,35.69782735747592,0</coordinates>
						</LinearRing>
					</outerBoundaryIs>
				</Polygon>
				<Polygon>
					<extrude>0</extrude>
					<altitudeMode>clampToGround</altitudeMode>
					<outerBoundaryIs>
						<LinearRing>
							<coordinates> 34.60547655056423,35.70746698617332,0 34.60552652359797,35.70750581397209,0 34.60557438688747,35.70754131379916,0 34.60562841562322,35.7075767493616,0 34.60569392855128,35.70762294889311,0 34.60577836055137,35.70767521338864,0 34.60583540419795,35.70770642971761,0 34.60587696423477,35.70773362328768,0 34.60592486937232,35.70777163498111,0 34.6059602775679,35.70779973162509,0 34.60599145384595,35.70783300540671,0 34.60600342257144,35.70784577890643,0 34.60601573265546,35.70786009071771,0 34.6060404704865,35.70788885065067,0 34.6060526719703,35.70790303593581,0 34.60606193610911,35.70791483347075,0 34.60609571448094,35.70795784699954,0 34.60613439925509,35.70799763088542,0 34.60617151472003,35.70805287250449,0 34.60624427494059,35.70822711059634,0 34.60626488940029,35.70829304359018,0 34.60630000743187,35.70841876829665,0 34.60631141373515,35.70848731153661,0 34.60630686882982,35.70852336556786,0 34.60629304711831,35.7085578437588,0 34.60627090740788,35.7085865471946,0 34.60624056690266,35.70862594388835,0 34.60620924804772,35.70865893162364,0 34.60616236219837,35.70868287353628,0 34.60611324181336,35.70869595325316,0 34.60605379132998,35.70870579310068,0 34.60599417349768,35.70870558577826,0 34.60593758502763,35.70870199721608,0 34.60586741589213,35.7086851546578,0 34.60579926111613,35.70866577801447,0 34.60572737604694,35.7086345046928,0 34.60565691731331,35.70860008059512,0 34.60560605312492,35.70856963608265,0 34.60554591327352,35.70853761473374,0 34.60546301264368,35.70849662270248,0 34.60540062392187,35.70845290205614,0 34.60532828378764,35.70839611143644,0 34.60525443906795,35.70834330075369,0 34.60521897697895,35.70831185573222,0 34.60517716877818,35.70826959163487,0 34.6051091559447,35.70821318564505,0 34.60507688612974,35.70818840569187,0 34.60501415330863,35.70812375435229,0 34.60496429011111,35.70809162446552,0 34.60482833389872,35.70801183695866,0 34.6047505048593,35.7079666041855,0 34.60467541812639,35.70792929516588,0 34.6045523721824,35.70788453998502,0 34.60439527810225,35.7078317709008,0 34.60432194376407,35.70780993637684,0 34.60423864488556,35.70778202893261,0 34.60416844884055,35.70776351037751,0 34.60408801828066,35.7077476119471,0 34.60402501620227,35.70772901813356,0 34.60394979323918,35.70771725162626,0 34.60388290146236,35.70771209614102,0 34.60381707745935,35.70770944166034,0 34.60378153899146,35.70770497039864,0 34.60372660948907,35.70770373606285,0 34.60367241246466,35.70770188993247,0 34.60361591136798,35.70769523228872,0 34.6035831494428,35.70768832404637,0 34.60354733996955,35.70767661150894,0 34.6035188012908,35.70765575483424,0 34.60347453329465,35.70762599563487,0 34.6034562858372,35.70760722148413,0 34.60344032888937,35.7075844181448,0 34.60342494496994,35.70755133248505,0 34.60340449647158,35.70752615843117,0 34.60338796765429,35.70751363828806,0 34.60336254476968,35.70750181613142,0 34.60333190887004,35.7074888404896,0 34.6033162697676,35.70748537824769,0 34.60328135232354,35.70748272350969,0 34.60323431867212,35.70748318796213,0 34.60320390269231,35.70748350849711,0 34.60317295215034,35.70749652967402,0 34.60313535441691,35.70751143461095,0 34.60308379031325,35.707534346294,0 34.60305292987913,35.70755280683823,0 34.60301684540482,35.70756950931708,0 34.60298406494772,35.70757651311923,0 34.60295044471227,35.70758186086291,0 34.60290446704123,35.70758109719156,0 34.60286526962958,35.7075733967012,0 34.60282586763411,35.70755321627785,0 34.60278935525183,35.70752239372704,0 34.60276824310812,35.70749640289455,0 34.60273567394808,35.70747240492931,0 34.60271552279589,35.70745826209851,0 34.60266139195711,35.7074024277035,0 34.60260770052334,35.7073518144428,0 34.60257102491355,35.70731100860048,0 34.60248901042437,35.70722356877926,0 34.60244442922713,35.70716786665182,0 34.60238821520731,35.70710354884975,0 34.60231373111865,35.70701162964671,0 34.60227929190494,35.70696705481311,0 34.60224810001757,35.70693368021451,0 34.60220438851866,35.70689508037258,0 34.60213760464782,35.70684023610495,0 34.60209869230291,35.70680319810587,0 34.60203427830692,35.70675269759598,0 34.60200609221519,35.7067283319547,0 34.60198036552521,35.70670114071692,0 34.6019492663844,35.70667338293999,0 34.60192485610341,35.70663307058258,0 34.60190059893173,35.70660211974518,0 34.60186870345342,35.70657249713096,0 34.60182788425282,35.70652756279467,0 34.60178197613045,35.7064843571133,0 34.60175436907659,35.70643596467286,0 34.60172691620611,35.70639693283606,0 34.601692446776,35.70635048641327,0 34.60163857529839,35.70626429985452,0 34.60153512183975,35.70611290469375,0 34.60141049003929,35.70587144504399,0 34.601318119501,35.70567860335789,0 34.60126494180979,35.70560667442636,0 34.60122324053798,35.70552991728248,0 34.60112959291431,35.70539195355269,0 34.60106570923538,35.70530130916789,0 34.60101700002544,35.70521991924414,0 34.60098839295538,35.70516655982829,0 34.60092041712882,35.70504525567996,0 34.60087511046306,35.70496006418252,0 34.60079959316037,35.70479932061569,0 34.60077438972787,35.70474215962141,0 34.60075259187393,35.70468119707603,0 34.60073384296155,35.70459478436111,0 34.60072618569766,35.70455061880238,0 34.60072661512213,35.70443969580807,0 34.60074321667793,35.70432466896388,0 34.60075530590952,35.70421627916993,0 34.60077282631692,35.70415157446097,0 34.60080483220295,35.70405992013391,0 34.60083602260409,35.70398898644614,0 34.60087097178406,35.70393589896832,0 34.60091989298294,35.70388925489817,0 34.60095215637708,35.70385833864199,0 34.60098138592098,35.70383428399722,0 34.60102108733017,35.70380778382523,0 34.60107180125669,35.70378272414838,0 34.60112124835259,35.703767800089,0 34.60115472308544,35.70375641039469,0 34.60119234794777,35.70374900649347,0 34.60123095396786,35.70374315042005,0 34.60126960562142,35.70374001808403,0 34.60131830761907,35.7037379478998,0 34.60135081794457,35.70373916268664,0 34.60138304037243,35.70374034614878,0 34.60140458269574,35.70374284420607,0 34.60144215858525,35.70375006120337,0 34.6014773429247,35.70376222070826,0 34.60154146516995,35.70378795030258,0 34.60163481878819,35.7038242981764,0 34.6017656271354,35.70389576142778,0 34.6018398809174,35.70392593684797,0 34.60210863406985,35.70405650137149,0 34.60222253418573,35.70411903654081,0 34.60228787920387,35.70415112640659,0 34.60233773018719,35.70419248511369,0 34.60241897299092,35.70423988564714,0 34.60256477289014,35.70431344645692,0 34.60267082176582,35.70437424367761,0 34.60277614277637,35.70445872166275,0 34.60286782963446,35.704529685483,0 34.60296604009683,35.704619470603,0 34.60302060093893,35.70467534694147,0 34.60306608753108,35.70472312511095,0 34.60312969303567,35.70478527949128,0 34.60315820972372,35.70482048923372,0 34.60318590902379,35.70487391698985,0 34.60324030981109,35.70497132848455,0 34.60328554730038,35.70507191894281,0 34.60331798593862,35.70514168642754,0 34.6034034978477,35.70529711951719,0 34.60344854178243,35.70538587510087,0 34.60352654817896,35.7055030093837,0 34.6035787846256,35.70555344698504,0 34.60365389338956,35.70563551229061,0 34.60368126392535,35.70566891222389,0 34.60372930184702,35.70573578338275,0 34.60376793589378,35.70577452785147,0 34.6038129695923,35.70582788302736,0 34.60390798706232,35.70592929132088,0 34.60398744366962,35.70603111693919,0 34.60401743631888,35.70605640340102,0 34.60414651695838,35.70618565719356,0 34.60428586046618,35.70633089393713,0 34.6043323873394,35.70638412626045,0 34.60438897285104,35.70643208666013,0 34.60445862579945,35.70650636653391,0 34.60452338466788,35.70656932214643,0 34.60460784643819,35.70664295476035,0 34.60467775695528,35.70670669323064,0 34.60474351659607,35.70676796363024,0 34.60480334358224,35.70681058689653,0 34.60484483433172,35.70683359384426,0 34.60490386331499,35.70686060344555,0 34.60496280930317,35.70688258988548,0 34.60500011998604,35.70690145470148,0 34.6050199755308,35.70692134178987,0 34.60506400263464,35.70697363024754,0 34.60511211344392,35.70702420058332,0 34.60517252807124,35.70707296656999,0 34.60524292233363,35.70715230086977,0 34.6052987502901,35.70723460878005,0 34.60532532252287,35.70728791945459,0 34.60535907404471,35.70734031604398,0 34.60538983815798,35.70738165409561,0 34.60543588009489,35.70743140926498,0 34.60547655056423,35.70746698617332,0</coordinates>
						</LinearRing>
					</outerBoundaryIs>
				</Polygon>
			</MultiGeometry>
		</Placemark>
	</Document>
</kml>